# Blender 5.2.2 LTS
# www.blender.org
mtllib .obj.mtl
o RenderMesh_78751538313887
v 1.263725 -0.068708 -0.017155
v 1.263725 -0.068708 0.015011
v 1.263725 -0.062045 -0.001072
v 1.398280 -0.075138 -0.001072
v 1.263725 -0.084791 0.021673
v 1.399862 -0.081609 0.015011
v 1.399862 -0.081609 -0.017155
v 1.460806 -0.037639 -0.001072
v 1.263725 -0.084791 -0.023817
v 1.403679 -0.097234 -0.023817
v 1.263725 -0.100874 -0.017155
v 1.466663 -0.040812 -0.017155
v 1.407497 -0.112857 -0.017155
v 1.480802 -0.048475 -0.023817
v 1.486447 -0.001836 -0.017155
v 1.494943 -0.056139 -0.017155
v 1.263725 -0.100874 0.015011
v 1.263725 -0.107537 -0.001072
v 1.409077 -0.119329 -0.001072
v 1.407497 -0.112857 0.015011
v 1.403679 -0.097234 0.021673
v 1.466663 -0.040812 0.015011
v 1.480802 -0.048475 0.021673
v 1.494943 -0.056139 0.015011
v 1.486447 -0.001836 0.015011
v 1.500800 -0.059312 -0.001072
v 1.502525 -0.002203 0.021673
v 1.525264 -0.002721 -0.001072
v 1.518604 -0.002570 0.015011
v 1.499766 0.033905 0.021673
v 1.515849 0.033905 0.015011
v 1.522510 0.033905 -0.001072
v 1.518604 -0.002570 -0.017155
v 1.483683 0.033905 0.015011
v 1.515849 0.033905 -0.017155
v 1.502525 -0.002203 -0.023817
v 1.499766 0.033905 -0.023817
v 1.483683 0.033905 -0.017155
v 1.477020 0.033905 -0.001072
v 1.479787 -0.001683 -0.001072
v -0.275007 0.018779 -0.253258
v -0.168327 -0.055398 -0.240775
v -0.278464 0.013085 -0.238203
v -0.413187 0.153631 -0.240798
v -0.165565 -0.051234 -0.256634
v -0.577785 0.230471 -0.258910
v -0.570585 0.236810 -0.244663
v -0.410574 0.159758 -0.256867
v -0.266658 0.032526 -0.261012
v -0.018514 -0.139950 -0.318966
v -0.015542 -0.133989 -0.304018
v 0.148147 -0.169256 -0.327155
v -0.015542 -0.133989 -0.335778
v -0.154366 -0.041182 -0.266211
v 0.148147 -0.162593 -0.343941
v 0.275229 -0.161437 -0.314695
v -0.008370 -0.119594 -0.343323
v 0.148147 -0.146510 -0.351872
v -0.141070 -0.031130 -0.262501
v -0.258309 0.046272 -0.254993
v -0.404263 0.174551 -0.263445
v -0.397952 0.189345 -0.256825
v -0.583472 0.237301 -0.275174
v -0.584316 0.253300 -0.283409
v -0.634667 0.237654 -0.182536
v -0.641327 0.253737 -0.182383
v -0.618587 0.230992 -0.182903
v -0.602509 0.237654 -0.183446
v -0.621348 0.230992 -0.146796
v -0.605263 0.237654 -0.146796
v -0.637431 0.237654 -0.146796
v -0.598603 0.253737 -0.146796
v -0.566090 0.252607 -0.240171
v -0.595849 0.253737 -0.183762
v -0.602509 0.269819 -0.183310
v -0.566934 0.268607 -0.247629
v -0.397952 0.189345 -0.224657
v -0.605263 0.269819 -0.146796
v -0.395337 0.195472 -0.240740
v -0.254850 0.051966 -0.239749
v -0.618587 0.276482 -0.182903
v -0.572621 0.275437 -0.262029
v -0.133466 -0.026967 -0.247678
v 0.001774 -0.099234 -0.322245
v -0.621348 0.276482 -0.146796
v -0.634667 0.269819 -0.182536
v -0.579821 0.269097 -0.277033
v -0.637431 0.269819 -0.146796
v -0.644093 0.253737 -0.146796
v -0.001197 -0.105197 -0.337306
v 0.148147 -0.130427 -0.347161
v 0.148147 -0.123766 -0.332283
v 0.148147 -0.130427 -0.315844
v 0.275229 -0.129271 -0.314695
v 0.272191 -0.122608 -0.299734
v 0.269154 -0.129271 -0.284773
v 0.351084 -0.104550 -0.226788
v 0.345228 -0.121430 -0.224636
v 0.365225 -0.097041 -0.232471
v 0.370869 -0.103677 -0.182860
v 0.364208 -0.119760 -0.183084
v 0.370869 -0.135843 -0.182860
v 0.276487 -0.145354 -0.320891
v 0.379365 -0.135843 -0.238452
v 0.365225 -0.142531 -0.232471
v 0.385222 -0.119760 -0.240795
v 0.379365 -0.103677 -0.238452
v 0.409687 -0.119760 -0.183421
v 0.386947 -0.142506 -0.182905
v 0.403026 -0.135843 -0.183270
v 0.400272 -0.135843 -0.146796
v 0.406933 -0.119760 -0.146796
v 0.384187 -0.142506 -0.146796
v 0.368104 -0.135843 -0.146796
v 0.361443 -0.119760 -0.146796
v 0.368104 -0.103677 -0.146796
v 0.384187 -0.097016 -0.146796
v 0.386947 -0.097016 -0.182905
v 0.400272 -0.103677 -0.146796
v 0.403026 -0.103677 -0.183270
v 0.267895 -0.145354 -0.278574
v 0.351084 -0.136716 -0.226788
v 0.269154 -0.161437 -0.284771
v 0.272191 -0.168098 -0.299734
v 0.148147 -0.162593 -0.311335
v 0.148147 -0.146510 -0.307046
v -0.008370 -0.119592 -0.298215
v -0.001197 -0.105197 -0.306011
v -0.136062 -0.031130 -0.230764
v -0.147310 -0.041182 -0.221482
v -0.258309 0.046272 -0.223929
v -0.160789 -0.051234 -0.226362
v -0.266658 0.032527 -0.216314
v -0.275007 0.018779 -0.223114
v -0.404263 0.174551 -0.218014
v -0.410574 0.159758 -0.224679
vn -0.6045 0.5773 -0.5489
vn -0.6045 0.5773 0.5489
vn -0.5926 0.8055 0.0005
vn -0.2230 0.9748 0.0005
vn -0.6299 0.0172 0.7765
vn -0.1527 0.6489 0.7454
vn -0.1527 0.6489 -0.7454
vn -0.7187 0.6953 0.0005
vn -0.6299 0.0172 -0.7765
vn 0.0210 -0.0765 -0.9968
vn -0.6522 -0.5330 -0.5390
vn -0.4980 0.4631 -0.7332
vn 0.1840 -0.7208 -0.6682
vn 0.0443 -0.0562 -0.9974
vn -0.6552 0.1313 -0.7440
vn 0.5656 -0.4835 -0.6680
vn -0.6522 -0.5330 0.5390
vn -0.6592 -0.7519 0.0005
vn 0.2453 -0.9694 0.0004
vn 0.1840 -0.7208 0.6683
vn 0.0210 -0.0765 0.9968
vn -0.4980 0.4630 0.7332
vn 0.0444 -0.0561 0.9974
vn 0.5656 -0.4836 0.6680
vn -0.6552 0.1313 0.7440
vn 0.7722 -0.6354 0.0005
vn 0.0603 -0.0188 0.9980
vn 0.9872 -0.1594 0.0005
vn 0.7218 -0.1243 0.6808
vn -0.0142 0.6300 0.7765
vn 0.5303 0.6499 0.5444
vn 0.7528 0.6583 0.0003
vn 0.7218 -0.1243 -0.6808
vn -0.5683 0.6095 0.5528
vn 0.5303 0.6500 -0.5444
vn 0.0603 -0.0188 -0.9980
vn -0.0142 0.6300 -0.7765
vn -0.5683 0.6094 -0.5528
vn -0.7993 0.6009 -0.0000
vn -0.9776 0.2105 0.0005
vn -0.4805 -0.5839 -0.6543
vn -0.4884 -0.8680 0.0893
vn -0.6261 -0.7793 0.0258
vn -0.5936 -0.8033 0.0473
vn -0.5101 -0.6018 -0.6146
vn -0.3019 -0.9515 -0.0590
vn 0.1411 -0.7667 0.6263
vn -0.3772 -0.6026 -0.7033
vn -0.0687 -0.0638 -0.9956
vn -0.3537 -0.9352 -0.0200
vn -0.0981 -0.7453 0.6595
vn -0.0747 -0.9969 -0.0229
vn -0.3908 -0.6239 -0.6768
vn -0.2504 0.0435 -0.9672
vn 0.0044 -0.7187 -0.6953
vn 0.3577 -0.6884 -0.6310
vn -0.2297 0.0153 -0.9731
vn 0.0806 -0.0668 -0.9945
vn 0.1821 0.6889 -0.7016
vn 0.4193 0.5267 -0.7394
vn 0.0747 -0.0072 -0.9972
vn 0.4448 0.5689 -0.6918
vn -0.4875 -0.6085 -0.6261
vn -0.4348 0.0455 -0.8994
vn -0.7177 -0.6610 -0.2191
vn -0.9608 0.0162 -0.2767
vn -0.0571 -0.9978 -0.0347
vn 0.6661 -0.7186 0.1996
vn -0.0142 -0.7765 0.6300
vn 0.5307 -0.5442 0.6498
vn -0.5683 -0.5529 0.6094
vn 0.7529 -0.0004 0.6582
vn 0.4994 0.0807 0.8626
vn 0.9550 -0.0140 0.2962
vn 0.6780 0.7064 0.2035
vn 0.4592 0.7646 0.4522
vn 0.3902 0.6227 0.6783
vn 0.5306 0.5444 0.6497
vn 0.5674 0.8232 -0.0200
vn 0.6359 0.7716 -0.0190
vn -0.0444 0.9983 -0.0386
vn 0.1402 0.9790 -0.1480
vn 0.5129 0.8584 0.0024
vn 0.2867 0.9557 -0.0669
vn -0.0142 0.7765 0.6299
vn -0.7003 0.6790 -0.2201
vn -0.2142 0.6976 -0.6838
vn -0.5680 0.5533 0.6093
vn -0.7993 -0.0000 0.6009
vn 0.0288 0.6729 -0.7392
vn 0.1206 0.6447 -0.7549
vn 0.0883 0.9947 -0.0522
vn -0.0024 0.7414 0.6710
vn 0.2816 0.6291 -0.7246
vn -0.0600 0.9924 -0.1079
vn -0.3833 0.6988 0.6040
vn -0.6037 0.7044 0.3734
vn -0.7596 0.0146 0.6502
vn -0.0454 0.9917 -0.1206
vn -0.6724 0.7311 0.1157
vn -0.9824 -0.0004 0.1869
vn -0.6603 -0.7412 0.1206
vn 0.4163 -0.0433 -0.9082
vn 0.6320 -0.6348 -0.4446
vn 0.1342 -0.9909 0.0073
vn 0.7910 0.0211 -0.6114
vn 0.5422 0.6751 -0.5002
vn 0.9878 -0.0003 -0.1559
vn 0.0620 -0.9979 -0.0190
vn 0.7244 -0.6784 -0.1224
vn 0.5307 -0.5442 0.6497
vn -0.5675 -0.5537 0.6094
vn -0.7988 -0.0004 0.6016
vn -0.5678 0.5533 0.6095
vn -0.0141 0.7765 0.6300
vn 0.0532 0.9984 -0.0181
vn 0.5303 0.5444 0.6499
vn 0.7243 0.6785 -0.1224
vn -0.4143 0.0015 0.9101
vn -0.4680 -0.7148 0.5197
vn -0.2025 -0.7011 0.6837
vn 0.1226 -0.9923 0.0190
vn -0.1205 -0.7019 0.7020
vn -0.0902 0.0494 0.9947
vn 0.2338 -0.1029 0.9668
vn 0.4016 0.6348 0.6601
vn 0.5333 0.5216 0.6660
vn 0.2300 -0.0785 0.9700
vn 0.4672 0.5580 0.6858
vn -0.2005 -0.6453 0.7371
vn 0.0112 0.0035 0.9999
vn -0.4407 -0.5539 0.7063
vn -0.0112 0.0787 0.9968
vn -0.4290 -0.5061 0.7482
vt 0.000000 0.000000
s 1
f 1/1/1 2/1/2 3/1/3
f 2/1/2 4/1/4 3/1/3
f 4/1/4 1/1/1 3/1/3
f 1/1/1 5/1/5 2/1/2
f 4/1/4 2/1/2 6/1/6
f 5/1/5 6/1/6 2/1/2
f 1/1/1 4/1/4 7/1/7
f 6/1/6 8/1/8 4/1/4
f 8/1/8 7/1/7 4/1/4
f 1/1/1 7/1/7 9/1/9
f 9/1/9 5/1/5 1/1/1
f 10/1/10 9/1/9 7/1/7
f 5/1/5 9/1/9 11/1/11
f 9/1/9 10/1/10 11/1/11
f 7/1/7 12/1/12 10/1/10
f 7/1/7 8/1/8 12/1/12
f 13/1/13 11/1/11 10/1/10
f 10/1/10 12/1/12 14/1/14
f 10/1/10 14/1/14 13/1/13
f 12/1/12 15/1/15 14/1/14
f 8/1/8 15/1/15 12/1/12
f 13/1/13 14/1/14 16/1/16
f 11/1/11 17/1/17 5/1/5
f 11/1/11 13/1/13 18/1/18
f 17/1/17 11/1/11 18/1/18
f 19/1/19 18/1/18 13/1/13
f 13/1/13 16/1/16 19/1/19
f 18/1/18 20/1/20 17/1/17
f 20/1/20 18/1/18 19/1/19
f 17/1/17 21/1/21 5/1/5
f 21/1/21 17/1/17 20/1/20
f 6/1/6 5/1/5 21/1/21
f 21/1/21 22/1/22 6/1/6
f 8/1/8 6/1/6 22/1/22
f 20/1/20 23/1/23 21/1/21
f 22/1/22 21/1/21 23/1/23
f 19/1/19 24/1/24 20/1/20
f 23/1/23 20/1/20 24/1/24
f 23/1/23 25/1/25 22/1/22
f 22/1/22 25/1/25 8/1/8
f 24/1/24 19/1/19 26/1/26
f 26/1/26 19/1/19 16/1/16
f 24/1/24 27/1/27 23/1/23
f 25/1/25 23/1/23 27/1/27
f 28/1/28 24/1/24 26/1/26
f 16/1/16 28/1/28 26/1/26
f 27/1/27 24/1/24 29/1/29
f 24/1/24 28/1/28 29/1/29
f 30/1/30 25/1/25 27/1/27
f 31/1/31 27/1/27 29/1/29
f 27/1/27 31/1/31 30/1/30
f 32/1/32 29/1/29 28/1/28
f 29/1/29 32/1/32 31/1/31
f 28/1/28 16/1/16 33/1/33
f 33/1/33 32/1/32 28/1/28
f 25/1/25 30/1/30 34/1/34
f 31/1/31 34/1/34 30/1/30
f 35/1/35 31/1/31 32/1/32
f 33/1/33 35/1/35 32/1/32
f 35/1/35 34/1/34 31/1/31
f 33/1/33 16/1/16 36/1/36
f 36/1/36 35/1/35 33/1/33
f 14/1/14 36/1/36 16/1/16
f 35/1/35 36/1/36 37/1/37
f 36/1/36 14/1/14 15/1/15
f 15/1/15 37/1/37 36/1/36
f 38/1/38 35/1/35 37/1/37
f 37/1/37 15/1/15 38/1/38
f 35/1/35 38/1/38 34/1/34
f 34/1/34 38/1/38 39/1/39
f 38/1/38 15/1/15 40/1/40
f 38/1/38 40/1/40 39/1/39
f 40/1/40 34/1/34 39/1/39
f 34/1/34 40/1/40 25/1/25
f 15/1/15 8/1/8 40/1/40
f 40/1/40 8/1/8 25/1/25
f 41/1/41 42/1/42 43/1/43
f 44/1/44 41/1/41 43/1/43
f 42/1/42 41/1/41 45/1/45
f 46/1/46 44/1/44 47/1/47
f 41/1/41 44/1/44 48/1/48
f 44/1/44 46/1/46 48/1/48
f 41/1/41 48/1/48 49/1/49
f 49/1/49 45/1/45 41/1/41
f 45/1/45 50/1/50 42/1/42
f 51/1/51 42/1/42 50/1/50
f 52/1/52 51/1/51 50/1/50
f 50/1/50 45/1/45 53/1/53
f 53/1/53 52/1/52 50/1/50
f 45/1/45 49/1/49 54/1/54
f 54/1/54 53/1/53 45/1/45
f 52/1/52 53/1/53 55/1/55
f 55/1/55 56/1/56 52/1/52
f 53/1/53 54/1/54 57/1/57
f 57/1/57 55/1/55 53/1/53
f 58/1/58 56/1/56 55/1/55
f 55/1/55 57/1/57 58/1/58
f 59/1/59 57/1/57 54/1/54
f 60/1/60 54/1/54 49/1/49
f 54/1/54 60/1/60 59/1/59
f 49/1/49 61/1/61 60/1/60
f 61/1/61 49/1/49 48/1/48
f 62/1/62 60/1/60 61/1/61
f 48/1/48 63/1/63 61/1/61
f 48/1/48 46/1/46 63/1/63
f 61/1/61 63/1/63 64/1/64
f 61/1/61 64/1/64 62/1/62
f 46/1/46 65/1/65 63/1/63
f 63/1/63 66/1/66 64/1/64
f 66/1/66 63/1/63 65/1/65
f 65/1/65 46/1/46 67/1/67
f 47/1/47 67/1/67 46/1/46
f 67/1/67 47/1/47 68/1/68
f 69/1/69 65/1/65 67/1/67
f 67/1/67 70/1/70 69/1/69
f 70/1/70 67/1/67 68/1/68
f 65/1/65 69/1/69 71/1/71
f 71/1/71 66/1/66 65/1/65
f 72/1/72 69/1/69 70/1/70
f 72/1/72 71/1/71 69/1/69
f 68/1/68 72/1/72 70/1/70
f 73/1/73 68/1/68 47/1/47
f 68/1/68 73/1/73 74/1/74
f 72/1/72 68/1/68 74/1/74
f 73/1/73 75/1/75 74/1/74
f 72/1/72 74/1/74 75/1/75
f 76/1/76 75/1/75 73/1/73
f 73/1/73 77/1/77 76/1/76
f 75/1/75 78/1/78 72/1/72
f 79/1/79 76/1/76 77/1/77
f 77/1/77 80/1/80 79/1/79
f 76/1/76 81/1/81 75/1/75
f 78/1/78 75/1/75 81/1/81
f 76/1/76 79/1/79 82/1/82
f 81/1/81 76/1/76 82/1/82
f 79/1/79 80/1/80 62/1/62
f 62/1/62 82/1/82 79/1/79
f 60/1/60 62/1/62 80/1/80
f 80/1/80 59/1/59 60/1/60
f 59/1/59 80/1/80 83/1/83
f 83/1/83 84/1/84 59/1/59
f 81/1/81 85/1/85 78/1/78
f 85/1/85 72/1/72 78/1/78
f 82/1/82 86/1/86 81/1/81
f 85/1/85 81/1/81 86/1/86
f 82/1/82 62/1/62 87/1/87
f 86/1/86 82/1/82 87/1/87
f 62/1/62 64/1/64 87/1/87
f 64/1/64 66/1/66 87/1/87
f 87/1/87 66/1/66 86/1/86
f 88/1/88 72/1/72 85/1/85
f 86/1/86 88/1/88 85/1/85
f 88/1/88 86/1/86 66/1/66
f 72/1/72 88/1/88 71/1/71
f 66/1/66 89/1/89 88/1/88
f 71/1/71 88/1/88 89/1/89
f 66/1/66 71/1/71 89/1/89
f 90/1/90 59/1/59 84/1/84
f 57/1/57 59/1/59 90/1/90
f 90/1/90 58/1/58 57/1/57
f 84/1/84 91/1/91 90/1/90
f 58/1/58 90/1/90 91/1/91
f 91/1/91 84/1/84 92/1/92
f 92/1/92 84/1/84 93/1/93
f 91/1/91 94/1/94 58/1/58
f 92/1/92 94/1/94 91/1/91
f 93/1/93 95/1/95 92/1/92
f 94/1/94 92/1/92 95/1/95
f 95/1/95 93/1/93 96/1/96
f 97/1/97 95/1/95 96/1/96
f 97/1/97 96/1/96 98/1/98
f 99/1/99 95/1/95 97/1/97
f 99/1/99 94/1/94 95/1/95
f 98/1/98 100/1/100 97/1/97
f 100/1/100 99/1/99 97/1/97
f 100/1/100 98/1/98 101/1/101
f 98/1/98 102/1/102 101/1/101
f 103/1/103 58/1/58 94/1/94
f 56/1/56 58/1/58 103/1/103
f 103/1/103 104/1/104 56/1/56
f 105/1/105 56/1/56 104/1/104
f 94/1/94 106/1/106 103/1/103
f 104/1/104 103/1/103 106/1/106
f 106/1/106 94/1/94 107/1/107
f 107/1/107 94/1/94 99/1/99
f 106/1/106 108/1/108 104/1/104
f 107/1/107 108/1/108 106/1/106
f 104/1/104 109/1/109 105/1/105
f 102/1/102 105/1/105 109/1/109
f 104/1/104 108/1/108 110/1/110
f 109/1/109 104/1/104 110/1/110
f 111/1/111 109/1/109 110/1/110
f 112/1/72 110/1/110 108/1/108
f 110/1/110 112/1/72 111/1/111
f 109/1/109 111/1/111 113/1/69
f 113/1/69 102/1/102 109/1/109
f 112/1/72 113/1/69 111/1/111
f 102/1/102 113/1/69 114/1/112
f 112/1/72 114/1/112 113/1/69
f 102/1/102 114/1/112 115/1/113
f 115/1/113 101/1/101 102/1/102
f 115/1/113 100/1/100 101/1/101
f 114/1/112 116/1/114 115/1/113
f 100/1/100 115/1/113 116/1/114
f 112/1/72 116/1/114 114/1/112
f 100/1/100 116/1/114 117/1/115
f 116/1/114 112/1/72 117/1/115
f 117/1/115 118/1/116 100/1/100
f 99/1/99 100/1/100 118/1/116
f 118/1/116 107/1/107 99/1/99
f 118/1/116 117/1/115 119/1/117
f 117/1/115 112/1/72 119/1/117
f 107/1/107 118/1/116 120/1/118
f 119/1/117 120/1/118 118/1/116
f 120/1/118 119/1/117 112/1/72
f 108/1/108 107/1/107 120/1/118
f 112/1/72 108/1/108 120/1/118
f 98/1/98 121/1/119 122/1/120
f 123/1/121 122/1/120 121/1/119
f 124/1/122 122/1/120 123/1/121
f 121/1/119 125/1/123 123/1/121
f 123/1/121 125/1/123 124/1/122
f 122/1/120 124/1/122 105/1/105
f 122/1/120 102/1/102 98/1/98
f 105/1/105 102/1/102 122/1/120
f 56/1/56 105/1/105 124/1/122
f 52/1/52 124/1/122 125/1/123
f 124/1/122 52/1/52 56/1/56
f 125/1/123 121/1/119 126/1/124
f 126/1/124 121/1/119 93/1/93
f 127/1/125 125/1/123 126/1/124
f 96/1/96 93/1/93 121/1/119
f 121/1/119 98/1/98 96/1/96
f 128/1/126 126/1/124 93/1/93
f 127/1/125 126/1/124 128/1/126
f 51/1/51 125/1/123 127/1/125
f 51/1/51 52/1/52 125/1/123
f 129/1/127 127/1/125 128/1/126
f 128/1/126 93/1/93 84/1/84
f 130/1/128 127/1/125 129/1/127
f 130/1/128 51/1/51 127/1/125
f 129/1/127 128/1/126 83/1/83
f 84/1/84 83/1/83 128/1/126
f 129/1/127 131/1/129 130/1/128
f 83/1/83 80/1/80 129/1/127
f 131/1/129 129/1/127 80/1/80
f 132/1/130 51/1/51 130/1/128
f 133/1/131 130/1/128 131/1/129
f 130/1/128 133/1/131 132/1/130
f 42/1/42 51/1/51 132/1/130
f 134/1/132 132/1/130 133/1/131
f 134/1/132 42/1/42 132/1/130
f 131/1/129 135/1/133 133/1/131
f 133/1/131 136/1/134 134/1/132
f 136/1/134 133/1/131 135/1/133
f 135/1/133 131/1/129 77/1/77
f 80/1/80 77/1/77 131/1/129
f 135/1/133 47/1/47 136/1/134
f 44/1/44 134/1/132 136/1/134
f 136/1/134 47/1/47 44/1/44
f 42/1/42 134/1/132 43/1/43
f 134/1/132 44/1/44 43/1/43
f 77/1/77 73/1/73 135/1/133
f 47/1/47 135/1/133 73/1/73
o RenderMesh_94228981566466
v 1.085756 -0.158785 0.097067
v 1.085756 -0.158785 -0.097941
v 1.092321 -0.131155 -0.097941
v 1.092321 -0.131155 0.097067
v 1.064231 -0.086518 0.097067
v 1.064231 -0.086518 -0.097941
v 1.048817 -0.062202 -0.097941
v 1.048817 -0.062202 0.097067
v 1.035407 -0.104789 0.097067
v 1.035407 -0.104789 -0.097941
v 1.064231 -0.086518 -0.097941
v 1.064231 -0.086518 0.097067
v 1.032795 -0.110323 0.097067
v 1.032795 -0.110323 -0.097941
v 1.035481 -0.116170 0.097067
v 1.035481 -0.116170 -0.097941
v 1.092321 -0.131155 0.097067
v 1.092321 -0.131155 -0.097941
v 0.880223 -0.154743 0.097067
v 0.821068 -0.228464 -0.097941
v 0.880223 -0.154743 -0.097941
v 0.821068 -0.228464 0.097067
v 0.715328 -0.121083 -0.099747
v 0.715328 -0.121083 0.098873
v 0.692687 -0.192903 -0.099747
v 0.692687 -0.192903 0.098873
v 0.682413 -0.237943 -0.099747
v 0.666484 -0.273252 0.098873
v 0.666484 -0.273252 -0.099747
v 0.682413 -0.237943 0.098873
v -1.168383 -0.295570 -0.113931
v -1.198059 -0.221536 0.113110
v -1.198059 -0.221536 -0.113931
v -1.168383 -0.295570 0.113110
v 0.451942 -0.251709 0.100971
v 0.444120 -0.265255 -0.101793
v 0.451942 -0.251709 -0.101793
v 0.444120 -0.265255 0.100971
v -0.856269 -0.525244 -0.113931
v -0.856269 -0.525244 0.113110
v -0.874980 -0.493734 -0.113931
v -0.874980 -0.493734 0.113110
v -0.850353 -0.467281 -0.113931
v -0.850353 -0.467281 0.113110
v -0.923877 -0.429363 -0.113931
v -0.923877 -0.429363 0.113110
v -0.848157 -0.470658 0.113110
v -0.848157 -0.470658 -0.113931
v -0.848207 -0.475347 0.113110
v -0.848207 -0.475347 -0.113931
v -0.850806 -0.479132 0.113110
v -0.850806 -0.479132 -0.113931
v -0.874980 -0.493734 -0.113931
v -0.874980 -0.493734 0.113110
v -1.198059 -0.221536 -0.113931
v -1.180620 -0.178939 0.113110
v -1.180620 -0.178939 -0.113931
v -1.198059 -0.221536 0.113110
v -1.052283 0.248421 -0.099670
v -1.052283 0.248702 -0.000411
v -1.031189 0.275333 -0.094924
v -1.031189 0.276031 -0.000411
v -1.031189 0.275333 0.094924
v -1.052283 0.248421 0.099670
v -1.064743 0.232861 -0.102413
v -1.085448 0.206078 -0.000411
v -1.064743 0.232904 -0.000411
v -1.085448 0.206444 -0.107071
v -1.064743 0.232861 0.102413
v -1.085448 0.206444 0.107072
v -1.080666 -0.394005 -0.113931
v -1.210051 -0.341034 0.113110
v -1.210051 -0.341034 -0.113931
v -1.080666 -0.394005 0.113110
v -0.722468 -0.595532 -0.113931
v -0.587692 -0.616037 -0.113931
v -0.722468 -0.595532 0.113110
v -0.587692 -0.616037 0.113110
v -0.624247 -0.553210 -0.113931
v -0.656112 -0.539743 0.113110
v -0.656112 -0.539743 -0.113931
v -0.624247 -0.553210 0.113110
v -0.491435 -0.616304 -0.101793
v -0.371435 -0.616304 -0.101793
v -0.491435 -0.616304 0.100971
v -0.371435 -0.616304 0.100971
v -0.666480 -0.514858 -0.113931
v -0.687542 -0.510746 0.113110
v -0.687542 -0.510746 -0.113931
v -0.666480 -0.514858 0.113110
v -0.659062 -0.519526 -0.113931
v -0.659062 -0.519526 0.113110
v -0.655291 -0.527826 -0.113931
v -0.655291 -0.527826 0.113110
v -0.654968 -0.536586 -0.113931
v -0.654968 -0.536586 0.113110
v -0.656112 -0.539743 -0.113931
v -0.656112 -0.539743 0.113110
v 0.802242 -0.091322 -0.097941
v 0.802242 -0.091322 0.097067
v 0.880223 -0.154743 -0.097941
v 0.880223 -0.154743 0.097067
v 0.582798 -0.194804 -0.099747
v 0.682413 -0.237943 0.098873
v 0.682413 -0.237943 -0.099747
v 0.582798 -0.194804 0.098873
v 0.576833 -0.189819 -0.099747
v 0.576833 -0.189819 0.098873
v 0.574682 -0.183517 -0.099747
v 0.574682 -0.183517 0.098873
v 0.587154 -0.142978 -0.099747
v 0.587154 -0.142978 0.098873
v -0.769782 0.289210 -0.095317
v -0.787660 0.201800 -0.000411
v -0.769782 0.289861 -0.000411
v -0.787660 0.202153 -0.108574
v -0.769782 0.288788 0.093852
v -0.787660 0.202379 0.110832
v -0.131672 0.487029 -0.017124
v -0.131672 0.487029 -0.008781
v -0.129520 0.487029 -0.017124
v -0.129520 0.487029 -0.008781
v -0.131672 0.487029 0.007907
v -0.131672 0.487029 0.016250
v -0.129520 0.487029 0.007907
v -0.129520 0.487029 0.016250
v 0.151948 0.106358 -0.048731
v 0.151948 0.106358 0.047857
v 0.151948 0.086046 -0.000437
v 0.151948 0.155395 0.067861
v 0.151948 0.155395 -0.068735
v 0.151948 0.204432 -0.048731
v 0.151948 0.204432 0.047857
v 0.151948 0.224744 -0.000437
v -0.491435 -0.616304 0.100971
v -0.501434 -0.598299 -0.101793
v -0.491435 -0.616304 -0.101793
v -0.501434 -0.598299 0.100971
v -1.031189 0.275333 -0.094924
v -1.019917 0.267063 -0.000411
v -1.019917 0.266503 -0.096482
v -1.031189 0.276031 -0.000411
v -1.031189 0.275333 0.094924
v -1.019917 0.266503 0.096482
v -1.010699 0.265835 -0.000411
v -1.010699 0.265292 -0.096695
v -1.010699 0.265292 0.096695
v -1.002869 0.267772 -0.096258
v -1.002869 0.267772 0.096258
v -1.002869 0.268353 -0.000411
v -0.969459 0.294018 -0.091630
v -0.969459 0.294018 0.091630
v -0.969459 0.295002 -0.000411
v -0.131672 0.493063 0.006671
v -0.129520 0.496007 -0.000437
v -0.131672 0.496007 -0.000437
v -0.129520 0.493063 0.006671
v -0.131672 0.496007 -0.000437
v -0.129520 0.493063 -0.007545
v -0.131672 0.493063 -0.007545
v -0.129520 0.496007 -0.000437
v -0.131672 0.488529 0.000629
v -0.129520 0.488971 -0.000437
v -0.131672 0.488971 -0.000437
v -0.129520 0.488088 0.001695
v -0.131672 0.488088 0.001695
v -0.131672 0.488529 -0.001503
v -0.129520 0.488088 -0.002569
v -0.131672 0.488088 -0.002569
v -0.129520 0.488971 -0.000437
v -0.131672 0.488971 -0.000437
v -0.131672 0.477914 -0.000437
v -0.131672 0.480269 0.005249
v -0.129520 0.477914 -0.000437
v -0.129520 0.480269 0.005249
v -0.131672 0.480269 -0.006123
v -0.131672 0.477914 -0.000437
v -0.129520 0.480269 -0.006123
v -0.129520 0.477914 -0.000437
v -0.131672 0.503688 -0.000437
v -0.129520 0.502623 0.000657
v -0.129520 0.503688 -0.000437
v -0.131672 0.502623 0.000657
v -0.131672 0.502623 -0.001530
v -0.129520 0.503688 -0.000437
v -0.129520 0.502623 -0.001530
v -0.131672 0.503688 -0.000437
v -0.129520 0.487029 0.016250
v -0.131672 0.487029 0.016250
v -0.129520 0.485935 0.017316
v -0.131672 0.485935 0.017316
v -0.129520 0.487029 -0.017124
v -0.131672 0.485935 -0.018190
v -0.131672 0.487029 -0.017124
v -0.129520 0.485935 -0.018190
v 0.251942 -0.251709 0.100971
v 0.251942 -0.251709 -0.101793
v 0.181337 -0.141393 -0.101793
v 0.181337 -0.141393 0.100971
v -1.085448 0.206444 -0.107071
v -1.025762 0.160009 -0.000411
v -1.085448 0.206078 -0.000411
v -1.025762 0.161075 -0.115071
v -1.085448 0.206444 0.107072
v -1.025762 0.161075 0.115071
v -0.717248 -0.561146 0.113110
v -0.717248 -0.561146 -0.113931
v -0.722468 -0.595532 -0.113931
v -0.722468 -0.595532 0.113110
v 0.444120 -0.265255 -0.101793
v 0.244120 -0.265255 0.100971
v 0.244120 -0.265255 -0.101793
v 0.444120 -0.265255 0.100971
v -0.687542 -0.510746 -0.113931
v -0.681503 -0.476510 0.113110
v -0.681503 -0.476510 -0.113931
v -0.687542 -0.510746 0.113110
v -0.371435 -0.616304 -0.101793
v -0.111435 -0.156303 -0.101793
v -0.111435 -0.156303 0.100971
v -0.371435 -0.616304 0.100971
v -1.012882 0.218291 -0.000411
v -1.052283 0.248421 0.099670
v -1.052283 0.248702 -0.000411
v -1.012882 0.218471 0.104951
v -1.052283 0.248421 -0.099670
v -1.012882 0.218471 -0.104951
v -0.129520 0.485954 0.009615
v -0.129520 0.493063 0.006671
v -0.131672 0.485954 0.009615
v -0.131672 0.493063 0.006671
v -0.129520 0.493063 -0.007545
v -0.129520 0.485954 -0.010489
v -0.131672 0.493063 -0.007545
v -0.131672 0.485954 -0.010489
v -0.129520 0.493063 -0.007545
v -0.129520 0.485954 -0.008479
v -0.129520 0.485954 -0.010489
v -0.129520 0.478846 -0.007545
v -0.129520 0.491641 -0.006123
v -0.129520 0.496007 -0.000437
v -0.129520 0.493997 -0.000437
v -0.129520 0.480269 -0.006123
v -0.129520 0.475902 -0.000437
v -0.129520 0.477914 -0.000437
v -0.129520 0.480269 0.005249
v -0.129520 0.478846 0.006671
v -0.129520 0.485954 0.007605
v -0.129520 0.485954 0.009615
v -0.129520 0.493063 0.006671
v -0.129520 0.491641 0.005249
v -0.129520 0.496007 -0.000437
v -0.129520 0.493997 -0.000437
v -0.129520 0.483822 0.001695
v -0.129520 0.488088 0.001695
v -0.129520 0.485954 0.002579
v -0.129520 0.483822 -0.002569
v -0.129520 0.482940 -0.000437
v -0.129520 0.488088 -0.002569
v -0.129520 0.488971 -0.000437
v -0.129520 0.485954 -0.003453
v -0.129520 0.487029 -0.017124
v -0.129520 0.484841 -0.017124
v -0.129520 0.485935 -0.018190
v -0.129520 0.485935 -0.009313
v -0.129520 0.484841 -0.008781
v -0.129520 0.487029 -0.008781
v -0.129520 0.469247 -0.001530
v -0.129520 0.469247 0.000657
v -0.129520 0.468182 -0.000437
v -0.129520 0.477059 -0.000437
v -0.129520 0.477590 0.000657
v -0.129520 0.477590 -0.001530
v -0.129520 0.487029 0.016250
v -0.129520 0.485935 0.008439
v -0.129520 0.487029 0.007907
v -0.129520 0.484841 0.016250
v -0.129520 0.485935 0.017316
v -0.129520 0.484841 0.007907
v -0.129520 0.502623 0.000657
v -0.129520 0.494810 -0.000437
v -0.129520 0.502623 -0.001530
v -0.129520 0.494278 -0.001530
v -0.129520 0.503688 -0.000437
v -0.129520 0.494278 0.000657
v -0.769782 0.289210 -0.095317
v -0.608172 0.257154 -0.000411
v -0.608172 0.256876 -0.100241
v -0.769782 0.289861 -0.000411
v -0.769782 0.288788 0.093852
v -0.608172 0.256696 0.100158
v -0.131672 0.485954 0.002579
v -0.129520 0.485954 0.002579
v -0.129520 0.488088 0.001695
v -0.131672 0.488088 0.001695
v -0.129520 0.488088 -0.002569
v -0.131672 0.487021 -0.003011
v -0.131672 0.488088 -0.002569
v -0.129520 0.485954 -0.003453
v -0.131672 0.485954 -0.003453
v 0.568854 -0.074849 -0.099747
v 0.568854 -0.074849 0.098873
v 0.715328 -0.121083 -0.099747
v 0.715328 -0.121083 0.098873
v -0.763033 -0.469341 -0.113931
v -0.763033 -0.469341 0.113110
v -0.856269 -0.525244 -0.113931
v -0.856269 -0.525244 0.113110
v -0.129520 0.485954 0.007605
v -0.129520 0.480269 0.005249
v -0.131672 0.485954 0.007605
v -0.131672 0.480269 0.005249
v -0.129520 0.480269 -0.006123
v -0.129520 0.485954 -0.008479
v -0.131672 0.480269 -0.006123
v -0.131672 0.485954 -0.008479
v -0.111435 -0.156303 -0.101793
v 0.174725 -0.155571 -0.101793
v -0.111435 -0.156303 0.100971
v 0.174725 -0.155571 0.100971
v -0.769782 0.288788 0.093852
v -0.787660 0.202379 0.110832
v -0.748022 0.229084 0.105584
v -0.679391 0.181332 0.114968
v -0.672944 0.214534 0.108443
v -0.744184 0.238391 0.103755
v -0.734669 0.245634 0.102332
v -0.725730 0.246139 0.102233
v -0.608172 0.256696 0.100158
v -0.614701 0.223866 0.106610
v -0.907971 0.204861 -0.107351
v -0.959108 0.243730 -0.100497
v -0.886801 0.231189 -0.102708
v -0.969459 0.294018 -0.091630
v -0.966735 0.246628 -0.099986
v -0.976111 0.245589 -0.100169
v -1.002869 0.267772 -0.096258
v -1.010699 0.265292 -0.096695
v -1.012882 0.218471 -0.104951
v -1.019917 0.266503 -0.096482
v -1.052283 0.248421 -0.099670
v -1.031189 0.275333 -0.094924
v -0.969459 0.294018 0.091630
v -0.959108 0.243730 0.100497
v -0.886801 0.231189 0.102708
v -0.907971 0.204861 0.107351
v -0.966735 0.246628 0.099986
v -0.976111 0.245589 0.100169
v -1.002869 0.267772 0.096258
v -1.010699 0.265292 0.096695
v -1.012882 0.218471 0.104951
v -1.019917 0.266503 0.096482
v -1.052283 0.248421 0.099670
v -1.031189 0.275333 0.094924
v -1.085448 0.206444 -0.107071
v -1.042133 0.216992 -0.105211
v -1.025762 0.161075 -0.115071
v -1.064743 0.232861 -0.102413
v -1.017758 0.206106 -0.107131
v -0.991696 0.200787 -0.108069
v -0.962784 0.169060 -0.113663
v -0.967906 0.202464 -0.107773
v -1.025762 0.161075 0.115071
v -0.991696 0.200787 0.108069
v -1.017758 0.206106 0.107131
v -1.042133 0.216992 0.105211
v -0.962784 0.169060 0.113663
v -0.967906 0.202464 0.107773
v -1.085448 0.206444 0.107072
v -1.064743 0.232861 0.102413
v -0.608172 0.256876 -0.100241
v -0.725730 0.246240 -0.101860
v -0.769782 0.289210 -0.095317
v -0.614701 0.223799 -0.105278
v -0.734669 0.245730 -0.101938
v -0.744184 0.238434 -0.103049
v -0.748022 0.229057 -0.104477
v -0.787660 0.202153 -0.108574
v -0.679391 0.180946 -0.111803
v -0.672944 0.214398 -0.106709
v 0.551785 -0.131886 -0.099747
v 0.551785 -0.131886 0.098873
v 0.587154 -0.142978 -0.099747
v 0.587154 -0.142978 0.098873
v -0.628804 -0.572581 0.113110
v -0.587692 -0.616037 0.113110
v -0.617510 -0.568838 0.113110
v -0.606888 -0.562283 0.113110
v -0.642306 -0.572728 0.113110
v -0.722468 -0.595532 0.113110
v -0.717248 -0.561146 0.113110
v -0.559833 -0.550125 0.113110
v -0.598664 -0.552586 0.113110
v -0.591050 -0.536776 0.113110
v -0.606888 -0.562283 -0.113931
v -0.587692 -0.616037 -0.113931
v -0.617510 -0.568838 -0.113931
v -0.628804 -0.572581 -0.113931
v -0.642306 -0.572728 -0.113931
v -0.722468 -0.595532 -0.113931
v -0.717248 -0.561146 -0.113931
v -0.559833 -0.550125 -0.113931
v -0.598664 -0.552586 -0.113931
v -0.591050 -0.536776 -0.113931
v -0.624247 -0.553210 0.113110
v -0.654968 -0.536586 0.113110
v -0.656112 -0.539743 0.113110
v -0.655291 -0.527826 0.113110
v -0.599008 -0.492755 0.113110
v -0.659062 -0.519526 0.113110
v -0.681503 -0.476510 0.113110
v -0.666480 -0.514858 0.113110
v -0.687542 -0.510746 0.113110
v -0.599008 -0.492755 -0.113931
v -0.655291 -0.527826 -0.113931
v -0.659062 -0.519526 -0.113931
v -0.624247 -0.553210 -0.113931
v -0.654968 -0.536586 -0.113931
v -0.656112 -0.539743 -0.113931
v -0.681503 -0.476510 -0.113931
v -0.666480 -0.514858 -0.113931
v -0.687542 -0.510746 -0.113931
v -0.923877 -0.429363 0.113110
v -0.838972 -0.422656 0.113110
v -0.831044 -0.373601 0.113110
v -0.835196 -0.419459 0.113110
v -0.811865 -0.405270 0.113110
v -0.839486 -0.427422 0.113110
v -0.850353 -0.467281 0.113110
v -0.837417 -0.431991 0.113110
v -0.848157 -0.470658 0.113110
v -0.763033 -0.469341 0.113110
v -0.848207 -0.475347 0.113110
v -0.856269 -0.525244 0.113110
v -0.850806 -0.479132 0.113110
v -0.874980 -0.493734 0.113110
v -0.923877 -0.429363 -0.113931
v -0.839486 -0.427422 -0.113931
v -0.850353 -0.467281 -0.113931
v -0.837417 -0.431991 -0.113931
v -0.838972 -0.422656 -0.113931
v -0.848157 -0.470658 -0.113931
v -0.831044 -0.373601 -0.113931
v -0.835196 -0.419459 -0.113931
v -0.811865 -0.405270 -0.113931
v -0.763033 -0.469341 -0.113931
v -0.848207 -0.475347 -0.113931
v -0.856269 -0.525244 -0.113931
v -0.850806 -0.479132 -0.113931
v -0.874980 -0.493734 -0.113931
v -1.198059 -0.221536 0.113110
v -1.135454 -0.242673 0.113110
v -1.180620 -0.178939 0.113110
v -1.129093 -0.242352 0.113110
v -1.086894 -0.217310 0.113110
v -1.101732 -0.253554 0.113110
v -1.140558 -0.247067 0.113110
v -1.142075 -0.253567 0.113110
v -1.168383 -0.295570 0.113110
v -1.131586 -0.279882 0.113110
v -1.180620 -0.178939 -0.113931
v -1.129093 -0.242352 -0.113931
v -1.135454 -0.242673 -0.113931
v -1.086894 -0.217310 -0.113931
v -1.101732 -0.253554 -0.113931
v -1.198059 -0.221536 -0.113931
v -1.140558 -0.247067 -0.113931
v -1.142075 -0.253567 -0.113931
v -1.168383 -0.295570 -0.113931
v -1.131586 -0.279882 -0.113931
v -1.086874 -0.332697 0.113110
v -1.210051 -0.341034 0.113110
v -1.091039 -0.337950 0.113110
v -1.091054 -0.343803 0.113110
v -1.064611 -0.280088 0.113110
v -1.049083 -0.316862 0.113110
v -1.088077 -0.349051 0.113110
v -1.080666 -0.394005 0.113110
v -1.065967 -0.358101 0.113110
v -1.080666 -0.394005 -0.113931
v -1.088077 -0.349051 -0.113931
v -1.065967 -0.358101 -0.113931
v -1.210051 -0.341034 -0.113931
v -1.091054 -0.343803 -0.113931
v -1.091039 -0.337950 -0.113931
v -1.086874 -0.332697 -0.113931
v -1.064611 -0.280088 -0.113931
v -1.049083 -0.316862 -0.113931
v -0.381436 -0.598299 -0.101793
v -0.111435 -0.156303 -0.101793
v -0.371435 -0.616304 -0.101793
v -0.491435 -0.616304 -0.101793
v -0.501434 -0.598299 -0.101793
v -0.121435 -0.140660 -0.101793
v 0.181337 -0.141393 -0.101793
v 0.174725 -0.155571 -0.101793
v 0.251942 -0.251709 -0.101793
v 0.244120 -0.265255 -0.101793
v 0.444120 -0.265255 -0.101793
v 0.451942 -0.251709 -0.101793
v -0.381436 -0.598299 0.100971
v -0.111435 -0.156303 0.100971
v -0.121435 -0.140660 0.100971
v 0.181337 -0.141393 0.100971
v -0.371435 -0.616304 0.100971
v -0.491435 -0.616304 0.100971
v -0.501434 -0.598299 0.100971
v 0.174725 -0.155571 0.100971
v 0.251942 -0.251709 0.100971
v 0.244120 -0.265255 0.100971
v 0.444120 -0.265255 0.100971
v 0.451942 -0.251709 0.100971
v 0.527237 -0.210155 0.098873
v 0.666484 -0.273252 0.098873
v 0.582798 -0.194804 0.098873
v 0.682413 -0.237943 0.098873
v 0.576833 -0.189819 0.098873
v 0.574682 -0.183517 0.098873
v 0.551785 -0.131886 0.098873
v 0.587154 -0.142978 0.098873
v 0.587154 -0.142978 -0.099747
v 0.574682 -0.183517 -0.099747
v 0.551785 -0.131886 -0.099747
v 0.527237 -0.210155 -0.099747
v 0.576833 -0.189819 -0.099747
v 0.582798 -0.194804 -0.099747
v 0.666484 -0.273252 -0.099747
v 0.682413 -0.237943 -0.099747
v 0.568854 -0.074849 0.098873
v 0.636999 -0.135626 0.098873
v 0.715328 -0.121083 0.098873
v 0.557602 -0.110725 0.098873
v 0.647443 -0.142648 0.098873
v 0.655236 -0.153641 0.098873
v 0.658989 -0.165942 0.098873
v 0.692687 -0.192903 0.098873
v 0.657294 -0.181802 0.098873
v 0.692687 -0.192903 -0.099747
v 0.658989 -0.165942 -0.099747
v 0.715328 -0.121083 -0.099747
v 0.657294 -0.181802 -0.099747
v 0.655236 -0.153641 -0.099747
v 0.647443 -0.142648 -0.099747
v 0.636999 -0.135626 -0.099747
v 0.568854 -0.074849 -0.099747
v 0.557602 -0.110725 -0.099747
v 0.793935 -0.132021 0.097067
v 0.802242 -0.091322 0.097067
v 0.768110 -0.112529 0.097067
v 0.781594 -0.136378 0.097067
v 0.807910 -0.133521 0.097067
v 0.821238 -0.143028 0.097067
v 0.880223 -0.154743 0.097067
v 0.829107 -0.156626 0.097067
v 0.828628 -0.171966 0.097067
v 0.823286 -0.181484 0.097067
v 0.821068 -0.228464 0.097067
v 0.787482 -0.179291 0.097067
v 0.810414 -0.163549 0.097067
v 0.793935 -0.132021 -0.097941
v 0.802242 -0.091322 -0.097941
v 0.807910 -0.133521 -0.097941
v 0.821238 -0.143028 -0.097941
v 0.768110 -0.112529 -0.097941
v 0.781594 -0.136378 -0.097941
v 0.880223 -0.154743 -0.097941
v 0.829107 -0.156626 -0.097941
v 0.828628 -0.171966 -0.097941
v 0.823286 -0.181484 -0.097941
v 0.821068 -0.228464 -0.097941
v 0.787482 -0.179291 -0.097941
v 0.810414 -0.163549 -0.097941
v 1.035407 -0.104789 -0.097941
v 1.048817 -0.062202 -0.097941
v 1.064231 -0.086518 -0.097941
v 0.952228 -0.123134 -0.097941
v 1.032795 -0.110323 -0.097941
v 1.035481 -0.116170 -0.097941
v 1.085756 -0.158785 -0.097941
v 1.092321 -0.131155 -0.097941
v 1.035407 -0.104789 0.097067
v 1.048817 -0.062202 0.097067
v 0.952228 -0.123134 0.097067
v 1.064231 -0.086518 0.097067
v 1.032795 -0.110323 0.097067
v 1.035481 -0.116170 0.097067
v 1.085756 -0.158785 0.097067
v 1.092321 -0.131155 0.097067
v -1.210051 -0.341034 -0.113931
v -1.064611 -0.280088 0.113110
v -1.064611 -0.280088 -0.113931
v -1.210051 -0.341034 0.113110
v -0.129520 0.469247 0.000657
v -0.129520 0.477590 0.000657
v -0.131672 0.469247 0.000657
v -0.131672 0.477590 0.000657
v -0.129520 0.494278 0.000657
v -0.129520 0.502623 0.000657
v -0.131672 0.494278 0.000657
v -0.131672 0.502623 0.000657
v -0.129520 0.477590 -0.001530
v -0.129520 0.469247 -0.001530
v -0.131672 0.477590 -0.001530
v -0.131672 0.469247 -0.001530
v -0.129520 0.502623 -0.001530
v -0.129520 0.494278 -0.001530
v -0.131672 0.502623 -0.001530
v -0.131672 0.494278 -0.001530
v -0.559833 -0.550125 -0.113931
v -0.559833 -0.550125 0.113110
v -0.587692 -0.616037 -0.113931
v -0.587692 -0.616037 0.113110
v -0.967906 0.202464 -0.107773
v -0.991696 0.200332 -0.000411
v -0.967906 0.202037 -0.000411
v -0.967906 0.202464 0.107773
v -0.991696 0.200787 -0.108069
v -0.991696 0.200787 0.108069
v -1.017758 0.206106 -0.107131
v -1.017758 0.206106 0.107131
v -1.017758 0.205734 -0.000411
v -1.042133 0.216992 -0.105211
v -1.042133 0.216992 0.105211
v -1.042133 0.216790 -0.000411
v -1.064743 0.232861 -0.102413
v -1.064743 0.232861 0.102413
v -1.064743 0.232904 -0.000411
v -1.131586 -0.279882 -0.113931
v -1.168383 -0.295570 0.113110
v -1.168383 -0.295570 -0.113931
v -1.131586 -0.279882 0.113110
v -0.923877 -0.429363 -0.113931
v -0.923877 -0.429363 0.113110
v -0.831044 -0.373601 -0.113931
v -0.831044 -0.373601 0.113110
v -0.624247 -0.553210 0.113110
v -0.624247 -0.553210 -0.113931
v -0.599008 -0.492755 -0.113931
v -0.599008 -0.492755 0.113110
v -0.787660 0.202153 -0.108574
v -0.679391 0.180350 -0.000411
v -0.787660 0.201800 -0.000411
v -0.679391 0.180946 -0.111803
v -0.787660 0.202379 0.110832
v -0.679391 0.181332 0.114968
v 0.692687 -0.192903 -0.099747
v 0.692687 -0.192903 0.098873
v 0.657294 -0.181802 -0.099747
v 0.657294 -0.181802 0.098873
v -0.907971 0.204861 -0.107351
v -0.907971 0.204470 -0.000411
v -0.959108 0.243730 -0.100497
v -0.959108 0.243939 -0.000411
v -0.966735 0.246628 -0.099986
v -0.959108 0.243730 0.100497
v -0.907971 0.204861 0.107351
v -0.966735 0.246628 0.099986
v -0.966735 0.246882 -0.000411
v -0.976111 0.245827 -0.000411
v -0.976111 0.245589 -0.100169
v -0.976111 0.245589 0.100169
v -1.012882 0.218291 -0.000411
v -1.012882 0.218471 -0.104951
v -1.012882 0.218471 0.104951
v 0.666484 -0.273252 -0.099747
v 0.527237 -0.210155 0.098873
v 0.527237 -0.210155 -0.099747
v 0.666484 -0.273252 0.098873
v 0.181337 -0.141393 -0.101793
v -0.121435 -0.140660 -0.101793
v 0.181337 -0.141393 0.100971
v -0.121435 -0.140660 0.100971
v -0.969459 0.294018 -0.091630
v -0.886801 0.231205 -0.000411
v -0.886801 0.231189 -0.102708
v -0.969459 0.295002 -0.000411
v -0.969459 0.294018 0.091630
v -0.886801 0.231189 0.102708
v -0.129520 0.478846 0.006671
v -0.129520 0.485954 0.009615
v -0.131672 0.478846 0.006671
v -0.131672 0.485954 0.009615
v -0.129520 0.485954 -0.010489
v -0.129520 0.478846 -0.007545
v -0.131672 0.485954 -0.010489
v -0.131672 0.478846 -0.007545
v -0.129520 0.483822 0.001695
v -0.131672 0.484888 0.002137
v -0.131672 0.483822 0.001695
v -0.129520 0.485954 0.002579
v -0.131672 0.485954 0.002579
v -0.129520 0.485954 -0.003453
v -0.131672 0.484888 -0.003011
v -0.131672 0.485954 -0.003453
v -0.129520 0.483822 -0.002569
v -0.131672 0.483822 -0.002569
v -0.131672 0.469247 -0.001530
v -0.131672 0.477059 -0.000437
v -0.131672 0.477590 -0.001530
v -0.131672 0.469247 0.000657
v -0.131672 0.468182 -0.000437
v -0.131672 0.477590 0.000657
v -0.131672 0.487029 -0.017124
v -0.131672 0.485935 -0.009313
v -0.131672 0.487029 -0.008781
v -0.131672 0.484841 -0.017124
v -0.131672 0.485935 -0.018190
v -0.131672 0.484841 -0.008781
v -0.131672 0.487029 0.016250
v -0.131672 0.484841 0.016250
v -0.131672 0.485935 0.017316
v -0.131672 0.485935 0.008439
v -0.131672 0.484841 0.007907
v -0.131672 0.487029 0.007907
v -0.131672 0.502623 -0.001530
v -0.131672 0.502623 0.000657
v -0.131672 0.503688 -0.000437
v -0.131672 0.494810 -0.000437
v -0.131672 0.494278 0.000657
v -0.131672 0.494278 -0.001530
v -0.131672 0.485954 -0.008479
v -0.131672 0.493063 -0.007545
v -0.131672 0.485954 -0.010489
v -0.131672 0.478846 -0.007545
v -0.131672 0.491641 -0.006123
v -0.131672 0.480269 -0.006123
v -0.131672 0.496007 -0.000437
v -0.131672 0.475902 -0.000437
v -0.131672 0.493997 -0.000437
v -0.131672 0.477914 -0.000437
v -0.131672 0.491641 0.005249
v -0.131672 0.480269 0.005249
v -0.131672 0.493063 0.006671
v -0.131672 0.478846 0.006671
v -0.131672 0.485954 0.007605
v -0.131672 0.485954 0.009615
v -0.131672 0.482940 -0.000437
v -0.131672 0.484888 -0.003011
v -0.131672 0.483822 -0.002569
v -0.131672 0.483380 0.000629
v -0.131672 0.485954 0.002579
v -0.131672 0.488088 0.001695
v -0.131672 0.484888 0.002137
v -0.131672 0.488529 0.000629
v -0.131672 0.484888 -0.003011
v -0.131672 0.488529 0.000629
v -0.131672 0.488529 -0.001503
v -0.131672 0.488971 -0.000437
v -0.131672 0.484888 0.002137
v -0.131672 0.483380 0.000629
v -0.131672 0.483822 0.001695
v -0.131672 0.487021 -0.003011
v -0.131672 0.488088 -0.002569
v -0.131672 0.485954 -0.003453
v -0.129520 0.485954 -0.008479
v -0.129520 0.491641 -0.006123
v -0.131672 0.485954 -0.008479
v -0.131672 0.491641 -0.006123
v -0.129520 0.491641 0.005249
v -0.129520 0.485954 0.007605
v -0.131672 0.491641 0.005249
v -0.131672 0.485954 0.007605
v 1.085756 -0.158785 -0.097941
v 0.952228 -0.123134 0.097067
v 0.952228 -0.123134 -0.097941
v 1.085756 -0.158785 0.097067
v -0.962784 0.169060 -0.113663
v -1.025762 0.160009 -0.000411
v -1.025762 0.161075 -0.115071
v -0.962784 0.168119 -0.000411
v -0.962784 0.169060 0.113663
v -1.025762 0.161075 0.115071
v -0.121435 -0.140660 -0.101793
v -0.381436 -0.598299 -0.101793
v -0.381436 -0.598299 0.100971
v -0.121435 -0.140660 0.100971
v 0.451942 -0.251709 -0.101793
v 0.251942 -0.251709 -0.101793
v 0.451942 -0.251709 0.100971
v 0.251942 -0.251709 0.100971
v -0.748022 0.229057 -0.104477
v -0.672944 0.214187 -0.000411
v -0.672944 0.214398 -0.106709
v -0.748022 0.229014 -0.000411
v -0.744184 0.238434 -0.103049
v -0.748022 0.229084 0.105584
v -0.672944 0.214534 0.108443
v -0.744184 0.238391 0.103755
v -0.744184 0.238501 -0.000411
v -0.734669 0.245730 -0.101938
v -0.734669 0.245634 0.102332
v -0.734669 0.245881 -0.000411
v -0.725730 0.246240 -0.101860
v -0.725730 0.246139 0.102233
v -0.725730 0.246395 -0.000411
v -0.614701 0.223697 -0.000411
v -0.614701 0.223799 -0.105278
v -0.614701 0.223866 0.106610
v -0.129520 0.485935 -0.018190
v -0.131672 0.484841 -0.017124
v -0.131672 0.485935 -0.018190
v -0.129520 0.484841 -0.017124
v -0.129520 0.485935 0.017316
v -0.131672 0.485935 0.017316
v -0.129520 0.484841 0.016250
v -0.131672 0.484841 0.016250
v 0.244120 -0.265255 -0.101793
v 0.174725 -0.155571 0.100971
v 0.174725 -0.155571 -0.101793
v 0.244120 -0.265255 0.100971
v -0.129520 0.469247 -0.001530
v -0.131672 0.468182 -0.000437
v -0.131672 0.469247 -0.001530
v -0.129520 0.468182 -0.000437
v -0.129520 0.468182 -0.000437
v -0.131672 0.469247 0.000657
v -0.131672 0.468182 -0.000437
v -0.129520 0.469247 0.000657
v -0.608172 0.256876 -0.100241
v -0.614701 0.223697 -0.000411
v -0.614701 0.223799 -0.105278
v -0.608172 0.257154 -0.000411
v -0.608172 0.256696 0.100158
v -0.614701 0.223866 0.106610
v -1.142075 -0.253567 -0.113931
v -1.131586 -0.279882 0.113110
v -1.131586 -0.279882 -0.113931
v -1.142075 -0.253567 0.113110
v -1.140558 -0.247067 -0.113931
v -1.140558 -0.247067 0.113110
v -1.135454 -0.242673 -0.113931
v -1.135454 -0.242673 0.113110
v -1.129093 -0.242352 -0.113931
v -1.129093 -0.242352 0.113110
v -1.101732 -0.253554 -0.113931
v -1.101732 -0.253554 0.113110
v -0.672944 0.214398 -0.106709
v -0.679391 0.180350 -0.000411
v -0.679391 0.180946 -0.111803
v -0.672944 0.214187 -0.000411
v -0.672944 0.214534 0.108443
v -0.679391 0.181332 0.114968
v 0.636999 -0.135626 -0.099747
v 0.557602 -0.110725 0.098873
v 0.557602 -0.110725 -0.099747
v 0.636999 -0.135626 0.098873
v 0.647443 -0.142648 0.098873
v 0.647443 -0.142648 -0.099747
v 0.655236 -0.153641 0.098873
v 0.655236 -0.153641 -0.099747
v 0.658989 -0.165942 0.098873
v 0.658989 -0.165942 -0.099747
v 0.657294 -0.181802 0.098873
v 0.657294 -0.181802 -0.099747
v -0.129520 0.475902 -0.000437
v -0.129520 0.478846 0.006671
v -0.131672 0.475902 -0.000437
v -0.131672 0.478846 0.006671
v -0.129520 0.478846 -0.007545
v -0.129520 0.475902 -0.000437
v -0.131672 0.478846 -0.007545
v -0.131672 0.475902 -0.000437
v -0.131672 0.483822 -0.002569
v -0.129520 0.483822 -0.002569
v -0.129520 0.482940 -0.000437
v -0.131672 0.482940 -0.000437
v -0.129520 0.482940 -0.000437
v -0.131672 0.483380 0.000629
v -0.131672 0.482940 -0.000437
v -0.129520 0.483822 0.001695
v -0.131672 0.483822 0.001695
v -0.129520 0.491641 -0.006123
v -0.129520 0.493997 -0.000437
v -0.131672 0.491641 -0.006123
v -0.131672 0.493997 -0.000437
v -0.129520 0.493997 -0.000437
v -0.131672 0.491641 0.005249
v -0.131672 0.493997 -0.000437
v -0.129520 0.491641 0.005249
v -0.129520 0.484841 -0.017124
v -0.129520 0.484841 -0.008781
v -0.131672 0.484841 -0.017124
v -0.131672 0.484841 -0.008781
v -0.129520 0.484841 0.007907
v -0.129520 0.484841 0.016250
v -0.131672 0.484841 0.007907
v -0.131672 0.484841 0.016250
v -0.642306 -0.572728 0.113110
v -0.642306 -0.572728 -0.113931
v -0.717248 -0.561146 -0.113931
v -0.717248 -0.561146 0.113110
v -0.628804 -0.572581 0.113110
v -0.628804 -0.572581 -0.113931
v -0.617510 -0.568838 -0.113931
v -0.617510 -0.568838 0.113110
v -0.606888 -0.562283 0.113110
v -0.606888 -0.562283 -0.113931
v -0.598664 -0.552586 -0.113931
v -0.598664 -0.552586 0.113110
v -0.591050 -0.536776 -0.113931
v -0.591050 -0.536776 0.113110
v -1.180620 -0.178939 -0.113931
v -1.086894 -0.217310 0.113110
v -1.086894 -0.217310 -0.113931
v -1.180620 -0.178939 0.113110
v -0.681503 -0.476510 -0.113931
v -0.681503 -0.476510 0.113110
v -0.599008 -0.492755 -0.113931
v -0.599008 -0.492755 0.113110
v -1.065967 -0.358101 -0.113931
v -1.080666 -0.394005 0.113110
v -1.080666 -0.394005 -0.113931
v -1.065967 -0.358101 0.113110
v -1.088077 -0.349051 -0.113931
v -1.065967 -0.358101 0.113110
v -1.065967 -0.358101 -0.113931
v -1.088077 -0.349051 0.113110
v -1.091054 -0.343803 -0.113931
v -1.091054 -0.343803 0.113110
v -1.091039 -0.337950 -0.113931
v -1.091039 -0.337950 0.113110
v -1.086874 -0.332697 -0.113931
v -1.086874 -0.332697 0.113110
v -1.049083 -0.316862 -0.113931
v -1.049083 -0.316862 0.113110
v -0.886801 0.231189 -0.102708
v -0.907971 0.204470 -0.000411
v -0.907971 0.204861 -0.107351
v -0.886801 0.231205 -0.000411
v -0.886801 0.231189 0.102708
v -0.907971 0.204861 0.107351
v -0.501434 -0.598299 -0.101793
v -0.381436 -0.598299 0.100971
v -0.381436 -0.598299 -0.101793
v -0.501434 -0.598299 0.100971
v -0.559833 -0.550125 0.113110
v -0.559833 -0.550125 -0.113931
v -0.591050 -0.536776 -0.113931
v -0.591050 -0.536776 0.113110
v -0.967906 0.202464 -0.107773
v -0.962784 0.168119 -0.000411
v -0.962784 0.169060 -0.113663
v -0.967906 0.202037 -0.000411
v -0.967906 0.202464 0.107773
v -0.962784 0.169060 0.113663
v -1.101732 -0.253554 0.113110
v -1.101732 -0.253554 -0.113931
v -1.086894 -0.217310 -0.113931
v -1.086894 -0.217310 0.113110
v -0.831044 -0.373601 -0.113931
v -0.831044 -0.373601 0.113110
v -0.811865 -0.405270 -0.113931
v -0.811865 -0.405270 0.113110
v -0.837417 -0.431991 -0.113931
v -0.837417 -0.431991 0.113110
v -0.763033 -0.469341 -0.113931
v -0.763033 -0.469341 0.113110
v -0.839486 -0.427422 0.113110
v -0.839486 -0.427422 -0.113931
v -0.838972 -0.422656 0.113110
v -0.838972 -0.422656 -0.113931
v -0.835196 -0.419459 0.113110
v -0.835196 -0.419459 -0.113931
v -0.811865 -0.405270 0.113110
v -0.811865 -0.405270 -0.113931
v 0.768110 -0.112529 -0.097941
v 0.768110 -0.112529 0.097067
v 0.802242 -0.091322 -0.097941
v 0.802242 -0.091322 0.097067
v 1.048817 -0.062202 0.097067
v 1.048817 -0.062202 -0.097941
v 0.952228 -0.123134 -0.097941
v 0.952228 -0.123134 0.097067
v -1.049083 -0.316862 0.113110
v -1.049083 -0.316862 -0.113931
v -1.064611 -0.280088 -0.113931
v -1.064611 -0.280088 0.113110
v 0.821068 -0.228464 0.097067
v 0.787482 -0.179291 -0.097941
v 0.821068 -0.228464 -0.097941
v 0.787482 -0.179291 0.097067
v 0.557602 -0.110725 -0.099747
v 0.557602 -0.110725 0.098873
v 0.568854 -0.074849 -0.099747
v 0.568854 -0.074849 0.098873
v 0.527237 -0.210155 -0.099747
v 0.527237 -0.210155 0.098873
v 0.551785 -0.131886 -0.099747
v 0.551785 -0.131886 0.098873
v 0.781594 -0.136378 -0.097941
v 0.781594 -0.136378 0.097067
v 0.768110 -0.112529 -0.097941
v 0.768110 -0.112529 0.097067
v 0.793935 -0.132021 0.097067
v 0.781594 -0.136378 -0.097941
v 0.793935 -0.132021 -0.097941
v 0.781594 -0.136378 0.097067
v 0.807910 -0.133521 0.097067
v 0.807910 -0.133521 -0.097941
v 0.821238 -0.143028 0.097067
v 0.821238 -0.143028 -0.097941
v 0.829107 -0.156626 0.097067
v 0.829107 -0.156626 -0.097941
v 0.828628 -0.171966 0.097067
v 0.828628 -0.171966 -0.097941
v 0.823286 -0.181484 0.097067
v 0.823286 -0.181484 -0.097941
v 0.810414 -0.163549 0.097067
v 0.810414 -0.163549 -0.097941
v 0.787482 -0.179291 0.097067
v 0.787482 -0.179291 -0.097941
v 0.880606 0.106358 -0.048731
v 0.880606 0.106358 0.047857
v 0.880606 0.155395 -0.068735
v 0.880606 0.086046 -0.000437
v 0.880606 0.155395 0.067861
v 0.880606 0.204432 0.047857
v 0.880606 0.204432 -0.048731
v 0.880606 0.224743 -0.000437
vn 0.9729 -0.2311 0.0005
vn 0.9729 -0.2311 0.0006
vn 0.8449 0.5350 0.0006
vn 0.8448 0.5350 0.0005
vn 0.8449 0.5349 0.0007
vn 0.7497 -0.6618 0.0004
vn 0.5351 -0.8448 0.0004
vn 0.5350 -0.8449 0.0006
vn 1.0000 -0.0054 0.0005
vn 0.6434 0.7655 0.0005
vn 0.6434 0.7655 0.0004
vn 0.2547 0.9670 0.0003
vn 0.2546 0.9670 0.0005
vn 0.7800 -0.6257 0.0005
vn 0.7801 -0.6257 0.0005
vn 0.7800 -0.6258 0.0003
vn 0.9538 -0.3004 0.0004
vn 0.9538 -0.3003 0.0006
vn 0.9116 -0.4111 0.0005
vn -0.9284 -0.3716 0.0005
vn -0.9284 -0.3717 0.0004
vn 0.8661 -0.4998 0.0004
vn 0.8662 -0.4997 0.0005
vn -0.8599 -0.5104 0.0003
vn -0.8600 -0.5104 0.0004
vn -0.6706 -0.7418 0.0004
vn -0.4588 -0.8885 0.0006
vn -0.4588 -0.8885 0.0007
vn -0.9603 -0.2791 0.0005
vn -0.9603 -0.2791 0.0003
vn -0.9535 0.3016 0.0006
vn -0.9535 0.3015 0.0003
vn -0.6863 0.7273 0.0005
vn -0.5171 0.8559 0.0005
vn -0.9256 0.3786 0.0004
vn -0.9256 0.3786 0.0005
vn -0.7891 0.6142 -0.0034
vn -0.7892 0.6142 0.0005
vn -0.7891 0.6142 0.0034
vn -0.7891 0.6142 0.0015
vn -0.7891 0.6142 -0.0005
vn -0.3786 -0.9256 0.0005
vn -0.3785 -0.9256 0.0005
vn -0.1501 -0.9887 0.0005
vn -0.1501 -0.9887 0.0004
vn -0.1502 -0.9887 0.0003
vn -0.1504 -0.9886 -0.0000
vn -0.3894 -0.9211 0.0005
vn -0.3894 -0.9211 0.0003
vn -0.3893 -0.9211 -0.0000
vn 0.0005 -1.0000 0.0005
vn -0.3687 -0.9296 0.0004
vn -0.1920 -0.9814 0.0005
vn -0.7529 -0.6581 0.0005
vn -0.7529 -0.6582 0.0005
vn -0.9734 -0.2292 0.0003
vn -0.9879 0.1548 0.0005
vn -0.9879 0.1548 0.0004
vn -0.9402 0.3405 0.0004
vn -0.9403 0.3405 0.0004
vn 0.6306 0.7761 0.0005
vn 0.5249 0.8511 0.0004
vn 0.3971 0.9178 0.0006
vn 0.5249 0.8511 0.0005
vn 0.8243 0.5661 -0.0000
vn 0.9999 0.0152 0.0003
vn 0.9999 0.0151 0.0005
vn 0.9559 -0.2936 0.0005
vn 0.9560 -0.2935 0.0005
vn -0.9798 0.1998 -0.0006
vn -0.9796 0.2008 0.0005
vn -0.9798 0.1999 -0.0005
vn -0.9796 0.2009 0.0004
vn -0.6291 0.7160 -0.3026
vn -0.5800 0.8146 0.0006
vn 0.6291 0.7160 -0.3025
vn 0.5800 0.8146 0.0005
vn -0.5800 0.8146 0.0005
vn -0.6291 0.7160 0.3025
vn 0.6291 0.7160 0.3026
vn 1.0000 0.0005 0.0005
vn -0.8743 -0.4853 0.0004
vn -0.8743 -0.4853 0.0005
vn 0.6191 0.7853 -0.0054
vn 0.3894 0.9211 0.0005
vn 0.3777 0.9259 -0.0054
vn 0.6198 0.7848 0.0005
vn 0.6191 0.7853 0.0054
vn 0.3777 0.9259 0.0054
vn -0.0885 0.9961 0.0004
vn -0.0864 0.9962 -0.0054
vn -0.0864 0.9962 0.0054
vn -0.4606 0.8876 -0.0063
vn -0.4606 0.8876 0.0063
vn -0.4703 0.8825 0.0005
vn -0.6202 0.7844 -0.0063
vn -0.6202 0.7844 0.0064
vn -0.6202 0.7844 0.0005
vn -0.6308 0.5487 0.5487
vn -0.6306 0.7761 0.0005
vn 0.6308 0.5487 0.5487
vn 0.6308 0.5487 -0.5487
vn -0.6308 0.5487 -0.5487
vn -0.7072 0.6534 0.2702
vn 0.6308 0.5486 0.5488
vn -0.6308 0.5486 0.5487
vn -0.7072 0.6534 -0.2702
vn -0.6308 0.5486 -0.5487
vn 0.6306 0.7761 0.0006
vn -0.6306 0.7761 0.0006
vn 0.6308 0.5486 -0.5487
vn -0.8041 0.4204 0.4204
vn 0.6306 0.7761 0.0004
vn -0.5789 0.8154 0.0005
vn 0.6291 0.3025 0.7161
vn 0.5789 0.8154 0.0005
vn -0.6291 0.3025 0.7161
vn -0.6291 0.3025 -0.7160
vn 0.5790 0.8153 0.0005
vn 0.6291 0.3025 -0.7161
vn 0.6291 0.7161 0.3025
vn -0.6291 0.7161 0.3025
vn 0.5790 0.0005 0.8153
vn -0.5789 0.0004 0.8154
vn 0.6291 0.7161 -0.3025
vn -0.5790 0.0005 -0.8153
vn -0.6291 0.7161 -0.3025
vn 0.5789 0.0004 -0.8154
vn 0.8424 0.5388 0.0004
vn 0.8425 0.5387 0.0004
vn 0.8425 0.5387 0.0005
vn -0.6082 -0.7938 -0.0054
vn -0.6082 -0.7938 0.0005
vn -0.6081 -0.7938 -0.0054
vn -0.6082 -0.7938 0.0054
vn -0.9887 0.1500 0.0005
vn -0.9887 0.1501 0.0003
vn -0.9848 0.1735 0.0004
vn 0.8707 -0.4917 0.0006
vn 0.8707 -0.4918 0.0005
vn 0.8707 -0.4918 0.0004
vn -0.6082 -0.7938 -0.0005
vn -0.6081 -0.7938 0.0005
vn 0.6306 0.0004 0.7761
vn -0.6306 0.0005 0.7761
vn 0.6308 0.5488 -0.5486
vn 0.6306 0.0005 -0.7761
vn -0.6306 0.0004 -0.7761
vn 0.6307 0.5487 -0.5487
vn 0.6305 0.0004 0.7762
vn 0.6305 0.0005 -0.7762
vn 0.6307 -0.5488 -0.5487
vn 0.8041 -0.4204 0.4204
vn 0.6305 0.7761 0.0005
vn 0.8043 -0.5943 0.0005
vn 0.6307 0.5487 0.5487
vn 0.6305 -0.7762 0.0005
vn 0.6305 0.7762 0.0005
vn 0.6307 -0.5487 0.5488
vn 0.6305 0.0005 0.7762
vn 0.6307 -0.5487 -0.5487
vn 0.6305 0.7762 0.0004
vn 0.8043 -0.5943 0.0004
vn 0.6307 -0.5487 0.5487
vn 0.6290 0.7161 -0.3026
vn 0.6290 -0.7161 -0.3025
vn 0.5789 0.0005 -0.8154
vn 0.5800 -0.8146 0.0005
vn 0.6290 -0.3026 -0.7161
vn 0.6290 -0.3025 0.7161
vn 0.5789 -0.8154 0.0005
vn 0.5800 0.0004 0.8146
vn 0.5800 0.0005 -0.8146
vn 0.6290 0.7161 0.3025
vn 0.6290 -0.7161 0.3026
vn 0.5789 0.0004 0.8154
vn 0.5800 -0.8146 0.0004
vn 0.6290 0.3026 0.7161
vn 0.6290 0.3025 -0.7161
vn 0.5800 0.0004 -0.8146
vn 0.5789 0.8154 0.0006
vn 0.1969 0.9804 -0.0044
vn 0.1969 0.9804 0.0015
vn 0.1968 0.9804 -0.0043
vn 0.1968 0.9804 0.0015
vn 0.1969 0.9804 0.0074
vn 0.1968 0.9804 0.0073
vn 0.6308 0.5486 0.5487
vn 0.6308 0.5487 -0.5486
vn -0.7072 0.2702 -0.6533
vn 0.3013 0.9535 0.0005
vn 0.3012 0.9536 0.0004
vn 0.5145 -0.8575 0.0004
vn 0.5142 -0.8576 -0.0000
vn 0.6306 0.0004 -0.7761
vn -0.6306 0.0005 -0.7761
vn 0.6306 0.0005 0.7761
vn -0.8043 0.0005 0.5943
vn 0.0024 -1.0000 0.0006
vn 0.0024 -1.0000 0.0005
vn 0.0005 0.1929 0.9812
vn -0.0000 0.1928 0.9812
vn 0.0006 0.1929 0.9812
vn 0.0004 0.1929 0.9812
vn 0.0003 0.1736 -0.9848
vn -0.0000 0.1736 -0.9848
vn 0.0006 0.1735 -0.9848
vn 0.0005 0.1735 -0.9848
vn 0.0003 0.1735 -0.9848
vn 0.0004 0.1735 -0.9848
vn -0.0000 0.1736 0.9848
vn 0.0005 0.1735 0.9848
vn 0.0006 0.1735 0.9848
vn 0.0003 0.1736 0.9848
vn 0.0003 0.1735 0.9848
vn 0.0004 0.1735 0.9848
vn -0.0000 0.1737 -0.9848
vn -0.0000 0.1737 0.9848
vn 0.0005 0.1510 -0.9885
vn 0.0004 0.1509 -0.9885
vn 0.0004 0.1509 -0.9886
vn 0.2994 0.9541 0.0004
vn 0.0005 0.0005 1.0000
vn 0.0004 0.0004 1.0000
vn 0.0005 0.0005 -1.0000
vn 0.0004 0.0004 -1.0000
vn -0.3866 0.9223 0.0003
vn -0.3866 0.9223 0.0005
vn 0.6291 -0.3026 0.7160
vn 0.5800 0.0006 0.8146
vn -0.6291 -0.3025 0.7160
vn -0.5800 0.0005 0.8146
vn 0.5800 0.0005 0.8146
vn 0.6291 0.3025 0.7160
vn -0.6291 0.3026 0.7160
vn 0.6291 -0.3025 -0.7160
vn -0.5800 0.0005 -0.8146
vn -0.6291 -0.3026 -0.7160
vn 0.6291 0.3026 -0.7160
vn 0.9211 -0.3894 0.0003
vn 0.9211 -0.3894 0.0005
vn 0.9211 -0.3893 -0.0000
vn -0.0705 0.9975 0.0042
vn 0.0659 0.9978 0.0005
vn -0.0708 0.9975 0.0005
vn -0.0708 0.9975 -0.0043
vn 0.0650 0.9979 0.0044
vn 0.0650 0.9979 -0.0034
vn 0.3044 0.9525 0.0034
vn 0.3044 0.9525 -0.0034
vn 0.3083 0.9513 0.0005
vn 0.4918 0.8707 0.0015
vn 0.4918 0.8707 -0.0015
vn 0.4960 0.8683 0.0005
vn 0.5778 0.8162 0.0005
vn 0.5778 0.8162 -0.0005
vn 0.3923 -0.9199 0.0005
vn 0.3923 -0.9198 0.0006
vn -0.5152 0.8571 0.0004
vn 0.9227 -0.3854 0.0005
vn 0.9228 -0.3854 0.0003
vn -0.1929 -0.9812 -0.0044
vn -0.1930 -0.9812 0.0012
vn -0.1929 -0.9812 0.0015
vn -0.1927 -0.9812 0.0068
vn -0.1929 -0.9812 0.0064
vn -0.2995 -0.9541 0.0004
vn -0.2994 -0.9541 0.0003
vn -0.4948 -0.8690 0.0005
vn -0.4880 -0.8729 0.0005
vn -0.1304 -0.9915 0.0024
vn -0.4948 -0.8690 -0.0005
vn -0.1305 -0.9915 -0.0024
vn -0.1265 -0.9920 0.0005
vn 0.3659 -0.9306 0.0005
vn 0.3764 -0.9264 0.0014
vn 0.3764 -0.9264 -0.0014
vn 0.5965 -0.8026 0.0005
vn 0.5965 -0.8026 -0.0005
vn -0.4127 -0.9109 0.0005
vn -0.4127 -0.9109 0.0003
vn -0.4127 -0.9109 -0.0000
vn 0.0024 1.0000 0.0005
vn 0.0024 1.0000 0.0006
vn 0.0024 1.0000 0.0003
vn 0.6081 0.7938 -0.0044
vn 0.6082 0.7938 0.0005
vn 0.6082 0.7938 -0.0044
vn 0.6081 0.7939 0.0043
vn 0.6082 0.7938 0.0044
vn 0.6308 -0.5487 0.5486
vn -0.6308 -0.5487 0.5486
vn 0.6308 -0.5487 -0.5486
vn -0.6308 -0.5487 -0.5486
vn -0.7072 -0.2702 0.6534
vn -0.6308 -0.5487 0.5487
vn -0.6306 0.0006 0.7761
vn 0.6306 0.0006 -0.7761
vn -0.7072 -0.2702 -0.6534
vn 0.6308 -0.5487 -0.5487
vn -0.6308 -0.5488 -0.5486
vn -0.6290 -0.3025 -0.7161
vn -1.0000 0.0005 0.0005
vn -0.6290 -0.3026 0.7161
vn -0.5789 -0.8154 0.0006
vn -0.6290 0.7161 -0.3025
vn -0.6290 -0.7161 -0.3026
vn -0.5789 0.0004 -0.8154
vn -0.5800 -0.8146 0.0005
vn -0.6290 0.7161 0.3026
vn -0.6290 -0.7161 0.3025
vn -0.5789 0.0005 0.8154
vn -0.5800 0.8146 0.0004
vn -0.6290 0.3026 -0.7161
vn -0.6290 0.3025 0.7161
vn -0.6307 0.5487 -0.5487
vn -0.6305 0.0005 -0.7762
vn -0.6307 -0.5487 -0.5488
vn -0.6307 -0.5487 0.5487
vn -0.6305 0.7761 0.0005
vn -0.6305 -0.7762 0.0005
vn -0.6305 0.7762 0.0005
vn -0.6307 -0.5487 -0.5487
vn -0.6307 0.5487 0.5487
vn -0.6307 -0.5488 0.5487
vn -0.6305 0.0004 -0.7762
vn -0.6305 0.0005 0.7762
vn -0.7071 -0.2702 -0.6534
vn -0.7071 -0.6534 0.2702
vn -0.6307 0.5487 0.5488
vn -0.7071 -0.2702 0.6534
vn -0.7071 0.6534 0.2703
vn -0.7071 -0.2703 -0.6534
vn -0.7071 0.6534 0.2702
vn -0.7071 0.6534 -0.2703
vn -0.7071 0.2703 -0.6534
vn -0.6307 0.5488 -0.5487
vn 0.8041 -0.4203 0.4204
vn -0.8043 0.0004 0.5942
vn -0.2585 -0.9660 0.0005
vn -0.2586 -0.9660 0.0006
vn 0.1265 -0.9919 -0.0083
vn 0.1264 -0.9920 0.0006
vn 0.1264 -0.9920 0.0005
vn 0.1265 -0.9919 0.0083
vn -0.8694 0.4940 0.0003
vn 0.0005 1.0000 0.0005
vn 0.8455 0.5339 0.0015
vn 0.1919 0.9814 -0.0005
vn 0.1929 0.9812 0.0015
vn 0.8797 0.4755 -0.0004
vn 0.8076 -0.5897 0.0005
vn 0.8353 0.5499 -0.0015
vn 0.1920 0.9814 -0.0015
vn 0.8100 -0.5864 -0.0005
vn 0.7955 -0.6060 -0.0005
vn 0.3590 -0.9333 0.0015
vn 0.3601 -0.9329 -0.0024
vn 0.3492 -0.9370 -0.0005
vn -0.0728 -0.9973 0.0006
vn -0.0728 -0.9973 -0.0015
vn -0.0720 -0.9974 -0.0005
vn -0.1988 -0.9800 -0.0001
vn -0.1989 -0.9800 0.0005
vn -0.1987 -0.9801 -0.0005
vn 0.5790 0.0005 -0.8153
vn -0.6291 -0.7161 -0.3025
vn -0.5789 0.0005 -0.8154
vn 0.6291 -0.7160 -0.3025
vn 0.5789 0.0005 0.8154
vn -0.5790 0.0005 0.8153
vn 0.6291 -0.7161 0.3025
vn -0.6291 -0.7160 0.3025
vn -0.8448 -0.5350 0.0005
vn 0.6291 -0.3025 -0.7161
vn -0.5790 -0.8153 0.0005
vn -0.6291 -0.3025 -0.7160
vn 0.5790 -0.8153 0.0005
vn -0.6291 -0.3025 0.7161
vn -0.5789 -0.8154 0.0005
vn 0.6291 -0.3025 0.7160
vn 0.9812 -0.1929 0.0004
vn 0.9812 -0.1929 -0.0005
vn 0.9812 -0.1929 0.0005
vn 0.9812 -0.1930 -0.0005
vn 0.9972 0.0748 0.0004
vn 0.9290 0.3700 0.0005
vn 0.9290 0.3701 0.0003
vn 0.9972 0.0749 -0.0000
vn 0.8552 -0.5182 0.0005
vn 0.8553 -0.5181 -0.0000
vn 0.3715 -0.9284 -0.0000
vn 0.3716 -0.9284 0.0003
vn -0.1686 -0.9857 0.0006
vn -0.1686 -0.9857 0.0005
vn 0.9822 -0.1881 -0.0005
vn 0.9822 -0.1879 0.0004
vn 0.9822 -0.1880 -0.0005
vn 0.9821 -0.1881 0.0005
vn 0.9820 -0.1889 0.0015
vn 0.9820 -0.1890 0.0015
vn -0.4333 -0.9012 0.0006
vn -0.2994 -0.9541 0.0004
vn -0.4333 -0.9012 0.0005
vn -0.6983 -0.7158 0.0005
vn -0.6982 -0.7159 0.0007
vn -0.8974 -0.4411 0.0005
vn -0.9955 -0.0944 0.0004
vn -0.9944 0.1061 0.0004
vn 0.6306 -0.7761 0.0005
vn 0.6308 -0.5487 0.5487
vn -0.6306 -0.7761 0.0005
vn -0.6308 -0.5487 -0.5487
vn 0.6308 -0.5486 -0.5487
vn -0.6306 -0.7761 0.0006
vn 0.6306 -0.7761 0.0004
vn -0.7072 -0.6533 0.2703
vn 0.6308 -0.5486 0.5487
vn -0.6308 -0.5486 0.5487
vn 0.8043 -0.5942 0.0006
vn 0.6291 -0.7160 -0.3026
vn -0.6291 -0.7160 -0.3025
vn 0.6291 -0.7160 0.3025
vn -0.5800 -0.8146 0.0004
vn -0.6291 -0.7160 0.3026
vn -0.2272 0.9739 0.0005
vn -0.2271 0.9739 -0.0000
vn 0.1529 0.9882 0.0005
vn -0.5743 0.8187 0.0005
vn -0.5743 0.8187 -0.0000
vn -0.5742 0.8187 0.0005
vn -0.5743 0.8186 -0.0000
vn -0.5743 0.8186 0.0005
vn -0.1041 0.9946 0.0003
vn -0.1041 0.9946 0.0004
vn 0.3786 0.9256 0.0005
vn 0.3786 0.9256 0.0004
vn 0.1930 0.9812 0.0003
vn 0.1929 0.9812 0.0005
vn 0.1930 0.9812 0.0004
vn 0.9256 -0.3786 0.0004
vn 0.9256 -0.3785 0.0005
vn 0.6607 0.7506 0.0003
vn 0.6607 0.7506 0.0004
vn 0.9673 0.2537 0.0004
vn 0.9441 -0.3298 0.0004
vn 0.9441 -0.3297 0.0004
vn 0.6043 -0.7967 0.0005
vn 0.6043 -0.7968 0.0004
vn 0.3865 -0.9223 -0.0000
vn 0.3866 -0.9223 0.0005
vn 0.7817 -0.6236 -0.0015
vn 0.7818 -0.6235 0.0005
vn 0.7818 -0.6236 -0.0015
vn 0.7817 -0.6236 0.0015
vn 0.7818 -0.6236 0.0015
vn 0.3931 0.9195 0.0006
vn 0.3931 0.9195 0.0005
vn -0.1041 0.9946 0.0005
vn 0.9887 0.1500 0.0005
vn 0.9887 0.1501 0.0005
vn 0.9887 0.1500 -0.0005
vn 0.9887 0.1501 -0.0005
vn 0.9256 -0.3786 0.0005
vn 0.8554 0.5180 -0.0000
vn 0.8553 0.5182 0.0004
vn 0.7216 0.6923 0.0005
vn 0.4489 0.8936 0.0004
vn 0.9873 0.1588 0.0005
vn 0.8835 -0.4684 0.0004
vn 0.8835 -0.4684 0.0005
vn 0.5847 -0.8113 0.0005
vn 0.5194 -0.8545 0.0004
vn -0.5280 0.8493 0.0006
vn -0.5339 0.8455 0.0005
vn -0.5340 0.8455 0.0007
vn -0.5339 0.8456 0.0004
vn 0.9211 0.3894 0.0004
vn 0.9211 0.3893 0.0003
vn -0.8258 -0.5640 0.0005
vn -0.9541 0.2994 0.0004
vn -0.9541 0.2994 0.0003
vn -0.8705 -0.4922 0.0005
vn 0.1158 -0.9933 0.0005
vn 0.3327 -0.9430 0.0004
vn 0.1158 -0.9933 0.0003
vn -0.3552 -0.9348 0.0005
vn -0.7400 -0.6726 0.0005
vn -0.9698 -0.2440 0.0003
vn -0.9634 0.2681 0.0004
vn -0.9634 0.2681 0.0005
vn -0.0553 0.9985 0.0004
vn -0.0552 0.9985 0.0005
vn 0.1725 0.9850 -0.0000
vn 0.1724 0.9850 0.0004
vn -0.5662 0.8242 0.0005
vn -0.5662 0.8243 0.0004
vt 0.000000 0.000000
vt 1.000000 1.000000
vt 1.000000 0.000000
vt 0.000000 1.000000
vt 0.625000 0.750000
vt 0.625000 0.687500
vt 0.875000 0.750000
vt 0.875000 0.687500
vt 0.625000 0.562500
vt 0.625000 0.500000
vt 0.875000 0.562500
vt 0.875000 0.500000
vt 0.750000 0.500000
vt 0.000000 0.500000
vt 0.500000 0.500000
vt 0.375000 0.500000
vt 0.125000 0.500000
vt 0.250000 0.500000
vt 0.875000 1.000000
vt 1.000000 0.500000
vt 0.125000 1.000000
vt 0.937500 0.750000
vt 1.000000 0.750000
vt 0.062500 0.750000
vt 0.125000 0.750000
vt 0.000000 0.750000
vt 0.500000 1.000000
vt 0.625000 1.000000
vt 0.375000 1.000000
vt 0.375000 0.250000
vt 0.500000 0.250000
vt 0.625000 0.250000
vt 0.500000 0.750000
vt 0.750000 1.000000
vt 0.250000 1.000000
vt 0.919706 0.080294
vt 0.919706 0.419706
vt 0.990000 0.250000
vt 0.580294 0.080294
vt 0.750000 0.010000
vt 0.580294 0.419706
vt 0.750000 0.490000
vt 0.510000 0.250000
vt 0.625000 0.000000
vt 0.375000 0.000000
vt 0.500000 0.000000
vt 0.500000 0.062500
vt 0.375000 0.062500
vt 0.625000 0.062500
vt 0.500000 0.187500
vt 0.625000 0.187500
vt 0.375000 0.187500
vt 0.750000 0.750000
vt 0.187500 0.750000
vt 0.250000 0.750000
vt 0.125000 0.687500
vt 0.375000 0.750000
vt 0.375000 0.687500
vt 0.125000 0.562500
vt 0.375000 0.562500
vt 0.687500 0.750000
vt 0.312500 0.750000
vt 0.500000 0.687500
vt 0.500000 0.562500
vt 0.045147 0.165147
vt 0.334853 0.045147
vt 0.490000 0.250000
vt 0.419706 0.419706
vt 0.334853 0.454853
vt 0.165147 0.454853
vt 0.250000 0.490000
vt 0.419706 0.080294
vt 0.045147 0.334853
vt 0.080294 0.419706
vt 0.010000 0.250000
vt 0.562500 0.750000
s 1
f 137/2/135 138/2/136 139/2/135
f 139/2/135 140/2/135 137/2/135
f 141/2/137 142/2/138 143/2/139
f 143/2/139 144/2/138 141/2/137
f 145/2/140 146/2/140 147/2/141
f 147/2/141 148/2/142 145/2/140
f 146/2/140 145/2/140 149/2/143
f 149/2/143 150/2/143 146/2/140
f 150/2/143 149/2/143 151/2/144
f 151/2/144 152/2/145 150/2/143
f 152/2/145 151/2/144 153/2/146
f 153/2/146 154/2/147 152/2/145
f 155/3/148 156/4/148 157/4/149
f 156/4/148 155/3/148 158/3/150
f 159/4/151 160/3/152 161/4/152
f 161/4/152 160/3/152 162/3/151
f 163/4/153 164/3/153 165/4/153
f 164/3/153 163/4/153 166/3/153
f 167/2/154 168/2/154 169/2/155
f 168/2/154 167/2/154 170/2/155
f 171/2/156 172/2/156 173/2/156
f 172/2/156 171/2/156 174/2/157
f 175/3/158 176/4/159 177/5/159
f 177/5/159 176/4/159 178/2/158
f 179/3/160 180/4/160 181/3/161
f 181/3/161 180/4/160 182/4/162
f 179/3/160 183/4/163 180/4/160
f 184/3/164 183/4/163 179/3/160
f 184/3/164 185/4/165 183/4/163
f 186/3/166 185/4/165 184/3/164
f 186/3/166 187/4/167 185/4/165
f 188/3/167 187/4/167 186/3/166
f 187/4/167 188/3/167 189/5/168
f 189/5/168 190/2/168 187/4/167
f 191/2/169 192/2/170 193/2/170
f 192/2/170 191/2/169 194/2/170
f 195/2/171 196/2/172 197/2/171
f 197/2/171 196/2/172 198/2/172
f 196/2/172 199/2/173 198/2/172
f 199/2/173 196/2/172 200/2/173
f 201/2/174 202/2/172 203/2/172
f 202/2/172 201/2/174 204/2/174
f 202/2/172 205/2/175 203/2/172
f 205/2/175 202/2/172 206/2/175
f 207/2/176 208/2/176 209/2/177
f 208/2/176 207/2/176 210/2/177
f 211/3/178 212/3/179 213/4/180
f 212/3/179 214/4/181 213/4/180
f 215/3/182 216/4/182 217/3/183
f 216/4/182 215/3/182 218/4/184
f 219/2/185 220/2/185 221/2/185
f 220/2/185 222/2/185 221/2/185
f 223/3/186 224/4/187 225/3/187
f 224/4/187 223/3/186 226/4/186
f 227/3/188 226/4/186 223/3/186
f 226/4/186 227/3/188 228/4/189
f 229/3/190 228/4/189 227/3/188
f 228/4/189 229/3/190 230/4/190
f 231/3/191 230/4/190 229/3/190
f 230/4/190 231/3/191 232/4/192
f 233/3/193 232/4/192 231/3/191
f 232/4/192 233/3/193 234/4/194
f 235/4/195 236/3/195 237/4/195
f 237/4/195 236/3/195 238/3/195
f 239/4/196 240/3/197 241/4/197
f 240/3/197 239/4/196 242/3/198
f 243/4/199 242/3/198 239/4/196
f 242/3/198 243/4/199 244/3/199
f 245/4/200 244/3/199 243/4/199
f 244/3/199 245/4/200 246/3/201
f 247/4/202 246/3/201 245/4/200
f 246/3/201 247/4/202 248/3/203
f 249/2/204 250/2/205 251/2/205
f 250/2/205 249/2/204 252/2/206
f 250/2/205 253/2/207 251/2/205
f 253/2/207 250/2/205 254/2/205
f 255/6/208 256/7/209 257/8/210
f 257/8/210 256/7/209 258/9/211
f 259/10/212 260/11/213 261/12/211
f 261/12/211 260/11/213 262/13/214
f 263/11/215 264/13/215 265/14/215
f 263/11/215 266/15/215 264/13/215
f 267/16/215 266/15/215 263/11/215
f 266/15/215 267/16/215 268/17/215
f 268/17/215 269/18/215 266/15/215
f 269/18/215 268/17/215 270/19/215
f 271/2/216 272/2/216 273/2/216
f 272/2/216 271/2/216 274/2/217
f 275/2/218 276/2/219 277/2/220
f 276/2/219 275/2/218 278/2/221
f 278/2/221 279/2/222 276/2/219
f 276/2/219 279/2/222 280/2/223
f 281/2/224 277/2/220 276/2/219
f 276/2/219 280/2/223 281/2/224
f 277/2/220 281/2/224 282/2/225
f 281/2/224 280/2/223 283/2/226
f 282/2/225 281/2/224 284/2/227
f 285/2/228 281/2/224 283/2/226
f 284/2/227 281/2/224 286/2/229
f 281/2/224 285/2/228 286/2/229
f 284/2/227 286/2/229 287/2/230
f 288/2/231 286/2/229 285/2/228
f 287/2/230 286/2/229 289/2/232
f 286/2/229 288/2/231 289/2/232
f 290/20/233 291/21/195 292/3/234
f 291/21/195 290/20/233 293/13/235
f 294/5/234 295/18/236 296/22/237
f 295/18/236 294/5/234 297/15/195
f 298/23/238 299/21/195 300/24/234
f 298/23/238 301/13/239 299/21/195
f 301/13/239 298/23/238 302/8/240
f 303/25/241 304/18/236 305/26/242
f 303/25/241 306/15/243 304/18/236
f 306/15/243 303/25/241 307/27/234
f 308/28/244 309/29/237 310/16/195
f 310/16/195 309/29/237 311/11/245
f 312/30/246 313/28/234 314/17/235
f 314/17/235 313/28/234 315/16/247
f 316/16/248 317/31/249 318/32/250
f 317/31/249 316/16/248 319/17/251
f 320/11/252 321/32/253 322/33/254
f 321/32/253 320/11/252 323/16/248
f 324/33/255 325/11/256 326/32/257
f 327/16/258 326/32/257 325/11/256
f 328/29/259 329/34/260 330/6/261
f 329/34/260 328/29/259 331/28/262
f 332/2/263 333/2/264 334/2/265
f 334/2/265 335/2/263 332/2/263
f 336/2/266 337/2/267 338/2/267
f 337/2/267 336/2/266 339/2/268
f 337/2/267 340/2/269 338/2/267
f 340/2/269 337/2/267 341/2/269
f 342/4/270 343/3/271 344/3/270
f 344/3/270 345/4/271 342/4/270
f 346/2/185 347/2/185 348/2/185
f 347/2/185 346/2/185 349/2/185
f 350/3/272 351/4/272 352/3/272
f 351/4/272 350/3/272 353/4/272
f 354/2/273 355/2/274 356/2/274
f 354/2/273 356/2/274 357/2/275
f 358/2/267 359/2/276 360/2/277
f 359/2/276 358/2/267 361/2/276
f 362/2/267 358/2/267 360/2/277
f 363/2/267 358/2/267 362/2/267
f 364/14/278 365/13/235 366/35/279
f 366/35/279 365/13/235 367/20/233
f 368/18/280 369/19/281 370/22/237
f 370/22/237 369/19/281 371/36/282
f 372/18/283 373/19/284 374/19/285
f 373/19/284 375/17/286 374/19/285
f 373/19/284 372/18/283 376/18/287
f 377/15/288 376/18/287 372/18/283
f 376/18/287 377/15/288 378/15/289
f 375/17/286 373/19/284 379/17/290
f 380/16/291 375/17/286 379/17/290
f 380/16/291 379/17/290 381/16/292
f 382/11/283 380/16/291 381/16/292
f 380/16/291 382/11/283 383/11/293
f 382/11/283 384/14/285 383/11/293
f 385/14/294 383/11/293 384/14/285
f 386/13/290 385/14/294 384/14/285
f 384/14/285 387/13/295 386/13/290
f 388/21/296 386/13/290 387/13/295
f 388/21/296 387/13/295 389/21/297
f 390/37/298 391/38/290 392/39/294
f 391/38/290 390/37/298 393/40/295
f 393/40/295 390/37/298 394/41/291
f 395/42/283 391/38/290 393/40/295
f 391/38/290 395/42/283 396/43/292
f 395/42/283 393/40/295 397/44/285
f 398/45/299 399/46/300 400/47/301
f 401/48/215 399/46/300 398/45/299
f 399/46/300 401/48/215 402/49/302
f 398/45/299 403/50/211 401/48/215
f 404/45/303 405/46/304 406/47/305
f 407/48/215 405/46/304 404/45/303
f 405/46/304 407/48/215 408/49/306
f 404/45/303 409/50/307 407/48/215
f 410/33/308 411/51/215 412/52/211
f 411/51/215 410/33/308 413/31/309
f 410/33/308 414/32/310 413/31/309
f 411/51/215 413/31/309 415/53/311
f 416/31/312 417/51/215 418/33/313
f 419/52/314 418/33/313 417/51/215
f 416/31/312 418/33/313 420/32/315
f 417/51/215 416/31/312 421/53/306
f 422/2/316 423/2/317 424/2/318
f 423/2/317 422/2/316 425/2/319
f 426/2/320 423/2/317 425/2/319
f 423/2/317 426/2/320 427/2/321
f 428/54/279 429/14/278 430/13/322
f 428/54/279 430/13/322 431/8/233
f 432/18/323 433/55/324 434/26/242
f 433/55/324 432/18/323 435/19/281
f 433/55/324 435/19/281 436/56/282
f 437/2/325 438/5/326 439/4/326
f 439/4/326 438/5/326 440/3/326
f 441/3/327 442/4/328 443/3/328
f 443/3/328 442/4/328 444/4/327
f 445/14/329 446/11/236 447/35/330
f 447/35/330 446/11/236 448/29/237
f 449/17/235 450/19/331 451/30/246
f 451/30/246 450/19/331 452/36/332
f 453/2/333 454/2/334 455/2/334
f 454/2/334 456/2/333 455/2/334
f 457/2/335 458/2/336 459/2/335
f 458/2/336 460/2/337 459/2/335
f 459/2/335 460/2/337 461/2/337
f 457/2/335 459/2/335 462/2/335
f 457/2/335 462/2/335 463/2/338
f 464/2/336 457/2/335 463/2/338
f 457/2/335 464/2/336 465/2/335
f 464/2/336 466/2/335 465/2/335
f 467/2/339 468/2/340 469/2/341
f 470/2/339 469/2/341 468/2/340
f 470/2/339 468/2/340 471/2/342
f 472/2/342 470/2/339 471/2/342
f 470/2/339 472/2/342 473/2/343
f 472/2/342 474/2/342 473/2/343
f 475/2/342 474/2/342 472/2/342
f 475/2/342 476/2/339 474/2/342
f 476/2/339 475/2/342 477/2/344
f 477/2/344 478/2/344 476/2/339
f 479/2/345 480/2/346 481/2/347
f 480/2/346 482/2/348 481/2/347
f 480/2/346 479/2/345 483/2/348
f 479/2/345 484/2/346 483/2/348
f 484/2/346 479/2/345 485/2/349
f 486/2/349 484/2/346 485/2/349
f 486/2/349 487/2/346 484/2/346
f 488/2/346 487/2/346 486/2/349
f 487/2/346 488/2/346 489/2/350
f 490/2/350 489/2/350 488/2/346
f 491/2/342 492/2/339 493/2/339
f 492/2/339 491/2/342 494/2/342
f 493/2/339 492/2/339 495/2/339
f 496/2/339 493/2/339 495/2/339
f 493/2/339 496/2/339 497/2/339
f 496/2/339 498/2/351 497/2/339
f 499/2/346 500/2/348 501/2/350
f 502/2/346 499/2/346 501/2/350
f 500/2/348 499/2/346 503/2/345
f 503/2/345 504/2/346 500/2/348
f 499/2/346 502/2/346 505/2/348
f 506/2/352 505/2/348 502/2/346
f 507/2/353 508/2/353 509/2/354
f 510/2/353 508/2/353 507/2/353
f 509/2/354 508/2/353 511/2/355
f 509/2/354 511/2/355 512/2/353
f 513/2/353 509/2/354 512/2/353
f 509/2/354 513/2/353 514/2/354
f 513/2/353 515/2/353 514/2/354
f 515/2/353 513/2/353 516/2/353
f 517/2/356 518/5/356 519/4/356
f 519/4/356 518/5/356 520/3/356
f 521/4/357 522/4/358 523/4/357
f 522/4/358 524/4/357 523/4/357
f 525/4/357 522/4/358 521/4/357
f 526/4/357 522/4/358 525/4/357
f 526/4/357 525/4/357 527/4/357
f 524/4/357 522/4/358 528/2/357
f 528/2/357 529/4/357 524/4/357
f 528/2/357 530/4/357 529/4/357
f 531/3/359 532/3/360 533/3/359
f 533/3/359 532/3/360 534/3/359
f 532/3/360 535/3/359 534/3/359
f 535/3/359 532/3/360 536/3/359
f 536/3/359 537/3/359 535/3/359
f 531/3/359 538/5/359 532/3/360
f 538/5/359 531/3/359 539/3/359
f 538/5/359 539/3/359 540/3/359
f 541/4/357 542/4/357 543/4/357
f 541/4/357 544/4/357 542/4/357
f 545/2/357 544/4/357 541/4/357
f 544/4/357 545/2/357 546/4/357
f 545/2/357 547/4/357 546/4/357
f 546/4/357 547/4/357 548/4/357
f 547/4/357 549/4/357 548/4/357
f 550/5/359 551/3/359 552/3/359
f 551/3/359 550/5/359 553/3/359
f 553/3/359 554/3/359 551/3/359
f 553/3/359 555/3/359 554/3/359
f 552/3/359 556/3/359 550/5/359
f 556/3/359 552/3/359 557/3/359
f 556/3/359 557/3/359 558/3/359
f 559/4/357 560/4/357 561/4/357
f 561/4/357 560/4/357 562/4/357
f 561/4/357 562/4/357 563/4/357
f 559/4/357 564/4/357 560/4/357
f 559/4/357 565/4/357 564/4/357
f 565/4/357 566/4/357 564/4/357
f 567/4/357 566/4/357 565/4/357
f 566/4/357 567/4/357 568/4/357
f 568/4/357 567/4/357 569/4/357
f 570/4/357 568/4/357 569/4/357
f 570/4/357 569/4/357 571/4/357
f 572/2/357 570/4/357 571/4/357
f 573/3/359 574/3/359 575/3/359
f 576/3/359 575/3/359 574/3/359
f 574/3/359 573/3/359 577/3/359
f 575/3/359 576/3/359 578/3/359
f 573/3/359 579/3/359 577/3/359
f 577/3/359 579/3/359 580/3/359
f 579/3/359 581/3/359 580/3/359
f 576/3/359 582/3/359 578/3/359
f 578/3/359 582/3/359 583/3/359
f 583/3/359 582/3/359 584/3/359
f 583/3/359 584/3/359 585/3/359
f 586/5/359 585/3/359 584/3/359
f 587/2/357 588/2/357 589/2/357
f 590/2/357 589/2/357 588/2/357
f 590/2/357 591/2/357 589/2/357
f 591/2/357 590/2/357 592/2/357
f 588/2/357 587/2/357 593/2/357
f 587/2/357 594/2/357 593/2/357
f 594/2/357 587/2/357 595/2/357
f 595/2/357 596/2/357 594/2/357
f 597/2/359 598/2/359 599/2/359
f 598/2/359 597/2/359 600/2/359
f 601/2/359 598/2/359 600/2/359
f 597/2/359 599/2/359 602/2/359
f 602/2/359 599/2/359 603/2/359
f 604/2/359 602/2/359 603/2/359
f 602/2/359 604/2/359 605/2/359
f 605/2/359 604/2/359 606/2/359
f 607/2/357 608/2/358 609/2/357
f 609/2/357 608/2/358 610/2/357
f 607/2/357 611/2/357 608/2/358
f 611/2/357 607/2/357 612/2/357
f 608/2/358 613/2/357 610/2/357
f 613/2/357 608/2/358 614/2/357
f 614/2/357 615/2/357 613/2/357
f 616/2/359 617/2/359 618/2/359
f 619/2/360 617/2/359 616/2/359
f 617/2/359 619/2/360 620/2/359
f 620/2/359 619/2/360 621/2/359
f 619/2/360 622/2/359 621/2/359
f 622/2/359 619/2/360 623/2/359
f 624/2/359 622/2/359 623/2/359
f 625/2/359 626/2/359 627/2/359
f 627/2/359 628/2/359 625/2/359
f 629/2/359 625/2/359 628/2/359
f 626/2/359 625/2/359 630/2/359
f 631/2/359 626/2/359 630/2/359
f 626/2/359 631/2/359 632/2/359
f 631/2/359 633/2/359 632/2/359
f 634/2/359 632/2/359 633/2/359
f 633/2/359 635/2/359 634/2/359
f 635/2/359 633/2/359 636/2/359
f 637/2/357 638/2/357 639/2/357
f 638/2/357 640/2/357 639/2/357
f 638/2/357 637/2/357 641/2/357
f 637/2/357 642/2/357 641/2/357
f 642/2/357 637/2/357 643/2/357
f 640/2/357 638/2/357 644/2/357
f 644/2/357 645/2/357 640/2/357
f 645/2/357 644/2/357 646/2/357
f 646/2/357 647/2/357 645/2/357
f 645/2/357 647/2/357 648/2/357
f 649/3/357 650/3/357 651/3/357
f 652/3/357 651/3/357 650/3/357
f 649/3/357 651/3/357 653/3/357
f 654/3/357 649/3/357 653/3/357
f 654/3/357 655/5/357 649/3/357
f 655/5/357 654/3/357 656/3/357
f 657/4/359 658/4/359 659/2/359
f 659/2/359 658/4/359 660/4/359
f 661/4/359 660/4/359 658/4/359
f 662/4/359 660/4/359 661/4/359
f 663/4/359 660/4/359 662/4/359
f 663/4/359 662/4/359 664/4/359
f 665/5/357 666/3/357 667/3/358
f 666/3/357 665/5/357 668/5/357
f 667/3/358 666/3/357 669/3/357
f 667/3/358 669/3/357 670/3/357
f 671/3/357 667/3/358 670/3/357
f 667/3/358 671/3/357 672/3/357
f 672/3/357 671/3/357 673/3/357
f 674/4/359 675/4/359 676/4/360
f 675/4/359 674/4/359 677/4/359
f 676/4/360 675/4/359 678/4/359
f 676/4/360 678/4/359 679/4/359
f 680/4/359 676/4/360 679/4/359
f 681/2/359 676/4/360 680/4/359
f 680/4/359 682/2/359 681/2/359
f 683/3/357 684/3/357 685/3/357
f 685/3/357 686/3/357 683/3/357
f 684/3/357 683/3/357 687/3/357
f 688/3/357 684/3/357 687/3/357
f 684/3/357 688/3/357 689/3/358
f 689/3/358 688/3/357 690/3/357
f 689/3/358 690/3/357 691/3/357
f 692/3/357 689/3/358 691/3/357
f 689/3/358 692/3/357 693/3/357
f 692/3/357 694/3/357 693/3/357
f 694/3/357 692/3/357 695/3/357
f 696/4/359 697/4/359 698/4/359
f 697/4/359 699/4/359 698/4/359
f 697/4/359 696/4/359 700/4/359
f 701/4/359 700/4/359 696/4/359
f 699/4/359 697/4/359 702/4/360
f 699/4/359 702/4/360 703/4/359
f 702/4/360 704/4/359 703/4/359
f 702/4/360 705/4/359 704/4/359
f 702/4/360 706/4/359 705/4/359
f 707/4/359 705/4/359 706/4/359
f 705/4/359 707/4/359 708/4/359
f 709/2/359 710/2/359 711/2/359
f 709/2/359 712/2/359 710/2/359
f 712/2/359 709/2/359 713/2/359
f 714/2/359 712/2/359 713/2/359
f 715/2/359 712/2/359 714/2/359
f 715/2/359 714/2/359 716/2/359
f 717/2/357 718/2/357 719/2/357
f 718/2/357 717/2/357 720/2/357
f 717/2/357 719/2/357 721/2/357
f 719/2/357 722/2/357 721/2/357
f 719/2/357 723/2/357 722/2/357
f 724/2/357 722/2/357 723/2/357
f 725/2/361 726/2/362 727/2/361
f 726/2/362 725/2/361 728/2/361
f 729/26/363 730/57/364 731/58/365
f 731/58/365 730/57/364 732/59/366
f 733/60/367 734/18/368 735/61/366
f 735/61/366 734/18/368 736/17/369
f 737/9/307 738/8/370 739/7/371
f 739/7/371 738/8/370 740/6/372
f 741/13/373 742/12/314 743/11/252
f 743/11/252 742/12/314 744/10/371
f 745/5/374 746/2/375 747/3/376
f 747/3/376 746/2/375 748/4/374
f 749/2/377 750/2/378 751/2/379
f 750/2/378 752/2/380 751/2/379
f 750/2/378 749/2/377 753/2/381
f 752/2/380 750/2/378 754/2/382
f 755/2/383 750/2/378 753/2/381
f 750/2/378 756/2/384 754/2/382
f 750/2/378 755/2/383 757/2/385
f 756/2/384 750/2/378 757/2/385
f 758/2/386 757/2/385 755/2/383
f 757/2/385 759/2/387 756/2/384
f 757/2/385 758/2/386 760/2/388
f 759/2/387 757/2/385 760/2/388
f 760/2/388 758/2/386 761/2/389
f 760/2/388 762/2/390 759/2/387
f 761/2/389 763/2/389 760/2/388
f 762/2/390 760/2/388 763/2/389
f 764/2/391 765/2/392 766/2/391
f 765/2/392 764/2/391 767/2/392
f 768/3/393 769/4/393 770/3/393
f 770/3/393 769/4/393 771/4/393
f 772/4/394 773/3/395 774/5/394
f 774/5/394 775/2/394 772/4/394
f 776/2/396 777/2/397 778/2/398
f 777/2/397 776/2/396 779/2/396
f 777/2/397 780/2/399 778/2/398
f 780/2/399 777/2/397 781/2/400
f 782/4/401 783/3/401 784/4/402
f 784/4/402 783/3/401 785/3/402
f 786/2/276 787/2/267 788/2/403
f 788/2/403 787/2/267 789/2/404
f 788/2/403 789/2/404 790/2/405
f 787/2/267 791/2/406 789/2/404
f 791/2/406 787/2/267 792/2/267
f 793/2/407 789/2/404 791/2/406
f 790/2/405 789/2/404 794/2/408
f 789/2/404 793/2/407 794/2/408
f 795/2/409 790/2/405 794/2/408
f 794/2/408 793/2/407 795/2/409
f 790/2/405 795/2/409 796/2/410
f 795/2/409 793/2/407 797/2/411
f 798/2/412 796/2/410 795/2/409
f 795/2/409 797/2/411 798/2/412
f 796/2/410 798/2/412 799/2/412
f 798/2/412 797/2/411 800/2/413
f 801/4/414 802/3/415 803/4/416
f 802/3/415 801/4/414 804/3/416
f 805/2/417 806/2/418 807/2/418
f 806/2/418 808/2/419 807/2/418
f 809/2/420 810/2/421 811/2/422
f 810/2/421 809/2/420 812/2/421
f 810/2/421 812/2/421 813/2/423
f 810/2/421 813/2/423 814/2/424
f 815/11/425 816/14/331 817/29/426
f 817/29/426 816/14/331 818/35/279
f 819/19/281 820/17/427 821/36/330
f 821/36/330 820/17/427 822/30/428
f 823/11/425 824/62/429 825/6/430
f 824/62/429 823/11/425 826/14/331
f 824/62/429 826/14/331 827/54/431
f 828/19/432 829/63/433 830/56/330
f 829/63/433 828/19/432 831/17/434
f 829/63/433 831/17/434 832/58/435
f 833/6/436 834/64/437 835/7/371
f 834/64/437 833/6/436 836/58/438
f 836/58/438 833/6/436 837/34/439
f 836/58/438 838/59/366 834/64/437
f 839/6/440 840/64/437 841/7/212
f 840/64/437 839/6/440 842/58/441
f 842/58/441 839/6/440 843/34/442
f 842/58/441 844/59/443 840/64/437
f 845/11/444 846/17/445 847/16/446
f 848/65/437 846/17/445 845/11/444
f 846/17/445 848/65/437 849/61/443
f 845/11/444 850/10/447 848/65/437
f 851/11/448 852/17/449 853/16/248
f 854/65/437 852/17/449 851/11/448
f 852/17/449 854/65/437 855/61/366
f 851/11/448 856/10/371 854/65/437
f 857/36/332 858/22/450 859/36/451
f 860/30/452 857/36/332 859/36/451
f 858/22/450 857/36/332 861/22/453
f 857/36/332 860/30/452 862/30/246
f 861/22/453 863/5/454 858/22/450
f 864/28/455 862/30/246 860/30/452
f 863/5/454 861/22/453 865/3/455
f 862/30/246 864/28/455 866/28/456
f 867/20/457 863/5/454 865/3/455
f 864/28/455 868/29/450 866/28/456
f 869/20/458 863/5/454 867/20/457
f 864/28/455 870/29/459 868/29/450
f 871/35/460 869/20/458 867/20/457
f 871/35/460 868/29/450 870/29/459
f 869/20/458 871/35/460 872/35/461
f 870/29/459 872/35/461 871/35/460
f 873/34/455 874/66/462 875/58/457
f 874/66/462 873/34/455 876/67/463
f 877/68/461 878/69/464 879/62/465
f 880/70/466 879/62/465 878/69/464
f 881/66/467 882/70/468 883/71/469
f 883/71/469 882/70/468 884/72/456
f 881/66/467 885/62/465 882/70/468
f 885/62/465 881/66/467 886/67/463
f 885/62/465 886/67/463 887/73/459
f 881/66/467 883/71/469 888/74/470
f 888/74/470 883/71/469 889/75/471
f 881/66/467 888/74/470 890/76/451
f 891/19/331 892/18/472 893/36/473
f 893/36/473 892/18/472 894/22/426
f 895/13/427 896/14/281 897/20/428
f 897/20/428 896/14/281 898/35/330
f 899/2/474 900/2/474 901/2/475
f 900/2/474 899/2/474 902/2/474
f 903/2/476 904/2/477 905/2/476
f 904/2/477 903/2/476 906/2/478
f 907/2/479 904/2/477 906/2/478
f 904/2/477 907/2/479 908/2/479
f 909/2/480 910/2/480 911/2/480
f 909/2/480 911/2/480 912/2/480
f 913/2/481 914/2/481 915/2/481
f 914/2/481 916/2/481 915/2/481
f 917/2/482 918/2/483 919/2/484
f 918/2/483 917/2/482 920/2/485
f 921/2/486 920/2/485 917/2/482
f 922/2/487 918/2/483 920/2/485
f 918/2/483 922/2/487 923/2/488
f 920/2/485 924/2/489 922/2/487
f 920/2/485 921/2/486 925/2/490
f 924/2/489 920/2/485 925/2/490
f 926/2/491 925/2/490 921/2/486
f 925/2/490 927/2/492 924/2/489
f 925/2/490 926/2/491 928/2/493
f 927/2/492 925/2/490 928/2/493
f 929/2/494 928/2/493 926/2/491
f 928/2/493 930/2/495 927/2/492
f 928/2/493 929/2/494 931/2/496
f 930/2/495 928/2/493 931/2/496
f 929/2/494 932/2/497 931/2/496
f 931/2/496 932/2/497 930/2/495
f 932/2/497 929/2/494 933/2/498
f 932/2/497 934/2/499 930/2/495
f 935/28/500 936/58/501 937/34/502
f 936/58/501 935/28/500 938/30/503
f 939/32/504 940/16/505 941/31/506
f 942/17/507 941/31/506 940/16/505
f 943/2/508 944/2/508 945/2/508
f 944/2/508 943/2/508 946/2/508
f 947/29/509 948/34/510 949/6/511
f 948/34/510 947/29/509 950/28/305
f 951/28/512 952/58/513 953/34/514
f 952/58/513 951/28/512 954/30/515
f 955/2/516 956/2/517 957/2/518
f 956/2/517 955/2/516 958/2/519
f 959/2/519 956/2/517 958/2/519
f 956/2/517 959/2/519 960/2/517
f 961/2/520 962/2/521 963/2/522
f 962/2/521 961/2/520 964/2/523
f 965/2/524 964/2/523 961/2/520
f 964/2/523 965/2/524 966/2/525
f 967/2/526 966/2/525 965/2/524
f 966/2/525 967/2/526 968/2/527
f 969/2/528 968/2/527 967/2/526
f 968/2/527 969/2/528 970/2/529
f 971/2/177 970/2/529 969/2/528
f 970/2/529 971/2/177 972/2/177
f 973/2/530 974/2/531 975/2/532
f 974/2/531 973/2/530 976/2/533
f 977/2/534 974/2/531 976/2/533
f 974/2/531 977/2/534 978/2/535
f 979/4/536 980/5/537 981/2/402
f 980/5/537 979/4/536 982/3/538
f 979/4/536 983/3/539 982/3/538
f 984/4/540 983/3/539 979/4/536
f 984/4/540 985/3/541 983/3/539
f 986/4/541 985/3/541 984/4/540
f 986/4/541 987/3/542 985/3/541
f 987/3/542 986/4/541 988/4/542
f 988/4/542 989/3/543 987/3/542
f 990/4/543 989/3/543 988/4/542
f 991/16/544 992/11/545 993/28/546
f 993/28/546 992/11/545 994/29/430
f 995/17/434 996/16/544 997/30/547
f 997/30/547 996/16/544 998/28/546
f 999/58/428 1000/17/548 1001/16/544
f 999/58/428 1001/16/544 1002/34/549
f 1003/16/550 1004/77/551 1005/34/546
f 1004/77/551 1003/16/550 1006/11/552
f 1004/77/551 1006/11/552 1007/6/553
f 1008/18/472 1009/15/554 1010/22/430
f 1010/22/430 1009/15/554 1011/5/546
f 1012/21/289 1013/20/547 1014/3/546
f 1013/20/547 1012/21/289 1015/13/434
f 1016/26/555 1017/57/302 1018/58/556
f 1018/58/556 1017/57/302 1019/59/443
f 1020/60/302 1021/18/557 1022/61/558
f 1022/61/558 1021/18/557 1023/17/559
f 1024/4/560 1025/3/561 1026/3/562
f 1026/3/562 1027/4/562 1024/4/560
f 1028/4/563 1025/3/561 1024/4/560
f 1028/4/563 1029/3/564 1025/3/561
f 1029/3/564 1028/4/563 1030/3/564
f 1031/4/565 1030/3/564 1028/4/563
f 1032/4/566 1030/3/564 1031/4/565
f 1032/4/566 1033/3/563 1030/3/564
f 1033/3/563 1032/4/566 1034/3/567
f 1035/4/566 1034/3/567 1032/4/566
f 1034/3/567 1035/4/566 1036/3/568
f 1036/3/568 1035/4/566 1037/4/569
f 1038/2/570 1039/2/571 1040/2/571
f 1039/2/571 1038/2/570 1041/2/570
f 1042/3/572 1043/4/573 1044/5/574
f 1044/5/574 1043/4/573 1045/2/573
f 1046/2/575 1047/2/575 1048/2/576
f 1047/2/575 1046/2/575 1049/2/576
f 1050/2/577 1051/2/571 1052/2/571
f 1051/2/571 1050/2/577 1053/2/578
f 1054/2/579 1053/2/578 1050/2/577
f 1053/2/578 1054/2/579 1055/2/579
f 1056/2/580 1055/2/579 1054/2/579
f 1055/2/579 1056/2/580 1057/2/581
f 1058/2/582 1057/2/581 1056/2/580
f 1057/2/581 1058/2/582 1059/2/583
f 1060/2/584 1059/2/583 1058/2/582
f 1059/2/583 1060/2/584 1061/2/585
f 1062/2/586 1063/2/587 1064/2/588
f 1063/2/587 1062/2/586 1065/2/587
f 1065/2/587 1066/2/589 1063/2/587
f 1063/2/587 1066/2/589 1067/2/590
f 1068/2/481 1069/2/481 1070/2/481
f 1069/2/481 1068/2/481 1071/2/481
f 1072/2/591 1073/5/592 1074/3/593
f 1074/3/593 1075/4/593 1072/2/591
f 1076/2/594 1077/2/594 1078/2/595
f 1077/2/594 1076/2/594 1079/2/595
f 1080/2/596 1077/2/594 1079/2/595
f 1077/2/594 1080/2/596 1081/2/597
f 1082/2/575 1083/2/576 1084/2/598
f 1084/2/598 1085/2/576 1082/2/575
f 1086/3/599 1087/4/600 1088/3/600
f 1088/3/600 1087/4/600 1089/4/599
f 1090/3/601 1091/4/601 1092/3/602
f 1092/3/602 1091/4/601 1093/4/602
f 1090/3/601 1094/4/603 1091/4/601
f 1095/3/603 1094/4/603 1090/3/601
f 1095/3/603 1096/4/604 1094/4/603
f 1097/3/605 1096/4/604 1095/3/603
f 1097/3/605 1098/4/606 1096/4/604
f 1099/3/606 1098/4/606 1097/3/605
f 1099/3/606 1100/4/607 1098/4/606
f 1101/3/607 1100/4/607 1099/3/606
f 1102/4/608 1103/3/608 1104/4/608
f 1104/4/608 1103/3/608 1105/3/608
f 1106/2/609 1107/2/610 1108/2/609
f 1108/2/609 1109/2/611 1106/2/609
f 1110/2/612 1111/2/613 1112/2/612
f 1112/2/612 1113/2/612 1110/2/612
f 1114/3/614 1115/4/614 1116/4/614
f 1115/4/614 1114/3/614 1117/3/614
f 1118/2/615 1119/5/616 1120/2/616
f 1120/2/616 1119/5/616 1121/5/615
f 1122/4/615 1123/3/616 1124/2/616
f 1124/2/616 1123/3/616 1125/5/616
f 1126/4/617 1127/3/617 1128/4/617
f 1128/4/617 1127/3/617 1129/3/617
f 1130/3/618 1131/4/619 1132/4/620
f 1131/4/619 1130/3/618 1133/3/619
f 1132/4/620 1134/3/621 1130/3/618
f 1135/4/621 1134/3/621 1132/4/620
f 1135/4/621 1136/3/622 1134/3/621
f 1136/3/622 1135/4/621 1137/4/622
f 1137/4/622 1138/3/623 1136/3/622
f 1139/4/623 1138/3/623 1137/4/622
f 1139/4/623 1140/3/624 1138/3/623
f 1141/4/625 1140/3/624 1139/4/623
f 1141/4/625 1142/3/626 1140/3/624
f 1142/3/626 1141/4/625 1143/4/627
f 1143/4/627 1144/3/628 1142/3/626
f 1144/3/628 1143/4/627 1145/4/629
f 1145/4/629 1146/3/630 1144/3/628
f 1147/4/631 1146/3/630 1145/4/629
f 1148/29/437 1149/20/437 1150/28/437
f 1149/20/437 1148/29/437 1151/35/437
f 1152/5/437 1150/28/437 1149/20/437
f 1150/28/437 1152/5/437 1153/22/437
f 1153/22/437 1154/30/437 1150/28/437
f 1154/30/437 1153/22/437 1155/36/437
o RenderMesh_102383949384850
v 0.820347 -0.262736 0.094912
v 0.820347 -0.328041 0.000000
v 0.890034 -0.219065 -0.000000
v 0.890034 -0.153760 0.094912
v 0.239722 -0.262736 0.094912
v 1.202909 -0.153760 0.094912
v 0.239722 -0.328041 0.000000
v 1.262212 -0.219065 -0.000000
v 0.170035 -0.219065 -0.000000
v 1.243753 -0.123299 0.094912
v 0.170035 -0.153760 0.094912
v 1.319597 -0.167572 -0.000000
v -0.092508 -0.220406 -0.000000
v 1.319389 -0.037552 -0.000000
v -0.100505 -0.153760 0.094912
v 1.243753 -0.072884 0.094912
v -0.360505 -0.613760 0.094912
v 1.263072 0.001564 -0.000000
v -0.332877 -0.652072 0.000000
v -0.676471 -0.651909 0.000000
v -0.676471 -0.613760 0.094912
v 1.204041 -0.043760 0.094912
v -0.092200 0.002743 -0.000000
v -0.139687 -0.043760 0.094912
v -0.166576 0.067260 -0.000000
v -0.259687 0.067260 0.094912
v 0.170035 -0.153760 -0.094912
v -0.092508 -0.220406 -0.000000
v -0.100505 -0.153760 -0.094912
v -0.360505 -0.613760 -0.094912
v 0.170035 -0.219065 -0.000000
v -0.332877 -0.652072 0.000000
v -0.676471 -0.651909 0.000000
v -0.676471 -0.613760 -0.094912
v 0.239722 -0.262736 -0.094912
v 0.239722 -0.328041 0.000000
v 0.820347 -0.262736 -0.094912
v 0.820347 -0.328041 0.000000
v 0.890034 -0.219065 -0.000000
v 0.890034 -0.153760 -0.094912
v 1.202909 -0.153760 -0.094912
v 1.262212 -0.219065 -0.000000
v 1.243753 -0.123299 -0.094912
v 1.319597 -0.167572 -0.000000
v 1.319389 -0.037552 -0.000000
v 1.243753 -0.072884 -0.094912
v 1.263072 0.001564 -0.000000
v 1.204041 -0.043760 -0.094912
v -0.092200 0.002743 -0.000000
v -0.139687 -0.043760 -0.094912
v -0.166576 0.067260 -0.000000
v -0.259687 0.067260 -0.094912
v -0.219687 -0.123760 -0.094912
v -0.458185 0.067260 -0.000000
v -0.399687 0.067260 -0.094912
v -0.268759 -0.123922 -0.000000
v -0.458149 -0.437227 0.000000
v -0.439687 -0.493760 -0.094912
v -0.676471 -0.493760 -0.094912
v -0.676471 -0.438442 0.000000
v -0.458149 -0.437227 0.000000
v -0.676471 -0.493760 0.094912
v -0.439687 -0.493760 0.094912
v -0.676471 -0.438442 0.000000
v -0.219687 -0.123760 0.094912
v -0.268759 -0.123922 -0.000000
v -0.458185 0.067260 -0.000000
v -0.399687 0.067260 0.094912
v -0.921331 -0.474707 -0.109055
v -0.713754 -0.427842 -0.108214
v -0.889138 -0.561012 -0.108471
v -0.566815 -0.675027 -0.107184
v -0.579890 -0.429242 -0.107255
v -0.496668 -0.631763 -0.106704
v -0.813754 -0.327842 -0.108214
v -0.918056 -0.327328 -0.109331
v -1.066308 -0.239992 -0.106835
v -1.240996 -0.325584 -0.107387
v -1.093729 -0.089339 -0.106616
v -1.284235 0.200715 -0.106308
v -0.963838 0.049938 -0.106455
v -0.210408 0.200039 -0.106146
v -0.210408 0.047582 -0.106146
v -0.566815 -0.675027 0.107184
v -0.713754 -0.427842 0.108214
v -0.889138 -0.561012 0.108471
v -0.579890 -0.429242 0.107255
v -0.496668 -0.631763 0.106704
v -0.921331 -0.474707 0.109055
v -0.813754 -0.327842 0.108214
v -0.918056 -0.327328 0.109331
v -1.066308 -0.239992 0.106835
v -1.240996 -0.325584 0.107387
v -1.093729 -0.089339 0.106616
v -1.284235 0.200715 0.106308
v -0.963838 0.049938 0.106455
v -0.210408 0.200039 0.106146
v -0.210408 0.047582 0.106146
v 0.239722 -0.262736 -0.094912
v 0.890034 -0.153760 -0.094912
v 0.820347 -0.262736 -0.094912
v 0.170035 -0.153760 -0.094912
v -0.139687 -0.043760 -0.094912
v -0.100505 -0.153760 -0.094912
v 1.204041 -0.043760 -0.094912
v 1.202909 -0.153760 -0.094912
v 1.243753 -0.123299 -0.094912
v 1.243753 -0.072884 -0.094912
v -0.219687 -0.123760 -0.094912
v -0.259687 0.067260 -0.094912
v -0.399687 0.067260 -0.094912
v -0.439687 -0.493760 -0.094912
v -0.360505 -0.613760 -0.094912
v -0.676471 -0.613760 -0.094912
v -0.676471 -0.493760 -0.094912
v 1.243753 -0.123299 0.094912
v 1.204041 -0.043760 0.094912
v 1.202909 -0.153760 0.094912
v 1.243753 -0.072884 0.094912
v 0.890034 -0.153760 0.094912
v -0.139687 -0.043760 0.094912
v 0.239722 -0.262736 0.094912
v 0.820347 -0.262736 0.094912
v 0.170035 -0.153760 0.094912
v -0.100505 -0.153760 0.094912
v -0.219687 -0.123760 0.094912
v -0.259687 0.067260 0.094912
v -0.399687 0.067260 0.094912
v -0.439687 -0.493760 0.094912
v -0.360505 -0.613760 0.094912
v -0.676471 -0.613760 0.094912
v -0.676471 -0.493760 0.094912
v -0.176563 0.233780 -0.000000
v -1.284235 0.200715 -0.106308
v -1.319597 0.232869 -0.000000
v -1.280000 -0.353209 0.000000
v -0.210408 0.200039 -0.106146
v -1.240996 -0.325584 -0.107387
v -0.210408 0.047582 -0.106146
v -0.956474 -0.507095 0.000000
v -0.176655 0.013748 -0.000000
v -0.921331 -0.474707 -0.109055
v -0.932576 0.014077 -0.000000
v -0.889138 -0.561012 -0.108471
v -0.963838 0.049938 -0.106455
v -0.922715 -0.595021 0.000000
v -1.093729 -0.089339 -0.106616
v -0.562207 -0.722602 0.000000
v -1.041769 -0.099444 -0.000000
v -0.566815 -0.675027 -0.107184
v -1.023879 -0.217980 -0.000000
v -0.496668 -0.631763 -0.106704
v -1.066308 -0.239992 -0.106835
v -0.451307 -0.646820 0.000000
v -0.918056 -0.327328 -0.109331
v -0.579890 -0.429242 -0.107255
v -0.907091 -0.280810 0.000000
v -0.553432 -0.389436 0.000000
v -0.813754 -0.327842 -0.108214
v -0.695516 -0.383664 0.000000
v -0.795543 -0.283655 0.000000
v -0.713754 -0.427842 -0.108214
v -1.280000 -0.353209 0.000000
v -1.284235 0.200715 0.106308
v -1.319597 0.232869 -0.000000
v -0.176563 0.233780 -0.000000
v -1.240996 -0.325584 0.107387
v -0.210408 0.200039 0.106146
v -0.956474 -0.507095 0.000000
v -0.210408 0.047582 0.106146
v -0.921331 -0.474707 0.109055
v -0.176655 0.013748 -0.000000
v -0.889138 -0.561012 0.108471
v -0.932576 0.014077 -0.000000
v -0.922715 -0.595021 0.000000
v -0.963838 0.049938 0.106455
v -0.562207 -0.722602 0.000000
v -1.093729 -0.089339 0.106616
v -0.566815 -0.675027 0.107184
v -1.041769 -0.099444 -0.000000
v -0.496668 -0.631763 0.106704
v -1.023879 -0.217980 -0.000000
v -0.451307 -0.646820 0.000000
v -1.066308 -0.239992 0.106835
v -0.579890 -0.429242 0.107255
v -0.918056 -0.327328 0.109331
v -0.553432 -0.389436 0.000000
v -0.907091 -0.280810 0.000000
v -0.695516 -0.383664 0.000000
v -0.813754 -0.327842 0.108214
v -0.713754 -0.427842 0.108214
v -0.795543 -0.283655 0.000000
vn 0.1648 -0.8126 0.5591
vn 0.0543 -0.8226 0.5660
vn 0.1648 -0.8123 0.5595
vn -0.1656 -0.8122 0.5594
vn 0.1334 -0.7788 0.6130
vn -0.0542 -0.8226 0.5660
vn 0.0533 -0.8081 0.5866
vn -0.1606 -0.8107 0.5630
vn 0.6948 -0.2424 0.6771
vn -0.0532 -0.8199 0.5701
vn 0.5584 -0.4702 0.6834
vn 0.1715 -0.8001 0.5748
vn 0.5611 0.5271 0.6382
vn 0.0563 -0.8169 0.5740
vn 0.6843 0.3124 0.6589
vn 0.1335 -0.9062 0.4012
vn 0.0612 0.8829 0.4655
vn 0.0680 -0.9189 0.3885
vn -0.0004 -0.9275 0.3737
vn -0.0005 -0.9275 0.3738
vn 0.1168 0.8633 0.4909
vn 0.1266 0.8681 0.4801
vn 0.0621 0.8865 0.4585
vn 0.5545 0.6143 0.5613
vn 0.5546 0.6143 0.5613
vn -0.0532 -0.8199 -0.5701
vn 0.1715 -0.8001 -0.5748
vn 0.0563 -0.8170 -0.5740
vn 0.1335 -0.9062 -0.4012
vn -0.1606 -0.8107 -0.5630
vn 0.0680 -0.9189 -0.3885
vn -0.0004 -0.9275 -0.3737
vn -0.0005 -0.9275 -0.3738
vn -0.1656 -0.8125 -0.5590
vn -0.0542 -0.8226 -0.5660
vn 0.1648 -0.8123 -0.5595
vn 0.0543 -0.8226 -0.5660
vn 0.1334 -0.7788 -0.6130
vn 0.0533 -0.8081 -0.5866
vn 0.6948 -0.2424 -0.6772
vn 0.5585 -0.4702 -0.6834
vn 0.5611 0.5271 -0.6382
vn 0.6843 0.3124 -0.6589
vn 0.0612 0.8829 -0.4655
vn 0.1168 0.8633 -0.4909
vn 0.1266 0.8680 -0.4801
vn 0.0621 0.8865 -0.4585
vn 0.5545 0.6143 -0.5613
vn 0.5546 0.6143 -0.5613
vn -0.8649 -0.1584 -0.4762
vn -0.6660 -0.6433 -0.3777
vn -0.8651 -0.1575 -0.4763
vn -0.1587 0.8380 -0.5221
vn -0.0610 0.8554 -0.5143
vn -0.0024 0.8616 -0.5076
vn -0.1587 0.8379 0.5222
vn -0.0024 0.8616 0.5076
vn -0.0610 0.8555 0.5143
vn -0.8649 -0.1584 0.4762
vn -0.8651 -0.1575 0.4763
vn -0.6660 -0.6433 0.3777
vn 0.0015 0.0007 -1.0000
vn 0.0016 0.0007 -1.0000
vn 0.0015 0.0008 -1.0000
vn 0.0015 0.0008 1.0000
vn 0.0016 0.0007 1.0000
vn 0.0015 0.0007 1.0000
vn -0.0004 -0.0002 -1.0000
vn -0.0003 -0.0002 -1.0000
vn -0.0005 -0.0003 -1.0000
vn -0.0004 -0.0002 1.0000
vn -0.0003 -0.0002 1.0000
vn 0.0757 0.9454 -0.3170
vn -0.1332 0.9315 -0.3384
vn -0.0776 0.9439 -0.3210
vn -0.5513 -0.7375 -0.3901
vn 0.1334 0.9336 -0.3326
vn -0.7059 -0.5865 -0.3972
vn 0.1316 -0.9288 -0.3465
vn -0.6523 -0.6462 -0.3963
vn 0.0748 -0.9404 -0.3318
vn -0.5154 -0.7653 -0.3855
vn 0.1178 -0.9332 -0.3395
vn -0.5819 -0.7058 -0.4041
vn 0.0680 -0.9420 -0.3288
vn -0.4214 -0.8186 -0.3902
vn 0.8234 -0.3628 -0.4364
vn 0.0045 -0.9177 -0.3972
vn 0.8521 -0.2834 -0.4399
vn 0.0084 -0.9177 -0.3972
vn 0.7082 0.5676 -0.4198
vn 0.8359 -0.3480 -0.4245
vn 0.6050 0.6862 -0.4038
vn 0.7499 -0.5170 -0.4128
vn 0.0748 0.9181 -0.3893
vn 0.1628 0.9066 -0.3894
vn 0.1374 0.9104 -0.3903
vn 0.0885 0.9213 -0.3787
vn 0.1413 0.9055 -0.4001
vn 0.1667 0.9075 -0.3855
vn 0.0758 0.9163 -0.3933
vn 0.0885 0.9221 -0.3767
vn -0.5512 -0.7375 0.3902
vn -0.1332 0.9315 0.3384
vn -0.0776 0.9439 0.3210
vn 0.0757 0.9454 0.3170
vn -0.7059 -0.5865 0.3972
vn 0.1334 0.9336 0.3326
vn -0.6523 -0.6462 0.3963
vn 0.1315 -0.9288 0.3465
vn -0.5154 -0.7653 0.3855
vn 0.0748 -0.9404 0.3317
vn -0.5819 -0.7058 0.4041
vn 0.1178 -0.9332 0.3395
vn -0.4214 -0.8186 0.3902
vn 0.0680 -0.9420 0.3287
vn 0.0045 -0.9177 0.3972
vn 0.8234 -0.3628 0.4363
vn 0.0084 -0.9177 0.3972
vn 0.8521 -0.2834 0.4399
vn 0.8359 -0.3480 0.4245
vn 0.7082 0.5676 0.4198
vn 0.7499 -0.5170 0.4128
vn 0.6050 0.6862 0.4038
vn 0.1628 0.9066 0.3894
vn 0.0748 0.9181 0.3893
vn 0.0885 0.9213 0.3787
vn 0.1374 0.9104 0.3903
vn 0.1667 0.9075 0.3855
vn 0.1413 0.9055 0.4001
vn 0.0885 0.9221 0.3767
vn 0.0758 0.9163 0.3933
vt 0.000000 0.000000
s 1
f 1156/78/632 1157/78/633 1158/78/634
f 1158/78/634 1159/78/633 1156/78/632
f 1160/78/635 1157/78/633 1156/78/632
f 1158/78/634 1161/78/636 1159/78/633
f 1157/78/633 1160/78/635 1162/78/637
f 1161/78/636 1158/78/634 1163/78/638
f 1160/78/635 1164/78/639 1162/78/637
f 1163/78/638 1165/78/640 1161/78/636
f 1164/78/639 1160/78/635 1166/78/641
f 1165/78/640 1163/78/638 1167/78/642
f 1168/78/643 1164/78/639 1166/78/641
f 1169/78/644 1165/78/640 1167/78/642
f 1168/78/643 1166/78/641 1170/78/645
f 1165/78/640 1169/78/644 1171/78/646
f 1170/78/645 1172/78/647 1168/78/643
f 1171/78/646 1169/78/644 1173/78/648
f 1174/78/649 1168/78/643 1172/78/647
f 1172/78/647 1175/78/650 1174/78/649
f 1175/78/650 1172/78/647 1176/78/651
f 1171/78/646 1173/78/648 1177/78/652
f 1178/78/653 1177/78/652 1173/78/648
f 1177/78/652 1178/78/653 1179/78/654
f 1178/78/653 1180/78/655 1179/78/654
f 1179/78/654 1180/78/655 1181/78/656
f 1182/78/657 1183/78/658 1184/78/659
f 1183/78/658 1185/78/660 1184/78/659
f 1183/78/658 1182/78/657 1186/78/661
f 1185/78/660 1183/78/658 1187/78/662
f 1187/78/662 1188/78/663 1185/78/660
f 1189/78/664 1185/78/660 1188/78/663
f 1182/78/657 1190/78/665 1186/78/661
f 1186/78/661 1190/78/665 1191/78/666
f 1192/78/667 1191/78/666 1190/78/665
f 1191/78/666 1192/78/667 1193/78/668
f 1192/78/667 1194/78/667 1193/78/668
f 1194/78/667 1192/78/667 1195/78/668
f 1196/78/669 1194/78/667 1195/78/668
f 1194/78/667 1196/78/669 1197/78/670
f 1197/78/670 1196/78/669 1198/78/671
f 1199/78/672 1197/78/670 1198/78/671
f 1198/78/671 1200/78/673 1199/78/672
f 1200/78/673 1198/78/671 1201/78/674
f 1201/78/674 1202/78/675 1200/78/673
f 1202/78/675 1201/78/674 1203/78/676
f 1204/78/677 1202/78/675 1203/78/676
f 1203/78/676 1205/78/678 1204/78/677
f 1205/78/678 1206/78/679 1204/78/677
f 1206/78/679 1205/78/678 1207/78/680
f 1208/78/681 1209/78/682 1210/78/682
f 1209/78/682 1208/78/681 1211/78/683
f 1208/78/681 1212/78/684 1211/78/683
f 1212/78/684 1208/78/681 1213/78/685
f 1214/78/686 1212/78/684 1213/78/685
f 1212/78/684 1214/78/686 1215/78/686
f 1216/78/687 1217/78/688 1218/78/689
f 1217/78/688 1216/78/687 1219/78/688
f 1220/78/690 1216/78/687 1218/78/689
f 1216/78/687 1220/78/690 1221/78/691
f 1220/78/690 1222/78/692 1221/78/691
f 1222/78/692 1220/78/690 1223/78/692
f 1224/78/693 1225/78/694 1226/78/694
f 1226/78/694 1225/78/694 1227/78/695
f 1228/78/693 1227/78/695 1225/78/694
f 1227/78/695 1228/78/693 1229/78/695
f 1225/78/694 1224/78/693 1230/78/693
f 1230/78/693 1224/78/693 1231/78/693
f 1232/78/695 1231/78/693 1224/78/693
f 1224/78/693 1233/78/693 1232/78/695
f 1233/78/693 1234/78/695 1232/78/695
f 1234/78/695 1233/78/693 1235/78/695
f 1235/78/695 1236/78/694 1234/78/695
f 1235/78/695 1237/78/693 1236/78/694
f 1238/78/693 1236/78/694 1237/78/693
f 1239/78/696 1240/78/697 1241/78/697
f 1240/78/697 1239/78/696 1242/78/698
f 1242/78/698 1239/78/696 1243/78/696
f 1241/78/697 1240/78/697 1244/78/698
f 1245/78/698 1244/78/698 1240/78/697
f 1244/78/698 1245/78/698 1246/78/698
f 1247/78/696 1244/78/698 1246/78/698
f 1244/78/698 1247/78/696 1248/78/698
f 1249/78/696 1248/78/698 1247/78/696
f 1248/78/698 1249/78/696 1250/78/696
f 1250/78/696 1249/78/696 1251/78/697
f 1252/78/698 1250/78/696 1251/78/697
f 1251/78/697 1253/78/698 1252/78/698
f 1254/78/699 1255/78/700 1256/78/699
f 1255/78/700 1254/78/699 1257/78/699
f 1258/78/700 1255/78/700 1257/78/699
f 1258/78/700 1257/78/699 1259/78/699
f 1255/78/700 1258/78/700 1260/78/699
f 1260/78/699 1261/78/699 1255/78/700
f 1261/78/699 1260/78/699 1262/78/699
f 1262/78/699 1260/78/699 1263/78/699
f 1264/78/699 1258/78/700 1259/78/699
f 1264/78/699 1265/78/699 1258/78/700
f 1265/78/699 1264/78/699 1266/78/701
f 1259/78/699 1267/78/699 1264/78/699
f 1259/78/699 1268/78/699 1267/78/699
f 1269/78/699 1267/78/699 1268/78/699
f 1267/78/699 1269/78/699 1270/78/699
f 1271/78/702 1272/78/702 1273/78/702
f 1272/78/702 1271/78/702 1274/78/702
f 1273/78/702 1272/78/702 1275/78/703
f 1276/78/703 1275/78/703 1272/78/702
f 1275/78/703 1277/78/702 1278/78/702
f 1277/78/702 1275/78/703 1279/78/702
f 1275/78/703 1276/78/703 1279/78/702
f 1276/78/703 1280/78/702 1279/78/702
f 1280/78/702 1276/78/703 1281/78/702
f 1282/78/702 1281/78/702 1276/78/703
f 1281/78/702 1282/78/702 1283/78/702
f 1284/78/702 1280/78/702 1281/78/702
f 1280/78/702 1284/78/702 1285/78/702
f 1284/78/702 1286/78/702 1285/78/702
f 1286/78/702 1284/78/702 1287/78/702
f 1288/78/704 1289/78/705 1290/78/706
f 1289/78/705 1291/78/707 1290/78/706
f 1289/78/705 1288/78/704 1292/78/708
f 1289/78/705 1293/78/709 1291/78/707
f 1288/78/704 1294/78/710 1292/78/708
f 1293/78/709 1295/78/711 1291/78/707
f 1294/78/710 1288/78/704 1296/78/712
f 1293/78/709 1297/78/713 1295/78/711
f 1298/78/714 1294/78/710 1296/78/712
f 1299/78/715 1295/78/711 1297/78/713
f 1294/78/710 1298/78/714 1300/78/716
f 1295/78/711 1299/78/715 1301/78/717
f 1302/78/718 1300/78/716 1298/78/714
f 1299/78/715 1303/78/719 1301/78/717
f 1302/78/718 1298/78/714 1304/78/720
f 1299/78/715 1305/78/721 1303/78/719
f 1306/78/722 1302/78/718 1304/78/720
f 1307/78/723 1303/78/719 1305/78/721
f 1302/78/718 1306/78/722 1308/78/724
f 1303/78/719 1307/78/723 1309/78/725
f 1306/78/722 1310/78/726 1308/78/724
f 1311/78/727 1309/78/725 1307/78/723
f 1310/78/726 1306/78/722 1312/78/728
f 1309/78/725 1311/78/727 1313/78/729
f 1310/78/726 1312/78/728 1314/78/730
f 1311/78/727 1315/78/731 1313/78/729
f 1314/78/730 1312/78/728 1316/78/732
f 1317/78/733 1315/78/731 1311/78/727
f 1314/78/730 1316/78/732 1317/78/733
f 1317/78/733 1316/78/732 1315/78/731
f 1318/78/734 1319/78/735 1320/78/736
f 1319/78/735 1321/78/737 1320/78/736
f 1319/78/735 1318/78/734 1322/78/738
f 1321/78/737 1319/78/735 1323/78/739
f 1324/78/740 1322/78/738 1318/78/734
f 1321/78/737 1323/78/739 1325/78/741
f 1322/78/738 1324/78/740 1326/78/742
f 1327/78/743 1321/78/737 1325/78/741
f 1324/78/740 1328/78/744 1326/78/742
f 1329/78/745 1327/78/743 1325/78/741
f 1330/78/746 1328/78/744 1324/78/740
f 1329/78/745 1325/78/741 1331/78/747
f 1332/78/748 1328/78/744 1330/78/746
f 1333/78/749 1329/78/745 1331/78/747
f 1328/78/744 1332/78/748 1334/78/750
f 1329/78/745 1333/78/749 1335/78/751
f 1332/78/748 1336/78/752 1334/78/750
f 1335/78/751 1333/78/749 1337/78/753
f 1338/78/754 1336/78/752 1332/78/748
f 1337/78/753 1333/78/749 1339/78/755
f 1338/78/754 1340/78/756 1336/78/752
f 1341/78/757 1337/78/753 1339/78/755
f 1338/78/754 1342/78/758 1340/78/756
f 1337/78/753 1341/78/757 1343/78/759
f 1344/78/760 1340/78/756 1342/78/758
f 1345/78/761 1343/78/759 1341/78/757
f 1340/78/756 1344/78/760 1346/78/762
f 1343/78/759 1345/78/761 1347/78/763
f 1347/78/763 1346/78/762 1344/78/760
f 1346/78/762 1347/78/763 1345/78/761
o RenderMesh_114553558270644
v 0.144388 0.054929 0.117475
v 0.144388 0.174211 0.166134
v 0.119126 0.064459 0.108089
v 0.144388 0.005520 0.000000
v 0.119126 0.174211 0.152861
v 0.119126 0.018997 0.000000
v 0.119126 0.283963 0.108089
v 0.119126 0.064459 -0.108089
v 0.144388 0.293493 0.117475
v 0.144388 0.054929 -0.117475
v 0.144388 0.342902 -0.000000
v 0.144388 0.174211 -0.166134
v 0.119126 0.329425 -0.000000
v 0.119126 0.174211 -0.152861
v 0.119126 0.283963 -0.108089
v 0.144388 0.293493 -0.117475
v 0.703424 0.174211 0.152861
v 0.703424 0.283963 0.108089
v 0.678162 0.174211 0.166134
v 0.703424 0.064459 0.108089
v 0.678162 0.293493 0.117475
v 0.678162 0.054929 0.117475
v 0.678162 0.342902 -0.000000
v 0.678162 0.005520 0.000000
v 0.703424 0.329425 -0.000000
v 0.703424 0.018997 0.000000
v 0.703424 0.283963 -0.108089
v 0.703424 0.064459 -0.108089
v 0.678162 0.293493 -0.117475
v 0.678162 0.054929 -0.117475
v 0.678162 0.174211 -0.166134
v 0.703424 0.174211 -0.152861
v 0.144388 0.174211 0.166134
v 0.678162 0.174211 0.166134
v 0.678162 0.293493 0.117475
v 0.144388 0.054929 0.117475
v 0.144388 0.293493 0.117475
v 0.678162 0.054929 0.117475
v 0.678162 0.342902 -0.000000
v 0.144388 0.005520 0.000000
v 0.144388 0.342902 -0.000000
v 0.678162 0.005520 0.000000
v 0.678162 0.293493 -0.117475
v 0.144388 0.054929 -0.117475
v 0.144388 0.293493 -0.117475
v 0.678162 0.054929 -0.117475
v 0.678162 0.174211 -0.166134
v 0.144388 0.174211 -0.166134
vn -0.4679 -0.6220 0.6279
vn -0.4647 0.0004 0.8854
vn -0.4679 -0.6201 0.6298
vn -0.4705 -0.8824 0.0005
vn -0.4648 0.0004 0.8854
vn -0.4679 0.6201 0.6298
vn -0.4679 -0.6201 -0.6298
vn -0.4678 0.6219 0.6280
vn -0.4678 -0.6219 -0.6280
vn -0.4705 0.8824 0.0005
vn -0.4647 0.0004 -0.8854
vn -0.4648 0.0004 -0.8854
vn -0.4679 0.6201 -0.6298
vn -0.4679 0.6220 -0.6279
vn 0.4651 0.0005 0.8853
vn 0.4682 0.6199 0.6297
vn 0.4681 -0.6200 0.6296
vn 0.4683 0.6218 0.6278
vn 0.4682 -0.6220 0.6277
vn 0.4709 0.8822 0.0005
vn 0.4709 -0.8822 0.0005
vn 0.4681 0.6200 -0.6296
vn 0.4682 -0.6199 -0.6297
vn 0.4683 0.6218 -0.6278
vn 0.4683 -0.6218 -0.6278
vn 0.4651 0.0005 -0.8853
vn 0.0002 0.0004 1.0000
vn 0.0003 0.7032 0.7110
vn 0.0003 -0.7032 0.7110
vn -0.0000 0.7033 0.7109
vn -0.0000 -0.7033 0.7109
vn 0.0002 1.0000 0.0004
vn 0.0002 -1.0000 0.0004
vn -0.0000 0.7033 -0.7109
vn -0.0000 -0.7033 -0.7109
vn 0.0003 0.7032 -0.7110
vn 0.0003 -0.7032 -0.7110
vn 0.0002 0.0004 -1.0000
vt 0.000000 0.000000
s 1
f 1348/79/764 1349/79/765 1350/79/766
f 1350/79/766 1351/79/767 1348/79/764
f 1350/79/766 1349/79/765 1352/79/768
f 1351/79/767 1350/79/766 1353/79/767
f 1349/79/765 1354/79/769 1352/79/768
f 1355/79/770 1351/79/767 1353/79/767
f 1354/79/769 1349/79/765 1356/79/771
f 1357/79/772 1351/79/767 1355/79/770
f 1356/79/771 1358/79/773 1354/79/769
f 1355/79/770 1359/79/774 1357/79/772
f 1354/79/769 1358/79/773 1360/79/773
f 1359/79/774 1355/79/770 1361/79/775
f 1358/79/773 1362/79/776 1360/79/773
f 1362/79/776 1359/79/774 1361/79/775
f 1362/79/776 1358/79/773 1363/79/777
f 1363/79/777 1359/79/774 1362/79/776
f 1364/79/778 1365/79/779 1366/79/778
f 1366/79/778 1367/79/780 1364/79/778
f 1366/79/778 1365/79/779 1368/79/781
f 1367/79/780 1366/79/778 1369/79/782
f 1365/79/779 1370/79/783 1368/79/781
f 1371/79/784 1367/79/780 1369/79/782
f 1370/79/783 1365/79/779 1372/79/783
f 1373/79/784 1367/79/780 1371/79/784
f 1374/79/785 1370/79/783 1372/79/783
f 1371/79/784 1375/79/786 1373/79/784
f 1376/79/787 1370/79/783 1374/79/785
f 1375/79/786 1371/79/784 1377/79/788
f 1374/79/785 1378/79/789 1376/79/787
f 1378/79/789 1375/79/786 1377/79/788
f 1378/79/789 1374/79/785 1379/79/789
f 1379/79/789 1375/79/786 1378/79/789
f 1380/79/790 1381/79/790 1382/79/791
f 1383/79/792 1381/79/790 1380/79/790
f 1380/79/790 1382/79/791 1384/79/793
f 1383/79/792 1385/79/794 1381/79/790
f 1386/79/795 1384/79/793 1382/79/791
f 1387/79/796 1385/79/794 1383/79/792
f 1386/79/795 1388/79/795 1384/79/793
f 1387/79/796 1389/79/796 1385/79/794
f 1390/79/797 1388/79/795 1386/79/795
f 1391/79/798 1389/79/796 1387/79/796
f 1390/79/797 1392/79/799 1388/79/795
f 1391/79/798 1393/79/800 1389/79/796
f 1392/79/799 1390/79/797 1394/79/801
f 1395/79/801 1393/79/800 1391/79/798
f 1392/79/799 1394/79/801 1395/79/801
f 1395/79/801 1394/79/801 1393/79/800
o RenderMesh_120498557847135
v -1.528574 -0.273807 0.000000
v -1.481634 -0.349319 0.123458
v -1.503284 -0.271452 0.123458
v -1.499364 -0.367505 0.000000
v -1.568393 0.274716 -0.000000
v -1.543284 0.358286 0.123458
v -1.566468 0.368660 -0.000000
v -1.543284 0.278548 0.123458
v -1.481634 -0.349319 -0.123458
v -1.528574 -0.273807 0.000000
v -1.503284 -0.271452 -0.123458
v -1.499364 -0.367505 0.000000
v -1.543284 0.358286 -0.123458
v -1.543284 0.278548 -0.123458
v -1.568393 0.274716 -0.000000
v -1.566468 0.368660 -0.000000
v -1.518391 0.114716 -0.000000
v -1.488284 -0.096452 0.123458
v -1.493284 0.118548 0.123458
v -1.513672 -0.095729 0.000000
v -1.568393 0.274716 -0.000000
v -1.543284 0.278548 0.123458
v -1.493284 0.118548 -0.123458
v -1.568393 0.274716 -0.000000
v -1.543284 0.278548 -0.123458
v -1.518391 0.114716 -0.000000
v -1.488284 -0.096452 -0.123458
v -1.513672 -0.095729 0.000000
v -1.513672 -0.095729 0.000000
v -1.503284 -0.271452 0.123458
v -1.488284 -0.096452 0.123458
v -1.528574 -0.273807 0.000000
v -1.503284 -0.271452 -0.123458
v -1.513672 -0.095729 0.000000
v -1.488284 -0.096452 -0.123458
v -1.528574 -0.273807 0.000000
v -1.496394 0.432014 -0.000000
v -1.543284 0.358286 0.123458
v -1.487336 0.408286 0.123458
v -1.566468 0.368660 -0.000000
v -1.496394 0.432014 -0.000000
v -1.487336 0.408286 -0.123458
v -1.543284 0.358286 -0.123458
v -1.566468 0.368660 -0.000000
v 1.625117 0.183417 -0.084757
v 1.625117 0.145548 -0.037869
v 1.625117 0.123485 -0.059932
v 1.625117 0.183417 -0.053554
v 1.625117 0.221286 -0.037869
v 1.625117 0.183417 -0.084757
v 1.625117 0.243349 -0.059932
v 1.625117 0.183417 -0.053554
v 1.625117 0.145548 0.037869
v 1.625117 0.183417 0.053554
v 1.625117 0.183417 0.084757
v 1.625117 0.123485 0.059932
v 1.625117 0.243349 -0.059932
v 1.625117 0.268174 -0.000000
v 1.625117 0.236972 -0.000000
v 1.625117 0.221286 -0.037869
v 1.625117 0.098660 -0.000000
v 1.625117 0.123485 -0.059932
v 1.625117 0.145548 -0.037869
v 1.625117 0.129863 -0.000000
v 1.625117 0.221286 0.037869
v 1.625117 0.183417 0.084757
v 1.625117 0.183417 0.053554
v 1.625117 0.243349 0.059932
v 1.625117 0.098660 -0.000000
v 1.625117 0.145548 0.037869
v 1.625117 0.123485 0.059932
v 1.625117 0.129863 -0.000000
v 1.625117 0.243349 0.059932
v 1.625117 0.236972 -0.000000
v 1.625117 0.268174 -0.000000
v 1.625117 0.221286 0.037869
v 1.520685 0.437578 0.017082
v 1.532961 0.368744 -0.049485
v 1.520685 0.437578 -0.017082
v 1.532961 0.368744 0.049485
v 1.532961 0.368744 0.049485
v 1.517956 0.286770 0.040893
v 1.517956 0.286770 -0.040893
v 1.496515 0.236971 -0.000000
v 1.496515 0.183417 -0.053554
v 1.496515 0.221286 -0.037869
v 1.496515 0.183417 0.053554
v 1.496515 0.221286 0.037869
v 1.496515 0.129863 -0.000000
v 1.496515 0.145548 -0.037869
v 1.496515 0.145548 0.037869
v 1.589533 0.270583 0.087166
v 1.625117 0.268174 -0.000000
v 1.589533 0.306689 -0.000000
v 1.625117 0.243349 0.059932
v 1.589533 0.270583 -0.087166
v 1.589533 0.306689 -0.000000
v 1.625117 0.268174 -0.000000
v 1.625117 0.243349 -0.059932
v 1.589533 0.270583 0.087166
v 1.625117 0.183417 0.084757
v 1.625117 0.243349 0.059932
v 1.589533 0.183417 0.123272
v 1.589533 0.270583 -0.087166
v 1.625117 0.183417 -0.084757
v 1.589533 0.183417 -0.123272
v 1.625117 0.243349 -0.059932
v 1.625117 0.183417 0.084757
v 1.589533 0.096251 0.087166
v 1.625117 0.123485 0.059932
v 1.589533 0.183417 0.123272
v 1.589533 0.096251 -0.087166
v 1.589533 0.183417 -0.123272
v 1.625117 0.183417 -0.084757
v 1.625117 0.123485 -0.059932
v 1.625117 0.098660 -0.000000
v 1.589533 0.096251 0.087166
v 1.589533 0.060145 -0.000000
v 1.625117 0.123485 0.059932
v 1.589533 0.096251 -0.087166
v 1.625117 0.098660 -0.000000
v 1.589533 0.060145 -0.000000
v 1.625117 0.123485 -0.059932
v 1.250210 -0.136176 0.000000
v 1.250210 -0.123365 -0.030929
v 1.263329 -0.109921 -0.015060
v 1.263329 -0.116159 0.000000
v 1.263329 -0.109921 0.015060
v 1.250210 -0.136176 0.000000
v 1.250210 -0.123365 0.030929
v -1.396147 -0.394058 0.000000
v -1.481634 -0.349319 0.123458
v -1.499364 -0.367505 0.000000
v -1.401897 -0.369319 0.123458
v -1.481634 -0.349319 -0.123458
v -1.401897 -0.369319 -0.123458
v -1.396147 -0.394058 0.000000
v -1.499364 -0.367505 0.000000
v 1.213628 0.350251 -0.000000
v 1.213628 0.174074 -0.176176
v 1.213628 0.298650 -0.124576
v 1.213628 0.174074 0.176176
v 1.213628 0.298650 0.124576
v 1.213628 -0.002102 0.000000
v 1.213628 0.049499 -0.124576
v 1.213628 0.049499 0.124576
v 1.139459 0.318583 0.144509
v 1.139459 0.174074 0.215137
v 1.139459 0.174074 0.204366
v 1.139459 0.326199 0.152125
v 1.139459 0.389211 -0.000000
v 1.139459 0.029566 0.144509
v 1.139459 0.021950 0.152125
v 1.213628 0.298650 0.124576
v 1.213628 0.174074 0.176176
v 1.213628 0.049499 0.124576
v 1.139459 0.378440 -0.000000
v 1.213628 0.350251 -0.000000
v 1.213628 0.298650 -0.124576
v 1.139459 -0.030292 0.000000
v 1.213628 -0.002102 0.000000
v 1.139459 -0.041062 0.000000
v 1.213628 0.049499 -0.124576
v 1.139459 0.021950 -0.152125
v 1.139459 0.029566 -0.144509
v 1.139459 0.174074 -0.215137
v 1.139459 0.174074 -0.204366
v 1.213628 0.174074 -0.176176
v 1.139459 0.174074 -0.204366
v 1.213628 0.174074 -0.176176
v 1.139459 0.318583 -0.144509
v 1.139459 0.174074 -0.215137
v 1.139459 0.326199 -0.152125
v 1.263329 -0.094860 0.021299
v 1.250210 -0.123365 0.030929
v 1.263329 -0.109921 0.015060
v 1.250210 -0.092436 0.043741
v -0.890025 -0.425456 0.076035
v -0.850124 -0.234296 0.076034
v -0.911494 -0.425456 0.000000
v -0.873570 -0.223310 0.000000
v -0.850124 -0.234296 0.076034
v -0.775726 -0.131284 0.076034
v -0.795826 -0.114962 0.000000
v -0.668898 -0.013965 0.076034
v -0.692709 -0.003791 0.000000
v -0.652221 0.088998 0.076034
v -0.679889 0.088998 -0.000000
v 1.263329 -0.109921 -0.015060
v 1.250210 -0.123365 -0.030929
v 1.263329 -0.094860 -0.021299
v 1.250210 -0.092436 -0.043741
v -0.652221 0.088998 -0.076034
v -0.692709 -0.003791 0.000000
v -0.679889 0.088998 -0.000000
v -0.668898 -0.013965 -0.076034
v -0.795826 -0.114962 0.000000
v -0.775726 -0.131284 -0.076034
v -0.873570 -0.223310 0.000000
v -0.850124 -0.234296 -0.076034
v -0.911494 -0.425456 0.000000
v -0.890025 -0.425456 -0.076034
v 1.139459 0.326199 0.152125
v 1.139459 0.389211 -0.000000
v 1.099901 0.413539 -0.000000
v 1.139459 0.326199 -0.152125
v 1.099901 0.343402 0.169327
v 1.099901 0.343402 -0.169327
v 1.099901 0.174074 -0.239465
v 1.139459 0.174074 -0.215137
v 1.099901 0.174074 0.239465
v 1.139459 0.174074 0.215137
v 1.139459 0.021950 0.152125
v 1.099901 0.004747 0.169327
v 1.099901 -0.065391 0.000000
v 1.139459 -0.041062 0.000000
v 1.139459 0.021950 -0.152125
v 1.099901 0.004747 -0.169327
v 1.099901 0.174074 -0.239465
v 1.139459 0.174074 -0.215137
v 1.066721 -0.277753 -0.000178
v 1.089057 -0.224354 0.087814
v 1.056828 -0.256583 0.087814
v 1.115741 -0.234200 -0.000178
v 1.089057 -0.224354 -0.088170
v 1.066721 -0.277753 -0.000178
v 1.056828 -0.256583 -0.088170
v 1.115741 -0.234200 -0.000178
v 1.263329 -0.079800 0.015060
v 1.250210 -0.092436 0.043741
v 1.263329 -0.094860 0.021299
v 1.250210 -0.061507 0.030929
v 1.115741 -0.147072 -0.000178
v 1.089057 -0.224354 0.087814
v 1.115741 -0.234200 -0.000178
v 1.089057 -0.147072 0.087814
v 1.263329 -0.079800 -0.015060
v 1.250210 -0.092436 -0.043741
v 1.250210 -0.061507 -0.030929
v 1.263329 -0.094860 -0.021299
v 1.089057 -0.147072 -0.088170
v 1.115741 -0.147072 -0.000178
v 1.089057 -0.224354 -0.088170
v 1.115741 -0.234200 -0.000178
v 1.250210 -0.061507 0.030929
v 1.263329 -0.073562 0.000000
v 1.250210 -0.048695 0.000000
v 1.263329 -0.079800 0.015060
v 1.250210 -0.061507 -0.030929
v 1.263329 -0.073562 0.000000
v 1.263329 -0.079800 -0.015060
v 1.526242 0.030942 0.030929
v 1.516176 0.017823 0.000000
v 1.539053 0.030942 0.000000
v 1.510066 0.017823 0.014753
v 1.526242 0.030942 -0.030929
v 1.516176 0.017823 0.000000
v 1.510066 0.017823 -0.014753
v -0.389326 -0.002102 0.000000
v -0.389326 0.174074 0.176176
v -0.389326 0.174074 -0.176176
v -0.389326 0.049499 0.124576
v -0.389326 0.049499 -0.124576
v -0.389326 0.350251 -0.000000
v -0.389326 0.298650 -0.124576
v -0.389326 0.298650 0.124576
v -0.254056 0.545496 0.030844
v -0.254056 0.545496 -0.030719
v -0.257367 0.535361 0.018000
v -0.257367 0.535361 -0.018000
v -0.277619 0.473361 0.036000
v -0.257367 0.535361 0.018000
v -0.279870 0.466468 0.055499
v -0.279870 0.466468 -0.055374
v -0.277619 0.473361 -0.036000
v -0.254056 0.545496 -0.030719
v -0.315158 0.318583 -0.144509
v -0.315158 0.174074 -0.215137
v -0.315158 0.174074 -0.204366
v -0.315158 0.326199 -0.152125
v -0.315158 0.389211 -0.000000
v -0.315158 0.029566 -0.144509
v -0.315158 0.021950 -0.152125
v -0.389326 0.298650 -0.124576
v -0.389326 0.174074 -0.176176
v -0.389326 0.049499 -0.124576
v -0.315158 0.378440 -0.000000
v -0.389326 0.350251 -0.000000
v -0.389326 0.298650 0.124576
v -0.315158 0.318583 0.144509
v -0.315158 0.326199 0.152125
v -0.315158 0.174074 0.215137
v -0.315158 0.174074 0.204366
v -0.389326 0.174074 0.176176
v -0.315158 -0.030292 0.000000
v -0.389326 -0.002102 0.000000
v -0.315158 -0.041062 0.000000
v -0.389326 0.049499 0.124576
v -0.315158 0.021950 0.152125
v -0.315158 0.029566 0.144509
v -0.315158 0.174074 0.215137
v -0.315158 0.174074 0.204366
v -0.389326 0.174074 0.176176
v -0.665214 0.243773 -0.150659
v -0.652404 0.274703 -0.150659
v -0.638960 0.258834 -0.163778
v -0.645197 0.243773 -0.163778
v -0.638960 0.228713 -0.163778
v -0.665214 0.243773 -0.150659
v -0.652404 0.212844 -0.150659
v -0.315158 0.326199 -0.152125
v -0.275601 0.413539 -0.000000
v -0.275601 0.343402 -0.169327
v -0.275601 0.174074 -0.239465
v -0.315158 0.389211 -0.000000
v -0.315158 0.174074 -0.215137
v -0.315158 0.326199 0.152125
v -0.315158 0.021950 -0.152125
v -0.275601 0.343402 0.169327
v -0.275601 0.174074 0.239465
v -0.315158 0.174074 0.215137
v -0.275601 0.004747 -0.169327
v -0.275601 -0.065391 0.000000
v -0.315158 -0.041062 0.000000
v -0.315158 0.021950 0.152125
v -0.275601 0.004747 0.169327
v -0.275601 0.174074 0.239465
v -0.315158 0.174074 0.215137
v -0.279870 0.419855 -0.067738
v -0.279870 0.419855 0.067862
v -0.279870 0.466468 -0.055374
v -0.279870 0.466468 0.055499
v -0.266963 0.368088 -0.051960
v -0.266963 0.368088 0.052085
v -0.279870 0.419855 -0.067738
v 0.679678 -0.277753 -0.000178
v 1.066721 -0.277753 -0.000178
v 1.056828 -0.256583 0.087814
v 0.679678 -0.256583 0.087814
v -0.254056 0.545496 0.030844
v -0.197615 0.545496 -0.030719
v -0.254056 0.545496 -0.030719
v -0.197615 0.545496 0.030844
v 1.056828 -0.256583 -0.088170
v 0.679678 -0.277753 -0.000178
v 0.679678 -0.256583 -0.088170
v 1.066721 -0.277753 -0.000178
v -0.638960 0.258834 -0.163778
v -0.652404 0.274703 -0.150659
v -0.623899 0.265072 -0.163778
v -0.621475 0.287514 -0.150659
v 1.510066 0.017823 0.014753
v 1.495312 0.030942 0.043741
v 1.495312 0.017823 0.020864
v 1.526242 0.030942 0.030929
v 1.510066 0.017823 -0.014753
v 1.495312 0.030942 -0.043741
v 1.526242 0.030942 -0.030929
v 1.495312 0.017823 -0.020864
v -0.277619 0.473361 0.036000
v -0.174053 0.473361 -0.036000
v -0.277619 0.473361 -0.036000
v -0.174053 0.473361 0.036000
v -0.171801 0.466468 -0.055374
v -0.171801 0.466468 0.055499
v -0.021733 0.466468 -0.055374
v -0.021733 0.466468 0.055499
v 1.520685 0.437578 -0.017082
v 1.463402 0.437578 -0.017082
v 1.463402 0.437578 0.017082
v 1.520685 0.437578 0.017082
v -1.310437 0.432014 -0.000000
v -1.496394 0.432014 -0.000000
v -1.487336 0.408286 0.123458
v -1.319495 0.408286 0.123458
v -1.319495 0.408286 -0.123458
v -1.487336 0.408286 -0.123458
v -1.496394 0.432014 -0.000000
v -1.310437 0.432014 -0.000000
v -0.623899 0.222475 -0.163778
v -0.652404 0.212844 -0.150659
v -0.638960 0.228713 -0.163778
v -0.621475 0.200033 -0.150659
v 0.394488 -0.144108 -0.152211
v 0.379734 -0.173096 -0.139092
v 0.379734 -0.150219 -0.152211
v 0.410665 -0.160284 -0.139092
v 0.379734 -0.150219 -0.152211
v 0.348806 -0.160284 -0.139092
v 0.364983 -0.144108 -0.152211
v 0.379734 -0.173096 -0.139092
v 0.060486 0.356657 -0.033054
v 0.126265 0.388157 0.024907
v 0.126265 0.388157 -0.024907
v 0.060486 0.356657 0.033054
v -0.005935 0.356657 -0.033054
v 0.060486 0.356657 0.033054
v -0.005935 0.356657 0.033054
v 0.837127 0.388157 -0.024907
v 0.837127 0.388157 0.024907
v 0.126265 0.388157 -0.024907
v -1.370975 0.381115 -0.000000
v -0.534792 0.328667 0.088878
v -0.510520 0.381115 -0.000000
v -1.370975 0.328667 0.088878
v -1.370975 0.381115 -0.000000
v -0.534792 0.328667 -0.088878
v -1.370975 0.328667 -0.088878
v -0.510520 0.381115 -0.000000
v -0.467979 0.338342 -0.000000
v -0.325899 0.286667 0.088878
v -0.325899 0.338342 -0.000000
v -0.492792 0.286667 0.088878
v 0.837127 0.388157 0.024907
v 0.126265 0.388157 0.024907
v 0.837127 0.356657 0.061091
v 0.060486 0.356657 0.033054
v -0.325899 0.286667 -0.088878
v -0.467979 0.338342 -0.000000
v -0.325899 0.338342 -0.000000
v -0.492792 0.286667 -0.088878
v 0.410665 -0.160284 -0.139092
v 0.400598 -0.129355 -0.152211
v 0.423476 -0.129355 -0.139092
v 0.394488 -0.144108 -0.152211
v 0.410665 -0.098426 -0.139092
v 0.400598 -0.129355 -0.152211
v 0.394488 -0.114602 -0.152211
v 0.837127 0.356657 -0.061091
v 0.126265 0.388157 -0.024907
v 0.837127 0.388157 -0.024907
v 0.060486 0.356657 -0.033054
v 1.360127 0.368744 0.049485
v 1.532961 0.368744 0.049485
v 1.463402 0.437578 0.017082
v 1.520685 0.437578 0.017082
v -0.171801 0.466468 0.055499
v -0.197615 0.545496 0.030844
v -0.279870 0.466468 0.055499
v -0.254056 0.545496 0.030844
v -0.279870 0.419855 0.067862
v -0.171801 0.466468 0.055499
v -0.171801 0.419855 0.067862
v -0.021733 0.466468 0.055499
v -0.021733 0.419855 0.067862
v 0.379734 -0.108492 -0.152211
v 0.400598 -0.129355 -0.152211
v 0.394488 -0.144108 -0.152211
v 0.394488 -0.114602 -0.152211
v 0.364983 -0.144108 -0.152211
v 0.379734 -0.150219 -0.152211
v 0.358871 -0.129355 -0.152211
v 0.364983 -0.114602 -0.152211
v -1.503284 -0.271452 0.123458
v -1.401897 -0.369319 0.123458
v -1.333546 -0.311452 0.123458
v -1.481634 -0.349319 0.123458
v -1.488284 -0.096452 0.123458
v -1.303546 0.078548 0.123458
v -1.493284 0.118548 0.123458
v -1.263547 0.118548 0.123458
v -1.263547 0.358286 0.123458
v -1.543284 0.278548 0.123458
v -1.319495 0.408286 0.123458
v -1.487336 0.408286 0.123458
v -1.543284 0.358286 0.123458
v 1.532961 0.368744 -0.049485
v 1.463402 0.437578 -0.017082
v 1.520685 0.437578 -0.017082
v 1.360127 0.368744 -0.049485
v -0.171801 0.466468 -0.055374
v -0.279870 0.419855 -0.067738
v -0.279870 0.466468 -0.055374
v -0.171801 0.419855 -0.067738
v -0.021733 0.466468 -0.055374
v -0.021733 0.419855 -0.067738
v -0.254056 0.545496 -0.030719
v -0.197615 0.545496 -0.030719
v -0.279870 0.466468 -0.055374
v -1.370975 0.173493 0.113297
v -0.325899 0.173493 0.113297
v -0.492792 0.286667 0.088878
v -0.325899 0.286667 0.088878
v -0.534792 0.328667 0.088878
v -1.370975 0.300667 0.088878
v -1.370975 0.328667 0.088878
v 1.510066 0.017823 -0.014753
v 1.480561 0.017823 -0.014753
v 1.495312 0.017823 -0.020864
v 1.474450 0.017823 0.000000
v 1.516176 0.017823 0.000000
v 1.510066 0.017823 0.014753
v 1.480561 0.017823 0.014753
v 1.495312 0.017823 0.020864
v -1.487336 0.408286 -0.123458
v -1.543284 0.278548 -0.123458
v -1.543284 0.358286 -0.123458
v -1.319495 0.408286 -0.123458
v -1.263547 0.358286 -0.123458
v -1.493284 0.118548 -0.123458
v -1.263547 0.118548 -0.123458
v -1.303546 0.078548 -0.123458
v -1.488284 -0.096452 -0.123458
v -1.333546 -0.311452 -0.123458
v -1.503284 -0.271452 -0.123458
v -1.401897 -0.369319 -0.123458
v -1.481634 -0.349319 -0.123458
v -0.005935 0.315656 0.046549
v 0.029344 0.315656 0.046549
v -0.005935 0.356657 0.033054
v 0.060486 0.356657 0.033054
v -0.325899 0.173493 -0.113297
v -1.370975 0.173493 -0.113297
v -0.492792 0.286667 -0.088878
v -0.325899 0.286667 -0.088878
v -0.534792 0.328667 -0.088878
v -1.370975 0.300667 -0.088878
v -1.370975 0.328667 -0.088878
v 1.089057 -0.147072 0.087814
v 0.679678 -0.147072 0.087814
v 1.056828 -0.256583 0.087814
v 0.679678 -0.256583 0.087814
v 1.089057 -0.224354 0.087814
v 0.348806 -0.098426 -0.139092
v 0.358871 -0.129355 -0.152211
v 0.335995 -0.129355 -0.139092
v 0.364983 -0.114602 -0.152211
v 0.358871 -0.129355 -0.152211
v 0.348806 -0.160284 -0.139092
v 0.364983 -0.144108 -0.152211
v 0.029344 0.315656 -0.046549
v -0.005935 0.356657 -0.033054
v 0.060486 0.356657 -0.033054
v -0.005935 0.315656 -0.046549
v -0.685023 -0.266726 0.076034
v -0.850124 -0.234296 0.076034
v -0.699793 -0.425456 0.076035
v -0.890025 -0.425456 0.076035
v -0.775726 -0.131284 0.076034
v -0.612533 -0.135100 0.076034
v -0.668898 -0.013965 0.076034
v -0.542905 -0.035903 0.076034
v -0.567211 0.088998 0.076034
v -0.652221 0.088998 0.076034
v 0.679678 -0.147072 -0.088170
v 1.056828 -0.256583 -0.088170
v 0.679678 -0.256583 -0.088170
v 1.089057 -0.147072 -0.088170
v 1.089057 -0.224354 -0.088170
v 0.379734 -0.173096 -0.139092
v 0.348806 -0.160284 -0.088729
v 0.348806 -0.160284 -0.139092
v 0.379734 -0.173096 -0.088729
v 0.335995 -0.129355 -0.088729
v 0.335995 -0.129355 -0.139092
v 0.348806 -0.098426 -0.088729
v 0.335995 -0.129355 -0.139092
v 0.348806 -0.098426 -0.139092
v 0.379734 -0.085615 -0.088729
v 0.379734 -0.085615 -0.139092
v 0.410665 -0.098426 -0.088729
v 0.410665 -0.098426 -0.139092
v 0.423476 -0.129355 -0.088729
v 0.423476 -0.129355 -0.139092
v 0.410665 -0.160284 -0.088729
v 0.410665 -0.160284 -0.139092
v 0.379734 -0.173096 -0.088729
v 0.410665 -0.160284 -0.139092
v 0.379734 -0.173096 -0.139092
v -0.699793 -0.425456 -0.076034
v -0.850124 -0.234296 -0.076034
v -0.685023 -0.266726 -0.076034
v -0.890025 -0.425456 -0.076034
v -0.775726 -0.131284 -0.076034
v -0.612533 -0.135100 -0.076034
v -0.668898 -0.013965 -0.076034
v -0.542905 -0.035903 -0.076034
v -0.567211 0.088998 -0.076034
v -0.652221 0.088998 -0.076034
v 0.837127 0.356657 0.061091
v 0.060486 0.356657 0.033054
v 0.837127 0.315656 0.046549
v 0.029344 0.315656 0.046549
v 1.375132 0.286770 0.040893
v 1.517956 0.286770 0.040893
v 1.532961 0.368744 0.049485
v 1.360127 0.368744 0.049485
v 0.775139 0.105467 -0.000000
v 0.696566 0.105467 -0.000000
v 0.775139 0.125779 0.048294
v 0.696566 0.125779 0.048294
v 0.775139 0.174816 0.068298
v 0.696566 0.174816 0.068298
v 0.696566 0.125779 -0.048294
v 0.775139 0.125779 -0.048294
v 0.696566 0.174816 -0.068298
v 0.775139 0.174816 -0.068298
v 0.696566 0.223853 -0.048294
v 0.775139 0.223853 -0.048294
v 0.696566 0.244165 -0.000000
v 0.775139 0.244165 -0.000000
v 0.696566 0.223853 0.048294
v 0.775139 0.223853 0.048294
v 0.696566 0.174816 0.068298
v 0.775139 0.174816 0.068298
v 0.707297 0.053245 0.119729
v 0.804235 0.053245 0.119729
v 0.804235 0.174816 0.169323
v 0.707297 0.174816 0.169323
v 0.707297 0.002888 0.000000
v 0.804235 0.002888 0.000000
v 0.707297 0.053245 -0.119729
v 0.804235 0.053245 -0.119729
v 0.707297 0.174816 -0.169323
v 0.804235 0.174816 -0.169323
v 0.707297 0.296387 -0.119729
v 0.804235 0.296387 -0.119729
v 0.707297 0.346743 -0.000000
v 0.804235 0.346743 -0.000000
v 0.707297 0.296387 0.119729
v 0.804235 0.296387 0.119729
v 0.707297 0.174816 0.169323
v 0.804235 0.174816 0.169323
v 0.837127 0.315656 -0.046549
v 0.060486 0.356657 -0.033054
v 0.837127 0.356657 -0.061091
v 0.029344 0.315656 -0.046549
v -0.325899 0.128297 -0.000000
v -1.370975 0.173493 0.113297
v -1.370975 0.128297 -0.000000
v -0.325899 0.173493 0.113297
v 1.360127 0.368744 -0.049485
v 1.532961 0.368744 -0.049485
v 1.517956 0.286770 -0.040893
v 1.375132 0.286770 -0.040893
v 0.394488 -0.114602 -0.152211
v 0.379734 -0.085615 -0.139092
v 0.410665 -0.098426 -0.139092
v 0.379734 -0.108492 -0.152211
v -0.325899 0.173493 -0.113297
v -1.370975 0.128297 -0.000000
v -1.370975 0.173493 -0.113297
v -0.325899 0.128297 -0.000000
v -0.608838 0.258834 -0.163778
v -0.621475 0.287514 -0.150659
v -0.590546 0.274703 -0.150659
v -0.623899 0.265072 -0.163778
v -0.275601 0.174074 0.239465
v -0.014398 0.174074 0.239465
v -0.014398 0.343402 0.169327
v -0.275601 0.343402 0.169327
v -0.014398 0.413539 -0.000000
v -0.275601 0.413539 -0.000000
v -0.014398 0.343402 -0.169327
v -0.275601 0.343402 -0.169327
v -0.014398 0.174074 -0.239465
v -0.275601 0.174074 -0.239465
v -0.014398 0.004747 -0.169327
v -0.275601 0.004747 -0.169327
v -0.014398 -0.065391 0.000000
v -0.275601 -0.065391 0.000000
v -0.014398 0.004747 0.169327
v -0.275601 0.004747 0.169327
v -0.014398 0.174074 0.239465
v -0.275601 0.174074 0.239465
v 1.496515 0.145548 -0.037869
v 1.625117 0.129863 -0.000000
v 1.625117 0.145548 -0.037869
v 1.496515 0.129863 -0.000000
v -0.034640 0.368088 0.052085
v -0.171801 0.419855 0.067862
v -0.171801 0.368088 0.052085
v -0.021733 0.419855 0.067862
v -0.266963 0.368088 0.052085
v -0.171801 0.419855 0.067862
v -0.279870 0.419855 0.067862
v 1.099901 0.343402 -0.169327
v 1.099901 0.174074 -0.239465
v 0.838699 0.343402 -0.169327
v 0.838697 0.174074 -0.239465
v 0.838699 0.413539 -0.000000
v 1.099901 0.413539 -0.000000
v 0.838699 0.343402 0.169327
v 1.099901 0.343402 0.169327
v 0.838699 0.174074 0.239465
v 1.099901 0.174074 0.239465
v 0.838699 0.004747 0.169327
v 1.099901 0.004747 0.169327
v 0.838699 -0.065391 0.000000
v 1.099901 -0.065391 0.000000
v 0.838699 0.004747 -0.169327
v 1.099901 0.004747 -0.169327
v 1.099901 0.174074 -0.239465
v 0.838697 0.174074 -0.239465
v 1.496515 0.129863 -0.000000
v 1.625117 0.145548 0.037869
v 1.625117 0.129863 -0.000000
v 1.496515 0.145548 0.037869
v 0.364983 -0.114602 -0.152211
v 0.379734 -0.085615 -0.139092
v 0.379734 -0.108492 -0.152211
v 0.348806 -0.098426 -0.139092
v 1.625117 0.183417 -0.053554
v 1.496515 0.183417 -0.053554
v 1.625117 0.145548 -0.037869
v 1.496515 0.145548 -0.037869
v 0.017386 0.053245 0.119729
v 0.114323 0.053245 0.119729
v 0.114323 0.174816 0.169323
v 0.017386 0.174816 0.169323
v 0.017386 0.002888 0.000000
v 0.114323 0.002888 0.000000
v 0.017386 0.053245 -0.119729
v 0.114323 0.053245 -0.119729
v 0.017386 0.174816 -0.169323
v 0.114323 0.174816 -0.169323
v 0.017386 0.296387 -0.119729
v 0.114323 0.296387 -0.119729
v 0.017386 0.346743 -0.000000
v 0.114323 0.346743 -0.000000
v 0.017386 0.296387 0.119729
v 0.114323 0.296387 0.119729
v 0.017386 0.174816 0.169323
v 0.114323 0.174816 0.169323
v -0.171801 0.419855 -0.067738
v -0.034640 0.368088 -0.051960
v -0.171801 0.368088 -0.051960
v -0.021733 0.419855 -0.067738
v -0.266963 0.368088 -0.051960
v -0.171801 0.419855 -0.067738
v -0.279870 0.419855 -0.067738
v 0.046481 0.174816 0.068298
v 0.125055 0.174816 0.068298
v 0.046481 0.125779 0.048294
v 0.125055 0.125779 0.048294
v 0.046481 0.105467 -0.000000
v 0.125055 0.105467 -0.000000
v 0.046481 0.125779 -0.048294
v 0.125055 0.125779 -0.048294
v 0.046481 0.174816 -0.068298
v 0.125055 0.174816 -0.068298
v 0.046481 0.223853 -0.048294
v 0.125055 0.223853 -0.048294
v 0.046481 0.244165 -0.000000
v 0.125055 0.244165 -0.000000
v 0.046481 0.223853 0.048294
v 0.125055 0.223853 0.048294
v 0.046481 0.174816 0.068298
v 0.125055 0.174816 0.068298
v 1.352401 0.270583 -0.087166
v 1.589533 0.270583 -0.087166
v 1.589533 0.183417 -0.123272
v 1.352401 0.183417 -0.123272
v 1.352401 0.306689 -0.000000
v 1.589533 0.306689 -0.000000
v 1.352401 0.270583 0.087166
v 1.589533 0.270583 0.087166
v 1.352401 0.183417 0.123272
v 1.589533 0.183417 0.123272
v 1.352401 0.096251 0.087166
v 1.589533 0.096251 0.087166
v 1.352401 0.060145 -0.000000
v 1.589533 0.060145 -0.000000
v 1.352401 0.096251 -0.087166
v 1.589533 0.096251 -0.087166
v 1.352401 0.183417 -0.123272
v 1.589533 0.183417 -0.123272
v 1.205059 0.257562 -0.074145
v 1.324932 0.257562 -0.074145
v 1.205059 0.183417 -0.104857
v 1.324932 0.183417 -0.104857
v 1.324932 0.288274 -0.000000
v 1.205059 0.288274 -0.000000
v 1.324932 0.257562 0.074145
v 1.205059 0.257562 0.074145
v 1.324932 0.183417 0.104857
v 1.205059 0.183417 0.104857
v 1.324932 0.109272 0.074145
v 1.205059 0.109272 0.074145
v 1.324932 0.078560 -0.000000
v 1.205059 0.078560 -0.000000
v 1.324932 0.109272 -0.074145
v 1.205059 0.109272 -0.074145
v 1.324932 0.183417 -0.104857
v 1.205059 0.183417 -0.104857
v 1.625117 0.145548 0.037869
v 1.496515 0.145548 0.037869
v 1.625117 0.183417 0.053554
v 1.496515 0.183417 0.053554
v -0.014398 0.343402 0.169327
v 0.021707 0.374460 -0.000000
v -0.014398 0.413539 -0.000000
v 0.021707 0.315768 0.141694
v 1.625117 0.221286 -0.037869
v 1.496515 0.221286 -0.037869
v 1.625117 0.183417 -0.053554
v 1.496515 0.183417 -0.053554
v -0.014398 0.343402 -0.169327
v -0.014398 0.413539 -0.000000
v 0.021707 0.374460 -0.000000
v 0.021707 0.315768 -0.141694
v 0.021707 0.315768 0.141694
v -0.014398 0.174074 0.239465
v 0.021707 0.174074 0.200385
v -0.014398 0.343402 0.169327
v 0.021707 0.315768 -0.141694
v -0.014398 0.174074 -0.239465
v -0.014398 0.343402 -0.169327
v 0.021707 0.174074 -0.200385
v 0.021707 0.032380 0.141694
v 0.021707 0.174074 0.200385
v -0.014398 0.174074 0.239465
v -0.014398 0.004747 0.169327
v 1.625117 0.183417 0.053554
v 1.496515 0.183417 0.053554
v 1.625117 0.221286 0.037869
v 1.496515 0.221286 0.037869
v 1.625117 0.236972 -0.000000
v 1.496515 0.236971 -0.000000
v 1.625117 0.221286 -0.037869
v 1.496515 0.221286 -0.037869
v 0.021707 0.032380 -0.141694
v -0.014398 0.174074 -0.239465
v 0.021707 0.174074 -0.200385
v -0.014398 0.004747 -0.169327
v -0.014398 -0.065391 0.000000
v 0.021707 0.032380 0.141694
v -0.014398 0.004747 0.169327
v 0.021707 -0.026311 0.000000
v -0.608838 0.228713 -0.163778
v -0.621475 0.200033 -0.150659
v -0.623899 0.222475 -0.163778
v -0.590546 0.212844 -0.150659
v 1.625117 0.221286 0.037869
v 1.496515 0.221286 0.037869
v 1.625117 0.236972 -0.000000
v 1.496515 0.236971 -0.000000
v -0.014398 -0.065391 0.000000
v -0.014398 0.004747 -0.169327
v 0.021707 0.032380 -0.141694
v 0.021707 -0.026311 0.000000
v -0.174053 0.473361 -0.036000
v -0.257367 0.535361 -0.018000
v -0.277619 0.473361 -0.036000
v -0.194306 0.535361 -0.018000
v 1.495312 0.017823 0.020864
v 1.464384 0.030942 0.030929
v 1.480561 0.017823 0.014753
v 1.495312 0.030942 0.043741
v 1.480561 0.017823 -0.014753
v 1.464384 0.030942 -0.030929
v 1.495312 0.017823 -0.020864
v 1.495312 0.030942 -0.043741
v -0.277619 0.473361 0.036000
v -0.194306 0.535361 0.018000
v -0.174053 0.473361 0.036000
v -0.257367 0.535361 0.018000
v 0.147141 0.086412 -0.087065
v 0.125055 0.105467 -0.000000
v 0.147141 0.049793 0.000000
v 0.147141 0.086412 0.087065
v 0.125055 0.125779 -0.048294
v 0.125055 0.125779 0.048294
v 0.147141 0.174816 0.123128
v 0.125055 0.174816 0.068298
v 0.147141 0.174816 -0.123128
v 0.125055 0.174816 -0.068298
v 0.125055 0.223853 -0.048294
v 0.147141 0.263220 -0.087065
v 0.125055 0.244165 -0.000000
v 0.147141 0.299838 -0.000000
v 0.147141 0.263220 0.087065
v 0.125055 0.223853 0.048294
v 0.147141 0.174816 0.123128
v 0.125055 0.174816 0.068298
v 0.029344 0.315656 -0.046549
v 0.837127 0.315656 -0.046549
v 0.837127 0.315656 0.046549
v 0.029344 0.315656 0.046549
v -0.005935 0.315656 0.046549
v -0.005935 0.315656 -0.046549
v 0.147141 0.263220 -0.087065
v 0.114323 0.174816 -0.169323
v 0.114323 0.296387 -0.119729
v 0.147141 0.174816 -0.123128
v 0.147141 0.299838 -0.000000
v 0.147141 0.086412 -0.087065
v 0.114323 0.346743 -0.000000
v 0.114323 0.053245 -0.119729
v 0.114323 0.296387 0.119729
v 0.147141 0.049793 0.000000
v 0.147141 0.263220 0.087065
v 0.114323 0.174816 0.169323
v 0.147141 0.174816 0.123128
v 0.114323 0.002888 0.000000
v 0.114323 0.053245 0.119729
v 0.147141 0.086412 0.087065
v 0.114323 0.174816 0.169323
v 0.147141 0.174816 0.123128
v 0.802593 0.374460 -0.000000
v 0.838699 0.343402 0.169327
v 0.838699 0.413539 -0.000000
v 0.802593 0.315768 0.141694
v 0.838699 0.343402 -0.169327
v 0.802593 0.374460 -0.000000
v 0.838699 0.413539 -0.000000
v 0.802593 0.315768 -0.141694
v 0.802593 0.315768 0.141694
v 0.802593 0.174074 0.200385
v 0.838699 0.174074 0.239465
v 0.838699 0.343402 0.169327
v 0.802593 0.315768 -0.141694
v 0.838697 0.174074 -0.239465
v 0.802593 0.174074 -0.200385
v 0.838699 0.343402 -0.169327
v 0.802593 0.032380 0.141694
v 0.838699 0.174074 0.239465
v 0.802593 0.174074 0.200385
v 0.838699 0.004747 0.169327
v 1.250210 -0.092436 0.043741
v 1.175848 -0.123365 0.030929
v 1.250210 -0.123365 0.030929
v 1.175848 -0.092436 0.043741
v 1.175848 -0.136176 0.000000
v 1.250210 -0.136176 0.000000
v 1.175848 -0.123365 -0.030929
v 1.250210 -0.123365 -0.030929
v 1.175848 -0.092436 -0.043741
v 1.250210 -0.092436 -0.043741
v 1.175848 -0.061507 -0.030929
v 1.250210 -0.061507 -0.030929
v 1.175848 -0.048695 0.000000
v 1.250210 -0.048695 0.000000
v 1.175848 -0.061507 0.030929
v 1.250210 -0.061507 0.030929
v 1.175848 -0.092436 0.043741
v 1.250210 -0.092436 0.043741
v 0.802593 0.032380 -0.141694
v 0.838697 0.174074 -0.239465
v 0.838699 0.004747 -0.169327
v 0.802593 0.174074 -0.200385
v 0.838699 -0.065391 0.000000
v 0.838699 0.004747 0.169327
v 0.802593 0.032380 0.141694
v 0.802593 -0.026311 0.000000
v 0.838699 -0.065391 0.000000
v 0.802593 0.032380 -0.141694
v 0.838699 0.004747 -0.169327
v 0.802593 -0.026311 0.000000
v 0.021707 0.174074 0.200385
v 0.021707 0.315768 -0.141694
v 0.021707 0.315768 0.141694
v 0.021707 0.374460 -0.000000
v 0.021707 0.174074 -0.200385
v 0.021707 -0.026311 0.000000
v 0.021707 0.032380 0.141694
v 0.021707 0.032380 -0.141694
v -0.590546 0.212844 -0.150659
v -0.602600 0.243773 -0.163778
v -0.577733 0.243773 -0.150659
v -0.608838 0.228713 -0.163778
v -0.590546 0.274703 -0.150659
v -0.602600 0.243773 -0.163778
v -0.608838 0.258834 -0.163778
v -0.534792 0.328667 0.088878
v -0.467979 0.338342 -0.000000
v -0.510520 0.381115 -0.000000
v -0.492792 0.286667 0.088878
v -0.467979 0.338342 -0.000000
v -0.492792 0.286667 -0.088878
v -0.534792 0.328667 -0.088878
v -0.510520 0.381115 -0.000000
v -0.197615 0.545496 -0.030719
v -0.194306 0.535361 0.018000
v -0.194306 0.535361 -0.018000
v -0.197615 0.545496 0.030844
v -0.174053 0.473361 -0.036000
v -0.197615 0.545496 -0.030719
v -0.171801 0.466468 -0.055374
v -0.174053 0.473361 0.036000
v -0.194306 0.535361 0.018000
v -0.171801 0.466468 0.055499
v 0.679678 -0.256583 -0.088170
v 0.679678 -0.147072 -0.000178
v 0.679678 -0.147072 -0.088170
v 0.679678 -0.277753 -0.000178
v 0.679678 -0.256583 0.087814
v 0.679678 -0.147072 0.087814
v 0.679678 -0.277753 -0.000178
v -0.021733 0.466468 -0.055374
v -0.021733 0.419855 0.067862
v -0.021733 0.419855 -0.067738
v -0.021733 0.466468 0.055499
v -0.034640 0.368088 -0.051960
v -0.034640 0.368088 0.052085
v -0.021733 0.419855 -0.067738
v 0.696566 0.125779 -0.048294
v 0.674480 0.174816 -0.123128
v 0.674480 0.086412 -0.087065
v 0.696566 0.174816 -0.068298
v 0.696566 0.105467 -0.000000
v 0.696566 0.223853 -0.048294
v 0.674480 0.049793 0.000000
v 0.674480 0.263220 -0.087065
v 0.674480 0.086412 0.087065
v 0.696566 0.244165 -0.000000
v 0.696566 0.125779 0.048294
v 0.674480 0.174816 0.123128
v 0.696566 0.174816 0.068298
v 0.674480 0.299838 -0.000000
v 0.674480 0.263220 0.087065
v 0.696566 0.223853 0.048294
v 0.674480 0.174816 0.123128
v 0.696566 0.174816 0.068298
v 0.674480 0.263220 -0.087065
v 0.707297 0.174816 -0.169323
v 0.674480 0.174816 -0.123128
v 0.674480 0.086412 -0.087065
v 0.707297 0.296387 -0.119729
v 0.707297 0.053245 -0.119729
v 0.674480 0.299838 -0.000000
v 0.674480 0.049793 0.000000
v 0.707297 0.346743 -0.000000
v 0.707297 0.002888 0.000000
v 0.707297 0.296387 0.119729
v 0.707297 0.053245 0.119729
v 0.674480 0.263220 0.087065
v 0.707297 0.174816 0.169323
v 0.674480 0.174816 0.123128
v 0.674480 0.086412 0.087065
v 0.707297 0.174816 0.169323
v 0.674480 0.174816 0.123128
v -0.257367 0.535361 -0.018000
v -0.194306 0.535361 -0.018000
v -0.194306 0.535361 0.018000
v -0.257367 0.535361 0.018000
v 1.464384 0.030942 -0.030929
v 1.474450 0.017823 0.000000
v 1.451573 0.030942 0.000000
v 1.480561 0.017823 -0.014753
v 1.474450 0.017823 0.000000
v 1.464384 0.030942 0.030929
v 1.480561 0.017823 0.014753
v 0.802593 0.315768 0.141694
v 0.802593 0.174074 -0.200385
v 0.802593 0.174074 0.200385
v 0.802593 0.315768 -0.141694
v 0.802593 0.374460 -0.000000
v 0.802593 -0.026311 0.000000
v 0.802593 0.032380 -0.141694
v 0.802593 0.032380 0.141694
v -0.590564 -0.148803 0.000000
v -0.517790 -0.042207 0.000000
v -0.612533 -0.135100 0.076034
v -0.542905 -0.035903 0.076034
v -0.685023 -0.266726 0.076034
v -0.660031 -0.273496 0.000000
v -0.660031 -0.273496 0.000000
v -0.699793 -0.425456 -0.076034
v -0.685023 -0.266726 -0.076034
v -0.674156 -0.425456 0.000000
v -0.590564 -0.148803 0.000000
v -0.612533 -0.135100 -0.076034
v -0.517790 -0.042207 0.000000
v -0.542905 -0.035903 -0.076034
v -0.540035 0.088998 -0.000000
v -0.542905 -0.035903 0.076034
v -0.517790 -0.042207 0.000000
v -0.567211 0.088998 0.076034
v -0.567211 0.088998 -0.076034
v -0.540035 0.088998 -0.000000
v -0.542905 -0.035903 -0.076034
v -0.517790 -0.042207 0.000000
v -1.310437 0.432014 -0.000000
v -1.263547 0.358286 0.123458
v -1.240364 0.368660 -0.000000
v -1.319495 0.408286 0.123458
v -1.310437 0.432014 -0.000000
v -1.263547 0.358286 -0.123458
v -1.319495 0.408286 -0.123458
v -1.240364 0.368660 -0.000000
v -0.685023 -0.266726 0.076034
v -0.699793 -0.425456 0.076035
v -0.660031 -0.273496 0.000000
v -0.674156 -0.425456 0.000000
v 1.463402 0.437578 -0.017082
v 1.360127 0.368744 -0.049485
v 1.360127 0.368744 0.049485
v 1.463402 0.437578 0.017082
v 1.375132 0.286770 -0.040893
v 1.375132 0.286770 0.040893
v 1.360127 0.368744 -0.049485
v -0.621475 0.200033 -0.150659
v -0.652404 0.212844 -0.076296
v -0.652404 0.212844 -0.150659
v -0.621475 0.200033 -0.076296
v -0.665214 0.243773 -0.076296
v -0.665214 0.243773 -0.150659
v -0.652404 0.274703 -0.076296
v -0.652404 0.274703 -0.150659
v -0.621475 0.287514 -0.076296
v -0.621475 0.287514 -0.150659
v -0.590546 0.274703 -0.076296
v -0.590546 0.274703 -0.150659
v -0.577733 0.243773 -0.076296
v -0.577733 0.243773 -0.150659
v -0.590546 0.212844 -0.076296
v -0.590546 0.212844 -0.150659
v -0.621475 0.200033 -0.076296
v -0.621475 0.200033 -0.150659
v 1.324932 0.109272 0.074145
v 1.352401 0.183417 0.123272
v 1.324932 0.183417 0.104857
v 1.324932 0.257562 0.074145
v 1.352401 0.096251 0.087166
v 1.352401 0.270583 0.087166
v 1.352401 0.060145 -0.000000
v 1.352401 0.306689 -0.000000
v 1.324932 0.078560 -0.000000
v 1.324932 0.288274 -0.000000
v 1.324932 0.109272 -0.074145
v 1.324932 0.257562 -0.074145
v 1.352401 0.096251 -0.087166
v 1.352401 0.183417 -0.123272
v 1.324932 0.183417 -0.104857
v 1.352401 0.270583 -0.087166
v 1.352401 0.183417 -0.123272
v 1.324932 0.183417 -0.104857
v 1.495312 0.030942 0.043741
v 1.464384 0.081305 0.030929
v 1.464384 0.030942 0.030929
v 1.495312 0.081305 0.043741
v 1.451573 0.081305 -0.000000
v 1.451573 0.030942 0.000000
v 1.464384 0.081305 -0.030929
v 1.451573 0.030942 0.000000
v 1.464384 0.030942 -0.030929
v 1.495312 0.081305 -0.043741
v 1.495312 0.030942 -0.043741
v 1.526242 0.081305 -0.030929
v 1.526242 0.030942 -0.030929
v 1.539053 0.081305 -0.000000
v 1.539053 0.030942 0.000000
v 1.526242 0.081305 0.030929
v 1.526242 0.030942 0.030929
v 1.495312 0.081305 0.043741
v 1.526242 0.030942 0.030929
v 1.495312 0.030942 0.043741
v -1.280473 0.067935 -0.000000
v -1.333546 -0.311452 0.123458
v -1.310931 -0.323011 0.000000
v -1.396147 -0.394058 0.000000
v -1.401897 -0.369319 0.123458
v -1.303546 0.078548 0.123458
v -1.240082 0.108829 -0.000000
v -1.263547 0.118548 0.123458
v -1.333546 -0.311452 -0.123458
v -1.280473 0.067935 -0.000000
v -1.310931 -0.323011 0.000000
v -1.396147 -0.394058 0.000000
v -1.401897 -0.369319 -0.123458
v -1.303546 0.078548 -0.123458
v -1.240082 0.108829 -0.000000
v -1.263547 0.118548 -0.123458
v -1.263547 0.358286 0.123458
v -1.240082 0.108829 -0.000000
v -1.240364 0.368660 -0.000000
v -1.263547 0.118548 0.123458
v -1.240364 0.368660 -0.000000
v -1.240082 0.108829 -0.000000
v -1.263547 0.358286 -0.123458
v -1.263547 0.118548 -0.123458
vn -0.9754 -0.0992 0.1968
vn -0.6777 -0.7051 0.2086
vn -0.9753 -0.1001 0.1968
vn -0.6783 -0.7046 0.2085
vn -0.9699 -0.1421 0.1979
vn -0.8916 0.4030 0.2066
vn -0.6777 -0.7051 -0.2086
vn -0.9754 -0.0992 -0.1968
vn -0.9753 -0.1001 -0.1968
vn -0.6783 -0.7046 -0.2085
vn -0.8916 0.4030 -0.2067
vn -0.9699 -0.1421 -0.1979
vn -0.9664 -0.1591 0.2017
vn -0.9792 0.0298 0.2005
vn -0.9665 -0.1588 0.2015
vn -0.9792 0.0298 0.2007
vn -0.9699 -0.1422 0.1979
vn -0.9665 -0.1588 -0.2015
vn -0.9699 -0.1422 -0.1979
vn -0.9664 -0.1591 -0.2017
vn -0.9792 0.0298 -0.2007
vn -0.9791 0.0298 -0.2010
vn -0.9754 -0.0991 0.1969
vn -0.9792 0.0298 -0.2009
vn -0.9754 -0.0991 -0.1968
vn -0.3511 0.9146 0.2007
vn -0.8915 0.4031 0.2066
vn -0.3511 0.9146 -0.2007
vn -0.8915 0.4031 -0.2066
vn 0.8994 0.0005 -0.4372
vn 1.0000 0.0005 0.0005
vn 0.8993 -0.3092 -0.3092
vn 0.8994 0.0004 -0.4372
vn 0.8993 0.3092 -0.3092
vn 0.8994 0.0005 0.4372
vn 0.8993 -0.3092 0.3092
vn 0.8994 0.4372 0.0005
vn 0.8994 -0.4372 0.0005
vn 0.8993 0.3092 0.3092
vn 0.8994 0.4372 0.0004
vn 0.9845 0.1754 0.0005
vn 0.9997 -0.0249 0.0005
vn 0.9845 0.1755 0.0003
vn 0.9997 -0.0250 0.0005
vn 0.9836 -0.1803 0.0004
vn 0.9836 -0.1803 0.0005
vn 0.6305 -0.7762 0.0005
vn 0.6305 0.0005 0.7762
vn 0.6307 -0.5487 0.5487
vn 0.6305 0.0005 -0.7762
vn 0.6307 -0.5487 -0.5487
vn 0.6305 0.7762 0.0005
vn 0.6307 0.5487 0.5487
vn 0.6307 0.5487 -0.5487
vn 0.7341 0.4802 0.4801
vn 0.8993 0.4373 0.0005
vn 0.7344 0.6787 0.0005
vn 0.8993 0.3093 0.3092
vn 0.7341 0.4802 -0.4801
vn 0.7344 0.6787 0.0004
vn 0.8993 0.4372 0.0005
vn 0.7341 0.4801 0.4802
vn 0.8993 0.0005 0.4373
vn 0.8993 0.3092 0.3093
vn 0.7344 0.0005 0.6787
vn 0.7341 0.4801 -0.4802
vn 0.8993 0.0005 -0.4372
vn 0.7344 0.0005 -0.6787
vn 0.8993 0.3092 -0.3093
vn 0.8993 0.0005 0.4372
vn 0.7341 -0.4801 0.4802
vn 0.8993 -0.3092 0.3093
vn 0.7344 0.0004 0.6787
vn 0.7341 -0.4801 -0.4802
vn 0.7344 0.0004 -0.6787
vn 0.8993 -0.3092 -0.3093
vn 0.8993 -0.4373 0.0005
vn 0.7341 -0.4802 0.4801
vn 0.7344 -0.6787 0.0005
vn 0.8993 -0.3093 0.3092
vn 0.7341 -0.4802 -0.4801
vn 0.8993 -0.4372 0.0005
vn 0.7344 -0.6787 0.0004
vn 0.8993 -0.3093 -0.3092
vn 0.8368 -0.5476 0.0005
vn 0.8455 -0.3727 -0.3824
vn 0.8442 -0.3882 -0.3696
vn 0.8442 -0.3882 0.3696
vn 0.8367 -0.5476 0.0005
vn 0.8455 -0.3727 0.3824
vn 0.2183 -0.9548 0.2017
vn -0.6777 -0.7051 0.2087
vn -0.6782 -0.7046 0.2085
vn 0.2183 -0.9548 -0.2017
vn -0.6782 -0.7046 -0.2085
vn 0.8897 0.3228 0.3228
vn 0.8900 0.0005 0.4560
vn 0.8896 -0.3229 0.3229
vn 0.3553 0.6610 0.6610
vn 0.3552 0.0005 0.9348
vn 0.3553 -0.6610 0.6610
vn 0.8900 0.4560 0.0005
vn 0.3552 0.9348 0.0005
vn 0.3553 0.6610 -0.6610
vn 0.8900 -0.4559 0.0007
vn 0.3552 -0.9348 0.0005
vn 0.3550 -0.6611 -0.6611
vn 0.8896 -0.3229 -0.3229
vn 0.8900 0.0005 -0.4560
vn 0.3552 0.0004 -0.9348
vn 0.3552 0.0005 -0.9348
vn 0.8897 0.3228 -0.3228
vn 0.8625 -0.0171 0.5058
vn 0.8455 -0.3726 0.3825
vn 0.8442 -0.3881 0.3697
vn 0.8639 0.0083 0.5035
vn -0.9385 0.1861 0.2907
vn -0.8724 0.3768 0.3113
vn -0.9385 0.1862 0.2907
vn -0.8713 0.3787 0.3122
vn -0.8712 0.3787 0.3123
vn -0.8724 0.3769 0.3113
vn -0.7355 0.5987 0.3172
vn -0.8516 0.4050 0.3327
vn -0.8494 0.4098 0.3326
vn -0.9348 0.1412 0.3259
vn 0.8442 -0.3881 -0.3697
vn 0.8455 -0.3726 -0.3825
vn 0.8625 -0.0171 -0.5058
vn 0.8639 0.0083 -0.5035
vn -0.9348 0.1412 -0.3259
vn -0.8494 0.4098 -0.3326
vn -0.8516 0.4050 -0.3327
vn -0.7355 0.5987 -0.3172
vn -0.8713 0.3787 -0.3123
vn -0.8724 0.3768 -0.3114
vn -0.9385 0.1862 -0.2907
vn -0.9385 0.1861 -0.2907
vn 0.5239 0.6023 0.6023
vn 0.5241 0.8516 0.0004
vn 0.5242 0.8516 0.0005
vn 0.5239 0.6023 -0.6023
vn 0.5242 0.0005 -0.8516
vn 0.5242 0.0005 0.8516
vn 0.5242 0.0004 0.8516
vn 0.5239 -0.6023 0.6023
vn 0.5242 -0.8516 0.0004
vn 0.5241 -0.8516 0.0004
vn 0.5239 -0.6023 -0.6023
vn 0.5242 0.0004 -0.8516
vn 0.3560 -0.8961 0.2652
vn 0.8736 -0.3844 0.2983
vn 0.3503 -0.8983 0.2652
vn 0.8769 -0.3767 0.2985
vn 0.8736 -0.3844 -0.2984
vn 0.3560 -0.8961 -0.2652
vn 0.3503 -0.8983 -0.2653
vn 0.8769 -0.3767 -0.2985
vn 0.8784 0.3305 0.3452
vn 0.8787 0.3414 0.3336
vn 0.9569 0.0004 0.2905
vn 0.8737 -0.3843 0.2984
vn 0.8770 -0.3766 0.2985
vn 0.9569 0.0004 0.2906
vn 0.8784 0.3305 -0.3452
vn 0.8787 0.3414 -0.3336
vn 0.9569 0.0004 -0.2906
vn 0.9569 0.0004 -0.2905
vn 0.8737 -0.3843 -0.2983
vn 0.8770 -0.3766 -0.2985
vn 0.8845 0.4665 0.0005
vn 0.8784 0.3306 0.3452
vn 0.8846 0.4664 0.0004
vn 0.8845 0.4665 0.0004
vn 0.8784 0.3306 -0.3452
vn 0.3523 -0.8671 0.3522
vn 0.4979 -0.8672 0.0005
vn 0.4979 -0.8673 0.0005
vn 0.3514 -0.8674 0.3523
vn 0.3523 -0.8671 -0.3522
vn 0.4979 -0.8672 0.0004
vn 0.3514 -0.8674 -0.3523
vn -1.0000 0.0005 0.0005
vn -0.9506 0.3105 -0.0000
vn -0.9506 0.3104 0.0003
vn -0.9916 0.1295 0.0005
vn -0.9506 0.3103 0.0005
vn -0.9506 0.3104 0.0004
vn -0.8896 0.3229 -0.3229
vn -0.8900 0.0004 -0.4560
vn -0.8899 -0.3226 -0.3226
vn -0.3553 0.6610 -0.6610
vn -0.3552 0.0005 -0.9348
vn -0.3553 -0.6610 -0.6610
vn -0.8900 0.4560 0.0005
vn -0.3552 0.9348 0.0005
vn -0.3553 0.6610 0.6610
vn -0.8896 0.3229 0.3229
vn -0.8900 0.0005 0.4560
vn -0.3552 0.0005 0.9348
vn -0.8900 -0.4559 0.0006
vn -0.3552 -0.9348 0.0005
vn -0.3553 -0.6610 0.6610
vn -0.8897 -0.3228 0.3228
vn -0.3552 0.0004 0.9348
vn -0.5476 0.0005 -0.8367
vn -0.3727 0.3824 -0.8455
vn -0.3882 0.3696 -0.8442
vn -0.5476 0.0005 -0.8368
vn -0.3882 -0.3696 -0.8442
vn -0.5476 0.0004 -0.8367
vn -0.3727 -0.3824 -0.8455
vn -0.5239 0.6023 -0.6023
vn -0.5242 0.8516 0.0005
vn -0.5241 0.0004 -0.8516
vn -0.5243 0.8516 0.0005
vn -0.5242 0.0005 -0.8516
vn -0.5239 0.6023 0.6023
vn -0.5239 -0.6023 -0.6023
vn -0.5242 0.0005 0.8516
vn -0.5242 -0.8516 0.0004
vn -0.5239 -0.6023 0.6023
vn -0.9927 -0.1206 0.0005
vn -0.9927 -0.1207 0.0005
vn -0.9703 -0.2417 0.0004
vn -0.9703 -0.2417 0.0005
vn -0.6473 -0.7411 0.1783
vn 0.3559 -0.8961 0.2652
vn 0.3502 -0.8983 0.2652
vn -0.7549 -0.6376 0.1539
vn 0.0005 0.7655 0.6434
vn 0.0005 0.7655 -0.6434
vn 0.3502 -0.8983 -0.2652
vn -0.6473 -0.7411 -0.1783
vn -0.7549 -0.6376 -0.1539
vn 0.3559 -0.8961 -0.2652
vn -0.3881 0.3697 -0.8442
vn -0.3727 0.3825 -0.8455
vn -0.0172 0.5058 -0.8625
vn 0.0082 0.5035 -0.8639
vn 0.3513 -0.8674 0.3524
vn 0.0005 -0.8673 0.4979
vn 0.0005 -0.8672 0.4979
vn 0.3522 -0.8671 0.3523
vn 0.3513 -0.8674 -0.3524
vn 0.0005 -0.8672 -0.4979
vn 0.3522 -0.8671 -0.3523
vn 0.0005 -0.8673 -0.4979
vn 0.0005 1.0000 0.0005
vn 0.0004 0.5439 -0.8391
vn 0.0005 0.7925 -0.6099
vn 0.3510 0.9146 0.2007
vn -0.3510 0.9146 0.2007
vn 0.3510 0.9146 -0.2007
vn -0.3510 0.9146 -0.2007
vn -0.0172 -0.5058 -0.8625
vn -0.3727 -0.3825 -0.8455
vn -0.3881 -0.3697 -0.8442
vn 0.0082 -0.5035 -0.8639
vn 0.3522 -0.3523 -0.8671
vn 0.0005 -0.4979 -0.8672
vn 0.0005 -0.4979 -0.8673
vn -0.3522 -0.3522 -0.8671
vn -0.2136 0.9769 0.0005
vn -0.2291 0.9734 0.0005
vn -0.2135 0.9769 0.0005
vn -0.2135 0.9769 -0.0000
vn -0.2290 0.9734 0.0005
vn 0.0004 0.8611 0.5084
vn 0.3159 0.7770 0.5445
vn 0.3248 0.7732 0.5446
vn 0.0004 0.8611 -0.5084
vn 0.3159 0.7770 -0.5445
vn 0.3248 0.7732 -0.5446
vn 0.3151 0.7792 0.5418
vn 0.0003 0.8644 0.5027
vn 0.0004 0.8644 0.5028
vn 0.3268 0.7744 0.5418
vn -0.0151 0.5857 0.8104
vn -0.0152 0.5857 0.8104
vn -0.0171 0.3033 0.9528
vn -0.0132 0.1588 0.9872
vn 0.0003 0.8644 -0.5027
vn 0.3151 0.7792 -0.5418
vn 0.0004 0.8644 -0.5028
vn 0.3268 0.7744 -0.5418
vn 0.3523 -0.3522 -0.8671
vn 0.4979 0.0004 -0.8673
vn 0.4979 0.0004 -0.8672
vn 0.3522 -0.3522 -0.8671
vn 0.3523 0.3522 -0.8671
vn 0.4979 0.0005 -0.8673
vn 0.4979 0.0005 -0.8672
vn 0.3522 0.3522 -0.8671
vn -0.0171 0.3033 -0.9528
vn -0.0151 0.5857 -0.8104
vn -0.0132 0.1588 -0.9872
vn 0.0005 0.0640 0.9979
vn 0.0005 0.1686 0.9857
vn 0.0005 0.4254 0.9050
vn 0.0004 0.4255 0.9050
vn 0.0005 0.2684 0.9633
vn 0.0005 0.2749 0.9615
vn 0.0005 0.0045 1.0000
vn 0.0005 0.2683 0.9633
vn 0.0005 -0.0180 0.9998
vn 0.0003 0.2564 0.9666
vn 0.0004 0.0004 -1.0000
vn 0.0005 0.0005 -1.0000
vn 0.0005 0.0005 1.0000
vn 0.0005 0.1686 -0.9857
vn 0.0004 0.4255 -0.9050
vn 0.0005 0.0640 -0.9979
vn 0.0005 0.5439 -0.8391
vn 0.0005 0.0044 -1.0000
vn 0.0005 0.2749 -0.9615
vn 0.0005 -0.0180 -0.9998
vn 0.0004 0.7925 -0.6098
vn 0.0015 0.1637 0.9865
vn 0.0015 0.1636 0.9865
vn 0.0005 -1.0000 0.0005
vn 0.0006 0.3120 0.9501
vn -0.0054 0.2194 0.9756
vn 0.0004 0.3122 0.9500
vn 0.0015 0.1637 -0.9865
vn 0.0015 0.1636 -0.9865
vn -0.3522 0.3522 -0.8671
vn -0.4979 0.0005 -0.8672
vn -0.3523 0.3522 -0.8671
vn -0.4979 0.0005 -0.8673
vn -0.3523 -0.3522 -0.8671
vn -0.4979 0.0004 -0.8672
vn -0.0054 0.2194 -0.9756
vn 0.0004 0.3122 -0.9500
vn 0.0006 0.3120 -0.9501
vn -0.7071 -0.7071 0.0003
vn -0.7071 -0.7071 -0.0000
vn -1.0000 0.0004 0.0005
vn -0.7071 0.7071 -0.0000
vn 0.7071 0.7071 0.0003
vn 0.7071 0.7071 -0.0000
vn 0.7071 -0.7071 0.0005
vn -0.0171 0.3033 0.9527
vn -0.0181 -0.0064 0.9998
vn -0.0000 -0.1042 0.9946
vn 0.0003 -0.1041 0.9946
vn 0.0005 0.1685 0.9857
vn 0.0005 0.0639 0.9980
vn -0.0000 0.7033 -0.7109
vn 0.0004 0.7032 -0.7110
vn -0.0000 0.0005 -1.0000
vn -0.0000 0.7033 0.7109
vn 0.0004 0.7032 0.7110
vn -0.0000 -0.7033 0.7109
vn 0.0005 -0.7032 0.7110
vn 0.0005 -0.7032 -0.7110
vn -0.0000 -0.7033 -0.7109
vn -0.0000 0.0004 -1.0000
vn 0.0005 0.0004 -1.0000
vn 0.0005 0.0004 1.0000
vn 0.0003 -0.7032 -0.7110
vn 0.0005 0.7032 -0.7110
vn 0.0005 0.7032 0.7110
vn 0.0003 0.7032 0.7110
vn -0.0181 -0.0064 -0.9998
vn -0.0171 0.3033 -0.9527
vn 0.0004 -0.9287 0.3708
vn 0.0003 -0.9288 0.3707
vn 0.0005 0.0639 -0.9980
vn 0.0005 0.1685 -0.9857
vn -0.0000 -0.1042 -0.9946
vn 0.0006 0.4979 -0.8672
vn 0.0005 0.4979 -0.8673
vn 0.0004 -0.9287 -0.3708
vn -0.0000 -0.9288 -0.3705
vn 0.3305 0.3452 -0.8784
vn 0.0084 0.5035 -0.8639
vn 0.3414 0.3337 -0.8787
vn -0.0171 0.5058 -0.8625
vn -0.0000 0.7071 0.7071
vn -0.0000 0.7071 -0.7071
vn -0.0000 -0.7071 -0.7071
vn -0.0000 -0.7071 0.7071
vn 0.6308 0.5486 0.5487
vn -0.0000 1.0000 0.0005
vn 0.0005 0.7071 0.7071
vn 0.6306 0.7761 0.0005
vn 0.0005 -0.2915 0.9566
vn 0.0005 -0.0181 0.9998
vn 0.0005 0.0044 1.0000
vn 0.0003 -0.2915 0.9566
vn 0.0003 0.7071 -0.7071
vn 0.0005 -0.7071 0.7071
vn 0.0005 -0.7071 -0.7071
vn 0.0003 -0.7071 -0.7071
vn 0.6308 0.5487 -0.5487
vn 0.0004 0.4979 -0.8672
vn -0.3522 0.3523 -0.8671
vn 0.6306 0.0004 0.7761
vn 0.6308 0.5487 0.5487
vn 0.0003 0.7032 -0.7110
vn 0.0005 -0.0181 -0.9998
vn 0.0005 -0.2915 -0.9566
vn 0.0003 -0.2915 -0.9566
vn 0.0005 0.0043 -1.0000
vn 0.0004 -0.7032 0.7110
vn 0.0003 -0.7071 0.7071
vn 0.0003 0.7071 0.7071
vn 0.0005 0.7071 -0.7071
vn 0.6308 0.5487 -0.5486
vn 0.6306 0.0005 -0.7761
vn 0.6308 -0.5487 0.5486
vn -0.0000 0.0005 1.0000
vn 0.6306 0.0005 0.7761
vn 0.6308 -0.5487 -0.5487
vn 0.6306 -0.7761 0.0004
vn 0.6308 -0.5487 0.5487
vn 0.3305 -0.3452 -0.8784
vn 0.0084 -0.5035 -0.8639
vn -0.0171 -0.5058 -0.8625
vn 0.3414 -0.3337 -0.8787
vn 0.6308 -0.5486 -0.5487
vn -0.0000 -1.0000 0.0004
vn 0.6306 -0.7761 0.0005
vn 0.0003 -0.2790 0.9603
vn 0.0004 -0.2790 0.9603
vn -0.3522 -0.8671 0.3522
vn -0.3522 -0.8671 -0.3522
vn -0.3522 -0.8671 -0.3523
vn 0.0004 -0.2790 -0.9603
vn 0.0003 -0.2790 -0.9603
vn 0.9287 0.2613 0.2633
vn 0.9295 0.3688 0.0005
vn 0.9295 0.3688 0.0006
vn 0.9287 0.2613 -0.2633
vn 0.9284 0.2602 0.2652
vn 0.9284 0.2602 -0.2652
vn 0.9276 0.0005 -0.3737
vn 0.9276 0.0004 0.3737
vn 0.9276 0.0005 0.3737
vn 0.9284 -0.2602 0.2652
vn 0.9286 -0.2616 0.2633
vn 0.9295 -0.3688 0.0005
vn 0.9295 -0.3688 0.0004
vn 0.9286 -0.2616 -0.2633
vn 0.9284 -0.2602 -0.2652
vn 0.8173 0.4041 -0.4108
vn 0.8153 0.0003 -0.5790
vn 0.8173 0.4061 -0.4088
vn 0.8194 0.5732 0.0005
vn 0.8173 -0.4041 -0.4108
vn 0.8173 -0.4061 -0.4088
vn 0.8173 0.4061 0.4088
vn 0.8194 -0.5732 0.0005
vn 0.8173 0.4041 0.4108
vn 0.8154 0.0006 0.5789
vn 0.8173 -0.4061 0.4088
vn 0.8173 -0.4041 0.4108
vn 0.8154 0.0004 0.5789
vn 0.8154 0.0005 0.5789
vn -0.7344 0.6787 0.0005
vn -0.7341 0.4802 0.4801
vn -0.7341 0.4802 -0.4801
vn -0.7344 0.6787 0.0004
vn -0.7341 0.4801 0.4802
vn -0.7344 0.0005 0.6787
vn -0.7341 0.4801 -0.4802
vn -0.7344 0.0005 -0.6787
vn -0.7341 -0.4801 0.4802
vn -0.7344 0.0004 0.6787
vn -0.7341 -0.4801 -0.4802
vn -0.7344 0.0004 -0.6787
vn -0.7344 -0.6787 0.0005
vn -0.7341 -0.4802 0.4801
vn -0.7344 -0.6787 0.0004
vn -0.7341 -0.4802 -0.4801
vn 0.3414 -0.3336 -0.8787
vn 0.4664 0.0004 -0.8845
vn 0.4665 0.0005 -0.8845
vn 0.3306 -0.3452 -0.8784
vn 0.3415 0.3336 -0.8787
vn 0.4664 0.0005 -0.8846
vn 0.3306 0.3452 -0.8784
vn 0.3160 0.7770 0.5445
vn 0.3152 0.7792 0.5418
vn 0.3249 0.7732 0.5446
vn 0.3269 0.7743 0.5418
vn 0.3152 0.7792 -0.5418
vn 0.3269 0.7743 -0.5418
vn 0.3160 0.7770 -0.5445
vn 0.3249 0.7732 -0.5446
vn 0.9506 0.3104 0.0005
vn 0.9506 0.3104 0.0003
vn 0.9506 0.3104 0.0004
vn 0.9506 0.3105 0.0001
vn -0.7548 -0.6376 -0.1539
vn -0.7548 -0.6376 0.1539
vn 0.9927 -0.1206 0.0005
vn 0.9703 -0.2417 0.0004
vn 0.9927 -0.1207 0.0005
vn 0.9704 -0.2417 0.0006
vn -0.9284 0.2602 0.2652
vn -0.9276 0.0006 0.3737
vn -0.9287 0.2612 0.2633
vn -0.9276 0.0005 0.3737
vn -0.9295 0.3688 0.0004
vn -0.9284 -0.2602 0.2652
vn -0.9295 0.3688 0.0005
vn -0.9287 -0.2613 0.2633
vn -0.9287 0.2613 -0.2633
vn -0.9295 -0.3688 0.0005
vn -0.9285 0.2599 -0.2651
vn -0.9276 0.0005 -0.3737
vn -0.9286 -0.2616 -0.2633
vn -0.9284 -0.2602 -0.2652
vn -0.8173 0.4041 -0.4108
vn -0.8154 0.0004 -0.5790
vn -0.8173 -0.4041 -0.4108
vn -0.8173 0.4061 -0.4088
vn -0.8173 -0.4061 -0.4088
vn -0.8195 0.5732 0.0006
vn -0.8195 -0.5731 0.0007
vn -0.8194 0.5732 0.0006
vn -0.8194 -0.5732 0.0005
vn -0.8173 0.4061 0.4088
vn -0.8173 -0.4061 0.4088
vn -0.8173 0.4041 0.4107
vn -0.8154 0.0006 0.5789
vn -0.8173 -0.4041 0.4108
vn -0.8154 0.0005 0.5789
vn -0.4979 -0.8673 0.0004
vn -0.4979 -0.8672 0.0004
vn -0.3523 -0.8671 -0.3522
vn -0.4979 -0.8672 0.0005
vn -0.3523 -0.8671 0.3522
vn 0.8061 -0.5004 0.3159
vn 0.9198 -0.2018 0.3366
vn 0.9208 -0.1969 0.3366
vn 0.9043 -0.2780 0.3239
vn 0.9036 -0.2801 0.3240
vn 0.9037 -0.2800 -0.3240
vn 0.9440 -0.0875 -0.3180
vn 0.9043 -0.2780 -0.3238
vn 0.8061 -0.5004 -0.3159
vn 0.9198 -0.2018 -0.3366
vn 0.9209 -0.1969 -0.3365
vn 0.9342 0.1695 0.3140
vn 0.9198 -0.2017 0.3365
vn 0.9342 0.1695 -0.3140
vn 0.9209 -0.1969 -0.3366
vn 0.9198 -0.2017 -0.3365
vn 0.3511 0.9146 0.2007
vn 0.8942 0.3991 0.2027
vn 0.8943 0.3990 0.2027
vn 0.3511 0.9146 -0.2007
vn 0.8942 0.3991 -0.2027
vn 0.8942 0.3990 -0.2027
vn 0.9043 -0.2779 0.3239
vn 0.9440 -0.0875 0.3180
vn 0.9037 -0.2800 0.3240
vn 0.9441 -0.0874 0.3179
vn -0.5546 0.8321 0.0003
vn -0.9341 0.3569 0.0005
vn -0.5546 0.8321 0.0005
vn -0.9341 0.3570 0.0005
vn -0.9836 -0.1803 0.0004
vn 0.0004 -1.0000 0.0005
vn -0.7071 0.7071 0.0003
vn 0.7071 0.7071 0.0005
vn 0.7071 -0.7071 -0.0000
vn -0.5564 -0.5875 0.5875
vn -0.5564 0.0004 0.8309
vn -0.5564 0.0005 0.8309
vn -0.5563 0.5876 0.5876
vn -0.5563 -0.5876 0.5876
vn -0.5562 0.5876 0.5876
vn -0.5564 -0.8309 0.0005
vn -0.5564 0.8309 0.0004
vn -0.5565 -0.8309 0.0004
vn -0.5564 0.8309 0.0005
vn -0.5564 -0.5875 -0.5875
vn -0.5566 0.5875 -0.5875
vn -0.5563 -0.5876 -0.5876
vn -0.5564 0.0005 -0.8309
vn -0.5564 0.5875 -0.5875
vn -0.7071 0.0005 0.7071
vn -0.7071 -0.0000 0.7071
vn -0.7071 -0.0000 -0.7071
vn -1.0000 0.0005 0.0004
vn -0.7071 0.0003 -0.7071
vn 0.7071 -0.0000 -0.7071
vn 0.7071 0.0003 -0.7071
vn 0.7071 0.0005 0.7071
vn 0.8908 -0.4080 0.1999
vn 0.8712 -0.4480 0.2007
vn 0.8712 -0.4481 0.2008
vn 0.8908 -0.4081 0.1999
vn 0.9056 -0.3729 0.2019
vn 0.9056 -0.3729 0.2018
vn 0.8712 -0.4480 -0.2007
vn 0.8908 -0.4080 -0.1999
vn 0.8712 -0.4481 -0.2008
vn 0.8908 -0.4081 -0.1999
vn 0.9056 -0.3729 -0.2018
vn 0.9056 -0.3729 -0.2019
vn 0.9057 -0.3729 0.2018
vn 0.8943 0.3990 -0.2027
vn 0.9057 -0.3729 -0.2018
vt 0.375000 0.625000
vt 0.375000 0.500000
vt 0.625000 0.500000
vt 0.625000 0.625000
vt 0.375000 0.750000
vt 0.625000 0.750000
vt 0.980473 1.000000
vt 0.894528 1.000000
vt 0.105473 1.000000
vt 0.019527 1.000000
vt 0.605472 1.000000
vt 0.519527 1.000000
vt 0.144527 1.000000
vt 0.230473 1.000000
vt 0.769527 1.000000
vt 0.855473 1.000000
vt 0.394528 1.000000
vt 0.480473 1.000000
vt 0.730473 1.000000
vt 0.644527 1.000000
vt 0.355473 1.000000
vt 0.269527 1.000000
vt 0.625000 0.250000
vt 0.375000 0.000000
vt 0.625000 0.000000
vt 0.375000 0.250000
vt 0.084985 0.250000
vt 0.250000 0.415015
vt 0.133317 0.366683
vt 0.250000 0.084986
vt 0.133317 0.133317
vt 0.415014 0.250000
vt 0.366683 0.366683
vt 0.366683 0.133317
vt 0.375000 0.934761
vt 0.250000 0.934761
vt 0.125000 0.934761
vt 0.500000 0.934761
vt 0.000000 0.934761
vt 0.625000 0.934761
vt 0.875000 0.934761
vt 1.000000 0.934761
vt 0.750000 0.934761
vt 0.010000 0.250000
vt 0.080294 0.080294
vt 0.135386 0.135386
vt 0.087911 0.250000
vt 0.135386 0.364614
vt 0.080294 0.419706
vt 0.125000 0.625000
vt 0.125000 0.500000
vt 0.125000 0.750000
vt 0.250000 0.490000
vt 0.250000 0.010000
vt 0.490000 0.250000
vt 0.419706 0.419706
vt 0.419706 0.080294
vt 0.375000 1.000000
vt 0.500000 1.000000
vt 0.250000 1.000000
vt 0.625000 1.000000
vt 0.125000 1.000000
vt 0.750000 1.000000
vt 0.875000 1.000000
vt 1.000000 1.000000
vt 0.000000 1.000000
vt 0.250000 0.412089
vt 0.375000 0.125000
vt 0.250000 0.087911
vt 0.163368 0.625000
vt 0.163368 0.500000
vt 0.163368 0.750000
vt 0.364614 0.364614
vt 0.625000 0.125000
vt 0.484807 0.250000
vt 0.484807 0.125000
vt 0.364614 0.135386
vt 0.484807 0.000000
vt 0.412089 0.250000
vt 0.625000 0.556185
vt 0.625000 0.694287
vt 0.625000 0.541301
vt 0.625000 0.708989
vt 0.500000 0.750000
vt 0.500000 0.500000
vt 0.625000 0.875000
vt 0.625000 0.375000
vt 0.270534 0.500000
vt 0.232803 0.750000
vt 0.270534 0.750000
vt 0.232803 0.500000
vt 0.875000 0.750000
vt 0.875000 0.500000
vt 0.875000 0.625000
vt 0.500000 0.250000
vt 0.500000 0.375000
vt 0.500000 0.875000
vt 0.375000 0.288368
vt 0.375000 0.961632
vt 0.484807 1.000000
vt 0.000000 0.896673
vt 0.125000 0.896674
vt 0.000000 0.500000
vt 0.250000 0.500000
vt 0.250000 0.896673
vt 0.250000 0.896674
vt 0.375000 0.896673
vt 0.500000 0.896674
vt 0.625000 0.896673
vt 0.750000 0.500000
vt 0.750000 0.896673
vt 0.875000 0.896673
vt 1.000000 0.500000
vt 0.875000 0.896674
vt 1.000000 0.896673
vt 0.000000 0.641801
vt 0.125000 0.641801
vt 0.250000 0.641801
vt 0.375000 0.641801
vt 0.500000 0.641801
vt 0.625000 0.641801
vt 0.750000 0.641801
vt 0.875000 0.641801
vt 1.000000 0.641801
vt 0.375000 0.375000
vt 0.375000 0.875000
vt 0.375000 0.892197
vt 0.625000 0.861844
vt 0.375000 0.854466
vt 0.625000 0.884819
vt 0.375000 0.395534
vt 0.625000 0.365181
vt 0.375000 0.357803
vt 0.625000 0.388156
vt 0.000000 0.925021
vt 0.125000 0.925021
vt 0.250000 0.925021
vt 0.375000 0.925021
vt 0.500000 0.925021
vt 0.625000 0.925021
vt 0.750000 0.925021
vt 0.875000 0.925021
vt 1.000000 0.925021
vt 0.625000 0.487370
vt 0.625000 0.763575
vt 0.625000 0.792978
vt 0.625000 0.457602
vt 0.500000 0.000000
vt 0.736844 0.750000
vt 0.759819 0.750000
vt 0.759819 0.500000
vt 0.736844 0.500000
s 1
f 1396/80/802 1397/81/803 1398/81/804
f 1397/81/803 1396/80/802 1399/80/805
f 1400/80/806 1401/82/807 1402/83/807
f 1401/82/807 1400/80/806 1403/81/806
f 1404/84/808 1405/80/809 1406/84/810
f 1405/80/809 1404/84/808 1407/80/811
f 1408/85/812 1409/84/813 1410/80/813
f 1408/85/812 1410/80/813 1411/83/812
f 1412/80/814 1413/81/815 1414/81/816
f 1413/81/815 1412/80/814 1415/80/817
f 1414/81/816 1416/80/818 1412/80/814
f 1416/80/818 1414/81/816 1417/81/818
f 1418/84/819 1419/80/820 1420/84/820
f 1419/80/820 1418/84/819 1421/80/821
f 1422/84/822 1421/80/821 1418/84/819
f 1421/80/821 1422/84/822 1423/80/823
f 1424/80/817 1425/81/804 1426/81/817
f 1425/81/804 1424/80/817 1427/80/824
f 1428/84/810 1429/80/822 1430/84/825
f 1429/80/822 1428/84/810 1431/80/826
f 1432/83/827 1433/82/828 1434/82/827
f 1433/82/828 1432/83/827 1435/83/828
f 1436/83/829 1437/85/829 1438/85/830
f 1438/85/830 1439/83/830 1436/83/829
f 1440/86/831 1441/87/832 1442/87/833
f 1441/87/832 1440/86/831 1443/86/832
f 1444/88/832 1445/89/834 1446/88/835
f 1445/89/834 1444/88/832 1447/89/832
f 1448/90/832 1449/91/832 1450/91/836
f 1450/91/836 1451/90/837 1448/90/832
f 1452/92/835 1453/93/838 1454/93/832
f 1452/92/835 1454/93/832 1455/92/832
f 1456/94/839 1457/95/833 1458/95/832
f 1456/94/839 1458/95/832 1459/94/832
f 1460/96/832 1461/97/836 1462/97/832
f 1461/97/836 1460/96/832 1463/96/840
f 1464/98/839 1465/99/832 1466/99/837
f 1465/99/832 1464/98/839 1467/98/832
f 1468/100/840 1469/101/832 1470/101/841
f 1469/101/832 1468/100/840 1471/100/832
f 1472/102/842 1473/103/843 1474/104/844
f 1475/105/843 1473/103/843 1472/102/842
f 1473/103/845 1476/105/843 1477/105/846
f 1478/103/847 1473/103/845 1477/105/846
f 1479/106/848 1480/107/849 1481/108/850
f 1480/107/849 1479/106/848 1482/109/851
f 1482/109/851 1479/106/848 1483/110/852
f 1484/111/853 1480/107/849 1482/109/851
f 1480/107/849 1484/111/853 1485/112/854
f 1484/111/853 1482/109/851 1486/113/855
f 1487/114/856 1488/101/857 1489/115/858
f 1488/101/857 1487/114/856 1490/100/859
f 1491/116/860 1492/115/861 1493/93/862
f 1491/116/860 1493/93/862 1494/92/835
f 1495/114/863 1496/97/864 1497/96/865
f 1496/97/864 1495/114/863 1498/117/866
f 1499/116/867 1500/89/868 1501/118/869
f 1500/89/868 1499/116/867 1502/88/870
f 1503/91/871 1504/119/872 1505/90/873
f 1504/119/872 1503/91/871 1506/117/874
f 1507/120/875 1508/121/876 1509/86/868
f 1507/120/875 1509/86/868 1510/87/877
f 1511/98/878 1512/119/879 1513/122/880
f 1512/119/879 1511/98/878 1514/99/881
f 1515/120/882 1516/94/883 1517/122/884
f 1516/94/883 1515/120/882 1518/95/885
f 1519/123/886 1520/124/887 1521/125/888
f 1519/123/886 1521/125/888 1522/126/886
f 1523/127/889 1524/123/890 1522/126/890
f 1524/123/890 1523/127/889 1525/128/891
f 1526/129/892 1527/81/893 1528/80/894
f 1527/81/893 1526/129/892 1529/130/892
f 1530/84/808 1531/131/895 1532/129/895
f 1532/129/895 1533/80/896 1530/84/808
f 1534/123/832 1535/132/832 1536/128/832
f 1535/132/832 1534/123/832 1537/133/832
f 1537/133/832 1534/123/832 1538/124/832
f 1539/134/832 1535/132/832 1537/133/832
f 1535/132/832 1539/134/832 1540/135/832
f 1539/134/832 1537/133/832 1541/136/832
f 1542/137/897 1543/138/832 1544/138/898
f 1543/138/832 1542/137/897 1545/137/832
f 1546/139/832 1545/137/832 1542/137/897
f 1547/140/899 1544/138/898 1543/138/832
f 1543/138/832 1548/140/832 1547/140/899
f 1544/138/898 1549/137/900 1542/137/897
f 1549/137/900 1544/138/898 1550/138/901
f 1544/138/898 1551/140/902 1550/138/901
f 1551/140/902 1544/138/898 1547/140/899
f 1552/139/903 1542/137/897 1549/137/900
f 1542/137/897 1552/139/903 1546/139/832
f 1553/139/904 1552/139/903 1549/137/900
f 1554/141/905 1552/139/903 1553/139/904
f 1555/142/906 1551/140/902 1547/140/899
f 1548/140/832 1555/142/906 1547/140/899
f 1551/140/902 1555/142/906 1556/142/907
f 1555/142/906 1548/140/832 1557/142/832
f 1555/142/906 1558/143/908 1556/142/907
f 1559/143/832 1555/142/906 1557/142/832
f 1555/142/906 1559/143/832 1560/143/909
f 1558/143/908 1555/142/906 1560/143/909
f 1561/144/832 1560/143/909 1559/143/832
f 1560/143/909 1561/144/832 1562/144/910
f 1562/144/910 1558/143/908 1560/143/909
f 1558/143/908 1562/144/910 1563/144/911
f 1564/145/910 1554/141/905 1565/145/912
f 1554/141/905 1564/145/910 1566/141/913
f 1552/139/903 1554/141/905 1566/141/913
f 1567/145/832 1566/141/913 1564/145/910
f 1566/141/913 1546/139/832 1552/139/903
f 1566/141/913 1567/145/832 1568/141/832
f 1546/139/832 1566/141/913 1568/141/832
f 1569/146/914 1570/128/915 1571/127/916
f 1570/128/915 1569/146/914 1572/132/917
f 1573/105/918 1574/105/919 1575/147/920
f 1576/147/921 1575/147/920 1574/105/919
f 1576/147/922 1577/105/923 1578/105/924
f 1579/147/924 1576/147/922 1578/105/924
f 1579/147/924 1578/105/924 1580/105/925
f 1581/147/926 1579/147/924 1580/105/925
f 1581/147/926 1580/105/925 1582/105/927
f 1583/147/927 1581/147/926 1582/105/927
f 1584/125/928 1585/124/929 1586/148/930
f 1585/124/929 1587/133/931 1586/148/930
f 1588/103/932 1589/147/933 1590/147/932
f 1589/147/933 1588/103/932 1591/103/934
f 1591/103/934 1592/147/935 1589/147/933
f 1592/147/935 1591/103/934 1593/103/935
f 1593/103/935 1594/147/936 1592/147/935
f 1594/147/936 1593/103/935 1595/103/937
f 1595/103/937 1596/147/938 1594/147/936
f 1596/147/938 1595/103/937 1597/103/939
f 1598/137/940 1599/139/941 1600/139/942
f 1601/141/943 1600/139/942 1599/139/941
f 1600/139/942 1602/137/940 1598/137/940
f 1600/139/942 1601/141/943 1603/141/943
f 1601/141/943 1604/145/944 1603/141/943
f 1604/145/944 1601/141/943 1605/145/944
f 1606/138/945 1598/137/940 1602/137/940
f 1598/137/940 1606/138/945 1607/138/946
f 1606/138/945 1608/140/947 1607/138/946
f 1608/140/947 1606/138/945 1609/140/947
f 1610/142/948 1608/140/947 1609/140/947
f 1608/140/947 1610/142/948 1611/142/949
f 1610/142/948 1612/143/950 1611/142/949
f 1612/143/950 1610/142/948 1613/143/950
f 1614/144/951 1612/143/950 1613/143/950
f 1612/143/950 1614/144/951 1615/144/951
f 1616/149/952 1617/130/953 1618/150/954
f 1617/130/953 1616/149/952 1619/129/955
f 1620/131/956 1621/149/957 1622/151/958
f 1621/149/957 1620/131/956 1623/129/959
f 1624/152/960 1625/132/917 1626/146/914
f 1625/132/917 1624/152/960 1627/135/961
f 1628/153/962 1629/154/963 1630/155/964
f 1629/154/963 1628/153/962 1631/102/965
f 1632/156/966 1633/133/931 1634/136/967
f 1633/133/931 1632/156/966 1635/148/930
f 1636/104/968 1637/153/969 1638/157/970
f 1638/157/970 1637/153/969 1639/155/971
f 1640/135/961 1641/158/972 1642/134/972
f 1641/158/972 1640/135/961 1643/152/973
f 1644/136/967 1642/134/974 1645/158/975
f 1644/136/967 1645/158/975 1646/156/976
f 1647/135/977 1648/158/978 1649/134/979
f 1648/158/978 1647/135/977 1650/152/980
f 1651/136/981 1649/134/982 1652/158/982
f 1651/136/981 1652/158/982 1653/156/983
f 1654/134/984 1655/132/984 1656/133/984
f 1655/132/984 1654/134/984 1657/135/984
f 1654/134/984 1656/133/984 1658/136/984
f 1655/132/984 1659/123/984 1656/133/984
f 1656/133/984 1659/123/984 1660/124/984
f 1659/123/984 1655/132/984 1661/128/984
f 1662/82/985 1663/85/986 1664/159/986
f 1664/159/986 1663/85/986 1665/160/985
f 1666/161/985 1662/82/986 1667/159/985
f 1662/82/986 1666/161/985 1668/82/987
f 1669/85/987 1668/82/987 1666/161/985
f 1669/85/987 1666/161/985 1670/162/988
f 1671/85/989 1670/162/988 1665/160/989
f 1670/162/988 1671/85/989 1669/85/987
f 1672/137/990 1673/138/984 1674/138/991
f 1673/138/984 1672/137/990 1675/137/984
f 1676/139/984 1675/137/984 1672/137/990
f 1673/138/984 1677/140/992 1674/138/991
f 1677/140/992 1673/138/984 1678/140/984
f 1674/138/991 1679/137/993 1672/137/990
f 1679/137/993 1674/138/991 1680/138/994
f 1680/138/994 1674/138/991 1681/140/995
f 1674/138/991 1677/140/992 1681/140/995
f 1679/137/993 1682/139/996 1672/137/990
f 1676/139/984 1672/137/990 1682/139/996
f 1682/139/996 1679/137/993 1683/139/997
f 1684/141/998 1682/139/996 1683/139/997
f 1685/141/999 1676/139/984 1682/139/996
f 1682/139/996 1684/141/998 1685/141/999
f 1676/139/984 1685/141/999 1686/141/984
f 1687/145/984 1686/141/984 1685/141/999
f 1685/141/999 1688/145/1000 1687/145/984
f 1688/145/1000 1685/141/999 1684/141/998
f 1689/145/1001 1688/145/1000 1684/141/998
f 1690/142/1002 1681/140/995 1677/140/992
f 1681/140/995 1690/142/1002 1691/142/1003
f 1678/140/984 1690/142/1002 1677/140/992
f 1678/140/984 1692/142/984 1690/142/1002
f 1691/142/1003 1690/142/1002 1693/143/1004
f 1694/143/984 1690/142/1002 1692/142/984
f 1690/142/1002 1694/143/984 1695/143/1005
f 1690/142/1002 1695/143/1005 1693/143/1004
f 1696/144/984 1695/143/1005 1694/143/984
f 1695/143/1005 1696/144/984 1697/144/1000
f 1697/144/1000 1693/143/1004 1695/143/1005
f 1693/143/1004 1697/144/1000 1698/144/1006
f 1699/123/1007 1700/124/1008 1701/125/1009
f 1699/123/1007 1701/125/1009 1702/126/1010
f 1703/127/1011 1704/123/1012 1702/126/1007
f 1704/123/1012 1703/127/1011 1705/128/1013
f 1706/137/1014 1707/139/1015 1708/137/1014
f 1709/138/1016 1706/137/1014 1708/137/1014
f 1707/139/1015 1706/137/1014 1710/139/1017
f 1706/137/1014 1709/138/1016 1711/138/1018
f 1712/141/1019 1707/139/1015 1710/139/1017
f 1713/140/1020 1711/138/1018 1709/138/1016
f 1707/139/1015 1712/141/1019 1714/141/1019
f 1715/145/1021 1714/141/1019 1712/141/1019
f 1712/141/1019 1716/145/1021 1715/145/1021
f 1709/138/1016 1717/140/1020 1713/140/1020
f 1718/142/1022 1713/140/1020 1717/140/1020
f 1713/140/1020 1718/142/1022 1719/142/1022
f 1720/143/1023 1719/142/1022 1718/142/1022
f 1718/142/1022 1721/143/1023 1720/143/1023
f 1722/144/1021 1720/143/1023 1721/143/1023
f 1720/143/1023 1722/144/1021 1723/144/1021
f 1724/163/1024 1725/164/1024 1726/85/987
f 1726/85/987 1725/164/1024 1727/82/987
f 1725/164/1025 1728/84/1026 1729/81/1027
f 1728/84/1026 1725/164/1025 1730/163/1025
f 1731/80/1028 1732/149/1029 1733/150/1030
f 1731/80/1028 1733/150/1030 1734/81/1031
f 1735/82/1032 1736/165/1033 1737/85/1033
f 1736/165/1033 1735/82/1032 1738/166/1032
f 1739/151/1034 1740/80/1035 1741/84/1036
f 1740/80/1035 1739/151/1034 1742/149/1037
f 1743/125/1038 1744/124/1039 1745/148/1040
f 1744/124/1039 1746/133/1041 1745/148/1040
f 1747/152/1042 1748/132/1043 1749/146/1044
f 1748/132/1043 1747/152/1042 1750/135/1045
f 1751/156/1046 1752/133/1047 1753/136/1048
f 1752/133/1047 1751/156/1046 1754/148/1049
f 1755/167/1050 1756/168/1050 1757/169/1050
f 1756/168/1050 1755/167/1050 1758/170/1050
f 1759/165/1051 1760/166/1050 1761/140/1052
f 1761/140/1052 1760/166/1050 1762/102/1050
f 1763/171/1050 1764/85/1050 1765/82/1050
f 1763/171/1050 1765/82/1050 1766/172/1050
f 1767/173/1053 1768/83/1054 1769/82/1054
f 1767/173/1053 1769/82/1054 1770/172/1053
f 1771/171/1055 1772/85/1056 1773/83/1056
f 1771/171/1055 1773/83/1056 1774/173/1055
f 1775/146/1057 1776/128/1058 1777/127/1059
f 1776/128/1058 1775/146/1057 1778/132/1060
f 1779/152/1061 1780/132/1062 1781/146/1062
f 1780/132/1062 1779/152/1061 1782/135/1061
f 1783/146/1063 1784/128/1064 1785/127/1064
f 1784/128/1064 1783/146/1063 1786/132/1062
f 1787/163/1065 1788/82/1066 1789/85/1066
f 1788/82/1066 1787/163/1065 1790/164/1065
f 1791/163/1050 1792/164/1067 1787/163/1068
f 1792/164/1067 1791/163/1050 1793/164/1050
f 1794/171/1050 1788/82/1069 1795/172/1050
f 1794/171/1050 1796/85/1069 1788/82/1069
f 1797/80/1070 1798/81/1071 1799/80/1072
f 1798/81/1071 1797/80/1070 1800/81/1070
f 1801/80/1073 1802/84/1074 1803/84/1073
f 1802/84/1074 1801/80/1073 1804/80/1075
f 1805/80/1076 1806/81/1077 1807/80/1078
f 1806/81/1077 1805/80/1076 1808/81/1079
f 1809/102/1080 1810/82/1081 1811/174/1082
f 1812/164/1083 1811/174/1082 1810/82/1081
f 1813/84/1084 1814/80/1085 1815/80/1086
f 1814/80/1085 1813/84/1084 1816/84/1087
f 1817/135/1088 1818/158/1089 1819/134/1090
f 1818/158/1089 1817/135/1088 1820/152/1091
f 1821/136/1092 1819/134/1093 1822/158/1094
f 1821/136/1092 1822/158/1094 1823/156/1095
f 1824/138/1096 1825/85/1097 1826/140/1097
f 1825/85/1097 1824/138/1096 1827/163/1098
f 1828/81/1099 1829/105/1100 1830/82/1101
f 1829/105/1100 1831/102/1102 1830/82/1101
f 1832/166/1103 1833/166/1032 1834/82/1104
f 1834/82/1104 1833/166/1032 1835/82/1032
f 1836/164/1105 1837/166/1106 1834/82/1104
f 1836/164/1105 1838/175/1107 1837/166/1106
f 1838/175/1107 1839/102/1108 1837/166/1106
f 1838/175/1107 1840/174/1105 1839/102/1108
f 1841/148/1109 1842/158/1110 1843/152/1110
f 1842/158/1110 1841/148/1109 1844/156/1110
f 1843/152/1110 1845/127/1110 1841/148/1109
f 1845/127/1110 1843/152/1110 1846/146/1110
f 1841/148/1109 1845/127/1110 1847/126/1110
f 1841/148/1109 1847/126/1110 1848/125/1110
f 1849/81/1111 1850/105/1111 1851/105/1111
f 1850/105/1111 1849/81/1111 1852/81/1111
f 1849/81/1111 1851/105/1111 1853/81/1111
f 1854/105/1111 1853/81/1111 1851/105/1111
f 1853/81/1111 1854/105/1111 1855/81/1111
f 1856/105/1111 1855/81/1111 1854/105/1111
f 1857/102/1111 1855/81/1111 1856/105/1111
f 1857/102/1111 1858/81/1111 1855/81/1111
f 1858/81/1111 1857/102/1111 1859/102/1111
f 1858/81/1111 1859/102/1111 1860/82/1111
f 1858/81/1111 1860/82/1111 1861/82/1111
f 1862/137/1112 1863/85/1113 1864/140/1113
f 1863/85/1113 1862/137/1112 1865/84/1114
f 1866/165/1115 1867/163/1116 1868/85/1117
f 1867/163/1116 1866/165/1115 1869/176/1118
f 1870/140/1119 1869/176/1118 1866/165/1115
f 1869/176/1118 1870/140/1119 1871/138/1116
f 1866/165/1115 1872/85/1033 1873/165/1033
f 1866/165/1115 1874/85/1117 1872/85/1033
f 1875/81/1120 1876/81/1120 1877/81/1120
f 1877/81/1120 1876/81/1120 1878/81/1120
f 1879/81/1120 1875/81/1120 1877/81/1120
f 1875/81/1120 1879/81/1120 1880/81/1120
f 1879/81/1120 1881/81/1121 1880/81/1120
f 1882/156/1122 1883/125/1122 1884/148/1122
f 1882/156/1122 1885/126/1122 1883/125/1122
f 1886/158/1122 1885/126/1122 1882/156/1122
f 1885/126/1122 1886/158/1122 1887/152/1122
f 1885/126/1122 1887/152/1122 1888/127/1122
f 1888/127/1122 1887/152/1122 1889/146/1122
f 1890/85/1110 1891/84/1110 1892/85/1110
f 1891/84/1110 1890/85/1110 1893/140/1110
f 1894/140/1110 1891/84/1110 1893/140/1110
f 1891/84/1110 1894/140/1110 1895/84/1110
f 1896/137/1110 1895/84/1110 1894/140/1110
f 1895/84/1110 1896/137/1110 1897/137/1110
f 1895/84/1110 1897/137/1110 1898/84/1110
f 1897/137/1110 1899/137/1110 1898/84/1110
f 1899/137/1110 1900/84/1110 1898/84/1110
f 1901/137/1110 1900/84/1110 1899/137/1110
f 1900/84/1110 1901/137/1110 1902/84/1110
f 1903/81/1123 1904/81/1124 1905/164/1125
f 1904/81/1124 1906/164/1083 1905/164/1125
f 1907/84/1126 1908/84/1126 1909/84/1126
f 1909/84/1126 1910/84/1126 1907/84/1126
f 1908/84/1126 1911/84/1126 1909/84/1126
f 1911/84/1126 1908/84/1126 1912/84/1126
f 1911/84/1126 1912/84/1126 1913/84/1127
f 1914/102/1111 1915/82/1111 1916/177/1111
f 1917/81/1111 1916/177/1111 1915/82/1111
f 1914/102/1111 1916/177/1111 1918/154/1111
f 1919/124/1128 1920/126/1129 1921/123/1129
f 1920/126/1129 1919/124/1128 1922/125/1130
f 1923/126/1131 1924/128/1132 1921/123/1133
f 1924/128/1132 1923/126/1131 1925/127/1132
f 1926/84/1134 1927/163/1135 1928/163/1098
f 1927/163/1135 1926/84/1134 1929/84/1136
f 1930/105/1111 1931/105/1111 1932/105/1111
f 1932/105/1111 1931/105/1111 1933/105/1111
f 1931/105/1111 1930/105/1111 1934/105/1111
f 1935/105/1111 1934/105/1111 1930/105/1111
f 1934/105/1111 1935/105/1111 1936/105/1111
f 1937/105/1111 1936/105/1111 1935/105/1111
f 1936/105/1111 1937/105/1111 1938/102/1111
f 1938/102/1111 1939/105/1111 1936/105/1111
f 1940/85/1110 1941/178/1110 1942/84/1110
f 1943/140/1110 1941/178/1110 1940/85/1110
f 1941/178/1110 1943/140/1110 1944/179/1110
f 1945/180/1122 1946/130/1137 1947/181/1138
f 1946/130/1137 1945/180/1122 1948/182/1122
f 1949/183/1139 1947/181/1138 1946/130/1137
f 1947/181/1138 1949/183/1139 1950/184/1139
f 1951/81/1140 1952/185/984 1949/183/984
f 1952/185/984 1951/81/1140 1953/186/1140
f 1954/164/1050 1953/186/1140 1951/81/1140
f 1953/186/1140 1954/164/1050 1955/187/1050
f 1956/82/1141 1955/187/1050 1954/164/1050
f 1955/187/1050 1956/82/1141 1957/188/1142
f 1958/189/832 1957/188/1142 1956/82/1141
f 1957/188/1142 1958/189/832 1959/190/832
f 1960/172/1143 1959/190/832 1958/189/832
f 1959/190/832 1960/172/1143 1961/191/1143
f 1962/192/1122 1963/193/1143 1960/172/1143
f 1963/193/1143 1962/192/1122 1964/194/1122
f 1965/103/1110 1966/103/1110 1967/103/1110
f 1966/103/1110 1965/103/1110 1968/103/1110
f 1969/103/1110 1967/103/1110 1966/103/1110
f 1967/103/1110 1969/103/1110 1970/103/1110
f 1971/103/1110 1970/103/1110 1969/103/1110
f 1970/103/1110 1971/103/1110 1972/103/1110
f 1971/103/1110 1973/104/1110 1972/103/1110
f 1973/104/1110 1971/103/1110 1974/103/1110
f 1975/174/1144 1976/164/1083 1977/105/1145
f 1978/81/1124 1977/105/1145 1976/164/1083
f 1979/81/1146 1980/105/1147 1981/105/1148
f 1979/81/1146 1981/105/1148 1982/81/1149
f 1983/142/1050 1984/142/1050 1985/143/1150
f 1984/142/1050 1986/143/1151 1985/143/1150
f 1986/143/1151 1987/144/1152 1985/143/1150
f 1987/144/1152 1986/143/1151 1988/144/1110
f 1989/140/1153 1984/142/1050 1983/142/1050
f 1990/140/1154 1989/140/1153 1983/142/1050
f 1990/140/1154 1991/138/1111 1989/140/1153
f 1991/138/1111 1990/140/1154 1992/138/1111
f 1992/138/1111 1993/137/1155 1991/138/1111
f 1993/137/1155 1992/138/1111 1994/137/1156
f 1994/137/1156 1995/139/1122 1993/137/1155
f 1995/139/1122 1994/137/1156 1996/139/1122
f 1996/139/1122 1997/141/1157 1995/139/1122
f 1997/141/1157 1996/139/1122 1998/141/1158
f 1998/141/1158 1999/145/1159 1997/141/1157
f 1999/145/1159 1998/141/1158 2000/145/1160
f 2001/143/1156 2002/172/1156 2003/192/1161
f 2001/143/1156 2003/192/1161 2004/144/1161
f 2005/142/1122 2002/172/1156 2001/143/1156
f 2005/142/1122 2006/189/1122 2002/172/1156
f 2007/140/1162 2006/189/1122 2005/142/1122
f 2007/140/1162 2008/82/1158 2006/189/1122
f 2009/138/1110 2008/82/1158 2007/140/1162
f 2009/138/1110 2010/164/1110 2008/82/1158
f 2011/137/1163 2010/164/1110 2009/138/1110
f 2011/137/1163 2012/81/1163 2010/164/1110
f 2011/137/1163 2013/139/1050 2012/81/1163
f 2012/81/1163 2013/139/1050 2014/183/1050
f 2013/139/1050 2015/141/1164 2014/183/1050
f 2014/183/1050 2015/141/1164 2016/130/1165
f 2017/145/1111 2016/130/1165 2015/141/1164
f 2017/145/1111 2018/182/1111 2016/130/1165
f 2019/137/1166 2020/163/1098 2021/138/1167
f 2020/163/1098 2019/137/1166 2022/84/1134
f 2023/80/1168 2024/81/1168 2025/80/1169
f 2024/81/1168 2023/80/1168 2026/81/1169
f 2027/84/1170 2028/137/1171 2029/137/1172
f 2027/84/1170 2029/137/1172 2030/84/1172
f 2031/156/1095 2032/133/1173 2033/136/1095
f 2032/133/1173 2031/156/1095 2034/148/1174
f 2035/84/1175 2036/80/1175 2037/84/1176
f 2036/80/1175 2035/84/1175 2038/80/1176
f 2039/156/1177 2040/133/1178 2041/136/1179
f 2040/133/1178 2039/156/1177 2042/148/1180
f 2043/145/1111 2044/195/1111 2045/196/1181
f 2043/145/1111 2045/196/1181 2046/141/1181
f 2047/197/1050 2046/141/1181 2045/196/1181
f 2048/139/1050 2046/141/1181 2047/197/1050
f 2049/198/1182 2048/139/1050 2047/197/1050
f 2050/137/1182 2048/139/1050 2049/198/1182
f 2050/137/1182 2049/198/1182 2051/199/1110
f 2050/137/1182 2051/199/1110 2052/138/1110
f 2052/138/1110 2051/199/1110 2053/200/1183
f 2052/138/1110 2053/200/1183 2054/140/1183
f 2054/140/1183 2053/200/1183 2055/201/1122
f 2054/140/1183 2055/201/1122 2056/142/1122
f 2056/142/1122 2055/201/1122 2057/202/1184
f 2056/142/1122 2057/202/1184 2058/143/1184
f 2058/143/1184 2057/202/1184 2059/203/1161
f 2058/143/1184 2059/203/1161 2060/144/1161
f 2061/95/1185 2062/94/1186 2063/95/1187
f 2062/94/1186 2061/95/1185 2064/94/1188
f 2065/105/1189 2066/175/1190 2067/204/1189
f 2066/175/1190 2065/105/1189 2068/174/1191
f 2069/81/1189 2067/204/1192 2070/175/1190
f 2070/175/1190 2071/164/1191 2069/81/1189
f 2072/141/1193 2073/145/1110 2074/196/1193
f 2074/196/1193 2073/145/1110 2075/195/1110
f 2072/141/1193 2074/196/1193 2076/197/1050
f 2072/141/1193 2076/197/1050 2077/139/1050
f 2077/139/1050 2076/197/1050 2078/198/1181
f 2077/139/1050 2078/198/1181 2079/137/1181
f 2080/199/1111 2079/137/1181 2078/198/1181
f 2081/138/1111 2079/137/1181 2080/199/1111
f 2082/200/1184 2081/138/1111 2080/199/1111
f 2083/140/1194 2081/138/1111 2082/200/1184
f 2084/201/1122 2083/140/1194 2082/200/1184
f 2085/142/1122 2083/140/1194 2084/201/1122
f 2086/202/1195 2085/142/1122 2084/201/1122
f 2087/143/1196 2085/142/1122 2086/202/1195
f 2086/202/1195 2088/144/1160 2087/143/1196
f 2088/144/1160 2086/202/1195 2089/203/1160
f 2090/98/1188 2091/99/1182 2092/98/1050
f 2091/99/1182 2090/98/1188 2093/99/1197
f 2094/125/1128 2095/133/1198 2096/148/1198
f 2095/133/1198 2094/125/1128 2097/124/1199
f 2098/86/1111 2099/86/1200 2100/87/1181
f 2101/87/1201 2100/87/1181 2099/86/1200
f 2102/143/1155 2103/172/1156 2104/192/1161
f 2102/143/1155 2104/192/1161 2105/144/1161
f 2106/142/1122 2103/172/1156 2102/143/1155
f 2106/142/1122 2107/189/1122 2103/172/1156
f 2108/140/1157 2107/189/1122 2106/142/1122
f 2108/140/1157 2109/82/1158 2107/189/1122
f 2110/138/1110 2109/82/1158 2108/140/1157
f 2110/138/1110 2111/164/1110 2109/82/1158
f 2112/137/1202 2111/164/1110 2110/138/1110
f 2112/137/1202 2113/81/1163 2111/164/1110
f 2112/137/1202 2114/139/1050 2113/81/1163
f 2113/81/1163 2114/139/1050 2115/183/1050
f 2114/139/1050 2116/141/1164 2115/183/1050
f 2115/183/1050 2116/141/1164 2117/130/1165
f 2118/145/1111 2117/130/1165 2116/141/1164
f 2118/145/1111 2119/182/1111 2117/130/1165
f 2120/176/1203 2121/137/1204 2122/205/1205
f 2121/137/1204 2120/176/1203 2123/138/1206
f 2124/84/1204 2125/176/1203 2122/205/1204
f 2125/176/1203 2124/84/1204 2126/163/1206
f 2127/192/1110 2128/192/1152 2129/172/1150
f 2128/192/1152 2130/172/1150 2129/172/1150
f 2130/172/1150 2131/189/1050 2129/172/1150
f 2131/189/1050 2130/172/1150 2132/189/1050
f 2132/189/1050 2133/82/1153 2131/189/1050
f 2133/82/1153 2132/189/1050 2134/82/1153
f 2133/82/1153 2134/82/1153 2135/164/1111
f 2134/82/1153 2136/164/1111 2135/164/1111
f 2135/164/1111 2136/164/1111 2137/81/1207
f 2136/164/1111 2138/81/1156 2137/81/1207
f 2137/81/1207 2138/81/1156 2139/183/1122
f 2138/81/1156 2140/183/1122 2139/183/1122
f 2139/183/1122 2140/183/1122 2141/130/1157
f 2140/183/1122 2142/130/1157 2141/130/1157
f 2141/130/1157 2142/130/1157 2143/182/1159
f 2142/130/1157 2144/182/1160 2143/182/1159
f 2145/130/1182 2146/116/1193 2147/118/1110
f 2145/130/1182 2147/118/1110 2148/182/1110
f 2146/116/1193 2145/130/1182 2149/183/1050
f 2146/116/1193 2149/183/1050 2150/115/1050
f 2150/115/1050 2149/183/1050 2151/81/1181
f 2150/115/1050 2151/81/1181 2152/114/1181
f 2153/164/1111 2152/114/1181 2151/81/1181
f 2153/164/1111 2154/117/1111 2152/114/1181
f 2155/82/1184 2154/117/1111 2153/164/1111
f 2155/82/1184 2156/119/1208 2154/117/1111
f 2157/189/1122 2156/119/1208 2155/82/1184
f 2157/189/1122 2158/122/1122 2156/119/1208
f 2159/172/1183 2158/122/1122 2157/189/1122
f 2159/172/1183 2160/120/1196 2158/122/1122
f 2161/192/1160 2160/120/1196 2159/172/1183
f 2161/192/1160 2162/121/1160 2160/120/1196
f 2163/130/1182 2164/130/1182 2165/182/1110
f 2164/130/1182 2166/182/1110 2165/182/1110
f 2163/130/1182 2167/183/1050 2164/130/1182
f 2167/183/1050 2163/130/1182 2168/183/1050
f 2168/183/1050 2169/81/1181 2167/183/1050
f 2169/81/1181 2168/183/1050 2170/81/1209
f 2171/164/1111 2169/81/1181 2170/81/1209
f 2172/164/1111 2171/164/1111 2170/81/1209
f 2173/82/1184 2171/164/1111 2172/164/1111
f 2174/82/1184 2173/82/1184 2172/164/1111
f 2175/189/1122 2173/82/1184 2174/82/1184
f 2176/189/1122 2175/189/1122 2174/82/1184
f 2177/172/1183 2175/189/1122 2176/189/1122
f 2178/172/1183 2177/172/1183 2176/189/1122
f 2179/192/1160 2177/172/1183 2178/172/1183
f 2180/192/1160 2179/192/1160 2178/172/1183
f 2181/90/1210 2182/90/1211 2183/91/1152
f 2184/91/1212 2183/91/1152 2182/90/1211
f 2185/196/856 2186/183/858 2187/197/858
f 2186/183/858 2185/196/856 2188/130/856
f 2189/88/1194 2190/88/1213 2191/89/1214
f 2192/89/1215 2191/89/1214 2190/88/1213
f 2193/198/860 2194/197/861 2195/183/861
f 2193/198/860 2195/183/861 2196/81/860
f 2197/130/863 2198/195/866 2199/182/866
f 2198/195/866 2197/130/863 2200/196/863
f 2201/81/867 2202/199/869 2203/198/867
f 2202/199/869 2201/81/867 2204/164/869
f 2205/172/872 2206/192/874 2207/203/874
f 2207/203/874 2208/202/872 2205/172/872
f 2209/97/1110 2210/97/1212 2211/96/1183
f 2212/96/1216 2211/96/1183 2210/97/1212
f 2213/93/1122 2214/93/1217 2215/92/1184
f 2216/92/1218 2215/92/1184 2214/93/1217
f 2217/82/875 2218/199/876 2219/164/876
f 2218/199/876 2217/82/875 2220/200/875
f 2221/201/880 2222/172/879 2223/202/879
f 2222/172/879 2221/201/880 2224/189/880
f 2225/152/1219 2226/132/1220 2227/146/1221
f 2226/132/1220 2225/152/1219 2228/135/1222
f 2229/100/1195 2230/100/1223 2231/101/1224
f 2232/101/1225 2231/101/1224 2230/100/1223
f 2233/201/884 2234/200/882 2235/82/882
f 2233/201/884 2235/82/882 2236/189/884
f 2237/206/1226 2238/207/1227 2239/208/1226
f 2238/207/1227 2237/206/1226 2240/209/1227
f 2241/146/1044 2242/128/1228 2243/127/1228
f 2242/128/1228 2241/146/1044 2244/132/1044
f 2245/125/1229 2246/124/1230 2247/148/1047
f 2246/124/1230 2248/133/1049 2247/148/1047
f 2249/210/1231 2250/211/1232 2251/212/1231
f 2250/211/1232 2249/210/1231 2252/213/1231
f 2253/82/1233 2254/189/1234 2255/189/1235
f 2254/189/1234 2256/172/1236 2255/189/1235
f 2254/189/1234 2253/82/1233 2257/82/1237
f 2256/172/1236 2254/189/1234 2258/172/1238
f 2259/192/1239 2256/172/1236 2258/172/1238
f 2258/172/1238 2260/192/1239 2259/192/1239
f 2261/164/1240 2257/82/1237 2253/82/1233
f 2257/82/1237 2261/164/1240 2262/164/1241
f 2261/164/1240 2263/81/1242 2262/164/1241
f 2263/81/1242 2261/164/1240 2264/81/1243
f 2264/81/1243 2265/183/1244 2263/81/1242
f 2264/81/1243 2266/183/1245 2265/183/1244
f 2267/130/1246 2265/183/1244 2266/183/1245
f 2265/183/1244 2267/130/1246 2268/130/1247
f 2269/182/1239 2268/130/1247 2267/130/1246
f 2268/130/1247 2269/182/1239 2270/182/1239
f 2271/84/1122 2272/131/1122 2273/130/1122
f 2271/84/1122 2273/130/1122 2274/81/1122
f 2271/84/1122 2274/81/1122 2275/81/1122
f 2275/81/1122 2276/84/1122 2271/84/1122
f 2277/81/1248 2278/164/1249 2279/81/1250
f 2278/164/1249 2277/81/1248 2280/164/1249
f 2279/81/1250 2281/183/1251 2277/81/1248
f 2282/82/1252 2278/164/1249 2280/164/1249
f 2279/81/1250 2283/183/1251 2281/183/1251
f 2278/164/1249 2282/82/1252 2284/82/1253
f 2285/130/1254 2281/183/1251 2283/183/1251
f 2286/189/1255 2284/82/1253 2282/82/1252
f 2281/183/1251 2285/130/1254 2287/130/1256
f 2288/182/1257 2287/130/1256 2285/130/1254
f 2287/130/1256 2288/182/1257 2289/182/1257
f 2284/82/1253 2286/189/1255 2290/189/1255
f 2286/189/1255 2291/172/1258 2290/189/1255
f 2291/172/1258 2286/189/1255 2292/172/1259
f 2293/192/1260 2291/172/1258 2292/172/1259
f 2292/172/1259 2294/192/1261 2293/192/1260
f 2295/183/1262 2296/198/1263 2297/197/1262
f 2296/198/1263 2295/183/1262 2298/81/1263
f 2299/196/1264 2300/183/1265 2301/197/1265
f 2300/183/1265 2299/196/1264 2302/130/1264
f 2303/81/1266 2304/164/1267 2305/199/1267
f 2305/199/1267 2306/198/1266 2303/81/1266
f 2307/130/1268 2308/195/1269 2309/182/1269
f 2308/195/1269 2307/130/1268 2310/196/1268
f 2311/82/1270 2312/199/1271 2313/164/1271
f 2312/199/1271 2311/82/1270 2314/200/1270
f 2315/214/1111 2316/130/1208 2317/215/1208
f 2316/130/1208 2315/214/1111 2318/182/1111
f 2319/183/1122 2317/215/1208 2316/130/1208
f 2317/215/1208 2319/183/1122 2320/216/1122
f 2321/81/1183 2320/216/1122 2319/183/1122
f 2320/216/1122 2321/81/1183 2322/217/1183
f 2323/164/1110 2322/217/1183 2321/81/1183
f 2322/217/1183 2323/164/1110 2324/218/1110
f 2325/82/1182 2324/218/1110 2323/164/1110
f 2324/218/1110 2325/82/1182 2326/219/1182
f 2326/219/1182 2325/82/1182 2327/189/1050
f 2326/219/1182 2327/189/1050 2328/220/1050
f 2328/220/1050 2327/189/1050 2329/172/1187
f 2328/220/1050 2329/172/1187 2330/221/1181
f 2331/192/1111 2330/221/1181 2329/172/1187
f 2330/221/1181 2331/192/1111 2332/222/1111
f 2333/172/1272 2334/203/1273 2335/202/1272
f 2334/203/1273 2333/172/1272 2336/192/1273
f 2337/201/1274 2338/200/1275 2339/82/1275
f 2337/201/1274 2339/82/1275 2340/189/1274
f 2341/201/1276 2342/172/1277 2343/202/1277
f 2342/172/1277 2341/201/1276 2344/189/1276
f 2345/182/832 2346/81/832 2347/130/832
f 2347/130/832 2346/81/832 2348/183/832
f 2346/81/832 2345/182/832 2349/164/832
f 2349/164/832 2345/182/832 2350/189/832
f 2350/189/832 2345/182/832 2351/172/832
f 2349/164/832 2350/189/832 2352/82/832
f 2353/135/1278 2354/158/1279 2355/134/1280
f 2354/158/1279 2353/135/1278 2356/152/1281
f 2357/136/1282 2355/134/1283 2358/158/1280
f 2357/136/1282 2358/158/1280 2359/156/1284
f 2360/81/1285 2361/80/1286 2362/80/1287
f 2361/80/1286 2360/81/1285 2363/81/1288
f 2364/80/1289 2365/84/1290 2366/84/1291
f 2364/80/1289 2366/84/1291 2367/80/1292
f 2368/165/1293 2369/223/1294 2370/224/1294
f 2369/223/1294 2368/165/1293 2371/166/1293
f 2372/225/1293 2373/165/1295 2370/224/1296
f 2373/165/1295 2372/225/1293 2374/165/1294
f 2375/226/1294 2374/165/1294 2372/225/1293
f 2371/166/1293 2375/226/1294 2376/223/1293
f 2374/165/1294 2375/226/1294 2377/166/1294
f 2375/226/1294 2371/166/1293 2377/166/1294
f 2378/84/1297 2379/83/984 2380/85/984
f 2379/83/984 2378/84/1297 2381/80/1035
f 2379/83/984 2382/81/1298 2383/82/984
f 2379/83/984 2384/80/1028 2382/81/1298
f 2385/104/832 2386/174/1299 2387/227/1299
f 2386/174/1299 2385/104/832 2388/102/832
f 2389/103/1300 2386/174/1301 2390/105/1302
f 2391/227/1301 2386/174/1301 2389/103/1300
f 2392/140/1303 2393/138/1304 2394/140/1305
f 2393/138/1304 2392/140/1303 2395/138/1306
f 2394/140/1305 2396/142/1307 2392/140/1303
f 2397/137/1308 2393/138/1304 2395/138/1306
f 2394/140/1305 2398/142/1309 2396/142/1307
f 2393/138/1304 2397/137/1308 2399/137/1310
f 2400/143/1311 2396/142/1307 2398/142/1309
f 2401/139/1312 2399/137/1310 2397/137/1308
f 2396/142/1307 2400/143/1311 2402/143/1313
f 2403/144/1314 2402/143/1313 2400/143/1311
f 2402/143/1313 2403/144/1314 2404/144/1314
f 2399/137/1310 2401/139/1312 2405/139/1312
f 2401/139/1312 2406/141/1315 2405/139/1312
f 2406/141/1315 2401/139/1312 2407/141/1316
f 2408/145/1314 2406/141/1315 2407/141/1316
f 2407/141/1316 2409/145/1314 2408/145/1314
f 2410/137/1317 2411/138/1318 2412/138/1318
f 2411/138/1318 2413/140/1319 2412/138/1318
f 2411/138/1318 2410/137/1317 2414/137/1320
f 2413/140/1319 2411/138/1318 2415/140/1321
f 2416/139/1322 2414/137/1320 2410/137/1317
f 2415/140/1321 2417/142/1323 2413/140/1319
f 2414/137/1320 2416/139/1322 2418/139/1324
f 2415/140/1321 2419/142/1325 2417/142/1323
f 2416/139/1322 2420/141/1326 2418/139/1324
f 2421/143/1327 2417/142/1323 2419/142/1325
f 2420/141/1326 2416/139/1322 2422/141/1328
f 2423/145/1329 2420/141/1326 2422/141/1328
f 2422/141/1328 2424/145/1329 2423/145/1329
f 2417/142/1323 2421/143/1327 2425/143/1330
f 2426/144/1331 2425/143/1330 2421/143/1327
f 2425/143/1330 2426/144/1331 2427/144/1331
f 2428/228/1122 2429/229/1122 2430/230/1122
f 2428/228/1122 2430/230/1122 2431/231/1122
f 2432/124/1229 2433/126/1332 2434/123/1333
f 2433/126/1332 2432/124/1229 2435/125/1334
f 2436/126/1335 2437/128/1336 2434/123/1335
f 2437/128/1336 2436/126/1335 2438/127/1228
f 2439/81/984 2440/182/984 2441/164/984
f 2440/182/984 2439/81/984 2442/130/984
f 2442/130/984 2439/81/984 2443/183/984
f 2441/164/984 2440/182/984 2444/189/984
f 2444/189/984 2440/182/984 2445/172/984
f 2441/164/984 2444/189/984 2446/82/984
f 2447/147/1337 2448/147/1338 2449/105/1337
f 2448/147/1338 2450/105/1339 2449/105/1337
f 2447/147/1337 2449/105/1337 2451/105/1340
f 2452/147/1341 2447/147/1337 2451/105/1340
f 2453/147/1342 2454/103/1343 2455/103/1344
f 2454/103/1343 2453/147/1342 2456/147/1343
f 2455/103/1344 2457/147/1345 2453/147/1342
f 2457/147/1345 2455/103/1344 2458/103/1345
f 2458/103/1345 2459/147/1346 2457/147/1345
f 2459/147/1346 2458/103/1345 2460/103/1347
f 2461/153/1348 2462/105/1339 2463/147/1349
f 2462/105/1339 2461/153/1348 2464/102/1348
f 2465/104/1350 2466/153/1350 2467/103/1351
f 2467/103/1351 2466/153/1350 2468/147/1352
f 2469/153/1353 2470/102/1354 2471/153/1355
f 2470/102/1354 2469/153/1353 2472/102/1353
f 2473/153/1356 2474/104/1357 2475/104/1356
f 2474/104/1357 2473/153/1356 2476/153/1358
f 2477/105/1359 2478/105/1360 2479/147/1361
f 2480/147/1362 2479/147/1361 2478/105/1360
f 2481/85/1363 2482/84/1364 2483/81/1364
f 2481/85/1363 2483/81/1364 2484/82/1365
f 2483/81/1366 2485/84/1367 2486/81/1367
f 2485/84/1367 2483/81/1366 2487/84/1366
f 2488/214/1368 2489/130/1138 2490/215/1138
f 2489/130/1138 2488/214/1368 2491/182/1368
f 2492/183/984 2490/215/1138 2489/130/1138
f 2490/215/1138 2492/183/984 2493/216/984
f 2494/81/1140 2493/216/984 2492/183/984
f 2493/216/984 2494/81/1140 2495/217/1369
f 2496/164/1050 2495/217/1369 2494/81/1140
f 2495/217/1369 2496/164/1050 2497/218/1050
f 2498/82/1370 2497/218/1050 2496/164/1050
f 2497/218/1050 2498/82/1370 2499/219/1141
f 2500/189/832 2499/219/1141 2498/82/1370
f 2499/219/1141 2500/189/832 2501/220/832
f 2502/172/1371 2501/220/832 2500/189/832
f 2501/220/832 2502/172/1371 2503/221/1371
f 2504/192/1122 2503/221/1371 2502/172/1371
f 2503/221/1371 2504/192/1122 2505/222/1122
f 2506/82/1372 2507/164/1373 2508/164/1374
f 2509/81/1375 2508/164/1374 2507/164/1373
f 2507/164/1373 2506/82/1372 2510/82/1376
f 2507/164/1373 2511/81/1377 2509/81/1375
f 2512/189/1378 2510/82/1376 2506/82/1372
f 2513/183/1379 2509/81/1375 2511/81/1377
f 2506/82/1372 2514/189/1380 2512/189/1378
f 2509/81/1375 2513/183/1379 2515/183/1381
f 2516/172/1382 2512/189/1378 2514/189/1380
f 2513/183/1379 2517/130/1383 2515/183/1381
f 2512/189/1378 2516/172/1382 2518/172/1384
f 2519/192/1385 2518/172/1384 2516/172/1382
f 2516/172/1382 2520/192/1385 2519/192/1385
f 2517/130/1383 2513/183/1379 2521/130/1386
f 2522/182/1385 2517/130/1383 2521/130/1386
f 2517/130/1383 2522/182/1385 2523/182/1385
f 2524/180/1111 2525/130/1387 2526/181/1388
f 2525/130/1387 2524/180/1111 2527/182/1111
f 2528/183/984 2526/181/1388 2525/130/1387
f 2526/181/1388 2528/183/984 2529/184/984
f 2530/81/1389 2531/185/1390 2528/183/1390
f 2531/185/1390 2530/81/1389 2532/186/1391
f 2530/81/1389 2533/164/1110 2532/186/1391
f 2533/164/1110 2534/187/1110 2532/186/1391
f 2533/164/1110 2535/82/1392 2534/187/1110
f 2535/82/1392 2536/188/1393 2534/187/1110
f 2536/188/1393 2535/82/1392 2537/189/832
f 2536/188/1393 2537/189/832 2538/190/832
f 2538/190/832 2537/189/832 2539/172/1394
f 2538/190/832 2539/172/1394 2540/191/1394
f 2541/192/1111 2542/193/1394 2539/172/1394
f 2542/193/1394 2541/192/1111 2543/194/1111
f 2544/147/1395 2545/105/1396 2546/147/1397
f 2545/105/1396 2547/147/892 2546/147/1397
f 2547/147/892 2545/105/1396 2548/105/892
f 2545/105/1396 2544/147/1395 2549/105/1398
f 2549/105/1398 2544/147/1395 2550/147/1399
f 2550/147/1399 2551/105/1400 2549/105/1398
f 2552/103/1401 2553/147/1402 2554/147/1403
f 2552/103/1401 2554/147/1403 2555/147/895
f 2555/147/895 2556/103/895 2552/103/1401
f 2553/147/1402 2552/103/1401 2557/103/1404
f 2557/103/1404 2558/147/1405 2553/147/1402
f 2558/147/1405 2557/103/1404 2559/103/1406
f 2560/102/1355 2561/147/1407 2562/153/1355
f 2561/147/1407 2560/102/1355 2563/105/1399
f 2564/153/1408 2565/147/1409 2566/104/1408
f 2567/103/1409 2566/104/1408 2565/147/1409
