# Blender 5.2.0 LTS
# www.blender.org
mtllib boneeclaw spraeyt.mtl
o RenderMesh_100289645145518
v 0.468372 -0.252979 0.081510
v 0.378976 -0.249603 -0.081510
v 0.468372 -0.252979 -0.081510
v 0.378976 -0.249603 0.081510
v 0.378976 -0.249603 -0.081510
v 0.278021 -0.062627 -0.081510
v 0.468372 -0.252979 -0.081510
v 0.258204 -0.128831 -0.081510
v 0.215558 -0.052779 -0.081510
v 0.162618 -0.105717 -0.081510
v 0.122786 0.039995 -0.081510
v 0.069846 -0.012945 -0.081510
v 0.089581 0.037905 -0.081510
v 0.071934 0.020258 -0.081510
v 0.089581 0.037905 0.081510
v 0.069846 -0.012945 0.081510
v 0.122786 0.039995 0.081510
v 0.071934 0.020258 0.081510
v 0.162618 -0.105717 0.081510
v 0.215558 -0.052779 0.081510
v 0.258204 -0.128831 0.081510
v 0.278021 -0.062627 0.081510
v 0.378976 -0.249603 0.081510
v 0.468372 -0.252979 0.081510
v 0.215558 -0.052779 -0.081510
v 0.278021 -0.062627 0.081510
v 0.278021 -0.062627 -0.081510
v 0.468372 -0.252979 -0.081510
v 0.468372 -0.252979 0.081510
v 0.215558 -0.052779 0.081510
v 0.122786 0.039995 -0.081510
v 0.122786 0.039995 0.081510
v 0.089581 0.037905 0.081510
v 0.089581 0.037905 -0.081510
v 0.071934 0.020258 0.081510
v 0.071934 0.020258 -0.081510
v 0.069846 -0.012945 0.081510
v 0.069846 -0.012945 -0.081510
v 0.162618 -0.105717 -0.081510
v 0.162618 -0.105717 0.081510
v 0.258204 -0.128831 -0.081510
v 0.258204 -0.128831 0.081510
v 0.378976 -0.249603 0.081510
v 0.378976 -0.249603 -0.081510
vn -0.0376 -0.9993 0.0003
vn -0.0376 -0.9993 0.0005
vn -0.0003 0.0002 -1.0000
vn -0.0003 0.0001 -1.0000
vn -0.0003 0.0002 1.0000
vn 0.4538 0.8911 0.0007
vn 0.4537 0.8912 -0.0000
vn 0.4538 0.8911 0.0003
vn 0.7071 0.7071 -0.0000
vn 0.4538 0.8911 0.0005
vn 0.3534 0.9355 0.0003
vn -0.4116 0.9114 0.0006
vn -0.9113 0.4116 0.0003
vn -0.9113 0.4117 0.0004
vn -0.9354 -0.3535 -0.0000
vn -0.9354 -0.3535 0.0006
vn -0.4893 -0.8721 -0.0000
vn -0.4890 -0.8723 0.0003
vn -0.4891 -0.8722 0.0003
vn -0.4889 -0.8723 0.0005
vn -0.7071 -0.7071 -0.0000
vt 0.000000 0.000000
s 1
f 1/1/1 2/1/1 3/1/2
f 2/1/1 1/1/1 4/1/1
f 5/1/3 6/1/3 7/1/4
f 6/1/3 5/1/3 8/1/4
f 6/1/3 8/1/4 9/1/4
f 10/1/3 9/1/4 8/1/4
f 9/1/4 10/1/3 11/1/3
f 12/1/3 11/1/3 10/1/3
f 11/1/3 12/1/3 13/1/3
f 13/1/3 12/1/3 14/1/3
f 15/1/5 16/1/5 17/1/5
f 16/1/5 15/1/5 18/1/5
f 19/1/5 17/1/5 16/1/5
f 17/1/5 19/1/5 20/1/5
f 21/1/5 20/1/5 19/1/5
f 20/1/5 21/1/5 22/1/5
f 23/1/5 22/1/5 21/1/5
f 22/1/5 23/1/5 24/1/5
f 25/1/6 26/1/7 27/1/8
f 28/1/9 27/1/8 26/1/7
f 28/1/9 26/1/7 29/1/9
f 26/1/7 25/1/6 30/1/10
f 31/1/11 30/1/10 25/1/6
f 30/1/10 31/1/11 32/1/11
f 31/1/11 33/1/12 32/1/11
f 34/1/12 33/1/12 31/1/11
f 34/1/12 35/1/13 33/1/12
f 36/1/14 35/1/13 34/1/12
f 36/1/14 37/1/15 35/1/13
f 38/1/16 37/1/15 36/1/14
f 37/1/15 38/1/16 39/1/17
f 39/1/17 40/1/18 37/1/15
f 39/1/17 41/1/19 40/1/18
f 41/1/19 42/1/20 40/1/18
f 41/1/19 43/1/21 42/1/20
f 41/1/19 44/1/21 43/1/21
o RenderMesh_121162962604213
v 0.463037 0.442758 0.001524
v 0.454232 0.412651 0.024198
v 0.480407 0.419246 0.001524
v 0.443874 0.437703 0.018172
v 0.458131 0.395602 0.028443
v 0.437174 0.456336 0.001524
v 0.427897 0.450658 0.010660
v 0.401595 0.457893 0.001524
v 0.494967 0.395844 0.001524
v 0.477144 0.383890 0.001524
v 0.461044 0.383501 0.015052
v 0.462209 0.363238 0.021811
v 0.486267 0.363238 0.001524
v 0.437174 0.456336 0.001524
v 0.427897 0.450658 -0.007612
v 0.401595 0.457893 0.001524
v 0.443874 0.437703 -0.015124
v 0.463037 0.442758 0.001524
v 0.454232 0.412651 -0.021150
v 0.480407 0.419246 0.001524
v 0.458131 0.395602 -0.025395
v 0.494967 0.395844 0.001524
v 0.477144 0.383890 0.001524
v 0.461044 0.383501 -0.012004
v 0.462209 0.363238 -0.018763
v 0.486267 0.363238 0.001524
v -0.674148 0.239578 0.001524
v -0.648886 0.249276 0.028413
v -0.666281 0.257091 0.020723
v -0.659905 0.224748 0.001524
v -0.648886 0.249276 -0.025366
v -0.674148 0.239578 0.001524
v -0.666281 0.257091 -0.017675
v -0.659905 0.224748 0.001524
v -0.618251 0.338620 0.001524
v -0.589579 0.337493 0.027848
v -0.606540 0.351696 0.019077
v -0.607541 0.318385 0.001524
v -0.618251 0.338620 0.001524
v -0.589579 0.337493 -0.024801
v -0.607541 0.318385 0.001524
v -0.606540 0.351696 -0.016030
v -0.541301 0.416616 0.036552
v -0.579075 0.429168 0.001524
v -0.571886 0.399539 0.001524
v -0.532392 0.398080 0.043177
v -0.571534 0.391813 0.001524
v -0.555276 0.438917 0.027242
v -0.578025 0.452879 0.015638
v -0.588999 0.444003 0.001524
v -0.613089 0.457734 0.001524
v -0.556952 0.370900 0.001524
v -0.528280 0.370901 0.030195
v -0.546630 0.389171 0.001524
v -0.528280 0.389171 0.019873
v -0.571886 0.399539 0.001524
v -0.541301 0.416615 -0.033504
v -0.532392 0.398080 -0.040130
v -0.571534 0.391813 0.001524
v -0.579075 0.429168 0.001524
v -0.555276 0.438917 -0.024195
v -0.578025 0.452879 -0.012590
v -0.588999 0.444003 0.001524
v -0.613089 0.457734 0.001524
v -0.528280 0.370900 -0.027147
v -0.546630 0.389171 0.001524
v -0.528280 0.389171 -0.016825
v -0.556952 0.370900 0.001524
v -0.196054 0.420055 -0.000955
v -0.156600 0.377490 0.030347
v -0.152056 0.377252 -0.000955
v -0.156600 0.377490 -0.027322
v -0.196112 0.415133 0.032194
v -0.196112 0.415133 -0.029170
v -0.196300 0.403287 0.064161
v -0.162105 0.373232 -0.052731
v -0.162106 0.373232 0.051059
v -0.196300 0.403287 -0.065833
v -0.196576 0.349691 0.078896
v -0.166015 0.348369 0.061222
v -0.196787 0.307629 0.061095
v -0.196575 0.349691 -0.078910
v -0.166015 0.348369 -0.061237
v -0.196787 0.307629 -0.064612
v -0.751443 0.222660 0.001524
v -0.752787 0.235113 0.014049
v -0.773267 0.211295 0.001524
v -0.735608 0.222929 0.001524
v -0.731436 0.245366 0.024346
v -0.708395 0.218872 0.001524
v -0.704147 0.249663 0.032606
v -0.683381 0.213125 0.001524
v -0.676562 0.253124 0.040818
v -0.162106 0.373232 0.051059
v -0.196544 0.342048 0.031518
v -0.156600 0.377490 0.030347
v -0.196502 0.329570 0.025154
v -0.196567 0.351816 0.035529
v -0.166015 0.348369 0.061222
v -0.196787 0.307629 0.061095
v -0.152056 0.377252 -0.000955
v -0.196504 0.319670 -0.000955
v -0.196502 0.329570 -0.022129
v -0.156600 0.377490 -0.027322
v -0.196544 0.342048 -0.033190
v -0.162105 0.373232 -0.052731
v -0.196567 0.351816 -0.035544
v -0.166015 0.348369 -0.061237
v -0.196787 0.307629 -0.064612
v -0.752787 0.235113 -0.011001
v -0.735608 0.222929 0.001524
v -0.751443 0.222660 0.001524
v -0.773267 0.211295 0.001524
v -0.731436 0.245366 -0.021298
v -0.708395 0.218872 0.001524
v -0.704147 0.249663 -0.029559
v -0.683381 0.213125 0.001524
v -0.676562 0.253124 -0.037770
v -0.434040 0.427476 -0.000965
v -0.482754 0.379007 -0.000965
v -0.477853 0.379466 0.037358
v -0.477853 0.379466 -0.034333
v -0.434103 0.422062 0.039979
v -0.434103 0.422062 -0.036954
v -0.472251 0.375270 0.067123
v -0.472251 0.375270 -0.068815
v -0.434310 0.407779 0.085302
v -0.434310 0.407779 -0.086994
v -0.434614 0.348823 0.093640
v -0.468379 0.348705 0.071726
v -0.434846 0.302555 0.073389
v -0.434614 0.348823 -0.093667
v -0.468379 0.348705 -0.071753
v -0.434846 0.302555 -0.076933
v -0.482754 0.379007 -0.000965
v -0.434534 0.315800 -0.000965
v -0.434533 0.326690 0.031152
v -0.434533 0.326690 -0.028127
v -0.477853 0.379466 0.037358
v -0.477853 0.379466 -0.034333
v -0.434579 0.340416 -0.043729
v -0.472251 0.375270 -0.068815
v -0.434579 0.340416 0.042037
v -0.472251 0.375270 0.067123
v -0.468379 0.348705 0.071726
v -0.434605 0.351161 0.042166
v -0.434846 0.302555 0.073389
v -0.468379 0.348705 -0.071753
v -0.434605 0.351161 -0.042193
v -0.434846 0.302555 -0.076933
v -0.687036 0.363901 0.001524
v -0.684620 0.375508 0.013379
v -0.710002 0.360021 0.001524
v -0.672697 0.359532 0.001524
v -0.662405 0.378524 0.023126
v -0.649080 0.342337 0.001524
v -0.634777 0.368047 0.030946
v -0.618326 0.358417 0.036453
v -0.634157 0.325953 0.001524
v -0.618251 0.338620 0.001524
v -0.606540 0.351696 0.019077
v -0.672697 0.359532 0.001524
v -0.684620 0.375508 -0.010331
v -0.662405 0.378524 -0.020078
v -0.687036 0.363901 0.001524
v -0.710002 0.360021 0.001524
v -0.649080 0.342337 0.001524
v -0.634777 0.368047 -0.027898
v -0.618326 0.358417 -0.033405
v -0.634157 0.325953 0.001524
v -0.618251 0.338620 0.001524
v -0.606540 0.351696 -0.016030
v -0.727265 0.267803 0.001524
v -0.704147 0.249663 0.032606
v -0.697248 0.286355 0.001524
v -0.676562 0.253124 0.040818
v -0.660009 0.292505 0.001524
v -0.731436 0.245366 0.024346
v -0.752787 0.235113 0.014049
v -0.754132 0.247565 0.001524
v -0.773267 0.211295 0.001524
v -0.754132 0.247565 0.001524
v -0.752787 0.235113 -0.011001
v -0.773267 0.211295 0.001524
v -0.727265 0.267803 0.001524
v -0.731436 0.245366 -0.021298
v -0.704147 0.249663 -0.029559
v -0.697248 0.286355 0.001524
v -0.676562 0.253124 -0.037770
v -0.660009 0.292505 0.001524
v -0.315063 0.418472 -0.000994
v -0.278237 0.379574 0.039350
v -0.273996 0.379353 -0.000994
v -0.278237 0.379574 -0.036163
v -0.315118 0.413879 0.041769
v -0.315117 0.413878 -0.038581
v -0.283375 0.375601 0.059673
v -0.283375 0.375601 -0.061411
v -0.315293 0.403655 0.074958
v -0.315293 0.403655 -0.076697
v -0.315551 0.353627 0.097813
v -0.287025 0.352393 0.075904
v -0.315748 0.314366 0.076294
v -0.315551 0.353627 -0.097813
v -0.287025 0.352393 -0.075903
v -0.315748 0.314366 -0.079967
v -0.283375 0.375601 0.059673
v -0.315521 0.346493 0.036876
v -0.278237 0.379574 0.039350
v -0.315482 0.334846 0.032550
v -0.315542 0.355611 0.044053
v -0.287025 0.352393 0.075904
v -0.315748 0.314366 0.076294
v -0.273996 0.379353 -0.000994
v -0.315483 0.325605 -0.000994
v -0.315482 0.334846 -0.029362
v -0.278237 0.379574 -0.036163
v -0.315521 0.346493 -0.038615
v -0.283375 0.375601 -0.061411
v -0.315542 0.355611 -0.044053
v -0.287025 0.352393 -0.075903
v -0.315748 0.314366 -0.079967
v -0.532392 0.398080 0.043177
v -0.571534 0.391813 0.001524
v -0.546630 0.389171 0.001524
v -0.528280 0.389171 0.019873
v -0.546630 0.389171 0.001524
v -0.532392 0.398080 -0.040130
v -0.528280 0.389171 -0.016825
v -0.571534 0.391813 0.001524
v -0.315063 0.418472 -0.000994
v -0.356401 0.379240 -0.000994
v -0.352242 0.379630 0.039031
v -0.352242 0.379630 -0.035844
v -0.315118 0.413879 0.041769
v -0.315117 0.413878 -0.038581
v -0.347488 0.376069 0.058957
v -0.347488 0.376069 -0.060696
v -0.315293 0.403655 0.074958
v -0.315293 0.403655 -0.076697
v -0.315551 0.353627 0.097813
v -0.344203 0.353527 0.074925
v -0.315748 0.314366 0.076294
v -0.315551 0.353627 -0.097813
v -0.344203 0.353527 -0.074925
v -0.315748 0.314366 -0.079967
v -0.356401 0.379240 -0.000994
v -0.315483 0.325605 -0.000994
v -0.315482 0.334846 0.032550
v -0.315482 0.334846 -0.029362
v -0.352242 0.379630 0.039031
v -0.352242 0.379630 -0.035844
v -0.315521 0.346493 0.036876
v -0.315521 0.346493 -0.038615
v -0.347488 0.376069 0.058957
v -0.347488 0.376069 -0.060696
v -0.315542 0.355611 0.044053
v -0.344203 0.353527 0.074925
v -0.315748 0.314366 0.076294
v -0.315542 0.355611 -0.044053
v -0.344203 0.353527 -0.074925
v -0.315748 0.314366 -0.079967
v -0.620472 0.393758 0.001524
v -0.652112 0.397517 0.001524
v -0.634777 0.368047 0.030946
v -0.662405 0.378524 0.023126
v -0.618326 0.358417 0.036453
v -0.682204 0.387114 0.001524
v -0.684620 0.375508 0.013379
v -0.710002 0.360021 0.001524
v -0.591017 0.387852 0.001524
v -0.594830 0.364772 0.001524
v -0.606540 0.351696 0.019077
v -0.589579 0.337493 0.027848
v -0.571617 0.356600 0.001524
v -0.682204 0.387114 0.001524
v -0.684620 0.375508 -0.010331
v -0.710002 0.360021 0.001524
v -0.662405 0.378524 -0.020078
v -0.652112 0.397517 0.001524
v -0.634777 0.368047 -0.027898
v -0.620472 0.393758 0.001524
v -0.618326 0.358417 -0.033405
v -0.591017 0.387852 0.001524
v -0.594830 0.364772 0.001524
v -0.606540 0.351696 -0.016030
v -0.589579 0.337493 -0.024801
v -0.571617 0.356600 0.001524
v -0.490590 0.399359 0.001524
v -0.510717 0.433691 0.001524
v -0.532392 0.398080 0.043177
v -0.541301 0.416616 0.036552
v -0.531477 0.448667 0.001524
v -0.555276 0.438917 0.027242
v -0.567052 0.461756 0.001524
v -0.578025 0.452879 0.015638
v -0.613089 0.457734 0.001524
v -0.510717 0.433691 0.001524
v -0.532392 0.398080 -0.040130
v -0.541301 0.416615 -0.033504
v -0.490590 0.399359 0.001524
v -0.531477 0.448667 0.001524
v -0.555276 0.438917 -0.024195
v -0.567052 0.461756 0.001524
v -0.578025 0.452879 -0.012590
v -0.613089 0.457734 0.001524
v -0.396696 0.374718 0.067936
v -0.434579 0.340416 0.042037
v -0.390640 0.379401 0.037663
v -0.400997 0.347370 0.072662
v -0.434533 0.326690 0.031152
v -0.434846 0.302555 0.073389
v -0.434605 0.351161 0.042166
v -0.385643 0.379140 -0.000965
v -0.434534 0.315800 -0.000965
v -0.434533 0.326690 -0.028127
v -0.390640 0.379401 -0.034639
v -0.434579 0.340416 -0.043729
v -0.396696 0.374718 -0.069628
v -0.434605 0.351161 -0.042193
v -0.400997 0.347370 -0.072689
v -0.434846 0.302555 -0.076933
v -0.434040 0.427476 -0.000965
v -0.390640 0.379401 0.037663
v -0.385643 0.379140 -0.000965
v -0.390640 0.379401 -0.034639
v -0.434103 0.422062 0.039979
v -0.434103 0.422062 -0.036954
v -0.396696 0.374718 0.067936
v -0.396696 0.374718 -0.069628
v -0.434310 0.407779 0.085302
v -0.434310 0.407779 -0.086994
v -0.434614 0.348823 0.093640
v -0.400997 0.347370 0.072662
v -0.434846 0.302555 0.073389
v -0.434614 0.348823 -0.093667
v -0.400997 0.347370 -0.072689
v -0.434846 0.302555 -0.076933
v -0.658414 0.274604 0.001524
v -0.648886 0.249276 0.028413
v -0.637867 0.273804 0.001524
v -0.666281 0.257091 0.020723
v -0.658414 0.274604 0.001524
v -0.648886 0.249276 -0.025366
v -0.666281 0.257091 -0.017675
v -0.637867 0.273804 0.001524
v -0.240340 0.377132 -0.000955
v -0.196504 0.319670 -0.000955
v -0.196502 0.329570 0.025154
v -0.196502 0.329570 -0.022129
v -0.235884 0.377549 0.030104
v -0.235884 0.377549 -0.027079
v -0.196544 0.342048 -0.033190
v -0.230791 0.373734 -0.052118
v -0.196544 0.342048 0.031518
v -0.230791 0.373734 0.050445
v -0.196567 0.351816 0.035529
v -0.227272 0.349584 0.060433
v -0.196787 0.307629 0.061095
v -0.227272 0.349584 -0.060447
v -0.196567 0.351816 -0.035544
v -0.196787 0.307629 -0.064612
v -0.196054 0.420055 -0.000955
v -0.240340 0.377132 -0.000955
v -0.235884 0.377549 0.030104
v -0.235884 0.377549 -0.027079
v -0.196112 0.415133 0.032194
v -0.196112 0.415133 -0.029170
v -0.230791 0.373734 0.050445
v -0.230791 0.373734 -0.052118
v -0.196300 0.403287 0.064161
v -0.196300 0.403287 -0.065833
v -0.196576 0.349691 0.078896
v -0.227272 0.349584 0.060433
v -0.196787 0.307629 0.061095
v -0.196575 0.349691 -0.078910
v -0.227272 0.349584 -0.060447
v -0.196787 0.307629 -0.064612
v -0.490590 0.399359 0.001524
v -0.532392 0.398080 0.043177
v -0.528280 0.389171 0.019873
v -0.509931 0.389171 0.001524
v -0.490590 0.399359 0.001524
v -0.528280 0.389171 -0.016825
v -0.532392 0.398080 -0.040130
v -0.509931 0.389171 0.001524
v -0.509931 0.389171 0.001524
v -0.528280 0.389171 0.019873
v -0.499610 0.370901 0.001524
v -0.528280 0.370901 0.030195
v -0.528280 0.389171 -0.016825
v -0.499610 0.370901 0.001524
v -0.528280 0.370900 -0.027147
v -0.509931 0.389171 0.001524
v -0.676562 0.253124 0.040818
v -0.683381 0.213125 0.001524
v -0.674148 0.239578 0.001524
v -0.666281 0.257091 0.020723
v -0.674148 0.239578 0.001524
v -0.676562 0.253124 -0.037770
v -0.666281 0.257091 -0.017675
v -0.683381 0.213125 0.001524
v -0.660009 0.292505 0.001524
v -0.676562 0.253124 0.040818
v -0.666281 0.257091 0.020723
v -0.658414 0.274604 0.001524
v -0.660009 0.292505 0.001524
v -0.666281 0.257091 -0.017675
v -0.676562 0.253124 -0.037770
v -0.658414 0.274604 0.001524
v 0.418620 0.444980 0.001524
v 0.427897 0.450658 0.010660
v 0.401595 0.457893 0.001524
v 0.424711 0.432649 0.001524
v 0.443874 0.437703 0.018172
v 0.428057 0.406058 0.001524
v 0.454232 0.412651 0.024198
v 0.458131 0.395602 0.028443
v 0.426482 0.385785 0.001524
v 0.444945 0.383112 0.001524
v 0.461044 0.383501 0.015052
v 0.427897 0.450658 -0.007612
v 0.424711 0.432649 0.001524
v 0.418620 0.444980 0.001524
v 0.401595 0.457893 0.001524
v 0.443874 0.437703 -0.015124
v 0.428057 0.406058 0.001524
v 0.454232 0.412651 -0.021150
v 0.458131 0.395602 -0.025395
v 0.426482 0.385785 0.001524
v 0.444945 0.383112 0.001524
v 0.461044 0.383501 -0.012004
v 0.438149 0.363238 0.001524
v 0.462209 0.363238 0.021811
v 0.444945 0.383112 0.001524
v 0.461044 0.383501 0.015052
v 0.462209 0.363238 -0.018763
v 0.444945 0.383112 0.001524
v 0.461044 0.383501 -0.012004
v 0.438149 0.363238 0.001524
vn 0.4731 0.5086 0.7194
vn 0.5505 0.3655 0.7506
vn 0.5520 0.3618 0.7512
vn 0.4336 0.5638 0.7030
vn 0.6004 -0.0373 0.7988
vn 0.2375 0.7442 0.6243
vn 0.1690 0.7789 0.6039
vn 0.0364 0.8318 0.5539
vn 0.5993 -0.0853 0.7959
vn 0.6080 -0.2515 0.7530
vn 0.6066 -0.2588 0.7517
vn 0.6173 0.2766 0.7365
vn 0.2375 0.7444 -0.6241
vn 0.1690 0.7791 -0.6037
vn 0.0364 0.8318 -0.5539
vn 0.4336 0.5638 -0.7030
vn 0.4732 0.5087 -0.7193
vn 0.5506 0.3656 -0.7505
vn 0.5521 0.3620 -0.7511
vn 0.6001 -0.0373 -0.7990
vn 0.5995 -0.0853 -0.7958
vn 0.6082 -0.2516 -0.7529
vn 0.6064 -0.2587 -0.7519
vn 0.6174 0.2767 -0.7364
vn -0.5288 -0.5079 0.6800
vn -0.5288 -0.5074 0.6803
vn -0.5288 -0.5075 0.6803
vn -0.5290 -0.5076 -0.6801
vn -0.5291 -0.5075 -0.6801
vn -0.5288 -0.5079 -0.6800
vn -0.6426 -0.3421 0.6855
vn -0.6427 -0.3423 0.6854
vn -0.6426 -0.3423 0.6855
vn -0.6426 -0.3422 0.6855
vn -0.6428 -0.3421 -0.6854
vn -0.6427 -0.3423 -0.6854
vn -0.6428 -0.3422 -0.6854
vn -0.6428 -0.3423 -0.6854
vn -0.7146 -0.1155 0.6900
vn -0.6516 -0.2792 0.7053
vn -0.7145 -0.1155 0.6900
vn -0.7247 -0.0827 0.6841
vn -0.6719 -0.2320 0.7033
vn -0.5379 -0.4632 0.7044
vn -0.4782 -0.5281 0.7017
vn -0.3624 -0.6357 0.6816
vn -0.6571 0.3708 0.6563
vn -0.6566 0.3710 0.6567
vn -0.6569 0.3709 0.6565
vn -0.6570 0.3708 0.6564
vn -0.7148 -0.1155 -0.6898
vn -0.7245 -0.0826 -0.6844
vn -0.6518 -0.2793 -0.7051
vn -0.6721 -0.2320 -0.7031
vn -0.5375 -0.4632 -0.7047
vn -0.4784 -0.5282 -0.7015
vn -0.3624 -0.6357 -0.6816
vn -0.6566 0.3710 -0.6567
vn 0.6950 0.7190 -0.0087
vn 0.6891 0.7006 0.1851
vn 0.6951 0.7189 -0.0087
vn 0.6880 0.7039 -0.1767
vn 0.6889 0.7013 0.1833
vn 0.6881 0.7040 -0.1759
vn 0.6538 0.5372 0.5329
vn 0.6414 0.4812 -0.5975
vn 0.6358 0.4863 0.5994
vn 0.6615 0.5388 -0.5217
vn 0.5062 -0.0452 0.8612
vn 0.5107 0.0241 0.8594
vn 0.4579 -0.3484 0.8179
vn 0.5008 -0.0317 -0.8650
vn 0.5031 0.0293 -0.8637
vn 0.4704 -0.2861 -0.8348
vn 0.1842 -0.6882 0.7018
vn 0.0981 -0.7027 0.7047
vn 0.3380 -0.6490 0.6816
vn -0.0461 -0.7071 0.7056
vn -0.0713 -0.7044 0.7062
vn -0.1235 -0.6931 0.7102
vn -0.1271 -0.6919 0.7108
vn -0.1413 -0.6864 0.7133
vn 0.6814 -0.7319 0.0019
vn 0.6696 -0.7281 0.1468
vn 0.7079 -0.6606 0.2500
vn 0.7308 -0.6462 0.2198
vn 0.5943 -0.5461 -0.5903
vn 0.5912 -0.5342 -0.6043
vn 0.5566 -0.4175 -0.7182
vn 0.7762 -0.6303 -0.0167
vn 0.7762 -0.6303 -0.0132
vn 0.7309 -0.6454 -0.2221
vn 0.7161 -0.6590 -0.2301
vn 0.6979 -0.7139 -0.0576
vn 0.7060 -0.7041 0.0757
vn 0.5905 -0.5219 0.6156
vn 0.5851 -0.5174 0.6244
vn 0.7061 -0.7041 0.0757
vn 0.5385 -0.4650 0.7027
vn 0.0981 -0.7027 -0.7047
vn -0.0462 -0.7069 -0.7058
vn 0.1842 -0.6884 -0.7016
vn 0.3380 -0.6490 -0.6816
vn -0.0711 -0.7041 -0.7065
vn -0.1235 -0.6933 -0.7100
vn -0.1270 -0.6916 -0.7110
vn -0.1413 -0.6866 -0.7132
vn -0.7030 0.7112 -0.0060
vn -0.7031 0.7111 -0.0060
vn -0.6970 0.7015 0.1487
vn -0.6961 0.7032 -0.1446
vn -0.6960 0.7033 -0.1447
vn -0.6720 0.4374 0.5976
vn -0.6754 0.4266 -0.6015
vn -0.6883 0.5016 0.5240
vn -0.6934 0.4988 -0.5199
vn -0.5298 -0.1084 0.8412
vn -0.5306 -0.0604 0.8455
vn -0.5103 -0.3423 0.7889
vn -0.5252 -0.0996 -0.8451
vn -0.5237 -0.0587 -0.8499
vn -0.5206 -0.2881 -0.8037
vn -0.7805 -0.6250 -0.0114
vn -0.7806 -0.6250 -0.0096
vn -0.7404 -0.6462 0.1852
vn -0.7404 -0.6453 -0.1883
vn -0.7219 -0.6615 0.2029
vn -0.7267 -0.6591 -0.1937
vn -0.7654 -0.6392 0.0740
vn -0.7800 -0.5969 0.1878
vn -0.7362 -0.6767 0.0082
vn -0.7555 -0.6426 -0.1279
vn -0.6252 -0.3948 -0.6732
vn -0.6258 -0.3947 -0.6728
vn -0.5727 -0.4410 -0.6910
vn -0.6252 -0.3949 -0.6732
vn -0.6169 -0.3405 0.7096
vn -0.7800 -0.5969 0.1877
vn -0.5574 -0.4809 0.6768
vn -0.0363 -0.7118 0.7014
vn -0.1225 -0.6991 0.7045
vn 0.1219 -0.7215 0.6816
vn -0.3154 -0.6319 0.7080
vn -0.3555 -0.6106 0.7076
vn -0.4801 -0.5298 0.6991
vn -0.4826 -0.5280 0.6988
vn -0.1618 -0.7061 0.6894
vn -0.1635 -0.7059 0.6892
vn 0.4448 -0.7789 0.4421
vn 0.4447 -0.7790 0.4421
vn -0.3156 -0.6322 -0.7077
vn -0.1229 -0.6988 -0.7047
vn -0.3560 -0.6109 -0.7071
vn -0.0363 -0.7120 -0.7012
vn 0.1219 -0.7212 -0.6819
vn -0.4799 -0.5297 -0.6994
vn -0.4827 -0.5281 -0.6987
vn -0.1618 -0.7063 -0.6892
vn -0.1634 -0.7056 -0.6895
vn 0.4446 -0.7788 -0.4426
vn 0.4445 -0.7788 -0.4426
vn -0.4141 0.6550 0.6321
vn -0.2791 0.6829 0.6751
vn -0.2524 0.6881 0.6803
vn -0.1911 0.6980 0.6901
vn -0.1910 0.6980 0.6901
vn -0.4452 0.6480 0.6179
vn -0.6605 0.5219 0.5398
vn -0.6111 0.5632 0.5562
vn -0.7721 0.4073 0.4879
vn -0.6109 0.5630 -0.5566
vn -0.6606 0.5220 -0.5396
vn -0.7721 0.4073 -0.4879
vn -0.4142 0.6552 -0.6318
vn -0.4453 0.6482 -0.6177
vn -0.2792 0.6831 -0.6749
vn -0.2525 0.6883 -0.6801
vn -0.1910 0.6977 -0.6904
vn -0.1910 0.6978 -0.6904
vn 0.6868 0.7268 -0.0052
vn 0.6877 0.7090 0.1558
vn 0.6867 0.7124 -0.1448
vn 0.6876 0.7089 0.1567
vn 0.6866 0.7123 -0.1457
vn 0.6768 0.5469 0.4928
vn 0.6822 0.5443 -0.4881
vn 0.6794 0.5593 0.4750
vn 0.6854 0.5591 -0.4665
vn 0.6244 -0.0150 0.7810
vn 0.6286 0.0881 0.7727
vn 0.5459 -0.4048 0.7336
vn 0.6197 -0.0026 -0.7848
vn 0.6224 0.0961 -0.7768
vn 0.5622 -0.3442 -0.7520
vn 0.6483 -0.7610 0.0249
vn 0.6362 -0.7455 0.1986
vn 0.7007 -0.6740 0.2340
vn 0.7326 -0.6542 0.1878
vn 0.6253 -0.6463 -0.4373
vn 0.6295 -0.6062 -0.4861
vn 0.6285 -0.4810 -0.6113
vn 0.7763 -0.6303 -0.0096
vn 0.7763 -0.6303 -0.0078
vn 0.7354 -0.6535 -0.1794
vn 0.7139 -0.6711 -0.1998
vn 0.6687 -0.7344 -0.1163
vn 0.6733 -0.7380 0.0447
vn 0.6252 -0.6357 0.4527
vn 0.6228 -0.6075 0.4930
vn 0.6080 -0.5231 0.5972
vn -0.1689 -0.9505 0.2607
vn -0.1688 -0.9506 0.2607
vn -0.1688 -0.9505 0.2607
vn -0.1690 -0.9505 0.2607
vn -0.1689 -0.9504 -0.2612
vn -0.1688 -0.9504 -0.2612
vn -0.6849 0.7286 -0.0052
vn -0.6849 0.7286 -0.0043
vn -0.6848 0.7134 0.1487
vn -0.6837 0.7167 -0.1376
vn -0.6846 0.7132 0.1505
vn -0.6835 0.7165 -0.1395
vn -0.6781 0.5556 0.4811
vn -0.6836 0.5522 -0.4773
vn -0.6801 0.5637 0.4687
vn -0.6856 0.5639 -0.4605
vn -0.6395 -0.0124 0.7687
vn -0.6407 0.1023 0.7610
vn -0.5735 -0.3915 0.7196
vn -0.6349 0.0009 -0.7726
vn -0.6340 0.1094 -0.7655
vn -0.5876 -0.3324 -0.7377
vn -0.7806 -0.6250 -0.0087
vn -0.7378 -0.6481 0.1887
vn -0.7398 -0.6482 -0.1805
vn -0.7057 -0.6675 0.2375
vn -0.7191 -0.6650 -0.2016
vn -0.6419 -0.7388 0.2055
vn -0.6747 -0.7281 -0.1207
vn -0.6533 -0.7565 0.0311
vn -0.6780 -0.7340 0.0402
vn -0.6285 -0.6445 -0.4355
vn -0.6318 -0.6060 -0.4834
vn -0.6276 -0.4775 -0.6149
vn -0.6284 -0.6338 0.4509
vn -0.6251 -0.6074 0.4902
vn -0.6081 -0.5193 0.6005
vn 0.1246 0.7121 0.6909
vn -0.0541 0.7532 0.6555
vn 0.1219 0.7132 0.6902
vn -0.1111 0.7585 0.6422
vn 0.4687 0.4740 0.7454
vn -0.4081 0.7240 0.5561
vn -0.4683 0.6996 0.5397
vn -0.6093 0.6251 0.4878
vn 0.5256 0.4180 0.7409
vn 0.6499 0.3067 0.6954
vn 0.6580 0.2952 0.6927
vn 0.2411 0.6972 0.6751
vn -0.4080 0.7238 -0.5564
vn -0.4684 0.6997 -0.5395
vn -0.6093 0.6251 -0.4878
vn -0.1111 0.7587 -0.6419
vn -0.0541 0.7530 -0.6558
vn 0.1220 0.7134 -0.6901
vn 0.1245 0.7123 -0.6907
vn 0.4686 0.4739 -0.7456
vn 0.5254 0.4178 -0.7412
vn 0.6501 0.3068 -0.6952
vn 0.6582 0.2953 -0.6926
vn 0.2411 0.6974 -0.6749
vn 0.2412 0.6974 -0.6749
vn 0.6083 0.4188 0.6742
vn 0.5432 0.4979 0.6760
vn 0.5459 0.4952 0.6758
vn 0.3870 0.6608 0.6431
vn 0.3549 0.6910 0.6298
vn 0.1424 0.8190 0.5559
vn 0.0801 0.8381 0.5396
vn -0.0762 0.8697 0.4877
vn 0.5434 0.4981 -0.6757
vn 0.6081 0.4187 -0.6745
vn 0.5461 0.4953 -0.6756
vn 0.3870 0.6609 -0.6429
vn 0.3548 0.6907 -0.6301
vn 0.1423 0.8187 -0.5563
vn 0.0801 0.8382 -0.5394
vn -0.0763 0.8696 -0.4879
vn 0.7507 -0.6483 -0.1271
vn 0.7312 -0.6822 0.0038
vn 0.7172 -0.6672 0.2012
vn 0.6271 -0.4010 -0.6678
vn 0.7356 -0.6519 0.1843
vn 0.6271 -0.4011 -0.6677
vn 0.5736 -0.4445 -0.6881
vn 0.6286 -0.3992 -0.6675
vn 0.7763 -0.6303 -0.0114
vn 0.7352 -0.6515 -0.1874
vn 0.7215 -0.6653 -0.1919
vn 0.7598 -0.6459 0.0740
vn 0.7751 -0.6044 0.1841
vn 0.6215 -0.3503 0.7007
vn 0.6208 -0.3512 0.7009
vn 0.7751 -0.6044 0.1840
vn 0.5576 -0.4846 0.6740
vn 0.7048 0.7094 -0.0060
vn 0.6998 0.6971 0.1558
vn 0.7049 0.7093 -0.0060
vn 0.6990 0.6990 -0.1510
vn 0.6999 0.6972 0.1550
vn 0.6990 0.6990 -0.1511
vn 0.6659 0.4294 0.6100
vn 0.6697 0.4188 -0.6133
vn 0.6856 0.4980 0.5310
vn 0.6911 0.4954 -0.5263
vn 0.5114 -0.1120 0.8520
vn 0.5130 -0.0711 0.8554
vn 0.4847 -0.3529 0.8003
vn 0.5068 -0.1032 -0.8559
vn 0.5061 -0.0675 -0.8598
vn 0.4961 -0.2975 -0.8157
vn 0.0285 0.7326 0.6800
vn 0.0285 0.7327 -0.6800
vn -0.7805 -0.6249 -0.0167
vn -0.7805 -0.6250 -0.0132
vn -0.7354 -0.6403 0.2217
vn -0.7356 -0.6396 -0.2231
vn -0.7124 -0.6547 0.2527
vn -0.7208 -0.6533 -0.2318
vn -0.7035 -0.7080 -0.0621
vn -0.7105 -0.6999 0.0731
vn -0.6742 -0.7221 0.1549
vn -0.6863 -0.7273 0.0064
vn -0.5956 -0.5459 -0.5893
vn -0.5929 -0.5351 -0.6018
vn -0.5549 -0.4146 -0.7213
vn -0.5868 -0.5166 0.6235
vn -0.5912 -0.5210 0.6156
vn -0.7106 -0.6998 0.0730
vn -0.5384 -0.4612 0.7052
vn -0.6931 0.7208 -0.0078
vn -0.6865 0.7053 0.1771
vn -0.6852 0.7085 -0.1688
vn -0.6861 0.7058 0.1763
vn -0.6854 0.7086 -0.1679
vn -0.6393 0.4954 0.5881
vn -0.6454 0.4891 -0.5867
vn -0.6553 0.5433 0.5248
vn -0.6630 0.5440 -0.5143
vn -0.5228 -0.0436 0.8513
vn -0.5247 0.0356 0.8505
vn -0.4840 -0.3390 0.8067
vn -0.5168 -0.0303 -0.8556
vn -0.5172 0.0401 -0.8549
vn -0.4945 -0.2775 -0.8237
vn 0.4152 -0.8178 0.3984
vn 0.4152 -0.8178 0.3985
vn 0.4152 -0.8179 0.3984
vn 0.4151 -0.8176 -0.3989
vn 0.4151 -0.8177 -0.3989
vn 0.4152 -0.8176 -0.3989
vn 0.6567 0.3710 0.6567
vn 0.6567 0.3710 0.6566
vn 0.6563 0.3709 -0.6570
vn 0.6567 0.3710 -0.6566
vn 0.6567 0.3710 -0.6567
vn 0.8797 -0.4305 0.2021
vn 0.8797 -0.4304 0.2021
vn 0.8796 -0.4304 -0.2026
vn 0.8837 0.0925 0.4589
vn 0.8838 0.0925 -0.4586
vn -0.4944 -0.4207 0.7606
vn -0.5388 -0.3566 0.7632
vn -0.4047 -0.5336 0.7426
vn -0.6149 -0.1847 0.7667
vn -0.6250 -0.1475 0.7666
vn -0.6515 -0.0115 0.7585
vn -0.6516 -0.0106 0.7585
vn -0.5603 -0.3628 0.7446
vn -0.5732 -0.3289 0.7505
vn -0.2525 -0.8245 0.5063
vn -0.2526 -0.8245 0.5063
vn -0.5384 -0.3565 -0.7636
vn -0.6149 -0.1847 -0.7667
vn -0.4946 -0.4208 -0.7605
vn -0.4047 -0.5336 -0.7426
vn -0.6251 -0.1476 -0.7665
vn -0.6517 -0.0115 -0.7584
vn -0.6517 -0.0106 -0.7584
vn -0.5600 -0.3627 -0.7449
vn -0.5734 -0.3290 -0.7503
vn -0.2525 -0.8243 -0.5067
vn -0.6303 0.2143 0.7462
vn -0.6303 0.2142 0.7462
vn -0.6306 0.2138 -0.7461
vn -0.6303 0.2142 -0.7462
vn -0.6305 0.2143 -0.7460
vn -0.6305 0.2144 -0.7460
vt 0.000000 0.000000
s 1
f 45/2/22 46/2/23 47/2/24
f 46/2/23 45/2/22 48/2/25
f 49/2/26 47/2/24 46/2/23
f 45/2/22 50/2/27 48/2/25
f 48/2/25 50/2/27 51/2/28
f 51/2/28 50/2/27 52/2/29
f 53/2/30 47/2/24 49/2/26
f 49/2/26 54/2/31 53/2/30
f 54/2/31 49/2/26 55/2/32
f 56/2/33 54/2/31 55/2/32
f 54/2/31 56/2/33 57/2/33
f 58/2/34 59/2/35 60/2/36
f 58/2/34 61/2/37 59/2/35
f 61/2/37 58/2/34 62/2/38
f 62/2/38 63/2/39 61/2/37
f 63/2/39 62/2/38 64/2/40
f 64/2/40 65/2/41 63/2/39
f 65/2/41 64/2/40 66/2/42
f 65/2/41 66/2/42 67/2/43
f 65/2/41 67/2/43 68/2/44
f 67/2/43 69/2/45 68/2/44
f 69/2/45 67/2/43 70/2/45
f 71/2/46 72/2/47 73/2/48
f 72/2/47 71/2/46 74/2/46
f 75/2/49 76/2/50 77/2/50
f 76/2/50 75/2/49 78/2/51
f 79/2/52 80/2/53 81/2/54
f 80/2/53 79/2/52 82/2/55
f 83/2/56 84/2/57 85/2/58
f 84/2/57 83/2/56 86/2/59
f 87/2/60 88/2/61 89/2/62
f 89/2/62 90/2/63 87/2/60
f 90/2/63 89/2/62 91/2/63
f 88/2/61 87/2/60 92/2/64
f 93/2/65 88/2/61 92/2/64
f 88/2/61 93/2/65 94/2/66
f 94/2/66 93/2/65 95/2/67
f 96/2/68 97/2/69 98/2/70
f 97/2/69 99/2/71 98/2/70
f 100/2/72 101/2/72 102/2/73
f 102/2/73 103/2/73 100/2/72
f 101/2/72 100/2/72 104/2/74
f 104/2/74 105/2/75 101/2/72
f 104/2/74 106/2/76 105/2/75
f 106/2/76 104/2/74 107/2/77
f 106/2/76 107/2/77 108/2/78
f 109/2/79 110/2/79 111/2/79
f 110/2/79 109/2/79 112/2/79
f 113/2/80 114/2/81 115/2/82
f 116/2/83 113/2/80 115/2/82
f 114/2/81 113/2/80 117/2/84
f 113/2/80 116/2/83 118/2/85
f 119/2/86 114/2/81 117/2/84
f 118/2/85 116/2/83 120/2/87
f 114/2/81 119/2/86 121/2/88
f 120/2/87 122/2/89 118/2/85
f 123/2/90 121/2/88 119/2/86
f 121/2/88 123/2/90 124/2/91
f 123/2/90 125/2/92 124/2/91
f 120/2/87 126/2/93 122/2/89
f 126/2/93 120/2/87 127/2/94
f 126/2/93 127/2/94 128/2/95
f 129/2/96 130/2/97 131/2/98
f 129/2/96 132/2/99 130/2/97
f 132/2/99 133/2/100 130/2/97
f 132/2/99 134/2/101 133/2/100
f 134/2/101 135/2/102 133/2/100
f 134/2/101 136/2/103 135/2/102
f 136/2/103 137/2/103 135/2/102
f 138/2/104 139/2/105 140/2/106
f 141/2/107 140/2/106 139/2/105
f 139/2/105 138/2/104 142/2/108
f 143/2/109 142/2/108 138/2/104
f 143/2/109 144/2/110 142/2/108
f 141/2/107 145/2/111 140/2/106
f 145/2/111 141/2/107 146/2/112
f 147/2/113 145/2/111 146/2/112
f 145/2/111 147/2/113 148/2/114
f 149/2/115 148/2/114 147/2/113
f 148/2/114 149/2/115 150/2/116
f 151/2/117 152/2/118 150/2/119
f 152/2/118 151/2/117 153/2/120
f 154/2/121 155/2/122 156/2/123
f 154/2/121 156/2/123 157/2/124
f 155/2/122 154/2/121 158/2/125
f 158/2/125 159/2/126 155/2/122
f 159/2/126 158/2/125 160/2/127
f 160/2/127 161/2/128 159/2/126
f 161/2/128 160/2/127 162/2/128
f 163/2/129 164/2/130 165/2/131
f 166/2/132 164/2/130 163/2/129
f 163/2/129 165/2/131 167/2/131
f 168/2/133 166/2/132 163/2/129
f 169/2/134 167/2/131 165/2/131
f 168/2/133 170/2/135 166/2/132
f 167/2/131 169/2/134 171/2/136
f 170/2/135 168/2/133 172/2/137
f 173/2/138 171/2/136 169/2/134
f 173/2/138 169/2/134 174/2/139
f 174/2/139 175/2/140 173/2/138
f 172/2/137 176/2/141 170/2/135
f 170/2/135 176/2/141 177/2/142
f 177/2/142 176/2/141 178/2/143
f 179/2/144 180/2/145 181/2/146
f 180/2/145 179/2/144 182/2/147
f 179/2/144 181/2/146 183/2/148
f 184/2/149 182/2/147 179/2/144
f 184/2/149 185/2/150 182/2/147
f 185/2/150 184/2/149 186/2/151
f 187/2/152 183/2/148 181/2/146
f 183/2/148 187/2/152 188/2/153
f 188/2/153 187/2/152 189/2/154
f 190/2/155 191/2/156 189/2/157
f 192/2/158 193/2/158 186/2/159
f 193/2/158 192/2/158 194/2/160
f 195/2/161 196/2/162 197/2/163
f 195/2/161 198/2/164 196/2/162
f 198/2/164 199/2/165 196/2/162
f 199/2/165 198/2/164 200/2/166
f 200/2/166 201/2/167 199/2/165
f 200/2/166 202/2/168 201/2/167
f 202/2/168 200/2/166 203/2/169
f 202/2/168 203/2/169 204/2/170
f 202/2/168 204/2/170 205/2/171
f 206/2/172 207/2/173 208/2/174
f 207/2/173 206/2/172 209/2/175
f 207/2/173 209/2/175 210/2/176
f 208/2/174 211/2/177 206/2/172
f 211/2/177 208/2/174 212/2/178
f 213/2/179 211/2/177 212/2/178
f 214/2/180 211/2/177 213/2/179
f 213/2/179 215/2/181 214/2/180
f 215/2/181 213/2/179 216/2/182
f 217/2/183 218/2/184 219/2/185
f 220/2/186 219/2/185 218/2/184
f 219/2/185 220/2/186 221/2/187
f 218/2/184 217/2/183 222/2/188
f 217/2/183 223/2/189 222/2/188
f 223/2/189 217/2/183 224/2/190
f 223/2/189 224/2/190 225/2/191
f 226/2/192 227/2/193 228/2/194
f 229/2/195 227/2/193 226/2/192
f 227/2/193 229/2/195 230/2/196
f 229/2/195 231/2/197 230/2/196
f 231/2/197 229/2/195 232/2/198
f 232/2/198 233/2/199 231/2/197
f 233/2/199 232/2/198 234/2/200
f 235/2/201 236/2/202 237/2/201
f 238/2/203 235/2/201 237/2/201
f 236/2/202 235/2/201 239/2/204
f 235/2/201 238/2/203 240/2/205
f 239/2/204 241/2/206 236/2/202
f 240/2/205 238/2/203 242/2/207
f 243/2/208 241/2/206 239/2/204
f 242/2/207 244/2/209 240/2/205
f 245/2/210 241/2/206 243/2/208
f 241/2/206 245/2/210 246/2/211
f 245/2/210 247/2/212 246/2/211
f 242/2/207 248/2/213 244/2/209
f 248/2/213 242/2/207 249/2/214
f 248/2/213 249/2/214 250/2/215
f 251/2/216 252/2/217 253/2/218
f 254/2/219 253/2/218 252/2/217
f 252/2/217 251/2/216 255/2/220
f 256/2/221 255/2/220 251/2/216
f 256/2/221 257/2/222 255/2/220
f 254/2/219 258/2/223 253/2/218
f 258/2/223 254/2/219 259/2/224
f 260/2/225 258/2/223 259/2/224
f 258/2/223 260/2/225 261/2/226
f 262/2/227 261/2/226 260/2/225
f 261/2/226 262/2/227 263/2/228
f 264/2/229 263/2/228 262/2/227
f 263/2/228 264/2/229 265/2/230
f 265/2/230 264/2/229 266/2/231
f 267/2/232 268/2/233 269/2/234
f 267/2/232 269/2/234 270/2/235
f 271/2/236 272/2/236 273/2/236
f 272/2/236 271/2/236 274/2/237
f 275/2/238 276/2/239 277/2/240
f 278/2/241 276/2/239 275/2/238
f 275/2/238 277/2/240 279/2/242
f 280/2/243 278/2/241 275/2/238
f 281/2/244 279/2/242 277/2/240
f 280/2/243 282/2/245 278/2/241
f 279/2/242 281/2/244 283/2/246
f 282/2/245 280/2/243 284/2/247
f 285/2/248 283/2/246 281/2/244
f 285/2/248 281/2/244 286/2/249
f 286/2/249 287/2/250 285/2/248
f 284/2/247 288/2/251 282/2/245
f 282/2/245 288/2/251 289/2/252
f 289/2/252 288/2/251 290/2/253
f 291/2/145 292/2/254 293/2/255
f 294/2/256 292/2/254 291/2/145
f 291/2/145 293/2/255 295/2/257
f 296/2/258 294/2/256 291/2/145
f 297/2/259 295/2/257 293/2/255
f 296/2/258 298/2/260 294/2/256
f 295/2/257 297/2/259 299/2/261
f 298/2/260 296/2/258 300/2/262
f 301/2/263 299/2/261 297/2/259
f 299/2/261 301/2/263 302/2/264
f 301/2/263 303/2/265 302/2/264
f 300/2/262 304/2/266 298/2/260
f 304/2/266 300/2/262 305/2/267
f 304/2/266 305/2/267 306/2/268
f 307/2/269 308/2/270 309/2/271
f 309/2/271 308/2/270 310/2/272
f 311/2/273 307/2/269 309/2/271
f 308/2/270 312/2/274 310/2/272
f 310/2/272 312/2/274 313/2/275
f 313/2/275 312/2/274 314/2/276
f 315/2/277 307/2/269 311/2/273
f 311/2/273 316/2/278 315/2/277
f 316/2/278 311/2/273 317/2/279
f 318/2/280 316/2/278 317/2/279
f 316/2/278 318/2/280 319/2/280
f 320/2/281 321/2/282 322/2/283
f 320/2/281 323/2/284 321/2/282
f 323/2/284 320/2/281 324/2/285
f 324/2/285 325/2/286 323/2/284
f 325/2/286 324/2/285 326/2/287
f 326/2/287 327/2/288 325/2/286
f 327/2/288 326/2/287 328/2/289
f 329/2/290 327/2/288 328/2/289
f 329/2/290 330/2/291 327/2/288
f 329/2/290 331/2/292 330/2/291
f 331/2/292 329/2/290 332/2/293
f 333/2/294 334/2/295 335/2/294
f 335/2/294 334/2/295 336/2/296
f 337/2/297 336/2/296 334/2/295
f 336/2/296 337/2/297 338/2/298
f 337/2/297 339/2/299 338/2/298
f 338/2/298 339/2/299 340/2/300
f 340/2/300 339/2/299 341/2/301
f 342/2/302 343/2/303 344/2/304
f 343/2/303 342/2/302 345/2/303
f 344/2/304 346/2/305 342/2/302
f 346/2/305 344/2/304 347/2/306
f 347/2/306 348/2/307 346/2/305
f 348/2/307 347/2/306 349/2/308
f 348/2/307 349/2/308 350/2/309
f 351/2/310 352/2/311 353/2/312
f 352/2/311 351/2/310 354/2/313
f 355/2/314 353/2/312 352/2/311
f 354/2/315 356/2/316 357/2/317
f 355/2/314 358/2/318 353/2/312
f 358/2/318 355/2/314 359/2/223
f 360/2/319 358/2/318 359/2/223
f 358/2/318 360/2/319 361/2/320
f 362/2/321 361/2/320 360/2/319
f 361/2/320 362/2/321 363/2/322
f 364/2/323 365/2/324 363/2/325
f 365/2/324 364/2/323 366/2/326
f 367/2/327 368/2/328 369/2/329
f 370/2/330 367/2/327 369/2/329
f 368/2/328 367/2/327 371/2/331
f 367/2/327 370/2/330 372/2/332
f 368/2/328 371/2/331 373/2/333
f 374/2/334 372/2/332 370/2/330
f 375/2/335 373/2/333 371/2/331
f 372/2/332 374/2/334 376/2/336
f 377/2/337 373/2/333 375/2/335
f 373/2/333 377/2/337 378/2/338
f 377/2/337 379/2/339 378/2/338
f 374/2/334 380/2/340 376/2/336
f 380/2/340 374/2/334 381/2/341
f 380/2/340 381/2/341 382/2/342
f 383/2/343 384/2/343 385/2/343
f 384/2/343 383/2/343 386/2/343
f 387/2/344 388/2/344 389/2/344
f 388/2/344 387/2/344 390/2/344
f 391/2/345 392/2/346 393/2/347
f 392/2/346 391/2/345 394/2/348
f 391/2/345 393/2/347 395/2/349
f 396/2/350 394/2/348 391/2/345
f 396/2/350 397/2/351 394/2/348
f 397/2/351 396/2/350 398/2/352
f 399/2/353 395/2/349 393/2/347
f 395/2/349 399/2/353 400/2/354
f 401/2/355 400/2/354 399/2/353
f 400/2/354 401/2/355 402/2/356
f 401/2/355 403/2/357 402/2/356
f 404/2/358 405/2/359 398/2/360
f 405/2/359 404/2/358 406/2/361
f 407/2/362 408/2/362 409/2/363
f 410/2/364 408/2/362 407/2/362
f 407/2/362 409/2/363 411/2/365
f 412/2/366 410/2/364 407/2/362
f 413/2/367 411/2/365 409/2/363
f 412/2/366 414/2/368 410/2/364
f 411/2/365 413/2/367 415/2/369
f 414/2/368 412/2/366 416/2/370
f 417/2/371 415/2/369 413/2/367
f 417/2/371 413/2/367 418/2/372
f 418/2/372 419/2/373 417/2/371
f 416/2/370 420/2/374 414/2/368
f 414/2/368 420/2/374 421/2/375
f 421/2/375 420/2/374 422/2/376
f 423/2/377 424/2/378 425/2/379
f 423/2/377 425/2/379 426/2/378
f 427/2/380 428/2/381 429/2/382
f 428/2/381 427/2/380 430/2/382
f 431/2/383 432/2/384 433/2/384
f 434/2/384 433/2/384 432/2/384
f 435/2/385 436/2/385 437/2/386
f 436/2/385 435/2/385 438/2/387
f 439/2/388 440/2/389 441/2/389
f 439/2/388 441/2/389 442/2/388
f 443/2/390 444/2/390 445/2/390
f 444/2/390 443/2/390 446/2/390
f 447/2/391 448/2/391 449/2/391
f 447/2/391 449/2/391 450/2/391
f 451/2/392 452/2/392 453/2/392
f 452/2/392 451/2/392 454/2/392
f 455/2/393 456/2/394 457/2/395
f 458/2/396 456/2/394 455/2/393
f 456/2/394 458/2/396 459/2/397
f 460/2/398 459/2/397 458/2/396
f 459/2/397 460/2/398 461/2/399
f 460/2/398 462/2/400 461/2/399
f 462/2/400 460/2/398 463/2/401
f 462/2/400 463/2/401 464/2/402
f 462/2/400 464/2/402 465/2/403
f 466/2/404 467/2/405 468/2/406
f 466/2/404 468/2/406 469/2/407
f 467/2/405 466/2/404 470/2/408
f 470/2/408 471/2/409 467/2/405
f 471/2/409 470/2/408 472/2/410
f 473/2/411 471/2/409 472/2/410
f 471/2/409 473/2/411 474/2/412
f 473/2/411 475/2/413 474/2/412
f 475/2/413 473/2/411 476/2/413
f 477/2/414 478/2/415 479/2/415
f 478/2/415 480/2/414 479/2/415
f 481/2/416 482/2/417 483/2/418
f 482/2/417 481/2/416 484/2/419
o RenderMesh_121890891056536
v -1.793731 -0.335093 -0.044512
v -1.815269 -0.438050 -0.044512
v -1.841059 -0.358644 -0.044512
v -1.743033 -0.350068 -0.044512
v -1.717243 -0.429474 -0.044512
v -1.799623 -0.516466 -0.044512
v -1.701597 -0.507890 -0.044512
v -1.787466 -0.655417 -0.044512
v -1.689441 -0.646841 -0.044512
v -1.701050 -0.729519 -0.044512
v -1.748377 -0.753070 -0.044512
v -1.799076 -0.738095 -0.044512
v -1.793731 -0.335093 0.044512
v -1.815269 -0.438050 0.044512
v -1.743033 -0.350068 0.044512
v -1.841059 -0.358644 0.044512
v -1.717243 -0.429474 0.044512
v -1.799623 -0.516466 0.044512
v -1.701597 -0.507890 0.044512
v -1.689441 -0.646841 0.044512
v -1.787466 -0.655417 0.044512
v -1.701050 -0.729520 0.044512
v -1.748377 -0.753070 0.044512
v -1.799075 -0.738096 0.044512
v -1.689441 -0.646841 -0.044512
v -1.701597 -0.507890 -0.044512
v -1.701597 -0.507890 0.044512
v -1.689441 -0.646841 0.044512
v -1.717243 -0.429474 0.044512
v -1.701050 -0.729519 -0.044512
v -1.717243 -0.429474 -0.044512
v -1.701050 -0.729520 0.044512
v -1.743033 -0.350068 -0.044512
v -1.748377 -0.753070 -0.044512
v -1.743033 -0.350068 0.044512
v -1.748377 -0.753070 0.044512
v -1.793731 -0.335093 0.044512
v -1.799076 -0.738095 -0.044512
v -1.793731 -0.335093 -0.044512
v -1.799075 -0.738096 0.044512
v -1.841059 -0.358644 0.044512
v -1.787466 -0.655417 0.044512
v -1.841059 -0.358644 -0.044512
v -1.787466 -0.655417 -0.044512
v -1.815269 -0.438050 -0.044512
v -1.799623 -0.516466 -0.044512
v -1.815269 -0.438050 0.044512
v -1.799623 -0.516466 0.044512
vn -0.0001 0.0005 -1.0000
vn -0.0000 -0.0000 -1.0000
vn -0.0001 0.0005 1.0000
vn 0.9999 -0.0141 0.0005
vn 0.9901 0.1401 0.0005
vn 0.9688 0.2480 0.0005
vn 0.9222 -0.3868 -0.0000
vn 0.9687 0.2481 0.0005
vn 0.9222 -0.3866 0.0005
vn 0.8411 0.5409 0.0005
vn 0.0871 -0.9962 0.0003
vn 0.8411 0.5409 -0.0000
vn -0.0872 0.9962 0.0005
vn -0.9782 -0.2077 0.0005
vn -0.9782 -0.2077 -0.0000
vn -0.9994 0.0347 0.0005
vn -0.9999 0.0141 0.0005
vn -0.9994 0.0347 -0.0000
vn -0.9999 0.0140 0.0005
vn -0.9688 -0.2480 0.0005
vn -0.9901 -0.1401 0.0005
vt 0.000000 0.000000
s 1
f 485/3/420 486/3/420 487/3/420
f 488/3/420 486/3/420 485/3/420
f 489/3/420 486/3/420 488/3/420
f 489/3/420 490/3/420 486/3/420
f 490/3/420 489/3/420 491/3/420
f 491/3/420 492/3/421 490/3/420
f 492/3/421 491/3/420 493/3/420
f 493/3/420 494/3/420 492/3/421
f 495/3/420 492/3/421 494/3/420
f 492/3/421 495/3/420 496/3/420
f 497/3/422 498/3/422 499/3/422
f 498/3/422 497/3/422 500/3/422
f 499/3/422 498/3/422 501/3/422
f 502/3/422 501/3/422 498/3/422
f 501/3/422 502/3/422 503/3/422
f 503/3/422 502/3/422 504/3/422
f 505/3/422 504/3/422 502/3/422
f 505/3/422 506/3/422 504/3/422
f 506/3/422 505/3/422 507/3/422
f 507/3/422 505/3/422 508/3/422
f 509/3/423 510/3/424 511/3/424
f 509/3/423 511/3/424 512/3/423
f 510/3/424 513/3/425 511/3/424
f 512/3/423 514/3/426 509/3/423
f 510/3/424 515/3/427 513/3/425
f 514/3/426 512/3/423 516/3/428
f 517/3/429 513/3/425 515/3/427
f 514/3/426 516/3/428 518/3/430
f 513/3/425 517/3/429 519/3/431
f 518/3/430 516/3/428 520/3/430
f 517/3/429 521/3/432 519/3/431
f 520/3/430 522/3/433 518/3/430
f 523/3/432 521/3/432 517/3/429
f 522/3/433 520/3/430 524/3/434
f 523/3/432 525/3/435 521/3/432
f 526/3/436 522/3/433 524/3/434
f 527/3/437 525/3/435 523/3/432
f 522/3/433 526/3/436 528/3/438
f 527/3/437 529/3/439 525/3/435
f 526/3/436 530/3/440 528/3/438
f 529/3/439 531/3/439 525/3/435
f 530/3/440 526/3/436 532/3/440
f 529/3/439 532/3/440 531/3/439
f 530/3/440 532/3/440 529/3/439
o RenderMesh_124972821720584
v -0.805201 -0.460077 0.035609
v -0.809493 -0.378191 -0.035609
v -0.809493 -0.378191 0.035609
v -0.805201 -0.460077 -0.035609
v -0.809493 -0.378191 0.035609
v -0.925745 -0.384283 -0.035609
v -0.925745 -0.384283 0.035609
v -0.809493 -0.378191 -0.035609
v -0.957738 -0.385960 -0.035609
v -0.957738 -0.385960 0.035609
v -1.262716 -0.401943 -0.035609
v -1.262716 -0.401943 0.035609
v -1.344384 -0.406223 -0.035609
v -1.344384 -0.406223 0.035609
v -1.744325 -0.427183 -0.035609
v -1.744325 -0.427183 0.035609
v -1.344384 -0.406223 -0.035609
v -1.576257 -0.500487 -0.035609
v -1.744325 -0.427183 -0.035609
v -1.655570 -0.553912 -0.035609
v -1.728750 -0.724375 -0.035609
v -1.340092 -0.488110 -0.035609
v -1.258424 -0.483830 -0.035609
v -1.262716 -0.401943 -0.035609
v -0.953898 -0.467870 -0.035609
v -0.957738 -0.385960 -0.035609
v -0.922359 -0.466217 -0.035609
v -0.925745 -0.384283 -0.035609
v -0.890897 -0.464569 -0.035609
v -0.809493 -0.378191 -0.035609
v -0.861473 -0.479450 -0.035609
v -0.832908 -0.477953 -0.035609
v -0.805201 -0.460077 -0.035609
v -0.890897 -0.464569 0.035609
v -0.925745 -0.384283 0.035609
v -0.922359 -0.466217 0.035609
v -0.957738 -0.385960 0.035609
v -0.809493 -0.378191 0.035609
v -0.953899 -0.467870 0.035609
v -0.861473 -0.479450 0.035609
v -0.832908 -0.477953 0.035609
v -0.805201 -0.460077 0.035609
v -1.262716 -0.401943 0.035609
v -1.258424 -0.483830 0.035609
v -1.344384 -0.406223 0.035609
v -1.340092 -0.488110 0.035609
v -1.576257 -0.500487 0.035609
v -1.744325 -0.427183 0.035609
v -1.655570 -0.553912 0.035609
v -1.728750 -0.724375 0.035609
v -1.728750 -0.724375 0.035609
v -1.655570 -0.553912 -0.035609
v -1.655570 -0.553912 0.035609
v -1.728750 -0.724375 -0.035609
v -1.576257 -0.500487 -0.035609
v -1.576257 -0.500487 0.035609
v -1.340092 -0.488110 0.035609
v -1.340092 -0.488110 -0.035609
v -1.258424 -0.483830 0.035609
v -1.258424 -0.483830 -0.035609
v -0.953899 -0.467870 0.035609
v -0.953898 -0.467870 -0.035609
v -0.922359 -0.466217 0.035609
v -0.922359 -0.466217 -0.035609
v -0.890897 -0.464569 0.035609
v -0.890897 -0.464569 -0.035609
v -0.861473 -0.479450 0.035609
v -0.861473 -0.479450 -0.035609
v -0.832908 -0.477953 0.035609
v -0.832908 -0.477953 -0.035609
v -0.805201 -0.460077 0.035609
v -0.805201 -0.460077 -0.035609
vn 0.9986 0.0520 -0.0004
vn 0.9987 0.0519 -0.0005
vn -0.0527 0.9986 -0.0004
vn -0.0526 0.9986 -0.0002
vn -0.0523 0.9986 -0.0000
vn -0.0003 -0.0003 -1.0000
vn -0.0003 -0.0004 -1.0000
vn -0.0003 -0.0004 1.0000
vn -0.0003 -0.0003 1.0000
vn 0.9189 -0.3944 -0.0005
vn 0.7699 -0.6382 -0.0004
vn 0.7700 -0.6381 -0.0002
vn 0.9189 -0.3945 -0.0000
vn 0.3173 -0.9483 -0.0005
vn 0.3173 -0.9483 -0.0006
vn 0.0520 -0.9986 -0.0004
vn 0.0521 -0.9986 -0.0003
vn -0.2064 -0.9785 -0.0003
vn -0.2064 -0.9785 -0.0004
vn 0.3076 -0.9515 -0.0000
vn 0.5425 -0.8400 -0.0003
vn 0.5425 -0.8401 -0.0003
vt 0.000000 0.000000
s 1
f 533/4/441 534/4/441 535/4/442
f 534/4/441 533/4/441 536/4/441
f 537/4/443 538/4/443 539/4/444
f 538/4/443 537/4/443 540/4/444
f 541/4/445 539/4/444 538/4/443
f 539/4/444 541/4/445 542/4/443
f 543/4/443 542/4/443 541/4/445
f 542/4/443 543/4/443 544/4/444
f 545/4/444 544/4/444 543/4/443
f 544/4/444 545/4/444 546/4/445
f 547/4/444 546/4/445 545/4/444
f 546/4/445 547/4/444 548/4/443
f 549/4/446 550/4/447 551/4/447
f 551/4/447 550/4/447 552/4/446
f 553/4/446 551/4/447 552/4/446
f 550/4/447 549/4/446 554/4/446
f 549/4/446 555/4/447 554/4/446
f 555/4/447 549/4/446 556/4/447
f 556/4/447 557/4/447 555/4/447
f 556/4/447 558/4/447 557/4/447
f 558/4/447 559/4/447 557/4/447
f 560/4/447 559/4/447 558/4/447
f 560/4/447 561/4/447 559/4/447
f 562/4/446 561/4/447 560/4/447
f 562/4/446 563/4/446 561/4/447
f 563/4/446 562/4/446 564/4/446
f 564/4/446 562/4/446 565/4/447
f 566/4/448 567/4/448 568/4/448
f 569/4/448 568/4/448 567/4/448
f 566/4/448 570/4/449 567/4/448
f 568/4/448 569/4/448 571/4/448
f 572/4/449 570/4/449 566/4/448
f 573/4/449 570/4/449 572/4/449
f 570/4/449 573/4/449 574/4/448
f 575/4/448 571/4/448 569/4/448
f 571/4/448 575/4/448 576/4/448
f 577/4/449 576/4/448 575/4/448
f 576/4/448 577/4/449 578/4/449
f 577/4/449 579/4/448 578/4/449
f 579/4/448 577/4/449 580/4/448
f 580/4/448 581/4/449 579/4/448
f 580/4/448 582/4/449 581/4/449
f 583/4/450 584/4/451 585/4/452
f 584/4/451 583/4/450 586/4/453
f 587/4/454 585/4/452 584/4/451
f 585/4/452 587/4/454 588/4/455
f 589/4/456 588/4/455 587/4/454
f 589/4/456 587/4/454 590/4/456
f 590/4/456 591/4/456 589/4/456
f 591/4/456 590/4/456 592/4/456
f 593/4/456 591/4/456 592/4/456
f 593/4/456 592/4/456 594/4/457
f 594/4/457 595/4/457 593/4/456
f 595/4/457 594/4/457 596/4/457
f 596/4/457 597/4/458 595/4/457
f 597/4/458 596/4/457 598/4/458
f 598/4/458 599/4/459 597/4/458
f 599/4/459 598/4/458 600/4/459
f 599/4/459 600/4/459 601/4/460
f 601/4/460 600/4/459 602/4/460
f 602/4/460 603/4/461 601/4/460
f 603/4/461 602/4/460 604/4/462
o RenderMesh_126699169927855
v -0.674366 0.200945 -0.091767
v -0.641565 0.286098 0.089781
v -0.641565 0.286098 -0.091767
v -0.674366 0.200945 0.091767
v -0.641565 0.286098 -0.091767
v -0.641565 0.286098 0.089781
v -0.559566 0.367620 -0.064535
v -0.559566 0.367620 0.062549
v 0.520754 0.367620 -0.039118
v 0.520754 0.286098 0.053472
v 0.520754 0.286098 -0.055458
v 0.520754 0.367620 0.037132
v 0.520754 0.286098 -0.055458
v 0.520754 0.200945 0.053472
v 0.520754 0.200945 -0.055458
v 0.520754 0.286098 -0.055458
v 0.463354 0.200945 -0.064535
v 0.463354 0.286098 -0.064535
v 0.520754 0.200945 -0.055458
v 0.405953 0.200945 -0.091767
v 0.405953 0.286098 -0.068907
v 0.520754 0.200945 0.053472
v 0.463354 0.286098 0.062549
v 0.463354 0.200945 0.062549
v 0.520754 0.286098 0.053472
v 0.405953 0.286098 0.066921
v 0.405953 0.200945 0.089781
v -0.674366 0.200945 -0.091767
v 0.405953 0.200945 -0.091767
v 0.405953 0.200945 0.089781
v -0.674366 0.200945 0.091767
v 0.463354 0.200945 0.062549
v 0.463354 0.200945 -0.064535
v 0.405953 0.200945 0.089781
v 0.463354 0.200945 -0.064535
v 0.520754 0.200945 0.053472
v 0.463354 0.200945 0.062549
v 0.520754 0.200945 -0.055458
v 0.520754 0.367620 -0.039118
v 0.463354 0.286098 -0.064535
v 0.463354 0.367620 -0.045472
v 0.520754 0.286098 -0.055458
v 0.405953 0.286098 -0.068907
v 0.405953 0.367620 -0.051827
v 0.520754 0.286098 0.053472
v 0.463354 0.367620 0.043486
v 0.463354 0.286098 0.062549
v 0.520754 0.367620 0.037132
v 0.405953 0.367620 0.049841
v 0.405953 0.286098 0.066921
v 0.388309 0.367620 -0.042168
v 0.405953 0.367620 0.049841
v 0.405953 0.367620 -0.051827
v 0.388309 0.367620 0.040182
v -0.559566 0.367620 0.062549
v -0.131923 0.367620 -0.046743
v -0.559566 0.367620 -0.064535
v -0.131923 0.367620 0.044757
v 0.520754 0.367620 -0.039118
v 0.463354 0.367620 -0.045472
v 0.520754 0.367620 0.037132
v 0.463354 0.367620 0.043486
v 0.463354 0.367620 -0.045472
v 0.405953 0.367620 -0.051827
v 0.463354 0.367620 0.043486
v 0.405953 0.367620 0.049841
v 0.405953 0.200945 -0.091767
v -0.674366 0.200945 -0.091767
v -0.107323 0.274373 -0.066350
v -0.116116 0.286098 -0.066350
v -0.641565 0.286098 -0.091767
v 0.107477 0.274373 -0.066350
v 0.116272 0.286098 -0.068907
v 0.405953 0.286098 -0.068907
v -0.116116 0.286098 0.064364
v -0.674366 0.200945 0.091767
v -0.107323 0.274373 0.064364
v -0.641565 0.286098 0.089781
v 0.405953 0.200945 0.089781
v 0.107477 0.274373 0.064364
v 0.116272 0.286098 0.066921
v 0.405953 0.286098 0.066921
v 0.388309 0.367620 0.040182
v 0.388309 0.346689 0.044713
v 0.405953 0.367620 0.049841
v 0.405953 0.286098 0.066921
v 0.339109 0.307173 0.059296
v 0.116272 0.286098 0.066921
v 0.132078 0.307173 0.059296
v 0.388309 0.346689 -0.046699
v 0.388309 0.367620 -0.042168
v 0.405953 0.367620 -0.051827
v 0.405953 0.286098 -0.068907
v 0.339109 0.307173 -0.061282
v 0.116272 0.286098 -0.068907
v 0.132078 0.307173 -0.061282
v -0.116116 0.286098 0.064364
v -0.559566 0.367620 0.062549
v -0.641565 0.286098 0.089781
v -0.131923 0.307173 0.059296
v -0.131923 0.346689 0.049791
v -0.131923 0.367620 0.044757
v -0.559566 0.367620 -0.064535
v -0.131923 0.367620 -0.046743
v -0.131923 0.346689 -0.051777
v -0.131923 0.307173 -0.061282
v -0.116116 0.286098 -0.066350
v -0.641565 0.286098 -0.091767
v 0.339109 0.307173 -0.061282
v 0.132078 0.307173 -0.061282
v 0.339109 0.307173 0.059296
v 0.132078 0.307173 0.059296
v -0.107323 0.274373 -0.066350
v 0.107477 0.274373 0.064364
v 0.107477 0.274373 -0.066350
v -0.107323 0.274373 0.064364
v 0.132078 0.307173 0.059296
v 0.116272 0.286098 0.066921
v 0.107477 0.274373 -0.066350
v 0.132078 0.307173 -0.061282
v 0.116272 0.286098 -0.068907
v 0.388309 0.346689 0.044713
v 0.388309 0.346689 -0.046699
v 0.339109 0.307173 -0.061282
v 0.339109 0.307173 0.059296
v 0.388309 0.346689 -0.046699
v 0.388309 0.367620 0.040182
v 0.388309 0.367620 -0.042168
v 0.388309 0.346689 0.044713
v -0.131923 0.346689 -0.051777
v -0.131923 0.307173 0.059296
v -0.131923 0.307173 -0.061282
v -0.131923 0.346689 0.049791
v -0.131923 0.367620 -0.046743
v -0.131923 0.367620 0.044757
v -0.116116 0.286098 -0.066350
v -0.131923 0.307173 -0.061282
v -0.116116 0.286098 0.064364
v -0.107323 0.274373 0.064364
v -0.107323 0.274373 -0.066350
vn -0.9333 0.3590 0.0001
vn -0.8475 0.5308 0.0001
vn -0.8468 0.5320 0.0001
vn -0.9332 0.3595 -0.0000
vn -0.8467 0.5321 0.0001
vn -0.8474 0.5310 0.0001
vn -0.7050 0.7092 -0.0000
vn 1.0000 0.0005 0.0001
vn 1.0000 0.0006 0.0001
vn 0.1562 -0.0000 -0.9877
vn 0.2107 0.0640 -0.9755
vn 0.1559 0.0004 -0.9878
vn 0.1334 0.1734 -0.9758
vn 0.1392 0.1725 -0.9751
vn 0.1558 0.0004 0.9878
vn 0.2106 0.0640 0.9755
vn 0.1559 0.0004 0.9878
vn 0.1392 0.1773 0.9743
vn 0.1345 0.1794 0.9745
vn 0.0005 -1.0000 0.0001
vn 0.0006 -1.0000 0.0001
vn 0.1304 0.2105 -0.9689
vn 0.1099 0.2134 -0.9708
vn 0.1109 0.2125 -0.9709
vn 0.0161 0.2720 -0.9622
vn 0.0152 0.2732 -0.9618
vn 0.1304 0.2105 0.9689
vn 0.1110 0.2126 0.9708
vn 0.1099 0.2134 0.9708
vn 0.0152 0.2732 0.9618
vn 0.0161 0.2720 0.9622
vn 0.0005 1.0000 0.0001
vn 0.1333 0.1734 -0.9758
vn 0.0112 0.2134 -0.9769
vn 0.0112 0.2135 -0.9769
vn 0.0112 0.2133 -0.9769
vn 0.0122 0.2243 0.9745
vn 0.0122 0.2241 0.9745
vn 0.0122 0.2243 0.9744
vn 0.1343 0.1794 0.9746
vn 0.0122 0.2242 0.9745
vn 0.1392 0.1774 0.9742
vn -0.0572 0.3267 0.9434
vn 0.0151 0.2731 0.9619
vn -0.0571 0.3267 0.9434
vn -0.0572 0.3267 -0.9434
vn 0.0161 0.2721 -0.9621
vn -0.0571 0.3267 -0.9434
vn 0.0445 0.2595 0.9647
vn 0.0445 0.2595 -0.9647
vn 0.0006 1.0000 0.0001
vn 0.4470 0.8945 0.0001
vn -0.4703 0.8825 0.0001
vn -0.4703 0.8825 -0.0000
vn 0.4470 0.8945 -0.0000
vn -0.8000 0.6000 -0.0000
vn -0.7996 0.6005 -0.0000
vn -0.7997 0.6004 0.0001
vn -0.8707 0.4919 0.0001
vn -0.8707 0.4919 -0.0000
vn -0.6262 0.7797 -0.0000
vn -0.8707 0.4917 0.0001
vn -1.0000 0.0005 0.0001
vn -0.8707 0.4918 0.0001
vn 0.9334 0.3590 -0.0000
vn 0.9334 0.3590 0.0001
vn 0.9333 0.3591 0.0001
vn 0.7997 0.6004 0.0001
vt 0.375000 0.750000
vt 0.375000 0.500000
vt 0.625000 0.750000
vt 0.625000 0.500000
vt 0.625000 0.000000
vt 0.375000 0.250000
vt 0.375000 0.000000
vt 0.625000 0.250000
vt 0.375000 1.000000
vt 0.125000 0.750000
vt 0.125000 0.500000
vt 0.625000 1.000000
vt 0.870860 0.750000
vt 0.875000 0.500000
vt 0.875000 0.750000
vt 0.870860 0.500000
vt 0.725337 0.750000
vt 0.725337 0.500000
vt 0.375000 0.866902
vt 0.375000 0.864475
vt 0.375000 0.891817
vt 0.375000 0.893317
vt 0.375000 0.385525
vt 0.375000 0.383098
vt 0.375000 0.358183
vt 0.375000 0.356683
vt 0.625000 0.254140
vt 0.560812 0.254027
vt 0.439629 0.264882
vt 0.439629 0.355294
vt 0.560812 0.995973
vt 0.625000 0.995860
vt 0.439629 0.985118
vt 0.439629 0.894706
vt 0.439629 0.391730
vt 0.560812 0.396918
vt 0.625000 0.399663
vt 0.625000 0.850337
vt 0.560812 0.853082
vt 0.439629 0.858269
vt 0.625000 0.601801
vt 0.875000 0.601801
vt 0.625000 0.648199
vt 0.875000 0.648199
vt 0.875000 0.599851
vt 0.875000 0.650149
vt 0.500000 0.644542
vt 0.500000 0.605458
vt 0.433790 0.642604
vt 0.433790 0.607396
vt 0.500000 0.144542
vt 0.625000 0.101801
vt 0.625000 0.148199
vt 0.500000 0.105458
vt 0.433790 0.142604
vt 0.433790 0.107396
vt 0.625000 0.150149
vt 0.625000 0.099851
s 1
f 605/5/463 606/6/464 607/5/465
f 606/6/464 605/5/463 608/6/466
f 609/5/467 610/6/468 611/7/469
f 611/7/469 610/6/468 612/8/469
f 613/9/470 614/10/470 615/11/470
f 614/10/470 613/9/470 616/12/470
f 617/11/470 614/10/470 618/10/470
f 619/11/471 617/11/470 618/10/470
f 620/13/472 621/13/473 622/13/473
f 621/13/473 620/13/472 623/13/474
f 624/13/475 622/13/473 621/13/473
f 622/13/473 624/13/475 625/13/476
f 626/10/477 627/10/478 628/10/478
f 627/10/478 626/10/477 629/10/479
f 630/10/480 628/10/478 627/10/478
f 628/10/478 630/10/480 631/10/481
f 632/5/482 633/14/482 634/15/482
f 632/5/482 634/15/482 635/6/482
f 636/15/482 633/14/482 637/14/482
f 633/14/482 636/15/482 638/15/483
f 639/14/482 640/15/482 641/15/482
f 640/15/482 639/14/482 642/14/482
f 643/16/484 644/13/485 645/16/486
f 644/13/485 643/16/484 646/13/484
f 647/13/487 645/16/486 644/13/485
f 645/16/486 647/13/487 648/16/488
f 649/10/489 650/12/490 651/10/491
f 650/12/490 649/10/489 652/12/489
f 653/12/492 651/10/491 650/12/490
f 651/10/491 653/12/492 654/10/493
f 655/17/494 656/18/494 657/19/494
f 656/18/494 655/17/494 658/20/494
f 659/8/494 660/21/494 661/7/494
f 660/21/494 659/8/494 662/22/494
f 663/19/494 664/19/494 665/18/494
f 664/19/494 666/18/494 665/18/494
f 667/19/494 668/19/494 669/18/494
f 668/19/494 670/18/494 669/18/494
f 671/13/495 672/5/496 673/23/497
f 672/5/496 674/24/496 673/23/497
f 674/24/496 672/5/496 675/5/496
f 671/13/495 673/23/497 676/25/497
f 677/26/498 671/13/495 676/25/497
f 671/13/495 677/26/498 678/13/476
f 679/27/499 680/6/500 681/28/501
f 680/6/500 679/27/499 682/6/500
f 680/6/500 683/10/502 681/28/501
f 681/28/501 683/10/502 684/29/501
f 683/10/502 685/30/503 684/29/501
f 685/30/503 683/10/502 686/10/504
f 687/31/505 688/32/505 689/12/506
f 690/10/493 689/12/506 688/32/505
f 690/10/493 688/32/505 691/33/507
f 692/30/507 690/10/493 691/33/507
f 692/30/507 691/33/507 693/34/507
f 694/35/508 695/36/508 696/16/488
f 696/16/488 697/13/509 694/35/508
f 694/35/508 697/13/509 698/37/510
f 699/26/510 698/37/510 697/13/509
f 698/37/510 699/26/510 700/38/510
f 701/27/511 702/8/511 703/6/511
f 702/8/511 701/27/511 704/39/511
f 705/40/511 702/8/511 704/39/511
f 702/8/511 705/40/511 706/41/511
f 707/7/512 708/42/512 709/43/512
f 707/7/512 709/43/512 710/44/512
f 711/24/512 707/7/512 710/44/512
f 711/24/512 712/5/512 707/7/512
f 713/45/513 714/46/494 715/47/494
f 714/46/494 716/48/494 715/47/494
f 717/49/514 718/50/515 719/49/516
f 718/50/515 717/49/514 720/50/517
f 721/48/518 718/50/515 722/50/519
f 718/50/515 721/48/518 723/49/515
f 721/48/518 724/46/520 723/49/515
f 723/49/515 724/46/520 725/49/520
f 726/51/521 727/52/522 728/45/523
f 728/45/523 729/47/523 726/51/521
f 730/52/524 731/53/525 732/54/525
f 731/53/525 730/52/524 733/51/526
f 734/55/470 735/56/527 736/57/528
f 735/56/527 734/55/470 737/58/470
f 738/59/470 737/58/470 734/55/470
f 737/58/470 738/59/470 739/60/470
f 735/56/529 740/61/530 741/57/529
f 740/61/530 735/56/529 742/62/530
f 740/61/530 742/62/530 743/62/514
f 743/62/514 744/61/517 740/61/530
o RenderMesh_129058184996945
v -0.193772 0.368389 0.057030
v -0.222991 0.310713 -0.072951
v -0.193772 0.368389 -0.057030
v -0.222991 0.310713 0.072951
v -0.573640 0.310713 -0.089183
v -0.573640 0.310713 0.089183
v -0.544422 0.368389 -0.069719
v -0.544422 0.368389 0.069720
v -0.234457 0.368389 0.057030
v -0.263676 0.310713 -0.072951
v -0.234457 0.368389 -0.057030
v -0.263676 0.310713 0.072951
v -0.532953 0.310713 -0.086769
v -0.532953 0.310713 0.086769
v -0.503736 0.368389 -0.067832
v -0.503736 0.368389 0.067833
v -0.275144 0.368389 0.060289
v -0.304363 0.310713 -0.077119
v -0.275144 0.368389 -0.060289
v -0.304363 0.310713 0.077120
v -0.492268 0.310713 -0.084295
v -0.463049 0.368389 0.065899
v -0.463049 0.368389 -0.065898
v -0.492268 0.310713 0.084296
v -0.550362 0.310713 -0.089183
v -0.544422 0.368389 -0.069719
v -0.521144 0.368389 -0.069719
v -0.573640 0.310713 -0.089183
v -0.544422 0.368389 0.069720
v -0.573640 0.310713 0.089183
v -0.550362 0.310713 0.089183
v -0.521144 0.368389 0.069720
v -0.509675 0.310713 -0.086769
v -0.503736 0.368389 -0.067832
v -0.480458 0.368389 -0.067832
v -0.532953 0.310713 -0.086769
v -0.503736 0.368389 0.067833
v -0.532953 0.310713 0.086769
v -0.509675 0.310713 0.086769
v -0.480458 0.368389 0.067833
v -0.468991 0.310713 -0.084295
v -0.463049 0.368389 -0.065898
v -0.439772 0.368389 -0.065898
v -0.492268 0.310713 -0.084295
v -0.463049 0.368389 0.065899
v -0.492268 0.310713 0.084296
v -0.468990 0.310713 0.084296
v -0.439772 0.368389 0.065899
v -0.427361 0.310713 -0.082541
v -0.421422 0.368389 -0.064527
v -0.398144 0.368389 -0.064527
v -0.450639 0.310713 -0.082541
v -0.421422 0.368389 0.064528
v -0.450639 0.310713 0.082541
v -0.427361 0.310713 0.082541
v -0.398144 0.368389 0.064528
v -0.386677 0.310713 -0.080515
v -0.380736 0.368389 -0.062943
v -0.357458 0.368389 -0.062943
v -0.409954 0.310713 -0.080515
v -0.380736 0.368389 0.062944
v -0.409954 0.310713 0.080516
v -0.386677 0.310713 0.080516
v -0.357458 0.368389 0.062944
v -0.345990 0.310713 -0.079282
v -0.340050 0.368389 -0.061979
v -0.316771 0.368389 -0.061979
v -0.369269 0.310713 -0.079282
v -0.340050 0.368389 0.061980
v -0.369267 0.310713 0.079283
v -0.345990 0.310713 0.079283
v -0.316771 0.368389 0.061980
v -0.304363 0.310713 -0.077119
v -0.298422 0.368389 -0.060289
v -0.275144 0.368389 -0.060289
v -0.327641 0.310713 -0.077119
v -0.298422 0.368389 0.060289
v -0.327640 0.310713 0.077120
v -0.304363 0.310713 0.077120
v -0.275144 0.368389 0.060289
v -0.263676 0.310713 -0.072951
v -0.257736 0.368389 -0.057030
v -0.234457 0.368389 -0.057030
v -0.286954 0.310713 -0.072951
v -0.222991 0.310713 -0.072951
v -0.217050 0.368389 -0.057030
v -0.193772 0.368389 -0.057030
v -0.246269 0.310713 -0.072951
v -0.257736 0.368389 0.057030
v -0.286954 0.310713 0.072951
v -0.263676 0.310713 0.072951
v -0.234457 0.368389 0.057030
v -0.217050 0.368389 0.057030
v -0.246269 0.310713 0.072951
v -0.222991 0.310713 0.072951
v -0.193772 0.368389 0.057030
v -0.316771 0.368389 -0.061979
v -0.345990 0.310713 0.079283
v -0.345990 0.310713 -0.079282
v -0.316771 0.368389 0.061980
v -0.450639 0.310713 -0.082541
v -0.450639 0.310713 0.082541
v -0.421422 0.368389 -0.064527
v -0.421422 0.368389 0.064528
v -0.257736 0.368389 -0.057030
v -0.257736 0.368389 0.057030
v -0.234457 0.368389 -0.057030
v -0.234457 0.368389 0.057030
v -0.217050 0.368389 0.057030
v -0.193772 0.368389 -0.057030
v -0.217050 0.368389 -0.057030
v -0.193772 0.368389 0.057030
v -0.298422 0.368389 0.060289
v -0.275144 0.368389 -0.060289
v -0.298422 0.368389 -0.060289
v -0.275144 0.368389 0.060289
v -0.380736 0.368389 0.062944
v -0.357458 0.368389 -0.062943
v -0.380736 0.368389 -0.062943
v -0.357458 0.368389 0.062944
v -0.340050 0.368389 0.061980
v -0.316771 0.368389 -0.061979
v -0.340050 0.368389 -0.061979
v -0.316771 0.368389 0.061980
v -0.421422 0.368389 -0.064527
v -0.421422 0.368389 0.064528
v -0.398144 0.368389 -0.064527
v -0.398144 0.368389 0.064528
v -0.503736 0.368389 -0.067832
v -0.503736 0.368389 0.067833
v -0.480458 0.368389 -0.067832
v -0.480458 0.368389 0.067833
v -0.463049 0.368389 -0.065898
v -0.463049 0.368389 0.065899
v -0.439772 0.368389 -0.065898
v -0.439772 0.368389 0.065899
v -0.544422 0.368389 -0.069719
v -0.544422 0.368389 0.069720
v -0.521144 0.368389 -0.069719
v -0.521144 0.368389 0.069720
v -0.304363 0.310713 -0.077119
v -0.327640 0.310713 0.077120
v -0.327641 0.310713 -0.077119
v -0.304363 0.310713 0.077120
v -0.222991 0.310713 -0.072951
v -0.222991 0.310713 0.072951
v -0.246269 0.310713 -0.072951
v -0.246269 0.310713 0.072951
v -0.263676 0.310713 -0.072951
v -0.263676 0.310713 0.072951
v -0.286954 0.310713 -0.072951
v -0.286954 0.310713 0.072951
v -0.427361 0.310713 -0.082541
v -0.427361 0.310713 0.082541
v -0.450639 0.310713 -0.082541
v -0.450639 0.310713 0.082541
v -0.345990 0.310713 -0.079282
v -0.369267 0.310713 0.079283
v -0.369269 0.310713 -0.079282
v -0.345990 0.310713 0.079283
v -0.386677 0.310713 -0.080515
v -0.386677 0.310713 0.080516
v -0.409954 0.310713 -0.080515
v -0.409954 0.310713 0.080516
v -0.550362 0.310713 -0.089183
v -0.550362 0.310713 0.089183
v -0.573640 0.310713 -0.089183
v -0.573640 0.310713 0.089183
v -0.468991 0.310713 -0.084295
v -0.492268 0.310713 0.084296
v -0.492268 0.310713 -0.084295
v -0.468990 0.310713 0.084296
v -0.509675 0.310713 -0.086769
v -0.509675 0.310713 0.086769
v -0.532953 0.310713 -0.086769
v -0.532953 0.310713 0.086769
v -0.409954 0.310713 -0.080515
v -0.409954 0.310713 0.080516
v -0.380736 0.368389 -0.062943
v -0.380736 0.368389 0.062944
v -0.357458 0.368389 0.062944
v -0.386677 0.310713 -0.080515
v -0.357458 0.368389 -0.062943
v -0.386677 0.310713 0.080516
v -0.369269 0.310713 -0.079282
v -0.369267 0.310713 0.079283
v -0.340050 0.368389 -0.061979
v -0.340050 0.368389 0.061980
v -0.398144 0.368389 -0.064527
v -0.427361 0.310713 0.082541
v -0.427361 0.310713 -0.082541
v -0.398144 0.368389 0.064528
v -0.327641 0.310713 -0.077119
v -0.298422 0.368389 0.060289
v -0.298422 0.368389 -0.060289
v -0.327640 0.310713 0.077120
v -0.439772 0.368389 -0.065898
v -0.468990 0.310713 0.084296
v -0.468991 0.310713 -0.084295
v -0.439772 0.368389 0.065899
v -0.286954 0.310713 -0.072951
v -0.257736 0.368389 0.057030
v -0.257736 0.368389 -0.057030
v -0.286954 0.310713 0.072951
v -0.480458 0.368389 -0.067832
v -0.509675 0.310713 0.086769
v -0.509675 0.310713 -0.086769
v -0.480458 0.368389 0.067833
v -0.246269 0.310713 -0.072951
v -0.217050 0.368389 0.057030
v -0.217050 0.368389 -0.057030
v -0.246269 0.310713 0.072951
v -0.521144 0.368389 -0.069719
v -0.550362 0.310713 0.089183
v -0.550362 0.310713 -0.089183
v -0.521144 0.368389 0.069720
vn 0.8921 -0.4519 -0.0000
vn -0.8921 0.4519 -0.0000
vn -0.8921 0.4519 0.0003
vn -0.0000 0.3198 -0.9475
vn -0.0000 0.3201 -0.9474
vn -0.0001 0.3202 -0.9474
vn -0.0000 0.3201 0.9474
vn -0.0000 0.3202 0.9474
vn -0.0000 0.3197 0.9475
vn -0.0001 0.3123 -0.9500
vn -0.0002 0.3125 -0.9499
vn -0.0000 0.3119 -0.9501
vn -0.0000 0.3119 0.9501
vn -0.0000 0.3039 -0.9527
vn -0.0000 0.3043 -0.9526
vn -0.0000 0.3044 -0.9525
vn -0.0000 0.3039 0.9527
vn -0.0001 0.3043 0.9526
vn -0.0000 0.2981 -0.9545
vn -0.0000 0.2981 0.9545
vn -0.0000 0.2919 -0.9564
vn -0.0000 0.2914 -0.9566
vn -0.0000 0.2914 0.9566
vn -0.0000 0.2874 -0.9578
vn -0.0000 0.2873 -0.9578
vn -0.0000 0.2877 0.9577
vn -0.0000 0.2874 0.9578
vn -0.0000 0.2801 -0.9600
vn -0.0000 0.2801 0.9600
vn -0.0000 0.2661 -0.9639
vn -0.0000 0.2661 0.9639
vn -0.8921 0.4519 0.0005
vn -0.0000 1.0000 -0.0000
vn -0.0000 1.0000 0.0003
vn -0.0000 -1.0000 -0.0000
vn -0.0000 -1.0000 0.0003
vn 0.8921 -0.4519 0.0003
vt 0.625000 0.750000
vt 0.500000 0.500000
vt 0.625000 0.500000
vt 0.500000 0.750000
vt 0.500000 0.250000
vt 0.500000 0.000000
vt 0.625000 0.250000
vt 0.625000 0.000000
vt 0.625000 1.000000
vt 0.500000 1.000000
vt 0.875000 0.500000
vt 0.875000 0.750000
s 1
f 745/63/531 746/64/531 747/65/531
f 746/64/531 745/63/531 748/66/531
f 749/67/532 750/68/533 751/69/532
f 751/69/532 750/68/533 752/70/532
f 753/63/531 754/64/531 755/65/531
f 754/64/531 753/63/531 756/66/531
f 757/67/532 758/68/532 759/69/532
f 759/69/532 758/68/532 760/70/532
f 761/63/531 762/64/531 763/65/531
f 762/64/531 761/63/531 764/66/531
f 765/67/532 766/70/532 767/69/532
f 766/70/532 765/67/532 768/68/532
f 769/64/534 770/69/535 771/65/535
f 770/69/535 769/64/534 772/67/536
f 773/71/537 774/72/538 775/66/537
f 775/66/537 776/63/539 773/71/537
f 777/64/540 778/69/541 779/65/542
f 778/69/541 777/64/540 780/67/542
f 781/71/543 782/72/543 783/66/543
f 783/66/543 784/63/543 781/71/543
f 785/64/544 786/69/545 787/65/546
f 786/69/545 785/64/544 788/67/546
f 789/71/547 790/72/548 791/66/547
f 791/66/547 792/63/548 789/71/547
f 793/64/549 794/69/549 795/65/549
f 794/69/549 793/64/549 796/67/549
f 797/71/550 798/72/550 799/66/550
f 799/66/550 800/63/550 797/71/550
f 801/64/551 802/69/551 803/65/552
f 802/69/551 801/64/551 804/67/552
f 805/71/553 806/72/553 807/66/553
f 807/66/553 808/63/553 805/71/553
f 809/64/554 810/69/554 811/65/554
f 810/69/554 809/64/554 812/67/555
f 813/71/556 814/72/557 815/66/557
f 815/66/557 816/63/557 813/71/556
f 817/64/558 818/69/558 819/65/558
f 818/69/558 817/64/558 820/67/558
f 821/71/559 822/72/559 823/66/559
f 823/66/559 824/63/559 821/71/559
f 825/64/560 826/69/560 827/65/560
f 826/69/560 825/64/560 828/67/560
f 829/64/560 830/69/560 831/65/560
f 830/69/560 829/64/560 832/67/560
f 833/71/561 834/72/561 835/66/561
f 835/66/561 836/63/561 833/71/561
f 837/71/561 838/72/561 839/66/561
f 839/66/561 840/63/561 837/71/561
f 841/65/531 842/66/531 843/64/531
f 842/66/531 841/65/531 844/63/531
f 845/67/532 846/68/533 847/69/532
f 847/69/532 846/68/533 848/70/562
f 849/73/563 850/74/563 851/65/563
f 851/65/563 850/74/563 852/63/563
f 853/74/563 854/65/563 855/73/563
f 854/65/563 853/74/563 856/63/563
f 857/74/563 858/65/563 859/73/563
f 858/65/563 857/74/563 860/63/563
f 861/74/563 862/65/563 863/73/563
f 862/65/563 861/74/563 864/63/563
f 865/74/563 866/65/563 867/73/563
f 866/65/563 865/74/563 868/63/563
f 869/73/563 870/74/563 871/65/563
f 871/65/563 870/74/563 872/63/563
f 873/73/563 874/74/563 875/65/563
f 875/65/563 874/74/563 876/63/563
f 877/73/563 878/74/563 879/65/563
f 879/65/563 878/74/563 880/63/563
f 881/73/564 882/74/563 883/65/563
f 883/65/563 882/74/563 884/63/564
f 885/64/565 886/68/565 887/67/565
f 886/68/565 885/64/565 888/66/565
f 889/64/565 890/66/565 891/67/565
f 891/67/565 890/66/565 892/68/565
f 893/64/565 894/66/565 895/67/565
f 895/67/565 894/66/565 896/68/565
f 897/64/565 898/66/565 899/67/565
f 899/67/565 898/66/565 900/68/565
f 901/64/565 902/68/565 903/67/565
f 902/68/565 901/64/565 904/66/566
f 905/64/565 906/66/565 907/67/565
f 907/67/565 906/66/565 908/68/565
f 909/64/565 910/66/565 911/67/565
f 911/67/565 910/66/565 912/68/565
f 913/64/565 914/68/565 915/67/565
f 914/68/565 913/64/565 916/66/565
f 917/64/565 918/66/565 919/67/565
f 919/67/565 918/66/565 920/68/565
f 921/67/533 922/68/532 923/69/532
f 923/69/532 922/68/532 924/70/532
f 925/63/531 926/64/531 927/65/531
f 926/64/531 925/63/531 928/66/531
f 929/67/532 930/68/532 931/69/532
f 931/69/532 930/68/532 932/70/532
f 933/65/531 934/66/531 935/64/531
f 934/66/531 933/65/531 936/63/531
f 937/67/532 938/70/532 939/69/532
f 938/70/532 937/67/532 940/68/532
f 941/65/531 942/66/531 943/64/531
f 942/66/531 941/65/531 944/63/531
f 945/67/532 946/70/532 947/69/532
f 946/70/532 945/67/532 948/68/532
f 949/65/531 950/66/531 951/64/531
f 950/66/531 949/65/531 952/63/531
f 953/67/532 954/70/532 955/69/532
f 954/70/532 953/67/532 956/68/532
f 957/65/531 958/66/531 959/64/531
f 958/66/531 957/65/531 960/63/567
o RenderMesh_71235519196880
v 0.100362 -0.009990 -0.090213
v 0.134953 -0.009990 -0.090213
v 0.117658 -0.017244 -0.090213
v 0.093198 0.007521 -0.090213
v 0.142117 0.007521 -0.090213
v 0.134953 0.025032 -0.090213
v 0.100362 0.025033 -0.090213
v 0.117658 0.032286 -0.090213
v 0.100362 0.025032 0.090213
v 0.134953 0.025032 0.090213
v 0.117658 0.032286 0.090213
v 0.142117 0.007521 0.090213
v 0.093198 0.007521 0.090213
v 0.100362 -0.009990 0.090213
v 0.134953 -0.009990 0.090213
v 0.117658 -0.017244 0.090213
v -0.443789 -0.338410 -0.087588
v -0.465408 -0.286218 -0.087587
v -0.443789 -0.295173 -0.087587
v -0.434834 -0.316792 -0.087587
v -0.465408 -0.347365 -0.087587
v -0.487027 -0.338410 -0.087587
v -0.487027 -0.295173 -0.087587
v -0.495982 -0.316792 -0.087587
v -0.443789 -0.338410 0.087589
v -0.443789 -0.295173 0.087589
v -0.465408 -0.347365 0.087589
v -0.434834 -0.316792 0.087589
v -0.465408 -0.286218 0.087589
v -0.487027 -0.295173 0.087589
v -0.487027 -0.338410 0.087589
v -0.495982 -0.316792 0.087589
v -0.845677 -0.468292 -0.041635
v -0.867296 -0.459337 -0.041635
v -0.824058 -0.459337 -0.041635
v -0.824058 -0.416099 -0.041635
v -0.815103 -0.437718 -0.041635
v -0.867296 -0.416099 -0.041635
v -0.845677 -0.407144 -0.041635
v -0.876251 -0.437718 -0.041635
v -0.824058 -0.459337 0.041636
v -0.867296 -0.459337 0.041636
v -0.845677 -0.468292 0.041636
v -0.824058 -0.416099 0.041636
v -0.815103 -0.437718 0.041636
v -0.867296 -0.416099 0.041636
v -0.845677 -0.407144 0.041636
v -0.876251 -0.437718 0.041636
v -0.465408 -0.286218 0.087589
v -0.465408 -0.286218 -0.087587
v -0.487027 -0.295173 -0.087587
v -0.443789 -0.295173 0.087589
v -0.487027 -0.295173 0.087589
v -0.443789 -0.295173 -0.087587
v -0.495982 -0.316792 -0.087587
v -0.434834 -0.316792 0.087589
v -0.495982 -0.316792 0.087589
v -0.434834 -0.316792 -0.087587
v -0.487027 -0.338410 -0.087587
v -0.443789 -0.338410 0.087589
v -0.487027 -0.338410 0.087589
v -0.443789 -0.338410 -0.087588
v -0.465408 -0.347365 -0.087587
v -0.465408 -0.347365 0.087589
v 0.134953 0.025032 0.090213
v 0.134953 0.025032 -0.090213
v 0.117658 0.032286 -0.090213
v 0.142117 0.007521 0.090213
v 0.117658 0.032286 0.090213
v 0.142117 0.007521 -0.090213
v 0.100362 0.025033 -0.090213
v 0.134953 -0.009990 0.090213
v 0.100362 0.025032 0.090213
v 0.134953 -0.009990 -0.090213
v 0.093198 0.007521 -0.090213
v 0.117658 -0.017244 0.090213
v 0.093198 0.007521 0.090213
v 0.117658 -0.017244 -0.090213
v 0.100362 -0.009990 -0.090213
v 0.100362 -0.009990 0.090213
v -0.845677 -0.407144 0.041636
v -0.845677 -0.407144 -0.041635
v -0.867296 -0.416099 -0.041635
v -0.824058 -0.416099 0.041636
v -0.867296 -0.416099 0.041636
v -0.824058 -0.416099 -0.041635
v -0.876251 -0.437718 -0.041635
v -0.815103 -0.437718 0.041636
v -0.876251 -0.437718 0.041636
v -0.815103 -0.437718 -0.041635
v -0.867296 -0.459337 -0.041635
v -0.824058 -0.459337 0.041636
v -0.867296 -0.459337 0.041636
v -0.824058 -0.459337 -0.041635
v -0.845677 -0.468292 -0.041635
v -0.845677 -0.468292 0.041636
vn 0.0005 0.0005 -1.0000
vn 0.0005 0.0005 1.0000
vn 0.0003 0.0003 -1.0000
vn 0.0005 1.0000 0.0005
vn -0.7071 0.7071 -0.0000
vn 0.7071 0.7071 -0.0000
vn -1.0000 0.0005 0.0005
vn 1.0000 0.0005 0.0005
vn -0.7071 -0.7071 -0.0000
vn 0.7071 -0.7071 -0.0000
vn 0.7071 -0.7071 0.0006
vn 0.0005 -1.0000 0.0005
vn 0.7101 0.7041 0.0003
vn 0.7102 0.7040 -0.0000
vn -0.7102 0.7040 -0.0000
vn 0.7102 -0.7040 -0.0000
vn -0.7102 -0.7040 -0.0000
vn 0.7071 0.7071 0.0003
vt 0.000000 0.000000
s 1
f 961/75/568 962/75/568 963/75/568
f 962/75/568 961/75/568 964/75/568
f 964/75/568 965/75/568 962/75/568
f 964/75/568 966/75/568 965/75/568
f 966/75/568 964/75/568 967/75/568
f 966/75/568 967/75/568 968/75/568
f 969/75/569 970/75/569 971/75/569
f 969/75/569 972/75/569 970/75/569
f 973/75/569 972/75/569 969/75/569
f 972/75/569 973/75/569 974/75/569
f 974/75/569 975/75/569 972/75/569
f 975/75/569 974/75/569 976/75/569
f 977/75/568 978/75/568 979/75/568
f 977/75/568 979/75/568 980/75/570
f 981/75/568 978/75/568 977/75/568
f 978/75/568 981/75/568 982/75/568
f 982/75/568 983/75/568 978/75/568
f 983/75/568 982/75/568 984/75/568
f 985/75/569 986/75/569 987/75/569
f 986/75/569 985/75/569 988/75/569
f 989/75/569 987/75/569 986/75/569
f 987/75/569 989/75/569 990/75/569
f 990/75/569 991/75/569 987/75/569
f 991/75/569 990/75/569 992/75/569
f 993/75/568 994/75/568 995/75/568
f 996/75/568 995/75/568 994/75/568
f 995/75/568 996/75/568 997/75/568
f 998/75/568 996/75/568 994/75/568
f 996/75/568 998/75/568 999/75/568
f 998/75/568 994/75/568 1000/75/568
f 1001/75/569 1002/75/569 1003/75/569
f 1002/75/569 1001/75/569 1004/75/569
f 1004/75/569 1001/75/569 1005/75/569
f 1002/75/569 1004/75/569 1006/75/569
f 1006/75/569 1004/75/569 1007/75/569
f 1002/75/569 1006/75/569 1008/75/569
f 1009/75/571 1010/75/571 1011/75/572
f 1010/75/571 1009/75/571 1012/75/573
f 1011/75/572 1013/75/572 1009/75/571
f 1012/75/573 1014/75/573 1010/75/571
f 1013/75/572 1011/75/572 1015/75/574
f 1014/75/573 1012/75/573 1016/75/575
f 1015/75/574 1017/75/574 1013/75/572
f 1016/75/575 1018/75/575 1014/75/573
f 1017/75/574 1015/75/574 1019/75/576
f 1018/75/575 1016/75/575 1020/75/577
f 1019/75/576 1021/75/576 1017/75/574
f 1020/75/577 1022/75/578 1018/75/575
f 1021/75/576 1019/75/576 1023/75/579
f 1020/75/577 1023/75/579 1022/75/578
f 1023/75/579 1024/75/579 1021/75/576
f 1023/75/579 1020/75/577 1024/75/579
f 1025/75/580 1026/75/581 1027/75/571
f 1026/75/581 1025/75/580 1028/75/575
f 1027/75/571 1029/75/571 1025/75/580
f 1028/75/575 1030/75/575 1026/75/581
f 1029/75/571 1027/75/571 1031/75/582
f 1030/75/575 1028/75/575 1032/75/583
f 1031/75/582 1033/75/582 1029/75/571
f 1032/75/583 1034/75/583 1030/75/575
f 1033/75/582 1031/75/582 1035/75/574
f 1034/75/583 1032/75/583 1036/75/579
f 1035/75/574 1037/75/574 1033/75/582
f 1036/75/579 1038/75/579 1034/75/583
f 1037/75/574 1035/75/574 1039/75/584
f 1038/75/579 1036/75/579 1040/75/584
f 1039/75/584 1040/75/584 1037/75/574
f 1040/75/584 1039/75/584 1038/75/579
f 1041/75/571 1042/75/571 1043/75/572
f 1042/75/571 1041/75/571 1044/75/585
f 1043/75/572 1045/75/572 1041/75/571
f 1044/75/585 1046/75/573 1042/75/571
f 1045/75/572 1043/75/572 1047/75/574
f 1046/75/573 1044/75/585 1048/75/575
f 1047/75/574 1049/75/574 1045/75/572
f 1048/75/575 1050/75/575 1046/75/573
f 1049/75/574 1047/75/574 1051/75/576
f 1050/75/575 1048/75/575 1052/75/577
f 1051/75/576 1053/75/576 1049/75/574
f 1052/75/577 1054/75/577 1050/75/575
f 1053/75/576 1051/75/576 1055/75/579
f 1054/75/577 1052/75/577 1056/75/579
f 1055/75/579 1056/75/579 1053/75/576
f 1056/75/579 1055/75/579 1054/75/577
o RenderMesh_72139195985670
v -0.652748 -0.002714 -0.073497
v -0.671112 0.052395 0.073497
v -0.671112 0.052395 -0.073497
v -0.652748 -0.002714 0.073497
v -0.659793 -0.067878 -0.073497
v -0.659793 -0.067878 0.073497
v -0.735178 -0.247023 -0.073497
v -0.735178 -0.247023 0.073497
v -0.724508 -0.362312 -0.073497
v -0.724508 -0.362312 0.073497
v -0.405317 -0.362312 0.073497
v -0.405317 -0.362312 -0.073497
v -0.686670 0.129687 -0.083520
v -0.671112 0.052395 -0.073497
v -0.686670 0.129687 0.083520
v 0.735178 0.348108 -0.034253
v 0.735178 0.362312 0.000039
v 0.735178 0.342914 0.000039
v 0.735178 0.348108 0.034332
v 0.735178 0.334391 -0.020536
v 0.735178 0.334391 0.020614
v 0.735178 0.313816 0.029137
v 0.735178 0.313816 0.048536
v 0.735178 0.313816 -0.029059
v 0.735178 0.313816 -0.048457
v 0.735178 0.279523 -0.034253
v 0.735178 0.293240 -0.020536
v 0.735178 0.265319 0.000039
v 0.735178 0.284718 0.000039
v 0.735178 0.293240 0.020614
v 0.735178 0.279523 0.034332
v 0.735178 0.313816 0.029137
v 0.735178 0.313816 0.048536
v 0.714530 0.342914 0.000039
v 0.735178 0.342914 0.000039
v 0.714530 0.334391 0.020614
v 0.735178 0.334391 -0.020536
v 0.735178 0.334391 0.020614
v 0.714530 0.334391 -0.020536
v 0.714530 0.313816 0.029137
v 0.735178 0.313816 0.029137
v 0.735178 0.313816 -0.029059
v 0.714530 0.313816 -0.029059
v 0.735178 0.293240 -0.020536
v 0.714530 0.293240 -0.020536
v 0.735178 0.284718 0.000039
v 0.714530 0.284718 0.000039
v 0.735178 0.293240 0.020614
v 0.714530 0.293240 0.020614
v 0.714530 0.313816 0.029137
v 0.735178 0.313816 0.029137
v 0.504100 0.212888 0.000039
v 0.504100 0.177750 0.039678
v 0.504100 0.177750 0.000039
v 0.504100 0.212888 0.039678
v 0.504100 0.155327 0.028067
v 0.504100 0.146040 0.000039
v 0.504100 0.177750 0.000039
v 0.504100 0.155327 -0.027989
v 0.504100 0.177750 0.000039
v 0.504100 0.177750 -0.039599
v 0.504100 0.177750 0.000039
v 0.504100 0.212888 -0.039599
v 0.504100 0.212888 0.000039
v 0.456477 0.211687 -0.058463
v 0.456477 0.129687 0.058463
v 0.456477 0.129687 -0.058463
v 0.456477 0.211687 0.058463
v -0.176987 0.279523 -0.034253
v -0.176987 0.348108 -0.034253
v -0.176987 0.313816 -0.048457
v -0.176987 0.362312 0.000039
v -0.176987 0.265319 0.000039
v -0.176987 0.279523 0.034332
v -0.176987 0.348108 0.034332
v -0.176987 0.313816 0.048536
v 0.185415 -0.034312 -0.073497
v 0.025632 -0.034312 0.073497
v 0.025632 -0.034312 -0.073497
v 0.185415 -0.034312 0.073497
v -0.110118 0.052395 -0.073497
v -0.242112 0.052395 0.073497
v -0.242112 0.052395 -0.073497
v -0.110118 0.052395 0.073497
v -0.021518 0.052395 -0.073497
v -0.021518 0.052395 0.073497
v 0.025632 -0.034312 -0.073497
v 0.025632 -0.034312 0.073497
v 0.185415 -0.034312 -0.073497
v 0.232565 0.052395 -0.073497
v 0.185415 -0.034312 0.073497
v 0.232565 0.052395 0.073497
v 0.281765 0.129687 -0.083520
v 0.281765 0.129687 0.083520
v 0.232565 0.052395 -0.073497
v 0.396681 0.129687 0.083520
v 0.281765 0.129687 0.083520
v 0.396681 0.129687 -0.083520
v 0.456477 0.129687 0.058463
v 0.456477 0.129687 -0.058463
v 0.396681 0.129687 0.083520
v -0.290517 0.129687 -0.083520
v -0.671112 0.052395 -0.073497
v -0.686670 0.129687 -0.083520
v -0.242112 0.052395 -0.073497
v -0.671112 0.052395 0.073497
v -0.242112 0.052395 0.073497
v -0.290517 0.129687 0.083520
v -0.686670 0.129687 0.083520
v -0.110118 0.129687 0.083520
v -0.242112 0.052395 0.073497
v -0.110118 0.052395 0.073497
v -0.290517 0.129687 0.083520
v -0.021518 0.052395 0.073497
v 0.003082 0.129687 0.083520
v 0.232565 0.052395 0.073497
v 0.281765 0.129687 0.083520
v 0.185415 -0.034312 0.073497
v 0.025632 -0.034312 0.073497
v -0.290517 0.129687 -0.083520
v -0.110118 0.129687 -0.083520
v -0.242112 0.052395 -0.073497
v -0.110118 0.052395 -0.073497
v -0.021518 0.052395 -0.073497
v 0.003082 0.129687 -0.083520
v 0.232565 0.052395 -0.073497
v 0.281765 0.129687 -0.083520
v 0.025632 -0.034312 -0.073497
v 0.185415 -0.034312 -0.073497
v -0.290517 0.162487 -0.083520
v -0.686670 0.129687 -0.083520
v -0.694427 0.162487 -0.083520
v -0.290517 0.129687 -0.083520
v -0.686670 0.129687 0.083520
v -0.290517 0.129687 0.083520
v -0.290517 0.162487 0.083520
v -0.694427 0.162487 0.083520
v -0.290517 0.162487 0.083520
v -0.672155 0.211687 0.083520
v -0.694427 0.162487 0.083520
v -0.290517 0.211687 0.083520
v -0.672155 0.211687 -0.083520
v -0.290517 0.211687 -0.083520
v -0.290517 0.162487 -0.083520
v -0.694427 0.162487 -0.083520
v -0.110118 0.162487 -0.083520
v -0.290517 0.129687 -0.083520
v -0.290517 0.162487 -0.083520
v -0.110118 0.129687 -0.083520
v 0.003082 0.129687 -0.083520
v 0.281765 0.129687 -0.083520
v -0.110118 0.211687 -0.083520
v -0.290517 0.211687 -0.083520
v 0.298165 0.211687 -0.083520
v 0.396681 0.129687 -0.083520
v 0.396681 0.211687 -0.083520
v 0.456477 0.211687 -0.058463
v 0.456477 0.129687 -0.058463
v -0.110118 0.129687 0.083520
v -0.290517 0.162487 0.083520
v -0.290517 0.129687 0.083520
v -0.110117 0.162487 0.083520
v 0.003082 0.129687 0.083520
v -0.290517 0.211687 0.083520
v 0.281765 0.129687 0.083520
v -0.110117 0.211687 0.083520
v 0.298165 0.211687 0.083520
v 0.396681 0.129687 0.083520
v 0.396681 0.211687 0.083520
v 0.456477 0.129687 0.058463
v 0.456477 0.211687 0.058463
v -0.671112 0.052395 0.073497
v -0.311443 -0.033996 0.073497
v -0.242112 0.052395 0.073497
v -0.652748 -0.002714 0.073497
v -0.659793 -0.067878 0.073497
v -0.311443 -0.033996 0.073497
v -0.652748 -0.002714 0.073497
v -0.405317 -0.362312 0.073497
v -0.735178 -0.247023 0.073497
v -0.724508 -0.362312 0.073497
v -0.671112 0.052395 -0.073497
v -0.242112 0.052395 -0.073497
v -0.311443 -0.033996 -0.073497
v -0.652748 -0.002714 -0.073497
v -0.311443 -0.033996 -0.073497
v -0.405317 -0.362312 -0.073497
v -0.659793 -0.067878 -0.073497
v -0.652748 -0.002714 -0.073497
v -0.735178 -0.247023 -0.073497
v -0.724508 -0.362312 -0.073497
v -0.672155 0.211687 -0.083520
v -0.290517 0.211687 0.083520
v -0.290517 0.211687 -0.083520
v -0.672155 0.211687 0.083520
v -0.694427 0.162487 -0.083520
v -0.672155 0.211687 0.083520
v -0.694427 0.162487 0.083520
v -0.686670 0.129687 -0.083520
v -0.686670 0.129687 0.083520
v -0.110118 0.211687 -0.083520
v -0.290517 0.211687 -0.083520
v -0.110117 0.211687 0.083520
v 0.298165 0.211687 -0.083520
v 0.298165 0.211687 0.083520
v 0.396681 0.211687 0.083520
v 0.396681 0.211687 -0.083520
v 0.396681 0.211687 0.083520
v 0.456477 0.211687 0.058463
v 0.456477 0.211687 -0.058463
v 0.379881 0.155327 0.028067
v 0.504100 0.155327 0.028067
v 0.504100 0.177750 0.039678
v 0.379881 0.146040 0.000039
v 0.379881 0.177750 0.039678
v 0.504100 0.212888 0.039678
v 0.379881 0.216333 0.039678
v 0.504100 0.146040 0.000039
v 0.379881 0.155327 -0.027989
v 0.504100 0.155327 -0.027989
v 0.379881 0.177750 -0.039599
v 0.504100 0.177750 -0.039599
v 0.504100 0.212888 -0.039599
v 0.379881 0.216333 -0.039599
v -0.176987 0.279523 0.034332
v 0.735178 0.279523 0.034332
v 0.735178 0.313816 0.048536
v -0.176987 0.313816 0.048536
v -0.176987 0.265319 0.000039
v 0.735178 0.265319 0.000039
v -0.176987 0.279523 -0.034253
v 0.735178 0.279523 -0.034253
v -0.176987 0.313816 -0.048457
v 0.735178 0.313816 -0.048457
v -0.176987 0.348108 -0.034253
v 0.735178 0.348108 -0.034253
v -0.176987 0.362312 0.000039
v 0.735178 0.362312 0.000039
v -0.176987 0.348108 0.034332
v 0.735178 0.348108 0.034332
v -0.176987 0.313816 0.048536
v 0.735178 0.313816 0.048536
v -0.311443 -0.033996 0.073497
v -0.405317 -0.362312 0.073497
v -0.311443 -0.033996 -0.073497
v -0.405317 -0.362312 -0.073497
v -0.242112 0.052395 -0.073497
v -0.242112 0.052395 0.073497
vn -0.9937 -0.1118 0.0005
vn -0.9668 -0.2555 0.0005
vn -0.9668 0.2555 0.0005
vn -0.9870 0.1607 0.0005
vn -0.2752 -0.9614 -0.0000
vn -0.2752 -0.9614 0.0005
vn 0.0005 -1.0000 0.0005
vn -0.9803 -0.1973 -0.0000
vn -0.9804 -0.1971 0.0002
vn 1.0000 0.0005 0.0005
vn 0.2321 -0.9727 0.0005
vn 0.2322 -0.6878 -0.6878
vn 0.0005 -0.7071 0.7071
vn 0.0004 -0.7071 -0.7071
vn 0.2322 -0.6879 0.6876
vn 0.2320 0.0005 -0.9727
vn 0.0005 0.0005 -1.0000
vn 0.0005 0.0005 1.0000
vn 0.2321 0.0005 0.9727
vn 0.0004 0.7071 0.7071
vn 0.2322 0.6876 0.6879
vn 0.0005 1.0000 0.0005
vn 0.2321 0.9727 0.0005
vn -0.0000 0.7071 -0.7071
vn 0.2322 0.6878 -0.6878
vn -0.0000 0.0005 -1.0000
vn -1.0000 0.0005 0.0005
vn 0.2271 -0.9739 0.0005
vn 0.2271 -0.9739 -0.0000
vn -0.2438 -0.9698 -0.0000
vn -0.2439 -0.9698 0.0005
vn -0.8788 -0.4773 0.0004
vn 0.8788 -0.4771 0.0006
vn 0.8604 -0.5096 0.0005
vn 0.8788 -0.4773 0.0004
vn 0.8604 -0.5096 -0.0000
vn 0.2212 -0.9752 0.0004
vn 0.2212 -0.9752 0.0005
vn 0.2212 -0.9752 -0.0000
vn 0.0005 -0.1283 -0.9917
vn 0.0005 -0.0679 -0.9977
vn -0.0000 -0.1286 -0.9917
vn 0.0005 -0.0904 -0.9959
vn 0.0005 -0.0679 0.9977
vn 0.0005 -0.0904 0.9959
vn 0.0005 -0.1283 0.9917
vn -0.0000 -0.1286 0.9917
vn 0.0005 -0.0884 0.9961
vn 0.0005 -0.0718 0.9974
vn 0.0006 -0.1284 -0.9917
vn 0.0005 -0.0884 -0.9961
vn 0.0005 -0.0718 -0.9974
vn 0.0002 0.0002 -1.0000
vn 0.1510 -0.0000 -0.9885
vn 0.1510 0.0005 -0.9885
vn 0.3866 0.0006 -0.9223
vn 0.3865 -0.0000 -0.9223
vn 0.0002 0.0002 1.0000
vn 0.1510 0.0005 0.9885
vn 0.1510 -0.0000 0.9885
vn 0.3865 -0.0000 0.9223
vn 0.3866 0.0006 0.9222
vn 0.0005 -0.0903 0.9959
vn 0.0005 -0.0903 -0.9959
vn -0.2494 0.9684 0.0005
vn -0.9944 0.1060 0.0005
vn -0.2495 0.9684 0.0005
vn -0.2495 0.9684 0.0004
vn -0.9732 -0.2301 0.0003
vn -0.9732 -0.2299 0.0005
vn -0.0000 -0.7607 0.6492
vn -0.0000 -0.7606 0.6492
vn 0.0007 -0.2370 0.9715
vn 0.0004 -0.2369 0.9715
vn -0.0000 -0.7606 -0.6492
vn 0.0004 -0.2368 -0.9715
vn 0.0004 -0.2369 -0.9715
vn -0.0000 -0.7071 0.7071
vn 0.0005 -0.7071 -0.7071
vn -0.0000 -0.7071 -0.7071
vn 0.0003 0.7071 0.7071
vn -0.0000 0.7071 0.7071
vn 0.8794 -0.4761 0.0005
vn 0.9615 -0.2749 0.0005
vt 0.375000 0.750000
vt 0.375000 0.500000
vt 0.363200 0.750000
vt 0.363200 0.500000
vt 0.312500 0.500000
vt 0.312500 0.750000
vt 0.250000 0.750000
vt 0.125000 0.750000
vt 0.000000 0.750000
vt 0.500000 0.750000
vt 0.625000 0.750000
vt 0.750000 0.750000
vt 0.875000 0.750000
vt 1.000000 0.750000
vt 1.000000 0.500000
vt 0.875000 0.500000
vt 0.750000 0.500000
vt 0.625000 0.500000
vt 0.500000 0.500000
vt 0.375000 0.812500
vt 0.375000 0.437500
vt 0.419706 0.080294
vt 0.080294 0.080294
vt 0.250000 0.010000
vt 0.010000 0.250000
vt 0.490000 0.250000
vt 0.419706 0.419706
vt 0.080294 0.419706
vt 0.250000 0.490000
vt 0.375000 0.488200
vt 0.375000 0.761800
vt 0.875000 1.000000
vt 0.750000 1.000000
vt 1.000000 1.000000
vt 0.625000 1.000000
vt 0.500000 1.000000
vt 0.375000 1.000000
vt 0.250000 1.000000
vt 0.125000 1.000000
vt 0.000000 1.000000
s 1
f 1057/76/586 1058/77/587 1059/76/587
f 1058/77/587 1057/76/586 1060/77/586
f 1061/76/588 1060/77/586 1057/76/586
f 1060/77/586 1061/76/588 1062/77/588
f 1063/76/589 1062/77/588 1061/76/588
f 1062/77/588 1063/76/589 1064/77/589
f 1063/76/589 1065/78/590 1064/77/589
f 1065/78/590 1066/79/591 1064/77/589
f 1065/78/590 1067/80/592 1066/79/591
f 1065/78/590 1068/81/592 1067/80/592
f 1058/77/587 1069/76/593 1070/76/587
f 1069/76/593 1058/77/587 1071/77/594
f 1072/76/595 1073/82/595 1074/82/595
f 1075/83/595 1074/82/595 1073/82/595
f 1072/76/595 1074/82/595 1076/76/595
f 1074/82/595 1075/83/595 1077/83/595
f 1075/83/595 1078/84/595 1077/83/595
f 1078/84/595 1075/83/595 1079/84/595
f 1080/85/595 1072/76/595 1076/76/595
f 1072/76/595 1080/85/595 1081/85/595
f 1082/86/595 1081/85/595 1080/85/595
f 1083/86/595 1082/86/595 1080/85/595
f 1084/87/595 1082/86/595 1083/86/595
f 1084/87/595 1083/86/595 1085/87/595
f 1086/88/595 1084/87/595 1085/87/595
f 1084/87/595 1086/88/595 1087/88/595
f 1088/89/595 1087/88/595 1086/88/595
f 1087/88/595 1088/89/595 1089/89/595
f 1090/82/596 1091/82/592 1092/83/597
f 1093/76/598 1091/82/592 1090/82/596
f 1091/82/592 1094/83/599 1092/83/597
f 1095/76/600 1093/76/598 1090/82/596
f 1092/83/597 1095/76/600 1090/82/596
f 1092/83/597 1094/83/599 1096/84/601
f 1094/83/599 1097/84/602 1096/84/601
f 1098/85/603 1093/76/598 1095/76/600
f 1099/85/604 1098/85/603 1095/76/600
f 1100/86/605 1098/85/603 1099/85/604
f 1101/86/606 1100/86/605 1099/85/604
f 1095/76/600 1101/86/606 1099/85/604
f 1101/86/606 1102/87/607 1100/86/605
f 1101/86/606 1095/76/600 1103/87/608
f 1102/87/607 1101/86/606 1103/87/608
f 1103/87/608 1095/76/600 1092/83/597
f 1103/87/608 1104/88/609 1102/87/607
f 1103/87/608 1092/83/597 1105/88/610
f 1104/88/609 1103/87/608 1105/88/610
f 1105/88/610 1092/83/597 1106/89/601
f 1107/89/611 1104/88/609 1105/88/610
f 1106/89/601 1107/89/611 1105/88/610
f 1108/90/595 1109/90/595 1110/90/595
f 1109/90/595 1108/90/595 1111/90/595
f 1109/90/595 1112/91/595 1110/90/595
f 1112/91/595 1113/92/595 1114/91/595
f 1113/92/595 1115/93/595 1116/92/595
f 1115/93/595 1117/94/595 1118/93/595
f 1119/94/595 1118/93/595 1117/94/595
f 1118/93/595 1119/94/595 1120/93/595
f 1121/95/595 1122/96/595 1123/95/595
f 1122/96/595 1121/95/595 1124/96/595
f 1125/97/612 1126/98/612 1127/99/612
f 1125/97/612 1128/100/612 1126/98/612
f 1129/101/612 1128/100/612 1125/97/612
f 1128/100/612 1129/101/612 1130/102/612
f 1128/100/612 1130/102/612 1131/103/612
f 1131/103/612 1130/102/612 1132/104/612
f 1133/95/592 1134/96/592 1135/95/592
f 1134/96/592 1133/95/592 1136/96/592
f 1137/95/592 1138/96/613 1139/95/614
f 1138/96/613 1137/95/592 1140/96/592
f 1141/95/615 1140/96/592 1137/95/592
f 1140/96/592 1141/95/615 1142/96/616
f 1143/95/617 1142/96/616 1141/95/615
f 1142/96/616 1143/95/617 1144/96/617
f 1145/95/618 1146/95/619 1147/96/620
f 1146/95/619 1148/96/621 1147/96/620
f 1148/96/619 1149/95/622 1150/96/623
f 1149/95/622 1148/96/619 1151/95/619
f 1149/95/624 1152/96/592 1153/96/623
f 1154/95/592 1152/96/592 1149/95/624
f 1155/96/592 1154/95/592 1156/95/592
f 1154/95/592 1155/96/592 1157/96/592
f 1158/95/625 1159/76/626 1160/76/627
f 1159/76/626 1158/95/625 1161/95/628
f 1162/77/629 1163/96/630 1164/96/631
f 1162/77/629 1164/96/631 1165/77/632
f 1166/96/631 1167/96/630 1168/96/631
f 1167/96/630 1166/96/631 1169/96/632
f 1170/96/633 1166/96/631 1168/96/631
f 1166/96/631 1170/96/633 1171/96/631
f 1172/96/634 1171/96/631 1170/96/633
f 1171/96/631 1172/96/634 1173/96/632
f 1170/96/633 1174/96/603 1172/96/634
f 1174/96/603 1170/96/633 1175/96/603
f 1176/95/635 1177/95/625 1178/95/628
f 1178/95/628 1177/95/625 1179/95/625
f 1177/95/625 1180/95/636 1179/95/625
f 1180/95/636 1177/95/625 1181/95/625
f 1181/95/625 1182/95/637 1180/95/636
f 1182/95/637 1181/95/625 1183/95/627
f 1182/95/637 1184/95/602 1180/95/636
f 1184/95/602 1182/95/637 1185/95/602
f 1186/95/602 1187/76/602 1188/76/602
f 1187/76/602 1186/95/602 1189/95/602
f 1190/77/603 1191/96/603 1192/96/603
f 1190/77/603 1192/96/603 1193/77/603
f 1194/96/603 1195/77/603 1196/77/603
f 1195/77/603 1194/96/603 1197/96/603
f 1198/76/602 1199/95/602 1200/95/602
f 1198/76/602 1200/95/602 1201/76/602
f 1202/95/638 1203/95/602 1204/95/602
f 1203/95/602 1202/95/638 1205/95/602
f 1205/95/602 1202/95/638 1206/95/602
f 1202/95/638 1207/95/602 1206/95/602
f 1204/95/602 1208/95/602 1202/95/638
f 1208/95/602 1207/95/602 1202/95/638
f 1208/95/602 1204/95/602 1209/95/602
f 1207/95/602 1208/95/602 1210/95/602
f 1210/95/602 1211/95/639 1207/95/602
f 1211/95/639 1210/95/602 1212/95/640
f 1213/95/641 1211/95/639 1212/95/640
f 1211/95/639 1213/95/641 1214/95/642
f 1215/96/603 1216/96/603 1217/96/603
f 1216/96/603 1215/96/603 1218/96/643
f 1219/96/603 1218/96/643 1215/96/603
f 1218/96/643 1220/96/603 1216/96/603
f 1221/96/603 1218/96/643 1219/96/603
f 1220/96/603 1218/96/643 1222/96/603
f 1221/96/603 1222/96/603 1218/96/643
f 1222/96/603 1221/96/603 1223/96/603
f 1224/96/644 1223/96/603 1221/96/603
f 1223/96/603 1224/96/644 1225/96/645
f 1226/96/646 1225/96/645 1224/96/644
f 1225/96/645 1226/96/646 1227/96/647
f 1228/77/629 1229/96/603 1230/96/648
f 1229/96/603 1228/77/629 1231/77/603
f 1232/77/603 1233/96/603 1234/77/603
f 1233/96/603 1232/77/603 1235/96/603
f 1236/77/603 1235/96/603 1232/77/603
f 1237/105/603 1235/96/603 1236/77/603
f 1238/76/626 1239/95/649 1240/95/602
f 1238/76/626 1240/95/602 1241/76/602
f 1242/95/602 1243/95/602 1244/76/602
f 1242/95/602 1244/76/602 1245/76/602
f 1243/95/602 1246/76/602 1244/76/602
f 1246/76/602 1243/95/602 1247/106/602
f 1248/76/650 1249/96/607 1250/95/607
f 1249/96/607 1248/76/650 1251/77/650
f 1252/76/651 1253/77/652 1248/76/653
f 1253/77/652 1252/76/651 1254/77/651
f 1255/76/654 1254/77/651 1252/76/651
f 1254/77/651 1255/76/654 1256/77/655
f 1249/96/607 1257/95/607 1258/95/607
f 1257/95/607 1249/96/607 1259/96/607
f 1259/96/607 1260/95/607 1257/95/607
f 1260/95/607 1259/96/607 1261/96/607
f 1260/95/607 1261/96/607 1262/96/607
f 1263/95/607 1260/95/607 1262/96/607
f 1263/95/607 1264/96/607 1265/96/607
f 1265/96/607 1266/95/607 1263/95/607
f 1267/107/656 1268/91/657 1269/90/658
f 1270/108/592 1268/91/657 1267/107/656
f 1267/107/656 1269/90/658 1271/109/659
f 1271/109/659 1269/90/658 1272/90/603
f 1271/109/659 1272/90/603 1273/109/603
f 1270/108/592 1274/92/592 1268/91/657
f 1275/110/660 1274/92/592 1270/108/592
f 1275/110/660 1276/93/660 1274/92/592
f 1277/111/661 1276/93/660 1275/110/660
f 1277/111/661 1278/94/662 1276/93/660
f 1277/111/661 1279/94/602 1278/94/662
f 1279/94/602 1277/111/661 1280/111/602
f 1281/107/598 1282/88/663 1283/89/603
f 1281/107/598 1283/89/603 1284/109/603
f 1285/108/592 1282/88/663 1281/107/598
f 1285/108/592 1286/87/592 1282/88/663
f 1287/110/664 1286/87/592 1285/108/592
f 1287/110/664 1288/86/665 1286/87/592
f 1289/111/602 1288/86/665 1287/110/664
f 1289/111/602 1290/85/602 1288/86/665
f 1291/112/609 1290/85/602 1289/111/602
f 1291/112/609 1292/76/609 1290/85/602
f 1292/76/609 1291/112/609 1293/113/607
f 1292/76/609 1293/113/607 1294/82/607
f 1294/82/607 1293/113/607 1295/114/666
f 1294/82/607 1295/114/666 1296/83/667
f 1297/115/603 1296/83/667 1295/114/666
f 1297/115/603 1298/84/603 1296/83/667
f 1299/80/668 1300/80/669 1301/81/668
f 1302/81/669 1301/81/668 1300/80/669
f 1303/81/613 1299/80/668 1301/81/668
f 1299/80/668 1303/81/613 1304/80/614
o RenderMesh_76869179056093
v -0.725883 -0.301933 -0.051255
v -0.761899 -0.256658 -0.000912
v -0.757996 -0.257091 -0.054273
v -0.726279 -0.306572 -0.000912
v -0.761899 -0.256658 -0.000912
v -0.725883 -0.301933 0.042974
v -0.757998 -0.257091 0.045992
v -0.726279 -0.306572 -0.000912
v 0.684487 0.291498 0.000160
v 0.718383 0.257181 -0.036498
v 0.684487 0.295165 -0.024020
v 0.718447 0.250825 0.000160
v 0.684487 0.291498 0.000160
v 0.718383 0.257181 0.036818
v 0.718447 0.250825 0.000160
v 0.684487 0.295165 0.024340
v 0.718383 0.257181 -0.036498
v 0.711611 0.275448 -0.048521
v 0.684487 0.295165 -0.024020
v 0.684488 0.297329 -0.022745
v 0.684487 0.295165 0.024340
v 0.711611 0.275448 0.048841
v 0.718383 0.257181 0.036818
v 0.684488 0.297329 0.023065
v 0.618353 0.284391 0.000160
v 0.649378 0.257415 -0.025181
v 0.618353 0.288149 -0.020168
v 0.649436 0.252036 0.000160
v 0.618353 0.284391 0.000160
v 0.649378 0.257415 0.025501
v 0.649436 0.252036 0.000160
v 0.618353 0.288149 0.020488
v -0.707824 -0.080846 -0.000804
v -0.676791 -0.136317 0.052876
v -0.695914 -0.084715 0.057961
v -0.681726 -0.138261 -0.000804
v -0.677295 -0.136317 -0.044418
v -0.707824 -0.080846 -0.000804
v -0.700856 -0.084715 -0.049504
v -0.681726 -0.138261 -0.000804
v 0.553863 0.286114 0.000160
v 0.587076 0.256317 -0.024530
v 0.553865 0.289204 -0.017230
v 0.587137 0.250852 0.000160
v 0.553863 0.286114 0.000160
v 0.587076 0.256317 0.024850
v 0.587137 0.250852 0.000160
v 0.553865 0.289204 0.017550
v 0.642336 0.273987 -0.045064
v 0.618353 0.288149 -0.020168
v 0.649378 0.257415 -0.025181
v 0.618353 0.291137 -0.025877
v 0.639703 0.296162 -0.050492
v 0.618353 0.291137 -0.025877
v 0.618353 0.295538 -0.028018
v 0.642336 0.273987 0.045384
v 0.618353 0.288149 0.020488
v 0.618353 0.291137 0.026198
v 0.649378 0.257415 0.025501
v 0.618353 0.291137 0.026198
v 0.639703 0.296162 0.050812
v 0.618353 0.295538 0.028338
v 0.708952 0.300683 -0.048446
v 0.684487 0.336990 -0.045676
v 0.684488 0.300125 -0.022021
v 0.708952 0.300683 0.048766
v 0.684488 0.300125 0.022341
v 0.684487 0.336990 0.045996
v 0.618353 0.296952 0.070345
v 0.639703 0.296162 0.050812
v 0.618353 0.326989 0.043841
v -0.676878 -0.266872 0.105398
v -0.726893 -0.297083 0.075388
v -0.679759 -0.298050 0.078058
v -0.746280 -0.259339 0.098021
v -0.757998 -0.257091 0.045992
v -0.726893 -0.297083 0.075388
v -0.725883 -0.301933 0.042974
v 0.618353 0.296952 -0.070026
v 0.618353 0.326989 -0.043521
v 0.639703 0.296162 -0.050492
v 0.684488 0.301371 0.070871
v 0.711611 0.275448 0.048841
v 0.708952 0.300683 0.048766
v 0.684488 0.255129 0.069947
v 0.684488 0.301371 0.070871
v 0.684487 0.336990 0.045996
v 0.684488 0.301371 -0.070551
v 0.711611 0.275448 -0.048521
v 0.684488 0.255129 -0.069628
v 0.708952 0.300683 -0.048446
v 0.684488 0.301371 -0.070551
v 0.684487 0.336990 -0.045676
v 0.553865 0.289204 -0.017230
v 0.580539 0.271939 -0.041978
v 0.553866 0.290941 -0.020320
v 0.587076 0.256317 -0.024530
v 0.553868 0.293139 -0.021913
v 0.577970 0.293577 -0.048376
v 0.580539 0.271939 0.042298
v 0.553865 0.289204 0.017550
v 0.553866 0.290941 0.020640
v 0.587076 0.256317 0.024850
v 0.553868 0.293139 0.022233
v 0.577970 0.293577 0.048697
v -0.702075 0.009981 -0.052013
v -0.706493 0.008717 -0.000641
v -0.672179 0.067427 -0.048724
v -0.673193 0.072685 -0.000641
v -0.706493 0.008717 -0.000641
v -0.672179 0.067427 0.041226
v -0.673193 0.072685 -0.000641
v -0.702075 0.009981 0.044514
v 0.553869 0.294165 0.070752
v 0.577970 0.293577 0.048697
v 0.553892 0.324858 0.043335
v 0.553869 0.294165 -0.070432
v 0.553892 0.324858 -0.043015
v 0.577970 0.293577 -0.048376
v 0.708952 0.300683 -0.048446
v 0.684488 0.297329 -0.022745
v 0.711611 0.275448 -0.048521
v 0.684488 0.300125 -0.022021
v 0.708952 0.300683 0.048766
v 0.684488 0.297329 0.023065
v 0.684488 0.300125 0.022341
v 0.711611 0.275448 0.048841
v 0.639703 0.296162 -0.050492
v 0.618353 0.326989 -0.043521
v 0.618353 0.295538 -0.028018
v 0.639703 0.296162 0.050812
v 0.618353 0.295538 0.028338
v 0.618353 0.326989 0.043841
v 0.577970 0.293577 -0.048376
v 0.553892 0.324858 -0.043015
v 0.553868 0.293139 -0.021913
v 0.577970 0.293577 0.048697
v 0.553868 0.293139 0.022233
v 0.553892 0.324858 0.043335
v -0.623264 -0.108849 -0.111194
v -0.672455 -0.130794 -0.078136
v -0.684572 -0.088869 -0.102018
v -0.632327 -0.139750 -0.082346
v -0.672455 -0.130794 -0.078136
v -0.700856 -0.084715 -0.049504
v -0.677295 -0.136317 -0.044418
v -0.617636 -0.108850 0.107124
v -0.674296 -0.130794 0.075824
v -0.626698 -0.139750 0.078276
v -0.686414 -0.088869 0.099707
v -0.695914 -0.084715 0.057961
v -0.674296 -0.130794 0.075824
v -0.676791 -0.136317 0.052876
v 0.642336 0.273987 0.045384
v 0.618353 0.296952 0.070345
v 0.618353 0.257674 0.061786
v 0.639703 0.296162 0.050812
v 0.618353 0.296952 -0.070026
v 0.642336 0.273987 -0.045064
v 0.618353 0.257674 -0.061466
v 0.639703 0.296162 -0.050492
v -0.676878 -0.266872 -0.103482
v -0.727736 -0.297083 -0.078102
v -0.742500 -0.259339 -0.100734
v -0.679759 -0.298050 -0.076141
v -0.676878 -0.266872 -0.103482
v -0.634784 -0.271977 -0.074031
v -0.727736 -0.297083 -0.078102
v -0.757996 -0.257091 -0.054273
v -0.725883 -0.301933 -0.051255
v 0.684488 0.255129 0.069947
v 0.718383 0.257181 0.036818
v 0.711611 0.275448 0.048841
v 0.684488 0.220937 0.044012
v 0.684488 0.255129 -0.069628
v 0.718383 0.257181 -0.036498
v 0.684488 0.220937 -0.043692
v 0.711611 0.275448 -0.048521
v -0.410014 -0.225058 -0.056409
v -0.369355 -0.287237 0.000001
v -0.408766 -0.220878 0.000001
v -0.371590 -0.289924 -0.077179
v -0.369355 -0.287237 0.000001
v -0.410014 -0.225058 0.056411
v -0.408766 -0.220878 0.000001
v -0.371466 -0.289924 0.074556
v 0.718447 0.250825 0.000160
v 0.684488 0.220937 0.044012
v 0.684487 0.214248 0.000160
v 0.718383 0.257181 0.036818
v 0.718447 0.250825 0.000160
v 0.684488 0.220937 -0.043692
v 0.718383 0.257181 -0.036498
v 0.684487 0.214248 0.000160
v -0.702075 0.009981 0.044514
v -0.671266 0.063231 0.077908
v -0.672179 0.067427 0.041226
v -0.687136 0.016126 0.098957
v -0.609874 0.035434 0.102451
v -0.671266 0.063231 0.077908
v -0.619362 0.070985 0.078047
v 0.580539 0.271939 0.042298
v 0.553869 0.294165 0.070752
v 0.553839 0.254359 0.059968
v 0.577970 0.293577 0.048697
v 0.553869 0.294165 -0.070432
v 0.580539 0.271939 -0.041978
v 0.553839 0.254359 -0.059648
v 0.577970 0.293577 -0.048376
v -0.671266 0.063231 -0.079489
v -0.702075 0.009981 -0.052013
v -0.672179 0.067427 -0.048724
v -0.687136 0.016126 -0.100538
v -0.671266 0.063231 -0.079489
v -0.609874 0.035434 -0.106121
v -0.619362 0.070985 -0.081718
v 0.390110 0.109012 -0.002513
v 0.338626 0.168491 -0.002513
v 0.339290 0.157735 0.036602
v 0.385298 0.108258 0.044160
v 0.385298 0.108258 -0.043152
v 0.339290 0.157735 -0.035593
v 0.390110 0.109012 -0.002513
v 0.338626 0.168491 -0.002513
v -0.647369 -0.024314 -0.049107
v -0.706493 0.008717 -0.000641
v -0.702075 0.009981 -0.052013
v -0.645736 -0.029514 -0.000641
v -0.645736 -0.029514 -0.000641
v -0.702075 0.009981 0.044514
v -0.706493 0.008717 -0.000641
v -0.647369 -0.024314 0.041609
v 0.379509 0.112061 -0.085147
v 0.345456 0.051148 -0.046344
v 0.344022 0.077636 -0.107286
v 0.385298 0.108258 -0.043152
v 0.340721 0.135881 -0.115413
v 0.374062 0.138060 -0.088725
v 0.338126 0.181591 -0.092060
v 0.385298 0.108258 0.044160
v 0.340174 0.144183 0.053254
v 0.379509 0.112061 0.083806
v 0.339290 0.157735 0.036602
v 0.340174 0.144183 0.053254
v 0.374063 0.138060 0.086016
v 0.340855 0.133572 0.050016
v 0.338124 0.181591 0.085069
v 0.618353 0.257674 0.061786
v 0.649378 0.257415 0.025501
v 0.642336 0.273987 0.045384
v 0.618353 0.227673 0.028311
v 0.340174 0.144183 -0.054594
v 0.385298 0.108258 -0.043152
v 0.379509 0.112061 -0.085147
v 0.339290 0.157735 -0.035593
v 0.374062 0.138060 -0.088725
v 0.340855 0.133572 -0.052724
v 0.338126 0.181591 -0.092060
v 0.618353 0.257674 -0.061466
v 0.649378 0.257415 -0.025181
v 0.618353 0.227673 -0.027991
v 0.642336 0.273987 -0.045064
v 0.374063 0.138060 0.086016
v 0.338124 0.181591 0.085069
v 0.340722 0.135881 0.112705
v -0.379296 -0.115872 -0.042671
v -0.330948 -0.178730 0.008558
v -0.376446 -0.115440 0.008558
v -0.337073 -0.178138 -0.056223
v 0.287775 0.010641 0.000001
v 0.276899 0.087773 0.000001
v 0.271329 0.085369 0.082445
v 0.282171 0.008409 0.089543
v 0.282172 0.008409 -0.089541
v 0.271330 0.085370 -0.082443
v 0.287775 0.010641 0.000001
v 0.276899 0.087773 0.000001
v -0.438184 -0.244660 -0.073751
v -0.420951 -0.215948 -0.032235
v -0.465544 -0.195575 -0.077130
v -0.330948 -0.178730 0.008558
v -0.379296 -0.115872 0.038008
v -0.376446 -0.115440 0.008558
v -0.337073 -0.178138 0.048288
v -0.438184 -0.244660 0.073753
v -0.465543 -0.195575 0.075511
v -0.420951 -0.215948 0.032237
v 0.345456 0.051148 0.047352
v 0.379509 0.112061 0.083806
v 0.344024 0.077637 0.105946
v 0.385298 0.108258 0.044160
v 0.340722 0.135881 0.112705
v 0.374063 0.138060 0.086016
v -0.407350 -0.263238 0.074970
v -0.424191 -0.213078 0.101313
v -0.438184 -0.244660 0.073753
v -0.465543 -0.195575 0.075511
v -0.368283 -0.238743 0.102488
v 0.649378 0.257415 -0.025181
v 0.618352 0.222070 0.000160
v 0.618353 0.227673 -0.027991
v 0.649436 0.252036 0.000160
v 0.618352 0.222070 0.000160
v 0.649378 0.257415 0.025501
v 0.618353 0.227673 0.028311
v 0.649436 0.252036 0.000160
v -0.407350 -0.263238 -0.080019
v -0.424191 -0.213078 -0.101312
v -0.368283 -0.238743 -0.102487
v -0.438184 -0.244660 -0.073751
v -0.465544 -0.195575 -0.077130
v 0.390110 0.109012 -0.002513
v 0.345456 0.051148 0.047352
v 0.345724 0.045798 -0.002513
v 0.385298 0.108258 0.044160
v 0.345456 0.051148 -0.046344
v 0.390110 0.109012 -0.002513
v 0.345724 0.045798 -0.002513
v 0.385298 0.108258 -0.043152
v 0.553839 0.254359 0.059968
v 0.587076 0.256317 0.024850
v 0.580539 0.271939 0.042298
v 0.553817 0.225027 0.029060
v 0.553839 0.254359 -0.059648
v 0.587076 0.256317 -0.024530
v 0.553817 0.225027 -0.028740
v 0.580539 0.271939 -0.041978
v 0.553812 0.219262 0.000160
v 0.587076 0.256317 0.024850
v 0.553817 0.225027 0.029060
v 0.587137 0.250852 0.000160
v 0.587076 0.256317 -0.024530
v 0.553812 0.219262 0.000160
v 0.553817 0.225027 -0.028740
v 0.587137 0.250852 0.000160
v -0.393911 -0.145116 -0.074960
v -0.389113 -0.112323 -0.032763
v -0.435802 -0.098627 -0.076313
v -0.393911 -0.145116 0.074960
v -0.435803 -0.098627 0.076315
v -0.389113 -0.112323 0.032765
v -0.360991 -0.158998 0.081815
v -0.392702 -0.109962 0.102972
v -0.393911 -0.145116 0.074960
v -0.435803 -0.098627 0.076315
v -0.334148 -0.127253 0.104786
v -0.380088 -0.116191 0.048797
v -0.360991 -0.158998 0.081815
v -0.384882 -0.113083 0.047555
v -0.338394 -0.170282 0.074050
v -0.393911 -0.145116 0.074960
v -0.389113 -0.112323 0.032765
v -0.360991 -0.158998 0.081815
v -0.380088 -0.116191 0.048797
v -0.337073 -0.178138 0.048288
v -0.379296 -0.115872 0.038008
v -0.679759 -0.298050 -0.076141
v -0.694015 -0.265219 -0.044347
v -0.727736 -0.297083 -0.078102
v -0.678561 -0.266668 -0.036396
v -0.360991 -0.158999 -0.081813
v -0.392702 -0.109962 -0.102970
v -0.334148 -0.127253 -0.104785
v -0.393911 -0.145116 -0.074960
v -0.435802 -0.098627 -0.076313
v 0.236595 0.046300 0.119250
v 0.271329 0.085369 0.082445
v 0.237398 0.099982 0.091885
v 0.282171 0.008409 0.089543
v 0.237398 0.099982 -0.091883
v 0.271330 0.085370 -0.082443
v 0.236597 0.046299 -0.119250
v 0.282172 0.008409 -0.089541
v -0.360991 -0.158999 -0.081813
v -0.380088 -0.116191 -0.050867
v -0.384882 -0.113083 -0.047553
v -0.340302 -0.170282 -0.077974
v -0.393911 -0.145116 -0.074960
v -0.360991 -0.158999 -0.081813
v -0.389113 -0.112323 -0.032763
v -0.337073 -0.178138 -0.056223
v -0.380088 -0.116191 -0.050867
v -0.379296 -0.115872 -0.042671
v -0.757996 -0.257091 -0.054273
v -0.761899 -0.256658 -0.000912
v -0.715743 -0.221386 -0.050857
v -0.714840 -0.216902 -0.000912
v -0.761899 -0.256658 -0.000912
v -0.715743 -0.221386 0.042576
v -0.714840 -0.216902 -0.000912
v -0.757998 -0.257091 0.045992
v -0.368283 -0.238743 0.102488
v -0.371466 -0.289924 0.074556
v -0.323596 -0.263192 0.076956
v -0.407350 -0.263238 0.074970
v -0.679759 -0.298050 0.078058
v -0.697794 -0.265220 0.041635
v -0.678561 -0.266668 0.038314
v -0.726893 -0.297083 0.075388
v -0.700856 -0.084715 -0.049504
v -0.652477 -0.050008 -0.000804
v -0.651157 -0.057017 -0.043748
v -0.707824 -0.080846 -0.000804
v -0.652477 -0.050008 -0.000804
v -0.695914 -0.084715 0.057961
v -0.646215 -0.057017 0.052206
v -0.707824 -0.080846 -0.000804
v -0.609874 0.035434 0.102451
v -0.649367 -0.016137 0.078849
v -0.599140 0.000388 0.079090
v -0.687136 0.016126 0.098957
v -0.702075 0.009981 0.044514
v -0.649367 -0.016137 0.078849
v -0.647369 -0.024314 0.041609
v -0.259790 0.057321 -0.086737
v -0.248525 0.097336 -0.085718
v -0.236521 0.066038 -0.105333
v -0.259790 0.057321 0.083586
v -0.236521 0.066038 0.102183
v -0.248525 0.097336 0.082566
v -0.371590 -0.289924 -0.077179
v -0.368283 -0.238743 -0.102487
v -0.323596 -0.263192 -0.076954
v -0.407350 -0.263238 -0.080019
v -0.609874 0.035434 -0.106121
v -0.649367 -0.016137 -0.080431
v -0.687136 0.016126 -0.100538
v -0.599140 0.000388 -0.082761
v -0.649367 -0.016137 -0.080431
v -0.702075 0.009981 -0.052013
v -0.647369 -0.024314 -0.049107
v 0.178478 0.088083 0.117884
v 0.237398 0.099982 0.091885
v 0.201502 0.119674 0.082868
v 0.236595 0.046300 0.119250
v 0.236597 0.046299 -0.119250
v 0.178478 0.088083 -0.117882
v 0.237398 0.099982 -0.091883
v 0.201502 0.119674 -0.082866
v -0.407350 -0.263238 -0.080019
v -0.371590 -0.289924 -0.077179
v -0.410014 -0.225058 -0.056409
v -0.416841 -0.217315 -0.046511
v -0.420951 -0.215948 -0.032235
v -0.438184 -0.244660 -0.073751
v -0.407350 -0.263238 -0.080019
v -0.250962 0.014216 -0.071806
v -0.252124 0.007086 -0.001458
v -0.232533 0.055645 -0.059975
v -0.232434 0.055383 -0.001458
v -0.252124 0.007086 -0.001458
v -0.232533 0.055645 0.060394
v -0.232434 0.055383 -0.001458
v -0.250962 0.014216 0.072223
v -0.632327 -0.139750 -0.082346
v -0.636792 -0.104376 -0.042518
v -0.672455 -0.130794 -0.078136
v -0.624923 -0.108311 -0.040407
v -0.626698 -0.139750 0.078276
v -0.638633 -0.104377 0.040208
v -0.619295 -0.108311 0.036337
v -0.674296 -0.130794 0.075824
v -0.210386 -0.002097 0.077220
v -0.251066 0.026161 0.082305
v -0.250962 0.014216 0.072223
v -0.218363 0.018594 0.098145
v -0.236521 0.066038 0.102183
v -0.259790 0.057321 0.083586
v -0.251622 0.027632 -0.085911
v -0.210385 -0.002097 -0.076802
v -0.250962 0.014216 -0.071806
v -0.218919 0.020065 -0.101751
v -0.236521 0.066038 -0.105333
v -0.259790 0.057321 -0.086737
v -0.410014 -0.225058 0.056411
v -0.407350 -0.263238 0.074970
v -0.416841 -0.217315 0.046512
v -0.371466 -0.289924 0.074556
v -0.438184 -0.244660 0.073753
v -0.407350 -0.263238 0.074970
v -0.420951 -0.215948 0.032237
v 0.028808 0.055746 -0.106599
v 0.059865 0.089653 -0.081369
v 0.054490 0.033538 -0.084620
v -0.152693 0.074375 0.086984
v -0.120319 0.075598 0.110275
v -0.122311 0.119257 0.085224
v -0.371590 -0.289924 -0.077179
v -0.323596 -0.263192 -0.076954
v -0.369355 -0.287237 0.000001
v -0.319238 -0.260386 0.000001
v -0.369355 -0.287237 0.000001
v -0.319238 -0.260386 0.000001
v -0.323596 -0.263192 0.076956
v -0.371466 -0.289924 0.074556
v 0.201502 0.119674 0.082868
v 0.135160 0.117298 0.084185
v 0.178478 0.088083 0.117884
v 0.028808 0.055746 0.101645
v 0.028692 -0.000730 0.082144
v 0.054489 0.033538 0.079667
v -0.016828 0.005980 0.102458
v 0.059865 0.089653 0.077565
v 0.201502 0.119674 -0.082866
v 0.178478 0.088083 -0.117882
v 0.135160 0.117298 -0.084183
v 0.028808 0.055746 -0.106599
v 0.028692 -0.000730 -0.081414
v -0.016828 0.005980 -0.099607
v 0.054490 0.033538 -0.084620
v 0.021009 -0.018033 -0.077102
v -0.038799 -0.018069 -0.081753
v 0.212138 -0.006413 0.000001
v 0.287775 0.010641 0.000001
v 0.282171 0.008409 0.089543
v 0.206551 -0.008508 0.083271
v 0.206551 -0.008508 -0.083269
v 0.282172 0.008409 -0.089541
v 0.212138 -0.006413 0.000001
v 0.287775 0.010641 0.000001
v -0.154786 0.034282 -0.073789
v -0.115980 -0.007055 -0.038061
v -0.159482 0.029803 -0.035720
v -0.117431 0.011482 -0.091180
v -0.120319 0.075598 -0.108153
v -0.152693 0.074375 -0.084860
v -0.122311 0.119257 -0.085083
v -0.120319 0.075598 -0.108153
v -0.210385 -0.002097 -0.076802
v -0.206941 -0.011085 -0.001458
v -0.250962 0.014216 -0.071806
v -0.252124 0.007086 -0.001458
v -0.206941 -0.011085 -0.001458
v -0.250962 0.014216 0.072223
v -0.252124 0.007086 -0.001458
v -0.210386 -0.002097 0.077220
v -0.232746 0.056115 -0.064053
v -0.250962 0.014216 -0.071806
v -0.232533 0.055645 -0.059975
v -0.251622 0.027632 -0.085911
v -0.259790 0.057321 -0.086737
v -0.236041 0.064786 -0.069009
v -0.248525 0.097336 -0.085718
v 0.003856 0.078964 -0.083639
v 0.059865 0.089653 -0.081369
v 0.028808 0.055746 -0.106599
v 0.201502 0.119674 -0.082866
v 0.185926 0.081604 -0.054118
v 0.237398 0.099982 -0.091883
v 0.181537 0.084082 -0.037508
v 0.191994 0.071239 -0.065637
v 0.237398 0.099982 -0.091883
v 0.271330 0.085370 -0.082443
v 0.181537 0.084082 0.037510
v 0.201502 0.119674 0.082868
v 0.185926 0.081604 0.054120
v 0.237398 0.099982 0.091885
v 0.237398 0.099982 0.091885
v 0.191994 0.071239 0.065637
v 0.271329 0.085369 0.082445
v -0.115980 -0.007055 0.030662
v -0.154786 0.034282 0.073539
v -0.159482 0.029803 0.028321
v -0.117431 0.011482 0.090930
v -0.120319 0.075598 0.110275
v -0.152693 0.074375 0.086984
v -0.340302 -0.170282 -0.077974
v -0.334148 -0.127253 -0.104785
v -0.309576 -0.135886 -0.093732
v -0.360991 -0.158999 -0.081813
v -0.337073 -0.178138 -0.056223
v -0.289006 -0.141090 -0.061043
v -0.251066 0.026161 0.082305
v -0.232191 0.054645 0.060448
v -0.250962 0.014216 0.072223
v -0.259790 0.057321 0.083586
v -0.236041 0.064786 0.065859
v -0.248525 0.097336 0.082566
v 0.021009 -0.018033 0.061220
v -0.016828 0.005980 0.102458
v -0.038799 -0.018069 0.065384
v 0.028692 -0.000730 0.082144
v -0.159482 0.029803 -0.035720
v -0.163850 0.030223 -0.001487
v -0.119655 0.073492 -0.030176
v -0.119642 0.081889 -0.001487
v 0.018498 0.044485 -0.064029
v 0.018775 -0.027874 -0.001205
v 0.021009 -0.018033 -0.077102
v 0.018236 0.044203 -0.001205
v 0.018775 -0.027874 -0.001205
v 0.018498 0.044485 0.049509
v 0.021009 -0.018033 0.061220
v 0.018236 0.044203 -0.001205
v -0.163850 0.030223 -0.001487
v -0.119655 0.073492 0.022777
v -0.119642 0.081889 -0.001487
v -0.159482 0.029803 0.028321
v -0.120319 0.075598 0.110275
v -0.088137 0.077989 0.087980
v -0.122311 0.119257 0.085224
v -0.120319 0.075598 -0.108153
v -0.122311 0.119257 -0.085083
v -0.088137 0.077989 -0.085856
v 0.236595 0.046300 0.119250
v 0.206551 -0.008508 0.083271
v 0.282171 0.008409 0.089543
v 0.186518 0.027044 0.093109
v 0.003856 0.078964 0.078685
v -0.027577 0.050750 0.081193
v 0.028808 0.055746 0.101645
v -0.016828 0.005980 0.102458
v 0.059865 0.089653 0.077565
v 0.236597 0.046299 -0.119250
v 0.206551 -0.008508 -0.083269
v 0.186518 0.027044 -0.093107
v 0.282172 0.008409 -0.089541
v -0.115980 -0.007055 -0.038061
v -0.115411 -0.010828 -0.001487
v -0.159482 0.029803 -0.035720
v -0.163850 0.030223 -0.001487
v -0.115411 -0.010828 -0.001487
v -0.159482 0.029803 0.028321
v -0.163850 0.030223 -0.001487
v -0.115980 -0.007055 0.030662
v -0.650162 -0.061979 -0.077018
v -0.700856 -0.084715 -0.049504
v -0.651157 -0.057017 -0.043748
v -0.684572 -0.088869 -0.102018
v -0.623264 -0.108849 -0.111194
v -0.613043 -0.078181 -0.081057
v -0.383051 -0.078046 0.074930
v -0.435803 -0.098627 0.076315
v -0.392702 -0.109962 0.102972
v -0.338394 -0.170282 0.074050
v -0.334148 -0.127253 0.104786
v -0.360991 -0.158998 0.081815
v -0.309576 -0.135886 0.089147
v -0.289006 -0.141090 0.051945
v -0.337073 -0.178138 0.048288
v 0.028692 -0.000730 0.082144
v 0.018498 0.044485 0.049509
v 0.018944 0.045035 0.051849
v 0.021009 -0.018033 0.061220
v -0.383052 -0.078047 -0.074929
v -0.392702 -0.109962 -0.102970
v -0.435802 -0.098627 -0.076313
v 0.018775 -0.027874 -0.001205
v -0.038799 -0.018069 -0.081753
v 0.021009 -0.018033 -0.077102
v -0.047719 -0.027803 -0.001205
v 0.018775 -0.027874 -0.001205
v -0.038799 -0.018069 0.065384
v -0.047719 -0.027803 -0.001205
v 0.021009 -0.018033 0.061220
v -0.027577 0.050750 -0.080561
v -0.016828 0.005980 -0.099607
v -0.043637 0.041722 -0.076490
v -0.038799 -0.018069 -0.081753
v 0.028808 0.055746 -0.106599
v 0.003856 0.078964 -0.083639
v -0.159482 0.029803 0.028321
v -0.119726 0.061770 0.049540
v -0.119655 0.073492 0.022777
v -0.154786 0.034282 0.073539
v -0.152693 0.074375 0.086984
v -0.119726 0.061770 0.049540
v -0.120240 0.073853 0.055567
v -0.152693 0.074375 0.086984
v -0.122311 0.119257 0.085224
v -0.119726 0.061770 -0.049790
v -0.159482 0.029803 -0.035720
v -0.119655 0.073492 -0.030176
v -0.154786 0.034282 -0.073789
v -0.119726 0.061770 -0.049790
v -0.152693 0.074375 -0.084860
v -0.120240 0.073853 -0.053443
v -0.122311 0.119257 -0.085083
v -0.152693 0.074375 -0.084860
v -0.757998 -0.257091 0.045992
v -0.718465 -0.227258 0.074329
v -0.715743 -0.221386 0.042576
v -0.746280 -0.259339 0.098021
v -0.676878 -0.266872 0.105398
v -0.718465 -0.227258 0.074329
v -0.672849 -0.235700 0.076838
v -0.671266 0.063231 0.077908
v -0.619362 0.070985 0.078047
v -0.632010 0.031303 0.048862
v -0.611787 0.034907 0.045133
v -0.236521 0.066038 -0.105333
v -0.248525 0.097336 -0.085718
v -0.213673 0.075558 -0.087532
v -0.236521 0.066038 0.102183
v -0.213673 0.075558 0.084381
v -0.248525 0.097336 0.082566
v -0.695914 -0.084715 0.057961
v -0.652004 -0.061979 0.074707
v -0.646215 -0.057017 0.052206
v -0.686414 -0.088869 0.099707
v -0.617636 -0.108850 0.107124
v -0.652004 -0.061979 0.074707
v -0.607415 -0.078181 0.076988
v -0.016828 0.005980 0.102458
v -0.043637 0.041722 0.060671
v -0.038799 -0.018069 0.065384
v -0.027577 0.050750 0.081193
v -0.619362 0.070985 -0.081718
v -0.632010 0.031303 -0.050443
v -0.611787 0.034907 -0.048803
v -0.671266 0.063231 -0.079489
v -0.676878 -0.266872 0.105398
v -0.679759 -0.298050 0.078058
v -0.634784 -0.271978 0.075946
v -0.617636 -0.108850 0.107124
v -0.626698 -0.139750 0.078276
v -0.576155 -0.122313 0.075516
v -0.120319 0.075598 -0.108153
v -0.082373 0.037628 -0.074567
v -0.117431 0.011482 -0.091180
v -0.088137 0.077989 -0.085856
v -0.115980 -0.007055 -0.038061
v -0.075878 0.033238 -0.035992
v 0.181537 0.084082 -0.037508
v 0.201502 0.119674 -0.082866
v 0.135160 0.117298 -0.084183
v 0.181537 0.084082 0.037510
v 0.135160 0.117298 0.084185
v 0.201502 0.119674 0.082868
v -0.313365 -0.082519 0.008558
v -0.376446 -0.115440 0.008558
v -0.379296 -0.115872 0.038008
v -0.313637 -0.086843 0.062720
v -0.313637 -0.086843 -0.075277
v -0.379296 -0.115872 -0.042671
v -0.313365 -0.082519 0.008558
v -0.376446 -0.115440 0.008558
v -0.043637 0.041722 -0.076490
v -0.053099 0.038780 -0.001205
v 0.018498 0.044485 -0.064029
v 0.018236 0.044203 -0.001205
v -0.053099 0.038780 -0.001205
v 0.018498 0.044485 0.049509
v 0.018236 0.044203 -0.001205
v -0.043637 0.041722 0.060671
v -0.120319 0.075598 0.110275
v -0.082373 0.037628 0.074317
v -0.088137 0.077989 0.087980
v -0.117431 0.011482 0.090930
v -0.115980 -0.007055 0.030662
v -0.075878 0.033238 0.028593
v 0.054490 0.033538 -0.084620
v 0.059865 0.089653 -0.081369
v 0.027567 0.054391 -0.052669
v 0.018944 0.045035 -0.054278
v 0.054490 0.033538 -0.084620
v 0.028692 -0.000730 -0.081414
v 0.054489 0.033538 0.079667
v 0.027567 0.054391 0.047716
v 0.059865 0.089653 0.077565
v 0.018944 0.045035 0.051849
v 0.028692 -0.000730 0.082144
v 0.276899 0.087773 0.000001
v 0.194351 0.075734 0.000001
v 0.191994 0.071239 0.065637
v 0.271329 0.085369 0.082445
v 0.271330 0.085370 -0.082443
v 0.191994 0.071239 -0.065637
v 0.276899 0.087773 0.000001
v 0.194351 0.075734 0.000001
v -0.623264 -0.108849 -0.111194
v -0.581783 -0.122313 -0.078079
v -0.632327 -0.139750 -0.082346
v -0.330948 -0.178730 0.008558
v -0.282906 -0.141566 0.008558
v -0.289006 -0.141090 0.051945
v -0.337073 -0.178138 0.048288
v -0.337073 -0.178138 -0.056223
v -0.289006 -0.141090 -0.061043
v -0.330948 -0.178730 0.008558
v -0.282906 -0.141566 0.008558
v -0.119642 0.081889 -0.001487
v -0.075878 0.033238 -0.035992
v -0.119655 0.073492 -0.030176
v -0.070750 0.033894 -0.001487
v -0.119642 0.081889 -0.001487
v -0.075878 0.033238 0.028593
v -0.070750 0.033894 -0.001487
v -0.119655 0.073492 0.022777
v -0.380088 -0.116191 0.048797
v -0.313637 -0.086843 0.062720
v -0.379296 -0.115872 0.038008
v -0.313725 -0.087036 0.073108
v -0.038799 -0.018069 -0.081753
v -0.053099 0.038780 -0.001205
v -0.043637 0.041722 -0.076490
v -0.047719 -0.027803 -0.001205
v -0.053099 0.038780 -0.001205
v -0.038799 -0.018069 0.065384
v -0.043637 0.041722 0.060671
v -0.047719 -0.027803 -0.001205
v -0.027577 0.050750 0.081193
v 0.018498 0.044485 0.049509
v -0.043637 0.041722 0.060671
v 0.018944 0.045035 0.051849
v -0.070750 0.033894 -0.001487
v -0.115980 -0.007055 -0.038061
v -0.075878 0.033238 -0.035992
v -0.115411 -0.010828 -0.001487
v -0.070750 0.033894 -0.001487
v -0.115980 -0.007055 0.030662
v -0.115411 -0.010828 -0.001487
v -0.075878 0.033238 0.028593
v -0.392702 -0.109962 0.102972
v -0.334148 -0.127253 0.104786
v -0.348608 -0.083802 0.080738
v -0.383051 -0.078046 0.074930
v -0.082373 0.037628 0.074317
v -0.075878 0.033238 0.028593
v -0.119726 0.061770 0.049540
v -0.119655 0.073492 0.022777
v -0.119726 0.061770 0.049540
v -0.088137 0.077989 0.087980
v -0.120240 0.073853 0.055567
v -0.389113 -0.112323 -0.032763
v -0.383052 -0.078047 -0.074929
v -0.435802 -0.098627 -0.076313
v -0.389113 -0.112323 0.032765
v -0.435803 -0.098627 0.076315
v -0.383051 -0.078046 0.074930
v -0.075878 0.033238 -0.035992
v -0.119726 0.061770 -0.049790
v -0.119655 0.073492 -0.030176
v -0.082373 0.037628 -0.074567
v -0.088137 0.077989 -0.085856
v -0.119726 0.061770 -0.049790
v -0.120240 0.073853 -0.053443
v -0.236521 0.066038 0.102183
v -0.199164 0.046102 0.083014
v -0.213673 0.075558 0.084381
v -0.218363 0.018594 0.098145
v -0.190935 0.036927 0.072806
v -0.210386 -0.002097 0.077220
v 0.027567 0.054391 0.047716
v 0.003856 0.078964 0.078685
v 0.059865 0.089653 0.077565
v 0.027567 0.054391 -0.052669
v 0.059865 0.089653 -0.081369
v 0.003856 0.078964 -0.083639
v -0.236521 0.066038 -0.105333
v -0.199720 0.047572 -0.086619
v -0.218919 0.020065 -0.101751
v -0.213673 0.075558 -0.087532
v -0.190935 0.036927 -0.072388
v -0.210385 -0.002097 -0.076802
v -0.409977 -0.182637 -0.076012
v -0.424191 -0.213078 -0.101312
v -0.465544 -0.195575 -0.077130
v -0.334148 -0.127253 -0.104785
v -0.348608 -0.083802 -0.080738
v -0.329121 -0.087036 -0.081831
v -0.309576 -0.135886 -0.093732
v -0.392702 -0.109962 -0.102970
v -0.383052 -0.078047 -0.074929
v -0.334148 -0.127253 -0.104785
v -0.632327 -0.139750 -0.082346
v -0.581783 -0.122313 -0.078079
v -0.624923 -0.108311 -0.040407
v 0.178478 0.088083 0.117884
v 0.135160 0.117298 0.084185
v 0.155452 0.055140 0.085816
v 0.186518 0.027044 0.093109
v 0.236595 0.046300 0.119250
v -0.409976 -0.182637 0.073654
v -0.465543 -0.195575 0.075511
v -0.424191 -0.213078 0.101313
v -0.626698 -0.139750 0.078276
v -0.619295 -0.108311 0.036337
v -0.576155 -0.122313 0.075516
v 0.178478 0.088083 -0.117882
v 0.155452 0.055140 -0.085814
v 0.135160 0.117298 -0.084183
v 0.186518 0.027044 -0.093107
v 0.236597 0.046299 -0.119250
v -0.088137 0.077989 -0.085856
v -0.122311 0.119257 -0.085083
v -0.120240 0.073853 -0.053443
v -0.619362 0.070985 0.078047
v -0.609874 0.035434 0.102451
v -0.562016 0.048610 0.077427
v -0.679759 -0.298050 -0.076141
v -0.634784 -0.271977 -0.074031
v -0.678561 -0.266668 -0.036396
v -0.232533 0.055645 -0.059975
v -0.185243 0.032265 -0.001458
v -0.190935 0.036927 -0.072388
v -0.232434 0.055383 -0.001458
v -0.185243 0.032265 -0.001458
v -0.232533 0.055645 0.060394
v -0.190935 0.036927 0.072806
v -0.232434 0.055383 -0.001458
v -0.329121 -0.087036 -0.081831
v -0.380088 -0.116191 -0.050867
v -0.379296 -0.115872 -0.042671
v -0.313637 -0.086843 -0.075277
v -0.679759 -0.298050 0.078058
v -0.678561 -0.266668 0.038314
v -0.634784 -0.271978 0.075946
v 0.018498 0.044485 -0.064029
v 0.028692 -0.000730 -0.081414
v 0.018944 0.045035 -0.054278
v 0.021009 -0.018033 -0.077102
v -0.088137 0.077989 0.087980
v -0.120240 0.073853 0.055567
v -0.122311 0.119257 0.085224
v 0.003856 0.078964 -0.083639
v -0.027577 0.050750 -0.080561
v 0.018944 0.045035 -0.054278
v 0.027567 0.054391 -0.052669
v 0.018944 0.045035 0.051849
v -0.027577 0.050750 0.081193
v 0.003856 0.078964 0.078685
v 0.027567 0.054391 0.047716
v -0.619362 0.070985 -0.081718
v -0.562016 0.048610 -0.076687
v -0.609874 0.035434 -0.106121
v 0.018944 0.045035 -0.054278
v -0.027577 0.050750 -0.080561
v 0.018498 0.044485 -0.064029
v -0.043637 0.041722 -0.076490
v -0.714685 -0.227258 -0.077042
v -0.757996 -0.257091 -0.054273
v -0.715743 -0.221386 -0.050857
v -0.742500 -0.259339 -0.100734
v -0.714685 -0.227258 -0.077042
v -0.676878 -0.266872 -0.103482
v -0.672849 -0.235700 -0.074920
v -0.634784 -0.271977 -0.074031
v -0.676878 -0.266872 -0.103482
v -0.213673 0.075558 0.084381
v -0.236041 0.064786 0.065859
v -0.248525 0.097336 0.082566
v -0.213673 0.075558 -0.087532
v -0.248525 0.097336 -0.085718
v -0.236041 0.064786 -0.069009
v 0.340722 0.135881 0.112705
v 0.338124 0.181591 0.085069
v 0.307433 0.135264 0.087157
v -0.368283 -0.238743 -0.102487
v -0.424191 -0.213078 -0.101312
v -0.376454 -0.193331 -0.078967
v -0.409977 -0.182637 -0.076012
v -0.424191 -0.213078 0.101313
v -0.368283 -0.238743 0.102488
v -0.376454 -0.193331 0.078969
v -0.409976 -0.182637 0.073654
v 0.340721 0.135881 -0.115413
v 0.307432 0.135264 -0.089865
v 0.338126 0.181591 -0.092060
v -0.681726 -0.138261 -0.000804
v -0.619386 -0.109555 0.038578
v -0.676791 -0.136317 0.052876
v -0.619732 -0.109439 -0.000804
v -0.232533 0.055645 -0.059975
v -0.190935 0.036927 -0.072388
v -0.232746 0.056115 -0.064053
v -0.199720 0.047572 -0.086619
v -0.213673 0.075558 -0.087532
v -0.236041 0.064786 -0.069009
v -0.345425 -0.200064 -0.074653
v -0.410014 -0.225058 -0.056409
v -0.341123 -0.197119 0.000001
v -0.408766 -0.220878 0.000001
v -0.341123 -0.197119 0.000001
v -0.408766 -0.220878 0.000001
v -0.410014 -0.225058 0.056411
v -0.345425 -0.200064 0.075414
v -0.185243 0.032265 -0.001458
v -0.210385 -0.002097 -0.076802
v -0.190935 0.036927 -0.072388
v -0.206941 -0.011085 -0.001458
v -0.185243 0.032265 -0.001458
v -0.210386 -0.002097 0.077220
v -0.206941 -0.011085 -0.001458
v -0.190935 0.036927 0.072806
v -0.232191 0.054645 0.060448
v -0.199164 0.046102 0.083014
v -0.190935 0.036927 0.072806
v -0.213673 0.075558 0.084381
v -0.236041 0.064786 0.065859
v -0.624327 -0.109554 -0.030120
v -0.681726 -0.138261 -0.000804
v -0.677295 -0.136317 -0.044418
v -0.619732 -0.109439 -0.000804
v -0.680337 -0.266511 -0.042769
v -0.726279 -0.306572 -0.000912
v -0.725883 -0.301933 -0.051255
v -0.672503 -0.267500 -0.000912
v -0.726279 -0.306572 -0.000912
v -0.680337 -0.266511 0.034488
v -0.725883 -0.301933 0.042974
v -0.672503 -0.267500 -0.000912
v -0.420951 -0.215948 0.032237
v -0.465543 -0.195575 0.075511
v -0.409976 -0.182637 0.073654
v -0.323596 -0.263192 0.076956
v -0.345425 -0.200064 0.075414
v -0.368283 -0.238743 0.102488
v -0.376454 -0.193331 0.078969
v -0.611787 0.034907 -0.048803
v -0.562016 0.048610 -0.076687
v -0.619362 0.070985 -0.081718
v -0.420951 -0.215948 -0.032235
v -0.409977 -0.182637 -0.076012
v -0.465544 -0.195575 -0.077130
v -0.376454 -0.193331 -0.078967
v -0.345425 -0.200064 -0.074653
v -0.368283 -0.238743 -0.102487
v -0.323596 -0.263192 -0.076954
v 0.529767 0.293614 0.048697
v 0.553869 0.294165 0.070752
v 0.553892 0.324858 0.043335
v 0.529767 0.293614 -0.048376
v 0.553892 0.324858 -0.043015
v 0.553869 0.294165 -0.070432
v -0.611787 0.034907 0.045133
v -0.619362 0.070985 0.078047
v -0.562016 0.048610 0.077427
v -0.309576 -0.135886 0.089147
v -0.313725 -0.087036 0.073108
v -0.334148 -0.127253 0.104786
v -0.348608 -0.083802 0.080738
v -0.289006 -0.141090 0.051945
v -0.313725 -0.087036 0.073108
v -0.313637 -0.086843 0.062720
v -0.309576 -0.135886 -0.093732
v -0.329121 -0.087036 -0.081831
v -0.313637 -0.086843 -0.075277
v -0.289006 -0.141090 -0.061043
v 0.155452 0.055140 -0.085814
v 0.185926 0.081604 -0.054118
v 0.181537 0.084082 -0.037508
v 0.135160 0.117298 -0.084183
v 0.186518 0.027044 -0.093107
v 0.186518 0.027044 -0.093107
v 0.191994 0.071239 -0.065637
v 0.206551 -0.008508 -0.083269
v 0.155452 0.055140 0.085816
v 0.185926 0.081604 0.054120
v 0.186518 0.027044 0.093109
v 0.181537 0.084082 0.037510
v 0.135160 0.117298 0.084185
v 0.191994 0.071239 0.065637
v 0.186518 0.027044 0.093109
v 0.206551 -0.008508 0.083271
v -0.384882 -0.113083 0.047555
v -0.348608 -0.083802 0.080738
v -0.380088 -0.116191 0.048797
v -0.313725 -0.087036 0.073108
v -0.389113 -0.112323 0.032765
v -0.383051 -0.078046 0.074930
v -0.348608 -0.083802 0.080738
v -0.609874 0.035434 0.102451
v -0.599140 0.000388 0.079090
v -0.562016 0.048610 0.077427
v 0.597004 0.296162 0.050812
v 0.618353 0.296952 0.070345
v 0.618353 0.326989 0.043841
v 0.597004 0.296162 -0.050492
v 0.618353 0.326989 -0.043521
v 0.618353 0.296952 -0.070026
v -0.599140 0.000388 0.079090
v -0.611787 0.034907 0.045133
v -0.562016 0.048610 0.077427
v -0.599140 0.000388 0.079090
v -0.632010 0.031303 0.048862
v -0.649367 -0.016137 0.078849
v -0.599140 0.000388 -0.082761
v -0.562016 0.048610 -0.076687
v -0.611787 0.034907 -0.048803
v -0.632010 0.031303 -0.050443
v -0.599140 0.000388 -0.082761
v -0.649367 -0.016137 -0.080431
v -0.609874 0.035434 -0.106121
v -0.562016 0.048610 -0.076687
v -0.599140 0.000388 -0.082761
v -0.624327 -0.109554 -0.030120
v -0.677295 -0.136317 -0.044418
v -0.636792 -0.104376 -0.042518
v -0.672455 -0.130794 -0.078136
v -0.348608 -0.083802 -0.080738
v -0.384882 -0.113083 -0.047553
v -0.380088 -0.116191 -0.050867
v -0.329121 -0.087036 -0.081831
v -0.383052 -0.078047 -0.074929
v -0.389113 -0.112323 -0.032763
v -0.638633 -0.104377 0.040208
v -0.652004 -0.061979 0.074707
v -0.607415 -0.078181 0.076988
v -0.619295 -0.108311 0.036337
v -0.672849 -0.235700 -0.074920
v -0.694015 -0.265219 -0.044347
v -0.678561 -0.266668 -0.036396
v -0.714685 -0.227258 -0.077042
v 0.294209 0.102948 -0.002513
v 0.339290 0.157735 -0.035593
v 0.299160 0.102995 -0.043523
v 0.338626 0.168491 -0.002513
v 0.294209 0.102948 -0.002513
v 0.339290 0.157735 0.036602
v 0.338626 0.168491 -0.002513
v 0.299161 0.102995 0.044532
v 0.304856 0.107990 0.084796
v 0.340174 0.144183 0.053254
v 0.299161 0.102995 0.044532
v 0.339290 0.157735 0.036602
v 0.340174 0.144183 0.053254
v 0.307433 0.135264 0.087157
v -0.619386 -0.109555 0.038578
v -0.674296 -0.130794 0.075824
v -0.676791 -0.136317 0.052876
v -0.638633 -0.104377 0.040208
v 0.307433 0.135264 0.087157
v 0.338124 0.181591 0.085069
v 0.340855 0.133572 0.050016
v 0.340174 0.144183 -0.054594
v 0.304856 0.107990 -0.086137
v 0.299160 0.102995 -0.043523
v 0.339290 0.157735 -0.035593
v 0.340855 0.133572 -0.052724
v 0.307432 0.135264 -0.089865
v 0.338126 0.181591 -0.092060
v -0.672179 0.067427 -0.048724
v -0.673193 0.072685 -0.000641
v -0.613781 0.034289 -0.040938
v -0.604857 0.036698 -0.000641
v -0.673193 0.072685 -0.000641
v -0.613781 0.034289 0.033439
v -0.604857 0.036698 -0.000641
v -0.672179 0.067427 0.041226
v 0.212138 -0.006413 0.000001
v 0.191994 0.071239 0.065637
v 0.194351 0.075734 0.000001
v 0.206551 -0.008508 0.083271
v 0.191994 0.071239 -0.065637
v 0.212138 -0.006413 0.000001
v 0.194351 0.075734 0.000001
v 0.206551 -0.008508 -0.083269
v 0.520605 0.256366 -0.024530
v 0.553863 0.286114 0.000160
v 0.553865 0.289204 -0.017230
v 0.520536 0.250902 0.000160
v 0.553863 0.286114 0.000160
v 0.520605 0.256366 0.024850
v 0.553865 0.289204 0.017550
v 0.520536 0.250902 0.000160
v 0.304856 0.107990 0.084796
v 0.340722 0.135881 0.112705
v 0.307433 0.135264 0.087157
v 0.344024 0.077637 0.105946
v 0.345456 0.051148 0.047352
v 0.299161 0.102995 0.044532
v -0.680337 -0.266511 -0.042769
v -0.725883 -0.301933 -0.051255
v -0.694015 -0.265219 -0.044347
v -0.727736 -0.297083 -0.078102
v 0.340721 0.135881 -0.115413
v 0.304856 0.107990 -0.086137
v 0.307432 0.135264 -0.089865
v 0.344022 0.077636 -0.107286
v 0.345456 0.051148 -0.046344
v 0.299160 0.102995 -0.043523
v -0.313365 -0.082519 0.008558
v -0.289006 -0.141090 0.051945
v -0.282906 -0.141566 0.008558
v -0.313637 -0.086843 0.062720
v -0.289006 -0.141090 -0.061043
v -0.313365 -0.082519 0.008558
v -0.282906 -0.141566 0.008558
v -0.313637 -0.086843 -0.075277
v -0.697794 -0.265220 0.041635
v -0.726893 -0.297083 0.075388
v -0.725883 -0.301933 0.042974
v -0.680337 -0.266511 0.034488
v -0.410014 -0.225058 -0.056409
v -0.345425 -0.200064 -0.074653
v -0.376454 -0.193331 -0.078967
v -0.416841 -0.217315 -0.046511
v -0.376454 -0.193331 -0.078967
v -0.409977 -0.182637 -0.076012
v -0.420951 -0.215948 -0.032235
v -0.416841 -0.217315 0.046512
v -0.376454 -0.193331 0.078969
v -0.410014 -0.225058 0.056411
v -0.345425 -0.200064 0.075414
v -0.376454 -0.193331 0.078969
v -0.409976 -0.182637 0.073654
v -0.420951 -0.215948 0.032237
v -0.613043 -0.078181 -0.081057
v -0.650162 -0.061979 -0.077018
v -0.636792 -0.104376 -0.042518
v -0.624923 -0.108311 -0.040407
v 0.587328 0.257415 -0.025181
v 0.618353 0.284391 0.000160
v 0.618353 0.288149 -0.020168
v 0.587270 0.252036 0.000160
v 0.618353 0.284391 0.000160
v 0.587328 0.257415 0.025501
v 0.618353 0.288149 0.020488
v 0.587270 0.252036 0.000160
v -0.678561 -0.266668 0.038314
v -0.697794 -0.265220 0.041635
v -0.672849 -0.235700 0.076838
v -0.718465 -0.227258 0.074329
v 0.594369 0.273988 -0.045064
v 0.618353 0.288149 -0.020168
v 0.618353 0.291137 -0.025877
v 0.587328 0.257415 -0.025181
v 0.594369 0.273988 0.045384
v 0.618353 0.288149 0.020488
v 0.587328 0.257415 0.025501
v 0.618353 0.291137 0.026198
v 0.299160 0.102995 -0.043523
v 0.345456 0.051148 -0.046344
v 0.294209 0.102948 -0.002513
v 0.345724 0.045798 -0.002513
v 0.294209 0.102948 -0.002513
v 0.345724 0.045798 -0.002513
v 0.345456 0.051148 0.047352
v 0.299161 0.102995 0.044532
v 0.527165 0.271979 -0.041978
v 0.553865 0.289204 -0.017230
v 0.553866 0.290941 -0.020320
v 0.520605 0.256366 -0.024530
v 0.553868 0.293139 -0.021913
v 0.529767 0.293614 -0.048376
v 0.553892 0.324858 -0.043015
v 0.527165 0.271979 0.042298
v 0.553865 0.289204 0.017550
v 0.520605 0.256366 0.024850
v 0.553866 0.290941 0.020640
v 0.553868 0.293139 0.022233
v 0.529767 0.293614 0.048697
v 0.553892 0.324858 0.043335
v -0.672179 0.067427 -0.048724
v -0.613781 0.034289 -0.040938
v -0.632010 0.031303 -0.050443
v -0.671266 0.063231 -0.079489
v -0.672179 0.067427 0.041226
v -0.632010 0.031303 0.048862
v -0.613781 0.034289 0.033439
v -0.671266 0.063231 0.077908
v -0.323596 -0.263192 -0.076954
v -0.345425 -0.200064 -0.074653
v -0.319238 -0.260386 0.000001
v -0.341123 -0.197119 0.000001
v -0.319238 -0.260386 0.000001
v -0.341123 -0.197119 0.000001
v -0.345425 -0.200064 0.075414
v -0.323596 -0.263192 0.076956
v -0.607415 -0.078181 0.076988
v -0.617636 -0.108850 0.107124
v -0.576155 -0.122313 0.075516
v -0.613043 -0.078181 -0.081057
v -0.581783 -0.122313 -0.078079
v -0.623264 -0.108849 -0.111194
v -0.646215 -0.057017 0.052206
v -0.638633 -0.104377 0.040208
v -0.619386 -0.109555 0.038578
v -0.652004 -0.061979 0.074707
v 0.684488 0.255129 0.069947
v 0.684488 0.301371 0.070871
v 0.657363 0.275448 0.048841
v 0.660023 0.300683 0.048766
v 0.684488 0.301371 0.070871
v 0.684487 0.336990 0.045996
v 0.684488 0.301371 -0.070551
v 0.657363 0.275448 -0.048521
v 0.660023 0.300683 -0.048446
v 0.684488 0.255129 -0.069628
v 0.684487 0.336990 -0.045676
v 0.684488 0.301371 -0.070551
v 0.650593 0.257180 -0.036498
v 0.684487 0.291498 0.000160
v 0.684487 0.295165 -0.024020
v 0.650528 0.250826 0.000160
v 0.684487 0.291498 0.000160
v 0.650593 0.257180 0.036818
v 0.684487 0.295165 0.024340
v 0.650528 0.250826 0.000160
v 0.684488 0.300125 -0.022021
v 0.684487 0.336990 -0.045676
v 0.660023 0.300683 -0.048446
v 0.684488 0.300125 0.022341
v 0.660023 0.300683 0.048766
v 0.684487 0.336990 0.045996
v 0.594369 0.273988 -0.045064
v 0.618353 0.291137 -0.025877
v 0.597004 0.296162 -0.050492
v 0.618353 0.295538 -0.028018
v 0.618353 0.326989 -0.043521
v 0.597004 0.296162 -0.050492
v 0.597004 0.296162 0.050812
v 0.618353 0.295538 0.028338
v 0.618353 0.291137 0.026198
v 0.594369 0.273988 0.045384
v 0.597004 0.296162 0.050812
v 0.618353 0.326989 0.043841
v -0.672849 -0.235700 0.076838
v -0.676878 -0.266872 0.105398
v -0.634784 -0.271978 0.075946
v 0.618353 0.257674 0.061786
v 0.618353 0.296952 0.070345
v 0.594369 0.273988 0.045384
v 0.597004 0.296162 0.050812
v 0.618353 0.296952 -0.070026
v 0.594369 0.273988 -0.045064
v 0.597004 0.296162 -0.050492
v 0.618353 0.257674 -0.061466
v 0.684488 0.297329 -0.022745
v 0.657363 0.275448 -0.048521
v 0.684487 0.295165 -0.024020
v 0.650593 0.257180 -0.036498
v 0.657363 0.275448 0.048841
v 0.684487 0.295165 0.024340
v 0.650593 0.257180 0.036818
v 0.684488 0.297329 0.023065
v 0.553839 0.254359 0.059968
v 0.520605 0.256366 0.024850
v 0.553817 0.225027 0.029060
v 0.527165 0.271979 0.042298
v 0.553869 0.294165 0.070752
v 0.529767 0.293614 0.048697
v 0.520605 0.256366 -0.024530
v 0.527165 0.271979 -0.041978
v 0.553839 0.254359 -0.059648
v 0.553817 0.225027 -0.028740
v 0.553869 0.294165 -0.070432
v 0.529767 0.293614 -0.048376
v -0.624923 -0.108311 -0.040407
v -0.581783 -0.122313 -0.078079
v -0.613043 -0.078181 -0.081057
v -0.619295 -0.108311 0.036337
v -0.607415 -0.078181 0.076988
v -0.576155 -0.122313 0.075516
v -0.647369 -0.024314 -0.049107
v -0.649367 -0.016137 -0.080431
v -0.632010 0.031303 -0.050443
v -0.613781 0.034289 -0.040938
v -0.645736 -0.029514 -0.000641
v -0.613781 0.034289 0.033439
v -0.647369 -0.024314 0.041609
v -0.604857 0.036698 -0.000641
v -0.613781 0.034289 -0.040938
v -0.645736 -0.029514 -0.000641
v -0.647369 -0.024314 -0.049107
v -0.604857 0.036698 -0.000641
v -0.649367 -0.016137 0.078849
v -0.647369 -0.024314 0.041609
v -0.632010 0.031303 0.048862
v -0.613781 0.034289 0.033439
v 0.618353 0.257674 0.061786
v 0.587328 0.257415 0.025501
v 0.618353 0.227673 0.028311
v 0.594369 0.273988 0.045384
v 0.587328 0.257415 -0.025181
v 0.594369 0.273988 -0.045064
v 0.618353 0.257674 -0.061466
v 0.618353 0.227673 -0.027991
v 0.684488 0.255129 0.069947
v 0.650593 0.257180 0.036818
v 0.684488 0.220937 0.044012
v 0.657363 0.275448 0.048841
v 0.650593 0.257180 -0.036498
v 0.657363 0.275448 -0.048521
v 0.684488 0.255129 -0.069628
v 0.684488 0.220937 -0.043692
v 0.657363 0.275448 -0.048521
v 0.684488 0.297329 -0.022745
v 0.660023 0.300683 -0.048446
v 0.684488 0.300125 -0.022021
v 0.660023 0.300683 0.048766
v 0.684488 0.300125 0.022341
v 0.684488 0.297329 0.023065
v 0.657363 0.275448 0.048841
v -0.678561 -0.266668 -0.036396
v -0.634784 -0.271977 -0.074031
v -0.672849 -0.235700 -0.074920
v -0.678561 -0.266668 0.038314
v -0.672849 -0.235700 0.076838
v -0.634784 -0.271978 0.075946
v 0.553817 0.225027 -0.028740
v 0.553812 0.219262 0.000160
v 0.520605 0.256366 -0.024530
v 0.520536 0.250902 0.000160
v 0.553812 0.219262 0.000160
v 0.520605 0.256366 0.024850
v 0.520536 0.250902 0.000160
v 0.553817 0.225027 0.029060
v -0.652477 -0.050008 -0.000804
v -0.619386 -0.109555 0.038578
v -0.619732 -0.109439 -0.000804
v -0.646215 -0.057017 0.052206
v -0.624327 -0.109554 -0.030120
v -0.651157 -0.057017 -0.043748
v -0.652477 -0.050008 -0.000804
v -0.619732 -0.109439 -0.000804
v -0.651157 -0.057017 -0.043748
v -0.636792 -0.104376 -0.042518
v -0.650162 -0.061979 -0.077018
v -0.624327 -0.109554 -0.030120
v -0.715743 -0.221386 0.042576
v -0.697794 -0.265220 0.041635
v -0.680337 -0.266511 0.034488
v -0.718465 -0.227258 0.074329
v 0.618353 0.227673 -0.027991
v 0.618352 0.222070 0.000160
v 0.587328 0.257415 -0.025181
v 0.587270 0.252036 0.000160
v 0.618352 0.222070 0.000160
v 0.587328 0.257415 0.025501
v 0.587270 0.252036 0.000160
v 0.618353 0.227673 0.028311
v -0.715743 -0.221386 -0.050857
v -0.680337 -0.266511 -0.042769
v -0.694015 -0.265219 -0.044347
v -0.714685 -0.227258 -0.077042
v -0.714840 -0.216902 -0.000912
v -0.680337 -0.266511 0.034488
v -0.672503 -0.267500 -0.000912
v -0.715743 -0.221386 0.042576
v -0.715743 -0.221386 -0.050857
v -0.714840 -0.216902 -0.000912
v -0.680337 -0.266511 -0.042769
v -0.672503 -0.267500 -0.000912
v 0.684488 0.220937 -0.043692
v 0.650528 0.250826 0.000160
v 0.650593 0.257180 -0.036498
v 0.684487 0.214248 0.000160
v 0.684488 0.220937 0.044012
v 0.650528 0.250826 0.000160
v 0.684487 0.214248 0.000160
v 0.650593 0.257180 0.036818
vn -0.8222 -0.5587 -0.1086
vn -0.8124 -0.5830 0.0036
vn -0.8231 -0.5566 -0.1124
vn -0.8124 -0.5830 0.0037
vn -0.8176 -0.5686 0.0905
vn -0.8182 -0.5674 0.0925
vn 0.7654 0.6435 -0.0002
vn 0.7710 0.5916 0.2358
vn 0.7697 0.5580 0.3102
vn 0.7654 0.6435 -0.0003
vn 0.7711 0.5917 -0.2353
vn 0.7698 0.5581 -0.3097
vn 0.7645 0.3440 0.5452
vn 0.7697 0.5579 0.3102
vn 0.7464 0.1597 0.6461
vn 0.7699 0.5580 -0.3098
vn 0.7647 0.3441 -0.5449
vn 0.7710 0.5917 -0.2354
vn 0.7461 0.1596 -0.6464
vn 0.7182 0.6958 -0.0002
vn 0.7089 0.6758 0.2018
vn 0.7069 0.6699 0.2271
vn 0.7182 0.6958 -0.0003
vn 0.7088 0.6758 -0.2022
vn 0.7069 0.6700 -0.2266
vn -0.9149 -0.4035 0.0134
vn -0.9150 -0.3742 0.1510
vn -0.9150 -0.3733 0.1530
vn -0.8967 -0.4134 -0.1583
vn -0.8968 -0.4124 -0.1604
vn 0.7234 0.6904 -0.0002
vn 0.7141 0.6683 0.2086
vn 0.7127 0.6620 0.2320
vn 0.7234 0.6904 -0.0003
vn 0.7141 0.6683 -0.2082
vn 0.7234 0.6904 -0.0004
vn 0.7127 0.6621 -0.2315
vn 0.7252 0.5069 0.4660
vn 0.7266 0.4739 0.4975
vn 0.6944 0.2855 0.6605
vn 0.7266 0.4738 0.4976
vn 0.7252 0.5068 0.4661
vn 0.6953 0.2835 0.6605
vn 0.7251 0.5067 -0.4663
vn 0.7069 0.6700 -0.2267
vn 0.7264 0.4738 -0.4978
vn 0.7088 0.6758 -0.2023
vn 0.7264 0.4738 -0.4979
vn 0.6946 0.2856 -0.6603
vn 0.7250 0.5067 -0.4665
vn 0.6955 0.2836 -0.6602
vn 0.7099 0.1977 0.6760
vn 0.6680 0.4018 0.6264
vn 0.7083 0.2115 0.6735
vn 0.7101 0.1979 -0.6757
vn 0.7081 0.2114 -0.6738
vn 0.6677 0.4018 -0.6267
vn 0.6562 0.1723 0.7346
vn 0.6581 0.1420 0.7394
vn 0.5792 0.5394 0.6113
vn 0.1126 -0.6329 0.7660
vn -0.5597 -0.6591 0.5023
vn 0.0979 -0.6319 0.7688
vn -0.5553 -0.6595 0.5066
vn -0.5553 -0.6596 0.5065
vn -0.8182 -0.5674 0.0924
vn 0.6564 0.1725 -0.7344
vn 0.5792 0.5394 -0.6112
vn 0.6583 0.1421 -0.7392
vn 0.6401 0.2133 0.7381
vn 0.6613 -0.1683 0.7310
vn 0.6407 0.2025 0.7406
vn 0.6639 -0.2346 0.7101
vn 0.6401 0.2134 0.7380
vn 0.6407 0.2026 0.7406
vn 0.6035 0.4565 0.6537
vn 0.6399 0.2132 -0.7383
vn 0.6611 -0.1683 -0.7312
vn 0.6641 -0.2347 -0.7098
vn 0.6405 0.2025 -0.7408
vn 0.6398 0.2134 -0.7383
vn 0.6035 0.4565 -0.6537
vn 0.7274 0.5080 0.4613
vn 0.7286 0.4866 0.4820
vn 0.7140 0.6683 0.2087
vn 0.6986 0.3345 0.6325
vn 0.6962 0.3420 0.6311
vn 0.7273 0.5077 -0.4618
vn 0.7127 0.6621 -0.2316
vn 0.7285 0.4866 -0.4823
vn 0.6984 0.3344 -0.6328
vn 0.6960 0.3419 -0.6314
vn -0.8876 0.4465 -0.1134
vn -0.8862 0.4633 0.0046
vn -0.8873 0.4473 -0.1124
vn -0.8887 0.4456 0.1081
vn -0.8890 0.4447 0.1091
vn 0.6582 0.1557 0.7366
vn 0.6604 0.1099 0.7428
vn 0.5729 0.5458 0.6115
vn 0.6579 0.1556 -0.7368
vn 0.5729 0.5458 -0.6115
vn 0.6602 0.1098 -0.7430
vn 0.7099 0.1975 0.6761
vn 0.7464 0.1595 0.6461
vn 0.7645 0.3439 0.5452
vn 0.7083 0.2114 0.6735
vn 0.7101 0.1977 -0.6758
vn 0.7081 0.2113 -0.6738
vn 0.7647 0.3440 -0.5449
vn 0.6815 0.3236 0.6564
vn 0.6815 0.3236 -0.6564
vn 0.6962 0.3421 0.6311
vn 0.6708 0.4105 0.6177
vn 0.6960 0.3420 -0.6314
vn 0.6708 0.4104 -0.6177
vn -0.0251 -0.6544 -0.7557
vn -0.6539 -0.5356 -0.5344
vn -0.6505 -0.5362 -0.5379
vn -0.0359 -0.6516 -0.7577
vn -0.8967 -0.4134 -0.1584
vn 0.0003 -0.6523 0.7580
vn -0.6702 -0.5256 0.5239
vn -0.0115 -0.6491 0.7606
vn -0.6573 -0.5303 0.5355
vn -0.6702 -0.5256 0.5240
vn 0.6584 -0.3459 0.6685
vn 0.6562 0.1722 0.7347
vn 0.6581 -0.3721 0.6545
vn 0.6565 0.1723 -0.7344
vn 0.6586 -0.3460 -0.6682
vn 0.6583 -0.3723 -0.6543
vn 0.6583 0.1420 -0.7392
vn 0.1439 -0.6233 -0.7686
vn -0.5462 -0.6437 -0.5361
vn -0.5238 -0.6457 -0.5556
vn 0.1400 -0.6232 -0.7694
vn 0.1441 -0.6233 -0.7686
vn 0.3946 -0.6262 -0.6725
vn 0.1401 -0.6232 -0.7694
vn -0.8231 -0.5566 -0.1125
vn -0.5238 -0.6457 -0.5557
vn -0.8223 -0.5587 -0.1085
vn 0.6639 -0.2348 0.7101
vn 0.7268 -0.5422 0.4216
vn 0.6613 -0.1684 0.7310
vn 0.7362 -0.5821 0.3452
vn 0.7266 -0.5422 -0.4219
vn 0.7361 -0.5820 -0.3457
vn -0.5930 -0.5851 0.5532
vn -0.8567 -0.5159 -0.0002
vn -0.7668 -0.5714 0.2925
vn -0.8558 -0.5149 -0.0492
vn -0.8567 -0.5159 -0.0003
vn -0.8558 -0.5150 -0.0490
vn 0.7371 -0.6757 -0.0002
vn 0.7362 -0.5821 0.3451
vn 0.7268 -0.5424 0.4215
vn 0.7371 -0.6757 -0.0004
vn 0.7361 -0.5820 -0.3456
vn 0.7266 -0.5423 -0.4219
vn 0.7371 -0.6757 -0.0003
vn -0.6071 0.5348 0.5877
vn -0.8887 0.4455 0.1081
vn -0.6528 0.5296 0.5416
vn 0.0433 0.5451 0.8373
vn -0.6071 0.5347 0.5877
vn -0.6528 0.5297 0.5416
vn 0.0160 0.5374 0.8432
vn 0.6501 -0.3585 0.6700
vn 0.6493 -0.3790 0.6594
vn 0.6605 0.1097 0.7428
vn 0.6579 0.1555 -0.7368
vn 0.6503 -0.3585 -0.6697
vn 0.6495 -0.3791 -0.6591
vn -0.6144 0.5285 -0.5858
vn -0.8876 0.4464 -0.1135
vn -0.6553 0.5234 -0.5447
vn 0.0539 0.5498 -0.8336
vn -0.6553 0.5233 -0.5447
vn 0.0257 0.5430 -0.8393
vn 0.7404 0.6721 -0.0100
vn 0.7404 0.6721 -0.0080
vn 0.7030 0.6963 0.1451
vn 0.6866 0.7101 0.1559
vn 0.6873 0.7089 -0.1583
vn 0.7020 0.6952 -0.1544
vn 0.7404 0.6721 -0.0101
vn 0.7404 0.6721 -0.0081
vn -0.5316 -0.8351 -0.1418
vn -0.5306 -0.8476 0.0046
vn -0.5316 -0.8342 -0.1466
vn -0.5305 -0.8476 0.0046
vn -0.5305 -0.8477 0.0047
vn -0.5344 -0.8339 0.1383
vn -0.5342 -0.8346 0.1344
vn 0.7529 -0.3450 -0.5605
vn 0.8040 -0.5765 -0.1458
vn 0.7676 -0.3948 -0.5049
vn 0.8027 -0.5773 -0.1496
vn 0.5927 0.1634 -0.7887
vn 0.5958 0.1225 -0.7937
vn 0.5557 0.4026 -0.7274
vn 0.7531 0.6487 -0.1096
vn 0.7772 0.5881 -0.2237
vn 0.7030 0.6962 0.1452
vn 0.7773 0.5881 -0.2237
vn 0.7530 0.6488 -0.1094
vn 0.6708 0.3127 -0.6725
vn 0.6691 0.3198 -0.6709
vn 0.6096 0.4897 -0.6234
vn 0.6707 0.3129 -0.6725
vn 0.6581 -0.3723 0.6545
vn 0.6796 -0.6308 0.3746
vn 0.6584 -0.3460 0.6684
vn 0.6856 -0.6535 0.3209
vn 0.7317 0.6761 0.0866
vn 0.7559 0.6185 0.2144
vn 0.7020 0.6952 -0.1546
vn 0.6582 0.4026 0.6361
vn 0.6610 0.3967 0.6370
vn 0.7561 0.6184 0.2144
vn 0.5882 0.5322 0.6089
vn 0.6583 -0.3724 -0.6542
vn 0.6794 -0.6307 -0.3750
vn 0.6857 -0.6535 -0.3205
vn 0.6586 -0.3462 -0.6681
vn 0.5851 0.1684 0.7933
vn 0.5369 0.4586 0.7081
vn 0.5827 0.1995 0.7878
vn -0.8192 -0.5732 0.0193
vn -0.8161 -0.5776 -0.0198
vn -0.8160 -0.5776 -0.0217
vn -0.8197 -0.5726 0.0164
vn 0.9897 0.1430 -0.0002
vn 0.8268 0.2239 0.5159
vn 0.9032 0.2025 0.3784
vn 0.9034 0.2026 -0.3779
vn 0.8271 0.2240 -0.5155
vn 0.9897 0.1430 -0.0003
vn 0.9897 0.1429 -0.0003
vn -0.3442 -0.6184 0.7065
vn -0.4390 -0.5765 0.6891
vn -0.7374 -0.3723 0.5636
vn -0.8183 -0.5743 -0.0227
vn -0.8184 -0.5743 -0.0198
vn -0.3862 -0.5901 -0.7090
vn -0.7273 -0.3850 -0.5682
vn -0.4623 -0.5567 -0.6902
vn 0.8045 -0.5762 0.1442
vn 0.7500 -0.3294 0.5736
vn 0.7677 -0.3851 0.5122
vn 0.8036 -0.5762 0.1491
vn 0.5827 0.1994 0.7878
vn -0.1851 -0.5081 0.8412
vn -0.4317 -0.4560 0.7782
vn -0.4153 -0.4640 0.7824
vn -0.5987 -0.3594 0.7158
vn -0.1236 -0.4985 0.8580
vn 0.6794 -0.6308 -0.3748
vn 0.6963 -0.7178 -0.0003
vn 0.6857 -0.6536 -0.3203
vn 0.6963 -0.7178 -0.0004
vn 0.6963 -0.7178 -0.0001
vn 0.6796 -0.6309 0.3743
vn 0.6963 -0.7178 -0.0002
vn -0.1782 -0.4590 -0.8704
vn -0.4330 -0.4251 -0.7948
vn -0.0943 -0.4552 -0.8854
vn -0.4203 -0.4290 -0.7996
vn -0.5810 -0.3736 -0.7231
vn 0.8201 -0.5723 -0.0051
vn 0.8200 -0.5723 -0.0051
vn 0.8036 -0.5763 0.1491
vn 0.8040 -0.5765 -0.1457
vn 0.8027 -0.5773 -0.1495
vn 0.6493 -0.3791 0.6594
vn 0.6757 -0.6279 0.3863
vn 0.6501 -0.3585 0.6699
vn 0.6808 -0.6516 0.3346
vn 0.6495 -0.3792 -0.6591
vn 0.6758 -0.6280 -0.3858
vn 0.6807 -0.6515 -0.3350
vn 0.6503 -0.3586 -0.6697
vn 0.6918 -0.7221 -0.0001
vn 0.6757 -0.6280 0.3861
vn 0.6758 -0.6281 -0.3857
vn 0.6918 -0.7221 -0.0003
vn -0.1655 -0.6884 0.7062
vn -0.3608 -0.6642 0.6547
vn -0.6447 -0.5666 0.5131
vn -0.1655 -0.6886 -0.7060
vn -0.6445 -0.5664 -0.5135
vn -0.3607 -0.6640 -0.6550
vn -0.0777 -0.5577 0.8264
vn -0.4056 -0.5207 0.7513
vn -0.3617 -0.5216 0.7727
vn -0.5454 -0.5108 0.6646
vn -0.0240 -0.5673 0.8232
vn -0.6641 -0.6679 -0.3359
vn -0.3277 -0.6917 -0.6436
vn 0.0287 -0.6906 -0.7226
vn -0.7500 -0.6407 -0.1642
vn -0.3607 -0.6641 -0.6548
vn -0.3276 -0.6917 -0.6436
vn -0.7501 -0.6407 -0.1642
vn -0.8184 -0.5743 -0.0197
vn 0.0949 -0.7500 0.6546
vn -0.1343 -0.7189 0.6820
vn 0.1049 -0.7502 0.6529
vn -0.1265 -0.5296 -0.8388
vn -0.4058 -0.5209 -0.7510
vn -0.0817 -0.5317 -0.8430
vn -0.3616 -0.5214 -0.7729
vn -0.5454 -0.5108 -0.6646
vn 0.4575 0.3550 0.8153
vn 0.8268 0.2240 0.5159
vn 0.3791 0.4260 0.8215
vn 0.3792 0.4262 -0.8213
vn 0.8270 0.2240 -0.5156
vn 0.4573 0.3549 -0.8154
vn 0.9034 0.2026 -0.3780
vn -0.2497 -0.6713 0.6979
vn -0.6134 -0.6728 0.4136
vn 0.0755 -0.6776 0.7316
vn -0.7413 -0.6417 0.1969
vn 0.0754 -0.6776 0.7315
vn -0.1654 -0.6884 0.7062
vn -0.2495 -0.6713 0.6979
vn -0.3608 -0.6644 0.6545
vn -0.8197 -0.5726 0.0163
vn -0.6135 -0.6728 0.4135
vn -0.7413 -0.6416 0.1969
vn -0.6400 0.7561 -0.1369
vn -0.6440 0.7650 0.0036
vn -0.6399 0.7569 -0.1330
vn -0.6440 0.7650 0.0037
vn -0.6507 0.7531 0.0974
vn -0.6515 0.7519 0.1012
vn -0.1236 -0.4985 0.8581
vn -0.0201 -0.4778 0.8782
vn -0.0200 -0.4778 0.8782
vn 0.1574 -0.7585 -0.6324
vn -0.0338 -0.7507 -0.6598
vn 0.1427 -0.7588 -0.6355
vn -0.0337 -0.7507 -0.6598
vn -0.4799 0.8615 -0.1662
vn -0.4799 0.8772 0.0123
vn -0.4799 0.8616 -0.1652
vn -0.4807 0.8769 0.0046
vn -0.4799 0.8772 0.0125
vn -0.4855 0.8602 0.1559
vn -0.4847 0.8605 0.1569
vn -0.4807 0.8769 0.0047
vn 0.2962 -0.4389 0.8483
vn -0.2514 -0.7501 0.6117
vn 0.2766 -0.4447 0.8519
vn -0.2934 -0.7705 0.5658
vn -0.2934 -0.7705 0.5659
vn -0.5344 -0.8338 0.1384
vn -0.2514 -0.7500 0.6117
vn -0.5822 -0.0541 -0.8112
vn -0.6566 0.2033 -0.7263
vn -0.5909 -0.0307 -0.8062
vn -0.5817 -0.0589 0.8113
vn -0.5910 -0.0345 0.8059
vn -0.6566 0.2034 0.7263
vn 0.0326 -0.4445 -0.8952
vn -0.0941 -0.4552 -0.8854
vn -0.1781 -0.4590 -0.8704
vn 0.3068 -0.4388 -0.8446
vn -0.2603 -0.7473 -0.6114
vn -0.2963 -0.7647 -0.5722
vn 0.2892 -0.4436 -0.8483
vn -0.5316 -0.8342 -0.1467
vn -0.2964 -0.7647 -0.5722
vn 0.1390 0.6327 0.7618
vn 0.3790 0.4260 0.8215
vn 0.1449 0.6273 0.7652
vn 0.4574 0.3550 0.8153
vn 0.1390 0.6330 -0.7616
vn 0.3792 0.4263 -0.8213
vn 0.1449 0.6271 -0.7653
vn -0.2035 -0.5810 0.7881
vn -0.7668 -0.5714 0.2926
vn -0.0367 -0.6857 0.7269
vn -0.4389 -0.5767 0.6891
vn -0.0367 -0.6857 0.7270
vn -0.9186 0.3683 0.1431
vn -0.9212 0.3891 0.0007
vn -0.9188 0.3694 0.1393
vn -0.9219 0.3724 -0.1066
vn -0.9196 0.3644 -0.1466
vn 0.0110 -0.7850 0.6194
vn -0.1587 -0.7469 0.6457
vn -0.1586 -0.7469 0.6457
vn -0.0045 -0.7825 0.6226
vn 0.0170 -0.7852 -0.6190
vn -0.1578 -0.7473 -0.6455
vn 0.0082 -0.7839 -0.6208
vn -0.1577 -0.7473 -0.6455
vn -0.4016 -0.8552 0.3277
vn -0.4720 -0.4514 0.7572
vn -0.4036 -0.8330 0.3785
vn -0.4553 -0.5186 0.7237
vn -0.5910 -0.0347 0.8059
vn -0.5816 -0.0592 0.8113
vn -0.4768 -0.4728 -0.7410
vn -0.3977 -0.8640 -0.3087
vn -0.3998 -0.8468 -0.3507
vn -0.4604 -0.5443 -0.7012
vn -0.5822 -0.0542 -0.8112
vn -0.1588 -0.4406 -0.8836
vn -0.1325 -0.5150 -0.8469
vn -0.0807 -0.6422 -0.7622
vn -0.1588 -0.4406 -0.8835
vn -0.3861 -0.5901 -0.7090
vn -0.0806 -0.6423 -0.7622
vn -0.1324 -0.5151 -0.8469
vn -0.4621 -0.5568 -0.6902
vn 0.4864 -0.2248 -0.8443
vn 0.6416 -0.0170 -0.7669
vn 0.4677 -0.2463 -0.8489
vn -0.5755 -0.0112 0.8177
vn -0.5772 0.0581 0.8145
vn -0.5456 0.3982 0.7374
vn 0.4794 -0.8775 0.0105
vn 0.4794 -0.8776 -0.0002
vn 0.4794 -0.8776 -0.0003
vn 0.4798 -0.8773 -0.0110
vn -0.0133 0.7471 0.6646
vn 0.1389 0.6328 0.7618
vn 0.5100 -0.1840 0.8403
vn 0.2659 -0.5763 0.7728
vn 0.4993 -0.1948 0.8442
vn 0.2123 -0.6624 0.7184
vn 0.6339 -0.0318 0.7728
vn 0.1447 0.6271 -0.7654
vn -0.0133 0.7469 -0.6648
vn 0.4863 -0.2250 -0.8443
vn 0.2551 -0.4552 -0.8531
vn 0.2142 -0.4905 -0.8447
vn 0.4676 -0.2464 -0.8489
vn 0.0892 -0.8241 -0.5594
vn 0.0629 -0.9013 -0.4287
vn 0.2191 -0.9757 -0.0002
vn 0.1195 -0.9150 0.3853
vn 0.0746 -0.8478 0.5250
vn 0.0746 -0.8480 -0.5247
vn 0.1195 -0.9149 -0.3857
vn 0.2191 -0.9757 -0.0003
vn -0.6321 -0.5431 -0.5527
vn -0.6321 -0.7627 -0.1369
vn -0.6320 -0.7626 -0.1378
vn -0.6340 -0.5656 -0.5273
vn -0.5723 0.0610 -0.8178
vn -0.5695 -0.0015 -0.8220
vn -0.5695 -0.0014 -0.8220
vn -0.5519 0.3694 -0.7477
vn -0.3977 -0.8641 -0.3085
vn -0.3774 -0.9260 -0.0022
vn -0.3998 -0.8469 -0.3506
vn -0.4036 -0.8330 0.3784
vn -0.4016 -0.8552 0.3276
vn -0.8265 0.1538 0.5416
vn -0.9186 0.3683 0.1432
vn -0.8449 0.1889 0.5005
vn -0.6379 0.0181 0.7699
vn -0.6385 0.0162 0.7694
vn -0.6218 0.1555 0.7676
vn -0.3011 0.4524 -0.8395
vn -0.0933 0.6479 -0.7560
vn -0.2785 0.4776 -0.8332
vn 0.3821 0.5501 0.7426
vn 0.5254 0.3226 0.7873
vn 0.3861 0.3530 0.8522
vn 0.2728 0.6338 0.7238
vn 0.2777 0.3706 0.8863
vn 0.3861 0.3531 0.8522
vn 0.2728 0.6341 -0.7235
vn 0.3822 0.5502 -0.7424
vn 0.5252 0.3225 -0.7875
vn 0.3860 0.3529 -0.8523
vn 0.3859 0.3529 -0.8524
vn 0.2775 0.3704 -0.8865
vn 0.2776 0.3704 -0.8864
vn -0.6311 -0.7648 0.1296
vn -0.6320 -0.5667 0.5286
vn -0.6311 -0.7647 0.1306
vn -0.6340 -0.5812 0.5102
vn -0.5772 0.0580 0.8145
vn -0.5755 -0.0114 0.8177
vn 0.3380 -0.6787 -0.6520
vn -0.0816 -0.5317 -0.8430
vn 0.3322 -0.6767 -0.6570
vn -0.1265 -0.5295 -0.8388
vn 0.5906 -0.7731 -0.2315
vn 0.5909 -0.7745 -0.2258
vn -0.8413 0.1850 -0.5080
vn -0.8216 0.1499 -0.5500
vn -0.9196 0.3644 -0.1467
vn -0.6398 0.0210 -0.7683
vn -0.6398 0.0191 -0.7683
vn -0.6218 0.1555 -0.7676
vn 0.0433 -0.9274 0.3715
vn 0.2122 -0.6625 0.7184
vn 0.0355 -0.9448 0.3257
vn -0.6968 0.7025 -0.1448
vn -0.7455 0.6664 0.0115
vn -0.7075 0.6917 -0.1448
vn -0.7455 0.6664 0.0094
vn 0.9996 0.0208 0.0195
vn 0.9998 0.0210 -0.0022
vn 0.9996 0.0210 0.0193
vn 0.9859 0.0025 -0.1671
vn 0.9889 0.0054 -0.1485
vn -0.7071 0.6914 0.1481
vn -0.7455 0.6664 0.0095
vn -0.6995 0.7003 0.1423
vn 0.5540 0.1069 0.8256
vn 0.5579 0.0445 0.8287
vn 0.4856 0.4515 0.7485
vn 0.5480 0.1109 -0.8291
vn 0.4944 0.4236 -0.7590
vn 0.5520 0.0533 -0.8321
vn -0.1900 -0.4789 0.8571
vn -0.2543 -0.4524 0.8548
vn -0.2543 0.4894 0.8341
vn -0.6065 0.2241 0.7628
vn -0.2416 0.5040 0.8292
vn -0.6836 0.1645 0.7111
vn -0.1073 0.6387 0.7620
vn -0.1899 -0.4787 -0.8572
vn 0.0747 -0.8481 -0.5246
vn -0.2545 -0.4526 -0.8547
vn 0.1196 -0.9149 -0.3857
vn -0.6477 -0.7619 0.0046
vn -0.6477 -0.7618 0.0046
vn -0.6477 -0.7618 0.0047
vn -0.6311 -0.7647 0.1305
vn -0.2153 0.8311 -0.5127
vn -0.4799 0.8614 -0.1662
vn -0.2125 0.8305 -0.5149
vn 0.3695 0.5601 -0.7415
vn 0.3538 0.5667 -0.7441
vn -0.0572 0.6251 0.7785
vn -0.2475 0.6807 0.6895
vn -0.0690 0.6293 0.7741
vn 0.4132 -0.6993 0.5834
vn -0.0238 -0.5673 0.8232
vn 0.3926 -0.6931 0.6046
vn 0.6035 -0.7674 0.2164
vn 0.6025 -0.7665 0.2223
vn 0.8278 -0.1973 -0.5252
vn 0.7414 -0.2826 -0.6086
vn 0.9889 0.0054 -0.1486
vn -0.0574 0.6253 -0.7783
vn -0.0689 0.6291 -0.7743
vn -0.2475 0.6807 -0.6895
vn 0.0043 -0.9999 0.0134
vn 0.0628 -0.9013 -0.4286
vn 0.0043 -0.9999 0.0114
vn 0.0043 -0.9999 0.0135
vn 0.0355 -0.9448 0.3256
vn 0.0043 -0.9999 0.0116
vn -0.4838 0.2251 -0.8457
vn -0.5150 0.1811 -0.8378
vn -0.8323 0.0268 -0.5537
vn -0.9053 -0.0063 -0.4248
vn -0.2786 0.4775 -0.8333
vn -0.3011 0.4523 -0.8395
vn -0.6994 0.7004 0.1422
vn -0.7502 0.6037 -0.2696
vn -0.7523 0.5815 -0.3097
vn -0.6567 0.3344 -0.6759
vn -0.7502 0.6037 -0.2697
vn -0.7524 0.5814 -0.3097
vn -0.6598 0.3238 -0.6781
vn -0.6567 0.3345 -0.6759
vn -0.6333 0.4028 -0.6609
vn -0.7612 0.5854 0.2790
vn -0.6967 0.7026 -0.1447
vn -0.7074 0.6918 -0.1448
vn -0.7624 0.5732 0.3002
vn -0.7625 0.5732 0.3002
vn -0.6535 0.3158 0.6879
vn -0.6564 0.3011 0.6917
vn -0.6255 0.4267 0.6532
vn -0.6535 0.3159 0.6879
vn -0.3853 0.7777 0.4967
vn -0.3733 0.7762 0.5081
vn 0.2503 0.6106 0.7514
vn 0.2346 0.6134 0.7541
vn -0.1353 0.6145 -0.7772
vn 0.0287 0.6554 -0.7547
vn 0.0423 0.6582 -0.7516
vn 0.4436 0.3656 -0.8183
vn 0.3296 0.5889 -0.7380
vn 0.4506 0.3472 -0.8225
vn 0.4462 0.3626 0.8182
vn 0.4541 0.3430 0.8223
vn 0.3296 0.5889 0.7379
vn -0.4856 0.8602 0.1559
vn -0.2359 0.8432 0.4831
vn -0.2164 0.8370 0.5025
vn -0.2163 0.8371 0.5025
vn 0.3626 0.5629 0.7428
vn 0.3538 0.5659 0.7447
vn -0.6836 0.1644 0.7111
vn -0.9298 -0.0297 0.3669
vn -0.9456 -0.0395 0.3230
vn -0.6066 0.2239 0.7628
vn 0.0287 0.6619 0.7490
vn -0.0933 0.6349 0.7669
vn 0.0403 0.6642 0.7464
vn 0.1127 -0.6330 0.7659
vn 0.0982 -0.6319 0.7688
vn 0.3948 -0.6262 0.6723
vn 0.0005 -0.6523 0.7579
vn -0.0113 -0.6492 0.7605
vn 0.2768 -0.6979 0.6606
vn 0.5481 0.1108 -0.8291
vn 0.6680 -0.4827 -0.5663
vn 0.6731 -0.5052 -0.5401
vn 0.5521 0.0532 -0.8321
vn 0.6946 -0.7024 -0.1555
vn 0.6941 -0.7029 -0.1554
vn 0.2726 0.6339 0.7238
vn -0.0405 0.7946 0.6057
vn 0.2727 0.6341 -0.7236
vn -0.0406 0.7949 -0.6054
vn 0.3822 0.5503 -0.7424
vn -0.4388 0.8986 0.0066
vn -0.4389 0.8985 0.0066
vn -0.4242 0.9053 0.0222
vn -0.4183 0.9081 0.0173
vn -0.3804 0.9173 0.1179
vn -0.3872 0.9162 0.1032
vn -0.0630 0.9978 0.0193
vn -0.0630 0.9980 -0.0022
vn -0.0629 0.9978 0.0189
vn -0.0796 0.9824 -0.1691
vn -0.0777 0.9855 -0.1506
vn 0.5539 0.1069 0.8257
vn 0.6716 -0.5059 0.5413
vn 0.5579 0.0444 0.8287
vn 0.6757 -0.5216 0.5209
vn 0.6933 -0.7051 0.1491
vn 0.6934 -0.7052 0.1481
vn 0.6182 -0.2717 0.7376
vn 0.7240 -0.1088 0.6811
vn 0.6190 -0.2707 0.7373
vn 0.4015 -0.3782 0.8341
vn 0.6181 -0.2718 0.7376
vn 0.6189 -0.2707 0.7373
vn 0.2465 -0.3589 0.9002
vn 0.5791 -0.3225 -0.7488
vn 0.5898 -0.3099 -0.7458
vn 0.7297 -0.0953 -0.6771
vn 0.7415 -0.2827 -0.6085
vn 0.8280 -0.1986 -0.5244
vn -0.1636 0.9865 -0.0002
vn -0.1635 0.9859 0.0368
vn -0.1635 0.9858 -0.0373
vn -0.1636 0.9865 -0.0003
vn -0.0248 -0.6544 -0.7557
vn 0.2956 -0.6968 -0.6535
vn -0.0357 -0.6516 -0.7577
vn 0.6086 -0.7932 0.0203
vn 0.6087 -0.7932 0.0173
vn 0.6035 -0.7675 0.2164
vn 0.6025 -0.7665 0.2222
vn 0.5906 -0.7731 -0.2314
vn 0.5909 -0.7745 -0.2257
vn 0.6837 0.7297 0.0105
vn 0.6282 0.7609 -0.1623
vn 0.6389 0.7522 -0.1613
vn 0.6837 0.7297 0.0114
vn 0.6306 0.7595 0.1597
vn 0.6837 0.7297 0.0115
vn 0.6390 0.7514 0.1648
vn -0.2036 0.8817 -0.4257
vn -0.2817 0.9170 -0.2823
vn -0.9053 -0.0063 -0.4247
vn -0.9970 -0.0756 0.0134
vn -0.9971 -0.0756 0.0114
vn -0.9970 -0.0756 0.0135
vn -0.9456 -0.0395 0.3229
vn -0.9299 -0.0298 0.3666
vn -0.9971 -0.0756 0.0115
vn -0.2631 0.8048 -0.5321
vn -0.3393 0.7082 -0.6191
vn 0.7090 -0.7052 0.0056
vn 0.7090 -0.7052 0.0057
vn -0.0688 0.6293 0.7741
vn 0.2873 0.4894 0.8234
vn 0.2044 0.5246 0.8264
vn 0.7010 0.6484 -0.2969
vn 0.6964 0.6701 -0.2570
vn 0.6963 0.6702 -0.2569
vn 0.6319 0.3899 -0.6698
vn 0.6368 0.3783 -0.6718
vn 0.0277 0.7222 0.6911
vn 0.1498 0.6857 0.7123
vn -0.3110 0.7592 0.5718
vn 0.0276 0.7219 -0.6914
vn -0.3111 0.7589 -0.5722
vn 0.1498 0.6859 -0.7121
vn 0.6281 0.7610 -0.1623
vn 0.7093 0.6527 0.2663
vn 0.6389 0.7522 -0.1615
vn 0.7117 0.6426 0.2837
vn 0.6312 0.3725 0.6803
vn 0.7092 0.6527 0.2663
vn 0.7118 0.6425 0.2837
vn 0.6366 0.3547 0.6848
vn 0.4462 0.3624 0.8183
vn 0.6404 -0.0258 0.7676
vn 0.6747 -0.0902 0.7326
vn 0.8511 -0.3556 0.3862
vn 0.8657 -0.3751 0.3315
vn -0.3500 0.5549 -0.7547
vn -0.3645 0.5402 -0.7585
vn -0.1502 0.7153 -0.6825
vn -0.3138 0.5881 0.7454
vn -0.1626 0.7082 0.6870
vn -0.3179 0.5845 0.7466
vn 0.4436 0.3655 -0.8183
vn 0.6583 -0.0385 -0.7518
vn 0.6963 -0.1059 -0.7099
vn 0.4506 0.3471 -0.8225
vn 0.8582 -0.3693 -0.3566
vn 0.8691 -0.3841 -0.3117
vn 0.0510 0.5902 -0.8057
vn 0.0316 0.5998 -0.7995
vn -0.1416 0.6710 -0.7278
vn 0.2289 0.4913 -0.8404
vn 0.1575 0.5294 -0.8336
vn 0.4824 0.3967 -0.7810
vn 0.5820 0.3616 -0.7284
vn -0.0572 0.6253 -0.7783
vn 0.2287 0.4913 -0.8404
vn 0.0112 -0.7850 0.6194
vn 0.2282 -0.7979 0.5579
vn -0.5250 -0.3149 0.7907
vn -0.6833 -0.2047 0.7009
vn -0.5182 -0.3188 0.7936
vn -0.2544 -0.4524 0.8548
vn 0.0414 0.6163 0.7864
vn -0.1398 0.7008 0.6995
vn 0.0267 0.6239 0.7811
vn 0.0083 -0.7839 -0.6208
vn 0.2444 -0.7961 -0.5536
vn -0.5248 -0.3148 -0.7909
vn -0.5180 -0.3187 -0.7938
vn -0.6830 -0.2045 -0.7012
vn -0.2545 -0.4526 -0.8546
vn 0.5926 0.4786 0.6480
vn 0.6366 0.3547 0.6847
vn 0.0162 0.5374 0.8432
vn 0.0434 0.5451 0.8372
vn 0.2393 0.5921 0.7695
vn 0.0952 -0.7500 0.6546
vn 0.3950 -0.7268 0.5619
vn 0.1049 -0.7502 0.6528
vn 0.4404 0.8873 0.1372
vn 0.4277 0.9039 0.0008
vn 0.4405 0.8866 0.1412
vn 0.4277 0.9039 0.0007
vn 0.4407 0.8909 -0.1096
vn 0.4434 0.8846 -0.1446
vn -0.1528 0.8672 0.4740
vn 0.0092 0.7675 0.6410
vn 0.1575 -0.7585 -0.6324
vn 0.1430 -0.7587 -0.6355
vn 0.3949 -0.7268 -0.5620
vn 0.1097 -0.3352 0.9357
vn 0.6028 0.4554 -0.6551
vn -0.3179 0.5843 0.7467
vn -0.3725 0.1685 0.9126
vn -0.4049 0.3413 0.8483
vn -0.3139 0.5881 0.7454
vn -0.3646 0.5401 -0.7585
vn 0.0259 0.5430 -0.8393
vn 0.2970 0.5930 -0.7484
vn 0.0541 0.5499 -0.8335
vn -0.3725 0.1684 0.9126
vn -0.3353 0.0191 0.9419
vn -0.3355 0.0190 0.9419
vn -0.3226 0.7636 -0.5594
vn -0.3364 0.7659 -0.5479
vn -0.3226 0.7635 -0.5594
vn 0.2834 0.5929 -0.7537
vn 0.2765 0.5938 -0.7556
vn 0.2766 0.5938 -0.7555
vn 0.5263 0.5362 -0.6600
vn 0.2835 0.5929 -0.7537
vn 0.4749 0.4457 -0.7588
vn 0.4777 0.4428 -0.7588
vn 0.3725 0.5329 -0.7598
vn 0.4755 0.4435 0.7598
vn 0.3723 0.5326 0.7601
vn 0.4784 0.4405 0.7597
vn -0.5823 0.1324 0.8021
vn -0.5615 0.4045 0.7219
vn -0.5822 0.1089 0.8058
vn 0.3634 0.3997 -0.8415
vn 0.0317 0.5997 -0.7996
vn 0.2884 0.4526 -0.8438
vn 0.0512 0.5902 -0.8057
vn 0.0268 0.6238 0.7811
vn 0.3536 0.4035 0.8439
vn 0.2767 0.4643 0.8413
vn 0.0414 0.6164 0.7864
vn -0.5890 0.0962 -0.8024
vn -0.5881 0.0612 -0.8065
vn -0.5752 0.3460 -0.7412
vn 0.4297 -0.9029 -0.0149
vn 0.5081 -0.8411 0.1852
vn 0.5664 -0.7442 0.3540
vn 0.4289 -0.9032 -0.0149
vn 0.4404 0.8873 0.1373
vn 0.4405 0.8866 0.1413
vn 0.5196 0.6681 0.5326
vn 0.5098 0.7040 0.4945
vn 0.4755 0.4434 0.7598
vn -0.3502 0.9360 -0.0364
vn -0.3501 0.9367 -0.0003
vn -0.3501 0.9367 -0.0002
vn -0.3501 0.9360 0.0359
vn -0.3502 0.9360 0.0359
vn 0.8967 -0.4427 -0.0022
vn 0.8691 -0.3841 -0.3116
vn 0.8582 -0.3694 -0.3564
vn 0.8657 -0.3751 0.3314
vn 0.8512 -0.3556 0.3860
vn 0.5198 0.6594 -0.5431
vn 0.5098 0.7002 -0.4999
vn 0.4434 0.8846 -0.1448
vn 0.4960 -0.8621 -0.1037
vn 0.4297 -0.9028 -0.0149
vn 0.5322 -0.8319 -0.1573
vn 0.6475 -0.7306 -0.2169
vn 0.6055 -0.7958 0.0075
vn 0.6746 -0.6670 -0.3163
vn 0.6055 -0.7958 0.0066
vn 0.6055 -0.7958 0.0076
vn 0.6494 -0.7324 0.2047
vn 0.6828 -0.6741 0.2817
vn 0.1223 0.7044 -0.6992
vn -0.2030 0.7886 -0.5805
vn 0.2327 0.6544 -0.7195
vn 0.8515 0.3597 0.3814
vn 0.7443 0.3607 0.5621
vn 0.3537 0.4035 0.8439
vn 0.2767 0.4643 0.8414
vn 0.0404 0.6642 0.7464
vn 0.2049 0.6828 0.7013
vn 0.0287 0.6620 0.7490
vn 0.1066 0.7293 0.6758
vn 0.2053 0.6866 0.6975
vn -0.1983 0.8033 0.5615
vn 0.7487 0.3634 -0.5544
vn 0.3636 0.3996 -0.8415
vn 0.8511 0.3615 -0.3807
vn -0.6605 0.1108 0.7426
vn -0.6576 0.1567 0.7368
vn -0.5715 0.5470 0.6117
vn -0.6602 0.1108 -0.7428
vn -0.5716 0.5473 -0.6114
vn -0.6574 0.1567 -0.7371
vn 0.0424 0.6582 -0.7516
vn 0.0289 0.6554 -0.7547
vn 0.2580 0.6802 -0.6862
vn 0.6950 0.3702 0.6164
vn 0.7069 0.3665 0.6049
vn 0.9087 0.3741 0.1853
vn 0.7070 0.3665 0.6048
vn 0.6951 0.3702 0.6163
vn 0.9084 0.3471 0.2331
vn 0.5821 0.3616 -0.7283
vn 0.4825 0.3967 -0.7809
vn 0.8338 0.3674 -0.4121
vn 0.8765 0.4015 -0.2657
vn -0.4309 -0.5616 0.7063
vn -0.2047 -0.6616 0.7214
vn -0.5286 -0.4974 0.6879
vn -0.7719 -0.2671 0.5769
vn -0.4807 -0.4787 0.7347
vn -0.2048 -0.6616 0.7214
vn -0.4808 -0.4787 0.7346
vn -0.8213 -0.3215 0.4713
vn -0.9254 -0.2668 0.2691
vn -0.4308 -0.5614 -0.7066
vn -0.2046 -0.6613 -0.7217
vn -0.4809 -0.4789 -0.7344
vn -0.5284 -0.4972 -0.6882
vn -0.7719 -0.2671 -0.5769
vn -0.8215 -0.3217 -0.4708
vn -0.4810 -0.4788 -0.7344
vn -0.2047 -0.6614 -0.7216
vn -0.9256 -0.2668 -0.2686
vn 0.3185 0.6045 -0.7301
vn 0.1448 0.6684 -0.7296
vn -0.2817 0.9170 -0.2824
vn 0.3185 0.6046 -0.7301
vn 0.0279 0.7219 -0.6914
vn 0.1449 0.6683 -0.7296
vn 0.2963 -0.4389 0.8483
vn 0.2768 -0.4446 0.8519
vn 0.5083 -0.3644 0.7803
vn -0.6582 0.1420 0.7393
vn -0.6563 0.1723 0.7346
vn -0.5792 0.5391 0.6115
vn -0.6584 0.1420 -0.7391
vn -0.5792 0.5394 -0.6112
vn -0.6566 0.1723 -0.7343
vn 0.3303 -0.5645 -0.7565
vn 0.3275 -0.5657 -0.7568
vn 0.5688 -0.4614 -0.6809
vn 0.3302 -0.5645 -0.7565
vn 0.1370 -0.6143 -0.7771
vn 0.3274 -0.5657 -0.7568
vn 0.1371 -0.6143 -0.7771
vn 0.3314 -0.5706 0.7514
vn 0.5247 -0.4915 0.6950
vn 0.1820 -0.6116 0.7700
vn 0.3313 -0.5706 0.7514
vn 0.3070 -0.4387 -0.8446
vn 0.5588 -0.3346 -0.7588
vn 0.2893 -0.4435 -0.8483
vn 0.4961 -0.8621 -0.1037
vn 0.6035 -0.7490 -0.2736
vn 0.6035 -0.7490 -0.2733
vn 0.3340 0.5049 0.7959
vn 0.4112 0.5206 0.7483
vn 0.0092 0.7676 0.6409
vn 0.0279 0.7222 0.6911
vn 0.2054 0.7062 -0.6776
vn 0.4241 0.6331 -0.6475
vn 0.4016 0.6428 -0.6523
vn 0.2511 0.6993 0.6693
vn 0.0013 0.7186 0.6954
vn 0.2619 0.6973 0.6672
vn 0.0014 0.7186 0.6954
vn -0.8136 0.5813 -0.0100
vn -0.7777 0.6097 -0.1535
vn -0.7646 0.6250 -0.1573
vn -0.8137 0.5813 -0.0081
vn -0.7785 0.6106 0.1452
vn -0.8137 0.5813 -0.0080
vn -0.7642 0.6264 0.1540
vn -0.8391 0.4984 -0.2179
vn -0.8216 0.5598 -0.1076
vn -0.7641 0.6264 0.1540
vn -0.8215 0.5599 -0.1076
vn -0.8392 0.4983 -0.2178
vn -0.7112 0.2445 -0.6591
vn 0.5080 -0.8412 0.1853
vn 0.6113 -0.4826 0.6273
vn 0.5665 -0.7442 0.3539
vn -0.7112 0.2447 -0.6591
vn -0.6672 0.4141 -0.6192
vn -0.7100 0.2485 -0.6589
vn -0.8045 0.5878 0.0856
vn -0.8223 0.5286 0.2105
vn -0.7776 0.6097 -0.1537
vn -0.7090 0.3225 0.6272
vn -0.7064 0.3295 0.6265
vn -0.8224 0.5285 0.2106
vn -0.6498 0.4592 0.6057
vn 0.5539 0.7913 -0.2589
vn 0.4848 0.8746 0.0095
vn 0.5234 0.8289 -0.1973
vn 0.4848 0.8746 0.0084
vn 0.5226 0.8311 0.1901
vn 0.4848 0.8746 0.0086
vn 0.5481 0.8061 0.2233
vn -0.9792 -0.2027 -0.0002
vn -0.8216 -0.3216 -0.4707
vn -0.9793 -0.2025 -0.0002
vn -0.9256 -0.2668 -0.2685
vn -0.8214 -0.3216 0.4711
vn -0.9793 -0.2025 -0.0003
vn -0.9255 -0.2668 0.2690
vn -0.7132 0.6692 0.2087
vn -0.7221 0.6918 -0.0002
vn -0.7118 0.6630 0.2319
vn -0.7221 0.6918 -0.0003
vn -0.7133 0.6693 -0.2082
vn -0.7119 0.6630 -0.2315
vn -0.6973 -0.4123 0.5863
vn -0.5823 0.1323 0.8021
vn -0.5822 0.1088 0.8058
vn -0.7109 -0.4747 0.5189
vn -0.7299 -0.6673 0.1482
vn -0.7288 -0.6672 0.1540
vn 0.6475 -0.7305 -0.2169
vn 0.6747 -0.6668 -0.3164
vn 0.7004 -0.5150 -0.4942
vn 0.7004 -0.5150 -0.4941
vn -0.5890 0.0960 -0.8024
vn -0.6991 -0.4278 -0.5729
vn -0.5881 0.0610 -0.8065
vn -0.7110 -0.4835 -0.5106
vn -0.7288 -0.6682 -0.1496
vn -0.7278 -0.6682 -0.1545
vn 0.9019 0.4317 0.0134
vn 0.9087 0.3742 0.1851
vn 0.9019 0.4318 0.0135
vn 0.9084 0.3471 0.2329
vn 0.8765 0.4015 -0.2656
vn 0.9019 0.4318 0.0134
vn 0.8338 0.3674 -0.4120
vn 0.7266 -0.5411 0.4234
vn 0.7266 -0.5412 0.4233
vn 0.6828 -0.6740 0.2819
vn 0.6493 -0.7325 0.2047
vn 0.2679 0.3540 0.8961
vn 0.2678 0.3540 0.8961
vn 0.3390 0.4056 0.8489
vn 0.4247 0.4659 0.7763
vn 0.4247 0.4658 0.7763
vn 0.3390 0.4057 0.8488
vn 0.2054 0.6865 0.6975
vn 0.1068 0.7293 0.6758
vn 0.4524 0.4282 -0.7823
vn 0.3555 0.3801 -0.8539
vn 0.2805 0.3411 -0.8972
vn 0.2804 0.3412 -0.8972
vn 0.4524 0.4281 -0.7823
vn 0.2327 0.6543 -0.7195
vn 0.1225 0.7044 -0.6992
vn 0.4697 0.6192 0.6292
vn 0.3088 0.6874 0.6574
vn 0.3087 0.6874 0.6574
vn 0.4591 0.6242 0.6322
vn -0.7090 0.6757 0.2017
vn -0.7183 0.6958 -0.0002
vn -0.7070 0.6698 0.2270
vn -0.7183 0.6957 -0.0002
vn -0.7183 0.6958 -0.0003
vn -0.7089 0.6757 -0.2022
vn -0.7070 0.6699 -0.2266
vn 0.2950 0.6964 -0.6542
vn 0.1019 0.7257 -0.6805
vn 0.3138 0.6917 -0.6505
vn 0.1019 0.7256 -0.6805
vn -0.7248 0.5071 0.4663
vn -0.7070 0.6698 0.2271
vn -0.7267 0.4738 0.4974
vn -0.7090 0.6757 0.2018
vn -0.7247 0.5070 -0.4667
vn -0.7265 0.4738 -0.4977
vn -0.7451 -0.6669 -0.0051
vn -0.7451 -0.6669 -0.0052
vn -0.7299 -0.6673 0.1481
vn -0.7267 0.5090 0.4614
vn -0.7118 0.6630 0.2320
vn -0.7279 0.4877 0.4820
vn -0.6985 0.3353 0.6322
vn -0.6955 0.3431 0.6313
vn -0.6702 0.4115 0.6177
vn -0.7265 0.5089 -0.4618
vn -0.7277 0.4876 -0.4824
vn -0.6982 0.3352 -0.6325
vn -0.6953 0.3430 -0.6316
vn -0.6702 0.4115 -0.6177
vn 0.5540 0.7913 -0.2589
vn 0.5234 0.8289 -0.1972
vn 0.6077 0.6947 -0.3849
vn 0.5482 0.8060 0.2233
vn 0.6048 0.7367 0.3025
vn 0.5225 0.8312 0.1901
vn 0.6048 0.7367 0.3023
vn 0.9449 0.3274 -0.0003
vn 0.9449 0.3274 -0.0002
vn 0.8516 0.3597 0.3814
vn 0.3540 0.5658 0.7447
vn 0.3627 0.5629 0.7427
vn 0.6318 0.4259 0.6477
vn 0.6465 0.4144 -0.6406
vn 0.3697 0.5601 -0.7414
vn 0.8845 0.2083 0.4174
vn 0.6919 -0.0708 0.7185
vn 0.9133 0.3327 0.2351
vn 0.6919 -0.0708 0.7186
vn -0.6640 -0.2346 0.7100
vn -0.6402 0.2132 0.7380
vn -0.6614 -0.1683 0.7309
vn -0.6408 0.2025 0.7405
vn -0.6408 0.2026 0.7405
vn -0.6401 0.2135 0.7380
vn -0.6035 0.4565 0.6537
vn -0.6400 0.2132 -0.7382
vn -0.6612 -0.1683 -0.7311
vn -0.6406 0.2024 -0.7407
vn -0.6642 -0.2347 -0.7097
vn -0.6406 0.2025 -0.7407
vn -0.6035 0.4565 -0.6537
vn -0.6400 0.2133 -0.7382
vn -0.7706 0.5920 0.2359
vn -0.7655 0.6435 -0.0002
vn -0.7698 0.5579 0.3101
vn -0.7655 0.6434 -0.0001
vn -0.7655 0.6435 -0.0003
vn -0.7707 0.5921 -0.2355
vn -0.7699 0.5580 -0.3096
vn -0.7084 0.2114 0.6734
vn -0.6676 0.4020 0.6266
vn -0.7100 0.1976 0.6759
vn -0.7082 0.2114 -0.6736
vn -0.7102 0.1977 -0.6757
vn -0.6674 0.4018 -0.6270
vn -0.7248 0.5071 0.4664
vn -0.7266 0.4738 0.4976
vn -0.6945 0.2854 0.6605
vn -0.6954 0.2835 0.6604
vn -0.6815 0.3236 0.6564
vn -0.6945 0.2855 0.6605
vn -0.6947 0.2856 -0.6602
vn -0.6956 0.2836 -0.6601
vn -0.7265 0.4736 -0.4979
vn -0.6817 0.3236 -0.6561
vn 0.2347 0.6134 0.7541
vn 0.5266 0.5363 0.6596
vn -0.6581 -0.3721 0.6545
vn -0.6563 0.1722 0.7346
vn -0.6584 -0.3460 0.6684
vn -0.6582 0.1419 0.7393
vn -0.6587 -0.3461 -0.6681
vn -0.6584 -0.3722 -0.6542
vn -0.7465 0.1597 0.6460
vn -0.7641 0.3443 0.5455
vn -0.7698 0.5578 0.3102
vn -0.7706 0.5920 0.2360
vn -0.7643 0.3445 -0.5452
vn -0.7699 0.5579 -0.3098
vn -0.7707 0.5920 -0.2355
vn -0.7462 0.1596 -0.6463
vn -0.6496 -0.3782 0.6595
vn -0.6762 -0.6272 0.3864
vn -0.6818 -0.6505 0.3346
vn -0.6507 -0.3567 0.6703
vn -0.6576 0.1567 0.7369
vn -0.6763 -0.6274 -0.3860
vn -0.6509 -0.3568 -0.6701
vn -0.6498 -0.3783 -0.6593
vn -0.6817 -0.6504 -0.3350
vn -0.6574 0.1566 -0.7371
vn -0.6603 0.1106 -0.7428
vn 0.4592 0.6241 0.6322
vn 0.6555 0.5023 0.5639
vn 0.4699 0.6192 0.6292
vn 0.4017 0.6428 -0.6523
vn 0.4242 0.6331 -0.6475
vn 0.6671 0.4916 -0.5597
vn 0.8758 -0.3849 -0.2911
vn 0.8554 -0.2474 -0.4551
vn 0.8734 -0.4274 -0.2336
vn 0.8624 -0.5061 0.0095
vn 0.8741 -0.4339 0.2184
vn 0.8795 -0.4015 0.2554
vn 0.8624 -0.5061 0.0086
vn 0.8734 -0.4272 -0.2336
vn 0.8758 -0.3850 -0.2910
vn 0.8624 -0.5062 0.0085
vn 0.8831 -0.2914 0.3678
vn 0.8830 -0.2914 0.3679
vn -0.6582 -0.3722 0.6544
vn -0.6797 -0.6308 0.3744
vn -0.6857 -0.6533 0.3209
vn -0.6585 -0.3460 0.6683
vn -0.6795 -0.6306 -0.3750
vn -0.6584 -0.3724 -0.6541
vn -0.6858 -0.6535 -0.3204
vn -0.7269 -0.5422 0.4215
vn -0.7363 -0.5820 0.3452
vn -0.6614 -0.1684 0.7309
vn -0.7267 -0.5421 -0.4219
vn -0.6642 -0.2348 -0.7097
vn -0.7361 -0.5819 -0.3457
vn -0.7641 0.3441 0.5456
vn -0.7464 0.1596 0.6461
vn -0.7100 0.1976 0.6760
vn -0.7084 0.2113 0.6734
vn -0.7102 0.1975 -0.6757
vn -0.7082 0.2113 -0.6737
vn -0.7462 0.1595 -0.6463
vn -0.7643 0.3442 -0.5453
vn 0.2620 0.6973 0.6672
vn 0.5606 0.6027 0.5678
vn 0.2513 0.6993 0.6692
vn 0.2952 0.6964 -0.6542
vn 0.3138 0.6917 -0.6504
vn 0.5608 0.6029 -0.5675
vn -0.6817 -0.6504 -0.3349
vn -0.6929 -0.7211 -0.0003
vn -0.6763 -0.6274 -0.3859
vn -0.6929 -0.7211 -0.0001
vn -0.6762 -0.6273 0.3864
vn -0.6928 -0.7211 -0.0002
vn -0.6819 -0.6505 0.3345
vn 0.8829 0.4662 -0.0559
vn 0.9133 0.3326 0.2350
vn 0.8830 0.4662 -0.0549
vn 0.9039 0.4074 -0.1300
vn 0.9158 0.3665 -0.1642
vn 0.9159 0.3664 -0.1642
vn 0.9324 0.2767 -0.2326
vn 0.9324 0.2767 -0.2325
vn 0.8223 0.4808 0.3043
vn 0.8226 0.3266 0.4655
vn 0.8088 0.5424 0.2272
vn -0.6963 -0.7177 -0.0003
vn -0.6795 -0.6307 -0.3747
vn -0.6963 -0.7177 -0.0002
vn -0.6857 -0.6534 0.3207
vn 0.8238 0.4961 -0.2744
vn 0.8097 0.5501 -0.2043
vn 0.8311 0.3470 -0.4346
vn 0.7804 0.6253 0.0076
vn 0.8238 0.4961 -0.2743
vn 0.7804 0.6253 0.0075
vn 0.8097 0.5502 -0.2043
vn -0.7362 -0.5820 -0.3455
vn -0.7372 -0.6756 -0.0003
vn -0.7267 -0.5422 -0.4218
vn -0.7372 -0.6757 -0.0003
vn -0.7363 -0.5820 0.3451
vn -0.7372 -0.6756 -0.0002
vn -0.7269 -0.5423 0.4214
vt 0.375000 0.750000
vt 0.500000 0.500000
vt 0.375000 0.500000
vt 0.500000 0.750000
vt 0.500000 1.000000
vt 0.375000 1.000000
vt 0.375000 0.250000
vt 0.500000 0.250000
vt 0.500000 0.000000
vt 0.375000 0.000000
s 1
f 1305/116/670 1306/117/671 1307/118/672
f 1306/117/671 1305/116/670 1308/119/673
f 1309/117/673 1310/116/674 1311/118/675
f 1310/116/674 1309/117/673 1312/119/673
f 1313/120/676 1314/116/677 1315/121/678
f 1314/116/677 1313/120/676 1316/119/676
f 1317/120/679 1318/116/680 1319/119/679
f 1318/116/680 1317/120/679 1320/121/681
f 1321/116/677 1322/116/682 1323/121/683
f 1322/116/682 1324/121/684 1323/121/683
f 1325/121/685 1326/116/686 1327/116/687
f 1328/121/688 1326/116/686 1325/121/685
f 1329/120/689 1330/116/690 1331/121/691
f 1330/116/690 1329/120/689 1332/119/689
f 1333/120/692 1334/116/693 1335/119/692
f 1334/116/693 1333/120/692 1336/121/694
f 1337/117/695 1338/116/696 1339/118/697
f 1338/116/696 1337/117/695 1340/119/695
f 1341/116/698 1342/117/695 1343/118/699
f 1342/117/695 1341/116/698 1344/119/695
f 1345/120/700 1346/116/701 1347/121/702
f 1346/116/701 1345/120/700 1348/119/700
f 1349/120/703 1350/116/704 1351/119/705
f 1350/116/704 1349/120/703 1352/121/706
f 1353/116/707 1354/121/691 1355/116/690
f 1354/121/691 1353/116/707 1356/121/708
f 1357/116/709 1358/121/710 1353/116/711
f 1358/121/710 1357/116/709 1359/121/712
f 1360/116/713 1361/121/714 1362/121/715
f 1361/121/714 1360/116/713 1363/116/716
f 1364/121/717 1365/116/718 1360/116/719
f 1365/116/718 1364/121/717 1366/121/720
f 1367/116/721 1368/116/722 1369/121/723
f 1370/116/724 1371/121/725 1372/116/726
f 1373/118/727 1374/116/728 1375/118/729
f 1376/118/730 1377/116/731 1378/116/732
f 1377/116/731 1376/118/730 1379/118/733
f 1379/118/734 1380/118/735 1381/116/731
f 1382/116/674 1381/116/731 1380/118/735
f 1383/118/736 1384/118/737 1385/116/738
f 1386/118/739 1387/116/740 1388/116/741
f 1387/116/740 1386/118/739 1389/118/742
f 1390/118/743 1388/116/744 1391/118/745
f 1392/118/746 1393/116/747 1394/118/748
f 1393/116/747 1392/118/746 1395/116/749
f 1396/118/750 1397/118/751 1395/116/749
f 1398/121/702 1399/116/752 1400/121/753
f 1399/116/752 1398/121/702 1401/116/754
f 1400/121/753 1399/116/752 1402/121/755
f 1403/116/756 1402/121/755 1399/116/752
f 1404/116/757 1405/121/758 1406/121/759
f 1405/121/758 1404/116/757 1407/116/704
f 1408/121/760 1404/116/757 1406/121/759
f 1404/116/757 1408/121/760 1409/116/761
f 1410/118/762 1411/117/763 1412/122/764
f 1412/122/764 1411/117/763 1413/123/763
f 1414/117/763 1415/122/765 1416/123/763
f 1415/122/765 1414/117/763 1417/118/766
f 1418/118/767 1419/116/768 1420/118/769
f 1421/118/770 1422/118/771 1423/116/772
f 1424/116/773 1425/121/774 1426/116/775
f 1425/121/774 1424/116/773 1427/121/776
f 1428/116/777 1429/121/688 1430/121/778
f 1429/121/688 1428/116/777 1431/116/779
f 1432/116/709 1433/116/780 1434/121/712
f 1435/116/718 1436/121/720 1437/116/781
f 1438/116/782 1439/116/783 1440/121/755
f 1441/116/784 1442/121/760 1443/116/785
f 1444/118/786 1445/116/787 1446/118/788
f 1445/116/787 1444/118/786 1447/116/789
f 1448/116/787 1449/118/699 1446/118/788
f 1449/118/699 1448/116/787 1450/116/790
f 1451/118/791 1452/116/792 1453/116/793
f 1452/116/792 1451/118/791 1454/118/794
f 1454/118/794 1455/118/697 1456/116/795
f 1455/118/697 1457/116/696 1456/116/795
f 1458/116/796 1459/118/797 1460/118/798
f 1459/118/797 1458/116/796 1461/116/728
f 1462/118/799 1463/116/800 1464/118/801
f 1463/116/800 1462/118/799 1465/116/802
f 1466/118/803 1467/116/804 1468/118/805
f 1467/116/804 1466/118/803 1469/116/806
f 1470/118/807 1471/118/808 1469/116/809
f 1472/116/804 1473/118/810 1468/118/811
f 1473/118/810 1472/116/804 1474/116/812
f 1475/118/813 1476/116/814 1477/116/815
f 1476/116/814 1475/118/813 1478/118/816
f 1479/118/748 1480/116/817 1481/118/818
f 1480/116/817 1479/118/748 1482/116/747
f 1483/121/819 1484/119/820 1485/120/820
f 1484/119/820 1483/121/819 1486/116/821
f 1487/119/820 1488/121/822 1489/120/823
f 1488/121/822 1487/119/820 1490/116/824
f 1491/119/825 1492/118/826 1493/117/825
f 1492/118/826 1491/119/825 1494/116/827
f 1495/119/828 1496/118/829 1497/116/830
f 1496/118/829 1495/119/828 1498/117/831
f 1499/118/766 1500/122/832 1501/122/833
f 1500/122/832 1499/118/766 1502/118/834
f 1503/118/835 1504/122/836 1502/118/837
f 1504/122/836 1503/118/835 1505/122/838
f 1506/116/839 1507/118/767 1508/118/840
f 1507/118/767 1506/116/839 1509/116/841
f 1510/118/842 1511/116/843 1512/118/844
f 1511/116/843 1510/118/842 1513/116/772
f 1514/122/845 1515/118/846 1516/122/764
f 1515/118/846 1514/122/845 1517/118/847
f 1518/122/845 1519/118/848 1517/118/849
f 1518/122/845 1520/122/850 1519/118/848
f 1521/123/851 1522/124/852 1523/125/853
f 1521/123/851 1523/125/853 1524/122/854
f 1525/122/855 1526/125/856 1527/123/857
f 1526/125/856 1528/124/858 1527/123/857
f 1529/116/859 1530/117/860 1531/118/861
f 1530/117/860 1529/116/859 1532/119/862
f 1533/119/863 1534/118/864 1535/117/863
f 1534/118/864 1533/119/863 1536/116/865
f 1537/122/866 1538/118/867 1539/118/868
f 1538/118/867 1537/122/866 1540/122/869
f 1541/118/870 1537/122/866 1539/118/868
f 1537/122/866 1541/118/870 1542/122/871
f 1542/122/871 1541/118/870 1543/122/872
f 1544/122/854 1545/125/873 1546/122/874
f 1545/125/873 1544/122/854 1547/125/875
f 1546/122/876 1548/125/877 1549/122/878
f 1550/125/879 1551/125/880 1549/122/881
f 1552/118/882 1553/116/883 1554/116/884
f 1553/116/883 1552/118/882 1555/118/885
f 1556/125/886 1557/122/855 1558/122/887
f 1557/122/855 1556/125/886 1559/125/888
f 1560/122/889 1561/125/890 1558/122/891
f 1561/125/890 1560/122/889 1562/125/892
f 1563/118/893 1564/116/894 1565/118/895
f 1564/116/894 1563/118/893 1566/116/896
f 1567/122/897 1568/122/898 1569/118/899
f 1570/121/900 1571/119/901 1572/120/902
f 1571/119/901 1570/121/900 1573/116/903
f 1574/117/904 1575/123/904 1576/122/905
f 1574/117/904 1576/122/905 1577/118/906
f 1578/118/907 1579/122/908 1580/117/909
f 1579/122/908 1581/123/910 1580/117/909
f 1582/116/911 1583/121/912 1584/116/913
f 1585/119/901 1586/121/914 1587/120/902
f 1586/121/914 1585/119/901 1588/116/915
f 1589/116/916 1590/116/917 1591/121/918
f 1592/118/919 1593/122/920 1594/118/921
f 1593/122/920 1592/118/919 1595/122/922
f 1594/118/921 1593/122/920 1596/118/923
f 1593/122/920 1597/122/897 1596/118/923
f 1598/116/924 1599/118/925 1600/116/926
f 1599/118/925 1601/118/927 1600/116/926
f 1599/118/925 1598/116/924 1602/118/928
f 1603/116/929 1604/117/930 1605/118/931
f 1604/117/930 1603/116/929 1606/119/932
f 1607/117/933 1608/116/934 1609/118/885
f 1608/116/934 1607/117/933 1610/119/935
f 1611/116/936 1612/118/937 1613/118/938
f 1612/118/937 1611/116/936 1614/116/939
f 1612/118/937 1614/116/939 1615/118/940
f 1616/123/941 1617/118/919 1618/117/942
f 1617/118/919 1616/123/941 1619/122/943
f 1620/118/944 1621/123/941 1622/117/942
f 1621/123/941 1620/118/944 1623/122/945
f 1624/118/946 1625/116/947 1626/116/948
f 1625/116/947 1624/118/946 1627/118/949
f 1628/118/950 1629/116/951 1630/118/952
f 1629/116/951 1628/118/950 1631/116/953
f 1632/117/954 1633/116/955 1634/118/949
f 1633/116/955 1632/117/954 1635/119/954
f 1636/116/956 1637/117/957 1638/118/952
f 1637/117/957 1636/116/956 1639/119/957
f 1640/116/958 1641/121/959 1642/116/960
f 1643/116/961 1644/116/962 1645/121/963
f 1646/116/964 1647/118/965 1648/116/966
f 1647/118/965 1649/118/967 1648/116/966
f 1647/118/965 1646/116/964 1650/118/968
f 1651/121/969 1652/116/970 1653/121/971
f 1652/116/970 1651/121/969 1654/116/972
f 1653/121/971 1655/116/961 1656/121/973
f 1655/116/961 1653/121/971 1657/116/974
f 1654/116/975 1658/121/969 1659/116/976
f 1660/121/914 1659/116/976 1658/121/969
f 1661/116/977 1662/121/978 1663/116/978
f 1662/121/978 1661/116/977 1664/121/979
f 1665/116/980 1666/118/981 1667/118/982
f 1666/118/981 1665/116/980 1668/116/983
f 1666/118/981 1668/116/983 1669/118/984
f 1670/118/985 1671/122/986 1672/122/987
f 1670/118/985 1673/118/906 1671/122/986
f 1674/122/988 1675/122/989 1676/118/990
f 1675/122/989 1677/118/991 1676/118/990
f 1678/116/992 1679/121/993 1680/121/994
f 1679/121/993 1678/116/992 1681/116/995
f 1680/121/996 1682/116/997 1683/116/998
f 1682/116/997 1680/121/996 1684/121/999
f 1685/116/1000 1686/121/1001 1681/116/1002
f 1686/121/1001 1685/116/1000 1687/121/900
f 1688/118/1003 1689/117/1004 1690/122/1005
f 1690/122/1005 1689/117/1004 1691/123/1004
f 1692/117/1006 1693/122/1007 1694/123/1006
f 1693/122/1007 1692/117/1006 1695/118/1008
f 1696/118/1009 1697/116/1010 1698/118/1011
f 1697/116/1010 1696/118/1009 1699/116/924
f 1700/116/1012 1701/121/1013 1702/121/1014
f 1701/121/1013 1700/116/1012 1703/116/1015
f 1704/118/1016 1705/123/1017 1706/122/1018
f 1705/123/1017 1704/118/1016 1707/117/1019
f 1708/123/1020 1709/118/1021 1710/122/1022
f 1709/118/1021 1708/123/1020 1711/117/1023
f 1712/118/1024 1713/116/1025 1714/116/1026
f 1713/116/1025 1712/118/1024 1715/118/1027
f 1715/118/1028 1716/118/1029 1717/116/1030
f 1718/116/865 1717/116/1030 1716/118/1029
f 1719/122/1031 1720/122/1032 1721/118/1033
f 1722/122/1034 1723/118/1035 1724/122/1036
f 1725/116/1037 1726/118/1038 1727/118/1037
f 1726/118/1038 1725/116/1037 1728/116/1039
f 1729/118/1040 1730/116/1041 1731/118/1042
f 1730/116/1041 1729/118/1040 1732/116/1043
f 1733/116/1041 1734/118/1044 1731/118/1045
f 1734/118/1044 1733/116/1041 1735/116/859
f 1736/118/1046 1737/122/1047 1738/122/1048
f 1736/118/1046 1739/118/1049 1737/122/1047
f 1740/118/990 1741/118/1050 1742/122/1051
f 1742/122/1051 1741/118/1050 1743/122/1052
f 1744/116/1053 1745/116/1054 1746/121/819
f 1747/121/1055 1744/116/1053 1746/121/819
f 1748/121/1056 1749/116/911 1747/121/1057
f 1747/121/1057 1749/116/911 1750/116/1053
f 1751/122/1058 1752/123/1059 1753/125/1060
f 1753/125/1060 1752/123/1059 1754/124/1059
f 1755/123/1059 1756/125/1061 1757/124/1059
f 1756/125/1061 1755/123/1059 1758/122/1062
f 1759/116/1063 1760/121/1064 1761/116/1065
f 1760/121/1064 1759/116/1063 1762/121/1066
f 1763/116/1067 1764/121/1068 1765/121/1069
f 1764/121/1068 1763/116/1067 1766/116/1070
f 1767/118/1071 1768/122/1072 1769/122/1073
f 1768/122/1072 1767/118/1071 1770/118/1074
f 1770/118/1074 1771/118/1075 1768/122/1072
f 1768/122/1072 1771/118/1075 1772/122/1076
f 1773/122/1077 1774/118/1078 1775/122/1079
f 1774/118/1078 1773/122/1077 1776/118/1080
f 1773/122/1077 1777/118/1033 1776/118/1080
f 1777/118/1033 1773/122/1077 1778/122/1081
f 1779/121/1082 1780/116/1083 1781/121/1084
f 1780/116/1083 1779/121/1082 1782/116/1085
f 1783/116/1086 1781/121/1087 1784/116/1088
f 1781/121/1087 1783/116/1086 1785/121/1089
f 1786/118/1090 1787/118/1091 1788/116/1092
f 1789/122/1093 1790/118/1094 1791/122/1095
f 1792/116/1096 1793/118/1096 1794/119/1097
f 1793/118/1096 1795/117/1097 1794/119/1097
f 1796/119/1098 1797/117/1098 1798/118/1099
f 1796/119/1098 1798/118/1099 1799/116/1099
f 1800/122/1048 1801/122/1100 1802/118/1101
f 1803/118/1102 1804/116/1103 1805/116/1104
f 1804/116/1103 1803/118/1102 1806/118/1105
f 1803/118/1102 1805/116/1104 1807/118/1106
f 1808/122/1107 1809/118/1050 1810/122/1108
f 1811/118/1109 1812/116/1110 1813/118/1111
f 1812/116/1110 1811/118/1109 1814/116/1112
f 1815/116/1113 1813/118/1111 1812/116/1110
f 1813/118/1111 1815/116/1113 1816/118/1114
f 1817/119/1115 1818/117/1115 1819/118/1116
f 1817/119/1115 1819/118/1116 1820/116/1117
f 1821/116/1118 1822/118/1119 1823/119/1120
f 1822/118/1119 1824/117/1115 1823/119/1120
f 1825/122/1121 1826/118/1122 1827/122/1123
f 1826/118/1122 1825/122/1121 1828/118/1124
f 1829/118/1125 1828/118/1124 1825/122/1121
f 1829/118/1125 1825/122/1121 1830/122/1126
f 1830/122/1127 1831/122/1128 1832/118/1125
f 1833/118/1129 1834/117/1130 1835/122/1131
f 1835/122/1131 1834/117/1130 1836/123/1130
f 1837/117/1130 1838/122/1132 1839/123/1130
f 1838/122/1132 1837/117/1130 1840/118/1133
f 1841/125/1134 1842/122/1135 1843/125/1060
f 1842/122/1135 1841/125/1134 1844/122/1136
f 1841/125/1134 1845/122/1137 1844/122/1136
f 1846/125/1138 1845/122/1137 1841/125/1134
f 1846/125/1138 1847/125/1139 1845/122/1137
f 1848/122/1140 1849/122/1141 1850/118/1142
f 1851/122/1143 1852/125/1144 1853/122/1145
f 1851/122/1143 1854/125/1146 1852/125/1144
f 1855/125/1147 1856/122/1148 1852/125/1144
f 1855/125/1147 1857/122/1147 1856/122/1148
f 1858/125/1149 1859/122/1150 1860/125/1151
f 1861/122/1152 1860/125/1151 1859/122/1150
f 1860/125/1151 1862/122/1153 1863/125/1154
f 1864/122/1155 1863/125/1154 1862/122/1153
f 1865/118/1156 1866/122/1157 1867/122/1158
f 1866/122/1157 1865/118/1156 1868/118/1159
f 1868/118/1159 1869/118/1160 1866/122/1157
f 1866/122/1157 1869/118/1160 1870/122/1161
f 1871/116/1162 1872/118/1163 1873/118/1164
f 1872/118/1163 1871/116/1162 1874/116/1165
f 1873/118/1164 1875/116/1166 1871/116/1162
f 1875/116/1166 1873/118/1164 1876/118/1167
f 1877/122/1168 1878/125/1169 1879/122/1170
f 1880/122/1171 1878/125/1169 1877/122/1168
f 1878/125/1169 1880/122/1171 1881/125/1172
f 1881/125/1172 1880/122/1171 1882/125/1173
f 1883/116/1174 1884/118/1175 1885/118/1176
f 1884/118/1175 1883/116/1174 1886/116/1103
f 1887/122/1177 1888/123/1178 1889/125/1179
f 1889/125/1179 1888/123/1178 1890/124/1180
f 1891/121/1181 1892/119/1182 1893/116/1183
f 1892/119/1182 1891/121/1181 1894/120/1182
f 1895/119/1182 1896/121/1184 1897/116/1185
f 1896/121/1184 1895/119/1182 1898/120/1182
f 1899/123/1178 1900/125/1186 1901/124/1187
f 1900/125/1186 1899/123/1178 1902/122/1188
f 1903/118/1189 1904/116/1190 1905/118/1191
f 1906/118/1192 1907/118/1193 1908/116/1194
f 1909/118/1195 1910/116/1117 1911/118/1116
f 1910/116/1117 1909/118/1195 1912/116/1196
f 1913/122/1197 1914/122/1198 1915/118/1199
f 1914/122/1198 1916/118/1200 1915/118/1199
f 1913/122/1197 1915/118/1199 1917/122/1201
f 1918/118/1202 1919/116/1203 1920/116/1204
f 1919/116/1203 1918/118/1202 1921/118/1205
f 1922/118/1122 1923/117/1206 1924/122/1123
f 1924/122/1123 1923/117/1206 1925/123/1207
f 1926/117/1208 1927/122/1209 1928/123/1208
f 1927/122/1209 1926/117/1208 1929/118/1156
f 1930/122/1210 1931/118/1211 1932/122/1018
f 1931/118/1211 1930/122/1210 1933/118/1212
f 1930/122/1210 1934/118/1213 1933/118/1212
f 1934/118/1213 1930/122/1210 1935/122/1214
f 1936/122/1215 1937/122/1216 1938/118/1217
f 1939/116/1218 1940/118/1219 1941/116/964
f 1940/118/1219 1939/116/1218 1942/118/1220
f 1939/116/1218 1943/118/1221 1942/118/1220
f 1944/116/1222 1943/118/1221 1939/116/1218
f 1945/116/1223 1946/121/1184 1947/121/1224
f 1946/121/1184 1945/116/1223 1948/116/1225
f 1949/122/1226 1950/118/1227 1951/122/1228
f 1952/119/1229 1953/118/1230 1954/116/1113
f 1953/118/1230 1952/119/1229 1955/117/1231
f 1956/119/1232 1957/118/1233 1958/117/1234
f 1957/118/1233 1956/119/1232 1959/116/1174
f 1960/122/1235 1961/118/1236 1962/122/1237
f 1963/118/1238 1962/122/1237 1961/118/1236
f 1964/118/1239 1961/118/1236 1960/122/1235
f 1960/122/1235 1965/122/1240 1964/118/1239
f 1966/122/1241 1967/125/1242 1968/125/1186
f 1967/125/1242 1966/122/1241 1969/122/1243
f 1970/122/1244 1971/125/1245 1969/122/1246
f 1970/122/1244 1972/125/1247 1971/125/1245
f 1972/125/1247 1973/122/1248 1974/125/1249
f 1975/125/1250 1976/122/1251 1977/125/1252
f 1976/122/1251 1975/125/1250 1978/122/1253
f 1978/122/1254 1979/125/1250 1980/122/1255
f 1981/125/1256 1980/122/1255 1979/125/1250
f 1981/125/1256 1982/125/1257 1983/122/1258
f 1984/118/1008 1985/122/1259 1986/122/1007
f 1985/122/1259 1984/118/1008 1987/118/1260
f 1987/118/1260 1988/118/1261 1989/122/1259
f 1989/122/1259 1988/118/1261 1990/122/1262
f 1991/122/1263 1992/122/1264 1993/125/1263
f 1993/125/1263 1992/122/1264 1994/125/1265
f 1995/118/1266 1996/118/1267 1997/116/1268
f 1998/118/1269 1999/116/1270 2000/118/1271
f 2001/118/1272 2002/122/1273 2003/122/1022
f 2002/122/1273 2001/118/1272 2004/118/1274
f 2004/118/1275 2005/118/1276 2006/122/1273
f 2006/122/1273 2005/118/1276 2007/122/1277
f 2008/118/1278 2009/122/1279 2010/118/1280
f 2009/122/1279 2008/118/1278 2011/122/1281
f 2012/122/1282 2013/125/1283 2014/125/1284
f 2013/125/1283 2012/122/1282 2015/122/1283
f 2016/118/1285 2017/116/1286 2018/118/1287
f 2019/118/1288 2020/116/1289 2021/118/1290
f 2022/118/1291 2023/116/1292 2024/118/1293
f 2023/116/1292 2022/118/1291 2025/116/1294
f 2023/116/1292 2026/118/1295 2024/118/1293
f 2026/118/1295 2023/116/1292 2027/116/1296
f 2028/125/1297 2029/122/1143 2030/125/1298
f 2031/125/1299 2032/125/1300 2033/122/1301
f 2034/123/1302 2035/124/1303 2036/125/1304
f 2034/123/1302 2036/125/1304 2037/122/1305
f 2038/122/1306 2039/125/1307 2040/123/1303
f 2039/125/1307 2041/124/1303 2040/123/1303
f 2042/122/1308 2043/123/1309 2044/125/1310
f 2044/125/1310 2043/123/1309 2045/124/1309
f 2046/123/1309 2047/125/1311 2048/124/1309
f 2047/125/1311 2046/123/1309 2049/122/1312
f 2050/118/1313 2051/116/1314 2052/116/1315
f 2051/116/1314 2050/118/1313 2053/118/1316
f 2053/118/1316 2054/118/1317 2051/116/1314
f 2055/116/1318 2051/116/1314 2054/118/1317
f 2056/116/1319 2057/116/1320 2058/121/1321
f 2059/121/1322 2060/116/1323 2058/121/1324
f 2060/116/1323 2059/121/1322 2061/116/1325
f 2062/116/1326 2063/121/1327 2064/116/1328
f 2062/116/1326 2065/121/1329 2063/121/1327
f 2065/121/1329 2062/116/1326 2066/116/1330
f 2067/123/1331 2068/124/1331 2069/125/1332
f 2067/123/1331 2069/125/1332 2070/122/1332
f 2071/122/1333 2072/125/1333 2073/123/1334
f 2072/125/1333 2074/124/1331 2073/123/1334
f 2075/118/1335 2076/118/1336 2077/116/1337
f 2078/119/1338 2079/117/1339 2080/118/1340
f 2078/119/1338 2080/118/1340 2081/116/1341
f 2082/116/1342 2083/118/1343 2084/119/1338
f 2083/118/1343 2085/117/1339 2084/119/1338
f 2086/120/1344 2087/116/1345 2088/121/1346
f 2087/116/1345 2086/120/1344 2089/119/1347
f 2090/120/1344 2091/116/1348 2092/119/1349
f 2091/116/1348 2090/120/1344 2093/121/1350
f 2094/125/1351 2095/122/1305 2096/125/1304
f 2095/122/1305 2094/125/1351 2097/122/1352
f 2098/118/1353 2099/123/1354 2100/122/1237
f 2099/123/1354 2098/118/1353 2101/117/1355
f 2102/123/1356 2103/118/1357 2104/122/1358
f 2103/118/1357 2102/123/1356 2105/117/1359
f 2106/122/1360 2107/125/1311 2108/122/1312
f 2107/125/1311 2106/122/1360 2109/125/1361
f 2110/119/1362 2111/118/1295 2112/116/1296
f 2111/118/1295 2110/119/1362 2113/117/1362
f 2114/119/1363 2115/118/1317 2116/117/1362
f 2115/118/1317 2114/119/1363 2117/116/1318
f 2118/118/1364 2119/118/1365 2120/122/1366
f 2118/118/1364 2120/122/1366 2121/122/1215
f 2122/116/1367 2123/116/1348 2124/121/1368
f 2123/116/1348 2125/121/1350 2124/121/1368
f 2126/121/1369 2127/116/1370 2122/116/1367
f 2127/116/1370 2126/121/1369 2128/121/1371
f 2129/125/1372 2130/122/1373 2131/125/1374
f 2132/125/1375 2133/125/1376 2134/122/1377
f 2135/116/1378 2136/121/1379 2137/121/1380
f 2136/121/1379 2135/116/1378 2138/116/1381
f 2139/116/1382 2140/121/1383 2138/116/1384
f 2140/121/1383 2139/116/1382 2141/121/1385
f 2142/118/1386 2143/116/1387 2144/116/1270
f 2143/116/1387 2142/118/1386 2145/118/1388
f 2145/118/1388 2146/116/1389 2143/116/1387
f 2146/116/1389 2145/118/1388 2147/118/1390
f 2148/125/1391 2149/122/1392 2150/125/1393
f 2151/125/1394 2152/125/1395 2153/122/1396
f 2154/118/1397 2155/116/1398 2156/118/1399
f 2155/116/1398 2154/118/1397 2157/116/1400
f 2158/116/1401 2156/118/1399 2155/116/1398
f 2156/118/1399 2158/116/1401 2159/118/1402
f 2160/122/1403 2161/118/1404 2162/122/1405
f 2163/118/1406 2164/122/1407 2165/122/1408
f 2165/122/1408 2166/118/1409 2163/118/1406
f 2164/122/1407 2167/118/1227 2168/122/1410
f 2169/118/1411 2167/118/1227 2164/122/1407
f 2170/116/1412 2171/116/1413 2172/121/1066
f 2173/118/1414 2174/118/1415 2175/116/1416
f 2176/116/1417 2173/118/1414 2175/116/1416
f 2173/118/1414 2176/116/1417 2177/118/1195
f 2178/122/1418 2179/122/1419 2180/118/1420
f 2181/116/1067 2182/121/1421 2183/116/1422
f 2184/118/1423 2185/116/1424 2186/118/1425
f 2184/118/1423 2187/116/1426 2185/116/1424
f 2187/116/1426 2184/118/1423 2188/118/1202
f 2189/116/1382 2190/116/1427 2191/121/1428
f 2192/122/1429 2193/118/1430 2194/122/1431
f 2195/116/1432 2196/116/1433 2197/121/1434
f 2198/121/1435 2199/119/1436 2200/116/1437
f 2199/119/1436 2198/121/1435 2201/120/1438
f 2202/119/1438 2203/121/1439 2204/116/1440
f 2203/121/1439 2202/119/1438 2205/120/1438
f 2206/122/1441 2207/125/1442 2208/125/1307
f 2208/125/1307 2209/122/1306 2206/122/1441
f 2210/116/1443 2211/121/1444 2212/116/1445
f 2213/121/1446 2214/116/1325 2215/121/1322
f 2214/116/1325 2213/121/1446 2216/116/1446
f 2217/116/1370 2218/121/1371 2219/116/1447
f 2220/122/1448 2221/122/1449 2222/125/1450
f 2220/122/1448 2222/125/1450 2223/125/1451
f 2224/125/1361 2225/122/1360 2226/122/1452
f 2224/125/1361 2226/122/1452 2227/125/1391
f 2228/122/1453 2229/122/1454 2230/118/1455
f 2231/125/1450 2232/122/1456 2233/125/1457
f 2234/122/1458 2233/125/1457 2232/122/1456
f 2235/122/1459 2236/118/1003 2237/122/1005
f 2236/118/1003 2235/122/1459 2238/118/1460
f 2239/122/1461 2240/118/1462 2238/118/1460
f 2240/118/1462 2239/122/1461 2241/122/1463
f 2241/122/1464 2242/122/1465 2243/118/1466
f 2244/116/1467 2245/121/1468 2246/116/1469
f 2247/116/1470 2248/116/1471 2249/121/1472
f 2250/118/1473 2251/118/1474 2252/116/1475
f 2253/118/1476 2254/118/1477 2255/122/1478
f 2255/122/1478 2254/118/1477 2256/122/1479
f 2257/118/1480 2258/118/1481 2259/122/1482
f 2257/118/1480 2259/122/1482 2260/122/1483
f 2261/118/1484 2262/116/1485 2263/118/1486
f 2264/119/1487 2265/121/1488 2266/116/1489
f 2265/121/1488 2264/119/1487 2267/120/1490
f 2268/121/1491 2269/116/1492 2270/121/1493
f 2269/116/1492 2271/116/1494 2270/121/1493
f 2272/116/1495 2270/121/1493 2271/116/1494
f 2270/121/1493 2272/116/1495 2273/121/1472
f 2274/122/1496 2275/125/1496 2276/123/1497
f 2275/125/1496 2277/124/1498 2276/123/1497
f 2278/123/1498 2279/124/1498 2280/125/1499
f 2278/123/1498 2280/125/1499 2281/122/1500
f 2282/119/1501 2283/118/1502 2284/116/1503
f 2283/118/1502 2282/119/1501 2285/117/1501
f 2286/119/1501 2287/118/1504 2288/117/1501
f 2287/118/1504 2286/119/1501 2289/116/1505
f 2290/121/1506 2291/116/1507 2292/116/1508
f 2290/121/1506 2293/116/1467 2291/116/1507
f 2293/116/1467 2290/121/1506 2294/121/1468
f 2295/121/1509 2296/119/1510 2297/116/1511
f 2296/119/1510 2295/121/1509 2298/120/1490
f 2299/121/1512 2300/119/1513 2301/116/1514
f 2300/119/1513 2299/121/1512 2302/120/1515
f 2303/119/1516 2304/121/1517 2305/116/1518
f 2304/121/1517 2303/119/1516 2306/120/1515
f 2307/125/1519 2308/125/1520 2309/122/1521
f 2310/118/1522 2311/122/1523 2312/118/1524
f 2311/122/1523 2313/122/1525 2312/118/1524
f 2314/125/1526 2315/125/1527 2316/122/1528
f 2317/125/1529 2318/122/1530 2319/125/1531
f 2320/122/1478 2321/122/1532 2322/118/1533
f 2321/122/1532 2323/118/1534 2322/118/1533
f 2324/122/1535 2325/118/1536 2326/122/1537
f 2327/122/1538 2328/122/1539 2329/118/1540
f 2330/125/1541 2331/122/1542 2332/125/1543
f 2333/118/1544 2334/122/1545 2335/118/1365
f 2334/122/1545 2336/122/1366 2335/118/1365
f 2337/118/1546 2338/122/1547 2333/118/1548
f 2338/122/1547 2337/118/1546 2339/122/1549
f 2340/118/1550 2341/122/1551 2342/122/1552
f 2340/118/1550 2342/122/1552 2343/118/1553
f 2344/116/1554 2345/121/1555 2346/121/1556
f 2344/116/1554 2346/121/1556 2347/116/1557
f 2345/121/1555 2344/116/1554 2348/116/1558
f 2345/121/1559 2349/116/1560 2350/121/1561
f 2351/116/1562 2350/121/1561 2349/116/1560
f 2352/116/1563 2353/121/1564 2354/116/1565
f 2353/121/1564 2352/116/1563 2355/121/1566
f 2352/116/1563 2356/116/1567 2355/121/1566
f 2357/121/1568 2358/116/1569 2353/121/1570
f 2358/116/1569 2357/121/1568 2359/116/1571
f 2360/125/1572 2361/122/1573 2362/125/1351
f 2363/122/1574 2362/125/1351 2361/122/1573
f 2360/125/1575 2364/125/1576 2365/122/1377
f 2366/122/1577 2360/125/1575 2365/122/1377
f 2367/118/1578 2368/116/1579 2369/118/1580
f 2370/122/1581 2371/118/1582 2372/122/1583
f 2373/122/1584 2374/122/1585 2375/118/1586
f 2376/116/1587 2377/121/1588 2378/116/1589
f 2379/116/1590 2380/121/1591 2377/121/1592
f 2380/121/1591 2379/116/1590 2381/116/1593
f 2382/116/1594 2383/116/1595 2384/121/1594
f 2385/121/1596 2386/116/1597 2384/121/1597
f 2386/116/1597 2385/121/1596 2387/116/1596
f 2388/118/1598 2389/118/1599 2390/116/1600
f 2391/121/1601 2392/116/1511 2393/121/1602
f 2392/116/1511 2394/116/1603 2393/121/1602
f 2395/122/1604 2396/125/1605 2397/125/1606
f 2397/125/1606 2398/122/1441 2395/122/1604
f 2396/125/1605 2395/122/1604 2399/122/1373
f 2399/122/1373 2400/125/1607 2396/125/1605
f 2401/125/1608 2402/122/1608 2403/122/1609
f 2401/125/1608 2403/122/1609 2404/125/1610
f 2405/122/1611 2406/125/1612 2407/125/1613
f 2405/122/1611 2408/122/1614 2406/125/1612
f 2409/119/1615 2410/121/1616 2411/116/1617
f 2410/121/1616 2409/119/1615 2412/120/1618
f 2413/119/1615 2414/121/1619 2415/120/1620
f 2414/121/1619 2413/119/1615 2416/116/1621
f 2417/116/1622 2418/121/1623 2419/116/1624
f 2420/121/1619 2419/116/1624 2418/121/1623
f 2421/121/1625 2417/116/1626 2422/116/1627
f 2423/121/1628 2424/116/1629 2425/116/1630
f 2424/116/1629 2423/121/1628 2426/121/1629
f 2427/116/1631 2428/116/1632 2429/121/1633
f 2430/121/1634 2431/116/1635 2432/116/1617
f 2432/116/1617 2433/121/1636 2430/121/1634
f 2434/121/1637 2435/116/1638 2431/116/1639
f 2435/116/1638 2434/121/1637 2436/116/1640
f 2437/122/1641 2438/123/1642 2439/125/1643
f 2439/125/1643 2438/123/1642 2440/124/1644
f 2441/123/1642 2442/125/1645 2443/124/1646
f 2442/125/1645 2441/123/1642 2444/122/1647
f 2445/119/1648 2446/121/1649 2447/120/1650
f 2446/121/1649 2445/119/1648 2448/116/1651
f 2449/121/1652 2450/119/1650 2451/120/1653
f 2450/119/1650 2449/121/1652 2452/116/1654
f 2453/122/1655 2454/124/1656 2455/125/1657
f 2454/124/1656 2453/122/1655 2456/123/1656
f 2457/124/1658 2458/122/1659 2459/125/1660
f 2458/122/1659 2457/124/1658 2460/123/1658
f 2461/116/1661 2462/118/1662 2463/116/1663
f 2462/118/1662 2461/116/1661 2464/118/1664
f 2465/118/1665 2464/118/1664 2461/116/1661
f 2466/116/1666 2465/118/1665 2461/116/1661
f 2467/121/1667 2468/116/1668 2469/121/1669
f 2468/116/1668 2470/116/1670 2469/121/1669
f 2471/118/1671 2472/116/1672 2473/116/1673
f 2472/116/1672 2471/118/1671 2474/118/1674
f 2475/118/1675 2472/116/1672 2474/118/1674
f 2472/116/1672 2475/118/1675 2476/116/1676
f 2477/123/1677 2478/118/1678 2479/117/1679
f 2478/118/1678 2477/123/1677 2480/122/1680
f 2481/118/1681 2482/123/1677 2483/117/1682
f 2482/123/1677 2481/118/1681 2484/122/1683
f 2485/121/1684 2486/116/1685 2487/116/1686
f 2487/116/1686 2488/121/1687 2485/121/1684
f 2489/125/1688 2490/122/1689 2491/122/1690
f 2489/125/1688 2491/122/1690 2492/125/1691
f 2492/125/1692 2493/122/1693 2494/122/1694
f 2494/122/1694 2495/125/1695 2492/125/1692
f 2496/125/1696 2497/122/1697 2498/125/1698
f 2499/122/1699 2498/125/1698 2497/122/1697
f 2500/122/1697 2496/125/1700 2501/122/1701
f 2502/125/1702 2501/122/1701 2496/125/1700
f 2503/122/1703 2504/122/1704 2505/125/1705
f 2503/122/1703 2505/125/1705 2506/125/1706
f 2507/122/1707 2508/124/1708 2509/125/1709
f 2508/124/1708 2507/122/1707 2510/123/1710
f 2511/124/1711 2512/122/1712 2513/125/1713
f 2512/122/1712 2511/124/1711 2514/123/1711
f 2515/125/1714 2516/125/1715 2517/122/1716
f 2516/125/1715 2518/122/1717 2517/122/1716
f 2519/122/1718 2520/125/1719 2521/125/1720
f 2520/125/1719 2519/122/1718 2522/122/1721
f 2523/122/1722 2524/125/1713 2525/122/1712
f 2524/125/1713 2523/122/1722 2526/125/1723
f 2527/116/1676 2528/118/1675 2529/119/1724
f 2528/118/1675 2530/117/1725 2529/119/1724
f 2531/119/1724 2532/117/1724 2533/118/1726
f 2531/119/1724 2533/118/1726 2534/116/1666
f 2535/122/1727 2536/125/1728 2537/125/1729
f 2536/125/1728 2535/122/1727 2538/122/1655
f 2539/125/1730 2535/122/1727 2537/125/1729
f 2535/122/1727 2539/125/1730 2540/122/1731
f 2539/125/1730 2541/125/1732 2540/122/1731
f 2542/122/1733 2543/125/1660 2544/122/1659
f 2543/125/1660 2542/122/1733 2545/125/1734
f 2542/122/1733 2546/125/1735 2545/125/1734
f 2546/125/1735 2542/122/1733 2547/122/1736
f 2546/125/1735 2547/122/1736 2548/125/1737
f 2549/122/1738 2550/125/1739 2551/125/1740
f 2551/125/1740 2552/122/1740 2549/122/1738
f 2553/122/1741 2554/125/1742 2555/125/1743
f 2554/125/1742 2553/122/1741 2556/122/1744
f 2557/118/1534 2558/122/1532 2559/117/1745
f 2558/122/1532 2560/123/1745 2559/117/1745
f 2561/117/1746 2562/123/1746 2563/122/1523
f 2561/117/1746 2563/122/1523 2564/118/1747
f 2565/122/1748 2566/118/1749 2567/122/1750
f 2568/122/1214 2569/122/1751 2570/118/1752
f 2571/122/1753 2572/125/1754 2573/125/1755
f 2572/125/1754 2571/122/1753 2574/122/1756
f 2575/118/1757 2576/118/1758 2577/122/1759
f 2577/122/1759 2576/118/1758 2578/122/1760
f 2578/122/1761 2579/118/1762 2580/122/1763
f 2581/118/1764 2582/122/1765 2583/122/1766
f 2581/118/1764 2584/118/1767 2582/122/1765
f 2583/122/1768 2585/122/1769 2586/118/1770
f 2587/122/1771 2588/124/1772 2589/125/1773
f 2588/124/1772 2587/122/1771 2590/123/1774
f 2591/124/1775 2592/122/1776 2593/125/1777
f 2592/122/1776 2591/124/1775 2594/123/1775
f 2595/125/1778 2596/125/1779 2597/122/1780
f 2598/125/1781 2599/122/1782 2600/125/1783
f 2601/122/1784 2602/125/1785 2603/122/1786
f 2603/122/1786 2602/125/1785 2604/125/1787
f 2604/125/1787 2605/125/1788 2606/122/1789
f 2607/122/1790 2608/125/1791 2609/125/1792
f 2609/125/1792 2610/122/1722 2607/122/1790
f 2608/125/1791 2611/122/1790 2612/125/1793
f 2613/122/1794 2614/118/1261 2615/122/1795
f 2616/118/1796 2617/118/1797 2618/122/1798
f 2618/122/1798 2617/118/1797 2619/122/1799
f 2620/118/1586 2621/122/1800 2622/122/1584
f 2620/118/1586 2623/118/1801 2621/122/1800
f 2624/125/1802 2625/122/1803 2626/125/1804
f 2627/122/1805 2626/125/1804 2625/122/1803
f 2628/122/1806 2629/125/1807 2630/122/1808
f 2628/122/1806 2631/125/1809 2629/125/1807
f 2632/118/1810 2633/122/1811 2634/118/1812
f 2633/122/1811 2632/118/1810 2635/122/1813
f 2632/118/1810 2636/118/1814 2635/122/1813
f 2635/122/1813 2636/118/1814 2637/122/1535
f 2638/122/1815 2639/122/1816 2640/118/1817
f 2638/122/1815 2640/118/1817 2641/118/1818
f 2642/118/1819 2640/118/1817 2639/122/1816
f 2642/118/1819 2639/122/1816 2643/122/1820
f 2644/125/1821 2645/125/1822 2646/122/1823
f 2647/125/1824 2648/122/1825 2649/125/1826
f 2650/116/1827 2651/116/1828 2652/121/1828
f 2650/116/1827 2652/121/1828 2653/121/1829
f 2654/119/1830 2655/121/1831 2656/116/1832
f 2655/121/1831 2654/119/1830 2657/120/1833
f 2658/121/1834 2659/119/1830 2660/116/1835
f 2659/119/1830 2658/121/1834 2661/120/1836
f 2662/116/1837 2663/116/1832 2664/121/1838
f 2663/116/1832 2665/121/1831 2664/121/1838
f 2666/118/1839 2667/122/1840 2668/118/1841
f 2667/122/1840 2666/118/1839 2669/122/1842
f 2670/122/1843 2671/122/1800 2672/118/1844
f 2670/122/1843 2672/118/1844 2673/118/1845
f 2674/118/1757 2675/122/1846 2676/118/1847
f 2674/118/1757 2677/122/1848 2675/122/1846
f 2678/122/1849 2679/122/1765 2680/118/1850
f 2678/122/1849 2680/118/1850 2681/118/1851
f 2682/122/1852 2683/125/1853 2684/122/1854
f 2684/122/1854 2683/125/1853 2685/125/1855
f 2686/122/1856 2687/125/1857 2688/125/1858
f 2688/125/1858 2689/122/1859 2686/122/1856
f 2690/125/1860 2691/125/1861 2692/122/1862
f 2693/125/1863 2694/122/1864 2695/125/1865
f 2696/118/1866 2697/117/1867 2698/122/1868
f 2698/122/1868 2697/117/1867 2699/123/1867
f 2700/117/1869 2701/122/1870 2702/123/1871
f 2701/122/1870 2700/117/1869 2703/118/1872
f 2704/123/1873 2705/125/1874 2706/124/1875
f 2705/125/1874 2704/123/1873 2707/122/1753
f 2708/125/1876 2709/122/1877 2710/123/1873
f 2708/125/1876 2710/123/1873 2711/124/1875
f 2712/122/1878 2713/125/1879 2714/122/1880
f 2713/125/1879 2712/122/1878 2715/125/1876
f 2716/122/1881 2717/125/1882 2718/125/1883
f 2717/125/1882 2716/122/1881 2719/122/1882
f 2720/118/1845 2721/117/1884 2722/122/1885
f 2722/122/1885 2721/117/1884 2723/123/1884
f 2724/117/1886 2725/122/1840 2726/123/1886
f 2725/122/1840 2724/117/1886 2727/118/1887
f 2728/122/1888 2729/125/1889 2730/125/1890
f 2730/125/1890 2731/122/1890 2728/122/1888
f 2732/123/1891 2733/125/1883 2734/124/1891
f 2733/125/1883 2732/123/1891 2735/122/1881
f 2736/122/1892 2737/123/1893 2738/125/1894
f 2738/125/1894 2737/123/1893 2739/124/1893
f 2740/118/1895 2741/123/1896 2742/122/1897
f 2741/123/1896 2740/118/1895 2743/117/1898
f 2744/118/1899 2745/123/1900 2746/117/1900
f 2745/123/1900 2744/118/1899 2747/122/1901
o RenderMesh_89883331544008
v -0.902694 -0.372779 -0.018616
v -0.899990 -0.450223 -0.018616
v -0.899990 -0.450223 0.041203
v -0.902694 -0.372779 0.041203
v -0.861403 -0.486207 -0.018616
v -0.861403 -0.486207 0.041203
v -0.765579 -0.367990 -0.018616
v -0.899990 -0.450223 -0.018616
v -0.902694 -0.372779 -0.018616
v -0.861403 -0.486207 -0.018616
v -0.761573 -0.482720 -0.018616
v -0.734399 -0.366902 -0.071788
v -0.730393 -0.481632 -0.071788
v -0.899990 -0.450223 0.041203
v -0.765579 -0.367990 0.041203
v -0.902694 -0.372779 0.041203
v -0.861403 -0.486207 0.041203
v -0.761573 -0.482720 0.041203
v -0.730393 -0.481632 0.094376
v -0.734399 -0.366902 0.094376
v -0.500742 -0.358742 -0.071787
v -0.521572 -0.425109 -0.071787
v -0.734399 -0.366902 -0.071788
v -0.730393 -0.481632 -0.071788
v -0.419647 -0.421550 -0.071787
v -0.424289 -0.288618 -0.071787
v -0.503095 -0.291370 -0.071787
v -0.451198 -0.271227 -0.071787
v -0.477467 -0.272144 -0.071787
v -0.500742 -0.358742 0.094376
v -0.424289 -0.288618 0.094376
v -0.503095 -0.291370 0.094376
v -0.451198 -0.271227 0.094376
v -0.477467 -0.272144 0.094376
v -0.419647 -0.421550 0.094376
v -0.521572 -0.425109 0.094376
v -0.734399 -0.366902 0.094376
v -0.730393 -0.481632 0.094376
v -0.419647 -0.421550 -0.071787
v -0.521572 -0.425109 0.094376
v -0.521572 -0.425109 -0.071787
v -0.419647 -0.421550 0.094376
v -0.730393 -0.481632 0.094376
v -0.730393 -0.481632 -0.071788
v -0.761573 -0.482720 0.041203
v -0.761573 -0.482720 -0.018616
v -0.861403 -0.486207 -0.018616
v -0.861403 -0.486207 0.041203
v -0.734399 -0.366902 -0.071788
v -0.734399 -0.366902 0.094376
v -0.500742 -0.358742 -0.071787
v -0.765579 -0.367990 -0.018616
v -0.500742 -0.358742 0.094376
v -0.765579 -0.367990 0.041203
v -0.902694 -0.372779 0.041203
v -0.902694 -0.372779 -0.018616
v -0.503095 -0.291370 0.094376
v -0.503095 -0.291370 -0.071787
v -0.477467 -0.272144 -0.071787
v -0.477467 -0.272144 0.094376
v -0.451198 -0.271227 -0.071787
v -0.451198 -0.271227 0.094376
v -0.424289 -0.288618 -0.071787
v -0.424289 -0.288618 0.094376
v -0.419647 -0.421550 -0.071787
v -0.419647 -0.421550 0.094376
vn -0.9994 -0.0344 0.0005
vn -0.9100 -0.4147 -0.0000
vn -0.9100 -0.4146 0.0005
vn -0.6820 -0.7314 0.0003
vn -0.6820 -0.7313 -0.0000
vn -0.4965 -0.0170 -0.8678
vn 0.0005 0.0005 -1.0000
vn -0.4965 -0.0169 -0.8679
vn -0.8621 -0.0297 -0.5058
vn -0.8621 -0.0296 -0.5058
vn 0.0005 0.0005 1.0000
vn -0.4967 -0.0173 0.8678
vn -0.4965 -0.0170 0.8678
vn -0.8621 -0.0298 0.5059
vn -0.8621 -0.0297 0.5059
vn 0.0354 -0.9994 0.0005
vn 0.1493 -0.9888 0.0003
vn 0.1491 -0.9888 -0.0000
vn 0.0352 -0.9994 0.0003
vn 0.2048 -0.9788 0.0004
vn 0.2048 -0.9788 0.0005
vn 0.0353 -0.9994 0.0004
vn -0.0344 0.9994 0.0005
vn -0.0345 0.9994 0.0004
vn -0.7314 0.6820 0.0005
vn -0.9022 0.4314 0.0003
vn -0.9021 0.4315 -0.0000
vn -0.3328 0.9430 -0.0000
vn -0.3327 0.9430 0.0004
vn 0.2662 0.9639 -0.0000
vn 0.2660 0.9640 0.0005
vn 0.8698 0.4934 -0.0000
vn 0.9994 0.0354 0.0005
vt 0.000000 0.000000
s 1
f 2748/126/1902 2749/126/1903 2750/126/1904
f 2748/126/1902 2750/126/1904 2751/126/1902
f 2749/126/1903 2752/126/1905 2750/126/1904
f 2752/126/1905 2753/126/1906 2750/126/1904
f 2754/126/1907 2755/126/1908 2756/126/1908
f 2755/126/1908 2754/126/1907 2757/126/1908
f 2757/126/1908 2754/126/1907 2758/126/1909
f 2759/126/1910 2758/126/1909 2754/126/1907
f 2759/126/1910 2760/126/1911 2758/126/1909
f 2761/126/1912 2762/126/1913 2763/126/1912
f 2764/126/1912 2762/126/1913 2761/126/1912
f 2762/126/1913 2764/126/1912 2765/126/1914
f 2762/126/1913 2765/126/1914 2766/126/1915
f 2762/126/1913 2766/126/1915 2767/126/1916
f 2768/126/1908 2769/126/1908 2770/126/1908
f 2770/126/1908 2769/126/1908 2771/126/1908
f 2769/126/1908 2768/126/1908 2772/126/1908
f 2773/126/1908 2772/126/1908 2768/126/1908
f 2768/126/1908 2774/126/1908 2773/126/1908
f 2774/126/1908 2775/126/1908 2773/126/1908
f 2775/126/1908 2774/126/1908 2776/126/1908
f 2777/126/1912 2778/126/1912 2779/126/1912
f 2780/126/1912 2779/126/1912 2778/126/1912
f 2779/126/1912 2780/126/1912 2781/126/1912
f 2778/126/1912 2777/126/1912 2782/126/1912
f 2783/126/1912 2782/126/1912 2777/126/1912
f 2784/126/1912 2783/126/1912 2777/126/1912
f 2783/126/1912 2784/126/1912 2785/126/1912
f 2786/126/1917 2787/126/1918 2788/126/1919
f 2787/126/1918 2786/126/1917 2789/126/1920
f 2790/126/1921 2788/126/1919 2787/126/1918
f 2788/126/1919 2790/126/1921 2791/126/1922
f 2791/126/1922 2790/126/1921 2792/126/1923
f 2791/126/1922 2792/126/1923 2793/126/1923
f 2792/126/1923 2794/126/1923 2793/126/1923
f 2794/126/1923 2792/126/1923 2795/126/1923
f 2796/126/1924 2797/126/1925 2798/126/1926
f 2797/126/1925 2796/126/1924 2799/126/1924
f 2798/126/1926 2797/126/1925 2800/126/1926
f 2797/126/1925 2799/126/1924 2801/126/1924
f 2799/126/1924 2802/126/1925 2801/126/1924
f 2802/126/1925 2799/126/1924 2803/126/1924
f 2798/126/1926 2800/126/1926 2804/126/1927
f 2804/126/1927 2805/126/1928 2798/126/1926
f 2805/126/1928 2804/126/1927 2806/126/1929
f 2806/126/1929 2804/126/1927 2807/126/1930
f 2806/126/1929 2807/126/1930 2808/126/1931
f 2808/126/1931 2807/126/1930 2809/126/1932
f 2808/126/1931 2809/126/1932 2810/126/1933
f 2810/126/1933 2809/126/1932 2811/126/1933
f 2810/126/1933 2811/126/1933 2812/126/1934
f 2812/126/1934 2811/126/1933 2813/126/1934
