# Blender 5.2.0 LTS
# www.blender.org
mtllib discoattempt2.mtl
o RenderMesh_12758720853
v -0.011322 0.621772 0.087898
v -0.011322 0.624823 0.056920
v -0.023177 0.621772 0.085540
v -0.011322 -0.405488 0.056921
v -0.011322 -0.402438 0.087899
v -0.023177 -0.402438 0.085541
v -0.044098 0.621772 0.076874
v -0.032243 0.624823 0.048255
v -0.054148 0.621772 0.070159
v -0.032243 -0.405488 0.048255
v -0.044098 -0.402438 0.076875
v -0.054148 -0.402438 0.070160
v -0.070160 0.621772 0.054147
v -0.048255 0.624823 0.032243
v -0.076875 0.621772 0.044097
v -0.048255 -0.405488 0.032243
v -0.070160 -0.402438 0.054148
v -0.076875 -0.402438 0.044098
v -0.085541 0.621772 0.023177
v -0.056920 0.624823 0.011322
v -0.087899 0.621772 0.011322
v -0.056920 -0.405488 0.011322
v -0.085541 -0.402438 0.023177
v -0.087899 -0.402438 0.011322
v -0.087899 0.621772 -0.011323
v -0.056920 0.624823 -0.011322
v -0.085540 0.621772 -0.023177
v -0.056920 -0.405488 -0.011322
v -0.087899 -0.402438 -0.011322
v -0.085540 -0.402438 -0.023177
v -0.076875 0.621772 -0.044098
v -0.048255 0.624823 -0.032243
v -0.070160 0.621772 -0.054148
v -0.048255 -0.405488 -0.032243
v -0.076875 -0.402438 -0.044097
v -0.070160 -0.402438 -0.054147
v -0.032243 -0.405488 -0.048255
v -0.054148 -0.402438 -0.070159
v -0.044098 -0.402438 -0.076874
v -0.054148 0.621772 -0.070160
v -0.032243 0.624823 -0.048255
v -0.044098 0.621772 -0.076875
v -0.023177 0.621772 -0.085541
v -0.011322 0.624823 -0.056921
v -0.011322 0.621772 -0.087899
v -0.011322 -0.405488 -0.056920
v -0.023177 -0.402438 -0.085540
v -0.011322 -0.402438 -0.087898
v 0.011323 0.621772 -0.087899
v 0.011322 0.624823 -0.056921
v 0.023177 0.621772 -0.085540
v 0.011322 -0.405488 -0.056920
v 0.011323 -0.402438 -0.087898
v 0.023177 -0.402438 -0.085540
v 0.044098 0.621772 -0.076875
v 0.032243 0.624823 -0.048255
v 0.054148 0.621772 -0.070160
v 0.032243 -0.405488 -0.048255
v 0.044098 -0.402438 -0.076874
v 0.054148 -0.402438 -0.070159
v 0.070160 0.621772 -0.054148
v 0.048255 0.624823 -0.032243
v 0.076875 0.621772 -0.044098
v 0.048255 -0.405488 -0.032243
v 0.070160 -0.402438 -0.054147
v 0.076875 -0.402438 -0.044097
v 0.085541 0.621772 -0.023177
v 0.056920 0.624823 -0.011322
v 0.087899 0.621772 -0.011322
v 0.056920 -0.405488 -0.011322
v 0.085541 -0.402438 -0.023177
v 0.087899 -0.402438 -0.011322
v 0.087899 0.621772 0.011322
v 0.056920 0.624823 0.011322
v 0.085540 0.621772 0.023177
v 0.056920 -0.405488 0.011322
v 0.087899 -0.402438 0.011323
v 0.085540 -0.402438 0.023177
v 0.076875 0.621772 0.044097
v 0.048255 0.624823 0.032243
v 0.070160 0.621772 0.054147
v 0.048255 -0.405488 0.032243
v 0.076875 -0.402438 0.044098
v 0.070160 -0.402438 0.054148
v 0.054148 0.621772 0.070159
v 0.032243 0.624823 0.048255
v 0.044098 0.621772 0.076874
v 0.032243 -0.405488 0.048255
v 0.054148 -0.402438 0.070160
v 0.044098 -0.402438 0.076875
v 0.023177 0.621772 0.085540
v 0.011323 0.624823 0.056921
v 0.011322 0.621772 0.087898
v 0.011322 -0.405488 0.056921
v 0.023177 -0.402438 0.085541
v 0.011322 -0.402438 0.087899
v -0.011305 -0.397960 0.110421
v -0.011305 -0.375005 0.186093
v -0.060769 -0.375005 0.176254
v -0.031811 -0.397960 0.106342
v -0.011305 0.617294 0.110421
v -0.060769 0.594339 0.176253
v -0.011305 0.594339 0.186092
v -0.031811 0.617294 0.106342
v -0.081660 -0.375005 0.167601
v -0.070085 -0.397960 0.086074
v -0.052701 -0.397960 0.097689
v -0.123593 -0.375005 0.139582
v -0.070085 0.617294 0.086073
v -0.081660 0.594339 0.167600
v -0.052701 0.617294 0.097689
v -0.123593 0.594339 0.139581
v -0.167600 -0.375005 0.081660
v -0.086074 -0.397960 0.070085
v -0.139582 -0.375005 0.123593
v -0.097689 -0.397960 0.052701
v -0.167600 0.594339 0.081659
v -0.086074 0.617294 0.070085
v -0.097689 0.617294 0.052701
v -0.139582 0.594339 0.123593
v -0.186092 -0.375005 0.011306
v -0.110421 -0.397960 0.011306
v -0.106342 -0.397960 0.031811
v -0.176253 -0.375005 0.060770
v -0.186092 0.594339 0.011305
v -0.106342 0.617294 0.031811
v -0.110421 0.617294 0.011305
v -0.176253 0.594339 0.060769
v -0.186092 0.594339 -0.011306
v -0.106342 0.617294 -0.031812
v -0.176253 0.594339 -0.060770
v -0.110421 0.617294 -0.011306
v -0.106342 -0.397960 -0.031811
v -0.186092 -0.375005 -0.011305
v -0.176253 -0.375005 -0.060769
v -0.110421 -0.397960 -0.011305
v -0.167600 -0.375005 -0.081659
v -0.086074 -0.397960 -0.070085
v -0.097689 -0.397960 -0.052701
v -0.139582 -0.375005 -0.123593
v -0.167600 0.594339 -0.081660
v -0.086074 0.617294 -0.070085
v -0.139582 0.594339 -0.123593
v -0.097689 0.617294 -0.052701
v -0.070085 0.617294 -0.086074
v -0.081660 0.594339 -0.167601
v -0.123593 0.594339 -0.139582
v -0.052701 0.617294 -0.097689
v -0.070085 -0.397960 -0.086073
v -0.123593 -0.375005 -0.139581
v -0.081660 -0.375005 -0.167600
v -0.052701 -0.397960 -0.097689
v -0.011305 -0.375005 -0.186092
v -0.031811 -0.397960 -0.106342
v -0.060769 -0.375005 -0.176253
v -0.011305 -0.397960 -0.110420
v -0.011305 0.594339 -0.186093
v -0.031811 0.617294 -0.106342
v -0.011305 0.617294 -0.110421
v -0.060769 0.594339 -0.176254
v 0.031812 0.617294 -0.106342
v 0.060769 0.594339 -0.176254
v 0.011305 0.594339 -0.186093
v 0.011305 0.617294 -0.110421
v 0.011305 -0.375005 -0.186092
v 0.031812 -0.397960 -0.106342
v 0.011305 -0.397960 -0.110420
v 0.060769 -0.375005 -0.176253
v 0.070085 -0.397960 -0.086073
v 0.081660 -0.375005 -0.167600
v 0.123593 -0.375005 -0.139581
v 0.052701 -0.397960 -0.097689
v 0.070085 0.617294 -0.086074
v 0.123593 0.594339 -0.139582
v 0.081660 0.594339 -0.167601
v 0.052701 0.617294 -0.097689
v 0.167600 -0.375005 -0.081659
v 0.097689 -0.397960 -0.052701
v 0.086074 -0.397960 -0.070085
v 0.139582 -0.375005 -0.123593
v 0.167600 0.594339 -0.081660
v 0.086074 0.617294 -0.070085
v 0.097689 0.617294 -0.052701
v 0.139582 0.594339 -0.123593
v 0.106342 -0.397960 -0.031811
v 0.176253 -0.375005 -0.060769
v 0.186092 -0.375005 -0.011305
v 0.110421 -0.397960 -0.011305
v 0.106342 0.617294 -0.031811
v 0.186092 0.594339 -0.011306
v 0.176253 0.594339 -0.060770
v 0.110421 0.617294 -0.011306
v 0.186092 -0.375005 0.011306
v 0.106342 -0.397960 0.031812
v 0.110421 -0.397960 0.011306
v 0.176253 -0.375005 0.060770
v 0.106342 0.617294 0.031811
v 0.186092 0.594339 0.011305
v 0.110421 0.617294 0.011305
v 0.176253 0.594339 0.060769
v 0.167600 -0.375005 0.081660
v 0.086074 -0.397960 0.070085
v 0.097689 -0.397960 0.052701
v 0.139582 -0.375005 0.123593
v 0.086074 0.617294 0.070085
v 0.139582 0.594339 0.123593
v 0.167600 0.594339 0.081659
v 0.097689 0.617294 0.052701
v 0.081660 -0.375005 0.167601
v 0.052701 -0.397960 0.097689
v 0.070085 -0.397960 0.086074
v 0.123593 -0.375005 0.139582
v 0.081660 0.594339 0.167600
v 0.070085 0.617294 0.086073
v 0.052701 0.617294 0.097689
v 0.123593 0.594339 0.139581
v 0.011305 -0.397960 0.110421
v 0.060769 -0.375005 0.176254
v 0.011305 -0.375005 0.186093
v 0.031811 -0.397960 0.106342
v 0.060769 0.594339 0.176253
v 0.011305 0.617294 0.110421
v 0.011305 0.594339 0.186092
v 0.031811 0.617294 0.106342
v -0.011275 -0.328934 0.277062
v -0.068901 -0.366240 0.195805
v -0.011275 -0.366240 0.207268
v -0.095610 -0.328934 0.260287
v -0.068901 0.585574 0.195805
v -0.011275 0.548268 0.277062
v -0.011275 0.585574 0.207267
v -0.095610 0.548268 0.260286
v -0.116443 -0.328934 0.251657
v -0.138588 -0.366240 0.154533
v -0.089735 -0.366240 0.187176
v -0.187940 -0.328934 0.203885
v -0.138588 0.585574 0.154533
v -0.116443 0.548268 0.251657
v -0.089735 0.585574 0.187175
v -0.187940 0.548268 0.203885
v -0.251657 0.548268 0.116443
v -0.154533 0.585574 0.138587
v -0.187175 0.585574 0.089734
v -0.203885 0.548268 0.187940
v -0.251657 -0.328934 0.116444
v -0.154533 -0.366240 0.138588
v -0.203885 -0.328934 0.187940
v -0.187175 -0.366240 0.089735
v -0.195805 -0.366240 0.068901
v -0.277062 -0.328934 0.011275
v -0.207267 -0.366240 0.011275
v -0.260287 -0.328934 0.095611
v -0.277062 0.548268 0.011275
v -0.195805 0.585574 0.068901
v -0.207267 0.585574 0.011275
v -0.260287 0.548268 0.095610
v -0.277062 0.548268 -0.011275
v -0.195805 0.585574 -0.068901
v -0.260287 0.548268 -0.095611
v -0.207267 0.585574 -0.011275
v -0.195805 -0.366240 -0.068901
v -0.277062 -0.328934 -0.011275
v -0.260287 -0.328934 -0.095610
v -0.207267 -0.366240 -0.011275
v -0.251657 -0.328934 -0.116443
v -0.154533 -0.366240 -0.138587
v -0.187175 -0.366240 -0.089734
v -0.203885 -0.328934 -0.187940
v -0.154533 0.585574 -0.138588
v -0.251657 0.548268 -0.116444
v -0.187175 0.585574 -0.089735
v -0.203885 0.548268 -0.187940
v -0.138588 0.585574 -0.154533
v -0.116443 0.548268 -0.251657
v -0.187940 0.548268 -0.203885
v -0.089735 0.585574 -0.187176
v -0.187940 -0.328935 -0.203885
v -0.116443 -0.328935 -0.251657
v -0.138588 -0.366240 -0.154533
v -0.089735 -0.366240 -0.187175
v -0.011275 -0.328935 -0.277062
v -0.068901 -0.366240 -0.195805
v -0.095610 -0.328935 -0.260286
v -0.011275 -0.366240 -0.207267
v -0.011275 0.548268 -0.277062
v -0.068901 0.585574 -0.195805
v -0.011275 0.585574 -0.207268
v -0.095610 0.548268 -0.260287
v 0.095610 0.548268 -0.260287
v 0.011275 0.548268 -0.277062
v 0.068901 0.585574 -0.195805
v 0.011275 0.585574 -0.207268
v 0.011275 -0.328935 -0.277062
v 0.068901 -0.366240 -0.195805
v 0.011275 -0.366240 -0.207267
v 0.095610 -0.328935 -0.260286
v 0.138588 -0.366240 -0.154533
v 0.116444 -0.328935 -0.251657
v 0.187940 -0.328935 -0.203885
v 0.089735 -0.366240 -0.187175
v 0.138588 0.585574 -0.154533
v 0.187940 0.548268 -0.203885
v 0.116444 0.548268 -0.251657
v 0.089735 0.585574 -0.187176
v 0.251657 0.548268 -0.116444
v 0.154533 0.585574 -0.138588
v 0.187175 0.585574 -0.089735
v 0.203885 0.548268 -0.187940
v 0.187175 -0.366240 -0.089734
v 0.154533 -0.366240 -0.138587
v 0.251657 -0.328934 -0.116443
v 0.203885 -0.328934 -0.187940
v 0.260287 -0.328934 -0.095610
v 0.277062 -0.328934 -0.011275
v 0.195805 -0.366240 -0.068901
v 0.207267 -0.366240 -0.011275
v 0.195805 0.585574 -0.068901
v 0.277062 0.548268 -0.011275
v 0.260287 0.548268 -0.095611
v 0.207267 0.585574 -0.011275
v 0.207267 0.585574 0.011275
v 0.260287 0.548268 0.095610
v 0.277062 0.548268 0.011275
v 0.195805 0.585574 0.068901
v 0.277062 -0.328934 0.011275
v 0.260287 -0.328934 0.095611
v 0.207267 -0.366240 0.011275
v 0.195805 -0.366240 0.068902
v 0.203885 0.548268 0.187940
v 0.251657 0.548268 0.116444
v 0.154533 0.585574 0.138588
v 0.187175 0.585574 0.089734
v 0.251657 -0.328934 0.116444
v 0.154533 -0.366240 0.138588
v 0.187175 -0.366240 0.089735
v 0.203885 -0.328934 0.187940
v 0.089735 -0.366240 0.187176
v 0.187939 -0.328934 0.203885
v 0.116443 -0.328934 0.251657
v 0.138588 -0.366240 0.154533
v 0.116443 0.548268 0.251657
v 0.138588 0.585574 0.154533
v 0.089735 0.585574 0.187175
v 0.187940 0.548268 0.203885
v 0.095610 0.548268 0.260286
v 0.011275 0.585574 0.207267
v 0.011275 0.548268 0.277062
v 0.068901 0.585574 0.195805
v 0.011275 -0.366240 0.207268
v 0.068901 -0.366240 0.195805
v 0.011275 -0.328934 0.277062
v 0.095610 -0.328934 0.260287
v -0.011235 -0.265991 0.357301
v -0.126353 -0.265991 0.334403
v -0.011235 -0.316248 0.296064
v -0.102918 -0.316248 0.277827
v -0.011235 0.535582 0.296063
v -0.126353 0.485326 0.334403
v -0.011235 0.485326 0.357301
v -0.102918 0.535582 0.277826
v -0.201404 0.535582 0.217293
v -0.147114 0.485326 0.325803
v -0.123678 0.535582 0.269227
v -0.244705 0.485326 0.260594
v -0.147114 -0.265991 0.325804
v -0.201404 -0.316248 0.217293
v -0.123678 -0.316248 0.269228
v -0.244705 -0.265991 0.260595
v -0.217293 0.535582 0.201404
v -0.325803 0.485326 0.147113
v -0.260594 0.485326 0.244705
v -0.269228 0.535582 0.123678
v -0.325803 -0.265992 0.147113
v -0.217293 -0.316248 0.201404
v -0.260594 -0.265991 0.244706
v -0.269228 -0.316248 0.123679
v -0.357301 0.485326 0.011235
v -0.334403 0.485326 0.126353
v -0.296064 0.535582 0.011235
v -0.277826 0.535582 0.102918
v -0.334403 -0.265992 0.126353
v -0.296064 -0.316248 0.011235
v -0.277826 -0.316248 0.102919
v -0.357301 -0.265992 0.011235
v -0.334403 0.485326 -0.126353
v -0.296064 0.535582 -0.011236
v -0.277826 0.535582 -0.102919
v -0.357301 0.485326 -0.011236
v -0.277826 -0.316248 -0.102918
v -0.296064 -0.316248 -0.011235
v -0.334403 -0.265992 -0.126353
v -0.357301 -0.265992 -0.011235
v -0.325803 -0.265992 -0.147113
v -0.217293 -0.316248 -0.201404
v -0.269228 -0.316248 -0.123678
v -0.260594 -0.265992 -0.244705
v -0.217293 0.535582 -0.201404
v -0.325803 0.485326 -0.147114
v -0.269228 0.535582 -0.123679
v -0.260594 0.485326 -0.244706
v -0.201404 0.535582 -0.217293
v -0.147113 0.485326 -0.325804
v -0.244705 0.485326 -0.260595
v -0.123678 0.535582 -0.269228
v -0.244705 -0.265992 -0.260594
v -0.147113 -0.265992 -0.325803
v -0.201404 -0.316248 -0.217293
v -0.123678 -0.316248 -0.269227
v -0.126353 -0.265992 -0.334403
v -0.011235 -0.316248 -0.296063
v -0.102918 -0.316248 -0.277826
v -0.011235 -0.265992 -0.357301
v -0.102918 0.535582 -0.277827
v -0.011235 0.535582 -0.296064
v -0.126353 0.485326 -0.334403
v -0.011235 0.485326 -0.357301
v 0.126354 0.485326 -0.334403
v 0.011235 0.485326 -0.357301
v 0.102918 0.535582 -0.277827
v 0.011235 0.535582 -0.296064
v 0.011235 -0.265992 -0.357301
v 0.102918 -0.316248 -0.277826
v 0.011235 -0.316248 -0.296063
v 0.126354 -0.265992 -0.334402
v 0.201404 0.535582 -0.217293
v 0.244705 0.485326 -0.260595
v 0.147114 0.485326 -0.325804
v 0.123678 0.535582 -0.269228
v 0.201404 -0.316248 -0.217293
v 0.147114 -0.265992 -0.325803
v 0.244705 -0.265992 -0.260594
v 0.123678 -0.316248 -0.269227
v 0.325803 0.485326 -0.147113
v 0.217293 0.535582 -0.201404
v 0.269228 0.535582 -0.123679
v 0.260594 0.485326 -0.244706
v 0.269228 -0.316248 -0.123678
v 0.217293 -0.316248 -0.201404
v 0.325803 -0.265992 -0.147113
v 0.260594 -0.265992 -0.244705
v 0.296064 0.535582 -0.011235
v 0.334403 0.485326 -0.126353
v 0.277826 0.535582 -0.102919
v 0.357301 0.485326 -0.011235
v 0.334403 -0.265992 -0.126353
v 0.296064 -0.316248 -0.011235
v 0.277826 -0.316248 -0.102918
v 0.357301 -0.265992 -0.011235
v 0.277826 0.535582 0.102918
v 0.357301 0.485326 0.011235
v 0.296064 0.535582 0.011235
v 0.334403 0.485326 0.126353
v 0.357301 -0.265992 0.011236
v 0.277826 -0.316248 0.102919
v 0.296064 -0.316248 0.011236
v 0.334403 -0.265992 0.126354
v 0.260594 0.485326 0.244705
v 0.325803 0.485326 0.147113
v 0.217293 0.535582 0.201404
v 0.269228 0.535582 0.123678
v 0.325803 -0.265992 0.147114
v 0.217293 -0.316248 0.201404
v 0.269228 -0.316248 0.123679
v 0.260594 -0.265991 0.244706
v 0.147113 0.485326 0.325803
v 0.201404 0.535582 0.217293
v 0.123678 0.535582 0.269227
v 0.244705 0.485326 0.260594
v 0.147113 -0.265991 0.325804
v 0.123678 -0.316248 0.269228
v 0.201404 -0.316248 0.217293
v 0.244705 -0.265991 0.260595
v 0.011235 0.485326 0.357301
v 0.102918 0.535582 0.277826
v 0.011235 0.535582 0.296063
v 0.126353 0.485326 0.334403
v 0.011235 -0.316248 0.296064
v 0.126353 -0.265991 0.334403
v 0.011235 -0.265991 0.357301
v 0.102918 -0.316248 0.277827
v -0.011193 -0.188597 0.423716
v -0.132555 -0.249902 0.349264
v -0.011193 -0.249902 0.373405
v -0.151809 -0.188597 0.395746
v -0.011193 0.469237 0.373404
v -0.132555 0.469237 0.349264
v -0.011193 0.407932 0.423716
v -0.151809 0.407932 0.395746
v -0.172490 -0.188597 0.387179
v -0.256122 -0.249902 0.271952
v -0.153236 -0.249902 0.340698
v -0.291698 -0.188597 0.307527
v -0.291698 0.407932 0.307527
v -0.172490 0.407932 0.387179
v -0.256122 0.469237 0.271951
v -0.153236 0.469237 0.340697
v -0.387179 -0.188598 0.172490
v -0.271951 -0.249902 0.256123
v -0.307527 -0.188597 0.291698
v -0.340697 -0.249902 0.153237
v -0.387179 0.407932 0.172490
v -0.271951 0.469237 0.256122
v -0.340697 0.469236 0.153236
v -0.307527 0.407932 0.291698
v -0.373405 -0.249902 0.011193
v -0.349264 -0.249902 0.132555
v -0.423716 -0.188598 0.011193
v -0.395746 -0.188598 0.151808
v -0.423716 0.407932 0.011193
v -0.349264 0.469236 0.132555
v -0.373405 0.469236 0.011193
v -0.395746 0.407932 0.151808
v -0.349264 -0.249902 -0.132555
v -0.423716 -0.188598 -0.011193
v -0.395746 -0.188598 -0.151808
v -0.373405 -0.249902 -0.011193
v -0.395746 0.407932 -0.151809
v -0.423716 0.407932 -0.011193
v -0.349264 0.469236 -0.132555
v -0.373405 0.469236 -0.011193
v -0.271951 -0.249903 -0.256122
v -0.387179 -0.188598 -0.172490
v -0.307527 -0.188598 -0.291698
v -0.340697 -0.249902 -0.153236
v -0.271951 0.469236 -0.256123
v -0.307527 0.407932 -0.291698
v -0.387179 0.407932 -0.172490
v -0.340697 0.469236 -0.153237
v -0.291698 -0.188598 -0.307527
v -0.172490 -0.188598 -0.387179
v -0.256122 -0.249903 -0.271951
v -0.153236 -0.249903 -0.340697
v -0.172490 0.407932 -0.387179
v -0.256122 0.469236 -0.271952
v -0.153236 0.469236 -0.340698
v -0.291698 0.407932 -0.307527
v -0.011192 -0.188598 -0.423716
v -0.132555 -0.249903 -0.349264
v -0.151808 -0.188598 -0.395746
v -0.011192 -0.249903 -0.373404
v -0.011192 0.407932 -0.423716
v -0.132555 0.469236 -0.349264
v -0.011192 0.469236 -0.373405
v -0.151808 0.407932 -0.395746
v 0.011193 -0.188598 -0.423716
v 0.132555 -0.249903 -0.349264
v 0.011193 -0.249903 -0.373404
v 0.151809 -0.188598 -0.395746
v 0.132555 0.469236 -0.349264
v 0.011193 0.407932 -0.423716
v 0.011193 0.469236 -0.373405
v 0.151809 0.407932 -0.395746
v 0.256122 -0.249903 -0.271951
v 0.172490 -0.188598 -0.387179
v 0.291698 -0.188598 -0.307527
v 0.153236 -0.249903 -0.340697
v 0.256122 0.469236 -0.271952
v 0.172490 0.407932 -0.387179
v 0.153236 0.469236 -0.340698
v 0.291698 0.407932 -0.307527
v 0.307527 -0.188598 -0.291698
v 0.387179 -0.188598 -0.172490
v 0.271951 -0.249903 -0.256122
v 0.340697 -0.249902 -0.153236
v 0.271951 0.469236 -0.256122
v 0.387179 0.407932 -0.172490
v 0.307527 0.407932 -0.291698
v 0.340697 0.469236 -0.153237
v 0.395746 -0.188598 -0.151808
v 0.423716 -0.188598 -0.011192
v 0.349264 -0.249902 -0.132554
v 0.373405 -0.249902 -0.011192
v 0.349264 0.469236 -0.132555
v 0.423716 0.407932 -0.011193
v 0.395746 0.407932 -0.151808
v 0.373405 0.469236 -0.011193
v 0.423716 -0.188598 0.011193
v 0.349264 -0.249902 0.132555
v 0.373405 -0.249902 0.011193
v 0.395745 -0.188598 0.151809
v 0.349264 0.469236 0.132555
v 0.423716 0.407932 0.011193
v 0.373405 0.469236 0.011193
v 0.395745 0.407932 0.151808
v 0.387179 -0.188598 0.172490
v 0.271951 -0.249902 0.256123
v 0.340697 -0.249902 0.153237
v 0.307527 -0.188597 0.291698
v 0.340697 0.469236 0.153236
v 0.271951 0.469237 0.256122
v 0.387179 0.407932 0.172490
v 0.307527 0.407932 0.291698
v 0.153236 -0.249902 0.340698
v 0.256122 -0.249902 0.271952
v 0.172489 -0.188597 0.387179
v 0.291698 -0.188597 0.307527
v 0.256122 0.469237 0.271951
v 0.172489 0.407932 0.387179
v 0.291698 0.407932 0.307527
v 0.153236 0.469237 0.340697
v 0.151808 -0.188597 0.395746
v 0.011193 -0.188597 0.423716
v 0.132555 -0.249902 0.349264
v 0.011192 -0.249902 0.373405
v 0.132555 0.469237 0.349264
v 0.011192 0.407932 0.423716
v 0.151808 0.407932 0.395746
v 0.011193 0.469237 0.373404
v -0.011154 0.389081 0.436324
v -0.156669 0.389081 0.407379
v -0.011154 0.319069 0.473746
v -0.170990 0.319069 0.441953
v -0.011154 -0.099734 0.473747
v -0.156669 -0.169746 0.407380
v -0.011154 -0.169746 0.436325
v -0.170990 -0.099734 0.441953
v -0.191600 -0.099734 0.433416
v -0.300641 -0.169746 0.316415
v -0.177279 -0.169746 0.398843
v -0.327103 -0.099734 0.342877
v -0.327103 0.319069 0.342876
v -0.191600 0.319069 0.433416
v -0.300641 0.389081 0.316415
v -0.177279 0.389081 0.398843
v -0.433416 -0.099734 0.191600
v -0.316415 -0.169746 0.300641
v -0.342876 -0.099734 0.327103
v -0.398843 -0.169746 0.177279
v -0.433416 0.319068 0.191600
v -0.316415 0.389081 0.300641
v -0.398843 0.389080 0.177279
v -0.342876 0.319069 0.327102
v -0.473747 0.319068 0.011154
v -0.407380 0.389080 0.156669
v -0.436325 0.389080 0.011154
v -0.441953 0.319068 0.170990
v -0.436325 -0.169746 0.011154
v -0.407380 -0.169746 0.156669
v -0.473747 -0.099734 0.011154
v -0.441953 -0.099734 0.170990
v -0.407380 -0.169746 -0.156669
v -0.473747 -0.099734 -0.011154
v -0.441953 -0.099735 -0.170990
v -0.436325 -0.169746 -0.011154
v -0.441953 0.319068 -0.170990
v -0.473747 0.319068 -0.011154
v -0.407380 0.389080 -0.156669
v -0.436325 0.389080 -0.011154
v -0.316415 0.389080 -0.300641
v -0.342876 0.319068 -0.327103
v -0.433416 0.319068 -0.191600
v -0.398843 0.389080 -0.177279
v -0.316415 -0.169747 -0.300641
v -0.433416 -0.099735 -0.191600
v -0.342876 -0.099735 -0.327102
v -0.398843 -0.169746 -0.177279
v -0.191600 -0.099735 -0.433416
v -0.300641 -0.169747 -0.316415
v -0.327102 -0.099735 -0.342876
v -0.177279 -0.169747 -0.398843
v -0.191600 0.319068 -0.433417
v -0.300641 0.389080 -0.316415
v -0.177279 0.389080 -0.398843
v -0.327102 0.319068 -0.342877
v -0.156669 0.389080 -0.407380
v -0.011154 0.319068 -0.473747
v -0.170990 0.319068 -0.441953
v -0.011154 0.389080 -0.436325
v -0.011154 -0.099735 -0.473746
v -0.156669 -0.169747 -0.407379
v -0.170990 -0.099735 -0.441953
v -0.011154 -0.169747 -0.436324
v 0.011154 -0.099735 -0.473746
v 0.156669 -0.169747 -0.407379
v 0.011154 -0.169747 -0.436324
v 0.170990 -0.099735 -0.441953
v 0.156669 0.389080 -0.407380
v 0.011154 0.319068 -0.473747
v 0.011154 0.389080 -0.436325
v 0.170990 0.319068 -0.441953
v 0.300641 0.389080 -0.316415
v 0.191600 0.319068 -0.433416
v 0.177279 0.389080 -0.398843
v 0.327103 0.319068 -0.342877
v 0.191600 -0.099735 -0.433416
v 0.300641 -0.169747 -0.316415
v 0.177279 -0.169747 -0.398842
v 0.327103 -0.099735 -0.342876
v 0.342876 -0.099735 -0.327102
v 0.433416 -0.099735 -0.191600
v 0.316415 -0.169747 -0.300640
v 0.398843 -0.169746 -0.177279
v 0.316415 0.389080 -0.300641
v 0.433416 0.319068 -0.191600
v 0.342876 0.319068 -0.327102
v 0.398843 0.389080 -0.177279
v 0.441953 -0.099735 -0.170990
v 0.473747 -0.099734 -0.011154
v 0.407380 -0.169746 -0.156669
v 0.436325 -0.169746 -0.011154
v 0.407380 0.389080 -0.156669
v 0.473747 0.319068 -0.011154
v 0.441953 0.319068 -0.170990
v 0.436325 0.389080 -0.011154
v 0.473747 -0.099734 0.011154
v 0.407380 -0.169746 0.156670
v 0.436325 -0.169746 0.011154
v 0.441953 -0.099734 0.170990
v 0.407380 0.389080 0.156669
v 0.473747 0.319068 0.011154
v 0.436325 0.389080 0.011154
v 0.441953 0.319068 0.170990
v 0.433416 -0.099734 0.191600
v 0.316415 -0.169746 0.300641
v 0.398843 -0.169746 0.177280
v 0.342876 -0.099734 0.327103
v 0.398843 0.389080 0.177279
v 0.316415 0.389081 0.300641
v 0.433416 0.319068 0.191600
v 0.342876 0.319069 0.327102
v 0.177279 -0.169746 0.398843
v 0.300640 -0.169746 0.316415
v 0.191600 -0.099734 0.433417
v 0.327102 -0.099734 0.342877
v 0.300640 0.389081 0.316415
v 0.191600 0.319069 0.433416
v 0.327102 0.319069 0.342876
v 0.177279 0.389081 0.398843
v 0.170989 -0.099734 0.441953
v 0.011154 -0.099734 0.473747
v 0.156669 -0.169746 0.407380
v 0.011154 -0.169746 0.436325
v 0.156669 0.389081 0.407379
v 0.011154 0.319069 0.473746
v 0.170989 0.319069 0.441953
v 0.011154 0.389081 0.436324
v -0.011125 0.298185 0.482406
v -0.174331 0.298185 0.449942
v -0.011125 0.222160 0.505468
v -0.183157 0.222160 0.471249
v -0.011125 -0.002826 0.505467
v -0.174331 -0.078850 0.449942
v -0.011125 -0.078850 0.482406
v -0.183157 -0.002826 0.471249
v -0.349553 0.222160 0.365286
v -0.203712 0.222160 0.462734
v -0.333246 0.298185 0.348979
v -0.194887 0.298185 0.441428
v -0.203712 -0.002826 0.462734
v -0.333246 -0.078850 0.348979
v -0.194887 -0.078850 0.441428
v -0.349553 -0.002826 0.365286
v -0.462734 -0.002826 0.203712
v -0.441428 -0.078850 0.194887
v -0.348979 -0.078850 0.333246
v -0.365286 -0.002826 0.349553
v -0.462734 0.222160 0.203712
v -0.348979 0.298185 0.333246
v -0.441428 0.298185 0.194886
v -0.365286 0.222160 0.349553
v -0.505468 0.222160 0.011124
v -0.449942 0.298185 0.174331
v -0.482406 0.298185 0.011124
v -0.471249 0.222160 0.183156
v -0.482406 -0.078851 0.011125
v -0.449942 -0.078850 0.174331
v -0.505468 -0.002826 0.011125
v -0.471249 -0.002826 0.183157
v -0.449942 -0.078851 -0.174331
v -0.505468 -0.002826 -0.011124
v -0.471249 -0.002826 -0.183156
v -0.482406 -0.078851 -0.011124
v -0.471249 0.222160 -0.183157
v -0.505468 0.222160 -0.011125
v -0.449942 0.298184 -0.174331
v -0.482406 0.298185 -0.011125
v -0.365286 0.222160 -0.349553
v -0.462734 0.222160 -0.203712
v -0.348979 0.298184 -0.333246
v -0.441427 0.298184 -0.194887
v -0.348979 -0.078851 -0.333246
v -0.462734 -0.002826 -0.203712
v -0.365286 -0.002826 -0.349553
v -0.441427 -0.078851 -0.194886
v -0.203712 -0.002826 -0.462734
v -0.333246 -0.078851 -0.348979
v -0.349553 -0.002826 -0.365286
v -0.194887 -0.078851 -0.441428
v -0.203712 0.222160 -0.462734
v -0.333246 0.298184 -0.348979
v -0.194887 0.298184 -0.441428
v -0.349553 0.222160 -0.365286
v -0.174331 0.298184 -0.449942
v -0.011125 0.222160 -0.505468
v -0.183156 0.222160 -0.471249
v -0.011125 0.298184 -0.482406
v -0.011125 -0.002826 -0.505468
v -0.174331 -0.078851 -0.449942
v -0.183156 -0.002826 -0.471249
v -0.011125 -0.078851 -0.482406
v 0.011125 -0.002826 -0.505468
v 0.174331 -0.078851 -0.449942
v 0.011125 -0.078851 -0.482406
v 0.183157 -0.002826 -0.471249
v 0.174331 0.298184 -0.449942
v 0.011125 0.222160 -0.505468
v 0.011125 0.298184 -0.482406
v 0.183157 0.222160 -0.471249
v 0.333246 0.298184 -0.348978
v 0.203712 0.222160 -0.462734
v 0.194887 0.298184 -0.441427
v 0.349553 0.222160 -0.365286
v 0.203712 -0.002826 -0.462734
v 0.333246 -0.078851 -0.348978
v 0.194887 -0.078851 -0.441427
v 0.349553 -0.002826 -0.365286
v 0.365286 -0.002826 -0.349553
v 0.462734 -0.002826 -0.203712
v 0.348979 -0.078851 -0.333246
v 0.441428 -0.078851 -0.194886
v 0.348979 0.298184 -0.333246
v 0.462734 0.222160 -0.203712
v 0.365286 0.222160 -0.349553
v 0.441428 0.298184 -0.194887
v 0.449942 0.298184 -0.174331
v 0.505468 0.222160 -0.011125
v 0.471249 0.222160 -0.183156
v 0.482406 0.298185 -0.011125
v 0.471249 -0.002826 -0.183156
v 0.505468 -0.002826 -0.011124
v 0.449942 -0.078851 -0.174331
v 0.482406 -0.078851 -0.011124
v 0.449942 0.298185 0.174331
v 0.505468 0.222160 0.011125
v 0.482406 0.298185 0.011125
v 0.471249 0.222160 0.183156
v 0.505468 -0.002826 0.011125
v 0.449942 -0.078850 0.174331
v 0.482406 -0.078851 0.011125
v 0.471249 -0.002826 0.183157
v 0.441427 0.298185 0.194886
v 0.348978 0.298185 0.333246
v 0.462734 0.222160 0.203712
v 0.365286 0.222160 0.349553
v 0.462734 -0.002826 0.203712
v 0.348978 -0.078850 0.333246
v 0.441427 -0.078850 0.194887
v 0.365286 -0.002826 0.349553
v 0.333246 0.298185 0.348979
v 0.203711 0.222160 0.462734
v 0.349553 0.222160 0.365286
v 0.194887 0.298185 0.441428
v 0.194887 -0.078850 0.441428
v 0.333246 -0.078850 0.348979
v 0.203711 -0.002826 0.462734
v 0.349553 -0.002826 0.365286
v 0.183156 -0.002826 0.471249
v 0.011125 -0.002826 0.505468
v 0.174331 -0.078850 0.449942
v 0.011125 -0.078850 0.482406
v 0.174331 0.298185 0.449942
v 0.011125 0.222160 0.505468
v 0.183156 0.222160 0.471249
v 0.011125 0.298185 0.482406
v -0.011109 0.200034 0.509874
v -0.184857 0.200034 0.475313
v -0.011109 0.120939 0.517664
v -0.187838 0.120939 0.482510
v -0.011109 0.098395 0.517664
v -0.184857 0.019300 0.475313
v -0.011109 0.019300 0.509874
v -0.187838 0.098395 0.482510
v -0.205383 0.200034 0.466810
v -0.352680 0.200034 0.368390
v -0.208365 0.120939 0.474008
v -0.358189 0.120939 0.373899
v -0.208365 0.098395 0.474008
v -0.352680 0.019300 0.368390
v -0.205383 0.019300 0.466810
v -0.358189 0.098395 0.373899
v -0.474008 0.120939 0.208365
v -0.368391 0.200034 0.352680
v -0.466810 0.200034 0.205383
v -0.373899 0.120939 0.358189
v -0.466810 0.019300 0.205383
v -0.368391 0.019300 0.352680
v -0.474008 0.098395 0.208365
v -0.373899 0.098395 0.358189
v -0.517664 0.120939 0.011108
v -0.475313 0.200034 0.184857
v -0.509874 0.200034 0.011108
v -0.482510 0.120939 0.187838
v -0.509874 0.019300 0.011109
v -0.475313 0.019300 0.184857
v -0.517664 0.098395 0.011109
v -0.482510 0.098395 0.187838
v -0.482510 0.120939 -0.187838
v -0.517664 0.120939 -0.011109
v -0.475313 0.200034 -0.184857
v -0.509874 0.200034 -0.011109
v -0.475313 0.019300 -0.184857
v -0.517664 0.098395 -0.011109
v -0.482510 0.098395 -0.187838
v -0.509874 0.019300 -0.011109
v -0.373899 0.120939 -0.358189
v -0.474008 0.120939 -0.208365
v -0.368390 0.200034 -0.352680
v -0.466810 0.200034 -0.205383
v -0.368390 0.019300 -0.352680
v -0.474008 0.098395 -0.208365
v -0.373899 0.098395 -0.358189
v -0.466810 0.019300 -0.205383
v -0.208365 0.098395 -0.474008
v -0.352680 0.019300 -0.368391
v -0.358189 0.098395 -0.373899
v -0.205383 0.019300 -0.466810
v -0.352680 0.200034 -0.368391
v -0.208365 0.120939 -0.474008
v -0.358189 0.120939 -0.373899
v -0.205383 0.200034 -0.466810
v -0.184857 0.200034 -0.475313
v -0.011108 0.120939 -0.517664
v -0.187838 0.120939 -0.482511
v -0.011108 0.200034 -0.509874
v -0.011108 0.098395 -0.517664
v -0.184857 0.019300 -0.475313
v -0.187838 0.098395 -0.482511
v -0.011108 0.019300 -0.509874
v 0.184857 0.200034 -0.475313
v 0.011109 0.120939 -0.517664
v 0.011109 0.200034 -0.509874
v 0.187838 0.120939 -0.482510
v 0.011109 0.098395 -0.517664
v 0.184857 0.019300 -0.475313
v 0.011109 0.019300 -0.509874
v 0.187838 0.098395 -0.482510
v 0.352680 0.200034 -0.368390
v 0.208365 0.120939 -0.474008
v 0.205383 0.200034 -0.466810
v 0.358189 0.120939 -0.373899
v 0.208365 0.098395 -0.474008
v 0.352680 0.019300 -0.368390
v 0.205383 0.019300 -0.466810
v 0.358189 0.098395 -0.373899
v 0.368391 0.200034 -0.352680
v 0.474008 0.120939 -0.208365
v 0.373899 0.120939 -0.358189
v 0.466810 0.200034 -0.205383
v 0.373899 0.098395 -0.358189
v 0.474008 0.098395 -0.208365
v 0.368391 0.019300 -0.352680
v 0.466810 0.019300 -0.205383
v 0.475313 0.200034 -0.184857
v 0.517664 0.120939 -0.011109
v 0.482511 0.120939 -0.187838
v 0.509874 0.200034 -0.011109
v 0.482511 0.098395 -0.187838
v 0.517664 0.098395 -0.011108
v 0.475313 0.019300 -0.184857
v 0.509874 0.019300 -0.011108
v 0.509874 0.200034 0.011109
v 0.475313 0.200034 0.184857
v 0.517664 0.120939 0.011109
v 0.482510 0.120939 0.187838
v 0.517664 0.098395 0.011109
v 0.475313 0.019300 0.184857
v 0.509874 0.019300 0.011109
v 0.482510 0.098395 0.187838
v 0.466810 0.200034 0.205383
v 0.368390 0.200034 0.352680
v 0.474008 0.120939 0.208365
v 0.373899 0.120939 0.358189
v 0.474008 0.098395 0.208365
v 0.368390 0.019300 0.352680
v 0.466810 0.019300 0.205383
v 0.373899 0.098395 0.358189
v 0.352680 0.200034 0.368391
v 0.208365 0.120939 0.474008
v 0.358189 0.120939 0.373899
v 0.205383 0.200034 0.466810
v 0.358189 0.098395 0.373899
v 0.208365 0.098395 0.474008
v 0.352680 0.019300 0.368391
v 0.205383 0.019300 0.466810
v 0.184857 0.200034 0.475313
v 0.011108 0.120939 0.517664
v 0.187838 0.120939 0.482511
v 0.011109 0.200034 0.509874
v 0.187838 0.098395 0.482511
v 0.011108 0.098395 0.517664
v 0.184857 0.019300 0.475313
v 0.011109 0.019300 0.509874
v 0.000000 0.207212 0.490393
v -0.011109 0.120939 0.517664
v 0.000000 0.109667 0.500000
v -0.011109 0.200034 0.509874
v -0.187838 0.120939 0.482510
v -0.187665 0.207212 0.453063
v -0.191342 0.109667 0.461940
v -0.184857 0.200034 0.475313
v -0.011109 0.098395 0.517664
v 0.000000 0.012122 0.490393
v 0.000000 0.109667 0.500000
v -0.011109 0.019300 0.509874
v -0.187665 0.012122 0.453063
v -0.187838 0.098395 0.482510
v -0.191342 0.109667 0.461940
v -0.184857 0.019300 0.475313
v -0.208365 0.120939 0.474008
v -0.187665 0.207212 0.453063
v -0.205383 0.200034 0.466810
v -0.191342 0.109667 0.461940
v -0.358189 0.120939 0.373899
v -0.346760 0.207212 0.346760
v -0.353554 0.109667 0.353554
v -0.352680 0.200034 0.368390
v -0.208365 0.098395 0.474008
v -0.205383 0.019300 0.466810
v -0.187665 0.012122 0.453063
v -0.191342 0.109667 0.461940
v -0.346760 0.012122 0.346760
v -0.358189 0.098395 0.373899
v -0.353554 0.109667 0.353554
v -0.352680 0.019300 0.368390
v -0.373899 0.120939 0.358189
v -0.346760 0.207212 0.346760
v -0.368391 0.200034 0.352680
v -0.353554 0.109667 0.353554
v -0.474008 0.120939 0.208365
v -0.453063 0.207212 0.187665
v -0.461940 0.109667 0.191342
v -0.466810 0.200034 0.205383
v -0.373899 0.098395 0.358189
v -0.368391 0.019300 0.352680
v -0.346760 0.012122 0.346760
v -0.353554 0.109667 0.353554
v -0.453063 0.012122 0.187665
v -0.474008 0.098395 0.208365
v -0.461940 0.109667 0.191342
v -0.466810 0.019300 0.205383
v -0.482510 0.120939 0.187838
v -0.453063 0.207212 0.187665
v -0.475313 0.200034 0.184857
v -0.461940 0.109667 0.191342
v -0.517664 0.120939 0.011108
v -0.509874 0.200034 0.011108
v -0.490393 0.207212 -0.000000
v -0.500000 0.109667 -0.000000
v -0.482510 0.098395 0.187838
v -0.475313 0.019300 0.184857
v -0.453063 0.012122 0.187665
v -0.461940 0.109667 0.191342
v -0.517664 0.098395 0.011109
v -0.490393 0.012122 -0.000000
v -0.509874 0.019300 0.011109
v -0.500000 0.109667 -0.000000
v -0.517664 0.120939 -0.011109
v -0.490393 0.207212 -0.000000
v -0.509874 0.200034 -0.011109
v -0.500000 0.109667 -0.000000
v -0.482510 0.120939 -0.187838
v -0.475313 0.200034 -0.184857
v -0.453063 0.207212 -0.187665
v -0.461940 0.109667 -0.191342
v -0.517664 0.098395 -0.011109
v -0.509874 0.019300 -0.011109
v -0.490393 0.012122 -0.000000
v -0.500000 0.109667 -0.000000
v -0.482510 0.098395 -0.187838
v -0.453063 0.012122 -0.187665
v -0.475313 0.019300 -0.184857
v -0.461940 0.109667 -0.191342
v -0.453063 0.207212 -0.187665
v -0.474008 0.120939 -0.208365
v -0.461940 0.109667 -0.191342
v -0.466810 0.200034 -0.205383
v -0.373899 0.120939 -0.358189
v -0.368390 0.200034 -0.352680
v -0.346760 0.207212 -0.346760
v -0.353554 0.109667 -0.353554
v -0.453063 0.012122 -0.187665
v -0.461940 0.109667 -0.191342
v -0.474008 0.098395 -0.208365
v -0.466810 0.019300 -0.205383
v -0.373899 0.098395 -0.358189
v -0.346760 0.012122 -0.346760
v -0.368390 0.019300 -0.352680
v -0.353554 0.109667 -0.353554
v -0.346760 0.012122 -0.346760
v -0.353554 0.109667 -0.353554
v -0.358189 0.098395 -0.373899
v -0.352680 0.019300 -0.368391
v -0.208365 0.098395 -0.474008
v -0.187665 0.012122 -0.453063
v -0.205383 0.019300 -0.466810
v -0.191342 0.109667 -0.461940
v -0.346760 0.207212 -0.346760
v -0.358189 0.120939 -0.373899
v -0.353554 0.109667 -0.353554
v -0.352680 0.200034 -0.368391
v -0.208365 0.120939 -0.474008
v -0.205383 0.200034 -0.466810
v -0.187665 0.207212 -0.453063
v -0.191342 0.109667 -0.461940
v -0.187665 0.207212 -0.453063
v -0.187838 0.120939 -0.482511
v -0.191342 0.109667 -0.461940
v -0.184857 0.200034 -0.475313
v 0.000000 0.207212 -0.490393
v 0.000000 0.109667 -0.500000
v -0.011108 0.120939 -0.517664
v -0.011108 0.200034 -0.509874
v -0.187665 0.012122 -0.453063
v -0.191342 0.109667 -0.461940
v -0.187838 0.098395 -0.482511
v -0.184857 0.019300 -0.475313
v 0.000000 0.012122 -0.490393
v -0.011108 0.098395 -0.517664
v 0.000000 0.109667 -0.500000
v -0.011108 0.019300 -0.509874
v 0.000000 0.207212 -0.490393
v 0.011109 0.120939 -0.517664
v 0.000000 0.109667 -0.500000
v 0.011109 0.200034 -0.509874
v 0.187666 0.207212 -0.453063
v 0.191342 0.109667 -0.461940
v 0.187838 0.120939 -0.482510
v 0.184857 0.200034 -0.475313
v 0.000000 0.012122 -0.490393
v 0.000000 0.109667 -0.500000
v 0.011109 0.098395 -0.517664
v 0.011109 0.019300 -0.509874
v 0.187666 0.012122 -0.453063
v 0.187838 0.098395 -0.482510
v 0.191342 0.109667 -0.461940
v 0.184857 0.019300 -0.475313
v 0.187666 0.207212 -0.453063
v 0.208365 0.120939 -0.474008
v 0.191342 0.109667 -0.461940
v 0.205383 0.200034 -0.466810
v 0.346760 0.207212 -0.346760
v 0.353554 0.109667 -0.353553
v 0.358189 0.120939 -0.373899
v 0.352680 0.200034 -0.368390
v 0.208365 0.098395 -0.474008
v 0.187666 0.012122 -0.453063
v 0.191342 0.109667 -0.461940
v 0.205383 0.019300 -0.466810
v 0.346760 0.012122 -0.346760
v 0.358189 0.098395 -0.373899
v 0.353554 0.109667 -0.353553
v 0.352680 0.019300 -0.368390
v 0.346760 0.207212 -0.346760
v 0.373899 0.120939 -0.358189
v 0.353554 0.109667 -0.353553
v 0.368391 0.200034 -0.352680
v 0.453063 0.207212 -0.187665
v 0.461940 0.109667 -0.191342
v 0.474008 0.120939 -0.208365
v 0.466810 0.200034 -0.205383
v 0.346760 0.012122 -0.346760
v 0.373899 0.098395 -0.358189
v 0.368391 0.019300 -0.352680
v 0.353554 0.109667 -0.353553
v 0.453063 0.012122 -0.187665
v 0.474008 0.098395 -0.208365
v 0.461940 0.109667 -0.191342
v 0.466810 0.019300 -0.205383
v 0.453063 0.207212 -0.187665
v 0.482511 0.120939 -0.187838
v 0.461940 0.109667 -0.191342
v 0.475313 0.200034 -0.184857
v 0.490393 0.207212 -0.000000
v 0.517664 0.120939 -0.011109
v 0.509874 0.200034 -0.011109
v 0.500000 0.109667 -0.000000
v 0.453063 0.012122 -0.187665
v 0.482511 0.098395 -0.187838
v 0.475313 0.019300 -0.184857
v 0.461940 0.109667 -0.191342
v 0.490393 0.012122 -0.000000
v 0.517664 0.098395 -0.011108
v 0.500000 0.109667 -0.000000
v 0.509874 0.019300 -0.011108
v 0.490393 0.207212 -0.000000
v 0.517664 0.120939 0.011109
v 0.500000 0.109667 -0.000000
v 0.509874 0.200034 0.011109
v 0.453063 0.207212 0.187666
v 0.482510 0.120939 0.187838
v 0.475313 0.200034 0.184857
v 0.461940 0.109667 0.191342
v 0.490393 0.012122 -0.000000
v 0.517664 0.098395 0.011109
v 0.509874 0.019300 0.011109
v 0.500000 0.109667 -0.000000
v 0.453063 0.012122 0.187666
v 0.482510 0.098395 0.187838
v 0.461940 0.109667 0.191342
v 0.475313 0.019300 0.184857
v 0.453063 0.207212 0.187666
v 0.474008 0.120939 0.208365
v 0.461940 0.109667 0.191342
v 0.466810 0.200034 0.205383
v 0.346759 0.207212 0.346760
v 0.373899 0.120939 0.358189
v 0.368390 0.200034 0.352680
v 0.353553 0.109667 0.353554
v 0.474008 0.098395 0.208365
v 0.453063 0.012122 0.187666
v 0.461940 0.109667 0.191342
v 0.466810 0.019300 0.205383
v 0.346759 0.012122 0.346760
v 0.373899 0.098395 0.358189
v 0.353553 0.109667 0.353554
v 0.368390 0.019300 0.352680
v 0.346759 0.207212 0.346760
v 0.358189 0.120939 0.373899
v 0.353553 0.109667 0.353554
v 0.352680 0.200034 0.368391
v 0.208365 0.120939 0.474008
v 0.187665 0.207212 0.453063
v 0.191342 0.109667 0.461940
v 0.205383 0.200034 0.466810
v 0.358189 0.098395 0.373899
v 0.346759 0.012122 0.346760
v 0.353553 0.109667 0.353554
v 0.352680 0.019300 0.368391
v 0.187665 0.012122 0.453063
v 0.208365 0.098395 0.474008
v 0.191342 0.109667 0.461940
v 0.205383 0.019300 0.466810
v 0.187665 0.207212 0.453063
v 0.187838 0.120939 0.482511
v 0.191342 0.109667 0.461940
v 0.184857 0.200034 0.475313
v 0.011108 0.120939 0.517664
v 0.000000 0.207212 0.490393
v 0.000000 0.109667 0.500000
v 0.011109 0.200034 0.509874
v 0.187838 0.098395 0.482511
v 0.187665 0.012122 0.453063
v 0.191342 0.109667 0.461940
v 0.184857 0.019300 0.475313
v 0.000000 0.012122 0.490393
v 0.011108 0.098395 0.517664
v 0.000000 0.109667 0.500000
v 0.011109 0.019300 0.509874
v -0.011125 0.222160 0.505468
v 0.000000 0.301009 0.461940
v -0.011125 0.298185 0.482406
v 0.000000 0.207212 0.490393
v -0.183157 0.222160 0.471249
v -0.176776 0.301009 0.426776
v -0.187665 0.207212 0.453063
v -0.174331 0.298185 0.449942
v -0.011125 -0.002826 0.505467
v 0.000000 -0.081674 0.461940
v 0.000000 0.012122 0.490393
v -0.011125 -0.078850 0.482406
v -0.183157 -0.002826 0.471249
v -0.176776 -0.081674 0.426776
v -0.174331 -0.078850 0.449942
v -0.187665 0.012122 0.453063
v -0.176776 0.301009 0.426776
v -0.203712 0.222160 0.462734
v -0.187665 0.207212 0.453063
v -0.194887 0.298185 0.441428
v -0.349553 0.222160 0.365286
v -0.326641 0.301009 0.326640
v -0.346760 0.207212 0.346760
v -0.333246 0.298185 0.348979
v -0.203712 -0.002826 0.462734
v -0.194887 -0.078850 0.441428
v -0.176776 -0.081674 0.426776
v -0.187665 0.012122 0.453063
v -0.326641 -0.081674 0.326640
v -0.349553 -0.002826 0.365286
v -0.346760 0.012122 0.346760
v -0.333246 -0.078850 0.348979
v -0.365286 -0.002826 0.349553
v -0.348979 -0.078850 0.333246
v -0.326641 -0.081674 0.326640
v -0.346760 0.012122 0.346760
v -0.365286 0.222160 0.349553
v -0.326641 0.301009 0.326640
v -0.348979 0.298185 0.333246
v -0.346760 0.207212 0.346760
v -0.471249 0.222160 0.183156
v -0.426776 0.301009 0.176776
v -0.449942 0.298185 0.174331
v -0.453063 0.207212 0.187665
v -0.426776 -0.081674 0.176777
v -0.453063 0.012122 0.187665
v -0.471249 -0.002826 0.183157
v -0.449942 -0.078850 0.174331
v -0.461940 -0.081675 -0.000000
v -0.490393 0.012122 -0.000000
v -0.505468 -0.002826 -0.011124
v -0.482406 -0.078851 -0.011124
v -0.461940 0.301009 -0.000000
v -0.505468 0.222160 -0.011125
v -0.490393 0.207212 -0.000000
v -0.482406 0.298185 -0.011125
v -0.462734 0.222160 -0.203712
v -0.426776 0.301009 -0.176777
v -0.441427 0.298184 -0.194887
v -0.453063 0.207212 -0.187665
v -0.462734 -0.002826 -0.203712
v -0.441427 -0.078851 -0.194886
v -0.426776 -0.081675 -0.176777
v -0.453063 0.012122 -0.187665
v -0.349553 -0.002826 -0.365286
v -0.333246 -0.078851 -0.348979
v -0.326640 -0.081675 -0.326641
v -0.346760 0.012122 -0.346760
v -0.349553 0.222160 -0.365286
v -0.326640 0.301008 -0.326641
v -0.333246 0.298184 -0.348979
v -0.346760 0.207212 -0.346760
v -0.183156 0.222160 -0.471249
v -0.176776 0.301008 -0.426776
v -0.174331 0.298184 -0.449942
v -0.187665 0.207212 -0.453063
v -0.183156 -0.002826 -0.471249
v -0.174331 -0.078851 -0.449942
v -0.176776 -0.081675 -0.426776
v -0.187665 0.012122 -0.453063
v 0.011125 -0.002826 -0.505468
v 0.011125 -0.078851 -0.482406
v 0.000000 -0.081675 -0.461940
v 0.000000 0.012122 -0.490393
v 0.183157 -0.002826 -0.471249
v 0.176777 -0.081675 -0.426776
v 0.174331 -0.078851 -0.449942
v 0.187666 0.012122 -0.453063
v 0.011125 0.222160 -0.505468
v 0.000000 0.301008 -0.461940
v 0.011125 0.298184 -0.482406
v 0.000000 0.207212 -0.490393
v 0.183157 0.222160 -0.471249
v 0.174331 0.298184 -0.449942
v 0.176777 0.301008 -0.426776
v 0.187666 0.207212 -0.453063
v 0.349553 0.222160 -0.365286
v 0.333246 0.298184 -0.348978
v 0.326641 0.301008 -0.326640
v 0.346760 0.207212 -0.346760
v 0.349553 -0.002826 -0.365286
v 0.326641 -0.081675 -0.326640
v 0.333246 -0.078851 -0.348978
v 0.346760 0.012122 -0.346760
v 0.462734 -0.002826 -0.203712
v 0.426776 -0.081675 -0.176776
v 0.441428 -0.078851 -0.194886
v 0.453063 0.012122 -0.187665
v 0.462734 0.222160 -0.203712
v 0.441428 0.298184 -0.194887
v 0.426776 0.301009 -0.176777
v 0.453063 0.207212 -0.187665
v 0.461940 0.301009 -0.000000
v 0.490393 0.207212 -0.000000
v 0.505468 0.222160 -0.011125
v 0.482406 0.298185 -0.011125
v 0.461940 -0.081675 -0.000000
v 0.505468 -0.002826 -0.011124
v 0.490393 0.012122 -0.000000
v 0.482406 -0.078851 -0.011124
v 0.426776 0.301009 0.176777
v 0.471249 0.222160 0.183156
v 0.449942 0.298185 0.174331
v 0.453063 0.207212 0.187666
v 0.426776 -0.081674 0.176777
v 0.471249 -0.002826 0.183157
v 0.453063 0.012122 0.187666
v 0.449942 -0.078850 0.174331
v 0.326640 0.301009 0.326641
v 0.365286 0.222160 0.349553
v 0.348978 0.298185 0.333246
v 0.346759 0.207212 0.346760
v 0.326640 -0.081674 0.326641
v 0.365286 -0.002826 0.349553
v 0.346759 0.012122 0.346760
v 0.348978 -0.078850 0.333246
v 0.176776 0.301009 0.426776
v 0.187665 0.207212 0.453063
v 0.203711 0.222160 0.462734
v 0.194887 0.298185 0.441428
v 0.176776 -0.081674 0.426776
v 0.203711 -0.002826 0.462734
v 0.187665 0.012122 0.453063
v 0.194887 -0.078850 0.441428
v 0.183156 -0.002826 0.471249
v 0.176776 -0.081674 0.426776
v 0.187665 0.012122 0.453063
v 0.174331 -0.078850 0.449942
v 0.011125 -0.002826 0.505468
v 0.000000 -0.081674 0.461940
v 0.011125 -0.078850 0.482406
v 0.000000 0.012122 0.490393
v 0.183156 0.222160 0.471249
v 0.176776 0.301009 0.426776
v 0.174331 0.298185 0.449942
v 0.187665 0.207212 0.453063
v 0.011125 0.222160 0.505468
v 0.000000 0.301009 0.461940
v 0.000000 0.207212 0.490393
v 0.011125 0.298185 0.482406
v -0.426776 -0.081674 0.176777
v -0.462734 -0.002826 0.203712
v -0.453063 0.012122 0.187665
v -0.441428 -0.078850 0.194887
v -0.462734 0.222160 0.203712
v -0.426776 0.301009 0.176776
v -0.453063 0.207212 0.187665
v -0.441428 0.298185 0.194886
v -0.461940 0.301009 -0.000000
v -0.490393 0.207212 -0.000000
v -0.505468 0.222160 0.011124
v -0.482406 0.298185 0.011124
v -0.461940 -0.081675 -0.000000
v -0.505468 -0.002826 0.011125
v -0.490393 0.012122 -0.000000
v -0.482406 -0.078851 0.011125
v -0.471249 -0.002826 -0.183156
v -0.426776 -0.081675 -0.176777
v -0.449942 -0.078851 -0.174331
v -0.453063 0.012122 -0.187665
v -0.426776 0.301009 -0.176777
v -0.453063 0.207212 -0.187665
v -0.471249 0.222160 -0.183157
v -0.449942 0.298184 -0.174331
v -0.365286 0.222160 -0.349553
v -0.348979 0.298184 -0.333246
v -0.326640 0.301008 -0.326641
v -0.346760 0.207212 -0.346760
v -0.365286 -0.002826 -0.349553
v -0.326640 -0.081675 -0.326641
v -0.348979 -0.078851 -0.333246
v -0.346760 0.012122 -0.346760
v -0.176776 -0.081675 -0.426776
v -0.203712 -0.002826 -0.462734
v -0.187665 0.012122 -0.453063
v -0.194887 -0.078851 -0.441428
v -0.203712 0.222160 -0.462734
v -0.194887 0.298184 -0.441428
v -0.176776 0.301008 -0.426776
v -0.187665 0.207212 -0.453063
v -0.011125 0.222160 -0.505468
v -0.011125 0.298184 -0.482406
v 0.000000 0.301008 -0.461940
v 0.000000 0.207212 -0.490393
v -0.011125 -0.002826 -0.505468
v 0.000000 -0.081675 -0.461940
v -0.011125 -0.078851 -0.482406
v 0.000000 0.012122 -0.490393
v 0.176777 0.301008 -0.426776
v 0.203712 0.222160 -0.462734
v 0.187666 0.207212 -0.453063
v 0.194887 0.298184 -0.441427
v 0.176777 -0.081675 -0.426776
v 0.187666 0.012122 -0.453063
v 0.203712 -0.002826 -0.462734
v 0.194887 -0.078851 -0.441427
v 0.326641 -0.081675 -0.326640
v 0.365286 -0.002826 -0.349553
v 0.348979 -0.078851 -0.333246
v 0.346760 0.012122 -0.346760
v 0.326641 0.301008 -0.326640
v 0.365286 0.222160 -0.349553
v 0.346760 0.207212 -0.346760
v 0.348979 0.298184 -0.333246
v 0.426776 0.301009 -0.176777
v 0.471249 0.222160 -0.183156
v 0.453063 0.207212 -0.187665
v 0.449942 0.298184 -0.174331
v 0.426776 -0.081675 -0.176776
v 0.471249 -0.002826 -0.183156
v 0.449942 -0.078851 -0.174331
v 0.453063 0.012122 -0.187665
v 0.461940 0.301009 -0.000000
v 0.505468 0.222160 0.011125
v 0.490393 0.207212 -0.000000
v 0.482406 0.298185 0.011125
v 0.461940 -0.081675 -0.000000
v 0.490393 0.012122 -0.000000
v 0.505468 -0.002826 0.011125
v 0.482406 -0.078851 0.011125
v 0.426776 0.301009 0.176777
v 0.462734 0.222160 0.203712
v 0.453063 0.207212 0.187666
v 0.441427 0.298185 0.194886
v 0.462734 -0.002826 0.203712
v 0.426776 -0.081674 0.176777
v 0.453063 0.012122 0.187666
v 0.441427 -0.078850 0.194887
v 0.326640 0.301009 0.326641
v 0.349553 0.222160 0.365286
v 0.346759 0.207212 0.346760
v 0.333246 0.298185 0.348979
v 0.349553 -0.002826 0.365286
v 0.326640 -0.081674 0.326641
v 0.346759 0.012122 0.346760
v 0.333246 -0.078850 0.348979
v -0.011154 0.319069 0.473746
v 0.000000 0.387452 0.415734
v -0.011154 0.389081 0.436324
v 0.000000 0.301009 0.461940
v -0.170990 0.319069 0.441953
v -0.159095 0.387452 0.384089
v -0.176776 0.301009 0.426776
v -0.156669 0.389081 0.407379
v -0.011154 -0.099734 0.473747
v 0.000000 -0.168118 0.415735
v 0.000000 -0.081674 0.461940
v -0.011154 -0.169746 0.436325
v -0.170990 -0.099734 0.441953
v -0.159095 -0.168118 0.384089
v -0.156669 -0.169746 0.407380
v -0.176776 -0.081674 0.426776
v -0.191600 -0.099734 0.433416
v -0.177279 -0.169746 0.398843
v -0.159095 -0.168118 0.384089
v -0.176776 -0.081674 0.426776
v -0.327103 -0.099734 0.342877
v -0.293969 -0.168118 0.293969
v -0.300641 -0.169746 0.316415
v -0.326641 -0.081674 0.326640
v -0.159095 0.387452 0.384089
v -0.191600 0.319069 0.433416
v -0.176776 0.301009 0.426776
v -0.177279 0.389081 0.398843
v -0.327103 0.319069 0.342876
v -0.293969 0.387452 0.293969
v -0.326641 0.301009 0.326640
v -0.300641 0.389081 0.316415
v -0.293969 -0.168118 0.293969
v -0.326641 -0.081674 0.326640
v -0.342876 -0.099734 0.327103
v -0.316415 -0.169746 0.300641
v -0.384089 -0.168118 0.159095
v -0.433416 -0.099734 0.191600
v -0.426776 -0.081674 0.176777
v -0.398843 -0.169746 0.177279
v -0.293969 0.387452 0.293969
v -0.342876 0.319069 0.327102
v -0.326641 0.301009 0.326640
v -0.316415 0.389081 0.300641
v -0.433416 0.319068 0.191600
v -0.384089 0.387452 0.159095
v -0.426776 0.301009 0.176776
v -0.398843 0.389080 0.177279
v -0.384089 0.387452 0.159095
v -0.441953 0.319068 0.170990
v -0.426776 0.301009 0.176776
v -0.407380 0.389080 0.156669
v -0.415735 0.387452 -0.000000
v -0.461940 0.301009 -0.000000
v -0.473747 0.319068 0.011154
v -0.436325 0.389080 0.011154
v -0.384089 -0.168118 0.159095
v -0.426776 -0.081674 0.176777
v -0.441953 -0.099734 0.170990
v -0.407380 -0.169746 0.156669
v -0.415735 -0.168118 -0.000000
v -0.473747 -0.099734 0.011154
v -0.461940 -0.081675 -0.000000
v -0.436325 -0.169746 0.011154
v -0.415735 -0.168118 -0.000000
v -0.461940 -0.081675 -0.000000
v -0.473747 -0.099734 -0.011154
v -0.436325 -0.169746 -0.011154
v -0.384089 -0.168118 -0.159095
v -0.441953 -0.099735 -0.170990
v -0.426776 -0.081675 -0.176777
v -0.407380 -0.169746 -0.156669
v -0.415735 0.387452 -0.000000
v -0.473747 0.319068 -0.011154
v -0.461940 0.301009 -0.000000
v -0.436325 0.389080 -0.011154
v -0.384089 0.387452 -0.159095
v -0.426776 0.301009 -0.176777
v -0.441953 0.319068 -0.170990
v -0.407380 0.389080 -0.156669
v -0.433416 0.319068 -0.191600
v -0.384089 0.387452 -0.159095
v -0.398843 0.389080 -0.177279
v -0.426776 0.301009 -0.176777
v -0.293969 0.387452 -0.293969
v -0.326640 0.301008 -0.326641
v -0.342876 0.319068 -0.327103
v -0.316415 0.389080 -0.300641
v -0.433416 -0.099735 -0.191600
v -0.398843 -0.169746 -0.177279
v -0.384089 -0.168118 -0.159095
v -0.426776 -0.081675 -0.176777
v -0.293969 -0.168118 -0.293969
v -0.342876 -0.099735 -0.327102
v -0.326640 -0.081675 -0.326641
v -0.316415 -0.169747 -0.300641
v -0.327102 -0.099735 -0.342876
v -0.300641 -0.169747 -0.316415
v -0.293969 -0.168118 -0.293969
v -0.326640 -0.081675 -0.326641
v -0.159094 -0.168118 -0.384089
v -0.191600 -0.099735 -0.433416
v -0.176776 -0.081675 -0.426776
v -0.177279 -0.169747 -0.398843
v -0.327102 0.319068 -0.342877
v -0.293969 0.387452 -0.293969
v -0.300641 0.389080 -0.316415
v -0.326640 0.301008 -0.326641
v -0.191600 0.319068 -0.433417
v -0.177279 0.389080 -0.398843
v -0.159094 0.387452 -0.384089
v -0.176776 0.301008 -0.426776
v -0.170990 0.319068 -0.441953
v -0.159094 0.387452 -0.384089
v -0.156669 0.389080 -0.407380
v -0.176776 0.301008 -0.426776
v -0.011154 0.319068 -0.473747
v -0.011154 0.389080 -0.436325
v 0.000000 0.387452 -0.415735
v 0.000000 0.301008 -0.461940
v -0.170990 -0.099735 -0.441953
v -0.156669 -0.169747 -0.407379
v -0.159094 -0.168118 -0.384089
v -0.176776 -0.081675 -0.426776
v -0.011154 -0.099735 -0.473746
v 0.000000 -0.168118 -0.415734
v -0.011154 -0.169747 -0.436324
v 0.000000 -0.081675 -0.461940
v 0.011154 -0.099735 -0.473746
v 0.011154 -0.169747 -0.436324
v 0.000000 -0.168118 -0.415734
v 0.000000 -0.081675 -0.461940
v 0.170990 -0.099735 -0.441953
v 0.159095 -0.168118 -0.384089
v 0.156669 -0.169747 -0.407379
v 0.176777 -0.081675 -0.426776
v 0.011154 0.319068 -0.473747
v 0.000000 0.387452 -0.415735
v 0.011154 0.389080 -0.436325
v 0.000000 0.301008 -0.461940
v 0.170990 0.319068 -0.441953
v 0.156669 0.389080 -0.407380
v 0.159095 0.387452 -0.384089
v 0.176777 0.301008 -0.426776
v 0.159095 0.387452 -0.384089
v 0.191600 0.319068 -0.433416
v 0.176777 0.301008 -0.426776
v 0.177279 0.389080 -0.398843
v 0.327103 0.319068 -0.342877
v 0.300641 0.389080 -0.316415
v 0.293969 0.387452 -0.293969
v 0.326641 0.301008 -0.326640
v 0.159095 -0.168118 -0.384089
v 0.176777 -0.081675 -0.426776
v 0.191600 -0.099735 -0.433416
v 0.177279 -0.169747 -0.398842
v 0.327103 -0.099735 -0.342876
v 0.293969 -0.168118 -0.293969
v 0.300641 -0.169747 -0.316415
v 0.326641 -0.081675 -0.326640
v 0.293969 -0.168118 -0.293969
v 0.326641 -0.081675 -0.326640
v 0.342876 -0.099735 -0.327102
v 0.316415 -0.169747 -0.300640
v 0.433416 -0.099735 -0.191600
v 0.384089 -0.168118 -0.159094
v 0.398843 -0.169746 -0.177279
v 0.426776 -0.081675 -0.176776
v 0.293969 0.387452 -0.293969
v 0.342876 0.319068 -0.327102
v 0.326641 0.301008 -0.326640
v 0.316415 0.389080 -0.300641
v 0.433416 0.319068 -0.191600
v 0.398843 0.389080 -0.177279
v 0.384089 0.387452 -0.159095
v 0.426776 0.301009 -0.176777
v 0.384089 -0.168118 -0.159094
v 0.426776 -0.081675 -0.176776
v 0.441953 -0.099735 -0.170990
v 0.407380 -0.169746 -0.156669
v 0.415734 -0.168118 -0.000000
v 0.473747 -0.099734 -0.011154
v 0.461940 -0.081675 -0.000000
v 0.436325 -0.169746 -0.011154
v 0.384089 0.387452 -0.159095
v 0.441953 0.319068 -0.170990
v 0.426776 0.301009 -0.176777
v 0.407380 0.389080 -0.156669
v 0.415734 0.387452 -0.000000
v 0.461940 0.301009 -0.000000
v 0.473747 0.319068 -0.011154
v 0.436325 0.389080 -0.011154
v 0.415734 -0.168118 -0.000000
v 0.461940 -0.081675 -0.000000
v 0.473747 -0.099734 0.011154
v 0.436325 -0.169746 0.011154
v 0.384089 -0.168118 0.159095
v 0.441953 -0.099734 0.170990
v 0.426776 -0.081674 0.176777
v 0.407380 -0.169746 0.156670
v 0.415734 0.387452 -0.000000
v 0.473747 0.319068 0.011154
v 0.461940 0.301009 -0.000000
v 0.436325 0.389080 0.011154
v 0.384089 0.387452 0.159095
v 0.426776 0.301009 0.176777
v 0.441953 0.319068 0.170990
v 0.407380 0.389080 0.156669
v 0.433416 -0.099734 0.191600
v 0.384089 -0.168118 0.159095
v 0.426776 -0.081674 0.176777
v 0.398843 -0.169746 0.177280
v 0.293968 -0.168118 0.293969
v 0.342876 -0.099734 0.327103
v 0.326640 -0.081674 0.326641
v 0.316415 -0.169746 0.300641
v 0.384089 0.387452 0.159095
v 0.433416 0.319068 0.191600
v 0.426776 0.301009 0.176777
v 0.398843 0.389080 0.177279
v 0.293968 0.387452 0.293969
v 0.326640 0.301009 0.326641
v 0.342876 0.319069 0.327102
v 0.316415 0.389081 0.300641
v 0.327102 -0.099734 0.342877
v 0.293968 -0.168118 0.293969
v 0.326640 -0.081674 0.326641
v 0.300640 -0.169746 0.316415
v 0.159094 -0.168118 0.384089
v 0.191600 -0.099734 0.433417
v 0.176776 -0.081674 0.426776
v 0.177279 -0.169746 0.398843
v 0.327102 0.319069 0.342876
v 0.293968 0.387452 0.293969
v 0.300640 0.389081 0.316415
v 0.326640 0.301009 0.326641
v 0.159094 0.387452 0.384089
v 0.176776 0.301009 0.426776
v 0.191600 0.319069 0.433416
v 0.177279 0.389081 0.398843
v 0.170989 -0.099734 0.441953
v 0.159094 -0.168118 0.384089
v 0.176776 -0.081674 0.426776
v 0.156669 -0.169746 0.407380
v 0.011154 -0.099734 0.473747
v 0.000000 -0.168118 0.415735
v 0.011154 -0.169746 0.436325
v 0.000000 -0.081674 0.461940
v 0.170989 0.319069 0.441953
v 0.159094 0.387452 0.384089
v 0.156669 0.389081 0.407379
v 0.176776 0.301009 0.426776
v 0.011154 0.319069 0.473746
v 0.000000 0.387452 0.415734
v 0.000000 0.301009 0.461940
v 0.011154 0.389081 0.436324
v 0.000000 -0.243886 0.353554
v -0.011193 -0.188597 0.423716
v -0.011193 -0.249902 0.373405
v 0.000000 -0.168118 0.415735
v -0.151809 -0.188597 0.395746
v -0.135299 -0.243886 0.326641
v -0.132555 -0.249902 0.349264
v -0.159095 -0.168118 0.384089
v -0.011193 0.407932 0.423716
v 0.000000 0.463221 0.353553
v -0.011193 0.469237 0.373404
v 0.000000 0.387452 0.415734
v -0.135299 0.463221 0.326640
v -0.151809 0.407932 0.395746
v -0.132555 0.469237 0.349264
v -0.159095 0.387452 0.384089
v -0.135299 -0.243886 0.326641
v -0.159095 -0.168118 0.384089
v -0.172490 -0.188597 0.387179
v -0.153236 -0.249902 0.340698
v -0.291698 -0.188597 0.307527
v -0.250000 -0.243886 0.250000
v -0.256122 -0.249902 0.271952
v -0.293969 -0.168118 0.293969
v -0.172490 0.407932 0.387179
v -0.135299 0.463221 0.326640
v -0.153236 0.469237 0.340697
v -0.159095 0.387452 0.384089
v -0.291698 0.407932 0.307527
v -0.250000 0.463221 0.250000
v -0.293969 0.387452 0.293969
v -0.256122 0.469237 0.271951
v -0.307527 -0.188597 0.291698
v -0.250000 -0.243886 0.250000
v -0.293969 -0.168118 0.293969
v -0.271951 -0.249902 0.256123
v -0.387179 -0.188598 0.172490
v -0.326640 -0.243887 0.135299
v -0.340697 -0.249902 0.153237
v -0.384089 -0.168118 0.159095
v -0.250000 0.463221 0.250000
v -0.307527 0.407932 0.291698
v -0.293969 0.387452 0.293969
v -0.271951 0.469237 0.256122
v -0.387179 0.407932 0.172490
v -0.326640 0.463221 0.135299
v -0.384089 0.387452 0.159095
v -0.340697 0.469236 0.153236
v -0.395746 -0.188598 0.151808
v -0.326640 -0.243887 0.135299
v -0.384089 -0.168118 0.159095
v -0.349264 -0.249902 0.132555
v -0.353554 -0.243887 -0.000000
v -0.423716 -0.188598 0.011193
v -0.415735 -0.168118 -0.000000
v -0.373405 -0.249902 0.011193
v -0.326640 0.463221 0.135299
v -0.395746 0.407932 0.151808
v -0.384089 0.387452 0.159095
v -0.349264 0.469236 0.132555
v -0.423716 0.407932 0.011193
v -0.353554 0.463221 -0.000000
v -0.415735 0.387452 -0.000000
v -0.373405 0.469236 0.011193
v -0.423716 -0.188598 -0.011193
v -0.353554 -0.243887 -0.000000
v -0.415735 -0.168118 -0.000000
v -0.373405 -0.249902 -0.011193
v -0.326640 -0.243887 -0.135299
v -0.395746 -0.188598 -0.151808
v -0.384089 -0.168118 -0.159095
v -0.349264 -0.249902 -0.132555
v -0.353554 0.463221 -0.000000
v -0.423716 0.407932 -0.011193
v -0.415735 0.387452 -0.000000
v -0.373405 0.469236 -0.011193
v -0.395746 0.407932 -0.151809
v -0.326640 0.463221 -0.135299
v -0.384089 0.387452 -0.159095
v -0.349264 0.469236 -0.132555
v -0.387179 -0.188598 -0.172490
v -0.340697 -0.249902 -0.153236
v -0.326640 -0.243887 -0.135299
v -0.384089 -0.168118 -0.159095
v -0.250000 -0.243887 -0.250000
v -0.307527 -0.188598 -0.291698
v -0.293969 -0.168118 -0.293969
v -0.271951 -0.249903 -0.256122
v -0.387179 0.407932 -0.172490
v -0.326640 0.463221 -0.135299
v -0.340697 0.469236 -0.153237
v -0.384089 0.387452 -0.159095
v -0.307527 0.407932 -0.291698
v -0.250000 0.463220 -0.250000
v -0.293969 0.387452 -0.293969
v -0.271951 0.469236 -0.256123
v -0.291698 -0.188598 -0.307527
v -0.256122 -0.249903 -0.271951
v -0.250000 -0.243887 -0.250000
v -0.293969 -0.168118 -0.293969
v -0.172490 -0.188598 -0.387179
v -0.135299 -0.243887 -0.326640
v -0.153236 -0.249903 -0.340697
v -0.159094 -0.168118 -0.384089
v -0.250000 0.463220 -0.250000
v -0.291698 0.407932 -0.307527
v -0.293969 0.387452 -0.293969
v -0.256122 0.469236 -0.271952
v -0.135299 0.463220 -0.326641
v -0.159094 0.387452 -0.384089
v -0.172490 0.407932 -0.387179
v -0.153236 0.469236 -0.340698
v -0.151808 -0.188598 -0.395746
v -0.132555 -0.249903 -0.349264
v -0.135299 -0.243887 -0.326640
v -0.159094 -0.168118 -0.384089
v 0.000000 -0.243887 -0.353553
v -0.011192 -0.188598 -0.423716
v 0.000000 -0.168118 -0.415734
v -0.011192 -0.249903 -0.373404
v -0.135299 0.463220 -0.326641
v -0.151808 0.407932 -0.395746
v -0.159094 0.387452 -0.384089
v -0.132555 0.469236 -0.349264
v -0.011192 0.407932 -0.423716
v -0.011192 0.469236 -0.373405
v 0.000000 0.463220 -0.353554
v 0.000000 0.387452 -0.415735
v 0.011193 -0.188598 -0.423716
v 0.011193 -0.249903 -0.373404
v 0.000000 -0.243887 -0.353553
v 0.000000 -0.168118 -0.415734
v 0.135299 -0.243887 -0.326640
v 0.151809 -0.188598 -0.395746
v 0.159095 -0.168118 -0.384089
v 0.132555 -0.249903 -0.349264
v 0.000000 0.463220 -0.353554
v 0.011193 0.407932 -0.423716
v 0.000000 0.387452 -0.415735
v 0.011193 0.469236 -0.373405
v 0.151809 0.407932 -0.395746
v 0.132555 0.469236 -0.349264
v 0.135299 0.463220 -0.326641
v 0.159095 0.387452 -0.384089
v 0.172490 -0.188598 -0.387179
v 0.153236 -0.249903 -0.340697
v 0.135299 -0.243887 -0.326640
v 0.159095 -0.168118 -0.384089
v 0.250000 -0.243887 -0.250000
v 0.291698 -0.188598 -0.307527
v 0.293969 -0.168118 -0.293969
v 0.256122 -0.249903 -0.271951
v 0.135299 0.463220 -0.326641
v 0.172490 0.407932 -0.387179
v 0.159095 0.387452 -0.384089
v 0.153236 0.469236 -0.340698
v 0.291698 0.407932 -0.307527
v 0.256122 0.469236 -0.271952
v 0.250000 0.463220 -0.250000
v 0.293969 0.387452 -0.293969
v 0.250000 -0.243887 -0.250000
v 0.293969 -0.168118 -0.293969
v 0.307527 -0.188598 -0.291698
v 0.271951 -0.249903 -0.256122
v 0.387179 -0.188598 -0.172490
v 0.326640 -0.243887 -0.135299
v 0.340697 -0.249902 -0.153236
v 0.384089 -0.168118 -0.159094
v 0.250000 0.463220 -0.250000
v 0.307527 0.407932 -0.291698
v 0.293969 0.387452 -0.293969
v 0.271951 0.469236 -0.256122
v 0.387179 0.407932 -0.172490
v 0.340697 0.469236 -0.153237
v 0.326640 0.463221 -0.135299
v 0.384089 0.387452 -0.159095
v 0.326640 -0.243887 -0.135299
v 0.384089 -0.168118 -0.159094
v 0.395746 -0.188598 -0.151808
v 0.349264 -0.249902 -0.132554
v 0.353554 -0.243887 -0.000000
v 0.423716 -0.188598 -0.011192
v 0.415734 -0.168118 -0.000000
v 0.373405 -0.249902 -0.011192
v 0.326640 0.463221 -0.135299
v 0.395746 0.407932 -0.151808
v 0.384089 0.387452 -0.159095
v 0.349264 0.469236 -0.132555
v 0.353554 0.463221 -0.000000
v 0.415734 0.387452 -0.000000
v 0.423716 0.407932 -0.011193
v 0.373405 0.469236 -0.011193
v 0.353554 -0.243887 -0.000000
v 0.415734 -0.168118 -0.000000
v 0.423716 -0.188598 0.011193
v 0.373405 -0.249902 0.011193
v 0.326640 -0.243887 0.135299
v 0.395745 -0.188598 0.151809
v 0.384089 -0.168118 0.159095
v 0.349264 -0.249902 0.132555
v 0.353554 0.463221 -0.000000
v 0.423716 0.407932 0.011193
v 0.415734 0.387452 -0.000000
v 0.373405 0.469236 0.011193
v 0.326640 0.463221 0.135299
v 0.384089 0.387452 0.159095
v 0.395745 0.407932 0.151808
v 0.349264 0.469236 0.132555
v 0.387179 -0.188598 0.172490
v 0.326640 -0.243887 0.135299
v 0.384089 -0.168118 0.159095
v 0.340697 -0.249902 0.153237
v 0.250000 -0.243886 0.250000
v 0.307527 -0.188597 0.291698
v 0.293968 -0.168118 0.293969
v 0.271951 -0.249902 0.256123
v 0.387179 0.407932 0.172490
v 0.326640 0.463221 0.135299
v 0.340697 0.469236 0.153236
v 0.384089 0.387452 0.159095
v 0.250000 0.463221 0.250000
v 0.293968 0.387452 0.293969
v 0.307527 0.407932 0.291698
v 0.271951 0.469237 0.256122
v 0.291698 -0.188597 0.307527
v 0.250000 -0.243886 0.250000
v 0.293968 -0.168118 0.293969
v 0.256122 -0.249902 0.271952
v 0.135299 -0.243886 0.326641
v 0.172489 -0.188597 0.387179
v 0.159094 -0.168118 0.384089
v 0.153236 -0.249902 0.340698
v 0.291698 0.407932 0.307527
v 0.250000 0.463221 0.250000
v 0.256122 0.469237 0.271951
v 0.293968 0.387452 0.293969
v 0.172489 0.407932 0.387179
v 0.153236 0.469237 0.340697
v 0.135299 0.463221 0.326640
v 0.159094 0.387452 0.384089
v 0.135299 -0.243886 0.326641
v 0.151808 -0.188597 0.395746
v 0.132555 -0.249902 0.349264
v 0.159094 -0.168118 0.384089
v 0.011193 -0.188597 0.423716
v 0.000000 -0.243886 0.353554
v 0.011192 -0.249902 0.373405
v 0.000000 -0.168118 0.415735
v 0.151808 0.407932 0.395746
v 0.135299 0.463221 0.326640
v 0.132555 0.469237 0.349264
v 0.159094 0.387452 0.384089
v 0.000000 0.463221 0.353553
v 0.011192 0.407932 0.423716
v 0.011193 0.469237 0.373404
v 0.000000 0.387452 0.415734
v 0.000000 -0.306068 0.277785
v 0.000000 -0.243886 0.353554
v -0.011235 -0.265991 0.357301
v -0.011235 -0.316248 0.296064
v -0.102918 -0.316248 0.277827
v -0.126353 -0.265991 0.334403
v -0.135299 -0.243886 0.326641
v -0.106304 -0.306068 0.256640
v 0.000000 0.525402 0.277785
v -0.011235 0.485326 0.357301
v 0.000000 0.463221 0.353553
v -0.011235 0.535582 0.296063
v -0.102918 0.535582 0.277826
v -0.135299 0.463221 0.326640
v -0.126353 0.485326 0.334403
v -0.106304 0.525402 0.256640
v -0.106304 0.525402 0.256640
v -0.147114 0.485326 0.325803
v -0.135299 0.463221 0.326640
v -0.123678 0.535582 0.269227
v -0.196424 0.525402 0.196423
v -0.244705 0.485326 0.260594
v -0.201404 0.535582 0.217293
v -0.250000 0.463221 0.250000
v -0.106304 -0.306068 0.256640
v -0.135299 -0.243886 0.326641
v -0.147114 -0.265991 0.325804
v -0.123678 -0.316248 0.269228
v -0.244705 -0.265991 0.260595
v -0.196424 -0.306068 0.196424
v -0.201404 -0.316248 0.217293
v -0.250000 -0.243886 0.250000
v -0.260594 0.485326 0.244705
v -0.196424 0.525402 0.196423
v -0.217293 0.535582 0.201404
v -0.250000 0.463221 0.250000
v -0.325803 0.485326 0.147113
v -0.256640 0.525402 0.106304
v -0.326640 0.463221 0.135299
v -0.269228 0.535582 0.123678
v -0.260594 -0.265991 0.244706
v -0.196424 -0.306068 0.196424
v -0.250000 -0.243886 0.250000
v -0.217293 -0.316248 0.201404
v -0.325803 -0.265992 0.147113
v -0.256640 -0.306068 0.106304
v -0.269228 -0.316248 0.123679
v -0.326640 -0.243887 0.135299
v -0.326640 0.463221 0.135299
v -0.277826 0.535582 0.102918
v -0.334403 0.485326 0.126353
v -0.256640 0.525402 0.106304
v -0.357301 0.485326 0.011235
v -0.277785 0.525402 -0.000000
v -0.353554 0.463221 -0.000000
v -0.296064 0.535582 0.011235
v -0.326640 -0.243887 0.135299
v -0.277826 -0.316248 0.102919
v -0.256640 -0.306068 0.106304
v -0.334403 -0.265992 0.126353
v -0.357301 -0.265992 0.011235
v -0.277785 -0.306068 -0.000000
v -0.296064 -0.316248 0.011235
v -0.353554 -0.243887 -0.000000
v -0.357301 0.485326 -0.011236
v -0.277785 0.525402 -0.000000
v -0.296064 0.535582 -0.011236
v -0.353554 0.463221 -0.000000
v -0.326640 0.463221 -0.135299
v -0.277826 0.535582 -0.102919
v -0.256640 0.525402 -0.106304
v -0.334403 0.485326 -0.126353
v -0.357301 -0.265992 -0.011235
v -0.277785 -0.306068 -0.000000
v -0.353554 -0.243887 -0.000000
v -0.296064 -0.316248 -0.011235
v -0.326640 -0.243887 -0.135299
v -0.277826 -0.316248 -0.102918
v -0.334403 -0.265992 -0.126353
v -0.256640 -0.306068 -0.106304
v -0.325803 -0.265992 -0.147113
v -0.256640 -0.306068 -0.106304
v -0.326640 -0.243887 -0.135299
v -0.269228 -0.316248 -0.123678
v -0.260594 -0.265992 -0.244705
v -0.196424 -0.306068 -0.196424
v -0.217293 -0.316248 -0.201404
v -0.250000 -0.243887 -0.250000
v -0.325803 0.485326 -0.147114
v -0.256640 0.525402 -0.106304
v -0.269228 0.535582 -0.123679
v -0.326640 0.463221 -0.135299
v -0.260594 0.485326 -0.244706
v -0.196424 0.525402 -0.196424
v -0.250000 0.463220 -0.250000
v -0.217293 0.535582 -0.201404
v -0.196424 0.525402 -0.196424
v -0.244705 0.485326 -0.260595
v -0.250000 0.463220 -0.250000
v -0.201404 0.535582 -0.217293
v -0.106303 0.525402 -0.256640
v -0.135299 0.463220 -0.326641
v -0.147113 0.485326 -0.325804
v -0.123678 0.535582 -0.269228
v -0.244705 -0.265992 -0.260594
v -0.201404 -0.316248 -0.217293
v -0.196424 -0.306068 -0.196424
v -0.250000 -0.243887 -0.250000
v -0.106303 -0.306068 -0.256640
v -0.147113 -0.265992 -0.325803
v -0.135299 -0.243887 -0.326640
v -0.123678 -0.316248 -0.269227
v -0.135299 -0.243887 -0.326640
v -0.102918 -0.316248 -0.277826
v -0.106303 -0.306068 -0.256640
v -0.126353 -0.265992 -0.334403
v 0.000000 -0.306068 -0.277785
v -0.011235 -0.265992 -0.357301
v 0.000000 -0.243887 -0.353553
v -0.011235 -0.316248 -0.296063
v -0.102918 0.535582 -0.277827
v -0.135299 0.463220 -0.326641
v -0.106303 0.525402 -0.256640
v -0.126353 0.485326 -0.334403
v 0.000000 0.525402 -0.277785
v 0.000000 0.463220 -0.353554
v -0.011235 0.485326 -0.357301
v -0.011235 0.535582 -0.296064
v 0.000000 0.525402 -0.277785
v 0.011235 0.485326 -0.357301
v 0.000000 0.463220 -0.353554
v 0.011235 0.535582 -0.296064
v 0.135299 0.463220 -0.326641
v 0.102918 0.535582 -0.277827
v 0.106304 0.525402 -0.256640
v 0.126354 0.485326 -0.334403
v 0.000000 -0.306068 -0.277785
v 0.000000 -0.243887 -0.353553
v 0.011235 -0.265992 -0.357301
v 0.011235 -0.316248 -0.296063
v 0.102918 -0.316248 -0.277826
v 0.135299 -0.243887 -0.326640
v 0.106304 -0.306068 -0.256640
v 0.126354 -0.265992 -0.334402
v 0.106304 0.525402 -0.256640
v 0.147114 0.485326 -0.325804
v 0.135299 0.463220 -0.326641
v 0.123678 0.535582 -0.269228
v 0.244705 0.485326 -0.260595
v 0.201404 0.535582 -0.217293
v 0.196424 0.525402 -0.196424
v 0.250000 0.463220 -0.250000
v 0.106304 -0.306068 -0.256640
v 0.135299 -0.243887 -0.326640
v 0.147114 -0.265992 -0.325803
v 0.123678 -0.316248 -0.269227
v 0.196424 -0.306068 -0.196423
v 0.244705 -0.265992 -0.260594
v 0.250000 -0.243887 -0.250000
v 0.201404 -0.316248 -0.217293
v 0.196424 0.525402 -0.196424
v 0.260594 0.485326 -0.244706
v 0.250000 0.463220 -0.250000
v 0.217293 0.535582 -0.201404
v 0.325803 0.485326 -0.147113
v 0.269228 0.535582 -0.123679
v 0.256640 0.525402 -0.106304
v 0.326640 0.463221 -0.135299
v 0.260594 -0.265992 -0.244705
v 0.217293 -0.316248 -0.201404
v 0.196424 -0.306068 -0.196423
v 0.250000 -0.243887 -0.250000
v 0.325803 -0.265992 -0.147113
v 0.256640 -0.306068 -0.106303
v 0.269228 -0.316248 -0.123678
v 0.326640 -0.243887 -0.135299
v 0.277826 0.535582 -0.102919
v 0.334403 0.485326 -0.126353
v 0.326640 0.463221 -0.135299
v 0.256640 0.525402 -0.106304
v 0.357301 0.485326 -0.011235
v 0.296064 0.535582 -0.011235
v 0.277785 0.525402 -0.000000
v 0.353554 0.463221 -0.000000
v 0.277826 -0.316248 -0.102918
v 0.326640 -0.243887 -0.135299
v 0.334403 -0.265992 -0.126353
v 0.256640 -0.306068 -0.106303
v 0.357301 -0.265992 -0.011235
v 0.277785 -0.306068 -0.000000
v 0.296064 -0.316248 -0.011235
v 0.353554 -0.243887 -0.000000
v 0.357301 0.485326 0.011235
v 0.277785 0.525402 -0.000000
v 0.296064 0.535582 0.011235
v 0.353554 0.463221 -0.000000
v 0.277826 0.535582 0.102918
v 0.326640 0.463221 0.135299
v 0.334403 0.485326 0.126353
v 0.256640 0.525402 0.106304
v 0.357301 -0.265992 0.011236
v 0.296064 -0.316248 0.011236
v 0.277785 -0.306068 -0.000000
v 0.353554 -0.243887 -0.000000
v 0.277826 -0.316248 0.102919
v 0.334403 -0.265992 0.126354
v 0.326640 -0.243887 0.135299
v 0.256640 -0.306068 0.106304
v 0.325803 0.485326 0.147113
v 0.256640 0.525402 0.106304
v 0.269228 0.535582 0.123678
v 0.326640 0.463221 0.135299
v 0.260594 0.485326 0.244705
v 0.217293 0.535582 0.201404
v 0.196424 0.525402 0.196424
v 0.250000 0.463221 0.250000
v 0.325803 -0.265992 0.147114
v 0.269228 -0.316248 0.123679
v 0.256640 -0.306068 0.106304
v 0.326640 -0.243887 0.135299
v 0.196424 -0.306068 0.196424
v 0.260594 -0.265991 0.244706
v 0.250000 -0.243886 0.250000
v 0.217293 -0.316248 0.201404
v 0.244705 0.485326 0.260594
v 0.196424 0.525402 0.196424
v 0.201404 0.535582 0.217293
v 0.250000 0.463221 0.250000
v 0.106303 0.525402 0.256640
v 0.135299 0.463221 0.326640
v 0.147113 0.485326 0.325803
v 0.123678 0.535582 0.269227
v 0.196424 -0.306068 0.196424
v 0.244705 -0.265991 0.260595
v 0.201404 -0.316248 0.217293
v 0.250000 -0.243886 0.250000
v 0.106303 -0.306068 0.256640
v 0.147113 -0.265991 0.325804
v 0.135299 -0.243886 0.326641
v 0.123678 -0.316248 0.269228
v 0.102918 0.535582 0.277826
v 0.126353 0.485326 0.334403
v 0.135299 0.463221 0.326640
v 0.106303 0.525402 0.256640
v 0.000000 0.525402 0.277785
v 0.000000 0.463221 0.353553
v 0.011235 0.485326 0.357301
v 0.011235 0.535582 0.296063
v 0.102918 -0.316248 0.277827
v 0.135299 -0.243886 0.326641
v 0.126353 -0.265991 0.334403
v 0.106303 -0.306068 0.256640
v 0.000000 -0.306068 0.277785
v 0.011235 -0.265991 0.357301
v 0.000000 -0.243886 0.353554
v 0.011235 -0.316248 0.296064
v -0.011193 -0.249902 0.373405
v -0.135299 -0.243886 0.326641
v 0.000000 -0.243886 0.353554
v -0.132555 -0.249902 0.349264
v -0.011193 0.469237 0.373404
v -0.135299 0.463221 0.326640
v -0.132555 0.469237 0.349264
v 0.000000 0.463221 0.353553
v 0.000000 -0.306068 0.277785
v -0.102918 -0.316248 0.277827
v -0.106304 -0.306068 0.256640
v -0.011235 -0.316248 0.296064
v 0.000000 -0.352273 0.191342
v -0.068901 -0.366240 0.195805
v -0.073224 -0.352273 0.176777
v -0.011275 -0.366240 0.207268
v 0.000000 0.571607 0.191341
v -0.073224 0.571607 0.176776
v -0.068901 0.585574 0.195805
v -0.011275 0.585574 0.207267
v 0.000000 0.525402 0.277785
v -0.106304 0.525402 0.256640
v -0.102918 0.535582 0.277826
v -0.011235 0.535582 0.296063
v -0.201404 0.535582 0.217293
v -0.123678 0.535582 0.269227
v -0.106304 0.525402 0.256640
v -0.196424 0.525402 0.196423
v -0.256122 -0.249902 0.271952
v -0.135299 -0.243886 0.326641
v -0.153236 -0.249902 0.340698
v -0.250000 -0.243886 0.250000
v -0.256122 0.469237 0.271951
v -0.153236 0.469237 0.340697
v -0.135299 0.463221 0.326640
v -0.250000 0.463221 0.250000
v -0.201404 -0.316248 0.217293
v -0.106304 -0.306068 0.256640
v -0.123678 -0.316248 0.269228
v -0.196424 -0.306068 0.196424
v -0.138588 -0.366240 0.154533
v -0.073224 -0.352273 0.176777
v -0.089735 -0.366240 0.187176
v -0.135299 -0.352273 0.135299
v -0.138588 0.585574 0.154533
v -0.089735 0.585574 0.187175
v -0.073224 0.571607 0.176776
v -0.135299 0.571607 0.135299
v -0.176776 0.571607 0.073223
v -0.154533 0.585574 0.138587
v -0.135299 0.571607 0.135299
v -0.187175 0.585574 0.089734
v -0.196424 0.525402 0.196423
v -0.256640 0.525402 0.106304
v -0.269228 0.535582 0.123678
v -0.217293 0.535582 0.201404
v -0.326640 -0.243887 0.135299
v -0.250000 -0.243886 0.250000
v -0.271951 -0.249902 0.256123
v -0.340697 -0.249902 0.153237
v -0.326640 0.463221 0.135299
v -0.271951 0.469237 0.256122
v -0.250000 0.463221 0.250000
v -0.340697 0.469236 0.153236
v -0.196424 -0.306068 0.196424
v -0.269228 -0.316248 0.123679
v -0.256640 -0.306068 0.106304
v -0.217293 -0.316248 0.201404
v -0.176776 -0.352273 0.073224
v -0.135299 -0.352273 0.135299
v -0.154533 -0.366240 0.138588
v -0.187175 -0.366240 0.089735
v -0.277826 0.535582 0.102918
v -0.277785 0.525402 -0.000000
v -0.296064 0.535582 0.011235
v -0.256640 0.525402 0.106304
v -0.373405 -0.249902 0.011193
v -0.326640 -0.243887 0.135299
v -0.349264 -0.249902 0.132555
v -0.353554 -0.243887 -0.000000
v -0.326640 0.463221 0.135299
v -0.373405 0.469236 0.011193
v -0.349264 0.469236 0.132555
v -0.353554 0.463221 -0.000000
v -0.277826 -0.316248 0.102919
v -0.296064 -0.316248 0.011235
v -0.277785 -0.306068 -0.000000
v -0.256640 -0.306068 0.106304
v -0.195805 -0.366240 0.068901
v -0.207267 -0.366240 0.011275
v -0.191342 -0.352273 -0.000000
v -0.176776 -0.352273 0.073224
v -0.195805 0.585574 0.068901
v -0.191342 0.571607 -0.000000
v -0.207267 0.585574 0.011275
v -0.176776 0.571607 0.073223
v -0.195805 0.585574 -0.068901
v -0.191342 0.571607 -0.000000
v -0.176776 0.571607 -0.073224
v -0.207267 0.585574 -0.011275
v -0.277826 0.535582 -0.102919
v -0.277785 0.525402 -0.000000
v -0.256640 0.525402 -0.106304
v -0.296064 0.535582 -0.011236
v -0.373405 -0.249902 -0.011193
v -0.349264 -0.249902 -0.132555
v -0.326640 -0.243887 -0.135299
v -0.353554 -0.243887 -0.000000
v -0.326640 0.463221 -0.135299
v -0.373405 0.469236 -0.011193
v -0.353554 0.463221 -0.000000
v -0.349264 0.469236 -0.132555
v -0.277826 -0.316248 -0.102918
v -0.277785 -0.306068 -0.000000
v -0.296064 -0.316248 -0.011235
v -0.256640 -0.306068 -0.106304
v -0.195805 -0.366240 -0.068901
v -0.191342 -0.352273 -0.000000
v -0.207267 -0.366240 -0.011275
v -0.176776 -0.352273 -0.073223
v -0.326640 -0.243887 -0.135299
v -0.271951 -0.249903 -0.256122
v -0.250000 -0.243887 -0.250000
v -0.340697 -0.249902 -0.153236
v -0.326640 0.463221 -0.135299
v -0.250000 0.463220 -0.250000
v -0.271951 0.469236 -0.256123
v -0.340697 0.469236 -0.153237
v -0.256640 -0.306068 -0.106304
v -0.217293 -0.316248 -0.201404
v -0.196424 -0.306068 -0.196424
v -0.269228 -0.316248 -0.123678
v -0.176776 -0.352273 -0.073223
v -0.154533 -0.366240 -0.138587
v -0.135299 -0.352273 -0.135299
v -0.187175 -0.366240 -0.089734
v -0.176776 0.571607 -0.073224
v -0.135299 0.571607 -0.135299
v -0.154533 0.585574 -0.138588
v -0.187175 0.585574 -0.089735
v -0.256640 0.525402 -0.106304
v -0.196424 0.525402 -0.196424
v -0.217293 0.535582 -0.201404
v -0.269228 0.535582 -0.123679
v -0.138588 0.585574 -0.154533
v -0.073224 0.571607 -0.176777
v -0.089735 0.585574 -0.187176
v -0.135299 0.571607 -0.135299
v -0.123678 0.535582 -0.269228
v -0.201404 0.535582 -0.217293
v -0.196424 0.525402 -0.196424
v -0.106303 0.525402 -0.256640
v -0.256122 -0.249903 -0.271951
v -0.135299 -0.243887 -0.326640
v -0.250000 -0.243887 -0.250000
v -0.153236 -0.249903 -0.340697
v -0.256122 0.469236 -0.271952
v -0.135299 0.463220 -0.326641
v -0.153236 0.469236 -0.340698
v -0.250000 0.463220 -0.250000
v -0.196424 -0.306068 -0.196424
v -0.123678 -0.316248 -0.269227
v -0.106303 -0.306068 -0.256640
v -0.201404 -0.316248 -0.217293
v -0.138588 -0.366240 -0.154533
v -0.073224 -0.352273 -0.176776
v -0.135299 -0.352273 -0.135299
v -0.089735 -0.366240 -0.187175
v 0.000000 -0.306068 -0.277785
v -0.102918 -0.316248 -0.277826
v -0.011235 -0.316248 -0.296063
v -0.106303 -0.306068 -0.256640
v 0.000000 -0.352273 -0.191341
v -0.073224 -0.352273 -0.176776
v -0.068901 -0.366240 -0.195805
v -0.011275 -0.366240 -0.207267
v 0.000000 0.571607 -0.191342
v -0.068901 0.585574 -0.195805
v -0.073224 0.571607 -0.176777
v -0.011275 0.585574 -0.207268
v -0.102918 0.535582 -0.277827
v 0.000000 0.525402 -0.277785
v -0.011235 0.535582 -0.296064
v -0.106303 0.525402 -0.256640
v 0.000000 -0.243887 -0.353553
v -0.132555 -0.249903 -0.349264
v -0.011192 -0.249903 -0.373404
v -0.135299 -0.243887 -0.326640
v -0.132555 0.469236 -0.349264
v 0.000000 0.463220 -0.353554
v -0.011192 0.469236 -0.373405
v -0.135299 0.463220 -0.326641
v 0.000000 0.571607 -0.191342
v 0.073224 0.571607 -0.176777
v 0.068901 0.585574 -0.195805
v 0.011275 0.585574 -0.207268
v 0.000000 0.525402 -0.277785
v 0.102918 0.535582 -0.277827
v 0.011235 0.535582 -0.296064
v 0.106304 0.525402 -0.256640
v 0.011193 -0.249903 -0.373404
v 0.132555 -0.249903 -0.349264
v 0.135299 -0.243887 -0.326640
v 0.000000 -0.243887 -0.353553
v 0.011193 0.469236 -0.373405
v 0.135299 0.463220 -0.326641
v 0.132555 0.469236 -0.349264
v 0.000000 0.463220 -0.353554
v 0.102918 -0.316248 -0.277826
v 0.000000 -0.306068 -0.277785
v 0.011235 -0.316248 -0.296063
v 0.106304 -0.306068 -0.256640
v 0.000000 -0.352273 -0.191341
v 0.068901 -0.366240 -0.195805
v 0.073224 -0.352273 -0.176776
v 0.011275 -0.366240 -0.207267
v 0.089735 -0.366240 -0.187175
v 0.138588 -0.366240 -0.154533
v 0.135299 -0.352273 -0.135299
v 0.073224 -0.352273 -0.176776
v 0.135299 0.571607 -0.135299
v 0.089735 0.585574 -0.187176
v 0.073224 0.571607 -0.176777
v 0.138588 0.585574 -0.154533
v 0.201404 0.535582 -0.217293
v 0.106304 0.525402 -0.256640
v 0.196424 0.525402 -0.196424
v 0.123678 0.535582 -0.269228
v 0.256122 -0.249903 -0.271951
v 0.135299 -0.243887 -0.326640
v 0.153236 -0.249903 -0.340697
v 0.250000 -0.243887 -0.250000
v 0.256122 0.469236 -0.271952
v 0.135299 0.463220 -0.326641
v 0.250000 0.463220 -0.250000
v 0.153236 0.469236 -0.340698
v 0.201404 -0.316248 -0.217293
v 0.106304 -0.306068 -0.256640
v 0.123678 -0.316248 -0.269227
v 0.196424 -0.306068 -0.196423
v 0.176776 0.571607 -0.073223
v 0.154533 0.585574 -0.138588
v 0.135299 0.571607 -0.135299
v 0.187175 0.585574 -0.089735
v 0.269228 0.535582 -0.123679
v 0.196424 0.525402 -0.196424
v 0.256640 0.525402 -0.106304
v 0.217293 0.535582 -0.201404
v 0.326640 -0.243887 -0.135299
v 0.250000 -0.243887 -0.250000
v 0.271951 -0.249903 -0.256122
v 0.340697 -0.249902 -0.153236
v 0.326640 0.463221 -0.135299
v 0.271951 0.469236 -0.256122
v 0.250000 0.463220 -0.250000
v 0.340697 0.469236 -0.153237
v 0.196424 -0.306068 -0.196423
v 0.269228 -0.316248 -0.123678
v 0.256640 -0.306068 -0.106303
v 0.217293 -0.316248 -0.201404
v 0.176776 -0.352273 -0.073223
v 0.135299 -0.352273 -0.135299
v 0.154533 -0.366240 -0.138587
v 0.187175 -0.366240 -0.089734
v 0.176776 -0.352273 -0.073223
v 0.207267 -0.366240 -0.011275
v 0.191342 -0.352273 -0.000000
v 0.195805 -0.366240 -0.068901
v 0.207267 0.585574 -0.011275
v 0.195805 0.585574 -0.068901
v 0.176776 0.571607 -0.073223
v 0.191342 0.571607 -0.000000
v 0.277826 0.535582 -0.102919
v 0.277785 0.525402 -0.000000
v 0.296064 0.535582 -0.011235
v 0.256640 0.525402 -0.106304
v 0.349264 -0.249902 -0.132554
v 0.353554 -0.243887 -0.000000
v 0.326640 -0.243887 -0.135299
v 0.373405 -0.249902 -0.011192
v 0.349264 0.469236 -0.132555
v 0.353554 0.463221 -0.000000
v 0.373405 0.469236 -0.011193
v 0.326640 0.463221 -0.135299
v 0.277826 -0.316248 -0.102918
v 0.277785 -0.306068 -0.000000
v 0.256640 -0.306068 -0.106303
v 0.296064 -0.316248 -0.011235
v 0.207267 0.585574 0.011275
v 0.176776 0.571607 0.073223
v 0.195805 0.585574 0.068901
v 0.191342 0.571607 -0.000000
v 0.277826 0.535582 0.102918
v 0.296064 0.535582 0.011235
v 0.277785 0.525402 -0.000000
v 0.256640 0.525402 0.106304
v 0.326640 -0.243887 0.135299
v 0.373405 -0.249902 0.011193
v 0.349264 -0.249902 0.132555
v 0.353554 -0.243887 -0.000000
v 0.373405 0.469236 0.011193
v 0.326640 0.463221 0.135299
v 0.349264 0.469236 0.132555
v 0.353554 0.463221 -0.000000
v 0.277826 -0.316248 0.102919
v 0.277785 -0.306068 -0.000000
v 0.296064 -0.316248 0.011236
v 0.256640 -0.306068 0.106304
v 0.176776 -0.352273 0.073224
v 0.207267 -0.366240 0.011275
v 0.195805 -0.366240 0.068902
v 0.191342 -0.352273 -0.000000
v 0.135299 0.571607 0.135299
v 0.187175 0.585574 0.089734
v 0.176776 0.571607 0.073223
v 0.154533 0.585574 0.138588
v 0.256640 0.525402 0.106304
v 0.196424 0.525402 0.196424
v 0.217293 0.535582 0.201404
v 0.269228 0.535582 0.123678
v 0.250000 -0.243886 0.250000
v 0.326640 -0.243887 0.135299
v 0.340697 -0.249902 0.153237
v 0.271951 -0.249902 0.256123
v 0.250000 0.463221 0.250000
v 0.340697 0.469236 0.153236
v 0.326640 0.463221 0.135299
v 0.271951 0.469237 0.256122
v 0.256640 -0.306068 0.106304
v 0.217293 -0.316248 0.201404
v 0.196424 -0.306068 0.196424
v 0.269228 -0.316248 0.123679
v 0.135299 -0.352273 0.135299
v 0.176776 -0.352273 0.073224
v 0.187175 -0.366240 0.089735
v 0.154533 -0.366240 0.138588
v 0.196424 0.525402 0.196424
v 0.123678 0.535582 0.269227
v 0.201404 0.535582 0.217293
v 0.106303 0.525402 0.256640
v 0.256122 -0.249902 0.271952
v 0.153236 -0.249902 0.340698
v 0.135299 -0.243886 0.326641
v 0.250000 -0.243886 0.250000
v 0.256122 0.469237 0.271951
v 0.135299 0.463221 0.326640
v 0.153236 0.469237 0.340697
v 0.250000 0.463221 0.250000
v 0.123678 -0.316248 0.269228
v 0.196424 -0.306068 0.196424
v 0.201404 -0.316248 0.217293
v 0.106303 -0.306068 0.256640
v 0.089735 -0.366240 0.187176
v 0.135299 -0.352273 0.135299
v 0.138588 -0.366240 0.154533
v 0.073223 -0.352273 0.176777
v 0.135299 0.571607 0.135299
v 0.089735 0.585574 0.187175
v 0.138588 0.585574 0.154533
v 0.073223 0.571607 0.176777
v 0.011275 0.585574 0.207267
v 0.073223 0.571607 0.176777
v 0.000000 0.571607 0.191341
v 0.068901 0.585574 0.195805
v 0.000000 0.525402 0.277785
v 0.102918 0.535582 0.277826
v 0.106303 0.525402 0.256640
v 0.011235 0.535582 0.296063
v 0.132555 -0.249902 0.349264
v 0.011192 -0.249902 0.373405
v 0.000000 -0.243886 0.353554
v 0.135299 -0.243886 0.326641
v 0.000000 0.463221 0.353553
v 0.132555 0.469237 0.349264
v 0.135299 0.463221 0.326640
v 0.011193 0.469237 0.373404
v 0.106303 -0.306068 0.256640
v 0.011235 -0.316248 0.296064
v 0.000000 -0.306068 0.277785
v 0.102918 -0.316248 0.277827
v 0.073223 -0.352273 0.176777
v 0.011275 -0.366240 0.207268
v 0.000000 -0.352273 0.191342
v 0.068901 -0.366240 0.195805
v -0.156669 0.389081 0.407379
v -0.011154 0.389081 0.436324
v 0.000000 0.387452 0.415734
v -0.159095 0.387452 0.384089
v 0.000000 -0.380726 0.097545
v -0.011305 -0.397960 0.110421
v -0.037329 -0.380726 0.090120
v -0.031811 -0.397960 0.106342
v -0.037329 0.600060 0.090120
v -0.011305 0.617294 0.110421
v 0.000000 0.600060 0.097545
v -0.031811 0.617294 0.106342
v 0.000000 -0.168118 0.415735
v -0.156669 -0.169746 0.407380
v -0.159095 -0.168118 0.384089
v -0.011154 -0.169746 0.436325
v -0.300641 -0.169746 0.316415
v -0.159095 -0.168118 0.384089
v -0.177279 -0.169746 0.398843
v -0.293969 -0.168118 0.293969
v -0.300641 0.389081 0.316415
v -0.177279 0.389081 0.398843
v -0.159095 0.387452 0.384089
v -0.293969 0.387452 0.293969
v -0.070085 -0.397960 0.086074
v -0.037329 -0.380726 0.090120
v -0.052701 -0.397960 0.097689
v -0.068975 -0.380726 0.068975
v -0.070085 0.617294 0.086073
v -0.052701 0.617294 0.097689
v -0.037329 0.600060 0.090120
v -0.068975 0.600060 0.068975
v -0.090120 -0.380726 0.037329
v -0.068975 -0.380726 0.068975
v -0.086074 -0.397960 0.070085
v -0.097689 -0.397960 0.052701
v -0.090120 0.600060 0.037329
v -0.086074 0.617294 0.070085
v -0.068975 0.600060 0.068975
v -0.097689 0.617294 0.052701
v -0.384089 -0.168118 0.159095
v -0.293969 -0.168118 0.293969
v -0.316415 -0.169746 0.300641
v -0.398843 -0.169746 0.177279
v -0.384089 0.387452 0.159095
v -0.316415 0.389081 0.300641
v -0.293969 0.387452 0.293969
v -0.398843 0.389080 0.177279
v -0.407380 0.389080 0.156669
v -0.415735 0.387452 -0.000000
v -0.436325 0.389080 0.011154
v -0.384089 0.387452 0.159095
v -0.110421 -0.397960 0.011306
v -0.090120 -0.380726 0.037329
v -0.106342 -0.397960 0.031811
v -0.097545 -0.380726 -0.000000
v -0.110421 0.617294 0.011305
v -0.090120 0.600060 0.037329
v -0.097545 0.600060 -0.000000
v -0.106342 0.617294 0.031811
v -0.407380 -0.169746 0.156669
v -0.436325 -0.169746 0.011154
v -0.415735 -0.168118 -0.000000
v -0.384089 -0.168118 0.159095
v -0.090120 0.600060 -0.037329
v -0.110421 0.617294 -0.011306
v -0.097545 0.600060 -0.000000
v -0.106342 0.617294 -0.031812
v -0.407380 -0.169746 -0.156669
v -0.415735 -0.168118 -0.000000
v -0.436325 -0.169746 -0.011154
v -0.384089 -0.168118 -0.159095
v -0.407380 0.389080 -0.156669
v -0.415735 0.387452 -0.000000
v -0.384089 0.387452 -0.159095
v -0.436325 0.389080 -0.011154
v -0.106342 -0.397960 -0.031811
v -0.090120 -0.380726 -0.037329
v -0.110421 -0.397960 -0.011305
v -0.097545 -0.380726 -0.000000
v -0.293969 0.387452 -0.293969
v -0.398843 0.389080 -0.177279
v -0.384089 0.387452 -0.159095
v -0.316415 0.389080 -0.300641
v -0.090120 -0.380726 -0.037329
v -0.086074 -0.397960 -0.070085
v -0.068975 -0.380726 -0.068975
v -0.097689 -0.397960 -0.052701
v -0.090120 0.600060 -0.037329
v -0.068975 0.600060 -0.068975
v -0.086074 0.617294 -0.070085
v -0.097689 0.617294 -0.052701
v -0.398843 -0.169746 -0.177279
v -0.293969 -0.168118 -0.293969
v -0.384089 -0.168118 -0.159095
v -0.316415 -0.169747 -0.300641
v -0.070085 0.617294 -0.086074
v -0.037329 0.600060 -0.090120
v -0.052701 0.617294 -0.097689
v -0.068975 0.600060 -0.068975
v -0.293969 -0.168118 -0.293969
v -0.177279 -0.169747 -0.398843
v -0.159094 -0.168118 -0.384089
v -0.300641 -0.169747 -0.316415
v -0.177279 0.389080 -0.398843
v -0.300641 0.389080 -0.316415
v -0.293969 0.387452 -0.293969
v -0.159094 0.387452 -0.384089
v -0.070085 -0.397960 -0.086073
v -0.037329 -0.380726 -0.090120
v -0.068975 -0.380726 -0.068975
v -0.052701 -0.397960 -0.097689
v -0.156669 0.389080 -0.407380
v 0.000000 0.387452 -0.415735
v -0.011154 0.389080 -0.436325
v -0.159094 0.387452 -0.384089
v -0.037329 -0.380726 -0.090120
v -0.011305 -0.397960 -0.110420
v 0.000000 -0.380726 -0.097545
v -0.031811 -0.397960 -0.106342
v 0.000000 0.600060 -0.097545
v -0.011305 0.617294 -0.110421
v -0.037329 0.600060 -0.090120
v -0.031811 0.617294 -0.106342
v 0.000000 -0.168118 -0.415734
v -0.156669 -0.169747 -0.407379
v -0.011154 -0.169747 -0.436324
v -0.159094 -0.168118 -0.384089
v 0.037329 0.600060 -0.090120
v 0.011305 0.617294 -0.110421
v 0.000000 0.600060 -0.097545
v 0.031812 0.617294 -0.106342
v 0.156669 -0.169747 -0.407379
v 0.000000 -0.168118 -0.415734
v 0.011154 -0.169747 -0.436324
v 0.159095 -0.168118 -0.384089
v 0.000000 0.387452 -0.415735
v 0.156669 0.389080 -0.407380
v 0.011154 0.389080 -0.436325
v 0.159095 0.387452 -0.384089
v 0.037329 -0.380726 -0.090120
v 0.000000 -0.380726 -0.097545
v 0.011305 -0.397960 -0.110420
v 0.031812 -0.397960 -0.106342
v 0.293969 0.387452 -0.293969
v 0.177279 0.389080 -0.398843
v 0.159095 0.387452 -0.384089
v 0.300641 0.389080 -0.316415
v 0.070085 -0.397960 -0.086073
v 0.037329 -0.380726 -0.090120
v 0.052701 -0.397960 -0.097689
v 0.068975 -0.380726 -0.068975
v 0.070085 0.617294 -0.086074
v 0.037329 0.600060 -0.090120
v 0.068975 0.600060 -0.068975
v 0.052701 0.617294 -0.097689
v 0.177279 -0.169747 -0.398842
v 0.300641 -0.169747 -0.316415
v 0.293969 -0.168118 -0.293969
v 0.159095 -0.168118 -0.384089
v 0.384089 -0.168118 -0.159094
v 0.293969 -0.168118 -0.293969
v 0.316415 -0.169747 -0.300640
v 0.398843 -0.169746 -0.177279
v 0.384089 0.387452 -0.159095
v 0.316415 0.389080 -0.300641
v 0.293969 0.387452 -0.293969
v 0.398843 0.389080 -0.177279
v 0.090120 -0.380726 -0.037329
v 0.068975 -0.380726 -0.068975
v 0.086074 -0.397960 -0.070085
v 0.097689 -0.397960 -0.052701
v 0.090120 0.600060 -0.037329
v 0.086074 0.617294 -0.070085
v 0.068975 0.600060 -0.068975
v 0.097689 0.617294 -0.052701
v 0.090120 -0.380726 -0.037329
v 0.110421 -0.397960 -0.011305
v 0.097545 -0.380726 -0.000000
v 0.106342 -0.397960 -0.031811
v 0.106342 0.617294 -0.031811
v 0.090120 0.600060 -0.037329
v 0.110421 0.617294 -0.011306
v 0.097545 0.600060 -0.000000
v 0.407380 -0.169746 -0.156669
v 0.415734 -0.168118 -0.000000
v 0.384089 -0.168118 -0.159094
v 0.436325 -0.169746 -0.011154
v 0.407380 0.389080 -0.156669
v 0.415734 0.387452 -0.000000
v 0.436325 0.389080 -0.011154
v 0.384089 0.387452 -0.159095
v 0.407380 -0.169746 0.156670
v 0.415734 -0.168118 -0.000000
v 0.436325 -0.169746 0.011154
v 0.384089 -0.168118 0.159095
v 0.407380 0.389080 0.156669
v 0.436325 0.389080 0.011154
v 0.415734 0.387452 -0.000000
v 0.384089 0.387452 0.159095
v 0.110421 -0.397960 0.011306
v 0.090120 -0.380726 0.037329
v 0.097545 -0.380726 -0.000000
v 0.106342 -0.397960 0.031812
v 0.110421 0.617294 0.011305
v 0.090120 0.600060 0.037329
v 0.106342 0.617294 0.031811
v 0.097545 0.600060 -0.000000
v 0.090120 -0.380726 0.037329
v 0.086074 -0.397960 0.070085
v 0.068975 -0.380726 0.068975
v 0.097689 -0.397960 0.052701
v 0.090120 0.600060 0.037329
v 0.068975 0.600060 0.068975
v 0.086074 0.617294 0.070085
v 0.097689 0.617294 0.052701
v 0.293968 -0.168118 0.293969
v 0.384089 -0.168118 0.159095
v 0.398843 -0.169746 0.177280
v 0.316415 -0.169746 0.300641
v 0.293968 0.387452 0.293969
v 0.398843 0.389080 0.177279
v 0.384089 0.387452 0.159095
v 0.316415 0.389081 0.300641
v 0.177279 -0.169746 0.398843
v 0.293968 -0.168118 0.293969
v 0.300640 -0.169746 0.316415
v 0.159094 -0.168118 0.384089
v 0.293968 0.387452 0.293969
v 0.177279 0.389081 0.398843
v 0.300640 0.389081 0.316415
v 0.159094 0.387452 0.384089
v 0.070085 -0.397960 0.086074
v 0.052701 -0.397960 0.097689
v 0.037329 -0.380726 0.090120
v 0.068975 -0.380726 0.068975
v 0.070085 0.617294 0.086073
v 0.037329 0.600060 0.090120
v 0.052701 0.617294 0.097689
v 0.068975 0.600060 0.068975
v 0.037329 -0.380726 0.090120
v 0.011305 -0.397960 0.110421
v 0.000000 -0.380726 0.097545
v 0.031811 -0.397960 0.106342
v 0.037329 0.600060 0.090120
v 0.000000 0.600060 0.097545
v 0.011305 0.617294 0.110421
v 0.031811 0.617294 0.106342
v 0.011154 -0.169746 0.436325
v 0.159094 -0.168118 0.384089
v 0.156669 -0.169746 0.407380
v 0.000000 -0.168118 0.415735
v 0.000000 0.387452 0.415734
v 0.156669 0.389081 0.407379
v 0.159094 0.387452 0.384089
v 0.011154 0.389081 0.436324
v -0.011125 0.298185 0.482406
v -0.176776 0.301009 0.426776
v -0.174331 0.298185 0.449942
v 0.000000 0.301009 0.461940
v 0.000000 -0.081674 0.461940
v -0.174331 -0.078850 0.449942
v -0.176776 -0.081674 0.426776
v -0.011125 -0.078850 0.482406
v -0.333246 0.298185 0.348979
v -0.194887 0.298185 0.441428
v -0.176776 0.301009 0.426776
v -0.326641 0.301009 0.326640
v -0.333246 -0.078850 0.348979
v -0.176776 -0.081674 0.426776
v -0.194887 -0.078850 0.441428
v -0.326641 -0.081674 0.326640
v -0.426776 -0.081674 0.176777
v -0.326641 -0.081674 0.326640
v -0.348979 -0.078850 0.333246
v -0.441428 -0.078850 0.194887
v -0.426776 0.301009 0.176776
v -0.348979 0.298185 0.333246
v -0.326641 0.301009 0.326640
v -0.441428 0.298185 0.194886
v -0.426776 0.301009 0.176776
v -0.482406 0.298185 0.011124
v -0.449942 0.298185 0.174331
v -0.461940 0.301009 -0.000000
v -0.482406 -0.078851 0.011125
v -0.426776 -0.081674 0.176777
v -0.449942 -0.078850 0.174331
v -0.461940 -0.081675 -0.000000
v -0.449942 -0.078851 -0.174331
v -0.461940 -0.081675 -0.000000
v -0.482406 -0.078851 -0.011124
v -0.426776 -0.081675 -0.176777
v -0.449942 0.298184 -0.174331
v -0.461940 0.301009 -0.000000
v -0.426776 0.301009 -0.176777
v -0.482406 0.298185 -0.011125
v -0.426776 0.301009 -0.176777
v -0.326640 0.301008 -0.326641
v -0.348979 0.298184 -0.333246
v -0.441427 0.298184 -0.194887
v -0.426776 -0.081675 -0.176777
v -0.348979 -0.078851 -0.333246
v -0.326640 -0.081675 -0.326641
v -0.441427 -0.078851 -0.194886
v -0.333246 -0.078851 -0.348979
v -0.176776 -0.081675 -0.426776
v -0.326640 -0.081675 -0.326641
v -0.194887 -0.078851 -0.441428
v -0.333246 0.298184 -0.348979
v -0.176776 0.301008 -0.426776
v -0.194887 0.298184 -0.441428
v -0.326640 0.301008 -0.326641
v -0.174331 0.298184 -0.449942
v 0.000000 0.301008 -0.461940
v -0.011125 0.298184 -0.482406
v -0.176776 0.301008 -0.426776
v 0.000000 -0.081675 -0.461940
v -0.174331 -0.078851 -0.449942
v -0.011125 -0.078851 -0.482406
v -0.176776 -0.081675 -0.426776
v 0.174331 -0.078851 -0.449942
v 0.000000 -0.081675 -0.461940
v 0.011125 -0.078851 -0.482406
v 0.176777 -0.081675 -0.426776
v 0.000000 0.301008 -0.461940
v 0.174331 0.298184 -0.449942
v 0.011125 0.298184 -0.482406
v 0.176777 0.301008 -0.426776
v 0.333246 0.298184 -0.348978
v 0.176777 0.301008 -0.426776
v 0.326641 0.301008 -0.326640
v 0.194887 0.298184 -0.441427
v 0.333246 -0.078851 -0.348978
v 0.176777 -0.081675 -0.426776
v 0.194887 -0.078851 -0.441427
v 0.326641 -0.081675 -0.326640
v 0.426776 -0.081675 -0.176776
v 0.326641 -0.081675 -0.326640
v 0.348979 -0.078851 -0.333246
v 0.441428 -0.078851 -0.194886
v 0.426776 0.301009 -0.176777
v 0.348979 0.298184 -0.333246
v 0.326641 0.301008 -0.326640
v 0.441428 0.298184 -0.194887
v 0.449942 0.298184 -0.174331
v 0.461940 0.301009 -0.000000
v 0.482406 0.298185 -0.011125
v 0.426776 0.301009 -0.176777
v 0.449942 -0.078851 -0.174331
v 0.461940 -0.081675 -0.000000
v 0.426776 -0.081675 -0.176776
v 0.482406 -0.078851 -0.011124
v 0.449942 0.298185 0.174331
v 0.482406 0.298185 0.011125
v 0.461940 0.301009 -0.000000
v 0.426776 0.301009 0.176777
v 0.449942 -0.078850 0.174331
v 0.461940 -0.081675 -0.000000
v 0.482406 -0.078851 0.011125
v 0.426776 -0.081674 0.176777
v 0.426776 0.301009 0.176777
v 0.326640 0.301009 0.326641
v 0.348978 0.298185 0.333246
v 0.441427 0.298185 0.194886
v 0.426776 -0.081674 0.176777
v 0.348978 -0.078850 0.333246
v 0.326640 -0.081674 0.326641
v 0.441427 -0.078850 0.194887
v 0.333246 0.298185 0.348979
v 0.176776 0.301009 0.426776
v 0.194887 0.298185 0.441428
v 0.326640 0.301009 0.326641
v 0.333246 -0.078850 0.348979
v 0.194887 -0.078850 0.441428
v 0.176776 -0.081674 0.426776
v 0.326640 -0.081674 0.326641
v 0.174331 -0.078850 0.449942
v 0.011125 -0.078850 0.482406
v 0.000000 -0.081674 0.461940
v 0.176776 -0.081674 0.426776
v 0.000000 0.301009 0.461940
v 0.174331 0.298185 0.449942
v 0.176776 0.301009 0.426776
v 0.011125 0.298185 0.482406
v -0.011109 0.200034 0.509874
v -0.187665 0.207212 0.453063
v -0.184857 0.200034 0.475313
v 0.000000 0.207212 0.490393
v -0.011109 0.019300 0.509874
v -0.187665 0.012122 0.453063
v 0.000000 0.012122 0.490393
v -0.184857 0.019300 0.475313
v -0.205383 0.200034 0.466810
v -0.346760 0.207212 0.346760
v -0.352680 0.200034 0.368390
v -0.187665 0.207212 0.453063
v -0.346760 0.012122 0.346760
v -0.205383 0.019300 0.466810
v -0.352680 0.019300 0.368390
v -0.187665 0.012122 0.453063
v -0.346760 0.207212 0.346760
v -0.453063 0.207212 0.187665
v -0.466810 0.200034 0.205383
v -0.368391 0.200034 0.352680
v -0.346760 0.012122 0.346760
v -0.466810 0.019300 0.205383
v -0.453063 0.012122 0.187665
v -0.368391 0.019300 0.352680
v -0.475313 0.200034 0.184857
v -0.490393 0.207212 -0.000000
v -0.509874 0.200034 0.011108
v -0.453063 0.207212 0.187665
v -0.475313 0.019300 0.184857
v -0.509874 0.019300 0.011109
v -0.490393 0.012122 -0.000000
v -0.453063 0.012122 0.187665
v -0.453063 0.207212 -0.187665
v -0.509874 0.200034 -0.011109
v -0.490393 0.207212 -0.000000
v -0.475313 0.200034 -0.184857
v -0.509874 0.019300 -0.011109
v -0.475313 0.019300 -0.184857
v -0.453063 0.012122 -0.187665
v -0.490393 0.012122 -0.000000
v -0.346760 0.207212 -0.346760
v -0.466810 0.200034 -0.205383
v -0.453063 0.207212 -0.187665
v -0.368390 0.200034 -0.352680
v -0.466810 0.019300 -0.205383
v -0.346760 0.012122 -0.346760
v -0.453063 0.012122 -0.187665
v -0.368390 0.019300 -0.352680
v -0.346760 0.012122 -0.346760
v -0.205383 0.019300 -0.466810
v -0.187665 0.012122 -0.453063
v -0.352680 0.019300 -0.368391
v -0.205383 0.200034 -0.466810
v -0.352680 0.200034 -0.368391
v -0.346760 0.207212 -0.346760
v -0.187665 0.207212 -0.453063
v -0.184857 0.200034 -0.475313
v 0.000000 0.207212 -0.490393
v -0.011108 0.200034 -0.509874
v -0.187665 0.207212 -0.453063
v 0.000000 0.012122 -0.490393
v -0.184857 0.019300 -0.475313
v -0.011108 0.019300 -0.509874
v -0.187665 0.012122 -0.453063
v 0.000000 0.207212 -0.490393
v 0.184857 0.200034 -0.475313
v 0.011109 0.200034 -0.509874
v 0.187666 0.207212 -0.453063
v 0.184857 0.019300 -0.475313
v 0.000000 0.012122 -0.490393
v 0.011109 0.019300 -0.509874
v 0.187666 0.012122 -0.453063
v 0.352680 0.200034 -0.368390
v 0.187666 0.207212 -0.453063
v 0.346760 0.207212 -0.346760
v 0.205383 0.200034 -0.466810
v 0.352680 0.019300 -0.368390
v 0.187666 0.012122 -0.453063
v 0.205383 0.019300 -0.466810
v 0.346760 0.012122 -0.346760
v 0.453063 0.207212 -0.187665
v 0.368391 0.200034 -0.352680
v 0.346760 0.207212 -0.346760
v 0.466810 0.200034 -0.205383
v 0.453063 0.012122 -0.187665
v 0.346760 0.012122 -0.346760
v 0.368391 0.019300 -0.352680
v 0.466810 0.019300 -0.205383
v 0.475313 0.200034 -0.184857
v 0.490393 0.207212 -0.000000
v 0.509874 0.200034 -0.011109
v 0.453063 0.207212 -0.187665
v 0.475313 0.019300 -0.184857
v 0.490393 0.012122 -0.000000
v 0.453063 0.012122 -0.187665
v 0.509874 0.019300 -0.011108
v 0.475313 0.200034 0.184857
v 0.509874 0.200034 0.011109
v 0.490393 0.207212 -0.000000
v 0.453063 0.207212 0.187666
v 0.475313 0.019300 0.184857
v 0.490393 0.012122 -0.000000
v 0.509874 0.019300 0.011109
v 0.453063 0.012122 0.187666
v 0.453063 0.207212 0.187666
v 0.346759 0.207212 0.346760
v 0.368390 0.200034 0.352680
v 0.466810 0.200034 0.205383
v 0.453063 0.012122 0.187666
v 0.368390 0.019300 0.352680
v 0.346759 0.012122 0.346760
v 0.466810 0.019300 0.205383
v 0.346759 0.207212 0.346760
v 0.205383 0.200034 0.466810
v 0.352680 0.200034 0.368391
v 0.187665 0.207212 0.453063
v 0.205383 0.019300 0.466810
v 0.346759 0.012122 0.346760
v 0.352680 0.019300 0.368391
v 0.187665 0.012122 0.453063
v 0.000000 0.207212 0.490393
v 0.184857 0.200034 0.475313
v 0.187665 0.207212 0.453063
v 0.011109 0.200034 0.509874
v 0.184857 0.019300 0.475313
v 0.011109 0.019300 0.509874
v 0.000000 0.012122 0.490393
v 0.187665 0.012122 0.453063
v 0.000000 -0.352273 0.191342
v 0.000000 -0.306068 0.277785
v -0.011275 -0.328934 0.277062
v -0.011275 -0.366240 0.207268
v -0.106304 -0.306068 0.256640
v -0.073224 -0.352273 0.176777
v -0.068901 -0.366240 0.195805
v -0.095610 -0.328934 0.260287
v 0.000000 0.600060 0.097545
v -0.023177 0.621772 0.085540
v -0.037329 0.600060 0.090120
v -0.011322 0.621772 0.087898
v 0.000000 -0.380726 0.097545
v -0.037329 -0.380726 0.090120
v -0.023177 -0.402438 0.085541
v -0.011322 -0.402438 0.087899
v 0.000000 0.571607 0.191341
v -0.011275 0.548268 0.277062
v 0.000000 0.525402 0.277785
v -0.011275 0.585574 0.207267
v -0.106304 0.525402 0.256640
v -0.068901 0.585574 0.195805
v -0.073224 0.571607 0.176776
v -0.095610 0.548268 0.260286
v -0.116443 -0.328934 0.251657
v -0.089735 -0.366240 0.187176
v -0.073224 -0.352273 0.176777
v -0.106304 -0.306068 0.256640
v -0.135299 -0.352273 0.135299
v -0.187940 -0.328934 0.203885
v -0.196424 -0.306068 0.196424
v -0.138588 -0.366240 0.154533
v -0.037329 0.600060 0.090120
v -0.054148 0.621772 0.070159
v -0.068975 0.600060 0.068975
v -0.044098 0.621772 0.076874
v -0.037329 -0.380726 0.090120
v -0.068975 -0.380726 0.068975
v -0.054148 -0.402438 0.070160
v -0.044098 -0.402438 0.076875
v -0.116443 0.548268 0.251657
v -0.073224 0.571607 0.176776
v -0.089735 0.585574 0.187175
v -0.106304 0.525402 0.256640
v -0.135299 0.571607 0.135299
v -0.196424 0.525402 0.196423
v -0.187940 0.548268 0.203885
v -0.138588 0.585574 0.154533
v -0.076875 0.621772 0.044097
v -0.090120 0.600060 0.037329
v -0.070160 0.621772 0.054147
v -0.068975 0.600060 0.068975
v -0.090120 -0.380726 0.037329
v -0.070160 -0.402438 0.054148
v -0.068975 -0.380726 0.068975
v -0.076875 -0.402438 0.044098
v -0.203885 0.548268 0.187940
v -0.135299 0.571607 0.135299
v -0.154533 0.585574 0.138587
v -0.196424 0.525402 0.196423
v -0.176776 0.571607 0.073223
v -0.256640 0.525402 0.106304
v -0.251657 0.548268 0.116443
v -0.187175 0.585574 0.089734
v -0.203885 -0.328934 0.187940
v -0.135299 -0.352273 0.135299
v -0.196424 -0.306068 0.196424
v -0.154533 -0.366240 0.138588
v -0.176776 -0.352273 0.073224
v -0.251657 -0.328934 0.116444
v -0.256640 -0.306068 0.106304
v -0.187175 -0.366240 0.089735
v -0.256640 -0.306068 0.106304
v -0.195805 -0.366240 0.068901
v -0.176776 -0.352273 0.073224
v -0.260287 -0.328934 0.095611
v -0.191342 -0.352273 -0.000000
v -0.277062 -0.328934 0.011275
v -0.277785 -0.306068 -0.000000
v -0.207267 -0.366240 0.011275
v -0.087899 0.621772 0.011322
v -0.097545 0.600060 -0.000000
v -0.085541 0.621772 0.023177
v -0.090120 0.600060 0.037329
v -0.097545 -0.380726 -0.000000
v -0.085541 -0.402438 0.023177
v -0.090120 -0.380726 0.037329
v -0.087899 -0.402438 0.011322
v -0.195805 0.585574 0.068901
v -0.256640 0.525402 0.106304
v -0.176776 0.571607 0.073223
v -0.260287 0.548268 0.095610
v -0.191342 0.571607 -0.000000
v -0.277062 0.548268 0.011275
v -0.207267 0.585574 0.011275
v -0.277785 0.525402 -0.000000
v -0.085540 0.621772 -0.023177
v -0.097545 0.600060 -0.000000
v -0.087899 0.621772 -0.011323
v -0.090120 0.600060 -0.037329
v -0.085540 -0.402438 -0.023177
v -0.097545 -0.380726 -0.000000
v -0.090120 -0.380726 -0.037329
v -0.087899 -0.402438 -0.011322
v -0.191342 0.571607 -0.000000
v -0.277062 0.548268 -0.011275
v -0.277785 0.525402 -0.000000
v -0.207267 0.585574 -0.011275
v -0.256640 0.525402 -0.106304
v -0.195805 0.585574 -0.068901
v -0.176776 0.571607 -0.073224
v -0.260287 0.548268 -0.095611
v -0.191342 -0.352273 -0.000000
v -0.277062 -0.328934 -0.011275
v -0.207267 -0.366240 -0.011275
v -0.277785 -0.306068 -0.000000
v -0.195805 -0.366240 -0.068901
v -0.256640 -0.306068 -0.106304
v -0.176776 -0.352273 -0.073223
v -0.260287 -0.328934 -0.095610
v -0.176776 -0.352273 -0.073223
v -0.256640 -0.306068 -0.106304
v -0.251657 -0.328934 -0.116443
v -0.187175 -0.366240 -0.089734
v -0.203885 -0.328934 -0.187940
v -0.135299 -0.352273 -0.135299
v -0.154533 -0.366240 -0.138587
v -0.196424 -0.306068 -0.196424
v -0.070160 0.621772 -0.054148
v -0.090120 0.600060 -0.037329
v -0.076875 0.621772 -0.044098
v -0.068975 0.600060 -0.068975
v -0.070160 -0.402438 -0.054147
v -0.090120 -0.380726 -0.037329
v -0.068975 -0.380726 -0.068975
v -0.076875 -0.402438 -0.044097
v -0.176776 0.571607 -0.073224
v -0.251657 0.548268 -0.116444
v -0.256640 0.525402 -0.106304
v -0.187175 0.585574 -0.089735
v -0.203885 0.548268 -0.187940
v -0.135299 0.571607 -0.135299
v -0.196424 0.525402 -0.196424
v -0.154533 0.585574 -0.138588
v -0.037329 -0.380726 -0.090120
v -0.054148 -0.402438 -0.070159
v -0.068975 -0.380726 -0.068975
v -0.044098 -0.402438 -0.076874
v -0.135299 0.571607 -0.135299
v -0.187940 0.548268 -0.203885
v -0.196424 0.525402 -0.196424
v -0.138588 0.585574 -0.154533
v -0.073224 0.571607 -0.176777
v -0.106303 0.525402 -0.256640
v -0.116443 0.548268 -0.251657
v -0.089735 0.585574 -0.187176
v -0.135299 -0.352273 -0.135299
v -0.196424 -0.306068 -0.196424
v -0.187940 -0.328935 -0.203885
v -0.138588 -0.366240 -0.154533
v -0.073224 -0.352273 -0.176776
v -0.116443 -0.328935 -0.251657
v -0.106303 -0.306068 -0.256640
v -0.089735 -0.366240 -0.187175
v -0.037329 0.600060 -0.090120
v -0.068975 0.600060 -0.068975
v -0.054148 0.621772 -0.070160
v -0.044098 0.621772 -0.076875
v -0.106303 -0.306068 -0.256640
v -0.068901 -0.366240 -0.195805
v -0.073224 -0.352273 -0.176776
v -0.095610 -0.328935 -0.260286
v 0.000000 -0.352273 -0.191341
v -0.011275 -0.328935 -0.277062
v 0.000000 -0.306068 -0.277785
v -0.011275 -0.366240 -0.207267
v 0.000000 0.600060 -0.097545
v -0.037329 0.600060 -0.090120
v -0.023177 0.621772 -0.085541
v -0.011322 0.621772 -0.087899
v 0.000000 -0.380726 -0.097545
v -0.023177 -0.402438 -0.085540
v -0.037329 -0.380726 -0.090120
v -0.011322 -0.402438 -0.087898
v -0.068901 0.585574 -0.195805
v -0.106303 0.525402 -0.256640
v -0.073224 0.571607 -0.176777
v -0.095610 0.548268 -0.260287
v -0.011275 0.548268 -0.277062
v 0.000000 0.571607 -0.191342
v 0.000000 0.525402 -0.277785
v -0.011275 0.585574 -0.207268
v 0.000000 0.571607 -0.191342
v 0.011275 0.548268 -0.277062
v 0.000000 0.525402 -0.277785
v 0.011275 0.585574 -0.207268
v 0.106304 0.525402 -0.256640
v 0.068901 0.585574 -0.195805
v 0.073224 0.571607 -0.176777
v 0.095610 0.548268 -0.260287
v 0.011275 -0.328935 -0.277062
v 0.000000 -0.352273 -0.191341
v 0.000000 -0.306068 -0.277785
v 0.011275 -0.366240 -0.207267
v 0.068901 -0.366240 -0.195805
v 0.106304 -0.306068 -0.256640
v 0.073224 -0.352273 -0.176776
v 0.095610 -0.328935 -0.260286
v 0.000000 0.600060 -0.097545
v 0.023177 0.621772 -0.085540
v 0.037329 0.600060 -0.090120
v 0.011323 0.621772 -0.087899
v 0.037329 -0.380726 -0.090120
v 0.023177 -0.402438 -0.085540
v 0.000000 -0.380726 -0.097545
v 0.011323 -0.402438 -0.087898
v 0.073224 -0.352273 -0.176776
v 0.106304 -0.306068 -0.256640
v 0.116444 -0.328935 -0.251657
v 0.089735 -0.366240 -0.187175
v 0.135299 -0.352273 -0.135299
v 0.187940 -0.328935 -0.203885
v 0.196424 -0.306068 -0.196423
v 0.138588 -0.366240 -0.154533
v 0.037329 0.600060 -0.090120
v 0.054148 0.621772 -0.070160
v 0.068975 0.600060 -0.068975
v 0.044098 0.621772 -0.076875
v 0.068975 -0.380726 -0.068975
v 0.054148 -0.402438 -0.070159
v 0.037329 -0.380726 -0.090120
v 0.044098 -0.402438 -0.076874
v 0.073224 0.571607 -0.176777
v 0.116444 0.548268 -0.251657
v 0.106304 0.525402 -0.256640
v 0.089735 0.585574 -0.187176
v 0.135299 0.571607 -0.135299
v 0.196424 0.525402 -0.196424
v 0.187940 0.548268 -0.203885
v 0.138588 0.585574 -0.154533
v 0.203885 0.548268 -0.187940
v 0.135299 0.571607 -0.135299
v 0.154533 0.585574 -0.138588
v 0.196424 0.525402 -0.196424
v 0.251657 0.548268 -0.116444
v 0.187175 0.585574 -0.089735
v 0.176776 0.571607 -0.073223
v 0.256640 0.525402 -0.106304
v 0.203885 -0.328934 -0.187940
v 0.154533 -0.366240 -0.138587
v 0.135299 -0.352273 -0.135299
v 0.196424 -0.306068 -0.196423
v 0.176776 -0.352273 -0.073223
v 0.251657 -0.328934 -0.116443
v 0.256640 -0.306068 -0.106303
v 0.187175 -0.366240 -0.089734
v 0.070160 0.621772 -0.054148
v 0.090120 0.600060 -0.037329
v 0.068975 0.600060 -0.068975
v 0.076875 0.621772 -0.044098
v 0.070160 -0.402438 -0.054147
v 0.090120 -0.380726 -0.037329
v 0.076875 -0.402438 -0.044097
v 0.068975 -0.380726 -0.068975
v 0.195805 -0.366240 -0.068901
v 0.256640 -0.306068 -0.106303
v 0.260287 -0.328934 -0.095610
v 0.176776 -0.352273 -0.073223
v 0.277062 -0.328934 -0.011275
v 0.191342 -0.352273 -0.000000
v 0.207267 -0.366240 -0.011275
v 0.277785 -0.306068 -0.000000
v 0.085541 0.621772 -0.023177
v 0.097545 0.600060 -0.000000
v 0.090120 0.600060 -0.037329
v 0.087899 0.621772 -0.011322
v 0.085541 -0.402438 -0.023177
v 0.097545 -0.380726 -0.000000
v 0.087899 -0.402438 -0.011322
v 0.090120 -0.380726 -0.037329
v 0.195805 0.585574 -0.068901
v 0.260287 0.548268 -0.095611
v 0.256640 0.525402 -0.106304
v 0.176776 0.571607 -0.073223
v 0.277062 0.548268 -0.011275
v 0.207267 0.585574 -0.011275
v 0.191342 0.571607 -0.000000
v 0.277785 0.525402 -0.000000
v 0.277062 0.548268 0.011275
v 0.191342 0.571607 -0.000000
v 0.207267 0.585574 0.011275
v 0.277785 0.525402 -0.000000
v 0.195805 0.585574 0.068901
v 0.256640 0.525402 0.106304
v 0.260287 0.548268 0.095610
v 0.176776 0.571607 0.073223
v 0.277062 -0.328934 0.011275
v 0.207267 -0.366240 0.011275
v 0.191342 -0.352273 -0.000000
v 0.277785 -0.306068 -0.000000
v 0.195805 -0.366240 0.068902
v 0.260287 -0.328934 0.095611
v 0.256640 -0.306068 0.106304
v 0.176776 -0.352273 0.073224
v 0.097545 0.600060 -0.000000
v 0.085540 0.621772 0.023177
v 0.090120 0.600060 0.037329
v 0.087899 0.621772 0.011322
v 0.087899 -0.402438 0.011323
v 0.097545 -0.380726 -0.000000
v 0.085540 -0.402438 0.023177
v 0.090120 -0.380726 0.037329
v 0.090120 0.600060 0.037329
v 0.070160 0.621772 0.054147
v 0.068975 0.600060 0.068975
v 0.076875 0.621772 0.044097
v 0.076875 -0.402438 0.044098
v 0.090120 -0.380726 0.037329
v 0.070160 -0.402438 0.054148
v 0.068975 -0.380726 0.068975
v 0.176776 0.571607 0.073223
v 0.251657 0.548268 0.116444
v 0.256640 0.525402 0.106304
v 0.187175 0.585574 0.089734
v 0.203885 0.548268 0.187940
v 0.154533 0.585574 0.138588
v 0.135299 0.571607 0.135299
v 0.196424 0.525402 0.196424
v 0.251657 -0.328934 0.116444
v 0.187175 -0.366240 0.089735
v 0.176776 -0.352273 0.073224
v 0.256640 -0.306068 0.106304
v 0.203885 -0.328934 0.187940
v 0.135299 -0.352273 0.135299
v 0.154533 -0.366240 0.138588
v 0.196424 -0.306068 0.196424
v 0.135299 -0.352273 0.135299
v 0.196424 -0.306068 0.196424
v 0.187939 -0.328934 0.203885
v 0.138588 -0.366240 0.154533
v 0.116443 -0.328934 0.251657
v 0.073223 -0.352273 0.176777
v 0.089735 -0.366240 0.187176
v 0.106303 -0.306068 0.256640
v 0.068975 0.600060 0.068975
v 0.054148 0.621772 0.070159
v 0.037329 0.600060 0.090120
v 0.044098 0.621772 0.076874
v 0.037329 -0.380726 0.090120
v 0.054148 -0.402438 0.070160
v 0.068975 -0.380726 0.068975
v 0.044098 -0.402438 0.076875
v 0.135299 0.571607 0.135299
v 0.187940 0.548268 0.203885
v 0.196424 0.525402 0.196424
v 0.138588 0.585574 0.154533
v 0.116443 0.548268 0.251657
v 0.089735 0.585574 0.187175
v 0.073223 0.571607 0.176777
v 0.106303 0.525402 0.256640
v 0.037329 0.600060 0.090120
v 0.023177 0.621772 0.085540
v 0.000000 0.600060 0.097545
v 0.011322 0.621772 0.087898
v 0.000000 -0.380726 0.097545
v 0.023177 -0.402438 0.085541
v 0.037329 -0.380726 0.090120
v 0.011322 -0.402438 0.087899
v 0.106303 0.525402 0.256640
v 0.073223 0.571607 0.176777
v 0.068901 0.585574 0.195805
v 0.095610 0.548268 0.260286
v 0.000000 0.571607 0.191341
v 0.000000 0.525402 0.277785
v 0.011275 0.548268 0.277062
v 0.011275 0.585574 0.207267
v 0.106303 -0.306068 0.256640
v 0.068901 -0.366240 0.195805
v 0.073223 -0.352273 0.176777
v 0.095610 -0.328934 0.260287
v 0.000000 -0.352273 0.191342
v 0.011275 -0.328934 0.277062
v 0.000000 -0.306068 0.277785
v 0.011275 -0.366240 0.207268
v 0.000000 -0.352273 0.191342
v -0.073224 -0.352273 0.176777
v -0.060769 -0.375005 0.176254
v -0.011305 -0.375005 0.186093
v 0.000000 0.109667 0.500000
v -0.187838 0.120939 0.482510
v -0.191342 0.109667 0.461940
v -0.011109 0.120939 0.517664
v -0.187838 0.098395 0.482510
v -0.011109 0.098395 0.517664
v 0.000000 0.109667 0.500000
v -0.191342 0.109667 0.461940
v 0.000000 0.571607 0.191341
v -0.060769 0.594339 0.176253
v -0.073224 0.571607 0.176776
v -0.011305 0.594339 0.186092
v -0.073224 -0.352273 0.176777
v -0.135299 -0.352273 0.135299
v -0.123593 -0.375005 0.139582
v -0.081660 -0.375005 0.167601
v -0.353554 0.109667 0.353554
v -0.208365 0.120939 0.474008
v -0.358189 0.120939 0.373899
v -0.191342 0.109667 0.461940
v -0.208365 0.098395 0.474008
v -0.353554 0.109667 0.353554
v -0.358189 0.098395 0.373899
v -0.191342 0.109667 0.461940
v -0.073224 0.571607 0.176776
v -0.123593 0.594339 0.139581
v -0.135299 0.571607 0.135299
v -0.081660 0.594339 0.167600
v -0.176776 -0.352273 0.073224
v -0.139582 -0.375005 0.123593
v -0.135299 -0.352273 0.135299
v -0.167600 -0.375005 0.081660
v -0.353554 0.109667 0.353554
v -0.474008 0.120939 0.208365
v -0.461940 0.109667 0.191342
v -0.373899 0.120939 0.358189
v -0.353554 0.109667 0.353554
v -0.461940 0.109667 0.191342
v -0.474008 0.098395 0.208365
v -0.373899 0.098395 0.358189
v -0.139582 0.594339 0.123593
v -0.167600 0.594339 0.081659
v -0.176776 0.571607 0.073223
v -0.135299 0.571607 0.135299
v -0.191342 -0.352273 -0.000000
v -0.176253 -0.375005 0.060770
v -0.176776 -0.352273 0.073224
v -0.186092 -0.375005 0.011306
v -0.482510 0.120939 0.187838
v -0.517664 0.120939 0.011108
v -0.500000 0.109667 -0.000000
v -0.461940 0.109667 0.191342
v -0.482510 0.098395 0.187838
v -0.500000 0.109667 -0.000000
v -0.517664 0.098395 0.011109
v -0.461940 0.109667 0.191342
v -0.176253 0.594339 0.060769
v -0.186092 0.594339 0.011305
v -0.191342 0.571607 -0.000000
v -0.176776 0.571607 0.073223
v -0.517664 0.120939 -0.011109
v -0.482510 0.120939 -0.187838
v -0.461940 0.109667 -0.191342
v -0.500000 0.109667 -0.000000
v -0.461940 0.109667 -0.191342
v -0.517664 0.098395 -0.011109
v -0.500000 0.109667 -0.000000
v -0.482510 0.098395 -0.187838
v -0.176253 0.594339 -0.060770
v -0.191342 0.571607 -0.000000
v -0.186092 0.594339 -0.011306
v -0.176776 0.571607 -0.073224
v -0.176253 -0.375005 -0.060769
v -0.191342 -0.352273 -0.000000
v -0.176776 -0.352273 -0.073223
v -0.186092 -0.375005 -0.011305
v -0.139582 -0.375005 -0.123593
v -0.176776 -0.352273 -0.073223
v -0.135299 -0.352273 -0.135299
v -0.167600 -0.375005 -0.081659
v -0.461940 0.109667 -0.191342
v -0.373899 0.120939 -0.358189
v -0.353554 0.109667 -0.353554
v -0.474008 0.120939 -0.208365
v -0.461940 0.109667 -0.191342
v -0.353554 0.109667 -0.353554
v -0.373899 0.098395 -0.358189
v -0.474008 0.098395 -0.208365
v -0.139582 0.594339 -0.123593
v -0.176776 0.571607 -0.073224
v -0.167600 0.594339 -0.081660
v -0.135299 0.571607 -0.135299
v -0.208365 0.098395 -0.474008
v -0.358189 0.098395 -0.373899
v -0.353554 0.109667 -0.353554
v -0.191342 0.109667 -0.461940
v -0.073224 0.571607 -0.176777
v -0.135299 0.571607 -0.135299
v -0.123593 0.594339 -0.139582
v -0.081660 0.594339 -0.167601
v -0.073224 -0.352273 -0.176776
v -0.123593 -0.375005 -0.139581
v -0.135299 -0.352273 -0.135299
v -0.081660 -0.375005 -0.167600
v -0.353554 0.109667 -0.353554
v -0.208365 0.120939 -0.474008
v -0.191342 0.109667 -0.461940
v -0.358189 0.120939 -0.373899
v 0.000000 -0.352273 -0.191341
v -0.060769 -0.375005 -0.176253
v -0.073224 -0.352273 -0.176776
v -0.011305 -0.375005 -0.186092
v 0.000000 0.109667 -0.500000
v -0.187838 0.120939 -0.482511
v -0.011108 0.120939 -0.517664
v -0.191342 0.109667 -0.461940
v -0.187838 0.098395 -0.482511
v 0.000000 0.109667 -0.500000
v -0.011108 0.098395 -0.517664
v -0.191342 0.109667 -0.461940
v 0.000000 0.571607 -0.191342
v -0.073224 0.571607 -0.176777
v -0.060769 0.594339 -0.176254
v -0.011305 0.594339 -0.186093
v 0.000000 0.571607 -0.191342
v 0.060769 0.594339 -0.176254
v 0.073224 0.571607 -0.176777
v 0.011305 0.594339 -0.186093
v 0.060769 -0.375005 -0.176253
v 0.000000 -0.352273 -0.191341
v 0.073224 -0.352273 -0.176776
v 0.011305 -0.375005 -0.186092
v 0.011109 0.120939 -0.517664
v 0.187838 0.120939 -0.482510
v 0.191342 0.109667 -0.461940
v 0.000000 0.109667 -0.500000
v 0.011109 0.098395 -0.517664
v 0.191342 0.109667 -0.461940
v 0.187838 0.098395 -0.482510
v 0.000000 0.109667 -0.500000
v 0.073224 -0.352273 -0.176776
v 0.135299 -0.352273 -0.135299
v 0.123593 -0.375005 -0.139581
v 0.081660 -0.375005 -0.167600
v 0.358189 0.120939 -0.373899
v 0.191342 0.109667 -0.461940
v 0.208365 0.120939 -0.474008
v 0.353554 0.109667 -0.353553
v 0.358189 0.098395 -0.373899
v 0.191342 0.109667 -0.461940
v 0.353554 0.109667 -0.353553
v 0.208365 0.098395 -0.474008
v 0.073224 0.571607 -0.176777
v 0.123593 0.594339 -0.139582
v 0.135299 0.571607 -0.135299
v 0.081660 0.594339 -0.167601
v 0.139582 -0.375005 -0.123593
v 0.176776 -0.352273 -0.073223
v 0.167600 -0.375005 -0.081659
v 0.135299 -0.352273 -0.135299
v 0.353554 0.109667 -0.353553
v 0.474008 0.120939 -0.208365
v 0.461940 0.109667 -0.191342
v 0.373899 0.120939 -0.358189
v 0.474008 0.098395 -0.208365
v 0.353554 0.109667 -0.353553
v 0.461940 0.109667 -0.191342
v 0.373899 0.098395 -0.358189
v 0.139582 0.594339 -0.123593
v 0.176776 0.571607 -0.073223
v 0.135299 0.571607 -0.135299
v 0.167600 0.594339 -0.081660
v 0.176253 -0.375005 -0.060769
v 0.191342 -0.352273 -0.000000
v 0.186092 -0.375005 -0.011305
v 0.176776 -0.352273 -0.073223
v 0.461940 0.109667 -0.191342
v 0.517664 0.120939 -0.011109
v 0.500000 0.109667 -0.000000
v 0.482511 0.120939 -0.187838
v 0.517664 0.098395 -0.011108
v 0.482511 0.098395 -0.187838
v 0.461940 0.109667 -0.191342
v 0.500000 0.109667 -0.000000
v 0.176253 0.594339 -0.060770
v 0.191342 0.571607 -0.000000
v 0.176776 0.571607 -0.073223
v 0.186092 0.594339 -0.011306
v 0.176253 -0.375005 0.060770
v 0.186092 -0.375005 0.011306
v 0.191342 -0.352273 -0.000000
v 0.176776 -0.352273 0.073224
v 0.482510 0.120939 0.187838
v 0.500000 0.109667 -0.000000
v 0.517664 0.120939 0.011109
v 0.461940 0.109667 0.191342
v 0.482510 0.098395 0.187838
v 0.517664 0.098395 0.011109
v 0.500000 0.109667 -0.000000
v 0.461940 0.109667 0.191342
v 0.191342 0.571607 -0.000000
v 0.176253 0.594339 0.060769
v 0.176776 0.571607 0.073223
v 0.186092 0.594339 0.011305
v 0.139582 -0.375005 0.123593
v 0.167600 -0.375005 0.081660
v 0.176776 -0.352273 0.073224
v 0.135299 -0.352273 0.135299
v 0.461940 0.109667 0.191342
v 0.373899 0.120939 0.358189
v 0.353553 0.109667 0.353554
v 0.474008 0.120939 0.208365
v 0.461940 0.109667 0.191342
v 0.353553 0.109667 0.353554
v 0.373899 0.098395 0.358189
v 0.474008 0.098395 0.208365
v 0.176776 0.571607 0.073223
v 0.139582 0.594339 0.123593
v 0.135299 0.571607 0.135299
v 0.167600 0.594339 0.081659
v 0.073223 -0.352273 0.176777
v 0.123593 -0.375005 0.139582
v 0.135299 -0.352273 0.135299
v 0.081660 -0.375005 0.167601
v 0.208365 0.120939 0.474008
v 0.353553 0.109667 0.353554
v 0.358189 0.120939 0.373899
v 0.191342 0.109667 0.461940
v 0.353553 0.109667 0.353554
v 0.208365 0.098395 0.474008
v 0.358189 0.098395 0.373899
v 0.191342 0.109667 0.461940
v 0.073223 0.571607 0.176777
v 0.135299 0.571607 0.135299
v 0.123593 0.594339 0.139581
v 0.081660 0.594339 0.167600
v 0.000000 -0.352273 0.191342
v 0.060769 -0.375005 0.176254
v 0.073223 -0.352273 0.176777
v 0.011305 -0.375005 0.186093
v 0.011108 0.120939 0.517664
v 0.191342 0.109667 0.461940
v 0.187838 0.120939 0.482511
v 0.000000 0.109667 0.500000
v 0.011108 0.098395 0.517664
v 0.191342 0.109667 0.461940
v 0.000000 0.109667 0.500000
v 0.187838 0.098395 0.482511
v 0.000000 0.571607 0.191341
v 0.073223 0.571607 0.176777
v 0.060769 0.594339 0.176253
v 0.011305 0.594339 0.186092
v -0.106304 -0.306068 0.256640
v -0.011275 -0.328934 0.277062
v 0.000000 -0.306068 0.277785
v -0.095610 -0.328934 0.260287
v 0.000000 0.207212 0.490393
v -0.183157 0.222160 0.471249
v -0.187665 0.207212 0.453063
v -0.011125 0.222160 0.505468
v -0.011125 -0.002826 0.505467
v -0.187665 0.012122 0.453063
v -0.183157 -0.002826 0.471249
v 0.000000 0.012122 0.490393
v -0.106304 0.525402 0.256640
v 0.000000 0.525402 0.277785
v -0.011275 0.548268 0.277062
v -0.095610 0.548268 0.260286
v -0.196424 -0.306068 0.196424
v -0.116443 -0.328934 0.251657
v -0.106304 -0.306068 0.256640
v -0.187940 -0.328934 0.203885
v -0.346760 0.207212 0.346760
v -0.203712 0.222160 0.462734
v -0.349553 0.222160 0.365286
v -0.187665 0.207212 0.453063
v -0.203712 -0.002826 0.462734
v -0.346760 0.012122 0.346760
v -0.349553 -0.002826 0.365286
v -0.187665 0.012122 0.453063
v -0.196424 0.525402 0.196423
v -0.106304 0.525402 0.256640
v -0.116443 0.548268 0.251657
v -0.187940 0.548268 0.203885
v -0.346760 0.012122 0.346760
v -0.453063 0.012122 0.187665
v -0.462734 -0.002826 0.203712
v -0.365286 -0.002826 0.349553
v -0.251657 0.548268 0.116443
v -0.196424 0.525402 0.196423
v -0.203885 0.548268 0.187940
v -0.256640 0.525402 0.106304
v -0.251657 -0.328934 0.116444
v -0.196424 -0.306068 0.196424
v -0.256640 -0.306068 0.106304
v -0.203885 -0.328934 0.187940
v -0.346760 0.207212 0.346760
v -0.462734 0.222160 0.203712
v -0.453063 0.207212 0.187665
v -0.365286 0.222160 0.349553
v -0.277062 -0.328934 0.011275
v -0.256640 -0.306068 0.106304
v -0.277785 -0.306068 -0.000000
v -0.260287 -0.328934 0.095611
v -0.471249 0.222160 0.183156
v -0.505468 0.222160 0.011124
v -0.490393 0.207212 -0.000000
v -0.453063 0.207212 0.187665
v -0.471249 -0.002826 0.183157
v -0.490393 0.012122 -0.000000
v -0.505468 -0.002826 0.011125
v -0.453063 0.012122 0.187665
v -0.277062 0.548268 0.011275
v -0.256640 0.525402 0.106304
v -0.260287 0.548268 0.095610
v -0.277785 0.525402 -0.000000
v -0.471249 -0.002826 -0.183156
v -0.490393 0.012122 -0.000000
v -0.453063 0.012122 -0.187665
v -0.505468 -0.002826 -0.011124
v -0.277062 0.548268 -0.011275
v -0.260287 0.548268 -0.095611
v -0.256640 0.525402 -0.106304
v -0.277785 0.525402 -0.000000
v -0.256640 -0.306068 -0.106304
v -0.277062 -0.328934 -0.011275
v -0.277785 -0.306068 -0.000000
v -0.260287 -0.328934 -0.095610
v -0.471249 0.222160 -0.183157
v -0.490393 0.207212 -0.000000
v -0.505468 0.222160 -0.011125
v -0.453063 0.207212 -0.187665
v -0.196424 -0.306068 -0.196424
v -0.251657 -0.328934 -0.116443
v -0.256640 -0.306068 -0.106304
v -0.203885 -0.328934 -0.187940
v -0.462734 0.222160 -0.203712
v -0.346760 0.207212 -0.346760
v -0.453063 0.207212 -0.187665
v -0.365286 0.222160 -0.349553
v -0.346760 0.012122 -0.346760
v -0.462734 -0.002826 -0.203712
v -0.453063 0.012122 -0.187665
v -0.365286 -0.002826 -0.349553
v -0.251657 0.548268 -0.116444
v -0.203885 0.548268 -0.187940
v -0.196424 0.525402 -0.196424
v -0.256640 0.525402 -0.106304
v -0.203712 -0.002826 -0.462734
v -0.349553 -0.002826 -0.365286
v -0.346760 0.012122 -0.346760
v -0.187665 0.012122 -0.453063
v -0.196424 0.525402 -0.196424
v -0.116443 0.548268 -0.251657
v -0.106303 0.525402 -0.256640
v -0.187940 0.548268 -0.203885
v -0.116443 -0.328935 -0.251657
v -0.196424 -0.306068 -0.196424
v -0.106303 -0.306068 -0.256640
v -0.187940 -0.328935 -0.203885
v -0.346760 0.207212 -0.346760
v -0.203712 0.222160 -0.462734
v -0.187665 0.207212 -0.453063
v -0.349553 0.222160 -0.365286
v -0.106303 -0.306068 -0.256640
v 0.000000 -0.306068 -0.277785
v -0.011275 -0.328935 -0.277062
v -0.095610 -0.328935 -0.260286
v 0.000000 0.207212 -0.490393
v -0.187665 0.207212 -0.453063
v -0.183156 0.222160 -0.471249
v -0.011125 0.222160 -0.505468
v 0.000000 0.012122 -0.490393
v -0.183156 -0.002826 -0.471249
v -0.187665 0.012122 -0.453063
v -0.011125 -0.002826 -0.505468
v -0.106303 0.525402 -0.256640
v -0.011275 0.548268 -0.277062
v 0.000000 0.525402 -0.277785
v -0.095610 0.548268 -0.260287
v 0.000000 0.012122 -0.490393
v 0.187666 0.012122 -0.453063
v 0.183157 -0.002826 -0.471249
v 0.011125 -0.002826 -0.505468
v 0.106304 0.525402 -0.256640
v 0.000000 0.525402 -0.277785
v 0.011275 0.548268 -0.277062
v 0.095610 0.548268 -0.260287
v 0.106304 -0.306068 -0.256640
v 0.011275 -0.328935 -0.277062
v 0.000000 -0.306068 -0.277785
v 0.095610 -0.328935 -0.260286
v 0.000000 0.207212 -0.490393
v 0.183157 0.222160 -0.471249
v 0.187666 0.207212 -0.453063
v 0.011125 0.222160 -0.505468
v 0.196424 -0.306068 -0.196423
v 0.116444 -0.328935 -0.251657
v 0.106304 -0.306068 -0.256640
v 0.187940 -0.328935 -0.203885
v 0.349553 0.222160 -0.365286
v 0.187666 0.207212 -0.453063
v 0.203712 0.222160 -0.462734
v 0.346760 0.207212 -0.346760
v 0.349553 -0.002826 -0.365286
v 0.187666 0.012122 -0.453063
v 0.346760 0.012122 -0.346760
v 0.203712 -0.002826 -0.462734
v 0.196424 0.525402 -0.196424
v 0.106304 0.525402 -0.256640
v 0.116444 0.548268 -0.251657
v 0.187940 0.548268 -0.203885
v 0.462734 -0.002826 -0.203712
v 0.346760 0.012122 -0.346760
v 0.453063 0.012122 -0.187665
v 0.365286 -0.002826 -0.349553
v 0.196424 0.525402 -0.196424
v 0.251657 0.548268 -0.116444
v 0.256640 0.525402 -0.106304
v 0.203885 0.548268 -0.187940
v 0.251657 -0.328934 -0.116443
v 0.203885 -0.328934 -0.187940
v 0.196424 -0.306068 -0.196423
v 0.256640 -0.306068 -0.106303
v 0.346760 0.207212 -0.346760
v 0.462734 0.222160 -0.203712
v 0.453063 0.207212 -0.187665
v 0.365286 0.222160 -0.349553
v 0.277062 -0.328934 -0.011275
v 0.260287 -0.328934 -0.095610
v 0.256640 -0.306068 -0.106303
v 0.277785 -0.306068 -0.000000
v 0.471249 0.222160 -0.183156
v 0.490393 0.207212 -0.000000
v 0.453063 0.207212 -0.187665
v 0.505468 0.222160 -0.011125
v 0.471249 -0.002826 -0.183156
v 0.490393 0.012122 -0.000000
v 0.505468 -0.002826 -0.011124
v 0.453063 0.012122 -0.187665
v 0.256640 0.525402 -0.106304
v 0.277062 0.548268 -0.011275
v 0.277785 0.525402 -0.000000
v 0.260287 0.548268 -0.095611
v 0.277062 0.548268 0.011275
v 0.256640 0.525402 0.106304
v 0.277785 0.525402 -0.000000
v 0.260287 0.548268 0.095610
v 0.277062 -0.328934 0.011275
v 0.256640 -0.306068 0.106304
v 0.260287 -0.328934 0.095611
v 0.277785 -0.306068 -0.000000
v 0.471249 0.222160 0.183156
v 0.490393 0.207212 -0.000000
v 0.505468 0.222160 0.011125
v 0.453063 0.207212 0.187666
v 0.471249 -0.002826 0.183157
v 0.505468 -0.002826 0.011125
v 0.490393 0.012122 -0.000000
v 0.453063 0.012122 0.187666
v 0.453063 0.207212 0.187666
v 0.365286 0.222160 0.349553
v 0.346759 0.207212 0.346760
v 0.462734 0.222160 0.203712
v 0.453063 0.012122 0.187666
v 0.346759 0.012122 0.346760
v 0.365286 -0.002826 0.349553
v 0.462734 -0.002826 0.203712
v 0.251657 0.548268 0.116444
v 0.196424 0.525402 0.196424
v 0.256640 0.525402 0.106304
v 0.203885 0.548268 0.187940
v 0.251657 -0.328934 0.116444
v 0.196424 -0.306068 0.196424
v 0.203885 -0.328934 0.187940
v 0.256640 -0.306068 0.106304
v 0.196424 -0.306068 0.196424
v 0.106303 -0.306068 0.256640
v 0.116443 -0.328934 0.251657
v 0.187939 -0.328934 0.203885
v 0.349553 0.222160 0.365286
v 0.203711 0.222160 0.462734
v 0.187665 0.207212 0.453063
v 0.346759 0.207212 0.346760
v 0.349553 -0.002826 0.365286
v 0.187665 0.012122 0.453063
v 0.203711 -0.002826 0.462734
v 0.346759 0.012122 0.346760
v 0.196424 0.525402 0.196424
v 0.116443 0.548268 0.251657
v 0.106303 0.525402 0.256640
v 0.187940 0.548268 0.203885
v 0.000000 0.012122 0.490393
v 0.183156 -0.002826 0.471249
v 0.187665 0.012122 0.453063
v 0.011125 -0.002826 0.505468
v 0.106303 0.525402 0.256640
v 0.011275 0.548268 0.277062
v 0.000000 0.525402 0.277785
v 0.095610 0.548268 0.260286
v 0.106303 -0.306068 0.256640
v 0.000000 -0.306068 0.277785
v 0.011275 -0.328934 0.277062
v 0.095610 -0.328934 0.260287
v 0.183156 0.222160 0.471249
v 0.011125 0.222160 0.505468
v 0.000000 0.207212 0.490393
v 0.187665 0.207212 0.453063
v -0.159095 -0.168118 0.384089
v -0.011193 -0.188597 0.423716
v 0.000000 -0.168118 0.415735
v -0.151809 -0.188597 0.395746
v -0.011193 0.407932 0.423716
v -0.159095 0.387452 0.384089
v 0.000000 0.387452 0.415734
v -0.151809 0.407932 0.395746
v -0.135299 -0.243886 0.326641
v -0.011235 -0.265991 0.357301
v 0.000000 -0.243886 0.353554
v -0.126353 -0.265991 0.334403
v -0.176776 0.301009 0.426776
v 0.000000 0.301009 0.461940
v -0.011154 0.319069 0.473746
v -0.170990 0.319069 0.441953
v -0.176776 -0.081674 0.426776
v -0.011154 -0.099734 0.473747
v 0.000000 -0.081674 0.461940
v -0.170990 -0.099734 0.441953
v -0.011235 0.485326 0.357301
v -0.135299 0.463221 0.326640
v 0.000000 0.463221 0.353553
v -0.126353 0.485326 0.334403
v -0.191600 -0.099734 0.433416
v -0.326641 -0.081674 0.326640
v -0.327103 -0.099734 0.342877
v -0.176776 -0.081674 0.426776
v -0.250000 0.463221 0.250000
v -0.135299 0.463221 0.326640
v -0.147114 0.485326 0.325803
v -0.244705 0.485326 0.260594
v -0.172490 -0.188597 0.387179
v -0.293969 -0.168118 0.293969
v -0.291698 -0.188597 0.307527
v -0.159095 -0.168118 0.384089
v -0.172490 0.407932 0.387179
v -0.293969 0.387452 0.293969
v -0.159095 0.387452 0.384089
v -0.291698 0.407932 0.307527
v -0.250000 -0.243886 0.250000
v -0.147114 -0.265991 0.325804
v -0.135299 -0.243886 0.326641
v -0.244705 -0.265991 0.260595
v -0.326641 0.301009 0.326640
v -0.176776 0.301009 0.426776
v -0.191600 0.319069 0.433416
v -0.327103 0.319069 0.342876
v -0.433416 -0.099734 0.191600
v -0.326641 -0.081674 0.326640
v -0.426776 -0.081674 0.176777
v -0.342876 -0.099734 0.327103
v -0.325803 0.485326 0.147113
v -0.250000 0.463221 0.250000
v -0.260594 0.485326 0.244705
v -0.326640 0.463221 0.135299
v -0.387179 -0.188598 0.172490
v -0.293969 -0.168118 0.293969
v -0.384089 -0.168118 0.159095
v -0.307527 -0.188597 0.291698
v -0.387179 0.407932 0.172490
v -0.293969 0.387452 0.293969
v -0.307527 0.407932 0.291698
v -0.384089 0.387452 0.159095
v -0.325803 -0.265992 0.147113
v -0.250000 -0.243886 0.250000
v -0.326640 -0.243887 0.135299
v -0.260594 -0.265991 0.244706
v -0.433416 0.319068 0.191600
v -0.326641 0.301009 0.326640
v -0.342876 0.319069 0.327102
v -0.426776 0.301009 0.176776
v -0.357301 0.485326 0.011235
v -0.326640 0.463221 0.135299
v -0.334403 0.485326 0.126353
v -0.353554 0.463221 -0.000000
v -0.423716 -0.188598 0.011193
v -0.384089 -0.168118 0.159095
v -0.415735 -0.168118 -0.000000
v -0.395746 -0.188598 0.151808
v -0.423716 0.407932 0.011193
v -0.384089 0.387452 0.159095
v -0.395746 0.407932 0.151808
v -0.415735 0.387452 -0.000000
v -0.357301 -0.265992 0.011235
v -0.326640 -0.243887 0.135299
v -0.353554 -0.243887 -0.000000
v -0.334403 -0.265992 0.126353
v -0.473747 0.319068 0.011154
v -0.426776 0.301009 0.176776
v -0.441953 0.319068 0.170990
v -0.461940 0.301009 -0.000000
v -0.473747 -0.099734 0.011154
v -0.426776 -0.081674 0.176777
v -0.461940 -0.081675 -0.000000
v -0.441953 -0.099734 0.170990
v -0.426776 -0.081675 -0.176777
v -0.473747 -0.099734 -0.011154
v -0.461940 -0.081675 -0.000000
v -0.441953 -0.099735 -0.170990
v -0.357301 0.485326 -0.011236
v -0.334403 0.485326 -0.126353
v -0.326640 0.463221 -0.135299
v -0.353554 0.463221 -0.000000
v -0.384089 -0.168118 -0.159095
v -0.423716 -0.188598 -0.011193
v -0.415735 -0.168118 -0.000000
v -0.395746 -0.188598 -0.151808
v -0.423716 0.407932 -0.011193
v -0.395746 0.407932 -0.151809
v -0.384089 0.387452 -0.159095
v -0.415735 0.387452 -0.000000
v -0.326640 -0.243887 -0.135299
v -0.357301 -0.265992 -0.011235
v -0.353554 -0.243887 -0.000000
v -0.334403 -0.265992 -0.126353
v -0.473747 0.319068 -0.011154
v -0.441953 0.319068 -0.170990
v -0.426776 0.301009 -0.176777
v -0.461940 0.301009 -0.000000
v -0.293969 -0.168118 -0.293969
v -0.387179 -0.188598 -0.172490
v -0.384089 -0.168118 -0.159095
v -0.307527 -0.188598 -0.291698
v -0.387179 0.407932 -0.172490
v -0.307527 0.407932 -0.291698
v -0.293969 0.387452 -0.293969
v -0.384089 0.387452 -0.159095
v -0.250000 -0.243887 -0.250000
v -0.325803 -0.265992 -0.147113
v -0.326640 -0.243887 -0.135299
v -0.260594 -0.265992 -0.244705
v -0.433416 0.319068 -0.191600
v -0.342876 0.319068 -0.327103
v -0.326640 0.301008 -0.326641
v -0.426776 0.301009 -0.176777
v -0.326640 -0.081675 -0.326641
v -0.433416 -0.099735 -0.191600
v -0.426776 -0.081675 -0.176777
v -0.342876 -0.099735 -0.327102
v -0.325803 0.485326 -0.147114
v -0.260594 0.485326 -0.244706
v -0.250000 0.463220 -0.250000
v -0.326640 0.463221 -0.135299
v -0.326640 -0.081675 -0.326641
v -0.176776 -0.081675 -0.426776
v -0.191600 -0.099735 -0.433416
v -0.327102 -0.099735 -0.342876
v -0.250000 0.463220 -0.250000
v -0.147113 0.485326 -0.325804
v -0.135299 0.463220 -0.326641
v -0.244705 0.485326 -0.260595
v -0.172490 -0.188598 -0.387179
v -0.293969 -0.168118 -0.293969
v -0.159094 -0.168118 -0.384089
v -0.291698 -0.188598 -0.307527
v -0.172490 0.407932 -0.387179
v -0.293969 0.387452 -0.293969
v -0.291698 0.407932 -0.307527
v -0.159094 0.387452 -0.384089
v -0.250000 -0.243887 -0.250000
v -0.135299 -0.243887 -0.326640
v -0.147113 -0.265992 -0.325803
v -0.244705 -0.265992 -0.260594
v -0.191600 0.319068 -0.433417
v -0.326640 0.301008 -0.326641
v -0.327102 0.319068 -0.342877
v -0.176776 0.301008 -0.426776
v -0.011235 -0.265992 -0.357301
v -0.135299 -0.243887 -0.326640
v 0.000000 -0.243887 -0.353553
v -0.126353 -0.265992 -0.334403
v -0.176776 0.301008 -0.426776
v -0.011154 0.319068 -0.473747
v 0.000000 0.301008 -0.461940
v -0.170990 0.319068 -0.441953
v -0.176776 -0.081675 -0.426776
v 0.000000 -0.081675 -0.461940
v -0.011154 -0.099735 -0.473746
v -0.170990 -0.099735 -0.441953
v -0.135299 0.463220 -0.326641
v -0.011235 0.485326 -0.357301
v 0.000000 0.463220 -0.353554
v -0.126353 0.485326 -0.334403
v -0.159094 -0.168118 -0.384089
v 0.000000 -0.168118 -0.415734
v -0.011192 -0.188598 -0.423716
v -0.151808 -0.188598 -0.395746
v -0.159094 0.387452 -0.384089
v -0.011192 0.407932 -0.423716
v 0.000000 0.387452 -0.415735
v -0.151808 0.407932 -0.395746
v 0.176777 -0.081675 -0.426776
v 0.011154 -0.099735 -0.473746
v 0.000000 -0.081675 -0.461940
v 0.170990 -0.099735 -0.441953
v 0.135299 0.463220 -0.326641
v 0.000000 0.463220 -0.353554
v 0.011235 0.485326 -0.357301
v 0.126354 0.485326 -0.334403
v 0.159095 -0.168118 -0.384089
v 0.011193 -0.188598 -0.423716
v 0.000000 -0.168118 -0.415734
v 0.151809 -0.188598 -0.395746
v 0.159095 0.387452 -0.384089
v 0.000000 0.387452 -0.415735
v 0.011193 0.407932 -0.423716
v 0.151809 0.407932 -0.395746
v 0.135299 -0.243887 -0.326640
v 0.011235 -0.265992 -0.357301
v 0.000000 -0.243887 -0.353553
v 0.126354 -0.265992 -0.334402
v 0.176777 0.301008 -0.426776
v 0.000000 0.301008 -0.461940
v 0.011154 0.319068 -0.473747
v 0.170990 0.319068 -0.441953
v 0.191600 0.319068 -0.433416
v 0.327103 0.319068 -0.342877
v 0.326641 0.301008 -0.326640
v 0.176777 0.301008 -0.426776
v 0.326641 -0.081675 -0.326640
v 0.191600 -0.099735 -0.433416
v 0.176777 -0.081675 -0.426776
v 0.327103 -0.099735 -0.342876
v 0.250000 0.463220 -0.250000
v 0.135299 0.463220 -0.326641
v 0.147114 0.485326 -0.325804
v 0.244705 0.485326 -0.260595
v 0.293969 -0.168118 -0.293969
v 0.172490 -0.188598 -0.387179
v 0.159095 -0.168118 -0.384089
v 0.291698 -0.188598 -0.307527
v 0.172490 0.407932 -0.387179
v 0.291698 0.407932 -0.307527
v 0.293969 0.387452 -0.293969
v 0.159095 0.387452 -0.384089
v 0.250000 -0.243887 -0.250000
v 0.147114 -0.265992 -0.325803
v 0.135299 -0.243887 -0.326640
v 0.244705 -0.265992 -0.260594
v 0.433416 -0.099735 -0.191600
v 0.342876 -0.099735 -0.327102
v 0.326641 -0.081675 -0.326640
v 0.426776 -0.081675 -0.176776
v 0.250000 0.463220 -0.250000
v 0.325803 0.485326 -0.147113
v 0.326640 0.463221 -0.135299
v 0.260594 0.485326 -0.244706
v 0.387179 -0.188598 -0.172490
v 0.307527 -0.188598 -0.291698
v 0.293969 -0.168118 -0.293969
v 0.384089 -0.168118 -0.159094
v 0.293969 0.387452 -0.293969
v 0.387179 0.407932 -0.172490
v 0.384089 0.387452 -0.159095
v 0.307527 0.407932 -0.291698
v 0.325803 -0.265992 -0.147113
v 0.260594 -0.265992 -0.244705
v 0.250000 -0.243887 -0.250000
v 0.326640 -0.243887 -0.135299
v 0.326641 0.301008 -0.326640
v 0.433416 0.319068 -0.191600
v 0.426776 0.301009 -0.176777
v 0.342876 0.319068 -0.327102
v 0.473747 -0.099734 -0.011154
v 0.441953 -0.099735 -0.170990
v 0.426776 -0.081675 -0.176776
v 0.461940 -0.081675 -0.000000
v 0.326640 0.463221 -0.135299
v 0.357301 0.485326 -0.011235
v 0.353554 0.463221 -0.000000
v 0.334403 0.485326 -0.126353
v 0.423716 -0.188598 -0.011192
v 0.395746 -0.188598 -0.151808
v 0.384089 -0.168118 -0.159094
v 0.415734 -0.168118 -0.000000
v 0.384089 0.387452 -0.159095
v 0.423716 0.407932 -0.011193
v 0.415734 0.387452 -0.000000
v 0.395746 0.407932 -0.151808
v 0.357301 -0.265992 -0.011235
v 0.334403 -0.265992 -0.126353
v 0.326640 -0.243887 -0.135299
v 0.353554 -0.243887 -0.000000
v 0.426776 0.301009 -0.176777
v 0.473747 0.319068 -0.011154
v 0.461940 0.301009 -0.000000
v 0.441953 0.319068 -0.170990
v 0.473747 -0.099734 0.011154
v 0.426776 -0.081674 0.176777
v 0.441953 -0.099734 0.170990
v 0.461940 -0.081675 -0.000000
v 0.357301 0.485326 0.011235
v 0.326640 0.463221 0.135299
v 0.353554 0.463221 -0.000000
v 0.334403 0.485326 0.126353
v 0.423716 -0.188598 0.011193
v 0.384089 -0.168118 0.159095
v 0.395745 -0.188598 0.151809
v 0.415734 -0.168118 -0.000000
v 0.423716 0.407932 0.011193
v 0.384089 0.387452 0.159095
v 0.415734 0.387452 -0.000000
v 0.395745 0.407932 0.151808
v 0.357301 -0.265992 0.011236
v 0.326640 -0.243887 0.135299
v 0.334403 -0.265992 0.126354
v 0.353554 -0.243887 -0.000000
v 0.473747 0.319068 0.011154
v 0.426776 0.301009 0.176777
v 0.461940 0.301009 -0.000000
v 0.441953 0.319068 0.170990
v 0.433416 -0.099734 0.191600
v 0.326640 -0.081674 0.326641
v 0.342876 -0.099734 0.327103
v 0.426776 -0.081674 0.176777
v 0.325803 0.485326 0.147113
v 0.250000 0.463221 0.250000
v 0.326640 0.463221 0.135299
v 0.260594 0.485326 0.244705
v 0.387179 -0.188598 0.172490
v 0.293968 -0.168118 0.293969
v 0.307527 -0.188597 0.291698
v 0.384089 -0.168118 0.159095
v 0.387179 0.407932 0.172490
v 0.293968 0.387452 0.293969
v 0.384089 0.387452 0.159095
v 0.307527 0.407932 0.291698
v 0.325803 -0.265992 0.147114
v 0.250000 -0.243886 0.250000
v 0.260594 -0.265991 0.244706
v 0.326640 -0.243887 0.135299
v 0.433416 0.319068 0.191600
v 0.326640 0.301009 0.326641
v 0.426776 0.301009 0.176777
v 0.342876 0.319069 0.327102
v 0.191600 -0.099734 0.433417
v 0.327102 -0.099734 0.342877
v 0.326640 -0.081674 0.326641
v 0.176776 -0.081674 0.426776
v 0.250000 0.463221 0.250000
v 0.147113 0.485326 0.325803
v 0.135299 0.463221 0.326640
v 0.244705 0.485326 0.260594
v 0.172489 -0.188597 0.387179
v 0.291698 -0.188597 0.307527
v 0.293968 -0.168118 0.293969
v 0.159094 -0.168118 0.384089
v 0.293968 0.387452 0.293969
v 0.172489 0.407932 0.387179
v 0.159094 0.387452 0.384089
v 0.291698 0.407932 0.307527
v 0.250000 -0.243886 0.250000
v 0.135299 -0.243886 0.326641
v 0.147113 -0.265991 0.325804
v 0.244705 -0.265991 0.260595
v 0.326640 0.301009 0.326641
v 0.191600 0.319069 0.433416
v 0.176776 0.301009 0.426776
v 0.327102 0.319069 0.342876
v 0.176776 -0.081674 0.426776
v 0.000000 -0.081674 0.461940
v 0.011154 -0.099734 0.473747
v 0.170989 -0.099734 0.441953
v 0.135299 0.463221 0.326640
v 0.011235 0.485326 0.357301
v 0.000000 0.463221 0.353553
v 0.126353 0.485326 0.334403
v 0.159094 -0.168118 0.384089
v 0.000000 -0.168118 0.415735
v 0.011193 -0.188597 0.423716
v 0.151808 -0.188597 0.395746
v 0.159094 0.387452 0.384089
v 0.011192 0.407932 0.423716
v 0.000000 0.387452 0.415734
v 0.151808 0.407932 0.395746
v 0.135299 -0.243886 0.326641
v 0.000000 -0.243886 0.353554
v 0.011235 -0.265991 0.357301
v 0.126353 -0.265991 0.334403
v 0.176776 0.301009 0.426776
v 0.011154 0.319069 0.473746
v 0.000000 0.301009 0.461940
v 0.170989 0.319069 0.441953
v -0.011305 -0.375005 0.186093
v -0.011305 -0.397960 0.110421
v 0.000000 -0.380726 0.097545
v 0.000000 -0.352273 0.191342
v -0.073224 -0.352273 0.176777
v -0.037329 -0.380726 0.090120
v -0.031811 -0.397960 0.106342
v -0.060769 -0.375005 0.176254
v -0.011305 0.594339 0.186092
v 0.000000 0.600060 0.097545
v -0.011305 0.617294 0.110421
v 0.000000 0.571607 0.191341
v -0.073224 0.571607 0.176776
v -0.031811 0.617294 0.106342
v -0.037329 0.600060 0.090120
v -0.060769 0.594339 0.176253
v -0.081660 -0.375005 0.167601
v -0.052701 -0.397960 0.097689
v -0.037329 -0.380726 0.090120
v -0.073224 -0.352273 0.176777
v -0.135299 -0.352273 0.135299
v -0.068975 -0.380726 0.068975
v -0.070085 -0.397960 0.086074
v -0.123593 -0.375005 0.139582
v -0.081660 0.594339 0.167600
v -0.037329 0.600060 0.090120
v -0.052701 0.617294 0.097689
v -0.073224 0.571607 0.176776
v -0.135299 0.571607 0.135299
v -0.070085 0.617294 0.086073
v -0.068975 0.600060 0.068975
v -0.123593 0.594339 0.139581
v -0.086074 -0.397960 0.070085
v -0.135299 -0.352273 0.135299
v -0.139582 -0.375005 0.123593
v -0.068975 -0.380726 0.068975
v -0.090120 -0.380726 0.037329
v -0.167600 -0.375005 0.081660
v -0.176776 -0.352273 0.073224
v -0.097689 -0.397960 0.052701
v -0.086074 0.617294 0.070085
v -0.135299 0.571607 0.135299
v -0.068975 0.600060 0.068975
v -0.139582 0.594339 0.123593
v -0.090120 0.600060 0.037329
v -0.176776 0.571607 0.073223
v -0.167600 0.594339 0.081659
v -0.097689 0.617294 0.052701
v -0.106342 -0.397960 0.031811
v -0.176776 -0.352273 0.073224
v -0.176253 -0.375005 0.060770
v -0.090120 -0.380726 0.037329
v -0.097545 -0.380726 -0.000000
v -0.186092 -0.375005 0.011306
v -0.191342 -0.352273 -0.000000
v -0.110421 -0.397960 0.011306
v -0.106342 0.617294 0.031811
v -0.176776 0.571607 0.073223
v -0.090120 0.600060 0.037329
v -0.176253 0.594339 0.060769
v -0.097545 0.600060 -0.000000
v -0.191342 0.571607 -0.000000
v -0.186092 0.594339 0.011305
v -0.110421 0.617294 0.011305
v -0.097545 0.600060 -0.000000
v -0.186092 0.594339 -0.011306
v -0.191342 0.571607 -0.000000
v -0.110421 0.617294 -0.011306
v -0.106342 0.617294 -0.031812
v -0.176776 0.571607 -0.073224
v -0.176253 0.594339 -0.060770
v -0.090120 0.600060 -0.037329
v -0.097545 -0.380726 -0.000000
v -0.191342 -0.352273 -0.000000
v -0.186092 -0.375005 -0.011305
v -0.110421 -0.397960 -0.011305
v -0.106342 -0.397960 -0.031811
v -0.176776 -0.352273 -0.073223
v -0.090120 -0.380726 -0.037329
v -0.176253 -0.375005 -0.060769
v -0.090120 -0.380726 -0.037329
v -0.176776 -0.352273 -0.073223
v -0.167600 -0.375005 -0.081659
v -0.097689 -0.397960 -0.052701
v -0.086074 -0.397960 -0.070085
v -0.135299 -0.352273 -0.135299
v -0.068975 -0.380726 -0.068975
v -0.139582 -0.375005 -0.123593
v -0.090120 0.600060 -0.037329
v -0.167600 0.594339 -0.081660
v -0.176776 0.571607 -0.073224
v -0.097689 0.617294 -0.052701
v -0.086074 0.617294 -0.070085
v -0.135299 0.571607 -0.135299
v -0.139582 0.594339 -0.123593
v -0.068975 0.600060 -0.068975
v -0.135299 0.571607 -0.135299
v -0.068975 0.600060 -0.068975
v -0.070085 0.617294 -0.086074
v -0.123593 0.594339 -0.139582
v -0.081660 0.594339 -0.167601
v -0.037329 0.600060 -0.090120
v -0.073224 0.571607 -0.176777
v -0.052701 0.617294 -0.097689
v -0.135299 -0.352273 -0.135299
v -0.070085 -0.397960 -0.086073
v -0.068975 -0.380726 -0.068975
v -0.123593 -0.375005 -0.139581
v -0.037329 -0.380726 -0.090120
v -0.081660 -0.375005 -0.167600
v -0.073224 -0.352273 -0.176776
v -0.052701 -0.397960 -0.097689
v -0.073224 -0.352273 -0.176776
v -0.031811 -0.397960 -0.106342
v -0.037329 -0.380726 -0.090120
v -0.060769 -0.375005 -0.176253
v 0.000000 -0.380726 -0.097545
v -0.011305 -0.375005 -0.186092
v 0.000000 -0.352273 -0.191341
v -0.011305 -0.397960 -0.110420
v -0.073224 0.571607 -0.176777
v -0.037329 0.600060 -0.090120
v -0.031811 0.617294 -0.106342
v -0.060769 0.594339 -0.176254
v -0.011305 0.594339 -0.186093
v 0.000000 0.600060 -0.097545
v 0.000000 0.571607 -0.191342
v -0.011305 0.617294 -0.110421
v 0.000000 0.600060 -0.097545
v 0.011305 0.594339 -0.186093
v 0.000000 0.571607 -0.191342
v 0.011305 0.617294 -0.110421
v 0.073224 0.571607 -0.176777
v 0.031812 0.617294 -0.106342
v 0.037329 0.600060 -0.090120
v 0.060769 0.594339 -0.176254
v 0.011305 -0.375005 -0.186092
v 0.000000 -0.380726 -0.097545
v 0.000000 -0.352273 -0.191341
v 0.011305 -0.397960 -0.110420
v 0.073224 -0.352273 -0.176776
v 0.037329 -0.380726 -0.090120
v 0.031812 -0.397960 -0.106342
v 0.060769 -0.375005 -0.176253
v 0.081660 -0.375005 -0.167600
v 0.037329 -0.380726 -0.090120
v 0.073224 -0.352273 -0.176776
v 0.052701 -0.397960 -0.097689
v 0.135299 -0.352273 -0.135299
v 0.068975 -0.380726 -0.068975
v 0.070085 -0.397960 -0.086073
v 0.123593 -0.375005 -0.139581
v 0.037329 0.600060 -0.090120
v 0.081660 0.594339 -0.167601
v 0.073224 0.571607 -0.176777
v 0.052701 0.617294 -0.097689
v 0.135299 0.571607 -0.135299
v 0.070085 0.617294 -0.086074
v 0.068975 0.600060 -0.068975
v 0.123593 0.594339 -0.139582
v 0.086074 -0.397960 -0.070085
v 0.135299 -0.352273 -0.135299
v 0.139582 -0.375005 -0.123593
v 0.068975 -0.380726 -0.068975
v 0.090120 -0.380726 -0.037329
v 0.167600 -0.375005 -0.081659
v 0.176776 -0.352273 -0.073223
v 0.097689 -0.397960 -0.052701
v 0.086074 0.617294 -0.070085
v 0.139582 0.594339 -0.123593
v 0.135299 0.571607 -0.135299
v 0.068975 0.600060 -0.068975
v 0.167600 0.594339 -0.081660
v 0.097689 0.617294 -0.052701
v 0.090120 0.600060 -0.037329
v 0.176776 0.571607 -0.073223
v 0.106342 -0.397960 -0.031811
v 0.176776 -0.352273 -0.073223
v 0.176253 -0.375005 -0.060769
v 0.090120 -0.380726 -0.037329
v 0.097545 -0.380726 -0.000000
v 0.186092 -0.375005 -0.011305
v 0.191342 -0.352273 -0.000000
v 0.110421 -0.397960 -0.011305
v 0.106342 0.617294 -0.031811
v 0.176253 0.594339 -0.060770
v 0.176776 0.571607 -0.073223
v 0.090120 0.600060 -0.037329
v 0.186092 0.594339 -0.011306
v 0.110421 0.617294 -0.011306
v 0.097545 0.600060 -0.000000
v 0.191342 0.571607 -0.000000
v 0.186092 -0.375005 0.011306
v 0.110421 -0.397960 0.011306
v 0.097545 -0.380726 -0.000000
v 0.191342 -0.352273 -0.000000
v 0.106342 -0.397960 0.031812
v 0.176253 -0.375005 0.060770
v 0.176776 -0.352273 0.073224
v 0.090120 -0.380726 0.037329
v 0.097545 0.600060 -0.000000
v 0.186092 0.594339 0.011305
v 0.191342 0.571607 -0.000000
v 0.110421 0.617294 0.011305
v 0.106342 0.617294 0.031811
v 0.176776 0.571607 0.073223
v 0.176253 0.594339 0.060769
v 0.090120 0.600060 0.037329
v 0.167600 -0.375005 0.081660
v 0.097689 -0.397960 0.052701
v 0.090120 -0.380726 0.037329
v 0.176776 -0.352273 0.073224
v 0.086074 -0.397960 0.070085
v 0.139582 -0.375005 0.123593
v 0.135299 -0.352273 0.135299
v 0.068975 -0.380726 0.068975
v 0.090120 0.600060 0.037329
v 0.167600 0.594339 0.081659
v 0.176776 0.571607 0.073223
v 0.097689 0.617294 0.052701
v 0.086074 0.617294 0.070085
v 0.135299 0.571607 0.135299
v 0.139582 0.594339 0.123593
v 0.068975 0.600060 0.068975
v 0.135299 -0.352273 0.135299
v 0.070085 -0.397960 0.086074
v 0.068975 -0.380726 0.068975
v 0.123593 -0.375005 0.139582
v 0.081660 -0.375005 0.167601
v 0.037329 -0.380726 0.090120
v 0.052701 -0.397960 0.097689
v 0.073223 -0.352273 0.176777
v 0.135299 0.571607 0.135299
v 0.068975 0.600060 0.068975
v 0.070085 0.617294 0.086073
v 0.123593 0.594339 0.139581
v 0.081660 0.594339 0.167600
v 0.052701 0.617294 0.097689
v 0.037329 0.600060 0.090120
v 0.073223 0.571607 0.176777
v 0.073223 -0.352273 0.176777
v 0.031811 -0.397960 0.106342
v 0.037329 -0.380726 0.090120
v 0.060769 -0.375005 0.176254
v 0.011305 -0.375005 0.186093
v 0.000000 -0.380726 0.097545
v 0.011305 -0.397960 0.110421
v 0.000000 -0.352273 0.191342
v 0.073223 0.571607 0.176777
v 0.037329 0.600060 0.090120
v 0.031811 0.617294 0.106342
v 0.060769 0.594339 0.176253
v 0.011305 0.594339 0.186092
v 0.011305 0.617294 0.110421
v 0.000000 0.600060 0.097545
v 0.000000 0.571607 0.191341
v 0.000000 0.600060 0.097545
v 0.000000 0.609667 -0.000000
v -0.011322 0.624823 0.056920
v -0.011322 0.621772 0.087898
v -0.037329 0.600060 0.090120
v -0.011322 0.624823 0.056920
v 0.000000 0.609667 -0.000000
v -0.023177 0.621772 0.085540
v 0.000000 -0.380726 0.097545
v -0.011322 -0.405488 0.056921
v 0.000000 -0.390333 0.000000
v -0.011322 -0.402438 0.087899
v -0.037329 -0.380726 0.090120
v 0.000000 -0.390333 0.000000
v -0.011322 -0.405488 0.056921
v -0.023177 -0.402438 0.085541
v -0.037329 0.600060 0.090120
v 0.000000 0.609667 -0.000000
v -0.032243 0.624823 0.048255
v -0.044098 0.621772 0.076874
v -0.068975 0.600060 0.068975
v -0.032243 0.624823 0.048255
v 0.000000 0.609667 -0.000000
v -0.054148 0.621772 0.070159
v -0.037329 -0.380726 0.090120
v -0.032243 -0.405488 0.048255
v 0.000000 -0.390333 0.000000
v -0.044098 -0.402438 0.076875
v -0.068975 -0.380726 0.068975
v 0.000000 -0.390333 0.000000
v -0.032243 -0.405488 0.048255
v -0.054148 -0.402438 0.070160
v -0.068975 0.600060 0.068975
v 0.000000 0.609667 -0.000000
v -0.048255 0.624823 0.032243
v -0.070160 0.621772 0.054147
v -0.090120 0.600060 0.037329
v -0.048255 0.624823 0.032243
v 0.000000 0.609667 -0.000000
v -0.076875 0.621772 0.044097
v -0.048255 -0.405488 0.032243
v -0.068975 -0.380726 0.068975
v -0.070160 -0.402438 0.054148
v 0.000000 -0.390333 0.000000
v -0.090120 -0.380726 0.037329
v 0.000000 -0.390333 0.000000
v -0.048255 -0.405488 0.032243
v -0.076875 -0.402438 0.044098
v -0.090120 0.600060 0.037329
v 0.000000 0.609667 -0.000000
v -0.056920 0.624823 0.011322
v -0.085541 0.621772 0.023177
v -0.097545 0.600060 -0.000000
v -0.056920 0.624823 0.011322
v 0.000000 0.609667 -0.000000
v -0.087899 0.621772 0.011322
v -0.056920 -0.405488 0.011322
v -0.090120 -0.380726 0.037329
v -0.085541 -0.402438 0.023177
v 0.000000 -0.390333 0.000000
v -0.097545 -0.380726 -0.000000
v 0.000000 -0.390333 0.000000
v -0.056920 -0.405488 0.011322
v -0.087899 -0.402438 0.011322
v -0.097545 0.600060 -0.000000
v 0.000000 0.609667 -0.000000
v -0.056920 0.624823 -0.011322
v -0.087899 0.621772 -0.011323
v -0.056920 0.624823 -0.011322
v -0.090120 0.600060 -0.037329
v -0.085540 0.621772 -0.023177
v 0.000000 0.609667 -0.000000
v -0.097545 -0.380726 -0.000000
v -0.056920 -0.405488 -0.011322
v 0.000000 -0.390333 0.000000
v -0.087899 -0.402438 -0.011322
v -0.090120 -0.380726 -0.037329
v 0.000000 -0.390333 0.000000
v -0.056920 -0.405488 -0.011322
v -0.085540 -0.402438 -0.023177
v -0.090120 0.600060 -0.037329
v 0.000000 0.609667 -0.000000
v -0.048255 0.624823 -0.032243
v -0.076875 0.621772 -0.044098
v -0.048255 0.624823 -0.032243
v -0.068975 0.600060 -0.068975
v -0.070160 0.621772 -0.054148
v 0.000000 0.609667 -0.000000
v -0.090120 -0.380726 -0.037329
v -0.048255 -0.405488 -0.032243
v 0.000000 -0.390333 0.000000
v -0.076875 -0.402438 -0.044097
v -0.068975 -0.380726 -0.068975
v 0.000000 -0.390333 0.000000
v -0.048255 -0.405488 -0.032243
v -0.070160 -0.402438 -0.054147
v -0.068975 -0.380726 -0.068975
v -0.032243 -0.405488 -0.048255
v 0.000000 -0.390333 0.000000
v -0.054148 -0.402438 -0.070159
v -0.037329 -0.380726 -0.090120
v 0.000000 -0.390333 0.000000
v -0.032243 -0.405488 -0.048255
v -0.044098 -0.402438 -0.076874
v -0.068975 0.600060 -0.068975
v 0.000000 0.609667 -0.000000
v -0.032243 0.624823 -0.048255
v -0.054148 0.621772 -0.070160
v -0.037329 0.600060 -0.090120
v -0.032243 0.624823 -0.048255
v 0.000000 0.609667 -0.000000
v -0.044098 0.621772 -0.076875
v -0.037329 0.600060 -0.090120
v 0.000000 0.609667 -0.000000
v -0.011322 0.624823 -0.056921
v -0.023177 0.621772 -0.085541
v 0.000000 0.600060 -0.097545
v -0.011322 0.624823 -0.056921
v 0.000000 0.609667 -0.000000
v -0.011322 0.621772 -0.087899
v -0.037329 -0.380726 -0.090120
v -0.011322 -0.405488 -0.056920
v 0.000000 -0.390333 0.000000
v -0.023177 -0.402438 -0.085540
v 0.000000 -0.380726 -0.097545
v 0.000000 -0.390333 0.000000
v -0.011322 -0.405488 -0.056920
v -0.011322 -0.402438 -0.087898
v 0.000000 0.600060 -0.097545
v 0.000000 0.609667 -0.000000
v 0.011322 0.624823 -0.056921
v 0.011323 0.621772 -0.087899
v 0.037329 0.600060 -0.090120
v 0.011322 0.624823 -0.056921
v 0.000000 0.609667 -0.000000
v 0.023177 0.621772 -0.085540
v 0.000000 -0.380726 -0.097545
v 0.011322 -0.405488 -0.056920
v 0.000000 -0.390333 0.000000
v 0.011323 -0.402438 -0.087898
v 0.037329 -0.380726 -0.090120
v 0.000000 -0.390333 0.000000
v 0.011322 -0.405488 -0.056920
v 0.023177 -0.402438 -0.085540
v 0.037329 0.600060 -0.090120
v 0.000000 0.609667 -0.000000
v 0.032243 0.624823 -0.048255
v 0.044098 0.621772 -0.076875
v 0.068975 0.600060 -0.068975
v 0.032243 0.624823 -0.048255
v 0.000000 0.609667 -0.000000
v 0.054148 0.621772 -0.070160
v 0.037329 -0.380726 -0.090120
v 0.032243 -0.405488 -0.048255
v 0.000000 -0.390333 0.000000
v 0.044098 -0.402438 -0.076874
v 0.068975 -0.380726 -0.068975
v 0.000000 -0.390333 0.000000
v 0.032243 -0.405488 -0.048255
v 0.054148 -0.402438 -0.070159
v 0.048255 0.624823 -0.032243
v 0.070160 0.621772 -0.054148
v 0.068975 0.600060 -0.068975
v 0.000000 0.609667 -0.000000
v 0.090120 0.600060 -0.037329
v 0.048255 0.624823 -0.032243
v 0.000000 0.609667 -0.000000
v 0.076875 0.621772 -0.044098
v 0.068975 -0.380726 -0.068975
v 0.048255 -0.405488 -0.032243
v 0.000000 -0.390333 0.000000
v 0.070160 -0.402438 -0.054147
v 0.090120 -0.380726 -0.037329
v 0.000000 -0.390333 0.000000
v 0.048255 -0.405488 -0.032243
v 0.076875 -0.402438 -0.044097
v 0.056920 0.624823 -0.011322
v 0.085541 0.621772 -0.023177
v 0.090120 0.600060 -0.037329
v 0.000000 0.609667 -0.000000
v 0.097545 0.600060 -0.000000
v 0.056920 0.624823 -0.011322
v 0.000000 0.609667 -0.000000
v 0.087899 0.621772 -0.011322
v 0.090120 -0.380726 -0.037329
v 0.056920 -0.405488 -0.011322
v 0.000000 -0.390333 0.000000
v 0.085541 -0.402438 -0.023177
v 0.097545 -0.380726 -0.000000
v 0.000000 -0.390333 0.000000
v 0.056920 -0.405488 -0.011322
v 0.087899 -0.402438 -0.011322
v 0.097545 0.600060 -0.000000
v 0.000000 0.609667 -0.000000
v 0.056920 0.624823 0.011322
v 0.087899 0.621772 0.011322
v 0.090120 0.600060 0.037329
v 0.056920 0.624823 0.011322
v 0.000000 0.609667 -0.000000
v 0.085540 0.621772 0.023177
v 0.097545 -0.380726 -0.000000
v 0.056920 -0.405488 0.011322
v 0.000000 -0.390333 0.000000
v 0.087899 -0.402438 0.011323
v 0.056920 -0.405488 0.011322
v 0.085540 -0.402438 0.023177
v 0.090120 -0.380726 0.037329
v 0.000000 -0.390333 0.000000
v 0.090120 0.600060 0.037329
v 0.000000 0.609667 -0.000000
v 0.048255 0.624823 0.032243
v 0.076875 0.621772 0.044097
v 0.068975 0.600060 0.068975
v 0.048255 0.624823 0.032243
v 0.000000 0.609667 -0.000000
v 0.070160 0.621772 0.054147
v 0.090120 -0.380726 0.037329
v 0.048255 -0.405488 0.032243
v 0.000000 -0.390333 0.000000
v 0.076875 -0.402438 0.044098
v 0.048255 -0.405488 0.032243
v 0.070160 -0.402438 0.054148
v 0.068975 -0.380726 0.068975
v 0.000000 -0.390333 0.000000
v 0.068975 0.600060 0.068975
v 0.000000 0.609667 -0.000000
v 0.032243 0.624823 0.048255
v 0.054148 0.621772 0.070159
v 0.037329 0.600060 0.090120
v 0.032243 0.624823 0.048255
v 0.000000 0.609667 -0.000000
v 0.044098 0.621772 0.076874
v 0.068975 -0.380726 0.068975
v 0.032243 -0.405488 0.048255
v 0.000000 -0.390333 0.000000
v 0.054148 -0.402438 0.070160
v 0.037329 -0.380726 0.090120
v 0.000000 -0.390333 0.000000
v 0.032243 -0.405488 0.048255
v 0.044098 -0.402438 0.076875
v 0.037329 0.600060 0.090120
v 0.000000 0.609667 -0.000000
v 0.011323 0.624823 0.056921
v 0.023177 0.621772 0.085540
v 0.000000 0.600060 0.097545
v 0.011323 0.624823 0.056921
v 0.000000 0.609667 -0.000000
v 0.011322 0.621772 0.087898
v 0.037329 -0.380726 0.090120
v 0.011322 -0.405488 0.056921
v 0.000000 -0.390333 0.000000
v 0.023177 -0.402438 0.085541
v 0.000000 -0.380726 0.097545
v 0.000000 -0.390333 0.000000
v 0.011322 -0.405488 0.056921
v 0.011322 -0.402438 0.087899
vn -0.0195 0.9950 0.0980
vn -0.0195 -0.9950 0.0980
vn -0.0555 0.9950 0.0831
vn -0.0555 -0.9950 0.0831
vn -0.0831 0.9950 0.0555
vn -0.0831 -0.9950 0.0555
vn -0.0980 0.9950 0.0195
vn -0.0980 -0.9950 0.0200
vn -0.0980 0.9950 -0.0195
vn -0.0980 -0.9950 -0.0190
vn -0.0831 0.9950 -0.0555
vn -0.0831 -0.9950 -0.0555
vn -0.0553 -0.9950 -0.0833
vn -0.0555 0.9950 -0.0831
vn -0.0195 0.9950 -0.0980
vn -0.0195 -0.9950 -0.0980
vn 0.0200 0.9950 -0.0981
vn 0.0198 -0.9950 -0.0980
vn 0.0555 0.9950 -0.0831
vn 0.0555 -0.9950 -0.0831
vn 0.0831 0.9950 -0.0555
vn 0.0831 -0.9950 -0.0555
vn 0.0977 0.9950 -0.0190
vn 0.0977 -0.9950 -0.0190
vn 0.0980 0.9950 0.0195
vn 0.0980 -0.9950 0.0195
vn 0.0831 0.9950 0.0555
vn 0.0831 -0.9950 0.0555
vn 0.0555 0.9950 0.0831
vn 0.0555 -0.9950 0.0831
vn 0.0195 0.9950 0.0980
vn 0.0195 -0.9950 0.0980
vn -0.0576 -0.9553 0.2898
vn -0.0571 -0.9554 0.2897
vn -0.0573 0.9554 0.2898
vn -0.0576 0.9553 0.2898
vn -0.0572 0.9554 0.2897
vn -0.1644 -0.9553 0.2459
vn -0.1642 -0.9553 0.2457
vn -0.1645 -0.9552 0.2460
vn -0.1642 0.9553 0.2457
vn -0.1644 0.9553 0.2459
vn -0.2457 -0.9553 0.1642
vn -0.2457 0.9553 0.1642
vn -0.2450 0.9555 0.1641
vn -0.2898 -0.9553 0.0576
vn -0.2898 -0.9553 0.0577
vn -0.2898 0.9553 0.0576
vn -0.2898 0.9553 -0.0576
vn -0.2900 0.9553 -0.0572
vn -0.2899 0.9553 -0.0573
vn -0.2900 -0.9553 -0.0571
vn -0.2898 -0.9553 -0.0576
vn -0.2900 -0.9553 -0.0572
vn -0.2457 -0.9553 -0.1642
vn -0.2454 -0.9554 -0.1643
vn -0.2457 0.9553 -0.1642
vn -0.2452 0.9554 -0.1643
vn -0.1642 0.9553 -0.2457
vn -0.1643 0.9554 -0.2454
vn -0.1642 -0.9553 -0.2457
vn -0.1643 -0.9554 -0.2454
vn -0.0571 -0.9553 -0.2900
vn -0.0572 -0.9553 -0.2900
vn -0.0573 0.9553 -0.2899
vn -0.0572 0.9553 -0.2900
vn -0.0576 0.9553 -0.2898
vn 0.0576 0.9553 -0.2898
vn 0.0576 -0.9553 -0.2898
vn 0.1642 -0.9553 -0.2457
vn 0.1641 -0.9555 -0.2452
vn 0.1641 -0.9555 -0.2451
vn 0.1642 0.9553 -0.2457
vn 0.1641 0.9555 -0.2452
vn 0.2457 -0.9553 -0.1642
vn 0.2460 -0.9552 -0.1646
vn 0.2459 -0.9553 -0.1644
vn 0.2457 0.9553 -0.1642
vn 0.2460 0.9552 -0.1645
vn 0.2460 0.9552 -0.1646
vn 0.2459 0.9553 -0.1644
vn 0.2898 -0.9553 -0.0576
vn 0.2897 -0.9554 -0.0572
vn 0.2897 0.9554 -0.0572
vn 0.2898 0.9553 -0.0576
vn 0.2898 -0.9553 0.0576
vn 0.2897 -0.9554 0.0580
vn 0.2898 0.9553 0.0576
vn 0.2896 0.9554 0.0581
vn 0.2457 -0.9553 0.1642
vn 0.2460 -0.9553 0.1640
vn 0.2460 0.9553 0.1640
vn 0.2457 0.9553 0.1642
vn 0.1642 -0.9553 0.2457
vn 0.1639 -0.9553 0.2461
vn 0.1642 0.9553 0.2457
vn 0.0576 -0.9553 0.2898
vn 0.0581 -0.9554 0.2897
vn 0.0576 0.9553 0.2898
vn 0.0580 0.9554 0.2897
vn 0.0582 0.9554 0.2896
vn -0.0934 -0.8781 0.4693
vn -0.0934 0.8781 0.4693
vn -0.2659 -0.8781 0.3979
vn -0.2654 -0.8783 0.3977
vn -0.2655 0.8783 0.3977
vn -0.2659 0.8781 0.3979
vn -0.3980 0.8779 0.2662
vn -0.3979 0.8781 0.2659
vn -0.3979 -0.8781 0.2659
vn -0.3980 -0.8779 0.2661
vn -0.4692 -0.8782 0.0929
vn -0.4691 -0.8783 0.0926
vn -0.4693 -0.8781 0.0934
vn -0.4692 0.8782 0.0929
vn -0.4693 0.8781 -0.0934
vn -0.4691 0.8782 -0.0930
vn -0.4693 -0.8781 -0.0934
vn -0.4690 -0.8783 -0.0930
vn -0.3979 -0.8781 -0.2659
vn -0.3979 0.8781 -0.2659
vn -0.2654 0.8781 -0.3981
vn -0.2659 0.8781 -0.3979
vn -0.2656 0.8781 -0.3980
vn -0.2659 -0.8781 -0.3979
vn -0.2654 -0.8781 -0.3981
vn -0.2656 -0.8781 -0.3980
vn -0.0934 -0.8781 -0.4693
vn -0.0934 0.8781 -0.4693
vn 0.0934 0.8781 -0.4693
vn 0.0928 0.8782 -0.4692
vn 0.0930 0.8782 -0.4692
vn 0.0930 -0.8782 -0.4692
vn 0.0928 -0.8782 -0.4692
vn 0.0934 -0.8781 -0.4693
vn 0.2659 -0.8781 -0.3979
vn 0.2658 -0.8781 -0.3979
vn 0.2659 0.8781 -0.3979
vn 0.2663 0.8779 -0.3980
vn 0.3978 0.8782 -0.2656
vn 0.3979 0.8781 -0.2659
vn 0.3979 -0.8781 -0.2659
vn 0.4693 -0.8781 -0.0934
vn 0.4689 -0.8783 -0.0932
vn 0.4688 -0.8784 -0.0932
vn 0.4689 0.8783 -0.0932
vn 0.4693 0.8781 -0.0934
vn 0.4693 0.8781 0.0934
vn 0.4691 0.8782 0.0931
vn 0.4692 0.8782 0.0931
vn 0.4691 -0.8782 0.0930
vn 0.4693 -0.8781 0.0934
vn 0.3979 0.8781 0.2659
vn 0.3977 0.8780 0.2663
vn 0.3977 0.8780 0.2662
vn 0.3978 0.8780 0.2662
vn 0.3979 -0.8781 0.2659
vn 0.3977 -0.8780 0.2662
vn 0.3977 -0.8780 0.2663
vn 0.2659 -0.8781 0.3979
vn 0.2663 -0.8780 0.3977
vn 0.2662 0.8780 0.3977
vn 0.2663 0.8780 0.3977
vn 0.2659 0.8781 0.3979
vn 0.0931 0.8782 0.4691
vn 0.0930 0.8783 0.4690
vn 0.0927 0.8784 0.4688
vn 0.0930 -0.8783 0.4690
vn 0.0929 -0.8783 0.4689
vn -0.1252 -0.7669 0.6294
vn -0.1252 0.7669 0.6294
vn -0.3563 0.7672 0.5333
vn -0.3562 0.7674 0.5332
vn -0.3561 0.7674 0.5332
vn -0.3561 -0.7673 0.5332
vn -0.3562 -0.7673 0.5333
vn -0.3561 -0.7675 0.5331
vn -0.3562 -0.7672 0.5333
vn -0.5336 0.7669 0.3565
vn -0.5334 0.7670 0.3568
vn -0.5336 -0.7669 0.3565
vn -0.6294 0.7669 0.1252
vn -0.6292 0.7671 0.1251
vn -0.6294 -0.7669 0.1252
vn -0.6292 -0.7671 0.1251
vn -0.6294 0.7669 -0.1252
vn -0.6291 0.7671 -0.1253
vn -0.6291 -0.7671 -0.1253
vn -0.6294 -0.7669 -0.1252
vn -0.5335 -0.7672 -0.3561
vn -0.5336 -0.7669 -0.3565
vn -0.5336 0.7669 -0.3565
vn -0.5335 0.7671 -0.3562
vn -0.5335 0.7672 -0.3560
vn -0.3565 0.7669 -0.5336
vn -0.3562 0.7672 -0.5334
vn -0.3562 0.7671 -0.5335
vn -0.3565 -0.7669 -0.5336
vn -0.1254 -0.7673 -0.6289
vn -0.1253 -0.7671 -0.6291
vn -0.1252 -0.7669 -0.6294
vn -0.1252 0.7669 -0.6294
vn -0.1253 0.7672 -0.6290
vn 0.1251 0.7672 -0.6290
vn 0.1252 0.7669 -0.6294
vn 0.1251 0.7671 -0.6292
vn 0.1252 -0.7669 -0.6294
vn 0.1251 -0.7671 -0.6292
vn 0.1251 -0.7672 -0.6290
vn 0.3565 0.7669 -0.5336
vn 0.3569 0.7670 -0.5333
vn 0.3565 -0.7669 -0.5336
vn 0.3569 -0.7670 -0.5333
vn 0.5334 0.7671 -0.3564
vn 0.5333 0.7672 -0.3563
vn 0.5336 -0.7669 -0.3565
vn 0.5333 -0.7672 -0.3563
vn 0.6294 0.7669 -0.1252
vn 0.6294 -0.7669 -0.1252
vn 0.6294 0.7669 0.1252
vn 0.6294 -0.7669 0.1252
vn 0.5331 0.7671 0.3569
vn 0.5331 -0.7671 0.3569
vn 0.5332 -0.7671 0.3568
vn 0.3565 0.7669 0.5336
vn 0.3568 0.7671 0.5332
vn 0.3565 -0.7669 0.5336
vn 0.3568 -0.7671 0.5332
vn 0.1252 0.7669 0.6294
vn 0.1252 -0.7669 0.6294
vn -0.1520 -0.6270 0.7640
vn -0.1515 -0.6269 0.7642
vn -0.1520 0.6270 0.7640
vn -0.1515 0.6269 0.7642
vn -0.4325 -0.6274 0.6476
vn -0.4328 -0.6270 0.6477
vn -0.4328 0.6270 0.6477
vn -0.4325 0.6274 0.6476
vn -0.6477 -0.6270 0.4328
vn -0.6477 0.6270 0.4328
vn -0.7638 -0.6272 0.1524
vn -0.7640 -0.6270 0.1520
vn -0.7639 -0.6271 0.1523
vn -0.7637 -0.6273 0.1524
vn -0.7640 0.6270 0.1520
vn -0.7639 0.6271 0.1523
vn -0.7638 0.6272 0.1525
vn -0.7639 -0.6272 -0.1518
vn -0.7640 -0.6270 -0.1520
vn -0.7638 -0.6273 -0.1517
vn -0.7640 0.6270 -0.1520
vn -0.7639 0.6273 -0.1518
vn -0.7638 0.6273 -0.1517
vn -0.7639 0.6272 -0.1518
vn -0.6478 -0.6272 -0.4325
vn -0.6478 -0.6272 -0.4324
vn -0.6478 -0.6273 -0.4323
vn -0.6477 -0.6270 -0.4328
vn -0.6478 0.6272 -0.4324
vn -0.6478 0.6272 -0.4325
vn -0.6477 0.6270 -0.4328
vn -0.4328 -0.6270 -0.6477
vn -0.4324 -0.6272 -0.6478
vn -0.4324 0.6272 -0.6478
vn -0.4328 0.6270 -0.6477
vn -0.1518 -0.6273 -0.7639
vn -0.1517 -0.6273 -0.7638
vn -0.1517 -0.6274 -0.7638
vn -0.1517 0.6273 -0.7638
vn -0.1518 0.6273 -0.7639
vn 0.1520 -0.6270 -0.7640
vn 0.1523 -0.6271 -0.7639
vn 0.1520 0.6270 -0.7640
vn 0.1524 0.6272 -0.7638
vn 0.4328 -0.6270 -0.6477
vn 0.4328 0.6270 -0.6477
vn 0.6476 -0.6274 -0.4324
vn 0.6476 -0.6273 -0.4326
vn 0.6477 -0.6270 -0.4328
vn 0.6476 0.6274 -0.4324
vn 0.6477 0.6270 -0.4328
vn 0.6476 0.6274 -0.4325
vn 0.7642 -0.6269 -0.1517
vn 0.7643 -0.6268 -0.1516
vn 0.7640 -0.6270 -0.1520
vn 0.7640 0.6270 -0.1520
vn 0.7643 0.6269 -0.1514
vn 0.7642 0.6269 -0.1517
vn 0.7641 -0.6269 0.1523
vn 0.7640 -0.6270 0.1520
vn 0.7641 -0.6268 0.1524
vn 0.7641 0.6268 0.1525
vn 0.7641 0.6269 0.1523
vn 0.7640 0.6270 0.1520
vn 0.6475 -0.6271 0.4330
vn 0.6474 -0.6272 0.4331
vn 0.6477 -0.6270 0.4328
vn 0.6474 0.6272 0.4331
vn 0.6475 0.6271 0.4330
vn 0.6477 0.6270 0.4328
vn 0.4328 -0.6270 0.6477
vn 0.4328 0.6270 0.6477
vn 0.1520 -0.6270 0.7640
vn 0.1523 -0.6269 0.7641
vn 0.1523 0.6269 0.7641
vn 0.1524 0.6268 0.7641
vn 0.1520 0.6270 0.7640
vn -0.1728 0.4643 0.8687
vn -0.1733 0.4643 0.8686
vn -0.1728 -0.4643 0.8687
vn -0.1731 -0.4643 0.8686
vn -0.1733 -0.4643 0.8686
vn -0.4921 -0.4643 0.7364
vn -0.4919 -0.4646 0.7363
vn -0.4919 0.4646 0.7363
vn -0.4921 0.4643 0.7364
vn -0.7364 -0.4643 0.4921
vn -0.7364 0.4643 0.4921
vn -0.8687 0.4643 0.1728
vn -0.8687 -0.4643 0.1728
vn -0.8687 -0.4643 -0.1728
vn -0.8687 0.4643 -0.1728
vn -0.7364 0.4643 -0.4921
vn -0.7365 0.4645 -0.4918
vn -0.7364 -0.4643 -0.4921
vn -0.7365 -0.4646 -0.4917
vn -0.4921 -0.4643 -0.7364
vn -0.4918 -0.4644 -0.7365
vn -0.4921 0.4643 -0.7364
vn -0.1728 0.4643 -0.8687
vn -0.1728 -0.4643 -0.8687
vn 0.1728 -0.4643 -0.8687
vn 0.1728 0.4643 -0.8687
vn 0.4923 0.4643 -0.7362
vn 0.4921 0.4643 -0.7364
vn 0.4926 0.4642 -0.7361
vn 0.4921 -0.4643 -0.7364
vn 0.4920 -0.4643 -0.7364
vn 0.4926 -0.4642 -0.7361
vn 0.7364 -0.4643 -0.4921
vn 0.7364 0.4643 -0.4921
vn 0.8686 -0.4643 -0.1731
vn 0.8687 -0.4643 -0.1728
vn 0.8687 0.4643 -0.1728
vn 0.8686 0.4643 -0.1731
vn 0.8687 -0.4643 0.1728
vn 0.8687 0.4643 0.1728
vn 0.7361 -0.4644 0.4924
vn 0.7360 -0.4644 0.4925
vn 0.7362 -0.4643 0.4923
vn 0.7361 0.4643 0.4924
vn 0.7361 0.4644 0.4924
vn 0.7362 0.4644 0.4923
vn 0.4923 -0.4644 0.7362
vn 0.4924 -0.4644 0.7361
vn 0.4921 -0.4643 0.7364
vn 0.4924 0.4644 0.7361
vn 0.4921 0.4643 0.7364
vn 0.4925 0.4644 0.7360
vn 0.1728 -0.4643 0.8687
vn 0.1728 0.4643 0.8687
vn -0.1870 0.2852 0.9401
vn -0.1870 -0.2852 0.9401
vn -0.5328 0.2851 0.7968
vn -0.5325 0.2852 0.7969
vn -0.5329 0.2851 0.7967
vn -0.5325 -0.2852 0.7969
vn -0.5329 -0.2851 0.7967
vn -0.5328 -0.2851 0.7968
vn -0.7969 -0.2852 0.5325
vn -0.7969 0.2852 0.5325
vn -0.9401 0.2852 0.1870
vn -0.9400 0.2850 0.1874
vn -0.9401 -0.2852 0.1870
vn -0.9400 -0.2851 0.1873
vn -0.9400 -0.2850 0.1874
vn -0.9401 -0.2852 -0.1870
vn -0.9401 0.2852 -0.1870
vn -0.7967 0.2850 -0.5329
vn -0.7968 0.2850 -0.5328
vn -0.7969 0.2852 -0.5325
vn -0.7969 -0.2852 -0.5325
vn -0.7967 -0.2850 -0.5329
vn -0.5325 -0.2852 -0.7969
vn -0.5325 0.2852 -0.7969
vn -0.1870 0.2852 -0.9401
vn -0.1870 -0.2852 -0.9401
vn -0.1867 -0.2850 -0.9402
vn 0.1870 -0.2852 -0.9401
vn 0.1870 0.2852 -0.9401
vn 0.1874 0.2850 -0.9400
vn 0.5325 0.2852 -0.7969
vn 0.5325 -0.2852 -0.7969
vn 0.7967 -0.2851 -0.5329
vn 0.7969 -0.2852 -0.5325
vn 0.7966 -0.2851 -0.5330
vn 0.7967 0.2851 -0.5329
vn 0.7968 0.2851 -0.5328
vn 0.9401 0.2852 -0.1870
vn 0.9401 -0.2852 -0.1870
vn 0.9400 0.2851 0.1873
vn 0.9401 0.2852 0.1870
vn 0.9400 0.2851 0.1876
vn 0.9400 -0.2851 0.1876
vn 0.9401 -0.2852 0.1870
vn 0.9400 -0.2851 0.1875
vn 0.7969 0.2852 0.5325
vn 0.7969 -0.2852 0.5325
vn 0.5325 0.2852 0.7969
vn 0.5325 -0.2852 0.7969
vn 0.1870 -0.2852 0.9401
vn 0.1875 -0.2851 0.9400
vn 0.1876 -0.2851 0.9400
vn 0.1876 0.2851 0.9400
vn 0.1873 0.2851 0.9400
vn 0.1875 0.2851 0.9400
vn -0.1942 0.0961 0.9762
vn -0.1945 0.0960 0.9762
vn -0.1945 0.0961 0.9762
vn -0.1946 0.0960 0.9762
vn -0.1945 -0.0961 0.9762
vn -0.1945 -0.0960 0.9762
vn -0.1942 -0.0961 0.9762
vn -0.1946 -0.0960 0.9762
vn -0.5530 0.0962 0.8276
vn -0.5530 -0.0962 0.8276
vn -0.8276 0.0962 0.5530
vn -0.8278 0.0960 0.5528
vn -0.8279 0.0959 0.5527
vn -0.8278 -0.0960 0.5528
vn -0.8276 -0.0962 0.5530
vn -0.8276 -0.0961 0.5530
vn -0.9762 0.0961 0.1942
vn -0.9762 -0.0961 0.1942
vn -0.9762 0.0960 -0.1945
vn -0.9762 0.0960 -0.1947
vn -0.9762 0.0961 -0.1942
vn -0.9762 -0.0961 -0.1942
vn -0.9762 -0.0960 -0.1947
vn -0.9762 -0.0960 -0.1946
vn -0.8276 0.0962 -0.5530
vn -0.8276 -0.0962 -0.5530
vn -0.5530 -0.0962 -0.8276
vn -0.5530 -0.0961 -0.8276
vn -0.5530 0.0962 -0.8276
vn -0.5530 0.0961 -0.8276
vn -0.1945 0.0960 -0.9762
vn -0.1946 0.0960 -0.9762
vn -0.1946 0.0959 -0.9762
vn -0.1942 -0.0962 -0.9762
vn -0.1945 -0.0960 -0.9762
vn -0.1942 -0.0961 -0.9762
vn 0.1942 0.0961 -0.9762
vn 0.1942 -0.0961 -0.9762
vn 0.5530 0.0962 -0.8276
vn 0.5530 -0.0962 -0.8276
vn 0.8276 0.0962 -0.5530
vn 0.8276 0.0961 -0.5530
vn 0.8276 -0.0961 -0.5530
vn 0.8276 -0.0962 -0.5530
vn 0.9762 0.0960 -0.1945
vn 0.9762 0.0961 -0.1945
vn 0.9762 -0.0961 -0.1945
vn 0.9762 -0.0960 -0.1946
vn 0.9762 -0.0961 -0.1942
vn 0.9762 0.0961 0.1942
vn 0.9762 0.0959 0.1946
vn 0.9762 -0.0959 0.1944
vn 0.9762 -0.0961 0.1942
vn 0.9762 -0.0959 0.1946
vn 0.8276 0.0962 0.5530
vn 0.8276 -0.0962 0.5530
vn 0.8278 -0.0958 0.5528
vn 0.5530 0.0962 0.8276
vn 0.5530 0.0961 0.8276
vn 0.5530 -0.0961 0.8276
vn 0.5530 -0.0962 0.8276
vn 0.1942 0.0962 0.9762
vn 0.1944 0.0959 0.9762
vn 0.1942 -0.0962 0.9762
vn 0.1942 -0.0961 0.9762
vn 0.8595 0.0501 0.5086
vn -0.9887 0.0501 0.1410
vn -0.9887 0.0501 0.1409
vn -0.9888 0.0502 0.1405
vn 0.8595 -0.0501 0.5086
vn -0.9887 -0.0501 0.1409
vn -0.9887 -0.0501 0.1410
vn -0.9888 -0.0501 0.1409
vn 0.5995 0.0501 0.7988
vn 0.5998 0.0503 0.7985
vn -0.9674 0.0501 -0.2482
vn 0.5995 -0.0501 0.7988
vn 0.5998 -0.0503 0.7985
vn -0.9674 -0.0501 -0.2482
vn 0.2482 0.0501 0.9674
vn 0.2481 0.0501 0.9674
vn -0.7986 0.0502 -0.5997
vn -0.7985 0.0502 -0.5999
vn -0.7988 0.0501 -0.5995
vn 0.2482 -0.0501 0.9674
vn 0.2481 -0.0501 0.9674
vn -0.7988 -0.0501 -0.5995
vn -0.7984 -0.0502 -0.6000
vn -0.7985 -0.0502 -0.5999
vn -0.1410 0.0501 0.9887
vn -0.1409 0.0501 0.9887
vn -0.5086 0.0501 -0.8596
vn -0.1410 -0.0501 0.9887
vn -0.1409 -0.0501 0.9887
vn -0.5086 -0.0501 -0.8595
vn -0.5086 0.0501 0.8595
vn -0.1410 0.0501 -0.9887
vn -0.1409 0.0501 -0.9887
vn -0.5086 -0.0501 0.8595
vn -0.1410 -0.0501 -0.9887
vn -0.1409 -0.0501 -0.9887
vn -0.7988 0.0501 0.5995
vn -0.7986 0.0503 0.5997
vn 0.2482 0.0501 -0.9674
vn 0.2477 0.0502 -0.9675
vn -0.7988 -0.0501 0.5995
vn -0.7986 -0.0504 0.5998
vn 0.2482 -0.0501 -0.9674
vn 0.2476 -0.0503 -0.9676
vn -0.9674 -0.0501 0.2481
vn -0.9674 -0.0501 0.2482
vn 0.5995 -0.0501 -0.7988
vn 0.5998 -0.0503 -0.7985
vn -0.9674 0.0501 0.2481
vn -0.9674 0.0501 0.2482
vn 0.5995 0.0501 -0.7988
vn 0.5998 0.0503 -0.7985
vn -0.9887 0.0501 -0.1409
vn -0.9887 0.0501 -0.1410
vn 0.8596 0.0501 -0.5086
vn -0.9887 -0.0501 -0.1409
vn -0.9887 -0.0501 -0.1410
vn 0.8596 -0.0501 -0.5086
vn 0.8597 -0.0502 -0.5083
vn -0.8595 0.0501 -0.5086
vn 0.9887 0.0501 -0.1410
vn -0.8595 -0.0501 -0.5086
vn 0.9887 -0.0501 -0.1410
vn -0.5999 0.0502 -0.7985
vn -0.5997 0.0502 -0.7986
vn -0.5995 0.0501 -0.7988
vn 0.9674 0.0501 0.2482
vn 0.9674 0.0501 0.2481
vn -0.5995 -0.0501 -0.7988
vn -0.6000 -0.0502 -0.7984
vn -0.5999 -0.0502 -0.7985
vn 0.9674 -0.0501 0.2482
vn 0.9674 -0.0501 0.2481
vn -0.2481 0.0501 -0.9674
vn -0.2482 0.0501 -0.9674
vn 0.7985 0.0503 0.5998
vn 0.7988 0.0501 0.5995
vn 0.7986 0.0502 0.5997
vn -0.2481 -0.0501 -0.9674
vn -0.2482 -0.0501 -0.9674
vn 0.7988 -0.0501 0.5995
vn 0.7985 -0.0502 0.5998
vn 0.1409 0.0501 -0.9887
vn 0.1410 0.0501 -0.9887
vn 0.5086 0.0501 0.8595
vn 0.1409 -0.0501 -0.9887
vn 0.1410 -0.0501 -0.9887
vn 0.1406 -0.0502 -0.9888
vn 0.5086 -0.0501 0.8596
vn 0.5089 0.0502 -0.8594
vn 0.5090 0.0502 -0.8593
vn 0.5086 0.0501 -0.8595
vn 0.1407 0.0502 0.9888
vn 0.1410 0.0501 0.9887
vn 0.5086 -0.0501 -0.8595
vn 0.5092 -0.0502 -0.8592
vn 0.5089 -0.0502 -0.8594
vn 0.1407 -0.0502 0.9888
vn 0.1410 -0.0501 0.9887
vn 0.7985 0.0502 -0.6000
vn 0.7984 0.0502 -0.6000
vn 0.7985 0.0502 -0.5999
vn -0.2481 0.0501 0.9674
vn 0.7985 -0.0502 -0.5999
vn 0.7984 -0.0502 -0.6000
vn 0.7986 -0.0502 -0.5998
vn -0.2481 -0.0501 0.9674
vn 0.9674 0.0501 -0.2482
vn -0.5999 0.0502 0.7985
vn 0.9674 -0.0501 -0.2482
vn -0.5999 -0.0502 0.7985
vn -0.5995 -0.0501 0.7988
vn 0.9887 0.0501 0.1409
vn 0.9887 0.0501 0.1410
vn 0.9888 0.0502 0.1405
vn -0.8593 0.0502 0.5090
vn -0.8596 0.0501 0.5086
vn -0.8592 0.0502 0.5092
vn 0.9887 -0.0501 0.1410
vn 0.9887 -0.0501 0.1409
vn -0.8593 -0.0502 0.5091
vn -0.8593 -0.0502 0.5090
vn -0.8592 -0.0502 0.5091
vn 0.8602 0.1480 0.4880
vn 0.8603 0.1476 0.4879
vn 0.8603 0.1477 0.4879
vn -0.9815 0.1475 0.1221
vn -0.9815 0.1478 0.1219
vn -0.9815 0.1476 0.1220
vn 0.8602 -0.1480 0.4880
vn 0.8604 -0.1476 0.4878
vn 0.8604 -0.1475 0.4878
vn -0.9815 -0.1475 0.1221
vn -0.9815 -0.1477 0.1220
vn -0.9815 -0.1477 0.1219
vn 0.6080 0.1480 0.7800
vn 0.6083 0.1477 0.7799
vn -0.9535 0.1477 -0.2628
vn -0.9535 0.1476 -0.2627
vn -0.9534 0.1478 -0.2629
vn 0.6083 -0.1477 0.7799
vn -0.9535 -0.1476 -0.2627
vn -0.9536 -0.1475 -0.2626
vn 0.2634 -0.1476 0.9533
vn 0.2632 -0.1480 0.9533
vn 0.2635 -0.1475 0.9533
vn 0.2634 0.1476 0.9533
vn 0.2632 0.1480 0.9533
vn -0.1215 0.1477 0.9815
vn -0.1215 0.1475 0.9816
vn -0.1216 0.1480 0.9815
vn -0.1217 0.1480 0.9815
vn -0.1217 -0.1480 0.9815
vn -0.1216 -0.1480 0.9815
vn -0.1215 -0.1477 0.9815
vn -0.4880 -0.1480 0.8602
vn -0.4881 -0.1476 0.8602
vn -0.4880 0.1480 0.8602
vn -0.4881 0.1476 0.8602
vn -0.7800 0.1476 0.6082
vn -0.7799 0.1476 0.6082
vn -0.7800 0.1480 0.6080
vn -0.7800 0.1476 0.6081
vn -0.7800 -0.1476 0.6082
vn -0.7800 -0.1480 0.6080
vn -0.7799 -0.1475 0.6083
vn -0.9533 -0.1480 0.2632
vn -0.9533 0.1477 0.2633
vn -0.9533 0.1480 0.2632
vn -0.9816 0.1476 -0.1214
vn -0.9815 0.1477 -0.1215
vn -0.9816 0.1475 -0.1214
vn -0.9815 -0.1478 -0.1215
vn -0.9816 -0.1476 -0.1214
vn -0.9816 -0.1475 -0.1214
vn -0.8603 -0.1477 -0.4880
vn -0.8603 -0.1476 -0.4880
vn -0.8602 -0.1480 -0.4880
vn 0.9815 -0.1477 -0.1215
vn 0.9815 -0.1477 -0.1216
vn 0.9816 -0.1475 -0.1215
vn -0.8602 0.1480 -0.4880
vn 0.9815 0.1477 -0.1215
vn 0.9816 0.1476 -0.1215
vn 0.9815 0.1477 -0.1216
vn 0.9533 0.1477 0.2633
vn 0.9533 0.1480 0.2632
vn 0.9533 0.1478 0.2634
vn 0.9533 -0.1476 0.2634
vn 0.9533 -0.1476 0.2635
vn 0.9533 -0.1480 0.2632
vn 0.7799 -0.1477 0.6083
vn 0.7798 -0.1476 0.6083
vn 0.7798 -0.1476 0.6084
vn 0.7799 0.1477 0.6083
vn 0.7798 0.1476 0.6083
vn 0.7798 0.1475 0.6084
vn 0.7798 0.1476 0.6084
vn 0.4880 0.1480 0.8602
vn 0.4877 0.1475 0.8604
vn 0.4878 0.1476 0.8604
vn 0.4880 -0.1480 0.8602
vn 0.4878 -0.1476 0.8604
vn 0.4877 -0.1475 0.8605
vn 0.1221 0.1477 0.9815
vn 0.1220 0.1477 0.9815
vn 0.1221 0.1476 0.9815
vn 0.1222 0.1476 0.9815
vn 0.1223 -0.1475 0.9815
vn 0.1222 -0.1476 0.9815
vn 0.1221 -0.1477 0.9815
vn -0.2632 0.1480 0.9533
vn -0.2630 0.1478 0.9534
vn -0.2632 -0.1480 0.9533
vn -0.2629 -0.1477 0.9535
vn -0.6080 0.1480 0.7800
vn -0.6080 -0.1480 0.7800
vn -0.6079 -0.1477 0.7801
vn -0.6079 -0.1476 0.7802
vn 0.9815 -0.1477 0.1220
vn 0.9815 -0.1480 0.1216
vn 0.9815 -0.1476 0.1221
vn -0.8605 -0.1476 0.4876
vn -0.8604 -0.1477 0.4877
vn -0.8602 -0.1480 0.4880
vn -0.8603 -0.1478 0.4878
vn 0.9815 0.1476 0.1221
vn 0.9815 0.1478 0.1219
vn 0.9815 0.1477 0.1220
vn -0.8605 0.1475 0.4876
vn -0.8604 0.1477 0.4877
vn -0.8603 0.1478 0.4878
vn -0.8602 0.1480 0.4880
vn -0.7803 -0.1477 -0.6078
vn -0.7800 -0.1480 -0.6080
vn -0.7803 -0.1476 -0.6077
vn -0.7802 0.1478 -0.6078
vn -0.7803 0.1477 -0.6078
vn -0.7800 0.1480 -0.6080
vn -0.4880 0.1480 -0.8602
vn -0.4880 0.1476 -0.8603
vn -0.4880 -0.1480 -0.8602
vn -0.4880 -0.1477 -0.8603
vn -0.1215 -0.1478 -0.9815
vn -0.1214 -0.1476 -0.9816
vn -0.1215 -0.1477 -0.9815
vn -0.1214 0.1476 -0.9816
vn -0.1214 0.1475 -0.9816
vn -0.1215 0.1476 -0.9816
vn 0.2632 0.1480 -0.9533
vn 0.2632 -0.1480 -0.9533
vn 0.6080 -0.1480 -0.7800
vn 0.6082 -0.1476 -0.7800
vn 0.6083 -0.1475 -0.7799
vn 0.6081 0.1477 -0.7800
vn 0.6082 0.1476 -0.7799
vn 0.6080 0.1480 -0.7800
vn 0.8602 0.1477 -0.4881
vn 0.8602 0.1480 -0.4880
vn 0.8602 0.1476 -0.4882
vn 0.8602 -0.1477 -0.4881
vn 0.8602 -0.1480 -0.4880
vn 0.8602 -0.1476 -0.4882
vn -0.6078 0.1478 -0.7802
vn -0.6080 0.1480 -0.7800
vn -0.6078 0.1477 -0.7803
vn -0.6077 -0.1476 -0.7803
vn -0.6078 -0.1477 -0.7803
vn -0.6080 -0.1480 -0.7800
vn -0.2627 -0.1476 -0.9535
vn -0.2632 -0.1480 -0.9533
vn -0.2629 -0.1478 -0.9534
vn -0.2627 0.1476 -0.9535
vn -0.2628 0.1477 -0.9535
vn -0.2632 0.1480 -0.9533
vn 0.1219 0.1478 -0.9815
vn 0.1221 0.1475 -0.9815
vn 0.1217 0.1480 -0.9815
vn 0.1220 0.1476 -0.9815
vn 0.1221 -0.1476 -0.9815
vn 0.1220 -0.1477 -0.9815
vn 0.4880 0.1480 -0.8602
vn 0.4878 0.1477 -0.8604
vn 0.4877 0.1475 -0.8605
vn 0.4877 0.1477 -0.8604
vn 0.4877 -0.1477 -0.8604
vn 0.4880 -0.1480 -0.8602
vn 0.4878 -0.1477 -0.8604
vn 0.7800 0.1480 -0.6080
vn 0.7802 0.1476 -0.6079
vn 0.7800 -0.1480 -0.6080
vn 0.9533 0.1480 -0.2632
vn 0.9534 0.1478 -0.2630
vn 0.9533 -0.1480 -0.2632
vn 0.9535 -0.1476 -0.2628
vn 0.8618 0.2391 0.4474
vn 0.8619 0.2390 0.4473
vn 0.8615 0.2393 0.4478
vn 0.8615 0.2394 0.4478
vn -0.9673 0.2393 0.0840
vn -0.9673 0.2391 0.0843
vn 0.8619 -0.2390 0.4473
vn 0.8618 -0.2391 0.4474
vn -0.9673 -0.2393 0.0840
vn -0.9673 -0.2394 0.0840
vn 0.6246 -0.2390 0.7434
vn 0.6246 -0.2393 0.7434
vn -0.9257 -0.2393 -0.2929
vn -0.9257 -0.2393 -0.2930
vn -0.9258 -0.2393 -0.2926
vn 0.6246 0.2393 0.7434
vn 0.6247 0.2389 0.7435
vn 0.6246 0.2389 0.7435
vn -0.9257 0.2393 -0.2929
vn -0.9258 0.2393 -0.2926
vn -0.9256 0.2393 -0.2931
vn 0.2926 -0.2393 0.9258
vn 0.2926 -0.2394 0.9258
vn -0.7434 -0.2393 -0.6246
vn 0.2926 0.2393 0.9258
vn -0.7434 0.2393 -0.6246
vn -0.0840 0.2393 0.9673
vn -0.0844 0.2393 0.9673
vn -0.4478 0.2393 -0.8615
vn -0.0840 -0.2394 0.9673
vn -0.0840 -0.2393 0.9673
vn -0.4481 -0.2393 -0.8614
vn -0.4478 -0.2393 -0.8615
vn -0.4478 -0.2393 0.8615
vn -0.0845 -0.2392 -0.9673
vn -0.0840 -0.2393 -0.9673
vn -0.0843 -0.2392 -0.9673
vn -0.0840 -0.2394 -0.9673
vn -0.4478 0.2393 0.8615
vn -0.0840 0.2394 -0.9673
vn -0.0845 0.2392 -0.9673
vn -0.7434 0.2393 0.6246
vn -0.7432 0.2392 0.6248
vn 0.2929 0.2393 -0.9257
vn 0.2926 0.2393 -0.9258
vn 0.2926 0.2394 -0.9258
vn -0.7434 -0.2393 0.6246
vn -0.7431 -0.2392 0.6250
vn 0.2926 -0.2393 -0.9258
vn 0.2925 -0.2394 -0.9258
vn -0.9258 -0.2393 0.2926
vn 0.6246 -0.2393 -0.7434
vn 0.6249 -0.2391 -0.7431
vn 0.6248 -0.2393 -0.7432
vn -0.9258 0.2393 0.2926
vn 0.6246 0.2393 -0.7434
vn 0.6246 0.2394 -0.7434
vn -0.9673 0.2393 -0.0840
vn -0.9673 0.2392 -0.0845
vn 0.8615 0.2393 -0.4478
vn 0.8616 0.2390 -0.4479
vn -0.9673 -0.2393 -0.0840
vn -0.9673 -0.2392 -0.0844
vn -0.9673 -0.2392 -0.0843
vn -0.9673 -0.2393 -0.0845
vn 0.8615 -0.2394 -0.4478
vn 0.8615 -0.2393 -0.4478
vn 0.8616 -0.2390 -0.4479
vn -0.8615 -0.2394 -0.4478
vn -0.8615 -0.2393 -0.4478
vn 0.9673 -0.2393 -0.0843
vn 0.9673 -0.2393 -0.0845
vn 0.9673 -0.2393 -0.0840
vn -0.8615 0.2393 -0.4478
vn 0.9673 0.2393 -0.0845
vn 0.9672 0.2393 -0.0847
vn 0.9673 0.2393 -0.0840
vn -0.6246 0.2393 -0.7434
vn 0.9259 0.2389 0.2926
vn 0.9259 0.2388 0.2927
vn 0.9258 0.2393 0.2926
vn -0.6246 -0.2393 -0.7434
vn -0.6246 -0.2394 -0.7434
vn 0.9259 -0.2390 0.2926
vn 0.9258 -0.2393 0.2926
vn 0.9259 -0.2390 0.2927
vn -0.2931 -0.2393 -0.9257
vn -0.2930 -0.2393 -0.9257
vn -0.2933 -0.2393 -0.9256
vn 0.7434 -0.2393 0.6246
vn 0.7434 -0.2390 0.6246
vn -0.2930 0.2393 -0.9257
vn -0.2926 0.2393 -0.9258
vn -0.2929 0.2393 -0.9257
vn 0.7434 0.2393 0.6246
vn 0.0840 -0.2393 -0.9673
vn 0.4478 -0.2393 0.8615
vn 0.4474 -0.2391 0.8618
vn 0.4473 -0.2390 0.8619
vn 0.0840 0.2394 -0.9673
vn 0.4474 0.2391 0.8618
vn 0.4473 0.2390 0.8619
vn 0.4478 -0.2393 -0.8615
vn 0.0840 -0.2393 0.9673
vn 0.4478 0.2393 -0.8615
vn 0.0840 0.2394 0.9673
vn 0.7436 -0.2393 -0.6244
vn 0.7434 -0.2393 -0.6246
vn 0.7434 -0.2394 -0.6246
vn -0.2928 -0.2392 0.9258
vn -0.2929 -0.2392 0.9258
vn -0.2926 -0.2393 0.9258
vn -0.2925 -0.2394 0.9258
vn 0.7434 0.2393 -0.6246
vn 0.7437 0.2392 -0.6242
vn -0.2925 0.2393 0.9258
vn -0.2925 0.2394 0.9258
vn -0.2926 0.2393 0.9258
vn 0.9258 -0.2393 -0.2926
vn 0.9258 -0.2392 -0.2928
vn -0.6246 -0.2393 0.7434
vn -0.6246 -0.2394 0.7434
vn 0.9258 0.2392 -0.2929
vn 0.9258 0.2393 -0.2926
vn -0.6246 0.2393 0.7434
vn -0.6243 0.2392 0.7436
vn -0.6241 0.2392 0.7438
vn 0.9673 -0.2393 0.0840
vn -0.8615 -0.2393 0.4478
vn 0.9673 0.2393 0.0840
vn 0.9673 0.2392 0.0843
vn -0.8615 0.2394 0.4478
vn -0.8615 0.2393 0.4478
vn 0.8635 -0.3200 0.3899
vn -0.9470 -0.3200 0.0298
vn 0.8635 0.3200 0.3899
vn -0.9470 0.3200 0.0298
vn 0.6486 -0.3200 0.6907
vn 0.6485 -0.3200 0.6907
vn 0.6486 -0.3200 0.6906
vn -0.8863 -0.3200 -0.3349
vn 0.6485 0.3200 0.6907
vn 0.6486 0.3200 0.6906
vn -0.8863 0.3200 -0.3349
vn 0.3345 -0.3203 0.8863
vn 0.3349 -0.3200 0.8863
vn 0.3349 -0.3199 0.8863
vn -0.6907 -0.3200 -0.6485
vn 0.3349 0.3200 0.8863
vn 0.3345 0.3203 0.8863
vn -0.6907 0.3200 -0.6485
vn -0.6906 0.3200 -0.6486
vn -0.0298 -0.3200 0.9470
vn -0.3899 -0.3200 -0.8635
vn -0.3896 -0.3203 -0.8635
vn -0.0298 0.3200 0.9470
vn -0.3899 0.3200 -0.8635
vn -0.3895 -0.3201 0.8636
vn -0.3896 -0.3201 0.8636
vn -0.3899 -0.3200 0.8635
vn -0.3896 -0.3200 0.8636
vn -0.0298 -0.3200 -0.9470
vn -0.3895 0.3201 0.8636
vn -0.3899 0.3200 0.8635
vn -0.3896 0.3200 0.8636
vn -0.0298 0.3200 -0.9470
vn -0.6907 -0.3200 0.6485
vn -0.6907 -0.3200 0.6486
vn 0.3349 -0.3200 -0.8863
vn -0.6907 0.3200 0.6485
vn 0.3349 0.3200 -0.8863
vn -0.8864 -0.3201 0.3346
vn -0.8863 -0.3200 0.3349
vn -0.8864 -0.3202 0.3344
vn 0.6485 -0.3200 -0.6907
vn 0.6486 -0.3200 -0.6906
vn -0.8863 0.3200 0.3349
vn -0.8864 0.3201 0.3343
vn 0.6486 0.3200 -0.6906
vn 0.6485 0.3200 -0.6907
vn -0.9470 -0.3200 -0.0298
vn 0.8635 -0.3200 -0.3899
vn 0.8637 -0.3200 -0.3894
vn 0.8635 -0.3199 -0.3899
vn -0.9470 0.3200 -0.0298
vn 0.8635 0.3200 -0.3899
vn 0.8636 0.3200 -0.3896
vn -0.8635 -0.3200 -0.3899
vn 0.9470 -0.3200 -0.0298
vn -0.8635 0.3200 -0.3899
vn 0.9470 0.3200 -0.0297
vn 0.9470 0.3200 -0.0298
vn -0.6485 -0.3200 -0.6907
vn -0.6486 -0.3200 -0.6906
vn 0.8863 -0.3202 0.3346
vn 0.8863 -0.3200 0.3349
vn 0.8863 -0.3203 0.3345
vn -0.6486 0.3200 -0.6906
vn -0.6485 0.3200 -0.6907
vn 0.8863 0.3202 0.3346
vn 0.8863 0.3200 0.3349
vn -0.3349 -0.3200 -0.8863
vn 0.6907 -0.3200 0.6485
vn 0.6907 -0.3200 0.6486
vn -0.3349 0.3200 -0.8863
vn 0.6907 0.3200 0.6485
vn 0.0298 -0.3200 -0.9469
vn 0.0298 -0.3200 -0.9470
vn 0.3899 -0.3200 0.8635
vn 0.3903 -0.3201 0.8633
vn 0.0298 0.3200 -0.9470
vn 0.3899 0.3200 0.8635
vn 0.3902 0.3201 0.8633
vn 0.3899 -0.3200 -0.8635
vn 0.3901 -0.3201 -0.8633
vn 0.0298 -0.3200 0.9470
vn 0.0296 -0.3202 0.9469
vn 0.3902 0.3201 -0.8633
vn 0.3901 0.3201 -0.8633
vn 0.3899 0.3200 -0.8635
vn 0.0298 0.3200 0.9470
vn 0.0296 0.3202 0.9469
vn 0.0294 0.3204 0.9468
vn 0.6907 -0.3200 -0.6485
vn 0.6902 -0.3202 -0.6489
vn -0.3349 -0.3200 0.8863
vn -0.3349 -0.3199 0.8863
vn 0.6903 0.3202 -0.6488
vn 0.6902 0.3202 -0.6489
vn 0.6907 0.3200 -0.6485
vn -0.3349 0.3200 0.8863
vn 0.8861 -0.3203 -0.3350
vn 0.8863 -0.3200 -0.3349
vn -0.6486 -0.3200 0.6906
vn -0.6485 -0.3200 0.6907
vn 0.8862 0.3203 -0.3349
vn 0.8863 0.3200 -0.3349
vn 0.8863 0.3199 -0.3349
vn -0.6486 0.3200 0.6906
vn 0.9470 -0.3200 0.0298
vn -0.8632 -0.3202 0.3903
vn -0.8633 -0.3201 0.3901
vn -0.8631 -0.3203 0.3904
vn 0.9470 0.3200 0.0298
vn 0.9468 0.3203 0.0295
vn 0.9469 0.3202 0.0296
vn -0.8633 0.3202 0.3901
vn -0.8633 0.3201 0.3901
vn -0.8635 0.3200 0.3899
vn -0.8635 0.3199 0.3899
vn 0.8661 -0.3864 0.3171
vn -0.9215 -0.3864 -0.0384
vn -0.9215 -0.3865 -0.0384
vn 0.8661 0.3864 0.3171
vn -0.9215 0.3865 -0.0384
vn -0.9215 0.3864 -0.0384
vn 0.6788 0.3864 0.6244
vn 0.6790 0.3867 0.6241
vn -0.8366 0.3862 -0.3886
vn -0.8366 0.3863 -0.3884
vn 0.6788 -0.3864 0.6244
vn 0.6790 -0.3867 0.6241
vn -0.8366 -0.3862 -0.3886
vn -0.8366 -0.3863 -0.3884
vn -0.8367 -0.3864 -0.3881
vn 0.3882 0.3864 0.8367
vn -0.6244 0.3864 -0.6788
vn 0.3882 -0.3864 0.8367
vn -0.6244 -0.3864 -0.6788
vn 0.0384 0.3864 0.9215
vn 0.0384 0.3865 0.9215
vn -0.3174 0.3864 -0.8660
vn -0.3171 0.3864 -0.8661
vn -0.3176 0.3864 -0.8659
vn 0.0384 -0.3864 0.9215
vn -0.3174 -0.3864 -0.8660
vn -0.3171 -0.3864 -0.8661
vn -0.3172 0.3865 0.8661
vn -0.3171 0.3864 0.8661
vn 0.0384 0.3864 -0.9215
vn -0.3171 -0.3864 0.8661
vn -0.3174 -0.3865 0.8659
vn 0.0384 -0.3864 -0.9215
vn 0.0384 -0.3865 -0.9215
vn -0.6244 -0.3864 0.6788
vn 0.3882 -0.3864 -0.8367
vn -0.6244 0.3864 0.6788
vn 0.3882 0.3864 -0.8367
vn -0.8367 0.3864 0.3882
vn -0.8367 0.3864 0.3881
vn 0.6788 0.3864 -0.6244
vn -0.8367 -0.3864 0.3882
vn 0.6788 -0.3864 -0.6244
vn -0.9215 -0.3864 0.0384
vn -0.9216 -0.3863 0.0381
vn 0.8661 -0.3864 -0.3171
vn -0.9215 0.3864 0.0384
vn 0.8661 0.3864 -0.3171
vn 0.8660 0.3865 -0.3174
vn -0.8660 0.3864 -0.3174
vn -0.8659 0.3864 -0.3176
vn 0.9215 0.3864 0.0385
vn 0.9215 0.3864 0.0384
vn 0.9215 0.3865 0.0384
vn -0.8661 -0.3864 -0.3171
vn -0.8659 -0.3864 -0.3176
vn 0.9215 -0.3864 0.0384
vn 0.9215 -0.3864 0.0385
vn 0.9215 -0.3865 0.0384
vn -0.6788 0.3864 -0.6244
vn 0.8367 0.3864 0.3881
vn 0.8367 0.3864 0.3882
vn 0.8365 0.3865 0.3884
vn -0.6788 -0.3864 -0.6244
vn 0.8364 -0.3865 0.3886
vn 0.8367 -0.3864 0.3882
vn 0.8367 -0.3864 0.3881
vn -0.3882 0.3864 -0.8367
vn 0.6244 0.3864 0.6788
vn -0.3882 -0.3864 -0.8367
vn -0.3885 -0.3863 -0.8366
vn 0.6244 -0.3864 0.6788
vn -0.0384 0.3864 -0.9215
vn 0.3171 0.3864 0.8661
vn -0.0384 -0.3864 -0.9215
vn 0.3171 -0.3864 0.8661
vn 0.3171 0.3864 -0.8661
vn -0.0384 0.3865 0.9215
vn -0.0389 0.3865 0.9215
vn 0.3172 -0.3865 -0.8661
vn 0.3171 -0.3864 -0.8661
vn -0.0384 -0.3864 0.9215
vn -0.0389 -0.3865 0.9215
vn 0.6244 0.3864 -0.6788
vn -0.3882 0.3864 0.8367
vn -0.3885 0.3864 0.8365
vn -0.3886 0.3864 0.8365
vn 0.6244 -0.3864 -0.6788
vn -0.3882 -0.3864 0.8367
vn -0.3885 -0.3864 0.8365
vn -0.3886 -0.3864 0.8365
vn 0.8367 0.3864 -0.3882
vn 0.8365 0.3864 -0.3885
vn -0.6788 0.3864 0.6244
vn 0.8367 -0.3864 -0.3882
vn 0.8365 -0.3864 -0.3886
vn 0.8365 -0.3864 -0.3884
vn -0.6788 -0.3864 0.6244
vn 0.9215 0.3864 -0.0384
vn 0.9215 0.3865 -0.0388
vn 0.9215 0.3865 -0.0389
vn -0.8661 0.3864 0.3171
vn 0.9215 -0.3864 -0.0384
vn 0.9215 -0.3865 -0.0389
vn -0.8661 -0.3864 0.3171
vn 0.0519 -0.9634 -0.2629
vn 0.0522 -0.9635 -0.2626
vn 0.0522 0.9635 -0.2625
vn 0.0881 -0.8923 -0.4428
vn 0.0880 -0.8921 -0.4431
vn 0.1204 -0.7870 -0.6050
vn 0.1204 -0.7871 -0.6050
vn 0.1203 0.7871 -0.6050
vn 0.0881 0.8923 -0.4428
vn 0.0880 0.8921 -0.4431
vn 0.2508 0.8923 -0.3754
vn 0.2508 0.8921 -0.3759
vn 0.2508 0.8922 -0.3757
vn 0.1485 -0.9635 -0.2228
vn 0.1487 -0.9635 -0.2226
vn 0.1485 0.9635 -0.2228
vn 0.1487 0.9635 -0.2226
vn 0.1484 0.9635 -0.2229
vn 0.2508 -0.8923 -0.3754
vn 0.2508 -0.8921 -0.3758
vn 0.3424 -0.7870 -0.5133
vn 0.3425 -0.7870 -0.5132
vn 0.3424 0.7870 -0.5133
vn 0.3425 0.7870 -0.5132
vn 0.5129 0.7870 -0.3427
vn 0.3754 0.8923 -0.2508
vn 0.3756 0.8921 -0.2512
vn 0.2225 -0.9635 -0.1487
vn 0.2226 -0.9635 -0.1487
vn 0.2225 0.9635 -0.1487
vn 0.2226 0.9635 -0.1487
vn 0.3754 -0.8923 -0.2508
vn 0.5129 -0.7870 -0.3427
vn 0.5129 -0.7871 -0.3427
vn 0.4428 0.8923 -0.0881
vn 0.2625 -0.9635 -0.0522
vn 0.2625 0.9635 -0.0522
vn 0.4428 -0.8923 -0.0881
vn 0.6050 -0.7871 -0.1204
vn 0.6051 -0.7870 -0.1203
vn 0.6054 -0.7867 -0.1205
vn 0.6050 0.7871 -0.1204
vn 0.6051 0.7870 -0.1204
vn 0.6051 0.7870 -0.1203
vn 0.6053 0.7869 -0.1204
vn 0.6053 0.7869 0.1202
vn 0.6051 0.7870 0.1204
vn 0.6053 0.7869 0.1203
vn 0.6051 0.7870 0.1203
vn 0.4428 0.8923 0.0881
vn 0.2625 -0.9635 0.0519
vn 0.2625 -0.9635 0.0522
vn 0.2625 0.9635 0.0522
vn 0.4428 -0.8923 0.0881
vn 0.6050 -0.7871 0.1204
vn 0.6053 -0.7869 0.1202
vn 0.6051 -0.7870 0.1203
vn 0.2225 -0.9635 0.1487
vn 0.2226 -0.9635 0.1487
vn 0.2225 0.9635 0.1487
vn 0.2226 0.9635 0.1487
vn 0.3759 -0.8921 0.2508
vn 0.3754 -0.8923 0.2508
vn 0.3758 -0.8921 0.2508
vn 0.5129 -0.7870 0.3427
vn 0.5129 0.7870 0.3427
vn 0.5129 0.7871 0.3427
vn 0.3758 0.8921 0.2508
vn 0.3754 0.8923 0.2508
vn 0.3427 0.7870 0.5129
vn 0.3423 0.7871 0.5131
vn 0.2508 0.8923 0.3754
vn 0.1487 -0.9635 0.2226
vn 0.1487 0.9635 0.2226
vn 0.2508 -0.8923 0.3754
vn 0.3427 -0.7871 0.5129
vn 0.3427 -0.7870 0.5129
vn 0.3423 -0.7871 0.5131
vn 0.0881 -0.8923 0.4428
vn 0.1203 -0.7871 0.6050
vn 0.1201 -0.7868 0.6054
vn 0.1203 -0.7870 0.6050
vn 0.1204 0.7870 0.6050
vn 0.1202 0.7869 0.6053
vn 0.1204 0.7871 0.6050
vn 0.0881 0.8923 0.4428
vn 0.0522 -0.9635 0.2626
vn 0.0522 -0.9635 0.2625
vn 0.0522 0.9635 0.2626
vn -0.1205 0.7868 0.6054
vn -0.1204 0.7868 0.6053
vn -0.1205 0.7868 0.6053
vn -0.1204 0.7871 0.6050
vn -0.0881 0.8923 0.4428
vn -0.0886 0.8922 0.4428
vn -0.0522 -0.9635 0.2625
vn -0.0522 0.9635 0.2626
vn -0.0522 0.9635 0.2625
vn -0.0881 -0.8923 0.4428
vn -0.0886 -0.8922 0.4428
vn -0.1203 -0.7871 0.6050
vn -0.1205 -0.7868 0.6054
vn -0.1203 -0.7870 0.6050
vn -0.3427 -0.7870 0.5129
vn -0.3427 -0.7871 0.5129
vn -0.3427 0.7870 0.5129
vn -0.3427 0.7871 0.5129
vn -0.2508 0.8923 0.3754
vn -0.1487 -0.9635 0.2226
vn -0.1487 0.9635 0.2226
vn -0.2508 -0.8923 0.3754
vn -0.5133 0.7870 0.3423
vn -0.5132 0.7870 0.3425
vn -0.5133 0.7870 0.3424
vn -0.3758 0.8921 0.2508
vn -0.3754 0.8923 0.2508
vn -0.2225 -0.9635 0.1487
vn -0.2226 -0.9635 0.1487
vn -0.2225 0.9635 0.1487
vn -0.2226 0.9635 0.1487
vn -0.3758 -0.8921 0.2508
vn -0.3754 -0.8923 0.2508
vn -0.3757 -0.8922 0.2508
vn -0.5133 -0.7870 0.3424
vn -0.5134 -0.7869 0.3423
vn -0.5129 -0.7870 0.3427
vn -0.5132 -0.7870 0.3425
vn -0.6048 -0.7873 0.1200
vn -0.6050 -0.7870 0.1204
vn -0.6051 -0.7870 0.1204
vn -0.6050 -0.7871 0.1203
vn -0.6050 0.7870 0.1204
vn -0.6050 0.7871 0.1203
vn -0.6049 0.7872 0.1201
vn -0.6051 0.7870 0.1204
vn -0.4428 0.8923 0.0881
vn -0.2628 -0.9635 0.0520
vn -0.2625 -0.9635 0.0522
vn -0.2630 -0.9634 0.0519
vn -0.2629 0.9634 0.0519
vn -0.2625 0.9635 0.0522
vn -0.4428 -0.8923 0.0881
vn -0.4431 -0.8921 0.0880
vn -0.6050 0.7870 -0.1204
vn -0.6050 0.7871 -0.1203
vn -0.6049 0.7871 -0.1207
vn -0.6051 0.7870 -0.1204
vn -0.4430 0.8921 -0.0883
vn -0.4432 0.8920 -0.0885
vn -0.4431 0.8921 -0.0884
vn -0.2625 -0.9635 -0.0522
vn -0.2630 -0.9634 -0.0523
vn -0.2625 0.9635 -0.0522
vn -0.2628 0.9634 -0.0523
vn -0.4431 -0.8921 -0.0884
vn -0.4430 -0.8922 -0.0883
vn -0.4432 -0.8920 -0.0885
vn -0.4432 -0.8921 -0.0885
vn -0.6050 -0.7871 -0.1203
vn -0.6050 -0.7870 -0.1204
vn -0.6051 -0.7870 -0.1204
vn -0.5129 0.7871 -0.3427
vn -0.5132 0.7869 -0.3427
vn -0.5134 0.7867 -0.3427
vn -0.3758 0.8921 -0.2510
vn -0.3754 0.8923 -0.2508
vn -0.2231 -0.9634 -0.1488
vn -0.2225 -0.9635 -0.1487
vn -0.2226 -0.9635 -0.1487
vn -0.2230 0.9634 -0.1488
vn -0.2225 0.9635 -0.1487
vn -0.2226 0.9635 -0.1487
vn -0.3757 -0.8921 -0.2509
vn -0.3758 -0.8921 -0.2510
vn -0.3754 -0.8923 -0.2508
vn -0.5134 -0.7868 -0.3427
vn -0.5134 -0.7867 -0.3427
vn -0.5129 -0.7870 -0.3427
vn -0.5129 -0.7871 -0.3427
vn -0.2511 0.8921 -0.3758
vn -0.2509 0.8921 -0.3757
vn -0.2510 0.8921 -0.3757
vn -0.1487 -0.9635 -0.2226
vn -0.1488 -0.9634 -0.2229
vn -0.1487 0.9635 -0.2226
vn -0.1488 0.9634 -0.2230
vn -0.1488 0.9634 -0.2229
vn -0.2508 -0.8923 -0.3754
vn -0.2510 -0.8921 -0.3757
vn -0.2510 -0.8921 -0.3758
vn -0.2511 -0.8920 -0.3758
vn -0.3427 -0.7871 -0.5129
vn -0.3427 -0.7868 -0.5133
vn -0.3427 0.7868 -0.5133
vn -0.3427 0.7870 -0.5129
vn -0.3427 0.7871 -0.5129
vn -0.1203 0.7870 -0.6050
vn -0.0881 0.8923 -0.4428
vn -0.0522 -0.9635 -0.2626
vn -0.0522 0.9635 -0.2626
vn -0.0522 0.9635 -0.2625
vn -0.0881 -0.8923 -0.4428
vn -0.1204 -0.7870 -0.6050
vn -0.1203 -0.7871 -0.6050
vn 0.0140 0.9974 -0.0709
vn 0.0140 0.9974 -0.0708
vn 0.1479 -0.6524 -0.7433
vn 0.1475 -0.6525 -0.7433
vn 0.1474 -0.6525 -0.7433
vn 0.1474 -0.6526 -0.7433
vn 0.1479 0.6524 -0.7433
vn 0.1474 0.6525 -0.7433
vn 0.1476 0.6525 -0.7433
vn 0.1474 0.6526 -0.7433
vn 0.0140 -0.9974 -0.0709
vn 0.0142 -0.9974 -0.0712
vn 0.0403 -0.9974 -0.0604
vn 0.0404 0.9974 -0.0604
vn 0.0403 0.9974 -0.0601
vn 0.4214 -0.6523 -0.6300
vn 0.4211 -0.6524 -0.6302
vn 0.4211 -0.6523 -0.6302
vn 0.4211 0.6523 -0.6302
vn 0.4211 0.6524 -0.6302
vn 0.6302 -0.6524 -0.4211
vn 0.6302 -0.6523 -0.4211
vn 0.6302 0.6524 -0.4211
vn 0.6302 0.6523 -0.4211
vn 0.0608 -0.9973 -0.0406
vn 0.0604 -0.9974 -0.0403
vn 0.0607 -0.9973 -0.0405
vn 0.0606 0.9973 -0.0405
vn 0.0604 0.9974 -0.0403
vn 0.0712 0.9974 -0.0142
vn 0.7433 -0.6524 -0.1479
vn 0.7433 0.6524 -0.1479
vn 0.0712 -0.9974 -0.0142
vn 0.7435 0.6522 0.1476
vn 0.7436 0.6521 0.1474
vn 0.7433 0.6524 0.1479
vn 0.0712 -0.9974 0.0142
vn 0.0715 -0.9973 0.0140
vn 0.0712 0.9974 0.0142
vn 0.7436 -0.6521 0.1474
vn 0.7435 -0.6522 0.1476
vn 0.7435 -0.6523 0.1476
vn 0.7433 -0.6524 0.1479
vn 0.0604 0.9974 0.0403
vn 0.0607 0.9973 0.0403
vn 0.6302 -0.6524 0.4211
vn 0.6302 -0.6523 0.4211
vn 0.6302 0.6524 0.4211
vn 0.6302 0.6523 0.4211
vn 0.0604 -0.9974 0.0403
vn 0.0604 -0.9974 0.0404
vn 0.0608 -0.9973 0.0403
vn 0.4211 0.6524 0.6302
vn 0.4211 0.6523 0.6302
vn 0.0404 -0.9974 0.0604
vn 0.0403 -0.9974 0.0604
vn 0.0403 0.9974 0.0604
vn 0.4211 -0.6523 0.6302
vn 0.4214 -0.6525 0.6298
vn 0.4211 -0.6524 0.6302
vn 0.0142 0.9974 0.0712
vn 0.1478 -0.6524 0.7434
vn 0.1478 -0.6523 0.7434
vn 0.1476 -0.6522 0.7435
vn 0.1474 -0.6522 0.7436
vn 0.1476 0.6522 0.7435
vn 0.1474 0.6522 0.7436
vn 0.0142 -0.9974 0.0712
vn 0.0139 -0.9973 0.0716
vn -0.1479 0.6524 0.7433
vn -0.0142 -0.9974 0.0712
vn -0.0143 -0.9973 0.0715
vn -0.0142 0.9974 0.0712
vn -0.0143 0.9973 0.0715
vn -0.0145 0.9973 0.0718
vn -0.1478 -0.6524 0.7434
vn -0.1479 -0.6523 0.7434
vn -0.1478 -0.6523 0.7434
vn -0.1478 -0.6524 0.7433
vn -0.0407 0.9973 0.0609
vn -0.0406 0.9973 0.0608
vn -0.0406 0.9973 0.0607
vn -0.4208 -0.6527 0.6301
vn -0.4211 -0.6523 0.6302
vn -0.4211 -0.6524 0.6302
vn -0.4211 0.6524 0.6302
vn -0.4211 0.6523 0.6302
vn -0.0406 -0.9973 0.0608
vn -0.0403 -0.9974 0.0604
vn -0.0407 -0.9973 0.0609
vn -0.0603 -0.9974 0.0403
vn -0.0604 -0.9974 0.0404
vn -0.0604 -0.9974 0.0403
vn -0.0600 -0.9974 0.0403
vn -0.0600 0.9974 0.0403
vn -0.0604 0.9974 0.0403
vn -0.6302 -0.6524 0.4211
vn -0.6302 -0.6523 0.4211
vn -0.6302 0.6524 0.4211
vn -0.6302 0.6523 0.4211
vn -0.7433 -0.6524 0.1479
vn -0.7434 0.6524 0.1479
vn -0.7433 0.6524 0.1479
vn -0.0709 -0.9974 0.0140
vn -0.0708 -0.9974 0.0139
vn -0.0707 -0.9974 0.0140
vn -0.0712 0.9974 0.0142
vn -0.0708 0.9974 0.0139
vn -0.0707 0.9974 0.0140
vn -0.0709 -0.9974 -0.0143
vn -0.0712 -0.9974 -0.0142
vn -0.0712 0.9974 -0.0142
vn -0.0709 0.9974 -0.0143
vn -0.7431 -0.6526 -0.1477
vn -0.7433 -0.6524 -0.1479
vn -0.7433 0.6524 -0.1479
vn -0.7432 0.6526 -0.1477
vn -0.7434 0.6524 -0.1479
vn -0.6302 -0.6524 -0.4211
vn -0.6302 -0.6526 -0.4207
vn -0.6302 -0.6523 -0.4211
vn -0.6302 0.6524 -0.4211
vn -0.6303 0.6525 -0.4206
vn -0.6302 0.6523 -0.4211
vn -0.0603 -0.9974 -0.0403
vn -0.0601 -0.9974 -0.0406
vn -0.0600 -0.9974 -0.0407
vn -0.0601 0.9974 -0.0406
vn -0.0604 0.9974 -0.0403
vn -0.0604 0.9974 -0.0404
vn -0.0403 -0.9974 -0.0603
vn -0.0406 -0.9974 -0.0601
vn -0.0403 -0.9974 -0.0604
vn -0.0404 0.9974 -0.0604
vn -0.0403 0.9974 -0.0604
vn -0.0406 0.9974 -0.0601
vn -0.4211 -0.6524 -0.6302
vn -0.4211 -0.6523 -0.6302
vn -0.4211 0.6523 -0.6302
vn -0.4211 0.6524 -0.6302
vn -0.1479 -0.6524 -0.7433
vn -0.1479 0.6524 -0.7433
vn -0.0142 -0.9974 -0.0712
vn -0.0143 -0.9974 -0.0709
vn -0.0142 0.9974 -0.0712
vn -0.0143 0.9974 -0.0709
vn -0.0250 0.9921 0.1231
vn -0.0249 0.9921 0.1231
vn -0.0250 -0.9921 0.1231
vn -0.0248 -0.9921 0.1233
vn -0.0249 -0.9921 0.1232
vn -0.0700 0.9920 0.1047
vn -0.0696 0.9921 0.1044
vn -0.0700 -0.9920 0.1047
vn -0.0697 -0.9921 0.1045
vn -0.1049 -0.9921 0.0695
vn -0.1047 -0.9920 0.0700
vn -0.1048 -0.9920 0.0697
vn -0.1049 0.9921 0.0695
vn -0.1047 0.9920 0.0700
vn -0.1235 0.9920 0.0246
vn -0.1235 -0.9920 0.0246
vn -0.1233 -0.9920 -0.0251
vn -0.1234 -0.9920 -0.0250
vn -0.1234 -0.9920 -0.0249
vn -0.1235 -0.9920 -0.0246
vn -0.1236 0.9920 -0.0246
vn -0.1233 0.9920 -0.0251
vn -0.1234 0.9920 -0.0250
vn -0.1048 0.9920 -0.0700
vn -0.1049 0.9920 -0.0697
vn -0.1047 0.9920 -0.0700
vn -0.1047 -0.9920 -0.0700
vn -0.0700 -0.9920 -0.1047
vn -0.0697 -0.9920 -0.1049
vn -0.0700 0.9920 -0.1047
vn -0.0697 0.9920 -0.1049
vn -0.0246 0.9920 -0.1235
vn -0.0249 0.9920 -0.1234
vn -0.0246 -0.9920 -0.1235
vn -0.0249 -0.9920 -0.1234
vn 0.0246 -0.9920 -0.1235
vn 0.0246 0.9920 -0.1235
vn 0.0697 0.9920 -0.1048
vn 0.0700 0.9920 -0.1047
vn 0.0697 -0.9920 -0.1048
vn 0.0700 -0.9920 -0.1047
vn 0.1045 -0.9921 -0.0697
vn 0.1047 -0.9920 -0.0700
vn 0.1048 0.9920 -0.0700
vn 0.1047 0.9920 -0.0700
vn 0.1233 0.9921 -0.0248
vn 0.1235 0.9920 -0.0246
vn 0.1232 0.9921 -0.0249
vn 0.1232 -0.9921 -0.0249
vn 0.1233 -0.9921 -0.0248
vn 0.1230 -0.9921 -0.0250
vn 0.1232 0.9921 0.0247
vn 0.1230 0.9921 0.0247
vn 0.1231 -0.9921 0.0247
vn 0.1232 -0.9921 0.0247
vn 0.1235 -0.9920 0.0246
vn 0.1046 0.9921 0.0697
vn 0.1047 0.9920 0.0700
vn 0.1045 -0.9921 0.0694
vn 0.1046 -0.9921 0.0697
vn 0.1047 -0.9920 0.0700
vn 0.0695 0.9921 0.1046
vn 0.0696 0.9921 0.1046
vn 0.0692 0.9921 0.1045
vn 0.0697 0.9921 0.1046
vn 0.0695 -0.9921 0.1046
vn 0.0692 -0.9921 0.1045
vn 0.0700 -0.9920 0.1047
vn 0.0246 -0.9920 0.1235
vn 0.0247 -0.9921 0.1231
vn 0.0247 0.9921 0.1231
vn 0.0247 0.9921 0.1232
vn 0.0246 0.9920 0.1235
vn -0.0620 0.9477 0.3131
vn -0.0621 0.9477 0.3132
vn -0.0620 -0.9477 0.3131
vn -0.0622 -0.9476 0.3133
vn -0.1779 0.9476 0.2655
vn -0.1778 0.9476 0.2655
vn -0.1776 0.9475 0.2658
vn -0.1780 0.9476 0.2654
vn -0.1779 -0.9476 0.2655
vn -0.1776 -0.9475 0.2658
vn -0.1781 -0.9476 0.2653
vn -0.2658 0.9475 0.1776
vn -0.2654 0.9476 0.1778
vn -0.2658 -0.9475 0.1776
vn -0.2654 -0.9476 0.1778
vn -0.3135 0.9475 0.0624
vn -0.3134 0.9475 0.0627
vn -0.3134 0.9476 0.0628
vn -0.3135 -0.9475 0.0624
vn -0.3136 -0.9475 0.0624
vn -0.3135 0.9475 -0.0624
vn -0.3134 0.9476 -0.0618
vn -0.3134 -0.9476 -0.0619
vn -0.3135 -0.9475 -0.0624
vn -0.2657 0.9475 -0.1779
vn -0.2656 0.9475 -0.1781
vn -0.2657 -0.9475 -0.1779
vn -0.2658 -0.9475 -0.1776
vn -0.1776 -0.9475 -0.2658
vn -0.1780 -0.9475 -0.2656
vn -0.1776 0.9475 -0.2658
vn -0.1779 0.9475 -0.2657
vn -0.1780 0.9475 -0.2656
vn -0.0624 0.9475 -0.3136
vn -0.0624 -0.9475 -0.3136
vn -0.0624 -0.9475 -0.3135
vn -0.0621 -0.9476 -0.3134
vn 0.0627 0.9475 -0.3134
vn 0.0624 0.9475 -0.3136
vn 0.0624 -0.9475 -0.3136
vn 0.0627 -0.9475 -0.3134
vn 0.1776 0.9475 -0.2658
vn 0.1777 -0.9476 -0.2654
vn 0.1776 -0.9475 -0.2658
vn 0.2655 0.9476 -0.1779
vn 0.2654 0.9476 -0.1780
vn 0.2652 0.9476 -0.1781
vn 0.2654 -0.9476 -0.1780
vn 0.2652 -0.9476 -0.1781
vn 0.2655 -0.9476 -0.1779
vn 0.2654 -0.9476 -0.1779
vn 0.3135 0.9475 -0.0624
vn 0.3131 0.9477 -0.0620
vn 0.3130 0.9477 -0.0620
vn 0.3133 -0.9476 -0.0622
vn 0.3131 -0.9477 -0.0620
vn 0.3135 -0.9475 -0.0624
vn 0.3133 0.9476 0.0626
vn 0.3130 0.9477 0.0628
vn 0.3136 0.9475 0.0624
vn 0.3133 -0.9476 0.0626
vn 0.3136 -0.9475 0.0624
vn 0.3131 -0.9476 0.0627
vn 0.2653 0.9477 0.1777
vn 0.2655 0.9476 0.1777
vn 0.2654 0.9476 0.1777
vn 0.2658 -0.9475 0.1776
vn 0.2654 -0.9476 0.1777
vn 0.2655 -0.9476 0.1777
vn 0.1777 0.9477 0.2652
vn 0.1777 0.9476 0.2655
vn 0.1777 0.9476 0.2654
vn 0.1776 0.9475 0.2658
vn 0.1777 -0.9476 0.2655
vn 0.1776 -0.9475 0.2658
vn 0.1777 -0.9477 0.2653
vn 0.0624 0.9475 0.3136
vn 0.0627 0.9476 0.3132
vn 0.0626 0.9476 0.3133
vn 0.0627 -0.9476 0.3132
vn 0.0626 -0.9476 0.3133
vn 0.8693 -0.4358 0.2333
vn 0.8693 -0.4360 0.2330
vn 0.8692 -0.4358 0.2335
vn -0.8923 -0.4360 -0.1173
vn -0.1850 0.3168 0.9303
vn -0.1848 0.3173 0.9302
vn -0.1848 0.3174 0.9301
vn -0.1848 -0.3172 0.9302
vn -0.1848 -0.3173 0.9301
vn -0.1849 -0.3171 0.9302
vn 0.8693 0.4358 0.2333
vn 0.8692 0.4358 0.2333
vn 0.8693 0.4360 0.2330
vn -0.8923 0.4360 -0.1173
vn 0.7139 -0.4360 0.5479
vn 0.7136 -0.4363 0.5482
vn -0.7794 -0.4360 -0.4499
vn -0.5269 0.3168 0.7886
vn -0.5268 0.3171 0.7886
vn -0.5269 -0.3168 0.7886
vn -0.5267 -0.3172 0.7886
vn 0.7139 0.4360 0.5479
vn 0.7135 0.4364 0.5482
vn -0.7794 0.4360 -0.4499
vn -0.7889 0.3172 0.5264
vn -0.7888 0.3171 0.5266
vn -0.7886 0.3168 0.5269
vn -0.7888 -0.3171 0.5266
vn -0.7889 -0.3173 0.5263
vn 0.4498 0.4363 0.7793
vn 0.4497 0.4365 0.7793
vn 0.4499 0.4360 0.7794
vn -0.5479 0.4360 -0.7139
vn -0.5483 0.4360 -0.7136
vn 0.4498 -0.4364 0.7793
vn 0.4499 -0.4360 0.7794
vn -0.5479 -0.4360 -0.7139
vn 0.1174 -0.4360 0.8923
vn 0.1173 -0.4360 0.8923
vn -0.2328 -0.4362 -0.8692
vn -0.2330 -0.4360 -0.8693
vn -0.2326 -0.4363 -0.8692
vn -0.9302 0.3171 0.1846
vn -0.9302 0.3171 0.1847
vn -0.9303 0.3168 0.1850
vn -0.9302 -0.3171 0.1847
vn -0.9302 -0.3171 0.1846
vn 0.1173 0.4360 0.8923
vn 0.1174 0.4360 0.8923
vn -0.2327 0.4363 -0.8692
vn -0.2330 0.4360 -0.8693
vn -0.9301 0.3173 -0.1848
vn -0.9303 0.3168 -0.1851
vn -0.9303 0.3167 -0.1851
vn -0.9303 0.3168 -0.1850
vn -0.9303 -0.3168 -0.1851
vn -0.9302 -0.3172 -0.1848
vn -0.9303 -0.3168 -0.1850
vn -0.2325 0.4360 0.8694
vn -0.2330 0.4360 0.8693
vn -0.2326 0.4360 0.8694
vn 0.1174 0.4360 -0.8923
vn 0.1173 0.4360 -0.8923
vn -0.2327 -0.4360 0.8693
vn -0.2326 -0.4360 0.8694
vn -0.2325 -0.4360 0.8694
vn 0.1173 -0.4360 -0.8923
vn 0.1174 -0.4360 -0.8923
vn -0.5482 -0.4361 0.7137
vn -0.5483 -0.4361 0.7136
vn -0.5482 -0.4360 0.7137
vn 0.4496 -0.4362 -0.7794
vn 0.4495 -0.4363 -0.7795
vn 0.4499 -0.4360 -0.7794
vn -0.7886 0.3168 -0.5269
vn -0.7887 0.3171 -0.5267
vn -0.7887 0.3172 -0.5266
vn -0.7886 -0.3168 -0.5269
vn -0.7887 -0.3172 -0.5266
vn -0.5483 0.4361 0.7136
vn -0.5479 0.4360 0.7139
vn -0.5482 0.4361 0.7137
vn 0.4495 0.4363 -0.7795
vn 0.4499 0.4360 -0.7794
vn -0.5269 -0.3168 -0.7886
vn -0.5266 -0.3172 -0.7887
vn -0.5267 -0.3171 -0.7887
vn -0.7794 0.4360 0.4499
vn -0.7794 0.4363 0.4497
vn -0.7794 0.4364 0.4496
vn 0.7136 0.4361 -0.5483
vn 0.7139 0.4360 -0.5479
vn -0.7794 -0.4360 0.4499
vn -0.7794 -0.4365 0.4495
vn -0.7794 -0.4362 0.4497
vn 0.7139 -0.4360 -0.5479
vn 0.7136 -0.4361 -0.5483
vn -0.5266 0.3172 -0.7887
vn -0.5269 0.3168 -0.7886
vn -0.5267 0.3171 -0.7887
vn -0.5265 0.3173 -0.7887
vn -0.8923 -0.4360 0.1174
vn -0.8923 -0.4360 0.1173
vn 0.8694 -0.4360 -0.2323
vn 0.8693 -0.4360 -0.2327
vn 0.8694 -0.4360 -0.2325
vn 0.8693 -0.4360 -0.2330
vn -0.1849 0.3171 -0.9302
vn -0.1848 0.3172 -0.9302
vn -0.1848 -0.3172 -0.9302
vn -0.1850 -0.3168 -0.9303
vn -0.1847 -0.3173 -0.9302
vn -0.8923 0.4360 0.1173
vn -0.8923 0.4360 0.1174
vn 0.8694 0.4360 -0.2326
vn 0.8693 0.4360 -0.2327
vn 0.8693 0.4360 -0.2330
vn -0.8692 0.4363 -0.2326
vn -0.8692 0.4362 -0.2328
vn -0.8692 0.4364 -0.2325
vn -0.8693 0.4360 -0.2330
vn 0.8923 0.4360 0.1173
vn -0.8692 -0.4363 -0.2327
vn -0.8692 -0.4363 -0.2326
vn -0.8693 -0.4360 -0.2330
vn 0.8923 -0.4360 0.1173
vn 0.8923 -0.4360 0.1174
vn 0.1847 0.3171 -0.9302
vn 0.1848 0.3170 -0.9303
vn 0.1844 0.3173 -0.9302
vn 0.1846 -0.3171 -0.9302
vn -0.7136 -0.4360 -0.5483
vn -0.7139 -0.4360 -0.5479
vn 0.7794 -0.4360 0.4499
vn 0.7793 -0.4364 0.4497
vn 0.5263 0.3173 -0.7889
vn 0.5269 0.3168 -0.7886
vn 0.5264 0.3172 -0.7889
vn 0.5266 -0.3171 -0.7888
vn 0.5269 -0.3168 -0.7886
vn 0.5264 -0.3172 -0.7889
vn -0.7139 0.4360 -0.5480
vn 0.7794 0.4360 0.4499
vn -0.4499 0.4360 -0.7794
vn 0.5480 0.4360 0.7139
vn -0.4499 -0.4360 -0.7794
vn 0.5479 -0.4360 0.7139
vn 0.7886 0.3168 -0.5269
vn 0.7886 -0.3168 -0.5269
vn -0.1173 -0.4360 -0.8923
vn -0.1174 -0.4360 -0.8923
vn 0.2330 -0.4360 0.8693
vn 0.9303 0.3168 -0.1850
vn 0.9302 0.3172 -0.1848
vn 0.9303 -0.3168 -0.1850
vn 0.9302 -0.3172 -0.1848
vn 0.9302 -0.3173 -0.1847
vn -0.1174 0.4360 -0.8923
vn 0.2330 0.4360 0.8693
vn 0.2334 0.4362 -0.8690
vn 0.2330 0.4360 -0.8693
vn -0.1173 0.4360 0.8923
vn -0.1176 0.4362 0.8921
vn -0.1174 0.4360 0.8923
vn 0.2333 -0.4361 -0.8691
vn 0.2334 -0.4363 -0.8690
vn 0.2334 -0.4362 -0.8690
vn -0.1173 -0.4360 0.8923
vn -0.1176 -0.4362 0.8921
vn -0.1174 -0.4360 0.8923
vn 0.9302 0.3172 0.1847
vn 0.9302 0.3172 0.1846
vn 0.9302 0.3173 0.1846
vn 0.9302 -0.3172 0.1847
vn 0.9302 -0.3172 0.1846
vn 0.9302 -0.3171 0.1848
vn 0.7887 0.3173 0.5266
vn 0.7886 0.3168 0.5269
vn 0.7887 0.3172 0.5266
vn 0.7888 -0.3173 0.5265
vn 0.7887 -0.3172 0.5266
vn 0.5480 0.4360 -0.7139
vn -0.4501 0.4363 0.7791
vn -0.4499 0.4360 0.7794
vn -0.4500 0.4362 0.7792
vn 0.5479 -0.4360 -0.7139
vn -0.4501 -0.4363 0.7791
vn -0.4499 -0.4360 0.7794
vn 0.7794 -0.4360 -0.4499
vn 0.7792 -0.4362 -0.4500
vn -0.7139 -0.4360 0.5480
vn 0.5269 0.3168 0.7886
vn 0.5266 0.3172 0.7887
vn 0.5266 -0.3171 0.7887
vn 0.5266 -0.3172 0.7887
vn 0.7794 0.4360 -0.4499
vn -0.7139 0.4360 0.5480
vn -0.7139 0.4360 0.5479
vn 0.1845 0.3173 0.9302
vn 0.1847 0.3172 0.9302
vn 0.1847 0.3171 0.9302
vn 0.1846 0.3172 0.9302
vn 0.1845 -0.3173 0.9302
vn 0.1846 -0.3172 0.9302
vn 0.8923 0.4360 -0.1174
vn 0.8923 0.4360 -0.1173
vn 0.8921 0.4362 -0.1176
vn -0.8693 0.4360 0.2330
vn -0.8691 0.4362 0.2333
vn -0.8690 0.4362 0.2334
vn 0.8923 -0.4360 -0.1174
vn -0.8693 -0.4360 0.2330
vn -0.8690 -0.4363 0.2335
vn -0.8690 -0.4363 0.2334
vn -0.1935 -0.1284 0.9727
vn -0.1936 -0.1281 0.9727
vn -0.0977 -0.8657 0.4910
vn -0.0979 -0.8655 0.4912
vn -0.0980 -0.8655 0.4913
vn -0.0980 0.8655 0.4913
vn -0.0977 0.8657 0.4910
vn -0.0979 0.8655 0.4912
vn -0.1935 0.1284 0.9727
vn -0.1936 0.1281 0.9727
vn -0.5510 -0.1284 0.8246
vn -0.2781 -0.8657 0.4163
vn -0.2781 -0.8657 0.4162
vn -0.2781 0.8657 0.4162
vn -0.2781 0.8657 0.4163
vn -0.5510 0.1284 0.8246
vn -0.8246 -0.1284 0.5510
vn -0.8248 -0.1281 0.5507
vn -0.4160 -0.8658 0.2781
vn -0.4158 -0.8659 0.2781
vn -0.4157 -0.8659 0.2781
vn -0.4157 0.8659 0.2781
vn -0.4158 0.8659 0.2781
vn -0.8248 0.1282 0.5508
vn -0.8246 0.1284 0.5510
vn -0.8248 0.1281 0.5507
vn -0.9728 -0.1280 0.1932
vn -0.9728 -0.1279 0.1931
vn -0.9728 -0.1281 0.1932
vn -0.4910 -0.8657 0.0977
vn -0.4910 0.8657 0.0977
vn -0.9728 0.1279 0.1932
vn -0.9727 0.1282 0.1933
vn -0.9727 0.1281 0.1933
vn -0.4907 -0.8658 -0.0982
vn -0.4908 -0.8657 -0.0980
vn -0.4908 -0.8657 -0.0981
vn -0.4910 0.8657 -0.0977
vn -0.4908 0.8657 -0.0981
vn -0.4908 0.8658 -0.0981
vn -0.9727 0.1284 -0.1935
vn -0.9727 -0.1278 -0.1935
vn -0.9727 -0.1284 -0.1935
vn -0.8246 -0.1284 -0.5510
vn -0.4160 -0.8658 -0.2782
vn -0.4163 -0.8657 -0.2781
vn -0.4156 -0.8659 -0.2784
vn -0.4160 -0.8658 -0.2783
vn -0.4158 0.8658 -0.2783
vn -0.4158 0.8658 -0.2784
vn -0.4163 0.8657 -0.2781
vn -0.4160 0.8658 -0.2783
vn -0.8246 0.1284 -0.5510
vn -0.8247 0.1279 -0.5509
vn -0.2783 0.8658 -0.4158
vn -0.2781 0.8657 -0.4163
vn -0.2783 0.8658 -0.4157
vn -0.5510 0.1284 -0.8246
vn -0.5509 0.1279 -0.8247
vn -0.5509 0.1277 -0.8248
vn -0.5510 -0.1284 -0.8246
vn -0.5509 -0.1281 -0.8247
vn -0.2781 -0.8657 -0.4163
vn -0.2781 -0.8657 -0.4162
vn -0.2783 -0.8658 -0.4158
vn -0.1935 -0.1284 -0.9727
vn -0.0977 -0.8657 -0.4910
vn -0.0981 -0.8657 -0.4908
vn -0.0977 0.8657 -0.4910
vn -0.0981 0.8657 -0.4908
vn -0.1935 0.1284 -0.9727
vn -0.1935 0.1281 -0.9727
vn 0.1935 0.1284 -0.9727
vn 0.1931 0.1279 -0.9728
vn 0.1932 -0.1281 -0.9727
vn 0.1935 -0.1284 -0.9727
vn 0.0977 -0.8657 -0.4910
vn 0.0977 0.8657 -0.4910
vn 0.5506 -0.1280 -0.8249
vn 0.5508 -0.1282 -0.8248
vn 0.5507 -0.1281 -0.8248
vn 0.5510 -0.1284 -0.8246
vn 0.2781 -0.8658 -0.4159
vn 0.2781 -0.8657 -0.4162
vn 0.2781 -0.8659 -0.4158
vn 0.2781 0.8659 -0.4158
vn 0.2781 0.8657 -0.4162
vn 0.5510 0.1284 -0.8246
vn 0.5507 0.1281 -0.8248
vn 0.8246 -0.1284 -0.5510
vn 0.4162 -0.8657 -0.2781
vn 0.4162 0.8657 -0.2781
vn 0.8246 0.1284 -0.5510
vn 0.9727 -0.1284 -0.1935
vn 0.9727 -0.1279 -0.1936
vn 0.4914 -0.8654 -0.0982
vn 0.4912 -0.8655 -0.0979
vn 0.4913 -0.8655 -0.0980
vn 0.4913 0.8655 -0.0980
vn 0.4914 0.8654 -0.0982
vn 0.4910 0.8657 -0.0977
vn 0.9727 0.1284 -0.1935
vn 0.9727 0.1279 -0.1936
vn 0.9728 -0.1279 0.1932
vn 0.9727 -0.1284 0.1935
vn 0.4910 -0.8657 0.0977
vn 0.4910 0.8657 0.0977
vn 0.9727 0.1284 0.1935
vn 0.9728 0.1279 0.1932
vn 0.8246 -0.1284 0.5510
vn 0.4162 -0.8657 0.2781
vn 0.4166 -0.8656 0.2778
vn 0.4165 -0.8656 0.2779
vn 0.4162 0.8657 0.2781
vn 0.4165 0.8656 0.2779
vn 0.8246 0.1284 0.5510
vn 0.5510 -0.1284 0.8246
vn 0.2779 -0.8656 0.4165
vn 0.2781 -0.8657 0.4162
vn 0.2779 0.8656 0.4165
vn 0.2781 0.8657 0.4162
vn 0.5510 0.1284 0.8246
vn 0.1935 -0.1284 0.9727
vn 0.1931 -0.1280 0.9728
vn 0.0977 -0.8655 0.4913
vn 0.0978 -0.8654 0.4914
vn 0.0977 -0.8657 0.4910
vn 0.0977 0.8654 0.4914
vn 0.0978 0.8654 0.4914
vn 0.0977 0.8654 0.4915
vn 0.0977 0.8657 0.4910
vn 0.1935 0.1284 0.9727
vn 0.1932 0.1281 0.9728
vn -0.1947 0.0651 0.9787
vn -0.1945 0.0648 0.9788
vn -0.1944 0.0645 0.9788
vn -0.1290 -0.7501 0.6486
vn -0.1290 0.7501 0.6486
vn -0.1947 -0.0650 0.9787
vn -0.1945 -0.0646 0.9788
vn -0.1945 -0.0647 0.9788
vn -0.5544 0.0650 0.8297
vn -0.3674 -0.7501 0.5499
vn -0.3674 -0.7501 0.5498
vn -0.3674 0.7501 0.5498
vn -0.3674 0.7501 0.5499
vn -0.5544 -0.0651 0.8297
vn -0.5544 -0.0650 0.8297
vn -0.5542 -0.0648 0.8299
vn -0.5501 0.7498 0.3677
vn -0.5501 0.7498 0.3676
vn -0.5498 0.7501 0.3674
vn -0.8297 -0.0650 0.5544
vn -0.8297 -0.0651 0.5544
vn -0.8297 0.0650 0.5544
vn -0.8295 0.0647 0.5547
vn -0.5501 -0.7499 0.3676
vn -0.5501 -0.7498 0.3676
vn -0.5500 -0.7499 0.3675
vn -0.9788 0.0648 0.1942
vn -0.9788 0.0648 0.1943
vn -0.9788 0.0647 0.1941
vn -0.6486 -0.7501 0.1290
vn -0.6486 0.7501 0.1290
vn -0.9788 -0.0648 0.1942
vn -0.9788 -0.0648 0.1943
vn -0.9788 -0.0647 0.1942
vn -0.6488 0.7499 -0.1295
vn -0.6488 0.7498 -0.1295
vn -0.6486 0.7501 -0.1290
vn -0.9787 -0.0650 -0.1947
vn -0.9787 -0.0651 -0.1947
vn -0.9787 0.0651 -0.1947
vn -0.9787 0.0650 -0.1947
vn -0.6486 -0.7501 -0.1290
vn -0.6488 -0.7499 -0.1295
vn -0.8297 0.0650 -0.5544
vn -0.8299 0.0647 -0.5541
vn -0.5502 -0.7500 -0.3671
vn -0.5498 -0.7501 -0.3674
vn -0.5503 -0.7499 -0.3671
vn -0.5502 0.7500 -0.3671
vn -0.5501 0.7500 -0.3672
vn -0.8297 -0.0650 -0.5544
vn -0.8299 -0.0647 -0.5541
vn -0.3671 0.7500 -0.5503
vn -0.3671 0.7500 -0.5502
vn -0.3672 0.7500 -0.5501
vn -0.5542 -0.0648 -0.8299
vn -0.5541 -0.0648 -0.8299
vn -0.5541 -0.0647 -0.8299
vn -0.5540 0.0647 -0.8300
vn -0.5544 0.0650 -0.8297
vn -0.3674 -0.7501 -0.5499
vn -0.3671 -0.7500 -0.5502
vn -0.3670 -0.7499 -0.5504
vn -0.1947 0.0650 -0.9787
vn -0.1290 -0.7501 -0.6486
vn -0.1294 -0.7499 -0.6487
vn -0.1290 0.7501 -0.6486
vn -0.1944 -0.0647 -0.9788
vn -0.1947 -0.0650 -0.9787
vn -0.1947 -0.0651 -0.9787
vn 0.1290 0.7501 -0.6486
vn 0.1290 0.7498 -0.6489
vn 0.1943 -0.0648 -0.9788
vn 0.1941 -0.0647 -0.9788
vn 0.1942 -0.0647 -0.9788
vn 0.1944 0.0649 -0.9788
vn 0.1943 0.0648 -0.9788
vn 0.1942 0.0648 -0.9788
vn 0.1290 -0.7501 -0.6486
vn 0.1290 -0.7498 -0.6489
vn 0.5548 0.0645 -0.8295
vn 0.5547 0.0647 -0.8295
vn 0.3676 -0.7498 -0.5501
vn 0.3674 -0.7501 -0.5499
vn 0.3677 -0.7497 -0.5502
vn 0.3676 0.7498 -0.5501
vn 0.3676 0.7499 -0.5500
vn 0.5547 -0.0647 -0.8295
vn 0.5498 0.7501 -0.3674
vn 0.5499 0.7501 -0.3674
vn 0.8298 -0.0648 -0.5542
vn 0.8297 -0.0650 -0.5544
vn 0.8297 0.0650 -0.5544
vn 0.8297 0.0651 -0.5544
vn 0.8299 0.0647 -0.5541
vn 0.5499 -0.7501 -0.3674
vn 0.5498 -0.7501 -0.3674
vn 0.9787 0.0650 -0.1947
vn 0.9787 0.0651 -0.1947
vn 0.6486 -0.7501 -0.1290
vn 0.6486 0.7500 -0.1295
vn 0.6486 0.7501 -0.1290
vn 0.6486 0.7501 -0.1293
vn 0.9787 -0.0651 -0.1947
vn 0.9787 -0.0650 -0.1947
vn 0.9788 -0.0648 0.1943
vn 0.9787 -0.0651 0.1947
vn 0.9788 -0.0649 0.1944
vn 0.9788 0.0647 0.1941
vn 0.9787 0.0651 0.1947
vn 0.9788 0.0649 0.1944
vn 0.9788 0.0648 0.1943
vn 0.6486 -0.7501 0.1290
vn 0.6486 0.7501 0.1290
vn 0.5499 -0.7499 0.3677
vn 0.5499 -0.7500 0.3677
vn 0.5500 -0.7499 0.3678
vn 0.5498 -0.7501 0.3674
vn 0.5500 0.7498 0.3678
vn 0.5498 0.7501 0.3674
vn 0.8297 -0.0650 0.5544
vn 0.8297 0.0650 0.5544
vn 0.8296 0.0649 0.5546
vn 0.5546 0.0649 0.8296
vn 0.5547 0.0648 0.8295
vn 0.5548 0.0648 0.8295
vn 0.3674 -0.7501 0.5498
vn 0.3674 -0.7501 0.5499
vn 0.3678 -0.7498 0.5500
vn 0.3678 -0.7499 0.5499
vn 0.3674 0.7501 0.5498
vn 0.3678 0.7498 0.5500
vn 0.5547 -0.0648 0.8295
vn 0.5544 -0.0650 0.8297
vn 0.1290 0.7501 0.6486
vn 0.1947 -0.0650 0.9787
vn 0.1944 0.0649 0.9788
vn 0.1947 0.0650 0.9787
vn 0.1947 0.0651 0.9787
vn 0.1290 -0.7501 0.6486
vn -0.1753 0.4392 0.8811
vn -0.1753 -0.4392 0.8811
vn -0.1887 0.2568 0.9479
vn -0.1886 0.2565 0.9480
vn -0.1886 0.2566 0.9480
vn -0.1552 -0.6059 0.7802
vn -0.1555 -0.6059 0.7802
vn -0.1552 0.6059 0.7802
vn -0.1555 0.6059 0.7802
vn -0.1886 -0.2566 0.9480
vn -0.1886 -0.2566 0.9479
vn -0.1888 -0.2570 0.9478
vn -0.4420 0.6060 0.6614
vn -0.4424 0.6059 0.6612
vn -0.4419 0.6060 0.6614
vn -0.5370 -0.2565 0.8036
vn -0.5370 -0.2566 0.8036
vn -0.4995 0.4390 0.7468
vn -0.4994 0.4391 0.7469
vn -0.4995 -0.4390 0.7468
vn -0.4996 -0.4390 0.7468
vn -0.4994 -0.4391 0.7469
vn -0.5370 0.2566 0.8036
vn -0.5368 0.2569 0.8036
vn -0.4423 -0.6059 0.6613
vn -0.4420 -0.6060 0.6614
vn -0.4424 -0.6059 0.6612
vn -0.6614 0.6059 0.4420
vn -0.6619 0.6055 0.4418
vn -0.8036 -0.2566 0.5370
vn -0.8035 -0.2567 0.5372
vn -0.8036 -0.2565 0.5370
vn -0.7470 0.4392 0.4991
vn -0.7471 -0.4387 0.4993
vn -0.7470 -0.4392 0.4991
vn -0.7470 -0.4389 0.4993
vn -0.8036 0.2566 0.5370
vn -0.6617 -0.6057 0.4419
vn -0.6615 -0.6059 0.4420
vn -0.6614 -0.6060 0.4419
vn -0.9480 -0.2565 0.1886
vn -0.9479 -0.2566 0.1886
vn -0.9479 -0.2568 0.1884
vn -0.8811 0.4392 0.1753
vn -0.8812 0.4390 0.1755
vn -0.8812 0.4388 0.1757
vn -0.8811 -0.4392 0.1753
vn -0.8812 -0.4389 0.1756
vn -0.8812 -0.4390 0.1755
vn -0.9480 0.2565 0.1886
vn -0.9479 0.2569 0.1884
vn -0.9479 0.2566 0.1886
vn -0.7802 -0.6060 0.1552
vn -0.7802 0.6060 0.1552
vn -0.7802 0.6059 0.1552
vn -0.7803 0.6058 -0.1555
vn -0.7802 0.6060 -0.1552
vn -0.7803 0.6057 -0.1556
vn -0.9480 -0.2565 -0.1886
vn -0.9478 -0.2570 -0.1888
vn -0.8811 0.4392 -0.1753
vn -0.8811 -0.4392 -0.1753
vn -0.8813 -0.4390 -0.1751
vn -0.9478 0.2570 -0.1888
vn -0.9479 0.2568 -0.1887
vn -0.9480 0.2565 -0.1886
vn -0.9479 0.2566 -0.1886
vn -0.7802 -0.6060 -0.1552
vn -0.7803 -0.6058 -0.1555
vn -0.7469 0.4389 -0.4995
vn -0.7469 0.4388 -0.4996
vn -0.7470 0.4392 -0.4991
vn -0.7469 -0.4389 -0.4995
vn -0.7469 -0.4390 -0.4994
vn -0.7470 -0.4392 -0.4991
vn -0.8038 0.2568 -0.5366
vn -0.8038 0.2569 -0.5366
vn -0.8037 0.2568 -0.5367
vn -0.8036 0.2565 -0.5370
vn -0.6614 -0.6060 -0.4420
vn -0.6614 -0.6059 -0.4420
vn -0.6614 0.6059 -0.4420
vn -0.6615 0.6059 -0.4420
vn -0.8038 -0.2569 -0.5366
vn -0.8036 -0.2565 -0.5370
vn -0.8036 -0.2566 -0.5370
vn -0.4420 0.6059 -0.6615
vn -0.4423 0.6056 -0.6615
vn -0.4420 0.6059 -0.6614
vn -0.5370 -0.2565 -0.8036
vn -0.4995 0.4389 -0.7469
vn -0.4996 0.4388 -0.7469
vn -0.4991 0.4392 -0.7470
vn -0.4995 -0.4389 -0.7469
vn -0.5370 0.2565 -0.8036
vn -0.5370 0.2566 -0.8036
vn -0.5368 0.2568 -0.8037
vn -0.4419 -0.6060 -0.6614
vn -0.4420 -0.6059 -0.6614
vn -0.4422 -0.6057 -0.6615
vn -0.1888 0.2570 -0.9478
vn -0.1886 0.2566 -0.9479
vn -0.1886 0.2566 -0.9480
vn -0.1552 -0.6059 -0.7802
vn -0.1556 -0.6057 -0.7803
vn -0.1555 -0.6058 -0.7803
vn -0.1552 0.6059 -0.7802
vn -0.1555 0.6058 -0.7803
vn -0.1886 -0.2565 -0.9480
vn -0.1888 -0.2570 -0.9478
vn -0.1753 0.4392 -0.8811
vn -0.1751 0.4390 -0.8813
vn -0.1753 -0.4392 -0.8811
vn -0.1751 -0.4390 -0.8813
vn -0.1750 -0.4389 -0.8814
vn 0.1552 0.6059 -0.7802
vn 0.1886 -0.2566 -0.9480
vn 0.1886 -0.2565 -0.9480
vn 0.1753 0.4392 -0.8811
vn 0.1755 0.4390 -0.8812
vn 0.1756 0.4389 -0.8812
vn 0.1755 -0.4390 -0.8812
vn 0.1756 -0.4389 -0.8812
vn 0.1753 -0.4392 -0.8811
vn 0.1886 0.2566 -0.9480
vn 0.1552 -0.6059 -0.7802
vn 0.4420 -0.6059 -0.6614
vn 0.4419 -0.6060 -0.6614
vn 0.4420 0.6059 -0.6614
vn 0.5370 -0.2566 -0.8036
vn 0.5370 -0.2565 -0.8036
vn 0.4993 0.4388 -0.7471
vn 0.4991 0.4392 -0.7470
vn 0.4991 -0.4392 -0.7470
vn 0.5370 0.2565 -0.8036
vn 0.5372 0.2568 -0.8034
vn 0.5372 0.2567 -0.8034
vn 0.6613 0.6059 -0.4423
vn 0.6615 0.6059 -0.4420
vn 0.6614 0.6059 -0.4420
vn 0.8036 -0.2565 -0.5370
vn 0.8036 -0.2566 -0.5370
vn 0.8036 -0.2569 -0.5368
vn 0.7469 0.4391 -0.4994
vn 0.7467 0.4390 -0.4998
vn 0.7470 0.4392 -0.4991
vn 0.7468 -0.4391 -0.4995
vn 0.7468 -0.4390 -0.4995
vn 0.7470 -0.4392 -0.4991
vn 0.8036 0.2570 -0.5368
vn 0.8036 0.2565 -0.5370
vn 0.8036 0.2566 -0.5370
vn 0.6615 -0.6059 -0.4420
vn 0.6612 -0.6059 -0.4424
vn 0.6614 -0.6060 -0.4420
vn 0.7802 0.6060 -0.1552
vn 0.7802 0.6059 -0.1552
vn 0.7802 0.6058 -0.1557
vn 0.9479 -0.2566 -0.1886
vn 0.9480 -0.2565 -0.1886
vn 0.9479 -0.2568 -0.1887
vn 0.8811 0.4392 -0.1753
vn 0.8811 -0.4392 -0.1753
vn 0.8813 -0.4390 -0.1750
vn 0.8813 -0.4389 -0.1749
vn 0.9480 0.2565 -0.1886
vn 0.9479 0.2566 -0.1886
vn 0.7802 -0.6060 -0.1552
vn 0.7802 -0.6059 -0.1555
vn 0.7802 -0.6059 -0.1557
vn 0.7802 0.6060 0.1552
vn 0.7802 0.6059 0.1552
vn 0.9480 -0.2565 0.1886
vn 0.9479 -0.2566 0.1886
vn 0.8812 0.4390 0.1757
vn 0.8812 0.4390 0.1756
vn 0.8812 0.4391 0.1753
vn 0.8812 -0.4389 0.1758
vn 0.8812 -0.4390 0.1756
vn 0.9480 0.2565 0.1886
vn 0.9479 0.2566 0.1886
vn 0.7802 -0.6060 0.1552
vn 0.6614 0.6059 0.4420
vn 0.8033 -0.2568 0.5373
vn 0.8035 -0.2567 0.5372
vn 0.8032 -0.2568 0.5374
vn 0.7470 0.4392 0.4991
vn 0.7470 -0.4392 0.4991
vn 0.8034 0.2568 0.5373
vn 0.8036 0.2566 0.5370
vn 0.8036 0.2565 0.5370
vn 0.6614 -0.6060 0.4420
vn 0.6614 -0.6059 0.4420
vn 0.4419 0.6060 0.6614
vn 0.4420 0.6059 0.6614
vn 0.5373 -0.2568 0.8034
vn 0.5372 -0.2567 0.8034
vn 0.5373 -0.2568 0.8033
vn 0.4991 0.4392 0.7470
vn 0.4991 -0.4392 0.7470
vn 0.5374 0.2568 0.8033
vn 0.5373 0.2567 0.8034
vn 0.5373 0.2568 0.8034
vn 0.4420 -0.6059 0.6615
vn 0.4420 -0.6059 0.6614
vn 0.4420 -0.6060 0.6614
vn 0.1552 0.6059 0.7802
vn 0.1886 -0.2566 0.9479
vn 0.1886 -0.2566 0.9480
vn 0.1757 0.4390 0.8812
vn 0.1756 0.4390 0.8812
vn 0.1756 0.4390 0.8811
vn 0.1760 0.4388 0.8812
vn 0.1757 -0.4389 0.8812
vn 0.1757 -0.4390 0.8812
vn 0.1760 -0.4388 0.8812
vn 0.1886 0.2566 0.9480
vn 0.1886 0.2565 0.9480
vn 0.1552 -0.6059 0.7802
vn 0.8727 -0.4672 0.1417
vn 0.8729 -0.4668 0.1416
vn 0.8727 -0.4673 0.1417
vn -0.8607 -0.4669 -0.2032
vn 0.8727 0.4673 0.1417
vn 0.8729 0.4668 0.1416
vn 0.8728 0.4671 0.1417
vn 0.8727 0.4672 0.1417
vn -0.8607 0.4669 -0.2032
vn 0.7523 -0.4668 0.4649
vn -0.7174 -0.4669 -0.5171
vn 0.7523 0.4668 0.4649
vn -0.7174 0.4668 -0.5171
vn 0.5169 -0.4671 0.7174
vn 0.5171 -0.4669 0.7174
vn 0.5168 -0.4672 0.7174
vn -0.4646 -0.4672 -0.7522
vn -0.4646 -0.4673 -0.7521
vn -0.4647 -0.4673 -0.7522
vn -0.4647 -0.4671 -0.7522
vn 0.5171 0.4669 0.7174
vn 0.5168 0.4672 0.7174
vn 0.5169 0.4671 0.7174
vn -0.4647 0.4671 -0.7522
vn -0.4647 0.4673 -0.7522
vn -0.4646 0.4673 -0.7521
vn -0.4646 0.4674 -0.7521
vn 0.2032 -0.4669 0.8607
vn 0.2029 -0.4672 0.8606
vn -0.1419 -0.4673 -0.8727
vn -0.1419 -0.4672 -0.8727
vn 0.2032 0.4668 0.8607
vn 0.2032 0.4669 0.8607
vn -0.1419 0.4672 -0.8727
vn -0.1418 0.4671 -0.8728
vn -0.1419 0.4672 0.8727
vn -0.1418 0.4671 0.8728
vn 0.2032 0.4668 -0.8607
vn 0.2032 0.4669 -0.8607
vn -0.1419 -0.4672 0.8727
vn -0.1419 -0.4673 0.8727
vn -0.1418 -0.4671 0.8728
vn 0.2028 -0.4671 -0.8606
vn -0.4644 -0.4671 0.7524
vn -0.4646 -0.4670 0.7524
vn -0.4645 -0.4671 0.7524
vn 0.5171 -0.4669 -0.7174
vn 0.5165 -0.4671 -0.7176
vn 0.5167 -0.4670 -0.7176
vn -0.4644 0.4671 0.7524
vn -0.4645 0.4671 0.7524
vn -0.4646 0.4670 0.7524
vn 0.5167 0.4670 -0.7176
vn 0.5166 0.4671 -0.7176
vn -0.7176 0.4670 0.5167
vn -0.7176 0.4671 0.5166
vn 0.7523 0.4668 -0.4649
vn 0.7524 0.4671 -0.4645
vn 0.7524 0.4672 -0.4643
vn -0.7176 -0.4670 0.5167
vn -0.7176 -0.4671 0.5166
vn -0.7174 -0.4668 0.5171
vn 0.7524 -0.4671 -0.4644
vn 0.7524 -0.4671 -0.4645
vn 0.7523 -0.4670 -0.4646
vn -0.8606 -0.4671 0.2027
vn -0.8607 -0.4670 0.2029
vn -0.8607 -0.4669 0.2032
vn 0.8726 -0.4673 -0.1420
vn 0.8727 -0.4672 -0.1419
vn -0.8606 0.4671 0.2028
vn -0.8607 0.4669 0.2032
vn 0.8727 0.4672 -0.1418
vn 0.8726 0.4674 -0.1420
vn 0.8726 0.4673 -0.1419
vn 0.8728 0.4671 -0.1418
vn -0.8727 0.4672 -0.1419
vn -0.8728 0.4671 -0.1418
vn -0.8726 0.4673 -0.1420
vn 0.8607 0.4669 0.2032
vn 0.8607 0.4668 0.2032
vn 0.8606 0.4672 0.2029
vn -0.8727 -0.4672 -0.1419
vn -0.8725 -0.4675 -0.1420
vn -0.8726 -0.4673 -0.1420
vn 0.8607 -0.4669 0.2032
vn 0.8606 -0.4672 0.2029
vn 0.8607 -0.4668 0.2032
vn -0.7522 -0.4672 -0.4646
vn -0.7522 -0.4673 -0.4647
vn -0.7522 -0.4671 -0.4647
vn 0.7174 -0.4668 0.5171
vn 0.7174 -0.4673 0.5167
vn 0.7174 -0.4672 0.5168
vn -0.7521 0.4673 -0.4646
vn -0.7522 0.4672 -0.4647
vn -0.7523 0.4668 -0.4649
vn 0.7174 0.4672 0.5168
vn 0.7174 0.4671 0.5169
vn 0.7174 0.4669 0.5171
vn -0.5171 -0.4669 -0.7174
vn 0.4649 -0.4668 0.7523
vn -0.5171 0.4669 -0.7174
vn 0.4649 0.4669 0.7523
vn 0.4649 0.4668 0.7523
vn -0.2032 -0.4669 -0.8607
vn -0.2032 -0.4671 -0.8605
vn 0.1416 -0.4668 0.8729
vn 0.1417 -0.4672 0.8727
vn -0.2032 0.4668 -0.8607
vn -0.2032 0.4672 -0.8605
vn -0.2032 0.4669 -0.8607
vn 0.1416 0.4669 0.8729
vn 0.1416 -0.4669 -0.8729
vn -0.2032 -0.4668 0.8607
vn -0.2032 -0.4669 0.8607
vn 0.1416 0.4668 -0.8729
vn -0.2032 0.4669 0.8607
vn 0.4651 -0.4671 -0.7520
vn 0.4649 -0.4668 -0.7523
vn 0.4651 -0.4672 -0.7520
vn -0.5171 -0.4669 0.7174
vn 0.4651 0.4671 -0.7520
vn 0.4650 0.4671 -0.7521
vn -0.5171 0.4669 0.7174
vn -0.5169 0.4671 0.7173
vn 0.7174 -0.4669 -0.5171
vn 0.7173 -0.4673 -0.5169
vn -0.7520 -0.4672 0.4651
vn -0.7521 -0.4671 0.4650
vn -0.7521 -0.4670 0.4650
vn -0.7519 -0.4672 0.4651
vn 0.7174 0.4668 -0.5171
vn 0.7173 0.4672 -0.5169
vn -0.7520 0.4672 0.4651
vn -0.7521 0.4670 0.4650
vn -0.7523 0.4668 0.4649
vn -0.7520 0.4671 0.4650
vn 0.8604 -0.4672 -0.2034
vn 0.8607 -0.4669 -0.2032
vn 0.8607 -0.4668 -0.2032
vn -0.8727 -0.4672 0.1416
vn -0.8729 -0.4668 0.1416
vn -0.8728 -0.4671 0.1416
vn 0.8607 0.4668 -0.2032
vn -0.8727 0.4673 0.1416
vn -0.8729 0.4668 0.1416
vn -0.8727 0.4672 0.1416
vn 0.8772 0.4777 0.0471
vn 0.8770 0.4782 0.0471
vn 0.8771 0.4779 0.0471
vn -0.8282 0.4782 -0.2921
vn 0.8771 -0.4779 0.0471
vn 0.8771 -0.4780 0.0471
vn 0.8770 -0.4782 0.0471
vn 0.8772 -0.4778 0.0471
vn -0.8282 -0.4783 -0.2921
vn -0.8282 -0.4782 -0.2921
vn 0.7924 0.4777 0.3793
vn 0.7924 0.4777 0.3794
vn 0.7922 0.4782 0.3791
vn 0.7923 0.4779 0.3793
vn -0.6534 0.4782 -0.5868
vn 0.7924 -0.4777 0.3793
vn 0.7922 -0.4783 0.3791
vn 0.7923 -0.4778 0.3793
vn 0.7923 -0.4780 0.3793
vn -0.6534 -0.4782 -0.5868
vn -0.6534 -0.4783 -0.5868
vn 0.5868 0.4783 0.6534
vn 0.5868 0.4782 0.6534
vn -0.3791 0.4782 -0.7922
vn -0.3787 0.4782 -0.7924
vn 0.5868 -0.4783 0.6534
vn 0.5868 -0.4782 0.6534
vn -0.3788 -0.4782 -0.7923
vn -0.3791 -0.4783 -0.7922
vn -0.3787 -0.4782 -0.7924
vn 0.2917 0.4779 0.8285
vn 0.2918 0.4780 0.8285
vn 0.2916 0.4779 0.8286
vn -0.0471 0.4782 -0.8770
vn 0.2917 -0.4780 0.8285
vn 0.2918 -0.4780 0.8285
vn 0.2919 -0.4781 0.8284
vn -0.0471 -0.4782 -0.8770
vn -0.0471 -0.4783 -0.8770
vn -0.0471 0.4783 0.8770
vn -0.0471 0.4782 0.8770
vn -0.0473 0.4780 0.8771
vn 0.2921 0.4782 -0.8282
vn -0.0471 -0.4782 0.8770
vn -0.0473 -0.4780 0.8771
vn -0.0471 -0.4783 0.8770
vn 0.2921 -0.4782 -0.8282
vn 0.2921 -0.4783 -0.8282
vn -0.3789 0.4781 0.7924
vn -0.3788 0.4780 0.7925
vn -0.3786 0.4780 0.7926
vn 0.5868 0.4782 -0.6534
vn -0.3787 -0.4780 0.7925
vn -0.3788 -0.4780 0.7925
vn 0.5868 -0.4783 -0.6534
vn 0.5871 -0.4777 -0.6536
vn 0.5870 -0.4779 -0.6535
vn -0.6534 -0.4782 0.5868
vn -0.6534 -0.4783 0.5868
vn -0.6535 -0.4779 0.5869
vn 0.7925 -0.4780 -0.3788
vn 0.7924 -0.4781 -0.3789
vn -0.6534 0.4782 0.5868
vn -0.6535 0.4779 0.5870
vn -0.6535 0.4779 0.5869
vn 0.7925 0.4780 -0.3788
vn 0.7922 0.4782 -0.3791
vn -0.8282 0.4782 0.2921
vn -0.8282 0.4783 0.2921
vn 0.8771 0.4780 -0.0473
vn 0.8772 0.4778 -0.0474
vn 0.8770 0.4782 -0.0471
vn -0.8282 -0.4782 0.2921
vn -0.8282 -0.4783 0.2921
vn 0.8772 -0.4777 -0.0474
vn 0.8771 -0.4779 -0.0474
vn 0.8770 -0.4782 -0.0471
vn -0.8771 0.4780 -0.0475
vn -0.8770 0.4782 -0.0471
vn -0.8769 0.4783 -0.0471
vn 0.8285 0.4780 0.2917
vn 0.8282 0.4782 0.2921
vn 0.8285 0.4779 0.2917
vn 0.8285 0.4780 0.2918
vn -0.8770 -0.4781 -0.0474
vn -0.8770 -0.4783 -0.0471
vn -0.8769 -0.4783 -0.0471
vn 0.8285 -0.4780 0.2917
vn 0.8286 -0.4778 0.2916
vn 0.8285 -0.4780 0.2918
vn 0.8286 -0.4779 0.2916
vn -0.7924 0.4782 -0.3787
vn -0.7922 0.4782 -0.3791
vn 0.6534 0.4782 0.5868
vn -0.7924 -0.4782 -0.3786
vn -0.7922 -0.4783 -0.3791
vn -0.7924 -0.4782 -0.3787
vn -0.7923 -0.4782 -0.3788
vn 0.6534 -0.4782 0.5868
vn 0.6534 -0.4783 0.5868
vn -0.5871 0.4779 -0.6534
vn -0.5870 0.4780 -0.6534
vn -0.5868 0.4782 -0.6534
vn 0.3793 0.4778 0.7923
vn 0.3791 0.4782 0.7922
vn 0.3794 0.4778 0.7924
vn -0.5868 -0.4783 -0.6534
vn -0.5872 -0.4777 -0.6534
vn -0.5871 -0.4779 -0.6534
vn 0.3791 -0.4782 0.7922
vn 0.3791 -0.4783 0.7922
vn 0.3792 -0.4780 0.7923
vn 0.3793 -0.4779 0.7923
vn -0.2921 0.4782 -0.8282
vn 0.0471 0.4779 0.8771
vn 0.0471 0.4777 0.8772
vn 0.0471 0.4782 0.8770
vn -0.2921 -0.4782 -0.8282
vn -0.2921 -0.4783 -0.8282
vn 0.0471 -0.4777 0.8772
vn 0.0471 -0.4783 0.8770
vn 0.0471 -0.4782 0.8770
vn 0.0471 -0.4778 0.8772
vn 0.0471 0.4782 -0.8770
vn -0.2921 0.4782 0.8282
vn 0.0471 -0.4783 -0.8770
vn 0.0471 -0.4783 -0.8769
vn -0.2921 -0.4783 0.8282
vn -0.2921 -0.4782 0.8282
vn 0.3791 0.4782 -0.7922
vn 0.3795 0.4781 -0.7921
vn 0.3794 0.4781 -0.7921
vn -0.5872 0.4780 0.6532
vn -0.5868 0.4782 0.6534
vn 0.3795 -0.4781 -0.7921
vn 0.3791 -0.4783 -0.7922
vn 0.3791 -0.4782 -0.7922
vn -0.5871 -0.4781 0.6533
vn -0.5872 -0.4780 0.6532
vn -0.5868 -0.4783 0.6534
vn 0.6532 0.4780 -0.5872
vn 0.6533 0.4781 -0.5871
vn -0.7921 0.4780 0.3795
vn -0.7922 0.4782 0.3791
vn -0.7921 0.4781 0.3796
vn 0.6532 -0.4780 -0.5872
vn -0.7921 -0.4780 0.3796
vn -0.7921 -0.4781 0.3795
vn -0.7922 -0.4783 0.3791
vn 0.8282 0.4782 -0.2921
vn -0.8770 0.4782 0.0471
vn -0.8770 0.4783 0.0471
vn 0.8282 -0.4783 -0.2921
vn 0.8284 -0.4780 -0.2920
vn 0.8282 -0.4782 -0.2921
vn -0.8770 -0.4782 0.0471
vt 0.728274 0.944565
vt 0.718750 0.963613
vt 0.709226 0.944565
vt 0.718750 0.036387
vt 0.728274 0.055435
vt 0.709226 0.055435
vt 0.665774 0.944565
vt 0.656250 0.963613
vt 0.646726 0.944565
vt 0.656250 0.036387
vt 0.665774 0.055435
vt 0.646726 0.055435
vt 0.603274 0.944565
vt 0.593750 0.963613
vt 0.584226 0.944565
vt 0.593750 0.036387
vt 0.603274 0.055435
vt 0.584226 0.055435
vt 0.540774 0.944565
vt 0.531250 0.963613
vt 0.521726 0.944565
vt 0.531250 0.036387
vt 0.540774 0.055435
vt 0.521726 0.055435
vt 0.478274 0.944565
vt 0.468750 0.963613
vt 0.459226 0.944565
vt 0.468750 0.036387
vt 0.478274 0.055435
vt 0.459226 0.055435
vt 0.415774 0.944565
vt 0.406250 0.963613
vt 0.396726 0.944565
vt 0.406250 0.036387
vt 0.415774 0.055435
vt 0.396726 0.055435
vt 0.343750 0.036387
vt 0.353274 0.055435
vt 0.334226 0.055435
vt 0.353274 0.944565
vt 0.343750 0.963613
vt 0.334226 0.944565
vt 0.290774 0.944565
vt 0.281250 0.963613
vt 0.271726 0.944565
vt 0.281250 0.036387
vt 0.290774 0.055435
vt 0.271726 0.055435
vt 0.228274 0.944564
vt 0.218750 0.963613
vt 0.209226 0.944565
vt 0.218750 0.036387
vt 0.228274 0.055435
vt 0.209226 0.055435
vt 0.165774 0.944565
vt 0.156250 0.963613
vt 0.146726 0.944565
vt 0.156250 0.036387
vt 0.165774 0.055435
vt 0.146726 0.055435
vt 0.103274 0.944565
vt 0.093750 0.963613
vt 0.084226 0.944565
vt 0.093750 0.036387
vt 0.103274 0.055435
vt 0.084226 0.055435
vt 0.040774 0.944564
vt 0.031250 0.963613
vt 0.021726 0.944565
vt 0.031250 0.036387
vt 0.040774 0.055435
vt 0.021726 0.055435
vt 0.978274 0.944565
vt 0.968750 0.963613
vt 0.959225 0.944565
vt 0.968750 0.036387
vt 0.978274 0.055435
vt 0.959225 0.055435
vt 0.915774 0.944564
vt 0.906250 0.963613
vt 0.896725 0.944565
vt 0.906250 0.036387
vt 0.915774 0.055435
vt 0.896725 0.055435
vt 0.853274 0.944565
vt 0.843750 0.963613
vt 0.834226 0.944565
vt 0.843750 0.036387
vt 0.853274 0.055435
vt 0.834225 0.055435
vt 0.790774 0.944565
vt 0.781250 0.963613
vt 0.771726 0.944565
vt 0.781250 0.036387
vt 0.790774 0.055435
vt 0.771726 0.055435
vt 0.734170 0.069554
vt 0.739866 0.117946
vt 0.697634 0.117946
vt 0.703330 0.069554
vt 0.734170 0.930446
vt 0.697634 0.882054
vt 0.739866 0.882054
vt 0.703330 0.930446
vt 0.677366 0.117946
vt 0.640830 0.069554
vt 0.671670 0.069554
vt 0.635134 0.117946
vt 0.640830 0.930446
vt 0.677365 0.882054
vt 0.671670 0.930446
vt 0.635134 0.882054
vt 0.572634 0.117946
vt 0.609170 0.069554
vt 0.614866 0.117946
vt 0.578330 0.069554
vt 0.572634 0.882054
vt 0.609170 0.930446
vt 0.578330 0.930446
vt 0.614865 0.882054
vt 0.510134 0.117946
vt 0.515830 0.069554
vt 0.546670 0.069554
vt 0.552366 0.117946
vt 0.510134 0.882054
vt 0.546670 0.930446
vt 0.515830 0.930446
vt 0.552366 0.882054
vt 0.489865 0.882054
vt 0.453330 0.930446
vt 0.447634 0.882054
vt 0.484170 0.930446
vt 0.453330 0.069554
vt 0.489865 0.117946
vt 0.447634 0.117946
vt 0.484170 0.069554
vt 0.427365 0.117946
vt 0.390830 0.069554
vt 0.421670 0.069554
vt 0.385134 0.117946
vt 0.427365 0.882054
vt 0.390830 0.930446
vt 0.385134 0.882054
vt 0.421670 0.930446
vt 0.359170 0.930446
vt 0.322634 0.882054
vt 0.364866 0.882054
vt 0.328330 0.930446
vt 0.359170 0.069554
vt 0.364866 0.117946
vt 0.322634 0.117946
vt 0.328330 0.069554
vt 0.260134 0.117946
vt 0.296670 0.069554
vt 0.302365 0.117946
vt 0.265830 0.069554
vt 0.260134 0.882054
vt 0.296670 0.930446
vt 0.265830 0.930446
vt 0.302365 0.882054
vt 0.203330 0.930446
vt 0.197634 0.882054
vt 0.239865 0.882054
vt 0.234170 0.930446
vt 0.239865 0.117946
vt 0.203330 0.069554
vt 0.234170 0.069554
vt 0.197634 0.117946
vt 0.140830 0.069554
vt 0.177365 0.117946
vt 0.135134 0.117946
vt 0.171670 0.069554
vt 0.140830 0.930446
vt 0.135134 0.882054
vt 0.177365 0.882054
vt 0.171670 0.930446
vt 0.072634 0.117946
vt 0.078330 0.069554
vt 0.109170 0.069554
vt 0.114865 0.117946
vt 0.072634 0.882054
vt 0.109170 0.930446
vt 0.078330 0.930446
vt 0.114865 0.882054
vt 0.046670 0.069554
vt 0.052365 0.117946
vt 0.010134 0.117946
vt 0.015830 0.069554
vt 0.046670 0.930446
vt 0.010134 0.882054
vt 0.052365 0.882054
vt 0.015830 0.930446
vt 0.989865 0.117946
vt 0.953330 0.069554
vt 0.984170 0.069554
vt 0.947634 0.117946
vt 0.953330 0.930446
vt 0.989865 0.882054
vt 0.984170 0.930446
vt 0.947634 0.882054
vt 0.927365 0.117946
vt 0.890830 0.069554
vt 0.921669 0.069554
vt 0.885134 0.117946
vt 0.890830 0.930446
vt 0.885134 0.882054
vt 0.927365 0.882054
vt 0.921669 0.930446
vt 0.822634 0.117946
vt 0.828330 0.069554
vt 0.859169 0.069554
vt 0.864865 0.117946
vt 0.822634 0.882054
vt 0.859169 0.930446
vt 0.828330 0.930446
vt 0.864865 0.882054
vt 0.765830 0.069554
vt 0.802365 0.117946
vt 0.760135 0.117946
vt 0.796669 0.069554
vt 0.802365 0.882054
vt 0.765830 0.930446
vt 0.760134 0.882054
vt 0.796670 0.930446
vt 0.743210 0.180465
vt 0.695921 0.132035
vt 0.741579 0.132035
vt 0.694290 0.180465
vt 0.695921 0.867965
vt 0.743210 0.819535
vt 0.741579 0.867965
vt 0.694290 0.819535
vt 0.680710 0.180465
vt 0.633421 0.132035
vt 0.679079 0.132035
vt 0.631790 0.180465
vt 0.633421 0.867965
vt 0.680710 0.819535
vt 0.679079 0.867965
vt 0.631790 0.819535
vt 0.569290 0.819535
vt 0.616579 0.867965
vt 0.570921 0.867965
vt 0.618210 0.819535
vt 0.569290 0.180465
vt 0.616579 0.132035
vt 0.618210 0.180465
vt 0.570921 0.132035
vt 0.554079 0.132035
vt 0.506790 0.180465
vt 0.508421 0.132035
vt 0.555710 0.180465
vt 0.506790 0.819535
vt 0.554079 0.867965
vt 0.508421 0.867965
vt 0.555710 0.819535
vt 0.493210 0.819535
vt 0.445921 0.867965
vt 0.444290 0.819535
vt 0.491579 0.867965
vt 0.445921 0.132035
vt 0.493210 0.180465
vt 0.444290 0.180465
vt 0.491579 0.132035
vt 0.430710 0.180465
vt 0.383421 0.132035
vt 0.429079 0.132035
vt 0.381790 0.180465
vt 0.383421 0.867965
vt 0.430710 0.819535
vt 0.429079 0.867965
vt 0.381790 0.819535
vt 0.366579 0.867965
vt 0.319290 0.819535
vt 0.368210 0.819535
vt 0.320921 0.867965
vt 0.368210 0.180465
vt 0.319290 0.180465
vt 0.366579 0.132035
vt 0.320921 0.132035
vt 0.256790 0.180465
vt 0.304079 0.132035
vt 0.305710 0.180465
vt 0.258421 0.132035
vt 0.256790 0.819535
vt 0.304079 0.867965
vt 0.258421 0.867965
vt 0.305710 0.819535
vt 0.194290 0.819535
vt 0.243210 0.819535
vt 0.195921 0.867965
vt 0.241579 0.867965
vt 0.243210 0.180465
vt 0.195921 0.132035
vt 0.241579 0.132035
vt 0.194290 0.180465
vt 0.133421 0.132035
vt 0.180710 0.180465
vt 0.131790 0.180465
vt 0.179079 0.132035
vt 0.133421 0.867965
vt 0.131790 0.819535
vt 0.180710 0.819535
vt 0.179079 0.867965
vt 0.069290 0.819535
vt 0.116579 0.867965
vt 0.070921 0.867965
vt 0.118210 0.819535
vt 0.070921 0.132035
vt 0.116579 0.132035
vt 0.069290 0.180465
vt 0.118210 0.180465
vt 0.055710 0.180465
vt 0.006790 0.180465
vt 0.054079 0.132035
vt 0.008421 0.132035
vt 0.054079 0.867965
vt 0.006790 0.819535
vt 0.055710 0.819535
vt 0.008421 0.867965
vt 0.991579 0.867965
vt 0.944290 0.819535
vt 0.993210 0.819535
vt 0.945921 0.867965
vt 0.993210 0.180465
vt 0.944290 0.180465
vt 0.991579 0.132035
vt 0.945921 0.132035
vt 0.881790 0.819535
vt 0.930710 0.819535
vt 0.883421 0.867965
vt 0.929079 0.867965
vt 0.930710 0.180465
vt 0.883421 0.132035
vt 0.929079 0.132035
vt 0.881790 0.180465
vt 0.820921 0.132035
vt 0.868210 0.180465
vt 0.819290 0.180465
vt 0.866579 0.132035
vt 0.819290 0.819535
vt 0.866579 0.867965
vt 0.820921 0.867965
vt 0.868210 0.819535
vt 0.805710 0.819535
vt 0.758421 0.867965
vt 0.756790 0.819535
vt 0.804079 0.867965
vt 0.758421 0.132035
vt 0.804079 0.132035
vt 0.756790 0.180465
vt 0.805710 0.180465
vt 0.744773 0.242990
vt 0.692726 0.242990
vt 0.744061 0.194510
vt 0.693439 0.194510
vt 0.744061 0.805490
vt 0.692727 0.757010
vt 0.744774 0.757010
vt 0.693439 0.805490
vt 0.630939 0.805490
vt 0.682274 0.757010
vt 0.681561 0.805490
vt 0.630226 0.757010
vt 0.682274 0.242990
vt 0.630939 0.194510
vt 0.681561 0.194510
vt 0.630226 0.242990
vt 0.619061 0.805490
vt 0.567727 0.757010
vt 0.619774 0.757010
vt 0.568439 0.805490
vt 0.567727 0.242990
vt 0.619061 0.194510
vt 0.619774 0.242990
vt 0.568439 0.194510
vt 0.505226 0.757010
vt 0.557273 0.757010
vt 0.505939 0.805490
vt 0.556561 0.805490
vt 0.557273 0.242990
vt 0.505939 0.194510
vt 0.556561 0.194510
vt 0.505226 0.242990
vt 0.442727 0.757010
vt 0.494061 0.805490
vt 0.443439 0.805490
vt 0.494774 0.757010
vt 0.443439 0.194510
vt 0.494061 0.194510
vt 0.442726 0.242990
vt 0.494774 0.242990
vt 0.432273 0.242990
vt 0.380939 0.194510
vt 0.431561 0.194510
vt 0.380226 0.242990
vt 0.380939 0.805490
vt 0.432273 0.757010
vt 0.431561 0.805490
vt 0.380226 0.757010
vt 0.369061 0.805490
vt 0.317726 0.757010
vt 0.369773 0.757010
vt 0.318439 0.805490
vt 0.369773 0.242990
vt 0.317726 0.242990
vt 0.369061 0.194510
vt 0.318439 0.194510
vt 0.307273 0.242990
vt 0.255939 0.194510
vt 0.306561 0.194510
vt 0.255226 0.242990
vt 0.306561 0.805490
vt 0.255939 0.805490
vt 0.307273 0.757010
vt 0.255226 0.757010
vt 0.192726 0.757010
vt 0.244773 0.757010
vt 0.193439 0.805490
vt 0.244061 0.805490
vt 0.244773 0.242990
vt 0.193439 0.194510
vt 0.244061 0.194510
vt 0.192726 0.242990
vt 0.130939 0.805490
vt 0.130226 0.757010
vt 0.182273 0.757010
vt 0.181561 0.805490
vt 0.130939 0.194510
vt 0.182273 0.242990
vt 0.130226 0.242990
vt 0.181561 0.194510
vt 0.067726 0.757010
vt 0.119061 0.805490
vt 0.068439 0.805490
vt 0.119773 0.757010
vt 0.068439 0.194510
vt 0.119061 0.194510
vt 0.067726 0.242990
vt 0.119773 0.242990
vt 0.005939 0.805490
vt 0.057273 0.757010
vt 0.056561 0.805490
vt 0.005227 0.757010
vt 0.057273 0.242990
vt 0.005939 0.194510
vt 0.056561 0.194510
vt 0.005227 0.242990
vt 0.943439 0.805490
vt 0.994774 0.757010
vt 0.994061 0.805490
vt 0.942726 0.757010
vt 0.994773 0.242990
vt 0.943439 0.194510
vt 0.994061 0.194510
vt 0.942726 0.242990
vt 0.880226 0.757010
vt 0.932273 0.757010
vt 0.880939 0.805490
vt 0.931561 0.805490
vt 0.932273 0.242990
vt 0.880939 0.194510
vt 0.931561 0.194510
vt 0.880226 0.242990
vt 0.817726 0.757010
vt 0.869061 0.805490
vt 0.818439 0.805490
vt 0.869773 0.757010
vt 0.817726 0.242990
vt 0.818439 0.194510
vt 0.869061 0.194510
vt 0.869773 0.242990
vt 0.755227 0.757010
vt 0.806561 0.805490
vt 0.755939 0.805490
vt 0.807273 0.757010
vt 0.755939 0.194510
vt 0.807273 0.242990
vt 0.755226 0.242990
vt 0.806561 0.194510
vt 0.745629 0.305516
vt 0.692242 0.256984
vt 0.745258 0.256984
vt 0.691871 0.305516
vt 0.745258 0.743016
vt 0.692242 0.743016
vt 0.745629 0.694484
vt 0.691871 0.694484
vt 0.683129 0.305516
vt 0.629742 0.256984
vt 0.682758 0.256984
vt 0.629371 0.305516
vt 0.629371 0.694484
vt 0.683129 0.694484
vt 0.629742 0.743016
vt 0.682758 0.743016
vt 0.566871 0.305516
vt 0.620258 0.256984
vt 0.620629 0.305516
vt 0.567242 0.256984
vt 0.566871 0.694484
vt 0.620258 0.743016
vt 0.567242 0.743016
vt 0.620629 0.694484
vt 0.504742 0.256984
vt 0.557758 0.256984
vt 0.504371 0.305516
vt 0.558129 0.305516
vt 0.504371 0.694484
vt 0.557758 0.743016
vt 0.504742 0.743016
vt 0.558129 0.694484
vt 0.442242 0.256984
vt 0.495629 0.305516
vt 0.441871 0.305516
vt 0.495258 0.256984
vt 0.441871 0.694484
vt 0.495629 0.694484
vt 0.442242 0.743016
vt 0.495258 0.743016
vt 0.379742 0.256984
vt 0.433129 0.305516
vt 0.379371 0.305516
vt 0.432758 0.256984
vt 0.379742 0.743016
vt 0.379371 0.694484
vt 0.433129 0.694484
vt 0.432758 0.743016
vt 0.370629 0.305516
vt 0.316871 0.305516
vt 0.370258 0.256984
vt 0.317242 0.256984
vt 0.316871 0.694484
vt 0.370258 0.743016
vt 0.317242 0.743016
vt 0.370629 0.694484
vt 0.254371 0.305516
vt 0.307758 0.256984
vt 0.308129 0.305516
vt 0.254742 0.256984
vt 0.254371 0.694484
vt 0.307758 0.743016
vt 0.254742 0.743016
vt 0.308129 0.694484
vt 0.245629 0.305516
vt 0.192242 0.256984
vt 0.245258 0.256984
vt 0.191871 0.305516
vt 0.192242 0.743016
vt 0.245629 0.694484
vt 0.245258 0.743016
vt 0.191871 0.694484
vt 0.129742 0.256984
vt 0.183129 0.305516
vt 0.129371 0.305516
vt 0.182758 0.256984
vt 0.129742 0.743016
vt 0.183129 0.694484
vt 0.182758 0.743016
vt 0.129371 0.694484
vt 0.120629 0.305516
vt 0.066871 0.305516
vt 0.120258 0.256984
vt 0.067242 0.256984
vt 0.120258 0.743016
vt 0.066871 0.694484
vt 0.120629 0.694484
vt 0.067242 0.743016
vt 0.058129 0.305516
vt 0.004371 0.305516
vt 0.057758 0.256984
vt 0.004742 0.256984
vt 0.057758 0.743016
vt 0.004371 0.694484
vt 0.058129 0.694484
vt 0.004742 0.743016
vt 0.995629 0.305516
vt 0.942242 0.256984
vt 0.995258 0.256984
vt 0.941871 0.305516
vt 0.942242 0.743016
vt 0.995629 0.694484
vt 0.995258 0.743016
vt 0.941871 0.694484
vt 0.933129 0.305516
vt 0.879742 0.256984
vt 0.932758 0.256984
vt 0.879371 0.305516
vt 0.932758 0.743016
vt 0.879742 0.743016
vt 0.933129 0.694484
vt 0.879371 0.694484
vt 0.817242 0.256984
vt 0.870258 0.256984
vt 0.816871 0.305516
vt 0.870629 0.305516
vt 0.870258 0.743016
vt 0.816871 0.694484
vt 0.870629 0.694484
vt 0.817242 0.743016
vt 0.808129 0.305516
vt 0.754371 0.305516
vt 0.807758 0.256984
vt 0.754742 0.256984
vt 0.807758 0.743016
vt 0.754371 0.694484
vt 0.808129 0.694484
vt 0.754742 0.743016
vt 0.745917 0.680540
vt 0.691583 0.680540
vt 0.746122 0.631960
vt 0.691379 0.631960
vt 0.746121 0.368040
vt 0.691583 0.319460
vt 0.745917 0.319460
vt 0.691379 0.368040
vt 0.683622 0.368040
vt 0.629083 0.319460
vt 0.683417 0.319460
vt 0.628879 0.368040
vt 0.628879 0.631960
vt 0.683622 0.631960
vt 0.629083 0.680541
vt 0.683417 0.680541
vt 0.566379 0.368040
vt 0.620917 0.319459
vt 0.621121 0.368040
vt 0.566583 0.319460
vt 0.566379 0.631960
vt 0.620917 0.680540
vt 0.566583 0.680540
vt 0.621121 0.631960
vt 0.503879 0.631960
vt 0.558417 0.680540
vt 0.504083 0.680540
vt 0.558622 0.631960
vt 0.504083 0.319459
vt 0.558417 0.319459
vt 0.503879 0.368040
vt 0.558621 0.368040
vt 0.441583 0.319459
vt 0.496121 0.368040
vt 0.441379 0.368040
vt 0.495917 0.319459
vt 0.441379 0.631960
vt 0.496121 0.631960
vt 0.441583 0.680540
vt 0.495917 0.680540
vt 0.379083 0.680540
vt 0.378879 0.631960
vt 0.433621 0.631960
vt 0.433417 0.680541
vt 0.379083 0.319460
vt 0.433621 0.368040
vt 0.378879 0.368040
vt 0.433417 0.319460
vt 0.316379 0.368040
vt 0.370917 0.319460
vt 0.371121 0.368040
vt 0.316583 0.319460
vt 0.316379 0.631960
vt 0.370917 0.680540
vt 0.316583 0.680540
vt 0.371121 0.631960
vt 0.308417 0.680541
vt 0.253879 0.631960
vt 0.308621 0.631960
vt 0.254083 0.680540
vt 0.253879 0.368040
vt 0.308417 0.319460
vt 0.308621 0.368040
vt 0.254083 0.319460
vt 0.246121 0.368040
vt 0.191583 0.319460
vt 0.245917 0.319460
vt 0.191379 0.368040
vt 0.191583 0.680540
vt 0.246121 0.631960
vt 0.245917 0.680540
vt 0.191379 0.631960
vt 0.129083 0.680540
vt 0.183621 0.631960
vt 0.183417 0.680541
vt 0.128879 0.631960
vt 0.183621 0.368040
vt 0.129083 0.319460
vt 0.183417 0.319460
vt 0.128879 0.368040
vt 0.121121 0.368040
vt 0.066378 0.368040
vt 0.120917 0.319459
vt 0.066583 0.319459
vt 0.120917 0.680540
vt 0.066378 0.631960
vt 0.121121 0.631960
vt 0.066583 0.680540
vt 0.058621 0.368040
vt 0.003879 0.368040
vt 0.058417 0.319459
vt 0.004083 0.319460
vt 0.058417 0.680540
vt 0.003879 0.631960
vt 0.058621 0.631960
vt 0.004083 0.680540
vt 0.996121 0.368040
vt 0.941583 0.319459
vt 0.995917 0.319459
vt 0.941379 0.368040
vt 0.941583 0.680540
vt 0.996122 0.631960
vt 0.995917 0.680540
vt 0.941378 0.631960
vt 0.933621 0.368040
vt 0.879083 0.319460
vt 0.933417 0.319460
vt 0.878878 0.368040
vt 0.933417 0.680541
vt 0.879083 0.680541
vt 0.933621 0.631960
vt 0.878878 0.631960
vt 0.816583 0.319460
vt 0.870917 0.319459
vt 0.816378 0.368040
vt 0.871121 0.368040
vt 0.870917 0.680540
vt 0.816378 0.631960
vt 0.871121 0.631960
vt 0.816583 0.680541
vt 0.808621 0.368040
vt 0.753878 0.368040
vt 0.808417 0.319459
vt 0.754083 0.319460
vt 0.808417 0.680540
vt 0.753879 0.631960
vt 0.808621 0.631960
vt 0.754083 0.680541
vt 0.746287 0.618059
vt 0.691213 0.618059
vt 0.746392 0.569441
vt 0.691108 0.569441
vt 0.746392 0.430559
vt 0.691213 0.381941
vt 0.746287 0.381941
vt 0.691108 0.430559
vt 0.628608 0.569441
vt 0.683892 0.569441
vt 0.628713 0.618059
vt 0.683787 0.618059
vt 0.683892 0.430559
vt 0.628713 0.381941
vt 0.683787 0.381941
vt 0.628608 0.430559
vt 0.566108 0.430559
vt 0.566213 0.381941
vt 0.621287 0.381941
vt 0.621392 0.430559
vt 0.566108 0.569441
vt 0.621287 0.618059
vt 0.566213 0.618059
vt 0.621392 0.569441
vt 0.503608 0.569441
vt 0.558787 0.618059
vt 0.503713 0.618059
vt 0.558892 0.569441
vt 0.503713 0.381941
vt 0.558787 0.381941
vt 0.503608 0.430559
vt 0.558892 0.430559
vt 0.441213 0.381941
vt 0.496392 0.430559
vt 0.441108 0.430559
vt 0.496287 0.381941
vt 0.441108 0.569441
vt 0.496392 0.569441
vt 0.441213 0.618059
vt 0.496287 0.618059
vt 0.378608 0.569441
vt 0.433892 0.569441
vt 0.378713 0.618059
vt 0.433787 0.618059
vt 0.378713 0.381941
vt 0.433892 0.430559
vt 0.378608 0.430559
vt 0.433787 0.381941
vt 0.316108 0.430559
vt 0.371287 0.381941
vt 0.371392 0.430559
vt 0.316213 0.381941
vt 0.316108 0.569441
vt 0.371287 0.618059
vt 0.316213 0.618059
vt 0.371392 0.569441
vt 0.308787 0.618059
vt 0.253608 0.569441
vt 0.308892 0.569441
vt 0.253713 0.618059
vt 0.253608 0.430559
vt 0.308787 0.381941
vt 0.308892 0.430559
vt 0.253713 0.381941
vt 0.246392 0.430559
vt 0.191213 0.381941
vt 0.246287 0.381941
vt 0.191108 0.430559
vt 0.191213 0.618059
vt 0.246392 0.569441
vt 0.246287 0.618059
vt 0.191108 0.569441
vt 0.128713 0.618059
vt 0.183892 0.569441
vt 0.183787 0.618059
vt 0.128608 0.569441
vt 0.183892 0.430559
vt 0.128713 0.381941
vt 0.183787 0.381941
vt 0.128608 0.430559
vt 0.121392 0.430559
vt 0.066108 0.430559
vt 0.121287 0.381941
vt 0.066213 0.381941
vt 0.121287 0.618059
vt 0.066108 0.569441
vt 0.121392 0.569441
vt 0.066213 0.618059
vt 0.058787 0.618059
vt 0.003608 0.569441
vt 0.058892 0.569441
vt 0.003713 0.618059
vt 0.058892 0.430559
vt 0.003608 0.430559
vt 0.058787 0.381941
vt 0.003713 0.381941
vt 0.941213 0.618059
vt 0.996392 0.569441
vt 0.996287 0.618059
vt 0.941108 0.569441
vt 0.996392 0.430559
vt 0.941213 0.381941
vt 0.996287 0.381941
vt 0.941108 0.430559
vt 0.933787 0.618059
vt 0.878713 0.618059
vt 0.933892 0.569441
vt 0.878608 0.569441
vt 0.933892 0.430559
vt 0.878713 0.381941
vt 0.933787 0.381941
vt 0.878608 0.430559
vt 0.871287 0.618059
vt 0.816108 0.569441
vt 0.871392 0.569441
vt 0.816213 0.618059
vt 0.816213 0.381941
vt 0.871287 0.381941
vt 0.816108 0.430559
vt 0.871392 0.430559
vt 0.808892 0.430559
vt 0.753608 0.430559
vt 0.808787 0.381941
vt 0.753713 0.381941
vt 0.808787 0.618059
vt 0.753608 0.569441
vt 0.808892 0.569441
vt 0.753713 0.618059
vt 0.746468 0.555569
vt 0.691032 0.555569
vt 0.746500 0.506931
vt 0.691000 0.506931
vt 0.746500 0.493069
vt 0.691032 0.444431
vt 0.746468 0.444431
vt 0.691000 0.493069
vt 0.683968 0.555569
vt 0.628532 0.555569
vt 0.684000 0.506931
vt 0.628500 0.506931
vt 0.684000 0.493069
vt 0.628532 0.444431
vt 0.683968 0.444431
vt 0.628500 0.493069
vt 0.566000 0.506931
vt 0.621468 0.555569
vt 0.566032 0.555569
vt 0.621500 0.506931
vt 0.566032 0.444431
vt 0.621468 0.444431
vt 0.566000 0.493069
vt 0.621500 0.493069
vt 0.503500 0.506931
vt 0.558968 0.555569
vt 0.503532 0.555569
vt 0.559000 0.506931
vt 0.503532 0.444431
vt 0.558968 0.444431
vt 0.503500 0.493069
vt 0.559000 0.493069
vt 0.441000 0.506931
vt 0.496500 0.506931
vt 0.441032 0.555569
vt 0.496468 0.555569
vt 0.441032 0.444431
vt 0.496500 0.493069
vt 0.441000 0.493069
vt 0.496468 0.444431
vt 0.378500 0.506931
vt 0.434000 0.506931
vt 0.378532 0.555569
vt 0.433968 0.555569
vt 0.378532 0.444431
vt 0.434000 0.493069
vt 0.378500 0.493069
vt 0.433968 0.444431
vt 0.316000 0.493069
vt 0.371468 0.444431
vt 0.371500 0.493069
vt 0.316032 0.444431
vt 0.371468 0.555569
vt 0.316000 0.506931
vt 0.371500 0.506931
vt 0.316032 0.555569
vt 0.308968 0.555569
vt 0.253500 0.506931
vt 0.309000 0.506931
vt 0.253532 0.555569
vt 0.253500 0.493069
vt 0.308968 0.444431
vt 0.309000 0.493069
vt 0.253532 0.444431
vt 0.191032 0.555569
vt 0.246500 0.506931
vt 0.246468 0.555569
vt 0.191000 0.506931
vt 0.246500 0.493069
vt 0.191032 0.444431
vt 0.246468 0.444431
vt 0.191000 0.493069
vt 0.128532 0.555569
vt 0.184000 0.506931
vt 0.183968 0.555569
vt 0.128500 0.506931
vt 0.184000 0.493069
vt 0.128532 0.444431
vt 0.183968 0.444431
vt 0.128500 0.493069
vt 0.121468 0.555569
vt 0.066000 0.506931
vt 0.121500 0.506931
vt 0.066032 0.555569
vt 0.121500 0.493069
vt 0.066000 0.493069
vt 0.121468 0.444431
vt 0.066032 0.444431
vt 0.058968 0.555569
vt 0.003500 0.506931
vt 0.059000 0.506931
vt 0.003532 0.555569
vt 0.059000 0.493069
vt 0.003500 0.493069
vt 0.058968 0.444431
vt 0.003532 0.444431
vt 0.996468 0.555569
vt 0.941032 0.555569
vt 0.996500 0.506931
vt 0.941000 0.506931
vt 0.996500 0.493069
vt 0.941032 0.444431
vt 0.996468 0.444431
vt 0.941000 0.493069
vt 0.933968 0.555569
vt 0.878532 0.555569
vt 0.934000 0.506931
vt 0.878500 0.506931
vt 0.934000 0.493069
vt 0.878532 0.444431
vt 0.933968 0.444431
vt 0.878500 0.493069
vt 0.871468 0.555569
vt 0.816000 0.506931
vt 0.871500 0.506931
vt 0.816032 0.555569
vt 0.871500 0.493069
vt 0.816000 0.493069
vt 0.871468 0.444431
vt 0.816032 0.444431
vt 0.808968 0.555569
vt 0.753500 0.506931
vt 0.809000 0.506931
vt 0.753532 0.555569
vt 0.809000 0.493069
vt 0.753500 0.493069
vt 0.808968 0.444431
vt 0.753532 0.444431
vt 0.750000 0.562500
vt 0.750000 0.500000
vt 0.687500 0.562500
vt 0.687500 0.500000
vt 0.750000 0.437500
vt 0.687500 0.437500
vt 0.625000 0.562500
vt 0.625000 0.500000
vt 0.625000 0.437500
vt 0.562500 0.562500
vt 0.562500 0.500000
vt 0.562500 0.437500
vt 0.500000 0.562500
vt 0.500000 0.500000
vt 0.500000 0.437500
vt 0.437500 0.562500
vt 0.437500 0.500000
vt 0.437500 0.437500
vt 0.375000 0.562500
vt 0.375000 0.500000
vt 0.375000 0.437500
vt 0.312500 0.437500
vt 0.312500 0.500000
vt 0.312500 0.562500
vt 0.250000 0.562500
vt 0.250000 0.500000
vt 0.250000 0.437500
vt 0.187500 0.562500
vt 0.187500 0.500000
vt 0.187500 0.437500
vt 0.125000 0.562500
vt 0.125000 0.500000
vt 0.125000 0.437500
vt 0.062500 0.562500
vt 0.062500 0.500000
vt 0.062500 0.437500
vt 0.000000 0.562500
vt 0.000000 0.500000
vt 0.000000 0.437500
vt 1.000000 0.562500
vt 1.000000 0.500000
vt 0.937500 0.562500
vt 0.937500 0.500000
vt 1.000000 0.437500
vt 0.937500 0.437500
vt 0.875000 0.562500
vt 0.875000 0.500000
vt 0.875000 0.437500
vt 0.812500 0.562500
vt 0.812500 0.500000
vt 0.812500 0.437500
vt 0.750000 0.625000
vt 0.687500 0.625000
vt 0.750000 0.375000
vt 0.687500 0.375000
vt 0.625000 0.625000
vt 0.625000 0.375000
vt 0.562500 0.625000
vt 0.562500 0.375000
vt 0.500000 0.375000
vt 0.500000 0.625000
vt 0.437500 0.625000
vt 0.437500 0.375000
vt 0.375000 0.375000
vt 0.375000 0.625000
vt 0.312500 0.625000
vt 0.312500 0.375000
vt 0.250000 0.375000
vt 0.187500 0.375000
vt 0.250000 0.625000
vt 0.187500 0.625000
vt 0.125000 0.625000
vt 0.125000 0.375000
vt 0.062500 0.375000
vt 0.062500 0.625000
vt 0.000000 0.625000
vt 0.000000 0.375000
vt 0.937500 0.625000
vt 0.937500 0.375000
vt 0.875000 0.625000
vt 0.875000 0.375000
vt 0.812500 0.625000
vt 0.812500 0.375000
vt 1.000000 0.625000
vt 1.000000 0.375000
vt 0.750000 0.687500
vt 0.687500 0.687500
vt 0.750000 0.312500
vt 0.687500 0.312500
vt 0.625000 0.312500
vt 0.625000 0.687500
vt 0.562500 0.312500
vt 0.562500 0.687500
vt 0.500000 0.687500
vt 0.500000 0.312500
vt 0.437500 0.312500
vt 0.437500 0.687500
vt 0.375000 0.687500
vt 0.375000 0.312500
vt 0.312500 0.312500
vt 0.312500 0.687500
vt 0.250000 0.687500
vt 0.250000 0.312500
vt 0.187500 0.312500
vt 0.187500 0.687500
vt 0.125000 0.687500
vt 0.125000 0.312500
vt 0.062500 0.312500
vt 0.062500 0.687500
vt 0.000000 0.312500
vt 0.000000 0.687500
vt 1.000000 0.312500
vt 0.937500 0.312500
vt 1.000000 0.687500
vt 0.937500 0.687500
vt 0.875000 0.312500
vt 0.875000 0.687500
vt 0.812500 0.312500
vt 0.812500 0.687500
vt 0.750000 0.250000
vt 0.687500 0.250000
vt 0.750000 0.750000
vt 0.687500 0.750000
vt 0.625000 0.250000
vt 0.625000 0.750000
vt 0.562500 0.250000
vt 0.562500 0.750000
vt 0.500000 0.250000
vt 0.500000 0.750000
vt 0.437500 0.250000
vt 0.437500 0.750000
vt 0.375000 0.250000
vt 0.375000 0.750000
vt 0.312500 0.250000
vt 0.312500 0.750000
vt 0.250000 0.250000
vt 0.250000 0.750000
vt 0.187500 0.250000
vt 0.187500 0.750000
vt 0.125000 0.250000
vt 0.125000 0.750000
vt 0.062500 0.250000
vt 0.062500 0.750000
vt 0.000000 0.250000
vt 0.000000 0.750000
vt 1.000000 0.250000
vt 0.937500 0.250000
vt 1.000000 0.750000
vt 0.937500 0.750000
vt 0.875000 0.250000
vt 0.875000 0.750000
vt 0.812500 0.250000
vt 0.812500 0.750000
vt 0.750000 0.187500
vt 0.687500 0.187500
vt 0.750000 0.812500
vt 0.687500 0.812500
vt 0.625000 0.812500
vt 0.625000 0.187500
vt 0.562500 0.812500
vt 0.562500 0.187500
vt 0.500000 0.812500
vt 0.500000 0.187500
vt 0.437500 0.812500
vt 0.437500 0.187500
vt 0.375000 0.187500
vt 0.375000 0.812500
vt 0.312500 0.812500
vt 0.312500 0.187500
vt 0.250000 0.187500
vt 0.250000 0.812500
vt 0.187500 0.812500
vt 0.187500 0.187500
vt 0.125000 0.812500
vt 0.125000 0.187500
vt 0.062500 0.812500
vt 0.062500 0.187500
vt 0.000000 0.812500
vt 0.000000 0.187500
vt 1.000000 0.812500
vt 0.937500 0.812500
vt 1.000000 0.187500
vt 0.937500 0.187500
vt 0.875000 0.812500
vt 0.875000 0.187500
vt 0.812500 0.812500
vt 0.812500 0.187500
vt 0.750000 0.125000
vt 0.687500 0.125000
vt 0.750000 0.875000
vt 0.687500 0.875000
vt 0.625000 0.125000
vt 0.625000 0.875000
vt 0.562500 0.875000
vt 0.562500 0.125000
vt 0.500000 0.125000
vt 0.500000 0.875000
vt 0.437500 0.875000
vt 0.437500 0.125000
vt 0.375000 0.125000
vt 0.375000 0.875000
vt 0.312500 0.875000
vt 0.312500 0.125000
vt 0.250000 0.125000
vt 0.250000 0.875000
vt 0.187500 0.875000
vt 0.187500 0.125000
vt 0.125000 0.125000
vt 0.125000 0.875000
vt 0.062500 0.875000
vt 0.062500 0.125000
vt 0.000000 0.125000
vt 0.000000 0.875000
vt 0.937500 0.875000
vt 1.000000 0.875000
vt 0.937500 0.125000
vt 1.000000 0.125000
vt 0.875000 0.875000
vt 0.875000 0.125000
vt 0.812500 0.125000
vt 0.812500 0.875000
vt 0.750000 0.062500
vt 0.687500 0.062500
vt 0.687500 0.937500
vt 0.750000 0.937500
vt 0.625000 0.062500
vt 0.625000 0.937500
vt 0.562500 0.062500
vt 0.562500 0.937500
vt 0.500000 0.062500
vt 0.500000 0.937500
vt 0.437500 0.937500
vt 0.437500 0.062500
vt 0.375000 0.062500
vt 0.375000 0.937500
vt 0.312500 0.937500
vt 0.312500 0.062500
vt 0.250000 0.062500
vt 0.250000 0.937500
vt 0.187500 0.937500
vt 0.187500 0.062500
vt 0.125000 0.062500
vt 0.125000 0.937500
vt 0.062500 0.062500
vt 0.062500 0.937500
vt 0.000000 0.062500
vt 0.000000 0.937500
vt 0.937500 0.062500
vt 1.000000 0.062500
vt 0.937500 0.937500
vt 1.000000 0.937500
vt 0.875000 0.062500
vt 0.875000 0.937500
vt 0.812500 0.062500
vt 0.812500 0.937500
vt 0.718750 1.000000
vt 0.718750 0.000000
vt 0.656250 1.000000
vt 0.656250 0.000000
vt 0.593750 1.000000
vt 0.593750 0.000000
vt 0.531250 1.000000
vt 0.531250 0.000000
vt 0.468750 1.000000
vt 0.468750 0.000000
vt 0.406250 1.000000
vt 0.406250 0.000000
vt 0.343750 0.000000
vt 0.343750 1.000000
vt 0.281250 1.000000
vt 0.281250 0.000000
vt 0.218750 1.000000
vt 0.218750 0.000000
vt 0.156250 1.000000
vt 0.156250 0.000000
vt 0.093750 1.000000
vt 0.093750 0.000000
vt 0.031250 1.000000
vt 0.031250 0.000000
vt 0.968750 1.000000
vt 0.968750 0.000000
vt 0.906250 1.000000
vt 0.906250 0.000000
vt 0.843750 1.000000
vt 0.843750 0.000000
vt 0.781250 1.000000
vt 0.781250 0.000000
s 1
f 1/1/1 2/2/1 3/3/1
f 4/4/2 5/5/2 6/6/2
f 7/7/3 8/8/3 9/9/3
f 10/10/4 11/11/4 12/12/4
f 13/13/5 14/14/5 15/15/5
f 16/16/6 17/17/6 18/18/6
f 19/19/7 20/20/7 21/21/7
f 22/22/8 23/23/8 24/24/8
f 25/25/9 26/26/9 27/27/9
f 28/28/10 29/29/10 30/30/10
f 31/31/11 32/32/11 33/33/11
f 34/34/12 35/35/12 36/36/12
f 37/37/13 38/38/13 39/39/13
f 40/40/14 41/41/14 42/42/14
f 43/43/15 44/44/15 45/45/15
f 46/46/16 47/47/16 48/48/16
f 49/49/17 50/50/17 51/51/17
f 52/52/18 53/53/18 54/54/18
f 55/55/19 56/56/19 57/57/19
f 58/58/20 59/59/20 60/60/20
f 61/61/21 62/62/21 63/63/21
f 64/64/22 65/65/22 66/66/22
f 67/67/23 68/68/23 69/69/23
f 70/70/24 71/71/24 72/72/24
f 73/73/25 74/74/25 75/75/25
f 76/76/26 77/77/26 78/78/26
f 79/79/27 80/80/27 81/81/27
f 82/82/28 83/83/28 84/84/28
f 85/85/29 86/86/29 87/87/29
f 88/88/30 89/89/30 90/90/30
f 91/91/31 92/92/31 93/93/31
f 94/94/32 95/95/32 96/96/32
f 97/97/33 98/98/34 99/99/33
f 97/97/33 99/99/33 100/100/34
f 101/101/35 102/102/36 103/103/36
f 102/102/36 101/101/35 104/104/37
f 105/105/38 106/106/39 107/107/40
f 106/106/39 105/105/38 108/108/38
f 109/109/41 110/110/42 111/111/41
f 110/110/42 109/109/41 112/112/42
f 113/113/43 114/114/43 115/115/43
f 114/114/43 113/113/43 116/116/43
f 117/117/44 118/118/45 119/119/45
f 118/118/45 117/117/44 120/120/44
f 121/121/46 122/122/47 123/123/46
f 121/121/46 123/123/46 124/124/46
f 125/125/48 126/126/48 127/127/48
f 126/126/48 125/125/48 128/128/48
f 129/129/49 130/130/50 131/131/51
f 130/130/50 129/129/49 132/132/51
f 133/133/52 134/134/53 135/135/54
f 134/134/53 133/133/52 136/136/52
f 137/137/55 138/138/56 139/139/56
f 138/138/56 137/137/55 140/140/55
f 141/141/57 142/142/57 143/143/57
f 142/142/57 141/141/57 144/144/58
f 145/145/59 146/146/59 147/147/60
f 146/146/59 145/145/59 148/148/59
f 149/149/61 150/150/61 151/151/62
f 149/149/61 151/151/62 152/152/61
f 153/153/63 154/154/64 155/155/63
f 154/154/64 153/153/63 156/156/63
f 157/157/65 158/158/66 159/159/67
f 158/158/66 157/157/65 160/160/66
f 161/161/68 162/162/68 163/163/68
f 163/163/68 164/164/68 161/161/68
f 165/165/69 166/166/69 167/167/69
f 166/166/69 165/165/69 168/168/69
f 169/169/70 170/170/70 171/171/71
f 170/170/70 169/169/70 172/172/72
f 173/173/73 174/174/74 175/175/73
f 173/173/73 175/175/73 176/176/73
f 177/177/75 178/178/76 179/179/77
f 179/179/77 180/180/75 177/177/75
f 181/181/78 182/182/79 183/183/80
f 182/182/79 181/181/78 184/184/81
f 185/185/82 186/186/82 187/187/82
f 185/185/82 187/187/82 188/188/83
f 189/189/84 190/190/85 191/191/85
f 190/190/85 189/189/84 192/192/84
f 193/193/86 194/194/87 195/195/86
f 194/194/87 193/193/86 196/196/87
f 197/197/88 198/198/88 199/199/89
f 198/198/88 197/197/88 200/200/88
f 201/201/90 202/202/90 203/203/90
f 202/202/90 201/201/90 204/204/91
f 205/205/92 206/206/93 207/207/93
f 207/207/93 208/208/93 205/205/92
f 209/209/94 210/210/95 211/211/94
f 209/209/94 211/211/94 212/212/94
f 213/213/96 214/214/96 215/215/96
f 214/214/96 213/213/96 216/216/96
f 217/217/97 218/218/97 219/219/98
f 218/218/97 217/217/97 220/220/97
f 221/221/99 222/222/99 223/223/100
f 222/222/99 221/221/99 224/224/101
f 225/225/102 226/226/102 227/227/102
f 226/226/102 225/225/102 228/228/102
f 229/229/103 230/230/103 231/231/103
f 230/230/103 229/229/103 232/232/103
f 233/233/104 234/234/105 235/235/104
f 234/234/105 233/233/104 236/236/104
f 237/237/106 238/238/107 239/239/107
f 238/238/107 237/237/106 240/240/107
f 241/241/108 242/242/109 243/243/109
f 242/242/109 241/241/108 244/244/109
f 245/245/110 246/246/111 247/247/110
f 246/246/111 245/245/110 248/248/110
f 249/249/112 250/250/112 251/251/113
f 250/250/112 249/249/112 252/252/114
f 253/253/115 254/254/115 255/255/115
f 254/254/115 253/253/115 256/256/115
f 257/257/116 258/258/116 259/259/116
f 258/258/116 257/257/116 260/260/117
f 261/261/118 262/262/118 263/263/118
f 262/262/118 261/261/118 264/264/119
f 265/265/120 266/266/120 267/267/120
f 266/266/120 265/265/120 268/268/120
f 269/269/121 270/270/121 271/271/121
f 270/270/121 269/269/121 272/272/121
f 273/273/122 274/274/122 275/275/123
f 274/274/122 273/273/122 276/276/124
f 277/277/125 278/278/126 279/279/126
f 279/279/126 278/278/126 280/280/127
f 281/281/128 282/282/128 283/283/128
f 282/282/128 281/281/128 284/284/128
f 285/285/129 286/286/129 287/287/129
f 286/286/129 285/285/129 288/288/129
f 289/289/130 290/290/131 291/291/132
f 290/290/131 292/292/130 291/291/132
f 293/293/133 294/294/134 295/295/135
f 294/294/134 293/293/133 296/296/135
f 297/297/136 298/298/136 299/299/136
f 298/298/136 297/297/136 300/300/137
f 301/301/138 302/302/138 303/303/138
f 301/301/138 303/303/138 304/304/139
f 305/305/140 306/306/141 307/307/141
f 306/306/141 305/305/140 308/308/141
f 309/309/142 310/310/142 311/311/142
f 310/310/142 312/312/142 311/311/142
f 313/313/143 314/314/144 315/315/143
f 315/315/143 314/314/144 316/316/145
f 317/317/146 318/318/147 319/319/146
f 318/318/147 317/317/146 320/320/146
f 321/321/148 322/322/149 323/323/150
f 322/322/149 321/321/148 324/324/150
f 325/325/151 326/326/152 327/327/152
f 327/327/152 326/326/152 328/328/152
f 329/329/153 330/330/154 331/331/155
f 330/330/154 332/332/156 331/331/155
f 333/333/157 334/334/158 335/335/159
f 334/334/158 333/333/157 336/336/158
f 337/337/160 338/338/160 339/339/161
f 338/338/160 337/337/160 340/340/160
f 341/341/162 342/342/163 343/343/164
f 342/342/163 341/341/162 344/344/164
f 345/345/165 346/346/166 347/347/166
f 346/346/166 345/345/165 348/348/167
f 349/349/168 350/350/169 351/351/168
f 350/350/169 352/352/168 351/351/168
f 353/353/170 354/354/170 355/355/170
f 355/355/170 354/354/170 356/356/170
f 357/357/171 358/358/171 359/359/171
f 358/358/171 357/357/171 360/360/171
f 361/361/172 362/362/173 363/363/174
f 362/362/173 361/361/172 364/364/173
f 365/365/175 366/366/176 367/367/177
f 366/366/176 365/365/175 368/368/178
f 369/369/179 370/370/180 371/371/179
f 370/370/180 369/369/179 372/372/179
f 373/373/181 374/374/181 375/375/181
f 374/374/181 373/373/181 376/376/181
f 377/377/182 378/378/182 379/379/183
f 378/378/182 380/380/183 379/379/183
f 381/381/184 382/382/184 383/383/185
f 382/382/184 381/381/184 384/384/185
f 385/385/186 386/386/187 387/387/186
f 386/386/187 385/385/186 388/388/187
f 389/389/188 390/390/189 391/391/189
f 390/390/189 392/392/188 391/391/189
f 393/393/190 394/394/191 395/395/191
f 394/394/191 393/393/190 396/396/190
f 397/397/192 398/398/192 399/399/193
f 398/398/192 397/397/192 400/400/194
f 401/401/195 402/402/196 403/403/196
f 402/402/196 401/401/195 404/404/197
f 405/405/198 406/406/198 407/407/198
f 407/407/198 406/406/198 408/408/198
f 409/409/199 410/410/200 411/411/201
f 410/410/200 409/409/199 412/412/201
f 413/413/202 414/414/203 415/415/202
f 416/416/202 415/415/202 414/414/203
f 417/417/204 418/418/205 419/419/205
f 418/418/205 420/420/206 419/419/205
f 421/421/207 422/422/207 423/423/208
f 422/422/207 421/421/207 424/424/209
f 425/425/210 426/426/210 427/427/210
f 425/425/210 427/427/210 428/428/211
f 429/429/212 430/430/213 431/431/212
f 430/430/213 429/429/212 432/432/213
f 433/433/214 434/434/215 435/435/214
f 434/434/215 433/433/214 436/436/214
f 437/437/216 438/438/216 439/439/216
f 438/438/216 440/440/217 439/439/216
f 441/441/218 442/442/218 443/443/218
f 442/442/218 441/441/218 444/444/218
f 445/445/219 446/446/219 447/447/219
f 446/446/219 445/445/219 448/448/219
f 449/449/220 450/450/220 451/451/220
f 452/452/220 450/450/220 449/449/220
f 453/453/221 454/454/221 455/455/221
f 454/454/221 453/453/221 456/456/221
f 457/457/222 458/458/222 459/459/222
f 458/458/222 460/460/222 459/459/222
f 461/461/223 462/462/224 463/463/223
f 462/462/224 461/461/223 464/464/223
f 465/465/225 466/466/226 467/467/225
f 466/466/226 465/465/225 468/468/226
f 469/469/227 470/470/227 471/471/228
f 469/469/227 471/471/228 472/472/227
f 473/473/229 474/474/229 475/475/229
f 474/474/229 473/473/229 476/476/229
f 477/477/230 478/478/230 479/479/230
f 478/478/230 477/477/230 480/480/230
f 481/481/231 482/482/232 483/483/231
f 482/482/232 481/481/231 484/484/231
f 485/485/233 486/486/234 487/487/233
f 488/488/233 487/487/233 486/486/234
f 489/489/235 490/490/235 491/491/236
f 490/490/235 489/489/235 492/492/236
f 493/493/237 494/494/238 495/495/238
f 494/494/238 496/496/237 495/495/238
f 497/497/239 498/498/239 499/499/239
f 497/497/239 500/500/239 498/498/239
f 501/501/240 502/502/240 503/503/240
f 502/502/240 501/501/240 504/504/240
f 505/505/241 506/506/242 507/507/243
f 507/507/243 506/506/242 508/508/244
f 509/509/245 510/510/245 511/511/246
f 510/510/245 509/509/245 512/512/247
f 513/513/248 514/514/248 515/515/249
f 514/514/248 513/513/248 516/516/250
f 517/517/251 518/518/252 519/519/253
f 519/519/253 518/518/252 520/520/254
f 521/521/255 522/522/256 523/523/257
f 522/522/256 521/521/255 524/524/258
f 525/525/259 526/526/260 527/527/261
f 525/525/259 527/527/261 528/528/261
f 529/529/262 530/530/262 531/531/263
f 531/531/263 530/530/262 532/532/263
f 533/533/264 534/534/265 535/535/265
f 534/534/265 533/533/264 536/536/265
f 537/537/266 538/538/267 539/539/267
f 538/538/267 537/537/266 540/540/268
f 541/541/269 542/542/270 543/543/269
f 542/542/270 541/541/269 544/544/270
f 545/545/271 546/546/272 547/547/272
f 546/546/272 545/545/271 548/548/271
f 549/549/273 550/550/274 551/551/273
f 550/550/274 549/549/273 552/552/273
f 553/553/275 554/554/275 555/555/275
f 554/554/275 553/553/275 556/556/275
f 557/557/276 558/558/276 559/559/276
f 558/558/276 557/557/276 560/560/276
f 561/561/277 562/562/278 563/563/279
f 563/563/279 562/562/278 564/564/279
f 565/565/280 566/566/280 567/567/281
f 566/566/280 565/565/280 568/568/282
f 569/569/283 570/570/283 571/571/284
f 571/571/284 570/570/283 572/572/285
f 573/573/286 574/574/287 575/575/288
f 574/574/287 573/573/286 576/576/286
f 577/577/289 578/578/290 579/579/290
f 578/578/290 577/577/289 580/580/291
f 581/581/292 582/582/293 583/583/294
f 582/582/293 581/581/292 584/584/293
f 585/585/295 586/586/296 587/587/297
f 586/586/296 585/585/295 588/588/297
f 589/589/298 590/590/299 591/591/300
f 592/592/300 591/591/300 590/590/299
f 593/593/301 594/594/301 595/595/301
f 594/594/301 596/596/301 595/595/301
f 597/597/302 598/598/302 599/599/302
f 598/598/302 597/597/302 600/600/302
f 601/601/303 602/602/304 603/603/304
f 604/604/304 603/603/304 602/602/304
f 605/605/305 606/606/306 607/607/307
f 606/606/306 605/605/305 608/608/307
f 609/609/308 610/610/308 611/611/309
f 612/612/308 611/611/309 610/610/308
f 613/613/310 614/614/311 615/615/312
f 614/614/311 613/613/310 616/616/310
f 617/617/313 618/618/313 619/619/313
f 618/618/313 617/617/313 620/620/314
f 621/621/315 622/622/316 623/623/316
f 622/622/316 624/624/316 623/623/316
f 625/625/317 626/626/317 627/627/317
f 625/625/317 628/628/317 626/626/317
f 629/629/318 630/630/318 631/631/318
f 630/630/318 629/629/318 632/632/318
f 633/633/319 634/634/319 635/635/319
f 634/634/319 633/633/319 636/636/319
f 637/637/320 638/638/320 639/639/320
f 639/639/320 638/638/320 640/640/320
f 641/641/321 642/642/321 643/643/321
f 642/642/321 641/641/321 644/644/321
f 645/645/322 646/646/322 647/647/322
f 647/647/322 646/646/322 648/648/322
f 649/649/323 650/650/324 651/651/323
f 649/649/323 651/651/323 652/652/323
f 653/653/325 654/654/325 655/655/326
f 654/654/325 653/653/325 656/656/325
f 657/657/327 658/658/327 659/659/327
f 658/658/327 657/657/327 660/660/328
f 661/661/329 662/662/329 663/663/329
f 662/662/329 661/661/329 664/664/329
f 665/665/330 666/666/330 667/667/330
f 666/666/330 665/665/330 668/668/330
f 669/669/331 670/670/331 671/671/331
f 670/670/331 669/669/331 672/672/331
f 673/673/332 674/674/332 675/675/332
f 674/674/332 673/673/332 676/676/332
f 677/677/333 678/678/333 679/679/333
f 678/678/333 677/677/333 680/680/333
f 681/681/334 682/682/335 683/683/335
f 682/682/335 681/681/334 684/684/336
f 685/685/337 686/686/337 687/687/338
f 686/686/337 685/685/337 688/688/339
f 689/689/340 690/690/340 691/691/340
f 691/691/340 690/690/340 692/692/340
f 693/693/341 694/694/341 695/695/341
f 694/694/341 693/693/341 696/696/341
f 697/697/342 698/698/343 699/699/343
f 699/699/343 698/698/343 700/700/343
f 701/701/344 702/702/344 703/703/345
f 702/702/344 701/701/344 704/704/344
f 705/705/346 706/706/346 707/707/346
f 706/706/346 705/705/346 708/708/346
f 709/709/347 710/710/347 711/711/347
f 710/710/347 709/709/347 712/712/347
f 713/713/348 714/714/349 715/715/350
f 714/714/349 713/713/348 716/716/349
f 717/717/351 718/718/352 719/719/353
f 720/720/352 719/719/353 718/718/352
f 721/721/354 722/722/355 723/723/354
f 722/722/355 724/724/356 723/723/354
f 725/725/357 726/726/357 727/727/358
f 726/726/357 725/725/357 728/728/359
f 729/729/360 730/730/360 731/731/360
f 732/732/360 731/731/360 730/730/360
f 733/733/361 734/734/361 735/735/361
f 734/734/361 733/733/361 736/736/361
f 737/737/362 738/738/362 739/739/362
f 740/740/362 739/739/362 738/738/362
f 741/741/363 742/742/363 743/743/363
f 742/742/363 741/741/363 744/744/363
f 745/745/364 746/746/365 747/747/364
f 746/746/365 748/748/366 747/747/364
f 749/749/367 750/750/368 751/751/368
f 750/750/368 749/749/367 752/752/369
f 753/753/370 754/754/370 755/755/370
f 753/753/370 755/755/370 756/756/370
f 757/757/371 758/758/371 759/759/371
f 758/758/371 757/757/371 760/760/371
f 761/761/372 762/762/372 763/763/372
f 762/762/372 761/761/372 764/764/373
f 765/765/374 766/766/374 767/767/375
f 767/767/375 766/766/374 768/768/376
f 769/769/377 770/770/377 771/771/377
f 770/770/377 769/769/377 772/772/377
f 773/773/378 774/774/378 775/775/378
f 775/775/378 774/774/378 776/776/378
f 777/777/379 778/778/380 779/779/381
f 779/779/381 778/778/380 780/780/381
f 781/781/382 782/782/382 783/783/383
f 782/782/382 781/781/382 784/784/382
f 785/785/384 786/786/384 787/787/384
f 786/786/384 785/785/384 788/788/384
f 789/789/385 790/790/385 791/791/385
f 790/790/385 789/789/385 792/792/385
f 793/793/386 794/794/386 795/795/386
f 794/794/386 793/793/386 796/796/386
f 797/797/387 798/798/387 799/799/388
f 798/798/387 797/797/387 800/800/387
f 801/801/389 802/802/389 803/803/389
f 802/802/389 801/801/389 804/804/389
f 805/805/390 806/806/390 807/807/391
f 806/806/390 805/805/390 808/808/390
f 809/809/392 810/810/392 811/811/392
f 810/810/392 809/809/392 812/812/392
f 813/813/393 814/814/393 815/815/393
f 814/814/393 813/813/393 816/816/393
f 817/817/394 818/818/395 819/819/395
f 819/819/395 818/818/395 820/820/396
f 821/821/397 822/822/398 823/823/397
f 822/822/398 821/821/397 824/824/398
f 825/825/399 826/826/399 827/827/399
f 826/826/399 825/825/399 828/828/399
f 829/829/400 830/830/400 831/831/400
f 831/831/400 830/830/400 832/832/400
f 833/833/401 834/834/401 835/835/402
f 834/834/401 833/833/401 836/836/403
f 837/837/404 838/838/405 839/839/405
f 838/838/405 837/837/404 840/840/406
f 841/841/407 842/842/407 843/843/407
f 843/843/407 842/842/407 844/844/407
f 845/845/408 846/846/408 847/847/408
f 846/846/408 845/845/408 848/848/408
f 849/849/409 850/850/409 851/851/409
f 850/850/409 849/849/409 852/852/409
f 853/853/410 854/854/410 855/855/410
f 854/854/410 856/856/410 855/855/410
f 857/857/411 858/858/411 859/859/412
f 860/860/413 859/859/412 858/858/411
f 861/861/414 862/862/415 863/863/415
f 862/862/415 861/861/414 864/864/416
f 865/865/417 866/866/418 867/867/419
f 868/868/420 867/867/419 866/866/418
f 869/869/421 870/870/422 871/871/423
f 870/870/422 869/869/421 872/872/424
f 873/873/425 874/874/425 875/875/425
f 876/876/425 875/875/425 874/874/425
f 877/877/426 878/878/426 879/879/426
f 878/878/426 877/877/426 880/880/426
f 881/881/427 882/882/427 883/883/428
f 882/882/427 881/881/427 884/884/429
f 885/885/430 886/886/431 887/887/431
f 887/887/431 886/886/431 888/888/432
f 889/889/433 890/890/433 891/891/433
f 890/890/433 889/889/433 892/892/433
f 893/893/434 894/894/434 895/895/434
f 895/895/434 894/894/434 896/896/434
f 897/897/435 898/898/436 899/899/437
f 899/899/437 898/898/436 900/900/437
f 901/901/438 902/902/439 903/903/440
f 902/902/439 901/901/438 904/904/438
f 905/905/441 906/906/441 907/907/441
f 907/907/441 906/906/441 908/908/441
f 909/909/442 910/910/442 911/911/442
f 910/910/442 909/909/442 912/912/442
f 913/913/443 914/914/443 915/915/444
f 914/914/443 913/913/443 916/916/443
f 917/917/445 918/918/445 919/919/446
f 918/918/445 917/917/445 920/920/445
f 921/921/447 922/922/447 923/923/448
f 922/922/447 921/921/447 924/924/449
f 925/925/450 926/926/451 927/927/450
f 926/926/451 925/925/450 928/928/452
f 929/929/453 930/930/453 931/931/453
f 930/930/453 929/929/453 932/932/453
f 933/933/454 934/934/454 935/935/454
f 934/934/454 933/933/454 936/936/454
f 937/937/455 938/938/455 939/939/455
f 938/938/455 937/937/455 940/940/455
f 941/941/456 942/942/456 943/943/456
f 942/942/456 941/941/456 944/944/456
f 945/945/457 946/946/457 947/947/458
f 946/946/457 945/945/457 948/948/457
f 949/949/459 950/950/460 951/951/460
f 951/951/460 950/950/460 952/952/460
f 953/953/461 954/954/462 955/955/462
f 954/954/462 953/953/461 956/956/462
f 957/957/463 958/958/463 959/959/464
f 959/959/464 958/958/463 960/960/465
f 961/961/466 962/962/466 963/963/466
f 963/963/466 962/962/466 964/964/467
f 965/965/468 966/966/469 967/967/469
f 966/966/469 965/965/468 968/968/470
f 969/969/471 970/970/471 971/971/471
f 971/971/471 970/970/471 972/972/471
f 973/973/472 974/974/473 975/975/472
f 974/974/473 973/973/472 976/976/472
f 977/977/474 978/978/474 979/979/475
f 978/978/474 977/977/474 980/980/474
f 981/981/476 982/982/477 983/983/477
f 984/984/477 983/983/477 982/982/477
f 985/985/478 986/986/478 987/987/478
f 986/986/478 985/985/478 988/988/479
f 989/989/480 990/990/480 991/991/480
f 992/992/481 991/991/480 990/990/480
f 993/993/482 994/867/482 995/994/482
f 994/867/482 993/993/482 996/865/482
f 997/868/483 998/995/484 999/996/485
f 998/995/484 997/868/483 1000/866/485
f 1001/869/486 1002/997/486 1003/994/486
f 1002/997/486 1001/869/486 1004/871/486
f 1005/998/487 1006/872/488 1007/996/488
f 1006/872/488 1005/998/487 1008/870/489
f 1009/875/490 1010/995/491 1011/873/490
f 1010/995/491 1009/875/490 1012/996/490
f 1013/876/492 1014/999/492 1015/1000/492
f 1014/999/492 1013/876/492 1016/874/492
f 1017/877/493 1018/879/493 1019/998/494
f 1019/998/494 1020/996/493 1017/877/493
f 1021/1001/495 1022/880/495 1023/1000/495
f 1022/880/495 1021/1001/495 1024/878/495
f 1025/884/496 1026/999/497 1027/882/497
f 1026/999/497 1025/884/496 1028/1000/496
f 1029/881/498 1030/1002/499 1031/1003/499
f 1030/1002/499 1029/881/498 1032/883/500
f 1033/888/501 1034/886/502 1035/1001/502
f 1035/1001/502 1036/1000/501 1033/888/501
f 1037/1004/503 1038/887/503 1039/1003/504
f 1038/887/503 1037/1004/503 1040/885/505
f 1041/892/506 1042/1002/507 1043/890/507
f 1042/1002/507 1041/892/506 1044/1003/506
f 1045/889/508 1046/891/508 1047/1005/508
f 1047/1005/508 1048/1006/508 1045/889/508
f 1049/896/509 1050/894/510 1051/1004/510
f 1051/1004/510 1052/1003/509 1049/896/509
f 1053/895/511 1054/1007/511 1055/893/511
f 1054/1007/511 1053/895/511 1056/1006/511
f 1057/898/512 1058/1005/512 1059/900/512
f 1058/1005/512 1057/898/512 1060/1006/512
f 1061/897/513 1062/899/514 1063/1008/514
f 1063/1008/514 1064/1009/513 1061/897/513
f 1065/902/515 1066/904/515 1067/1007/515
f 1067/1007/515 1068/1006/515 1065/902/515
f 1069/903/516 1070/1010/517 1071/901/517
f 1070/1010/517 1069/903/516 1072/1009/516
f 1073/1008/518 1074/906/518 1075/1009/519
f 1074/906/518 1073/1008/518 1076/908/519
f 1077/905/520 1078/907/520 1079/1011/520
f 1079/1011/520 1080/1012/521 1077/905/520
f 1081/1010/522 1082/1009/523 1083/910/522
f 1081/1010/522 1083/910/522 1084/912/522
f 1085/911/524 1086/1013/524 1087/909/524
f 1086/1013/524 1085/911/524 1088/1012/525
f 1089/1013/526 1090/1012/527 1091/915/527
f 1089/1013/526 1091/915/527 1092/914/526
f 1093/913/528 1094/1014/529 1095/916/528
f 1094/1014/529 1093/913/528 1096/1015/528
f 1097/1011/530 1098/919/531 1099/1012/531
f 1098/919/531 1097/1011/530 1100/917/530
f 1101/918/532 1102/920/532 1103/1016/533
f 1103/1016/533 1104/1015/532 1101/918/532
f 1105/1016/534 1106/923/535 1107/1015/535
f 1106/923/535 1105/1016/534 1108/921/534
f 1109/1017/536 1110/1018/536 1111/922/536
f 1109/1017/536 1111/922/536 1112/924/536
f 1113/1014/537 1114/1015/538 1115/927/538
f 1113/1014/537 1115/927/538 1116/926/537
f 1117/1019/539 1118/925/540 1119/1018/539
f 1118/925/540 1117/1019/539 1120/928/539
f 1121/1017/541 1122/930/541 1123/1018/541
f 1122/930/541 1121/1017/541 1124/931/541
f 1125/1020/542 1126/1021/542 1127/932/542
f 1125/1020/542 1127/932/542 1128/929/542
f 1129/1019/543 1130/1018/543 1131/933/543
f 1129/1019/543 1131/933/543 1132/935/543
f 1133/1022/544 1134/936/544 1135/1021/544
f 1134/936/544 1133/1022/544 1136/934/544
f 1137/1020/545 1138/938/546 1139/1021/547
f 1138/938/546 1137/1020/545 1140/939/545
f 1141/1023/548 1142/1024/549 1143/940/549
f 1141/1023/548 1143/940/549 1144/937/548
f 1145/941/550 1146/1022/551 1147/1021/552
f 1146/1022/551 1145/941/550 1148/943/552
f 1149/1025/553 1150/944/554 1151/1024/554
f 1150/944/554 1149/1025/553 1152/942/553
f 1153/1023/555 1154/947/556 1155/1024/556
f 1154/947/556 1153/1023/555 1156/945/555
f 1157/1026/557 1158/1027/558 1159/946/559
f 1157/1026/557 1159/946/559 1160/948/558
f 1161/1025/560 1162/949/561 1163/951/560
f 1162/949/561 1161/1025/560 1164/1024/561
f 1165/1028/562 1166/950/562 1167/1027/563
f 1166/950/562 1165/1028/562 1168/952/562
f 1169/1026/564 1170/955/565 1171/1027/565
f 1170/955/565 1169/1026/564 1172/953/564
f 1173/1029/566 1174/954/566 1175/956/566
f 1174/954/566 1173/1029/566 1176/1030/566
f 1177/1028/567 1178/957/568 1179/959/567
f 1178/957/568 1177/1028/567 1180/1027/569
f 1181/1031/570 1182/958/570 1183/1030/570
f 1182/958/570 1181/1031/570 1184/960/570
f 1185/1032/571 1186/963/571 1187/1033/572
f 1186/963/571 1185/1032/571 1188/961/573
f 1189/1034/574 1190/964/575 1191/962/575
f 1190/964/575 1189/1034/574 1192/1035/575
f 1193/1036/576 1194/965/577 1195/967/578
f 1194/965/577 1193/1036/576 1196/1033/578
f 1197/1037/579 1198/968/580 1199/1035/579
f 1198/968/580 1197/1037/579 1200/966/579
f 1201/1034/581 1202/971/582 1203/1035/583
f 1202/971/582 1201/1034/581 1204/969/583
f 1205/1038/584 1206/972/584 1207/970/584
f 1206/972/584 1205/1038/584 1208/1039/584
f 1209/973/585 1210/1037/585 1211/1035/586
f 1210/1037/585 1209/973/585 1212/975/587
f 1213/1040/588 1214/976/588 1215/1039/588
f 1214/976/588 1213/1040/588 1216/974/588
f 1217/1038/589 1218/979/589 1219/1039/589
f 1218/979/589 1217/1038/589 1220/977/589
f 1221/978/590 1222/1041/590 1223/1042/590
f 1222/1041/590 1221/978/590 1224/980/590
f 1225/981/591 1226/1040/591 1227/1039/591
f 1226/1040/591 1225/981/591 1228/983/591
f 1229/1043/592 1230/982/593 1231/1042/593
f 1230/982/593 1229/1043/592 1232/984/593
f 1233/1041/594 1234/987/595 1235/1042/596
f 1234/987/595 1233/1041/594 1236/985/594
f 1237/986/597 1238/993/597 1239/994/598
f 1238/993/597 1237/986/597 1240/988/599
f 1241/989/600 1242/1043/601 1243/1042/600
f 1242/1043/601 1241/989/600 1244/991/601
f 1245/997/602 1246/990/603 1247/994/604
f 1246/990/603 1245/997/602 1248/992/603
f 1249/739/605 1250/1044/606 1251/737/607
f 1250/1044/606 1249/739/605 1252/993/607
f 1253/740/608 1254/1045/609 1255/995/610
f 1254/1045/609 1253/740/608 1256/738/610
f 1257/741/611 1258/1046/612 1259/997/613
f 1258/1046/612 1257/741/611 1260/743/612
f 1261/744/614 1262/1047/615 1263/742/616
f 1262/1047/615 1261/744/614 1264/998/614
f 1265/1045/617 1266/746/618 1267/995/618
f 1266/746/618 1265/1045/617 1268/748/618
f 1269/745/619 1270/1048/620 1271/999/620
f 1270/1048/620 1269/745/619 1272/747/621
f 1273/749/622 1274/751/622 1275/1047/622
f 1275/1047/622 1276/998/622 1273/749/622
f 1277/1049/623 1278/752/623 1279/1001/623
f 1278/752/623 1277/1049/623 1280/750/624
f 1281/756/625 1282/755/626 1283/1049/627
f 1283/1049/627 1284/1001/625 1281/756/625
f 1285/760/628 1286/1048/628 1287/758/629
f 1286/1048/628 1285/760/628 1288/999/628
f 1289/764/630 1290/1050/631 1291/762/632
f 1290/1050/631 1289/764/630 1292/1002/633
f 1293/1051/634 1294/1004/635 1295/768/636
f 1293/1051/634 1295/768/636 1296/766/634
f 1297/1052/637 1298/1007/637 1299/770/638
f 1297/1052/637 1299/770/638 1300/772/638
f 1301/1053/639 1302/774/640 1303/1005/640
f 1302/774/640 1301/1053/639 1304/776/640
f 1305/778/641 1306/1054/642 1307/780/643
f 1306/1054/642 1305/778/641 1308/1008/644
f 1309/782/645 1310/784/646 1311/1055/647
f 1311/1055/647 1312/1010/646 1309/782/645
f 1313/787/648 1314/786/648 1315/1056/648
f 1315/1056/648 1316/1013/648 1313/787/648
f 1317/792/649 1318/1057/650 1319/790/650
f 1318/1057/650 1317/792/649 1320/1011/649
f 1321/795/651 1322/1058/652 1323/793/653
f 1322/1058/652 1321/795/651 1324/1016/653
f 1325/799/654 1326/798/655 1327/1059/655
f 1327/1059/655 1328/1014/656 1325/799/654
f 1329/801/657 1330/803/658 1331/1060/659
f 1331/1060/659 1332/1019/659 1329/801/657
f 1333/804/660 1334/1061/661 1335/802/662
f 1334/1061/661 1333/804/660 1336/1022/660
f 1337/806/663 1338/1062/663 1339/807/663
f 1338/1062/663 1337/806/663 1340/1017/663
f 1341/808/664 1342/805/665 1343/1063/666
f 1343/1063/666 1344/1020/665 1341/808/664
f 1345/812/667 1346/809/668 1347/1064/669
f 1347/1064/669 1348/1023/669 1345/812/667
f 1349/816/670 1350/1065/671 1351/814/672
f 1350/1065/671 1349/816/670 1352/1025/671
f 1353/818/673 1354/1066/673 1355/820/674
f 1354/1066/673 1353/818/673 1356/1028/675
f 1357/822/676 1358/824/677 1359/1067/678
f 1359/1067/678 1360/1026/679 1357/822/676
f 1361/1068/680 1362/1029/681 1363/826/680
f 1361/1068/680 1363/826/680 1364/828/682
f 1365/1069/683 1366/830/683 1367/1031/684
f 1366/830/683 1365/1069/683 1368/832/685
f 1369/1070/686 1370/836/687 1371/833/688
f 1370/836/687 1369/1070/686 1372/1034/689
f 1373/1071/690 1374/840/691 1375/1037/692
f 1374/840/691 1373/1071/690 1376/838/692
f 1377/1072/693 1378/844/693 1379/842/693
f 1378/844/693 1377/1072/693 1380/1038/694
f 1381/1073/695 1382/848/695 1383/1040/695
f 1382/848/695 1381/1073/695 1384/846/696
f 1385/1074/697 1386/1041/697 1387/850/697
f 1385/1074/697 1387/850/697 1388/852/697
f 1389/1075/698 1390/855/698 1391/1043/699
f 1390/855/698 1389/1075/698 1392/853/700
f 1393/857/701 1394/1075/702 1395/1043/703
f 1394/1075/702 1393/857/701 1396/859/701
f 1397/858/704 1398/1046/705 1399/860/706
f 1398/1046/705 1397/858/704 1400/997/707
f 1401/863/708 1402/1074/708 1403/861/709
f 1402/1074/708 1401/863/708 1404/1041/710
f 1405/862/711 1406/1044/712 1407/993/713
f 1406/1044/712 1405/862/711 1408/864/714
f 1409/1051/715 1410/753/716 1411/1004/715
f 1410/753/716 1409/1051/715 1412/754/717
f 1413/757/718 1414/1050/718 1415/1002/719
f 1414/1050/718 1413/757/718 1416/759/720
f 1417/1053/721 1418/1005/721 1419/761/721
f 1417/1053/721 1419/761/721 1420/763/722
f 1421/1052/723 1422/767/723 1423/1007/723
f 1422/767/723 1421/1052/723 1424/765/724
f 1425/771/725 1426/1055/726 1427/769/727
f 1426/1055/726 1425/771/725 1428/1010/725
f 1429/1054/728 1430/1008/728 1431/773/729
f 1429/1054/728 1431/773/729 1432/775/730
f 1433/777/731 1434/779/731 1435/1057/731
f 1435/1057/731 1436/1011/731 1433/777/731
f 1437/783/732 1438/1056/732 1439/781/732
f 1438/1056/732 1437/783/732 1440/1013/732
f 1441/1059/733 1442/785/734 1443/1014/734
f 1442/785/734 1441/1059/733 1444/788/735
f 1445/789/736 1446/791/737 1447/1058/738
f 1447/1058/738 1448/1016/738 1445/789/736
f 1449/794/739 1450/796/740 1451/1062/740
f 1451/1062/740 1452/1017/741 1449/794/739
f 1453/797/742 1454/1060/743 1455/800/743
f 1454/1060/743 1453/797/742 1456/1019/744
f 1457/1063/745 1458/810/746 1459/1020/747
f 1458/810/746 1457/1063/745 1460/811/745
f 1461/1061/748 1462/1022/749 1463/813/750
f 1461/1061/748 1463/813/750 1464/815/750
f 1465/1065/751 1466/817/752 1467/819/751
f 1466/817/752 1465/1065/751 1468/1025/753
f 1469/1064/754 1470/823/755 1471/1023/755
f 1470/823/755 1469/1064/754 1472/821/756
f 1473/1067/757 1474/827/758 1475/1026/759
f 1474/827/758 1473/1067/757 1476/825/760
f 1477/1066/761 1478/829/761 1479/831/762
f 1478/829/761 1477/1066/761 1480/1028/761
f 1481/1076/763 1482/834/764 1483/1032/765
f 1482/834/764 1481/1076/763 1484/835/766
f 1485/1077/767 1486/1036/768 1487/837/769
f 1485/1077/767 1487/837/769 1488/839/767
f 1489/1070/770 1490/843/770 1491/1034/771
f 1490/843/770 1489/1070/770 1492/841/770
f 1493/845/772 1494/1071/772 1495/1037/772
f 1494/1071/772 1493/845/772 1496/847/772
f 1497/1072/773 1498/851/774 1499/1038/773
f 1498/851/774 1497/1072/773 1500/849/773
f 1501/856/775 1502/1073/776 1503/1040/775
f 1502/1073/776 1501/856/775 1504/854/775
f 1505/611/777 1506/1078/778 1507/609/779
f 1506/1078/778 1505/611/777 1508/1044/780
f 1509/612/781 1510/1079/781 1511/1045/781
f 1510/1079/781 1509/612/781 1512/610/782
f 1513/613/783 1514/1080/784 1515/1046/783
f 1514/1080/784 1513/613/783 1516/615/784
f 1517/616/785 1518/1081/785 1519/614/786
f 1518/1081/785 1517/616/785 1520/1047/785
f 1521/617/787 1522/619/788 1523/1081/788
f 1523/1081/788 1524/1047/788 1521/617/787
f 1525/620/789 1526/1082/790 1527/618/791
f 1526/1082/790 1525/620/789 1528/1049/791
f 1529/1079/792 1530/622/793 1531/1045/793
f 1530/622/793 1529/1079/792 1532/624/794
f 1533/621/795 1534/1083/796 1535/1048/797
f 1534/1083/796 1533/621/795 1536/623/796
f 1537/1082/798 1538/1049/798 1539/627/798
f 1537/1082/798 1539/627/798 1540/626/799
f 1541/1084/800 1542/625/800 1543/1051/800
f 1542/625/800 1541/1084/800 1544/628/800
f 1545/1083/801 1546/632/801 1547/1048/801
f 1546/632/801 1545/1083/801 1548/630/801
f 1549/629/802 1550/1085/802 1551/1050/802
f 1550/1085/802 1549/629/802 1552/631/802
f 1553/1085/803 1554/636/803 1555/1050/803
f 1554/636/803 1553/1085/803 1556/634/804
f 1557/1086/805 1558/1053/805 1559/633/805
f 1557/1086/805 1559/633/805 1560/635/805
f 1561/1084/806 1562/1051/807 1563/640/807
f 1561/1084/806 1563/640/807 1564/638/806
f 1565/1087/808 1566/639/808 1567/1052/809
f 1566/639/808 1565/1087/808 1568/637/809
f 1569/1087/810 1570/1052/810 1571/642/810
f 1569/1087/810 1571/642/810 1572/644/810
f 1573/1088/811 1574/643/812 1575/1055/813
f 1574/643/812 1573/1088/811 1576/641/814
f 1577/1086/815 1578/646/815 1579/1053/815
f 1578/646/815 1577/1086/815 1580/648/815
f 1581/1089/816 1582/1054/817 1583/645/816
f 1581/1089/816 1583/645/816 1584/647/817
f 1585/651/818 1586/1089/819 1587/652/818
f 1586/1089/819 1585/651/818 1588/1054/818
f 1589/1090/820 1590/1057/821 1591/650/821
f 1589/1090/820 1591/650/821 1592/649/822
f 1593/654/823 1594/656/823 1595/1088/824
f 1595/1088/824 1596/1055/823 1593/654/823
f 1597/1091/825 1598/655/826 1599/1056/826
f 1598/655/826 1597/1091/825 1600/653/825
f 1601/659/827 1602/658/827 1603/1091/827
f 1603/1091/827 1604/1056/827 1601/659/827
f 1605/1092/828 1606/657/829 1607/1059/830
f 1606/657/829 1605/1092/828 1608/660/829
f 1609/664/831 1610/1090/831 1611/662/831
f 1610/1090/831 1609/664/831 1612/1057/831
f 1613/661/832 1614/663/833 1615/1093/832
f 1615/1093/832 1616/1058/832 1613/661/832
f 1617/667/834 1618/1093/835 1619/665/835
f 1618/1093/835 1617/667/834 1620/1058/834
f 1621/666/836 1622/668/836 1623/1094/836
f 1623/1094/836 1624/1062/837 1621/666/836
f 1625/671/838 1626/670/839 1627/1092/840
f 1627/1092/840 1628/1059/841 1625/671/838
f 1629/669/842 1630/1095/843 1631/672/843
f 1630/1095/843 1629/669/842 1632/1060/844
f 1633/673/845 1634/675/846 1635/1095/846
f 1635/1095/846 1636/1060/845 1633/673/845
f 1637/676/847 1638/1096/847 1639/674/848
f 1638/1096/847 1637/676/847 1640/1061/849
f 1641/678/850 1642/1094/850 1643/679/850
f 1642/1094/850 1641/678/850 1644/1062/850
f 1645/680/851 1646/677/852 1647/1097/851
f 1647/1097/851 1648/1063/853 1645/680/851
f 1649/1097/854 1650/682/854 1651/1063/854
f 1650/682/854 1649/1097/854 1652/683/854
f 1653/684/855 1654/681/856 1655/1098/857
f 1655/1098/857 1656/1064/857 1653/684/855
f 1657/1096/858 1658/1061/858 1659/685/858
f 1657/1096/858 1659/685/858 1660/687/859
f 1661/688/860 1662/1099/861 1663/686/862
f 1662/1099/861 1661/688/860 1664/1065/861
f 1665/1099/863 1666/1065/864 1667/689/865
f 1665/1099/863 1667/689/865 1668/691/864
f 1669/690/866 1670/1100/866 1671/692/867
f 1670/1100/866 1669/690/866 1672/1066/866
f 1673/1098/868 1674/695/869 1675/1064/870
f 1674/695/869 1673/1098/868 1676/693/868
f 1677/694/871 1678/696/871 1679/1101/871
f 1679/1101/871 1680/1067/871 1677/694/871
f 1681/1100/872 1682/1066/872 1683/697/872
f 1681/1100/872 1683/697/872 1684/699/872
f 1685/1102/873 1686/698/874 1687/1069/875
f 1686/698/874 1685/1102/873 1688/700/873
f 1689/1101/876 1690/703/876 1691/1067/876
f 1690/703/876 1689/1101/876 1692/701/876
f 1693/1103/877 1694/1068/878 1695/702/877
f 1693/1103/877 1695/702/877 1696/704/877
f 1697/1104/879 1698/1077/879 1699/705/879
f 1697/1104/879 1699/705/879 1700/707/879
f 1701/1105/880 1702/708/880 1703/1071/880
f 1702/708/880 1701/1105/880 1704/706/880
f 1705/1106/881 1706/710/881 1707/1076/881
f 1706/710/881 1705/1106/881 1708/711/881
f 1709/1107/882 1710/1070/882 1711/712/882
f 1709/1107/882 1711/712/882 1712/709/882
f 1713/713/883 1714/1105/884 1715/1071/884
f 1714/1105/884 1713/713/883 1716/715/885
f 1717/1108/886 1718/716/887 1719/1073/888
f 1718/716/887 1717/1108/886 1720/714/889
f 1721/1107/890 1722/719/891 1723/1070/890
f 1722/719/891 1721/1107/890 1724/717/890
f 1725/1109/892 1726/1072/893 1727/720/893
f 1725/1109/892 1727/720/893 1728/718/894
f 1729/724/895 1730/1108/895 1731/1073/895
f 1730/1108/895 1729/724/895 1732/722/896
f 1733/1110/897 1734/723/897 1735/1075/897
f 1734/723/897 1733/1110/897 1736/721/898
f 1737/727/899 1738/1109/900 1739/725/900
f 1738/1109/900 1737/727/899 1740/1072/900
f 1741/1111/901 1742/1074/901 1743/726/902
f 1741/1111/901 1743/726/902 1744/728/903
f 1745/729/904 1746/1110/904 1747/1075/904
f 1746/1110/904 1745/729/904 1748/731/904
f 1749/730/905 1750/1080/905 1751/732/905
f 1750/1080/905 1749/730/905 1752/1046/905
f 1753/735/906 1754/1111/906 1755/733/906
f 1754/1111/906 1753/735/906 1756/1074/907
f 1757/734/908 1758/1078/909 1759/1044/908
f 1758/1078/909 1757/734/908 1760/736/909
f 1761/1112/910 1762/481/910 1763/483/910
f 1762/481/910 1761/1112/910 1764/1080/910
f 1765/484/911 1766/1113/911 1767/482/911
f 1766/1113/911 1765/484/911 1768/1081/911
f 1769/487/912 1770/1114/912 1771/485/912
f 1770/1114/912 1769/487/912 1772/1078/912
f 1773/1115/913 1774/488/913 1775/486/913
f 1774/488/913 1773/1115/913 1776/1079/913
f 1777/1113/914 1778/1081/915 1779/489/915
f 1777/1113/914 1779/489/915 1780/491/916
f 1781/492/917 1782/1116/917 1783/490/917
f 1782/1116/917 1781/492/917 1784/1082/917
f 1785/494/918 1786/1115/919 1787/496/919
f 1786/1115/919 1785/494/918 1788/1079/918
f 1789/493/920 1790/1117/920 1791/1083/920
f 1790/1117/920 1789/493/920 1792/495/920
f 1793/499/921 1794/1116/921 1795/1082/922
f 1794/1116/921 1793/499/921 1796/498/923
f 1797/497/924 1798/1118/924 1799/500/924
f 1798/1118/924 1797/497/924 1800/1084/924
f 1801/1117/925 1802/504/926 1803/1083/926
f 1802/504/926 1801/1117/925 1804/502/925
f 1805/501/927 1806/1119/928 1807/1085/927
f 1806/1119/928 1805/501/927 1808/503/928
f 1809/508/929 1810/1118/929 1811/1084/929
f 1810/1118/929 1809/508/929 1812/506/929
f 1813/1120/930 1814/507/931 1815/1087/930
f 1814/507/931 1813/1120/930 1816/505/930
f 1817/1119/932 1818/512/932 1819/1085/932
f 1818/512/932 1817/1119/932 1820/510/932
f 1821/509/933 1822/1121/933 1823/1086/933
f 1822/1121/933 1821/509/933 1824/511/933
f 1825/514/934 1826/1120/935 1827/1087/936
f 1826/1120/935 1825/514/934 1828/516/937
f 1829/1122/938 1830/515/938 1831/1088/938
f 1830/515/938 1829/1122/938 1832/513/938
f 1833/1121/939 1834/518/939 1835/1086/940
f 1834/518/939 1833/1121/939 1836/520/941
f 1837/517/942 1838/1123/942 1839/1089/942
f 1838/1123/942 1837/517/942 1840/519/942
f 1841/522/943 1842/524/944 1843/1122/944
f 1843/1122/944 1844/1088/943 1841/522/943
f 1845/1124/945 1846/523/945 1847/1091/945
f 1846/523/945 1845/1124/945 1848/521/945
f 1849/527/946 1850/1123/946 1851/528/946
f 1850/1123/946 1849/527/946 1852/1089/946
f 1853/526/947 1854/1125/947 1855/1090/947
f 1854/1125/947 1853/526/947 1856/525/947
f 1857/529/948 1858/531/949 1859/1124/950
f 1859/1124/950 1860/1091/950 1857/529/948
f 1861/530/951 1862/1126/952 1863/532/952
f 1862/1126/952 1861/530/951 1864/1092/951
f 1865/1125/953 1866/536/954 1867/1090/953
f 1866/536/954 1865/1125/953 1868/534/953
f 1869/1127/955 1870/1093/956 1871/533/956
f 1869/1127/955 1871/533/956 1872/535/955
f 1873/539/957 1874/538/957 1875/1126/957
f 1875/1126/957 1876/1092/957 1873/539/957
f 1877/1128/958 1878/537/959 1879/1095/960
f 1878/537/959 1877/1128/958 1880/540/958
f 1881/1127/961 1882/544/961 1883/1093/961
f 1882/544/961 1881/1127/961 1884/542/961
f 1885/541/962 1886/543/963 1887/1129/963
f 1887/1129/963 1888/1094/962 1885/541/962
f 1889/545/964 1890/547/964 1891/1128/964
f 1891/1128/964 1892/1095/964 1889/545/964
f 1893/1130/965 1894/548/965 1895/1096/965
f 1894/548/965 1893/1130/965 1896/546/965
f 1897/1129/966 1898/550/966 1899/1094/966
f 1898/550/966 1897/1129/966 1900/551/966
f 1901/552/967 1902/549/968 1903/1131/968
f 1903/1131/968 1904/1097/967 1901/552/967
f 1905/554/969 1906/556/970 1907/1130/970
f 1907/1130/970 1908/1096/969 1905/554/969
f 1909/1132/971 1910/555/972 1911/1099/973
f 1910/555/972 1909/1132/971 1912/553/972
f 1913/1131/974 1914/558/975 1915/1097/975
f 1914/558/975 1913/1131/974 1916/559/974
f 1917/560/976 1918/557/977 1919/1133/977
f 1919/1133/977 1920/1098/977 1917/560/976
f 1921/1132/978 1922/1099/978 1923/561/978
f 1921/1132/978 1923/561/978 1924/563/978
f 1925/562/979 1926/1134/979 1927/564/980
f 1926/1134/979 1925/562/979 1928/1100/979
f 1929/1133/981 1930/567/981 1931/1098/981
f 1930/567/981 1929/1133/981 1932/565/981
f 1933/566/982 1934/568/982 1935/1135/982
f 1935/1135/982 1936/1101/982 1933/566/982
f 1937/1134/983 1938/1100/984 1939/569/984
f 1937/1134/983 1939/569/984 1940/571/983
f 1941/1136/985 1942/570/986 1943/1102/986
f 1942/570/986 1941/1136/985 1944/572/985
f 1945/1135/987 1946/575/987 1947/1101/987
f 1946/575/987 1945/1135/987 1948/573/987
f 1949/1137/988 1950/1103/988 1951/574/989
f 1949/1137/988 1951/574/989 1952/576/988
f 1953/1138/990 1954/1104/990 1955/577/991
f 1953/1138/990 1955/577/991 1956/579/990
f 1957/1139/992 1958/580/992 1959/1105/993
f 1958/580/992 1957/1139/992 1960/578/992
f 1961/1140/994 1962/582/995 1963/1106/996
f 1962/582/995 1961/1140/994 1964/583/996
f 1965/1141/997 1966/1107/998 1967/584/997
f 1965/1141/997 1967/584/997 1968/581/999
f 1969/585/1000 1970/1139/1000 1971/1105/1000
f 1970/1139/1000 1969/585/1000 1972/587/1001
f 1973/1142/1002 1974/588/1002 1975/1108/1002
f 1974/588/1002 1973/1142/1002 1976/586/1003
f 1977/591/1004 1978/1141/1005 1979/589/1004
f 1978/1141/1005 1977/591/1004 1980/1107/1006
f 1981/1143/1007 1982/1109/1007 1983/592/1007
f 1981/1143/1007 1983/592/1007 1984/590/1007
f 1985/596/1008 1986/1142/1009 1987/1108/1009
f 1986/1142/1009 1985/596/1008 1988/594/1009
f 1989/1144/1010 1990/595/1011 1991/1110/1011
f 1990/595/1011 1989/1144/1010 1992/593/1010
f 1993/599/1012 1994/1143/1013 1995/597/1013
f 1994/1143/1013 1993/599/1012 1996/1109/1014
f 1997/598/1015 1998/600/1015 1999/1145/1015
f 1999/1145/1015 2000/1111/1015 1997/598/1015
f 2001/1144/1016 2002/601/1016 2003/603/1016
f 2002/601/1016 2001/1144/1016 2004/1110/1016
f 2005/602/1017 2006/1112/1018 2007/604/1018
f 2006/1112/1018 2005/602/1017 2008/1080/1019
f 2009/607/1020 2010/1145/1020 2011/605/1021
f 2010/1145/1020 2009/607/1020 2012/1111/1022
f 2013/1114/1023 2014/606/1024 2015/608/1025
f 2014/606/1024 2013/1114/1023 2016/1078/1026
f 2017/1146/1027 2018/1112/1027 2019/353/1027
f 2017/1146/1027 2019/353/1027 2020/355/1027
f 2021/356/1028 2022/354/1028 2023/1113/1028
f 2023/1113/1028 2024/1147/1029 2021/356/1028
f 2025/1148/1030 2026/359/1030 2027/1114/1030
f 2026/359/1030 2025/1148/1030 2028/357/1030
f 2029/360/1031 2030/1115/1032 2031/358/1032
f 2030/1115/1032 2029/360/1031 2032/1149/1031
f 2033/1149/1033 2034/362/1034 2035/1115/1033
f 2034/362/1034 2033/1149/1033 2036/363/1033
f 2037/1150/1035 2038/364/1036 2039/361/1035
f 2038/364/1036 2037/1150/1035 2040/1117/1036
f 2041/1147/1037 2042/1113/1037 2043/365/1037
f 2041/1147/1037 2043/365/1037 2044/367/1038
f 2045/368/1039 2046/1151/1039 2047/366/1040
f 2046/1151/1039 2045/368/1039 2048/1116/1041
f 2049/371/1042 2050/1150/1042 2051/369/1042
f 2050/1150/1042 2049/371/1042 2052/1117/1042
f 2053/370/1043 2054/1152/1043 2055/1119/1043
f 2054/1152/1043 2053/370/1043 2056/372/1043
f 2057/375/1044 2058/1151/1044 2059/1116/1044
f 2058/1151/1044 2057/375/1044 2060/374/1044
f 2061/373/1045 2062/1153/1045 2063/376/1045
f 2062/1153/1045 2061/373/1045 2064/1118/1045
f 2065/1119/1046 2066/380/1047 2067/378/1046
f 2066/380/1047 2065/1119/1046 2068/1152/1047
f 2069/377/1048 2070/1154/1049 2071/1121/1050
f 2070/1154/1049 2069/377/1048 2072/379/1049
f 2073/1118/1051 2074/383/1051 2075/1153/1051
f 2074/383/1051 2073/1118/1051 2076/381/1051
f 2077/384/1052 2078/1155/1053 2079/382/1053
f 2078/1155/1053 2077/384/1052 2080/1120/1053
f 2081/388/1054 2082/1154/1055 2083/386/1055
f 2082/1154/1055 2081/388/1054 2084/1121/1054
f 2085/1123/1056 2086/387/1056 2087/1156/1056
f 2086/387/1056 2085/1123/1056 2088/385/1056
f 2089/392/1057 2090/1155/1058 2091/1120/1057
f 2090/1155/1058 2089/392/1057 2092/390/1057
f 2093/1122/1059 2094/389/1060 2095/391/1059
f 2094/389/1060 2093/1122/1059 2096/1157/1060
f 2097/393/1061 2098/1157/1061 2099/1122/1061
f 2098/1157/1061 2097/393/1061 2100/395/1061
f 2101/396/1062 2102/1158/1062 2103/394/1062
f 2102/1158/1062 2101/396/1062 2104/1124/1062
f 2105/398/1063 2106/1156/1063 2107/399/1063
f 2106/1156/1063 2105/398/1063 2108/1123/1063
f 2109/400/1064 2110/1159/1064 2111/1125/1064
f 2110/1159/1064 2109/400/1064 2112/397/1064
f 2113/1159/1065 2114/403/1066 2115/1125/1066
f 2114/403/1066 2113/1159/1065 2116/401/1065
f 2117/1160/1067 2118/1127/1067 2119/402/1067
f 2117/1160/1067 2119/402/1067 2120/404/1067
f 2121/405/1068 2122/407/1068 2123/1158/1068
f 2123/1158/1068 2124/1124/1068 2121/405/1068
f 2125/1161/1069 2126/406/1069 2127/1126/1069
f 2126/406/1069 2125/1161/1069 2128/408/1069
f 2129/1126/1070 2130/411/1070 2131/1161/1071
f 2130/411/1070 2129/1126/1070 2132/409/1070
f 2133/1162/1072 2134/412/1072 2135/1128/1072
f 2134/412/1072 2133/1162/1072 2136/410/1072
f 2137/413/1073 2138/1127/1073 2139/1160/1073
f 2138/1127/1073 2137/413/1073 2140/415/1073
f 2141/1163/1074 2142/1129/1074 2143/416/1074
f 2141/1163/1074 2143/416/1074 2144/414/1075
f 2145/1163/1076 2146/418/1076 2147/1129/1076
f 2146/418/1076 2145/1163/1076 2148/420/1077
f 2149/1131/1078 2150/419/1079 2151/1164/1080
f 2150/419/1079 2149/1131/1078 2152/417/1078
f 2153/1162/1081 2154/1128/1081 2155/421/1082
f 2153/1162/1081 2155/421/1082 2156/423/1081
f 2157/422/1083 2158/1130/1084 2159/1165/1085
f 2158/1130/1084 2157/422/1083 2160/424/1084
f 2161/1164/1086 2162/427/1086 2163/1131/1086
f 2162/427/1086 2161/1164/1086 2164/428/1086
f 2165/426/1087 2166/425/1088 2167/1166/1089
f 2167/1166/1089 2168/1133/1087 2165/426/1087
f 2169/1165/1090 2170/1130/1090 2171/430/1090
f 2169/1165/1090 2171/430/1090 2172/432/1090
f 2173/1167/1091 2174/431/1092 2175/1132/1092
f 2174/431/1092 2173/1167/1091 2176/429/1093
f 2177/1166/1094 2178/436/1094 2179/1133/1094
f 2178/436/1094 2177/1166/1094 2180/434/1094
f 2181/433/1095 2182/435/1095 2183/1168/1095
f 2183/1168/1095 2184/1135/1095 2181/433/1095
f 2185/440/1096 2186/438/1096 2187/1167/1096
f 2187/1167/1096 2188/1132/1097 2185/440/1096
f 2189/439/1098 2190/1169/1098 2191/437/1098
f 2190/1169/1098 2189/439/1098 2192/1134/1098
f 2193/443/1099 2194/442/1099 2195/1135/1099
f 2195/1135/1099 2196/1168/1099 2193/443/1099
f 2197/444/1100 2198/441/1100 2199/1170/1100
f 2199/1170/1100 2200/1137/1100 2197/444/1100
f 2201/447/1101 2202/1134/1101 2203/445/1101
f 2202/1134/1101 2201/447/1101 2204/1169/1101
f 2205/448/1102 2206/1171/1102 2207/446/1102
f 2206/1171/1102 2205/448/1102 2208/1136/1102
f 2209/450/1103 2210/1172/1103 2211/451/1103
f 2210/1172/1103 2209/450/1103 2212/1140/1103
f 2213/449/1104 2214/1141/1105 2215/452/1105
f 2214/1141/1105 2213/449/1104 2216/1173/1104
f 2217/453/1106 2218/455/1107 2219/1174/1107
f 2219/1174/1107 2220/1138/1106 2217/453/1106
f 2221/454/1108 2222/456/1109 2223/1139/1109
f 2223/1139/1109 2224/1175/1108 2221/454/1108
f 2225/458/1110 2226/1173/1110 2227/460/1110
f 2226/1173/1110 2225/458/1110 2228/1141/1110
f 2229/457/1111 2230/459/1112 2231/1176/1111
f 2231/1176/1111 2232/1143/1113 2229/457/1111
f 2233/461/1114 2234/463/1114 2235/1175/1114
f 2235/1175/1114 2236/1139/1114 2233/461/1114
f 2237/1177/1115 2238/464/1115 2239/1142/1116
f 2238/464/1115 2237/1177/1115 2240/462/1117
f 2241/468/1118 2242/1176/1118 2243/466/1118
f 2242/1176/1118 2241/468/1118 2244/1143/1119
f 2245/1178/1120 2246/1145/1120 2247/465/1120
f 2245/1178/1120 2247/465/1120 2248/467/1120
f 2249/1177/1121 2250/472/1122 2251/471/1121
f 2250/472/1122 2249/1177/1121 2252/1142/1123
f 2253/1179/1124 2254/469/1124 2255/1144/1124
f 2254/469/1124 2253/1179/1124 2256/470/1124
f 2257/474/1125 2258/476/1126 2259/1145/1125
f 2259/1145/1125 2260/1178/1127 2257/474/1125
f 2261/1148/1128 2262/1114/1128 2263/473/1128
f 2261/1148/1128 2263/473/1128 2264/475/1128
f 2265/480/1129 2266/1144/1129 2267/478/1130
f 2266/1144/1129 2265/480/1129 2268/1179/1130
f 2269/1146/1131 2270/479/1131 2271/1112/1131
f 2270/479/1131 2269/1146/1131 2272/477/1131
f 2273/483/1132 2274/1113/1132 2275/1112/1133
f 2274/1113/1132 2273/483/1132 2276/482/1132
f 2277/485/1134 2278/1115/1134 2279/486/1134
f 2278/1115/1134 2277/485/1134 2280/1114/1134
f 2281/1146/1135 2282/356/1135 2283/1147/1136
f 2282/356/1135 2281/1146/1135 2284/355/1135
f 2285/1180/1137 2286/226/1137 2287/1181/1137
f 2286/226/1137 2285/1180/1137 2288/227/1138
f 2289/1182/1139 2290/1183/1139 2291/229/1139
f 2289/1182/1139 2291/229/1139 2292/231/1139
f 2293/1148/1140 2294/1149/1141 2295/360/1140
f 2293/1148/1140 2295/360/1140 2296/357/1140
f 2297/361/1142 2298/363/1143 2299/1149/1142
f 2299/1149/1142 2300/1150/1144 2297/361/1142
f 2301/490/1145 2302/1113/1146 2303/491/1145
f 2302/1113/1146 2301/490/1145 2304/1116/1146
f 2305/495/1147 2306/496/1148 2307/1115/1148
f 2307/1115/1148 2308/1117/1149 2305/495/1147
f 2309/366/1150 2310/1147/1150 2311/367/1151
f 2310/1147/1150 2309/366/1150 2312/1151/1151
f 2313/234/1152 2314/1181/1153 2315/235/1152
f 2314/1181/1153 2313/234/1152 2316/1184/1152
f 2317/237/1154 2318/239/1154 2319/1183/1154
f 2319/1183/1154 2320/1185/1155 2317/237/1154
f 2321/1186/1156 2322/242/1156 2323/1185/1156
f 2322/242/1156 2321/1186/1156 2324/243/1156
f 2325/1150/1157 2326/1152/1157 2327/372/1158
f 2325/1150/1157 2327/372/1158 2328/369/1157
f 2329/1118/1159 2330/1116/1160 2331/498/1160
f 2329/1118/1159 2331/498/1160 2332/500/1159
f 2333/1119/1161 2334/502/1162 2335/1117/1162
f 2334/502/1162 2333/1119/1161 2336/503/1161
f 2337/1151/1163 2338/376/1163 2339/1153/1163
f 2338/376/1163 2337/1151/1163 2340/374/1163
f 2341/1187/1164 2342/1184/1165 2343/246/1165
f 2341/1187/1164 2343/246/1165 2344/248/1164
f 2345/380/1166 2346/1154/1166 2347/379/1166
f 2346/1154/1166 2345/380/1166 2348/1152/1166
f 2349/505/1167 2350/1118/1167 2351/506/1167
f 2350/1118/1167 2349/505/1167 2352/1120/1167
f 2353/1119/1168 2354/511/1168 2355/510/1168
f 2354/511/1168 2353/1119/1168 2356/1121/1168
f 2357/383/1169 2358/382/1169 2359/1155/1169
f 2359/1155/1169 2360/1153/1169 2357/383/1169
f 2361/249/1170 2362/251/1171 2363/1188/1172
f 2363/1188/1172 2364/1187/1170 2361/249/1170
f 2365/254/1173 2366/1189/1174 2367/255/1175
f 2366/1189/1174 2365/254/1173 2368/1186/1176
f 2369/258/1177 2370/1189/1178 2371/1190/1179
f 2370/1189/1178 2369/258/1177 2372/260/1180
f 2373/387/1181 2374/1154/1181 2375/1156/1181
f 2374/1154/1181 2373/387/1181 2376/386/1181
f 2377/516/1182 2378/513/1183 2379/1122/1182
f 2379/1122/1182 2380/1120/1183 2377/516/1182
f 2381/1123/1184 2382/520/1184 2383/1121/1184
f 2382/520/1184 2381/1123/1184 2384/519/1184
f 2385/389/1185 2386/1155/1185 2387/390/1185
f 2386/1155/1185 2385/389/1185 2388/1157/1185
f 2389/261/1186 2390/1188/1187 2391/264/1188
f 2390/1188/1187 2389/261/1186 2392/1191/1186
f 2393/1122/1189 2394/521/1190 2395/1124/1190
f 2394/521/1190 2393/1122/1189 2396/524/1189
f 2397/1123/1191 2398/1125/1192 2399/525/1192
f 2397/1123/1191 2399/525/1192 2400/528/1191
f 2401/1157/1193 2402/394/1194 2403/1158/1194
f 2402/394/1194 2401/1157/1193 2404/395/1195
f 2405/1191/1196 2406/266/1196 2407/1192/1196
f 2406/266/1196 2405/1191/1196 2408/267/1196
f 2409/1190/1197 2410/1193/1198 2411/269/1198
f 2409/1190/1197 2411/269/1198 2412/271/1197
f 2413/1156/1199 2414/1159/1200 2415/397/1199
f 2413/1156/1199 2415/397/1199 2416/399/1200
f 2417/273/1201 2418/1194/1201 2419/276/1202
f 2418/1194/1201 2417/273/1201 2420/1193/1202
f 2421/404/1203 2422/401/1203 2423/1159/1203
f 2423/1159/1203 2424/1160/1203 2421/404/1203
f 2425/531/1204 2426/1126/1204 2427/1124/1204
f 2426/1126/1204 2425/531/1204 2428/532/1204
f 2429/534/1205 2430/1127/1205 2431/535/1205
f 2430/1127/1205 2429/534/1205 2432/1125/1205
f 2433/1158/1206 2434/408/1206 2435/1161/1206
f 2434/408/1206 2433/1158/1206 2436/407/1206
f 2437/279/1207 2438/1195/1208 2439/1192/1209
f 2438/1195/1208 2437/279/1207 2440/280/1208
f 2441/1162/1210 2442/411/1210 2443/410/1210
f 2442/411/1210 2441/1162/1210 2444/1161/1210
f 2445/1196/1211 2446/1195/1211 2447/282/1212
f 2445/1196/1211 2447/282/1212 2448/284/1213
f 2449/1197/1214 2450/286/1214 2451/1194/1215
f 2450/286/1214 2449/1197/1214 2452/287/1216
f 2453/413/1217 2454/1163/1217 2455/414/1217
f 2454/1163/1217 2453/413/1217 2456/1160/1217
f 2457/1128/1218 2458/538/1219 2459/540/1218
f 2458/538/1219 2457/1128/1218 2460/1126/1219
f 2461/542/1220 2462/1129/1220 2463/543/1220
f 2462/1129/1220 2461/542/1220 2464/1127/1220
f 2465/1197/1221 2466/1198/1222 2467/291/1223
f 2465/1197/1221 2467/291/1223 2468/292/1224
f 2469/1163/1225 2470/419/1225 2471/420/1225
f 2470/419/1225 2469/1163/1225 2472/1164/1226
f 2473/547/1227 2474/546/1227 2475/1130/1227
f 2475/1130/1227 2476/1128/1227 2473/547/1227
f 2477/551/1228 2478/1131/1228 2479/549/1228
f 2478/1131/1228 2477/551/1228 2480/1129/1229
f 2481/422/1230 2482/1162/1230 2483/423/1230
f 2482/1162/1230 2481/422/1230 2484/1165/1231
f 2485/1196/1232 2486/294/1233 2487/1199/1232
f 2486/294/1233 2485/1196/1232 2488/295/1234
f 2489/300/1235 2490/297/1236 2491/1200/1236
f 2491/1200/1236 2492/1199/1235 2489/300/1235
f 2493/1201/1237 2494/304/1237 2495/1198/1237
f 2494/304/1237 2493/1201/1237 2496/301/1238
f 2497/425/1239 2498/1164/1239 2499/1166/1239
f 2498/1164/1239 2497/425/1239 2500/428/1239
f 2501/553/1240 2502/1130/1240 2503/556/1240
f 2502/1130/1240 2501/553/1240 2504/1132/1240
f 2505/557/1241 2506/1131/1241 2507/1133/1241
f 2506/1131/1241 2505/557/1241 2508/559/1241
f 2509/429/1242 2510/1165/1242 2511/432/1242
f 2510/1165/1242 2509/429/1242 2512/1167/1242
f 2513/1202/1243 2514/306/1244 2515/1201/1245
f 2514/306/1244 2513/1202/1243 2516/307/1245
f 2517/435/1246 2518/1166/1247 2519/1168/1247
f 2518/1166/1247 2517/435/1246 2520/434/1247
f 2521/1134/1248 2522/1132/1249 2523/563/1249
f 2521/1134/1248 2523/563/1249 2524/564/1248
f 2525/1135/1250 2526/565/1251 2527/1133/1251
f 2526/565/1251 2525/1135/1250 2528/568/1250
f 2529/1167/1252 2530/437/1253 2531/1169/1254
f 2530/437/1253 2529/1167/1252 2532/438/1252
f 2533/1203/1255 2534/1200/1256 2535/310/1257
f 2533/1203/1255 2535/310/1257 2536/309/1258
f 2537/1203/1259 2538/316/1260 2539/1204/1261
f 2538/316/1260 2537/1203/1259 2540/315/1262
f 2541/320/1263 2542/317/1264 2543/1202/1265
f 2543/1202/1265 2544/1205/1266 2541/320/1263
f 2545/443/1267 2546/1170/1267 2547/441/1267
f 2546/1170/1267 2545/443/1267 2548/1168/1267
f 2549/571/1268 2550/1136/1269 2551/1134/1268
f 2550/1136/1269 2549/571/1268 2552/572/1270
f 2553/573/1271 2554/1137/1272 2555/576/1272
f 2554/1137/1272 2553/573/1271 2556/1135/1272
f 2557/447/1273 2558/1171/1273 2559/1169/1273
f 2558/1171/1273 2557/447/1273 2560/446/1274
f 2561/321/1275 2562/1206/1276 2563/324/1277
f 2562/1206/1276 2561/321/1275 2564/1207/1278
f 2565/449/1279 2566/451/1280 2567/1172/1281
f 2567/1172/1281 2568/1173/1279 2565/449/1279
f 2569/1139/1282 2570/579/1283 2571/578/1282
f 2570/579/1283 2569/1139/1282 2572/1138/1282
f 2573/583/1284 2574/1141/1285 2575/581/1285
f 2574/1141/1285 2573/583/1284 2576/1140/1284
f 2577/454/1286 2578/1174/1287 2579/455/1288
f 2578/1174/1287 2577/454/1286 2580/1175/1289
f 2581/1208/1290 2582/327/1291 2583/328/1290
f 2582/327/1291 2581/1208/1290 2584/1209/1292
f 2585/1210/1293 2586/332/1294 2587/1206/1295
f 2586/332/1294 2585/1210/1293 2588/331/1293
f 2589/1173/1296 2590/1176/1297 2591/459/1296
f 2589/1173/1296 2591/459/1296 2592/460/1297
f 2593/1142/1298 2594/1139/1299 2595/587/1299
f 2593/1142/1298 2595/587/1299 2596/586/1300
f 2597/1143/1301 2598/589/1302 2599/1141/1302
f 2598/589/1302 2597/1143/1301 2600/590/1303
f 2601/1175/1304 2602/462/1305 2603/1177/1306
f 2602/462/1305 2601/1175/1304 2604/463/1306
f 2605/1211/1307 2606/1208/1308 2607/335/1309
f 2605/1211/1307 2607/335/1309 2608/334/1310
f 2609/1176/1311 2610/467/1312 2611/466/1312
f 2610/467/1312 2609/1176/1311 2612/1178/1313
f 2613/594/1314 2614/593/1315 2615/1144/1315
f 2615/1144/1315 2616/1142/1314 2613/594/1314
f 2617/597/1316 2618/1145/1317 2619/600/1318
f 2618/1145/1317 2617/597/1316 2620/1143/1316
f 2621/470/1319 2622/1177/1320 2623/471/1321
f 2622/1177/1320 2621/470/1319 2624/1179/1322
f 2625/337/1323 2626/1211/1323 2627/340/1324
f 2626/1211/1323 2625/337/1323 2628/1212/1324
f 2629/1210/1325 2630/343/1326 2631/342/1327
f 2630/343/1326 2629/1210/1325 2632/1213/1326
f 2633/346/1328 2634/1213/1328 2635/1182/1328
f 2634/1213/1328 2633/346/1328 2636/348/1328
f 2637/1148/1329 2638/474/1329 2639/1178/1329
f 2638/474/1329 2637/1148/1329 2640/475/1329
f 2641/603/1330 2642/604/1330 2643/1112/1330
f 2643/1112/1330 2644/1144/1330 2641/603/1330
f 2645/1114/1331 2646/605/1332 2647/1145/1332
f 2646/605/1332 2645/1114/1331 2648/608/1331
f 2649/1179/1333 2650/477/1333 2651/1146/1333
f 2650/477/1333 2649/1179/1333 2652/480/1333
f 2653/1212/1334 2654/349/1334 2655/1180/1335
f 2654/349/1334 2653/1212/1334 2656/350/1334
f 2657/610/1336 2658/609/1337 2659/1078/1336
f 2659/1078/1336 2660/1079/1336 2657/610/1336
f 2661/1214/1338 2662/97/1339 2663/1215/1340
f 2663/1215/1340 2662/97/1339 2664/100/1341
f 2665/1216/1342 2666/101/1343 2667/1217/1344
f 2666/101/1343 2665/1216/1342 2668/104/1345
f 2669/1080/1346 2670/614/1347 2671/1081/1346
f 2670/614/1347 2669/1080/1346 2672/615/1347
f 2673/618/1348 2674/1081/1348 2675/619/1348
f 2674/1081/1348 2673/618/1348 2676/1082/1348
f 2677/623/1349 2678/624/1349 2679/1079/1349
f 2679/1079/1349 2680/1083/1350 2677/623/1349
f 2681/106/1351 2682/1215/1352 2683/107/1353
f 2682/1215/1352 2681/106/1351 2684/1218/1352
f 2685/109/1354 2686/111/1355 2687/1216/1354
f 2687/1216/1354 2688/1219/1354 2685/109/1354
f 2689/1220/1356 2690/1218/1356 2691/114/1356
f 2689/1220/1356 2691/114/1356 2692/116/1357
f 2693/1221/1358 2694/118/1358 2695/1219/1358
f 2694/118/1358 2693/1221/1358 2696/119/1359
f 2697/1084/1360 2698/1082/1361 2699/626/1362
f 2697/1084/1360 2699/626/1362 2700/628/1361
f 2701/1085/1363 2702/630/1364 2703/1083/1364
f 2702/630/1364 2701/1085/1363 2704/631/1363
f 2705/634/1365 2706/1086/1365 2707/635/1365
f 2706/1086/1365 2705/634/1365 2708/1085/1365
f 2709/122/1366 2710/1220/1366 2711/123/1366
f 2710/1220/1366 2709/122/1366 2712/1222/1366
f 2713/127/1367 2714/1221/1367 2715/1223/1367
f 2714/1221/1367 2713/127/1367 2716/126/1367
f 2717/638/1368 2718/637/1368 2719/1087/1368
f 2719/1087/1368 2720/1084/1368 2717/638/1368
f 2721/1224/1369 2722/132/1370 2723/1223/1371
f 2722/132/1370 2721/1224/1369 2724/130/1371
f 2725/641/1372 2726/1087/1372 2727/644/1373
f 2726/1087/1372 2725/641/1372 2728/1088/1372
f 2729/647/1374 2730/1086/1374 2731/1089/1374
f 2730/1086/1374 2729/647/1374 2732/648/1374
f 2733/133/1375 2734/1225/1376 2735/136/1377
f 2734/1225/1376 2736/1222/1378 2735/136/1377
f 2737/1090/1379 2738/652/1380 2739/1089/1379
f 2738/652/1380 2737/1090/1379 2740/649/1379
f 2741/1225/1381 2742/138/1381 2743/1226/1381
f 2742/138/1381 2741/1225/1381 2744/139/1382
f 2745/1224/1383 2746/1227/1383 2747/142/1383
f 2745/1224/1383 2747/142/1383 2748/144/1384
f 2749/656/1385 2750/1091/1386 2751/1088/1387
f 2750/1091/1386 2749/656/1385 2752/653/1386
f 2753/145/1388 2754/1228/1388 2755/148/1389
f 2754/1228/1388 2753/145/1388 2756/1227/1388
f 2757/1091/1390 2758/660/1391 2759/1092/1391
f 2758/660/1391 2757/1091/1390 2760/658/1390
f 2761/663/1392 2762/662/1392 2763/1090/1392
f 2763/1090/1392 2764/1093/1392 2761/663/1392
f 2765/149/1393 2766/1229/1394 2767/1226/1393
f 2766/1229/1394 2765/149/1393 2768/152/1395
f 2769/665/1396 2770/1094/1396 2771/668/1396
f 2770/1094/1396 2769/665/1396 2772/1093/1396
f 2773/1229/1397 2774/156/1398 2775/1230/1399
f 2774/156/1398 2773/1229/1397 2776/154/1400
f 2777/1231/1401 2778/159/1401 2779/1228/1401
f 2779/1228/1401 2778/159/1401 2780/158/1402
f 2781/1095/1403 2782/670/1403 2783/672/1403
f 2782/670/1403 2781/1095/1403 2784/1092/1404
f 2785/1232/1405 2786/164/1405 2787/1231/1405
f 2786/164/1405 2785/1232/1405 2788/161/1405
f 2789/674/1406 2790/1095/1406 2791/675/1407
f 2790/1095/1406 2789/674/1406 2792/1096/1406
f 2793/1094/1408 2794/677/1409 2795/679/1410
f 2794/677/1409 2793/1094/1408 2796/1097/1408
f 2797/1233/1411 2798/1230/1412 2799/167/1413
f 2797/1233/1411 2799/167/1413 2800/166/1414
f 2801/1098/1415 2802/683/1416 2803/1097/1416
f 2802/683/1416 2801/1098/1415 2804/681/1417
f 2805/169/1418 2806/1233/1419 2807/172/1420
f 2806/1233/1419 2805/169/1418 2808/1234/1419
f 2809/173/1421 2810/1232/1421 2811/1235/1421
f 2810/1232/1421 2809/173/1421 2812/176/1422
f 2813/687/1423 2814/686/1424 2815/1099/1423
f 2815/1099/1423 2816/1096/1425 2813/687/1423
f 2817/1100/1426 2818/1099/1427 2819/691/1428
f 2817/1100/1426 2819/691/1428 2820/692/1429
f 2821/1101/1430 2822/693/1431 2823/1098/1431
f 2822/693/1431 2821/1101/1430 2824/696/1431
f 2825/1236/1432 2826/1234/1432 2827/179/1432
f 2825/1236/1432 2827/179/1432 2828/178/1433
f 2829/1237/1434 2830/182/1434 2831/1235/1434
f 2830/182/1434 2829/1237/1434 2832/183/1435
f 2833/1236/1436 2834/188/1436 2835/1238/1436
f 2834/188/1436 2833/1236/1436 2836/185/1436
f 2837/189/1437 2838/1237/1438 2839/192/1438
f 2838/1237/1438 2840/1239/1438 2839/192/1438
f 2841/699/1439 2842/1102/1440 2843/1100/1439
f 2842/1102/1440 2841/699/1439 2844/700/1441
f 2845/701/1442 2846/1103/1443 2847/704/1442
f 2846/1103/1443 2845/701/1442 2848/1101/1444
f 2849/706/1445 2850/1104/1446 2851/707/1446
f 2850/1104/1446 2849/706/1445 2852/1105/1446
f 2853/709/1447 2854/711/1447 2855/1106/1447
f 2855/1106/1447 2856/1107/1448 2853/709/1447
f 2857/195/1449 2858/1240/1450 2859/1241/1450
f 2858/1240/1450 2857/195/1449 2860/194/1450
f 2861/199/1451 2862/1242/1452 2863/197/1453
f 2862/1242/1452 2861/199/1451 2864/1243/1451
f 2865/1240/1454 2866/202/1455 2867/1244/1454
f 2866/202/1455 2865/1240/1454 2868/203/1456
f 2869/1242/1457 2870/1245/1457 2871/205/1458
f 2869/1242/1457 2871/205/1458 2872/208/1459
f 2873/1108/1460 2874/1105/1461 2875/715/1461
f 2873/1108/1460 2875/715/1461 2876/714/1462
f 2877/1109/1463 2878/717/1463 2879/1107/1464
f 2878/717/1463 2877/1109/1463 2880/718/1465
f 2881/721/1466 2882/1108/1467 2883/722/1468
f 2882/1108/1467 2881/721/1466 2884/1110/1466
f 2885/1109/1469 2886/728/1470 2887/725/1471
f 2886/728/1470 2885/1109/1469 2888/1111/1470
f 2889/211/1472 2890/210/1473 2891/1246/1472
f 2891/1246/1472 2892/1244/1472 2889/211/1472
f 2893/214/1474 2894/1247/1474 2895/215/1475
f 2894/1247/1474 2893/214/1474 2896/1245/1474
f 2897/1246/1476 2898/217/1476 2899/1214/1476
f 2898/217/1476 2897/1246/1476 2900/220/1476
f 2901/1247/1477 2902/1217/1477 2903/222/1477
f 2901/1247/1477 2903/222/1477 2904/224/1477
f 2905/732/1478 2906/1110/1478 2907/731/1479
f 2906/1110/1478 2905/732/1478 2908/1080/1478
f 2909/1078/1480 2910/733/1481 2911/1111/1480
f 2910/733/1481 2909/1078/1480 2912/736/1481
f 2913/737/1482 2914/1045/1482 2915/738/1482
f 2914/1045/1482 2913/737/1482 2916/1044/1483
f 2917/1046/1484 2918/742/1485 2919/1047/1484
f 2918/742/1485 2917/1046/1484 2920/743/1486
f 2921/747/1487 2922/748/1487 2923/1045/1487
f 2923/1045/1487 2924/1048/1488 2921/747/1487
f 2925/750/1489 2926/1047/1489 2927/751/1489
f 2926/1047/1489 2925/750/1489 2928/1049/1490
f 2929/1051/1491 2930/1049/1492 2931/755/1491
f 2929/1051/1491 2931/755/1491 2932/754/1493
f 2933/1050/1494 2934/758/1494 2935/1048/1495
f 2934/758/1494 2933/1050/1494 2936/759/1494
f 2937/1050/1496 2938/763/1496 2939/762/1496
f 2938/763/1496 2937/1050/1496 2940/1053/1496
f 2941/765/1497 2942/1051/1497 2943/766/1497
f 2942/1051/1497 2941/765/1497 2944/1052/1497
f 2945/769/1498 2946/1052/1499 2947/772/1500
f 2946/1052/1499 2945/769/1498 2948/1055/1501
f 2949/775/1502 2950/1053/1503 2951/1054/1502
f 2950/1053/1503 2949/775/1502 2952/776/1504
f 2953/1054/1505 2954/1057/1506 2955/779/1507
f 2953/1054/1505 2955/779/1507 2956/780/1505
f 2957/1055/1508 2958/781/1508 2959/1056/1508
f 2958/781/1508 2957/1055/1508 2960/784/1508
f 2961/786/1509 2962/1059/1510 2963/1056/1509
f 2962/1059/1510 2961/786/1509 2964/788/1509
f 2965/790/1511 2966/1058/1511 2967/791/1512
f 2966/1058/1511 2965/790/1511 2968/1057/1511
f 2969/793/1513 2970/1062/1513 2971/796/1514
f 2970/1062/1513 2969/793/1513 2972/1058/1513
f 2973/1060/1515 2974/798/1515 2975/800/1515
f 2974/798/1515 2973/1060/1515 2976/1059/1516
f 2977/802/1517 2978/1060/1517 2979/803/1517
f 2978/1060/1517 2977/802/1517 2980/1061/1517
f 2981/1062/1518 2982/805/1518 2983/807/1518
f 2982/805/1518 2981/1062/1518 2984/1063/1518
f 2985/809/1519 2986/1063/1519 2987/1064/1520
f 2986/1063/1519 2985/809/1519 2988/811/1519
f 2989/814/1521 2990/1061/1521 2991/815/1522
f 2990/1061/1521 2989/814/1521 2992/1065/1522
f 2993/1066/1523 2994/1065/1524 2995/819/1524
f 2993/1066/1523 2995/819/1524 2996/820/1524
f 2997/1067/1525 2998/821/1526 2999/1064/1526
f 2998/821/1526 2997/1067/1525 3000/824/1525
f 3001/825/1527 3002/1068/1528 3003/828/1528
f 3002/1068/1528 3001/825/1527 3004/1067/1529
f 3005/831/1530 3006/1069/1531 3007/1066/1532
f 3006/1069/1531 3005/831/1530 3008/832/1531
f 3009/833/1533 3010/835/1533 3011/1076/1533
f 3011/1076/1533 3012/1070/1534 3009/833/1533
f 3013/838/1535 3014/1077/1536 3015/839/1537
f 3014/1077/1536 3013/838/1535 3016/1071/1535
f 3017/1070/1538 3018/1072/1539 3019/842/1538
f 3017/1070/1538 3019/842/1538 3020/841/1539
f 3021/1071/1540 3022/846/1541 3023/1073/1542
f 3022/846/1541 3021/1071/1540 3024/847/1540
f 3025/849/1543 3026/1074/1544 3027/852/1545
f 3026/1074/1544 3025/849/1543 3028/1072/1546
f 3029/854/1547 3030/853/1548 3031/1075/1549
f 3031/1075/1549 3032/1073/1549 3029/854/1547
f 3033/859/1550 3034/860/1550 3035/1046/1551
f 3035/1046/1551 3036/1075/1550 3033/859/1550
f 3037/1044/1552 3038/861/1553 3039/1074/1552
f 3038/861/1553 3037/1044/1552 3040/864/1554
f 3041/865/1555 3042/995/1556 3043/866/1555
f 3042/995/1556 3041/865/1555 3044/993/1555
f 3045/871/1557 3046/998/1557 3047/997/1557
f 3046/998/1557 3045/871/1557 3048/870/1558
f 3049/873/1559 3050/999/1560 3051/874/1561
f 3050/999/1560 3049/873/1559 3052/995/1562
f 3053/1001/1563 3054/879/1563 3055/878/1564
f 3054/879/1563 3053/1001/1563 3056/998/1565
f 3057/999/1566 3058/1002/1567 3059/883/1566
f 3057/999/1566 3059/883/1566 3060/882/1566
f 3061/1001/1568 3062/885/1568 3063/1004/1569
f 3062/885/1568 3061/1001/1568 3064/886/1568
f 3065/890/1570 3066/1005/1571 3067/891/1572
f 3066/1005/1571 3065/890/1570 3068/1002/1570
f 3069/894/1573 3070/893/1574 3071/1007/1574
f 3071/1007/1574 3072/1004/1573 3069/894/1573
f 3073/1008/1575 3074/900/1576 3075/1005/1576
f 3074/900/1576 3073/1008/1575 3076/899/1575
f 3077/904/1577 3078/901/1578 3079/1010/1578
f 3079/1010/1578 3080/1007/1577 3077/904/1577
f 3081/1011/1579 3082/908/1579 3083/1008/1580
f 3082/908/1579 3081/1011/1579 3084/907/1580
f 3085/912/1581 3086/1013/1581 3087/1010/1582
f 3086/1013/1581 3085/912/1581 3088/909/1582
f 3089/1013/1583 3090/916/1583 3091/1014/1584
f 3090/916/1583 3089/1013/1583 3092/914/1583
f 3093/920/1585 3094/917/1586 3095/1011/1585
f 3095/1011/1585 3096/1016/1587 3093/920/1585
f 3097/921/1588 3098/1017/1588 3099/924/1588
f 3098/1017/1588 3097/921/1588 3100/1016/1588
f 3101/1019/1589 3102/926/1590 3103/928/1591
f 3102/926/1590 3101/1019/1589 3104/1014/1590
f 3105/1017/1592 3106/929/1592 3107/931/1593
f 3106/929/1592 3105/1017/1592 3108/1020/1593
f 3109/934/1594 3110/1019/1595 3111/935/1594
f 3110/1019/1595 3109/934/1594 3112/1022/1594
f 3113/937/1596 3114/1020/1596 3115/1023/1596
f 3114/1020/1596 3113/937/1596 3116/939/1596
f 3117/942/1597 3118/1022/1598 3119/943/1598
f 3118/1022/1598 3117/942/1597 3120/1025/1598
f 3121/1026/1599 3122/945/1600 3123/1023/1601
f 3122/945/1600 3121/1026/1599 3124/948/1600
f 3125/1028/1602 3126/1025/1603 3127/951/1604
f 3125/1028/1602 3127/951/1604 3128/952/1605
f 3129/953/1606 3130/1029/1607 3131/956/1608
f 3130/1029/1607 3129/953/1606 3132/1026/1606
f 3133/959/1609 3134/1031/1610 3135/1028/1611
f 3134/1031/1610 3133/959/1609 3136/960/1610
f 3137/962/1612 3138/961/1613 3139/1032/1612
f 3139/1032/1612 3140/1034/1614 3137/962/1612
f 3141/966/1615 3142/1036/1616 3143/967/1617
f 3142/1036/1616 3141/966/1615 3144/1037/1615
f 3145/1034/1618 3146/1038/1619 3147/970/1619
f 3145/1034/1618 3147/970/1619 3148/969/1620
f 3149/1037/1621 3150/974/1622 3151/1040/1623
f 3150/974/1622 3149/1037/1621 3152/975/1621
f 3153/1038/1624 3154/980/1625 3155/977/1626
f 3154/980/1625 3153/1038/1624 3156/1041/1627
f 3157/984/1628 3158/1040/1629 3159/983/1628
f 3158/1040/1629 3157/984/1628 3160/1043/1630
f 3161/993/1631 3162/985/1632 3163/1041/1632
f 3162/985/1632 3161/993/1631 3164/988/1633
f 3165/991/1634 3166/992/1635 3167/997/1635
f 3167/997/1635 3168/1043/1634 3165/991/1634
f 3169/1180/1636 3170/1146/1637 3171/225/1638
f 3169/1180/1636 3171/225/1638 3172/227/1637
f 3173/1147/1639 3174/1181/1639 3175/226/1639
f 3173/1147/1639 3175/226/1639 3176/228/1639
f 3177/1217/1640 3178/3/1641 3179/1216/1642
f 3178/3/1641 3177/1217/1640 3180/1/1640
f 3181/1214/1643 3182/1215/1644 3183/6/1643
f 3181/1214/1643 3183/6/1643 3184/5/1645
f 3185/1182/1646 3186/230/1647 3187/1148/1648
f 3186/230/1647 3185/1182/1646 3188/231/1648
f 3189/1149/1649 3190/229/1649 3191/1183/1649
f 3190/229/1649 3189/1149/1649 3192/232/1649
f 3193/233/1650 3194/235/1651 3195/1181/1651
f 3195/1181/1651 3196/1147/1650 3193/233/1650
f 3197/1184/1652 3198/236/1652 3199/1151/1652
f 3198/236/1652 3197/1184/1652 3200/234/1652
f 3201/1216/1653 3202/9/1653 3203/1219/1653
f 3202/9/1653 3201/1216/1653 3204/7/1654
f 3205/1215/1655 3206/1218/1655 3207/12/1655
f 3205/1215/1655 3207/12/1655 3208/11/1656
f 3209/238/1657 3210/1183/1658 3211/239/1658
f 3210/1183/1658 3209/238/1657 3212/1149/1657
f 3213/1185/1659 3214/1150/1659 3215/240/1659
f 3213/1185/1659 3215/240/1659 3216/237/1659
f 3217/15/1660 3218/1221/1661 3219/13/1662
f 3218/1221/1661 3220/1219/1661 3219/13/1662
f 3221/1220/1663 3222/17/1663 3223/1218/1663
f 3222/17/1663 3221/1220/1663 3224/18/1664
f 3225/244/1665 3226/1185/1665 3227/242/1666
f 3226/1185/1665 3225/244/1665 3228/1150/1667
f 3229/1186/1668 3230/1152/1668 3231/241/1668
f 3229/1186/1668 3231/241/1668 3232/243/1669
f 3233/247/1670 3234/1184/1671 3235/1151/1671
f 3234/1184/1671 3233/247/1670 3236/246/1671
f 3237/1187/1672 3238/245/1672 3239/1153/1672
f 3238/245/1672 3237/1187/1672 3240/248/1672
f 3241/1153/1673 3242/249/1674 3243/1187/1674
f 3242/249/1674 3241/1153/1673 3244/252/1673
f 3245/1188/1675 3246/250/1676 3247/1155/1676
f 3246/250/1676 3245/1188/1675 3248/251/1677
f 3249/21/1678 3250/1223/1679 3251/19/1680
f 3250/1223/1679 3252/1221/1678 3251/19/1680
f 3253/1222/1681 3254/23/1682 3255/1220/1682
f 3254/23/1682 3253/1222/1681 3256/24/1682
f 3257/254/1683 3258/1152/1683 3259/1186/1684
f 3258/1152/1683 3257/254/1683 3260/256/1683
f 3261/1189/1685 3262/253/1686 3263/255/1686
f 3262/253/1686 3261/1189/1685 3264/1154/1685
f 3265/27/1687 3266/1223/1688 3267/25/1689
f 3266/1223/1688 3265/27/1687 3268/1224/1690
f 3269/30/1691 3270/1222/1692 3271/1225/1693
f 3270/1222/1692 3269/30/1691 3272/29/1692
f 3273/1189/1694 3274/257/1695 3275/1154/1696
f 3274/257/1695 3273/1189/1694 3276/260/1695
f 3277/1156/1697 3278/258/1698 3279/1190/1698
f 3278/258/1698 3277/1156/1697 3280/259/1697
f 3281/1188/1699 3282/262/1700 3283/264/1701
f 3282/262/1700 3281/1188/1699 3284/1155/1700
f 3285/261/1702 3286/1157/1702 3287/1191/1703
f 3286/1157/1702 3285/261/1702 3288/263/1702
f 3289/1191/1704 3290/1157/1705 3291/265/1706
f 3289/1191/1704 3291/265/1706 3292/267/1704
f 3293/268/1707 3294/1192/1707 3295/266/1708
f 3294/1192/1707 3293/268/1707 3296/1158/1709
f 3297/33/1710 3298/1224/1710 3299/31/1711
f 3298/1224/1710 3297/33/1710 3300/1227/1712
f 3301/36/1713 3302/1225/1714 3303/1226/1713
f 3302/1225/1714 3301/36/1713 3304/35/1714
f 3305/1190/1715 3306/270/1715 3307/1156/1716
f 3306/270/1715 3305/1190/1715 3308/271/1717
f 3309/272/1718 3310/1193/1719 3311/1159/1719
f 3310/1193/1719 3309/272/1718 3312/269/1719
f 3313/1229/1720 3314/38/1721 3315/1226/1722
f 3314/38/1721 3313/1229/1720 3316/39/1721
f 3317/1193/1723 3318/275/1724 3319/1159/1725
f 3318/275/1724 3317/1193/1723 3320/273/1723
f 3321/1194/1726 3322/1160/1727 3323/274/1727
f 3321/1194/1726 3323/274/1727 3324/276/1727
f 3325/1192/1728 3326/1158/1729 3327/277/1730
f 3325/1192/1728 3327/277/1730 3328/279/1728
f 3329/1195/1731 3330/278/1731 3331/1161/1731
f 3330/278/1731 3329/1195/1731 3332/280/1732
f 3333/1228/1733 3334/1227/1734 3335/40/1735
f 3333/1228/1733 3335/40/1735 3336/42/1736
f 3337/1161/1737 3338/282/1738 3339/1195/1738
f 3338/282/1738 3337/1161/1737 3340/283/1737
f 3341/1196/1739 3342/281/1740 3343/1162/1741
f 3342/281/1740 3341/1196/1739 3344/284/1742
f 3345/1231/1743 3346/1228/1744 3347/43/1743
f 3345/1231/1743 3347/43/1743 3348/45/1744
f 3349/1230/1745 3350/47/1746 3351/1229/1747
f 3350/47/1746 3349/1230/1745 3352/48/1746
f 3353/286/1748 3354/1160/1748 3355/1194/1748
f 3354/1160/1748 3353/286/1748 3356/288/1749
f 3357/285/1750 3358/1197/1751 3359/1163/1752
f 3358/1197/1751 3357/285/1750 3360/287/1750
f 3361/1197/1753 3362/290/1754 3363/1163/1755
f 3362/290/1754 3361/1197/1753 3364/292/1756
f 3365/1164/1757 3366/291/1757 3367/1198/1757
f 3366/291/1757 3365/1164/1757 3368/289/1757
f 3369/293/1758 3370/1196/1759 3371/1162/1760
f 3370/1196/1759 3369/293/1758 3372/295/1760
f 3373/294/1761 3374/1165/1761 3375/1199/1761
f 3374/1165/1761 3373/294/1761 3376/296/1762
f 3377/1231/1763 3378/51/1764 3379/1232/1765
f 3378/51/1764 3377/1231/1763 3380/49/1763
f 3381/1233/1766 3382/54/1766 3383/1230/1766
f 3383/1230/1766 3382/54/1766 3384/53/1766
f 3385/1199/1767 3386/1165/1768 3387/298/1768
f 3385/1199/1767 3387/298/1768 3388/300/1768
f 3389/1200/1769 3390/299/1770 3391/1167/1769
f 3390/299/1770 3389/1200/1769 3392/297/1769
f 3393/1232/1771 3394/57/1772 3395/1235/1772
f 3394/57/1772 3393/1232/1771 3396/55/1773
f 3397/1234/1774 3398/60/1774 3399/1233/1775
f 3399/1233/1775 3398/60/1774 3400/59/1776
f 3401/1198/1777 3402/303/1777 3403/1164/1777
f 3402/303/1777 3401/1198/1777 3404/304/1777
f 3405/1201/1778 3406/1166/1778 3407/302/1778
f 3405/1201/1778 3407/302/1778 3408/301/1778
f 3409/308/1779 3410/1201/1779 3411/306/1779
f 3410/1201/1779 3409/308/1779 3412/1166/1779
f 3413/305/1780 3414/307/1780 3415/1202/1780
f 3415/1202/1780 3416/1168/1780 3413/305/1780
f 3417/312/1781 3418/310/1781 3419/1200/1781
f 3419/1200/1781 3420/1167/1781 3417/312/1781
f 3421/1203/1782 3422/311/1782 3423/1169/1782
f 3422/311/1782 3421/1203/1782 3424/309/1782
f 3425/61/1783 3426/1237/1783 3427/1235/1783
f 3426/1237/1783 3425/61/1783 3428/63/1783
f 3429/65/1784 3430/1236/1784 3431/66/1784
f 3430/1236/1784 3429/65/1784 3432/1234/1784
f 3433/315/1785 3434/1169/1786 3435/313/1786
f 3434/1169/1786 3433/315/1785 3436/1203/1785
f 3437/314/1787 3438/1204/1787 3439/316/1787
f 3438/1204/1787 3437/314/1787 3440/1171/1787
f 3441/67/1788 3442/1239/1788 3443/1237/1788
f 3442/1239/1788 3441/67/1788 3444/69/1789
f 3445/71/1790 3446/1238/1791 3447/72/1792
f 3446/1238/1791 3445/71/1790 3448/1236/1790
f 3449/317/1793 3450/319/1793 3451/1168/1793
f 3451/1168/1793 3452/1202/1793 3449/317/1793
f 3453/318/1794 3454/320/1794 3455/1205/1794
f 3455/1205/1794 3456/1170/1794 3453/318/1794
f 3457/323/1795 3458/1207/1795 3459/321/1796
f 3458/1207/1795 3457/323/1795 3460/1172/1795
f 3461/324/1797 3462/1173/1797 3463/322/1798
f 3462/1173/1797 3461/324/1797 3464/1206/1799
f 3465/325/1800 3466/327/1801 3467/1209/1802
f 3467/1209/1802 3468/1174/1802 3465/325/1800
f 3469/328/1803 3470/326/1804 3471/1175/1805
f 3471/1175/1805 3472/1208/1803 3469/328/1803
f 3473/1243/1806 3474/75/1807 3475/1242/1806
f 3474/75/1807 3473/1243/1806 3476/73/1808
f 3477/77/1809 3478/1241/1810 3479/78/1810
f 3478/1241/1810 3480/1240/1811 3479/78/1810
f 3481/1242/1812 3482/81/1813 3483/1245/1814
f 3482/81/1813 3481/1242/1812 3484/79/1814
f 3485/83/1815 3486/1240/1816 3487/84/1816
f 3486/1240/1816 3488/1244/1816 3487/84/1816
f 3489/1206/1817 3490/330/1817 3491/1173/1817
f 3490/330/1817 3489/1206/1817 3492/332/1817
f 3493/329/1818 3494/331/1819 3495/1210/1818
f 3495/1210/1818 3496/1176/1820 3493/329/1818
f 3497/333/1821 3498/335/1821 3499/1208/1821
f 3499/1208/1821 3500/1175/1821 3497/333/1821
f 3501/336/1822 3502/1211/1822 3503/334/1823
f 3502/1211/1822 3501/336/1822 3504/1177/1823
f 3505/1211/1824 3506/1177/1824 3507/338/1825
f 3505/1211/1824 3507/338/1825 3508/340/1824
f 3509/339/1826 3510/1212/1826 3511/337/1826
f 3510/1212/1826 3509/339/1826 3512/1179/1826
f 3513/1245/1827 3514/85/1828 3515/1247/1828
f 3515/1247/1828 3514/85/1828 3516/87/1828
f 3517/1246/1829 3518/89/1829 3519/1244/1829
f 3518/89/1829 3517/1246/1829 3520/90/1830
f 3521/1210/1831 3522/344/1831 3523/1176/1831
f 3522/344/1831 3521/1210/1831 3524/342/1831
f 3525/341/1832 3526/343/1833 3527/1213/1832
f 3527/1213/1832 3528/1178/1832 3525/341/1832
f 3529/1247/1834 3530/91/1835 3531/1217/1836
f 3531/1217/1836 3530/91/1835 3532/93/1837
f 3533/1214/1838 3534/95/1839 3535/1246/1838
f 3534/95/1839 3533/1214/1838 3536/96/1839
f 3537/1178/1840 3538/1213/1841 3539/348/1840
f 3537/1178/1840 3539/348/1840 3540/345/1842
f 3541/1182/1843 3542/1148/1844 3543/347/1845
f 3541/1182/1843 3543/347/1845 3544/346/1843
f 3545/1179/1846 3546/350/1846 3547/1212/1846
f 3546/350/1846 3545/1179/1846 3548/352/1846
f 3549/1180/1847 3550/351/1848 3551/1146/1849
f 3550/351/1848 3549/1180/1847 3552/349/1847
f 3553/1180/1850 3554/1181/1850 3555/99/1851
f 3553/1180/1850 3555/99/1851 3556/98/1850
f 3557/994/1852 3558/868/1853 3559/996/1854
f 3558/868/1853 3557/994/1852 3560/867/1852
f 3561/872/1855 3562/869/1856 3563/994/1856
f 3563/994/1856 3564/996/1857 3561/872/1855
f 3565/1182/1858 3566/102/1859 3567/1183/1858
f 3566/102/1859 3565/1182/1858 3568/103/1858
f 3569/1181/1860 3570/1184/1860 3571/108/1860
f 3569/1181/1860 3571/108/1860 3572/105/1860
f 3573/1000/1861 3574/875/1862 3575/876/1861
f 3574/875/1862 3573/1000/1861 3576/996/1862
f 3577/877/1863 3578/1000/1864 3579/880/1864
f 3578/1000/1864 3577/877/1863 3580/996/1863
f 3581/1183/1865 3582/112/1865 3583/1185/1865
f 3582/112/1865 3581/1183/1865 3584/110/1865
f 3585/1187/1866 3586/115/1866 3587/1184/1867
f 3586/115/1866 3585/1187/1866 3588/113/1866
f 3589/1000/1868 3590/881/1869 3591/1003/1869
f 3590/881/1869 3589/1000/1868 3592/884/1870
f 3593/1000/1871 3594/1003/1872 3595/887/1872
f 3593/1000/1871 3595/887/1872 3596/888/1871
f 3597/120/1873 3598/117/1874 3599/1186/1874
f 3599/1186/1874 3600/1185/1875 3597/120/1873
f 3601/1188/1876 3602/124/1877 3603/1187/1876
f 3602/124/1877 3601/1188/1876 3604/121/1878
f 3605/892/1879 3606/889/1879 3607/1006/1879
f 3607/1006/1879 3608/1003/1879 3605/892/1879
f 3609/896/1880 3610/1006/1880 3611/895/1880
f 3610/1006/1880 3609/896/1880 3612/1003/1880
f 3613/128/1881 3614/125/1882 3615/1189/1881
f 3615/1189/1881 3616/1186/1883 3613/128/1881
f 3617/898/1884 3618/897/1885 3619/1009/1886
f 3619/1009/1886 3620/1006/1885 3617/898/1884
f 3621/1009/1887 3622/902/1888 3623/1006/1887
f 3622/902/1888 3621/1009/1887 3624/903/1889
f 3625/131/1890 3626/1189/1890 3627/129/1890
f 3626/1189/1890 3625/131/1890 3628/1190/1890
f 3629/135/1891 3630/1188/1892 3631/1191/1892
f 3630/1188/1892 3629/135/1891 3632/134/1892
f 3633/140/1893 3634/1191/1893 3635/1192/1893
f 3634/1191/1893 3633/140/1893 3636/137/1893
f 3637/1009/1894 3638/905/1895 3639/1012/1896
f 3638/905/1895 3637/1009/1894 3640/906/1897
f 3641/1009/1898 3642/1012/1899 3643/911/1900
f 3641/1009/1898 3643/911/1900 3644/910/1901
f 3645/143/1902 3646/1190/1903 3647/141/1902
f 3646/1190/1903 3645/143/1902 3648/1193/1902
f 3649/913/1904 3650/915/1904 3651/1012/1905
f 3651/1012/1905 3652/1015/1906 3649/913/1904
f 3653/1194/1907 3654/1193/1908 3655/147/1909
f 3653/1194/1907 3655/147/1909 3656/146/1907
f 3657/1195/1910 3658/150/1910 3659/1192/1911
f 3658/150/1910 3657/1195/1910 3660/151/1910
f 3661/1012/1912 3662/918/1913 3663/1015/1914
f 3662/918/1913 3661/1012/1912 3664/919/1912
f 3665/1196/1915 3666/155/1915 3667/1195/1915
f 3666/155/1915 3665/1196/1915 3668/153/1915
f 3669/1018/1916 3670/923/1916 3671/922/1916
f 3670/923/1916 3669/1018/1916 3672/1015/1917
f 3673/927/1918 3674/1018/1918 3675/925/1919
f 3674/1018/1918 3673/927/1918 3676/1015/1918
f 3677/1197/1920 3678/1194/1920 3679/160/1921
f 3677/1197/1920 3679/160/1921 3680/157/1920
f 3681/1197/1922 3682/162/1923 3683/1198/1922
f 3682/162/1923 3681/1197/1922 3684/163/1922
f 3685/168/1924 3686/1196/1925 3687/1199/1925
f 3686/1196/1925 3685/168/1924 3688/165/1925
f 3689/930/1926 3690/932/1926 3691/1021/1926
f 3691/1021/1926 3692/1018/1926 3689/930/1926
f 3693/933/1927 3694/1021/1927 3695/936/1927
f 3694/1021/1927 3693/933/1927 3696/1018/1927
f 3697/1199/1928 3698/1200/1929 3699/171/1930
f 3697/1199/1928 3699/171/1930 3700/170/1931
f 3701/940/1932 3702/1021/1933 3703/938/1934
f 3702/1021/1933 3701/940/1932 3704/1024/1933
f 3705/944/1935 3706/1021/1936 3707/1024/1936
f 3706/1021/1936 3705/944/1935 3708/941/1935
f 3709/1198/1937 3710/174/1937 3711/1201/1938
f 3710/174/1937 3709/1198/1937 3712/175/1937
f 3713/180/1939 3714/1203/1939 3715/177/1939
f 3714/1203/1939 3713/180/1939 3716/1200/1939
f 3717/1024/1940 3718/946/1940 3719/1027/1940
f 3718/946/1940 3717/1024/1940 3720/947/1940
f 3721/950/1941 3722/1024/1941 3723/1027/1941
f 3722/1024/1941 3721/950/1941 3724/949/1941
f 3725/184/1942 3726/1202/1942 3727/1201/1942
f 3726/1202/1942 3725/184/1942 3728/181/1942
f 3729/186/1943 3730/1204/1943 3731/187/1943
f 3730/1204/1943 3729/186/1943 3732/1203/1944
f 3733/1027/1945 3734/954/1946 3735/1030/1947
f 3734/954/1946 3733/1027/1945 3736/955/1947
f 3737/958/1948 3738/957/1948 3739/1027/1949
f 3739/1027/1949 3740/1030/1950 3737/958/1948
f 3741/191/1951 3742/1205/1951 3743/1202/1952
f 3742/1205/1951 3741/191/1951 3744/190/1951
f 3745/196/1953 3746/193/1954 3747/1209/1954
f 3747/1209/1954 3748/1208/1954 3745/196/1953
f 3749/964/1955 3750/1033/1955 3751/963/1955
f 3750/1033/1955 3749/964/1955 3752/1035/1955
f 3753/968/1956 3754/965/1956 3755/1033/1956
f 3755/1033/1956 3756/1035/1956 3753/968/1956
f 3757/1207/1957 3758/200/1958 3759/1206/1957
f 3758/200/1958 3757/1207/1957 3760/198/1957
f 3761/204/1959 3762/201/1959 3763/1208/1959
f 3763/1208/1959 3764/1211/1959 3761/204/1959
f 3765/1035/1960 3766/972/1960 3767/1039/1961
f 3766/972/1960 3765/1035/1960 3768/971/1962
f 3769/1035/1963 3770/1039/1964 3771/976/1964
f 3769/1035/1963 3771/976/1964 3772/973/1964
f 3773/1206/1965 3774/206/1965 3775/1210/1965
f 3774/206/1965 3773/1206/1965 3776/207/1965
f 3777/1212/1966 3778/212/1966 3779/1211/1966
f 3778/212/1966 3777/1212/1966 3780/209/1966
f 3781/978/1967 3782/1039/1968 3783/979/1968
f 3782/1039/1968 3781/978/1967 3784/1042/1968
f 3785/1039/1969 3786/982/1970 3787/981/1970
f 3786/982/1970 3785/1039/1969 3788/1042/1970
f 3789/1213/1971 3790/1210/1971 3791/216/1971
f 3789/1213/1971 3791/216/1971 3792/213/1971
f 3793/1180/1972 3794/218/1972 3795/1212/1973
f 3794/218/1972 3793/1180/1972 3796/219/1972
f 3797/986/1974 3798/1042/1975 3799/987/1976
f 3798/1042/1975 3797/986/1974 3800/994/1974
f 3801/990/1977 3802/1042/1978 3803/994/1979
f 3802/1042/1978 3801/990/1977 3804/989/1980
f 3805/1182/1981 3806/1213/1982 3807/221/1981
f 3805/1182/1981 3807/221/1981 3808/223/1981
f 3809/1147/1983 3810/225/1984 3811/1146/1985
f 3810/225/1984 3809/1147/1983 3812/228/1983
f 3813/993/1986 3814/740/1986 3815/995/1986
f 3814/740/1986 3813/993/1986 3816/739/1986
f 3817/741/1987 3818/998/1987 3819/744/1987
f 3818/998/1987 3817/741/1987 3820/997/1987
f 3821/1149/1988 3822/1148/1989 3823/230/1990
f 3821/1149/1988 3823/230/1990 3824/232/1988
f 3825/1151/1991 3826/233/1991 3827/1147/1991
f 3826/233/1991 3825/1151/1991 3828/236/1991
f 3829/999/1992 3830/746/1993 3831/745/1992
f 3830/746/1993 3829/999/1992 3832/995/1993
f 3833/749/1994 3834/1001/1995 3835/752/1995
f 3834/1001/1995 3833/749/1994 3836/998/1994
f 3837/1150/1996 3838/1149/1997 3839/238/1998
f 3837/1150/1996 3839/238/1998 3840/240/1996
f 3841/1001/1999 3842/1004/2000 3843/753/2001
f 3841/1001/1999 3843/753/2001 3844/756/2000
f 3845/241/2002 3846/1150/2002 3847/244/2003
f 3846/1150/2002 3845/241/2002 3848/1152/2002
f 3849/245/2004 3850/1151/2004 3851/1153/2005
f 3850/1151/2004 3849/245/2004 3852/247/2004
f 3853/999/2006 3854/757/2007 3855/1002/2008
f 3854/757/2007 3853/999/2006 3856/760/2006
f 3857/250/2009 3858/1153/2010 3859/1155/2010
f 3858/1153/2010 3857/250/2009 3860/252/2011
f 3861/764/2012 3862/761/2012 3863/1005/2012
f 3863/1005/2012 3864/1002/2012 3861/764/2012
f 3865/768/2013 3866/1007/2013 3867/767/2013
f 3866/1007/2013 3865/768/2013 3868/1004/2013
f 3869/253/2014 3870/1152/2015 3871/256/2016
f 3870/1152/2015 3869/253/2014 3872/1154/2014
f 3873/771/2017 3874/1007/2018 3875/1010/2019
f 3874/1007/2018 3873/771/2017 3876/770/2019
f 3877/257/2020 3878/259/2021 3879/1156/2021
f 3879/1156/2021 3880/1154/2020 3877/257/2020
f 3881/1157/2022 3882/262/2023 3883/1155/2023
f 3882/262/2023 3881/1157/2022 3884/263/2022
f 3885/773/2024 3886/1005/2025 3887/774/2024
f 3886/1005/2025 3885/773/2024 3888/1008/2024
f 3889/1158/2026 3890/265/2026 3891/1157/2026
f 3890/265/2026 3889/1158/2026 3892/268/2027
f 3893/778/2028 3894/1011/2028 3895/1008/2029
f 3894/1011/2028 3893/778/2028 3896/777/2030
f 3897/1013/2031 3898/782/2031 3899/1010/2031
f 3898/782/2031 3897/1013/2031 3900/783/2032
f 3901/270/2033 3902/272/2034 3903/1159/2033
f 3903/1159/2033 3904/1156/2033 3901/270/2033
f 3905/785/2035 3906/787/2036 3907/1013/2037
f 3907/1013/2037 3908/1014/2035 3905/785/2035
f 3909/1159/2038 3910/274/2039 3911/1160/2039
f 3910/274/2039 3909/1159/2038 3912/275/2040
f 3913/278/2041 3914/1158/2042 3915/1161/2042
f 3914/1158/2042 3913/278/2041 3916/277/2042
f 3917/1011/2043 3918/789/2044 3919/1016/2045
f 3918/789/2044 3917/1011/2043 3920/792/2044
f 3921/1161/2046 3922/1162/2046 3923/281/2046
f 3921/1161/2046 3923/281/2046 3924/283/2046
f 3925/1017/2047 3926/1016/2047 3927/795/2047
f 3925/1017/2047 3927/795/2047 3928/794/2048
f 3929/1019/2049 3930/799/2049 3931/1014/2049
f 3930/799/2049 3929/1019/2049 3932/797/2049
f 3933/1160/2050 3934/285/2051 3935/1163/2051
f 3934/285/2051 3933/1160/2050 3936/288/2052
f 3937/1019/2053 3938/1022/2054 3939/804/2053
f 3937/1019/2053 3939/804/2053 3940/801/2053
f 3941/1164/2055 3942/1163/2056 3943/290/2055
f 3941/1164/2055 3943/290/2055 3944/289/2057
f 3945/1165/2058 3946/293/2059 3947/1162/2060
f 3946/293/2059 3945/1165/2058 3948/296/2059
f 3949/1017/2061 3950/808/2061 3951/1020/2062
f 3950/808/2061 3949/1017/2061 3952/806/2061
f 3953/1167/2063 3954/298/2064 3955/1165/2064
f 3954/298/2064 3953/1167/2063 3956/299/2063
f 3957/812/2065 3958/1020/2065 3959/810/2066
f 3958/1020/2065 3957/812/2065 3960/1023/2067
f 3961/816/2068 3962/1022/2068 3963/1025/2069
f 3962/1022/2068 3961/816/2068 3964/813/2068
f 3965/1166/2070 3966/1164/2070 3967/303/2070
f 3965/1166/2070 3967/303/2070 3968/302/2070
f 3969/818/2071 3970/1025/2072 3971/1028/2071
f 3970/1025/2072 3969/818/2071 3972/817/2072
f 3973/1166/2073 3974/305/2074 3975/1168/2074
f 3974/305/2074 3973/1166/2073 3976/308/2074
f 3977/311/2075 3978/312/2076 3979/1167/2077
f 3979/1167/2077 3980/1169/2075 3977/311/2075
f 3981/1023/2078 3982/822/2079 3983/1026/2079
f 3982/822/2079 3981/1023/2078 3984/823/2078
f 3985/314/2080 3986/313/2081 3987/1169/2081
f 3987/1169/2081 3988/1171/2080 3985/314/2080
f 3989/827/2082 3990/1029/2082 3991/1026/2082
f 3990/1029/2082 3989/827/2082 3992/826/2082
f 3993/829/2083 3994/1031/2084 3995/830/2084
f 3994/1031/2084 3993/829/2083 3996/1028/2085
f 3997/1168/2086 3998/318/2087 3999/1170/2087
f 3998/318/2087 3997/1168/2086 4000/319/2086
f 4001/323/2088 4002/1173/2089 4003/1172/2090
f 4002/1173/2089 4001/323/2088 4004/322/2088
f 4005/325/2091 4006/1175/2092 4007/326/2093
f 4006/1175/2092 4005/325/2091 4008/1174/2094
f 4009/836/2095 4010/1032/2095 4011/834/2095
f 4010/1032/2095 4009/836/2095 4012/1034/2095
f 4013/840/2096 4014/837/2096 4015/1036/2096
f 4015/1036/2096 4016/1037/2096 4013/840/2096
f 4017/1034/2097 4018/844/2098 4019/1038/2099
f 4018/844/2098 4017/1034/2097 4020/843/2100
f 4021/1037/2101 4022/1040/2101 4023/848/2102
f 4021/1037/2101 4023/848/2102 4024/845/2102
f 4025/330/2103 4026/1176/2103 4027/1173/2103
f 4026/1176/2103 4025/330/2103 4028/329/2103
f 4029/333/2104 4030/1177/2104 4031/336/2105
f 4030/1177/2104 4029/333/2104 4032/1175/2104
f 4033/1177/2106 4034/1179/2107 4035/339/2106
f 4033/1177/2106 4035/339/2106 4036/338/2108
f 4037/851/2109 4038/850/2110 4039/1041/2111
f 4039/1041/2111 4040/1038/2112 4037/851/2109
f 4041/856/2113 4042/1043/2114 4043/855/2113
f 4042/1043/2114 4041/856/2113 4044/1040/2113
f 4045/1176/2115 4046/341/2116 4047/1178/2116
f 4046/341/2116 4045/1176/2115 4048/344/2116
f 4049/997/2117 4050/857/2117 4051/1043/2117
f 4050/857/2117 4049/997/2117 4052/858/2117
f 4053/1178/2118 4054/347/2118 4055/1148/2118
f 4054/347/2118 4053/1178/2118 4056/345/2118
f 4057/1179/2119 4058/1146/2120 4059/351/2120
f 4057/1179/2119 4059/351/2120 4060/352/2121
f 4061/863/2122 4062/862/2122 4063/993/2122
f 4063/993/2122 4064/1041/2122 4061/863/2122
f 4065/1081/2123 4066/481/2123 4067/1080/2123
f 4066/481/2123 4065/1081/2123 4068/484/2123
f 4069/487/2124 4070/1079/2124 4071/1078/2124
f 4070/1079/2124 4069/487/2124 4072/488/2124
f 4073/1113/2125 4074/353/2125 4075/1112/2126
f 4074/353/2125 4073/1113/2125 4076/354/2127
f 4077/1045/2128 4078/1044/2129 4079/611/2128
f 4077/1045/2128 4079/611/2128 4080/612/2128
f 4081/1047/2130 4082/613/2131 4083/1046/2130
f 4082/613/2131 4081/1047/2130 4084/616/2130
f 4085/359/2132 4086/1115/2133 4087/1114/2134
f 4086/1115/2133 4085/359/2132 4088/358/2133
f 4089/617/2135 4090/1049/2136 4091/620/2137
f 4090/1049/2136 4089/617/2135 4092/1047/2135
f 4093/1117/2138 4094/1115/2139 4095/362/2139
f 4093/1117/2138 4095/362/2139 4096/364/2138
f 4097/489/2140 4098/1082/2140 4099/492/2140
f 4098/1082/2140 4097/489/2140 4100/1081/2141
f 4101/494/2142 4102/1083/2143 4103/1079/2144
f 4102/1083/2143 4101/494/2142 4104/493/2142
f 4105/1116/2145 4106/365/2145 4107/1113/2145
f 4106/365/2145 4105/1116/2145 4108/368/2146
f 4109/1048/2147 4110/1045/2148 4111/622/2148
f 4109/1048/2147 4111/622/2148 4112/621/2149
f 4113/625/2150 4114/1049/2151 4115/1051/2150
f 4114/1049/2151 4113/625/2150 4116/627/2150
f 4117/370/2152 4118/1117/2153 4119/371/2154
f 4118/1117/2153 4117/370/2152 4120/1119/2152
f 4121/497/2155 4122/1082/2155 4123/1084/2155
f 4122/1082/2155 4121/497/2155 4124/499/2155
f 4125/501/2156 4126/1083/2157 4127/504/2157
f 4126/1083/2157 4125/501/2156 4128/1085/2158
f 4129/373/2159 4130/1116/2159 4131/1118/2159
f 4130/1116/2159 4129/373/2159 4132/375/2159
f 4133/629/2160 4134/1048/2161 4135/632/2161
f 4134/1048/2161 4133/629/2160 4136/1050/2162
f 4137/377/2163 4138/1119/2164 4139/378/2164
f 4138/1119/2164 4137/377/2163 4140/1121/2165
f 4141/507/2166 4142/1084/2167 4143/1087/2168
f 4142/1084/2167 4141/507/2166 4144/508/2166
f 4145/509/2169 4146/1085/2170 4147/512/2169
f 4146/1085/2170 4145/509/2169 4148/1086/2171
f 4149/384/2172 4150/1118/2173 4151/1120/2172
f 4150/1118/2173 4149/384/2172 4152/381/2174
f 4153/633/2175 4154/1050/2175 4155/636/2175
f 4154/1050/2175 4153/633/2175 4156/1053/2175
f 4157/639/2176 4158/1051/2177 4159/1052/2176
f 4158/1051/2177 4157/639/2176 4160/640/2177
f 4161/1055/2178 4162/642/2179 4163/1052/2179
f 4162/642/2179 4161/1055/2178 4164/643/2180
f 4165/388/2181 4166/385/2182 4167/1123/2182
f 4167/1123/2182 4168/1121/2181 4165/388/2181
f 4169/1088/2183 4170/514/2183 4171/1087/2183
f 4170/514/2183 4169/1088/2183 4172/515/2183
f 4173/518/2184 4174/517/2185 4175/1089/2184
f 4175/1089/2184 4176/1086/2184 4173/518/2184
f 4177/1122/2186 4178/392/2187 4179/1120/2188
f 4178/392/2187 4177/1122/2186 4180/391/2189
f 4181/646/2190 4182/645/2191 4183/1054/2191
f 4183/1054/2191 4184/1053/2190 4181/646/2190
f 4185/1091/2192 4186/522/2193 4187/1088/2194
f 4186/522/2193 4185/1091/2192 4188/523/2193
f 4189/527/2195 4190/526/2196 4191/1090/2197
f 4191/1090/2197 4192/1089/2197 4189/527/2195
f 4193/1124/2198 4194/393/2199 4195/1122/2200
f 4194/393/2199 4193/1124/2198 4196/396/2201
f 4197/651/2202 4198/650/2203 4199/1057/2203
f 4199/1057/2203 4200/1054/2202 4197/651/2202
f 4201/1056/2204 4202/654/2204 4203/1055/2204
f 4202/654/2204 4201/1056/2204 4204/655/2205
f 4205/398/2206 4206/400/2207 4207/1125/2207
f 4207/1125/2207 4208/1123/2208 4205/398/2206
f 4209/1056/2209 4210/1059/2210 4211/657/2211
f 4209/1056/2209 4211/657/2211 4212/659/2209
f 4213/1125/2212 4214/402/2212 4215/1127/2212
f 4214/402/2212 4213/1125/2212 4216/403/2212
f 4217/530/2213 4218/1091/2214 4219/1092/2215
f 4218/1091/2214 4217/530/2213 4220/529/2215
f 4221/533/2216 4222/1090/2216 4223/536/2216
f 4222/1090/2216 4221/533/2216 4224/1093/2216
f 4225/1124/2217 4226/1126/2218 4227/406/2218
f 4225/1124/2217 4227/406/2218 4228/405/2219
f 4229/661/2220 4230/1057/2221 4231/664/2221
f 4230/1057/2221 4229/661/2220 4232/1058/2222
f 4233/412/2223 4234/1126/2224 4235/1128/2225
f 4234/1126/2224 4233/412/2223 4236/409/2224
f 4237/1058/2226 4238/666/2227 4239/1062/2228
f 4238/666/2227 4237/1058/2226 4240/667/2226
f 4241/1059/2229 4242/1060/2229 4243/669/2230
f 4241/1059/2229 4243/669/2230 4244/671/2229
f 4245/1127/2231 4246/416/2231 4247/1129/2232
f 4246/416/2231 4245/1127/2231 4248/415/2231
f 4249/1092/2233 4250/1095/2234 4251/537/2234
f 4249/1092/2233 4251/537/2234 4252/539/2233
f 4253/1093/2235 4254/541/2236 4255/1094/2237
f 4254/541/2236 4253/1093/2235 4256/544/2237
f 4257/1061/2238 4258/673/2238 4259/1060/2238
f 4258/673/2238 4257/1061/2238 4260/676/2238
f 4261/1131/2239 4262/1129/2240 4263/418/2240
f 4261/1131/2239 4263/418/2240 4264/417/2239
f 4265/1096/2241 4266/545/2242 4267/1095/2243
f 4266/545/2242 4265/1096/2241 4268/548/2241
f 4269/1097/2244 4270/1094/2245 4271/550/2244
f 4269/1097/2244 4271/550/2244 4272/552/2246
f 4273/1130/2247 4274/421/2247 4275/1128/2247
f 4274/421/2247 4273/1130/2247 4276/424/2247
f 4277/1063/2248 4278/1062/2248 4279/678/2248
f 4277/1063/2248 4279/678/2248 4280/680/2248
f 4281/682/2249 4282/684/2250 4283/1064/2250
f 4283/1064/2250 4284/1063/2249 4281/682/2249
f 4285/1065/2251 4286/685/2251 4287/1061/2251
f 4286/685/2251 4285/1065/2251 4288/688/2251
f 4289/1133/2252 4290/1131/2252 4291/427/2252
f 4289/1133/2252 4291/427/2252 4292/426/2253
f 4293/1099/2254 4294/554/2255 4295/1096/2255
f 4294/554/2255 4293/1099/2254 4296/555/2255
f 4297/558/2256 4298/560/2256 4299/1098/2256
f 4299/1098/2256 4300/1097/2256 4297/558/2256
f 4301/1132/2257 4302/430/2258 4303/1130/2259
f 4302/430/2258 4301/1132/2257 4304/431/2257
f 4305/690/2260 4306/689/2261 4307/1065/2261
f 4307/1065/2261 4308/1066/2262 4305/690/2260
f 4309/1133/2263 4310/433/2264 4311/1135/2265
f 4310/433/2264 4309/1133/2263 4312/436/2263
f 4313/562/2266 4314/561/2266 4315/1099/2267
f 4315/1099/2267 4316/1100/2268 4313/562/2266
f 4317/1098/2269 4318/566/2270 4319/1101/2271
f 4318/566/2270 4317/1098/2269 4320/567/2271
f 4321/439/2272 4322/440/2273 4323/1132/2272
f 4323/1132/2272 4324/1134/2274 4321/439/2272
f 4325/1064/2275 4326/694/2276 4327/1067/2277
f 4326/694/2276 4325/1064/2275 4328/695/2276
f 4329/698/2278 4330/697/2279 4331/1066/2279
f 4331/1066/2279 4332/1069/2280 4329/698/2278
f 4333/1135/2281 4334/444/2282 4335/1137/2283
f 4334/444/2282 4333/1135/2281 4336/442/2281
f 4337/570/2284 4338/569/2284 4339/1100/2284
f 4339/1100/2284 4340/1102/2284 4337/570/2284
f 4341/1101/2285 4342/574/2286 4343/1103/2285
f 4342/574/2286 4341/1101/2285 4344/575/2287
f 4345/448/2288 4346/445/2289 4347/1134/2289
f 4347/1134/2289 4348/1136/2288 4345/448/2288
f 4349/1067/2290 4350/702/2290 4351/1068/2291
f 4350/702/2290 4349/1067/2290 4352/703/2292
f 4353/705/2293 4354/1071/2294 4355/708/2294
f 4354/1071/2294 4353/705/2293 4356/1077/2293
f 4357/450/2295 4358/1141/2296 4359/1140/2295
f 4358/1141/2296 4357/450/2295 4360/452/2296
f 4361/577/2297 4362/1105/2298 4363/580/2299
f 4362/1105/2298 4361/577/2297 4364/1104/2297
f 4365/582/2300 4366/1107/2301 4367/1106/2300
f 4366/1107/2301 4365/582/2300 4368/584/2301
f 4369/453/2302 4370/1139/2303 4371/456/2303
f 4370/1139/2303 4369/453/2302 4372/1138/2302
f 4373/710/2304 4374/1070/2304 4375/1076/2304
f 4374/1070/2304 4373/710/2304 4376/712/2304
f 4377/713/2305 4378/1073/2305 4379/716/2305
f 4378/1073/2305 4377/713/2305 4380/1071/2305
f 4381/458/2306 4382/1143/2307 4383/1141/2308
f 4382/1143/2307 4381/458/2306 4384/457/2308
f 4385/585/2309 4386/1108/2309 4387/588/2309
f 4386/1108/2309 4385/585/2309 4388/1105/2309
f 4389/591/2310 4390/1109/2310 4391/1107/2310
f 4390/1109/2310 4389/591/2310 4392/592/2310
f 4393/461/2311 4394/1142/2312 4395/464/2313
f 4394/1142/2312 4393/461/2311 4396/1139/2312
f 4397/719/2314 4398/1072/2315 4399/1070/2314
f 4398/1072/2315 4397/719/2314 4400/720/2315
f 4401/723/2316 4402/724/2317 4403/1073/2317
f 4403/1073/2317 4404/1075/2316 4401/723/2316
f 4405/1143/2318 4406/465/2319 4407/1145/2319
f 4406/465/2319 4405/1143/2318 4408/468/2320
f 4409/595/2321 4410/596/2321 4411/1108/2321
f 4411/1108/2321 4412/1110/2321 4409/595/2321
f 4413/1109/2322 4414/598/2322 4415/1111/2322
f 4414/598/2322 4413/1109/2322 4416/599/2322
f 4417/1142/2323 4418/1144/2324 4419/469/2324
f 4417/1142/2323 4419/469/2324 4420/472/2325
f 4421/1072/2326 4422/726/2327 4423/1074/2328
f 4422/726/2327 4421/1072/2326 4424/727/2326
f 4425/1075/2329 4426/1046/2329 4427/730/2329
f 4425/1075/2329 4427/730/2329 4428/729/2329
f 4429/1145/2330 4430/473/2331 4431/1114/2331
f 4430/473/2331 4429/1145/2330 4432/476/2330
f 4433/1110/2332 4434/1080/2333 4435/602/2334
f 4433/1110/2332 4435/602/2334 4436/601/2335
f 4437/1111/2336 4438/606/2337 4439/1078/2337
f 4438/606/2337 4437/1111/2336 4440/607/2338
f 4441/1144/2339 4442/1112/2340 4443/479/2340
f 4441/1144/2339 4443/479/2340 4444/478/2339
f 4445/1074/2341 4446/734/2341 4447/1044/2341
f 4446/734/2341 4445/1074/2341 4448/735/2341
f 4449/98/2342 4450/97/2342 4451/1214/2343
f 4451/1214/2343 4452/1180/2344 4449/98/2342
f 4453/1181/2345 4454/1215/2345 4455/100/2345
f 4453/1181/2345 4455/100/2345 4456/99/2345
f 4457/103/2346 4458/1217/2347 4459/101/2348
f 4458/1217/2347 4457/103/2346 4460/1182/2349
f 4461/1183/2350 4462/104/2350 4463/1216/2350
f 4462/104/2350 4461/1183/2350 4464/102/2350
f 4465/105/2351 4466/107/2351 4467/1215/2351
f 4467/1215/2351 4468/1181/2351 4465/105/2351
f 4469/1184/2352 4470/1218/2352 4471/106/2352
f 4469/1184/2352 4471/106/2352 4472/108/2352
f 4473/110/2353 4474/1216/2353 4475/111/2353
f 4474/1216/2353 4473/110/2353 4476/1183/2353
f 4477/1185/2354 4478/109/2354 4479/1219/2354
f 4478/109/2354 4477/1185/2354 4480/112/2354
f 4481/114/2355 4482/1184/2355 4483/115/2356
f 4482/1184/2355 4481/114/2355 4484/1218/2357
f 4485/1220/2358 4486/113/2359 4487/1187/2360
f 4486/113/2359 4485/1220/2358 4488/116/2361
f 4489/118/2362 4490/1185/2363 4491/1219/2364
f 4490/1185/2363 4489/118/2362 4492/120/2362
f 4493/1221/2365 4494/1186/2366 4495/117/2367
f 4493/1221/2365 4495/117/2367 4496/119/2368
f 4497/123/2369 4498/1187/2369 4499/124/2370
f 4498/1187/2369 4497/123/2369 4500/1220/2369
f 4501/1222/2371 4502/121/2372 4503/1188/2372
f 4502/121/2372 4501/1222/2371 4504/122/2372
f 4505/126/2373 4506/1186/2374 4507/1221/2373
f 4506/1186/2374 4505/126/2373 4508/128/2374
f 4509/1223/2375 4510/1189/2375 4511/125/2375
f 4509/1223/2375 4511/125/2375 4512/127/2376
f 4513/1223/2377 4514/129/2377 4515/1189/2377
f 4514/129/2377 4513/1223/2377 4516/132/2378
f 4517/130/2379 4518/1190/2379 4519/131/2380
f 4518/1190/2379 4517/130/2379 4520/1224/2379
f 4521/1222/2381 4522/1188/2381 4523/134/2382
f 4521/1222/2381 4523/134/2382 4524/136/2383
f 4525/133/2384 4526/1191/2384 4527/1225/2384
f 4526/1191/2384 4525/133/2384 4528/135/2384
f 4529/1225/2385 4530/1191/2386 4531/137/2387
f 4529/1225/2385 4531/137/2387 4532/139/2385
f 4533/138/2388 4534/1192/2388 4535/1226/2389
f 4534/1192/2388 4533/138/2388 4536/140/2390
f 4537/1224/2391 4538/141/2392 4539/1190/2392
f 4538/141/2392 4537/1224/2391 4540/144/2393
f 4541/142/2394 4542/1193/2395 4543/143/2395
f 4542/1193/2395 4541/142/2394 4544/1227/2395
f 4545/1193/2396 4546/1227/2397 4547/145/2396
f 4545/1193/2396 4547/145/2396 4548/147/2396
f 4549/146/2398 4550/1228/2399 4551/1194/2400
f 4550/1228/2399 4549/146/2398 4552/148/2399
f 4553/1192/2401 4554/149/2401 4555/1226/2402
f 4554/149/2401 4553/1192/2401 4556/150/2403
f 4557/1229/2404 4558/151/2405 4559/1195/2406
f 4558/151/2405 4557/1229/2404 4560/152/2405
f 4561/1195/2407 4562/154/2408 4563/1229/2409
f 4562/154/2408 4561/1195/2407 4564/155/2409
f 4565/1230/2410 4566/153/2411 4567/1196/2411
f 4566/153/2411 4565/1230/2410 4568/156/2411
f 4569/1194/2412 4570/1228/2413 4571/158/2413
f 4569/1194/2412 4571/158/2413 4572/160/2413
f 4573/157/2414 4574/1231/2415 4575/1197/2416
f 4574/1231/2415 4573/157/2414 4576/159/2417
f 4577/1231/2418 4578/163/2419 4579/1197/2420
f 4578/163/2419 4577/1231/2418 4580/164/2418
f 4581/1198/2421 4582/161/2422 4583/1232/2423
f 4582/161/2422 4581/1198/2421 4584/162/2421
f 4585/165/2424 4586/1230/2425 4587/1196/2426
f 4586/1230/2425 4585/165/2424 4588/167/2426
f 4589/1199/2427 4590/1233/2428 4591/166/2429
f 4589/1199/2427 4591/166/2429 4592/168/2427
f 4593/170/2430 4594/1233/2430 4595/1199/2431
f 4594/1233/2430 4593/170/2430 4596/172/2432
f 4597/1200/2433 4598/1234/2434 4599/169/2435
f 4597/1200/2433 4599/169/2435 4600/171/2433
f 4601/1232/2436 4602/175/2436 4603/1198/2437
f 4602/175/2436 4601/1232/2436 4604/176/2438
f 4605/1201/2439 4606/173/2440 4607/1235/2439
f 4606/173/2440 4605/1201/2439 4608/174/2441
f 4609/179/2442 4610/1200/2442 4611/180/2442
f 4610/1200/2442 4609/179/2442 4612/1234/2442
f 4613/1236/2443 4614/177/2443 4615/1203/2443
f 4614/177/2443 4613/1236/2443 4616/178/2443
f 4617/182/2444 4618/184/2444 4619/1201/2444
f 4619/1201/2444 4620/1235/2444 4617/182/2444
f 4621/181/2445 4622/183/2446 4623/1237/2446
f 4623/1237/2446 4624/1202/2445 4621/181/2445
f 4625/185/2447 4626/1203/2447 4627/186/2448
f 4626/1203/2447 4625/185/2447 4628/1236/2447
f 4629/1238/2449 4630/187/2449 4631/1204/2449
f 4630/187/2449 4629/1238/2449 4632/188/2450
f 4633/189/2451 4634/191/2452 4635/1202/2451
f 4635/1202/2451 4636/1237/2453 4633/189/2451
f 4637/190/2454 4638/192/2454 4639/1239/2454
f 4639/1239/2454 4640/1205/2454 4637/190/2454
f 4641/193/2455 4642/195/2455 4643/1241/2455
f 4643/1241/2455 4644/1209/2455 4641/193/2455
f 4645/194/2456 4646/196/2457 4647/1208/2456
f 4647/1208/2456 4648/1240/2456 4645/194/2456
f 4649/1243/2458 4650/198/2458 4651/1207/2458
f 4650/198/2458 4649/1243/2458 4652/199/2458
f 4653/197/2459 4654/1206/2459 4655/200/2459
f 4654/1206/2459 4653/197/2459 4656/1242/2459
f 4657/201/2460 4658/203/2461 4659/1240/2462
f 4659/1240/2462 4660/1208/2462 4657/201/2460
f 4661/202/2463 4662/204/2463 4663/1211/2463
f 4663/1211/2463 4664/1244/2463 4661/202/2463
f 4665/1242/2464 4666/207/2464 4667/1206/2465
f 4666/207/2464 4665/1242/2464 4668/208/2464
f 4669/205/2466 4670/1210/2466 4671/206/2467
f 4670/1210/2466 4669/205/2466 4672/1245/2466
f 4673/1211/2468 4674/211/2468 4675/1244/2469
f 4674/211/2468 4673/1211/2468 4676/212/2469
f 4677/209/2470 4678/1246/2471 4679/210/2472
f 4678/1246/2471 4677/209/2470 4680/1212/2473
f 4681/1210/2474 4682/1245/2475 4683/214/2474
f 4681/1210/2474 4683/214/2474 4684/216/2474
f 4685/213/2476 4686/215/2477 4687/1247/2478
f 4687/1247/2478 4688/1213/2479 4685/213/2476
f 4689/1212/2480 4690/220/2481 4691/1246/2482
f 4690/220/2481 4689/1212/2480 4692/218/2481
f 4693/219/2483 4694/1214/2484 4695/217/2485
f 4694/1214/2484 4693/219/2483 4696/1180/2483
f 4697/1213/2486 4698/1247/2486 4699/224/2486
f 4697/1213/2486 4699/224/2486 4700/221/2486
f 4701/223/2487 4702/222/2488 4703/1217/2488
f 4703/1217/2488 4704/1182/2489 4701/223/2487
f 4705/1217/2490 4706/1248/2491 4707/2/2492
f 4705/1217/2490 4707/2/2492 4708/1/2491
f 4709/1216/2493 4710/2/2493 4711/1248/2493
f 4710/2/2493 4709/1216/2493 4712/3/2493
f 4713/1214/2494 4714/4/2495 4715/1249/2496
f 4714/4/2495 4713/1214/2494 4716/5/2497
f 4717/1215/2498 4718/1249/2498 4719/4/2498
f 4717/1215/2498 4719/4/2498 4720/6/2499
f 4721/1216/2500 4722/1250/2501 4723/8/2502
f 4721/1216/2500 4723/8/2502 4724/7/2503
f 4725/1219/2504 4726/8/2504 4727/1250/2504
f 4726/8/2504 4725/1219/2504 4728/9/2504
f 4729/1215/2505 4730/10/2506 4731/1251/2507
f 4730/10/2506 4729/1215/2505 4732/11/2508
f 4733/1218/2509 4734/1251/2510 4735/10/2510
f 4733/1218/2509 4735/10/2510 4736/12/2509
f 4737/1219/2511 4738/1252/2512 4739/14/2512
f 4737/1219/2511 4739/14/2512 4740/13/2511
f 4741/1221/2513 4742/14/2514 4743/1252/2513
f 4742/14/2514 4741/1221/2513 4744/15/2513
f 4745/16/2515 4746/1218/2516 4747/17/2516
f 4746/1218/2516 4745/16/2515 4748/1253/2515
f 4749/1220/2517 4750/1253/2518 4751/16/2517
f 4749/1220/2517 4751/16/2517 4752/18/2519
f 4753/1221/2520 4754/1254/2521 4755/20/2522
f 4753/1221/2520 4755/20/2522 4756/19/2521
f 4757/1223/2523 4758/20/2523 4759/1254/2523
f 4758/20/2523 4757/1223/2523 4760/21/2523
f 4761/22/2524 4762/1220/2525 4763/23/2524
f 4762/1220/2525 4761/22/2524 4764/1255/2526
f 4765/1222/2527 4766/1255/2528 4767/22/2527
f 4765/1222/2527 4767/22/2527 4768/24/2527
f 4769/1223/2529 4770/1256/2530 4771/26/2531
f 4769/1223/2529 4771/26/2531 4772/25/2531
f 4773/26/2532 4774/1224/2532 4775/27/2532
f 4774/1224/2532 4773/26/2532 4776/1256/2532
f 4777/1222/2533 4778/28/2534 4779/1257/2535
f 4778/28/2534 4777/1222/2533 4780/29/2533
f 4781/1225/2536 4782/1257/2537 4783/28/2537
f 4781/1225/2536 4783/28/2537 4784/30/2536
f 4785/1224/2538 4786/1258/2538 4787/32/2539
f 4785/1224/2538 4787/32/2539 4788/31/2540
f 4789/32/2541 4790/1227/2541 4791/33/2541
f 4790/1227/2541 4789/32/2541 4792/1258/2541
f 4793/1225/2542 4794/34/2543 4795/1259/2543
f 4794/34/2543 4793/1225/2542 4796/35/2543
f 4797/1226/2544 4798/1259/2544 4799/34/2545
f 4797/1226/2544 4799/34/2545 4800/36/2546
f 4801/1226/2547 4802/37/2547 4803/1260/2548
f 4802/37/2547 4801/1226/2547 4804/38/2549
f 4805/1229/2550 4806/1260/2550 4807/37/2551
f 4805/1229/2550 4807/37/2551 4808/39/2550
f 4809/1227/2552 4810/1261/2552 4811/41/2553
f 4809/1227/2552 4811/41/2553 4812/40/2554
f 4813/1228/2555 4814/41/2555 4815/1261/2555
f 4814/41/2555 4813/1228/2555 4816/42/2556
f 4817/1228/2557 4818/1262/2558 4819/44/2557
f 4817/1228/2557 4819/44/2557 4820/43/2557
f 4821/1231/2559 4822/44/2560 4823/1262/2561
f 4822/44/2560 4821/1231/2559 4824/45/2560
f 4825/1229/2562 4826/46/2563 4827/1263/2563
f 4826/46/2563 4825/1229/2562 4828/47/2562
f 4829/1230/2564 4830/1263/2565 4831/46/2564
f 4829/1230/2564 4831/46/2564 4832/48/2566
f 4833/1231/2567 4834/1264/2568 4835/50/2568
f 4833/1231/2567 4835/50/2568 4836/49/2569
f 4837/1232/2570 4838/50/2571 4839/1264/2572
f 4838/50/2571 4837/1232/2570 4840/51/2573
f 4841/1230/2574 4842/52/2575 4843/1265/2575
f 4842/52/2575 4841/1230/2574 4844/53/2576
f 4845/1233/2577 4846/1265/2578 4847/52/2579
f 4845/1233/2577 4847/52/2579 4848/54/2580
f 4849/1232/2581 4850/1266/2581 4851/56/2581
f 4849/1232/2581 4851/56/2581 4852/55/2582
f 4853/1235/2583 4854/56/2583 4855/1266/2583
f 4854/56/2583 4853/1235/2583 4856/57/2583
f 4857/1233/2584 4858/58/2585 4859/1267/2586
f 4858/58/2585 4857/1233/2584 4860/59/2587
f 4861/1234/2588 4862/1267/2589 4863/58/2588
f 4861/1234/2588 4863/58/2588 4864/60/2588
f 4865/62/2590 4866/61/2590 4867/1235/2591
f 4867/1235/2591 4868/1268/2592 4865/62/2590
f 4869/1237/2593 4870/62/2594 4871/1268/2594
f 4870/62/2594 4869/1237/2593 4872/63/2595
f 4873/1234/2596 4874/64/2597 4875/1269/2596
f 4874/64/2597 4873/1234/2596 4876/65/2598
f 4877/1236/2599 4878/1269/2600 4879/64/2601
f 4877/1236/2599 4879/64/2601 4880/66/2602
f 4881/68/2603 4882/67/2603 4883/1237/2603
f 4883/1237/2603 4884/1270/2603 4881/68/2603
f 4885/1239/2604 4886/68/2605 4887/1270/2604
f 4886/68/2605 4885/1239/2604 4888/69/2606
f 4889/1236/2607 4890/70/2608 4891/1271/2608
f 4890/70/2608 4889/1236/2607 4892/71/2607
f 4893/1238/2609 4894/1271/2610 4895/70/2611
f 4893/1238/2609 4895/70/2611 4896/72/2612
f 4897/1243/2613 4898/1272/2613 4899/74/2613
f 4897/1243/2613 4899/74/2613 4900/73/2613
f 4901/1242/2614 4902/74/2614 4903/1272/2614
f 4902/74/2614 4901/1242/2614 4904/75/2614
f 4905/1241/2615 4906/76/2615 4907/1273/2615
f 4906/76/2615 4905/1241/2615 4908/77/2616
f 4909/76/2617 4910/78/2618 4911/1240/2618
f 4911/1240/2618 4912/1273/2617 4909/76/2617
f 4913/1242/2619 4914/1274/2619 4915/80/2620
f 4913/1242/2619 4915/80/2620 4916/79/2621
f 4917/1245/2622 4918/80/2622 4919/1274/2623
f 4918/80/2622 4917/1245/2622 4920/81/2622
f 4921/1240/2624 4922/82/2625 4923/1275/2625
f 4922/82/2625 4921/1240/2624 4924/83/2626
f 4925/82/2627 4926/84/2628 4927/1244/2628
f 4927/1244/2628 4928/1275/2629 4925/82/2627
f 4929/1245/2630 4930/1276/2631 4931/86/2631
f 4929/1245/2630 4931/86/2631 4932/85/2630
f 4933/1247/2632 4934/86/2633 4935/1276/2634
f 4934/86/2633 4933/1247/2632 4936/87/2634
f 4937/1244/2635 4938/88/2635 4939/1277/2635
f 4938/88/2635 4937/1244/2635 4940/89/2635
f 4941/1246/2636 4942/1277/2637 4943/88/2638
f 4941/1246/2636 4943/88/2638 4944/90/2637
f 4945/1247/2639 4946/1278/2639 4947/92/2639
f 4945/1247/2639 4947/92/2639 4948/91/2639
f 4949/1217/2640 4950/92/2641 4951/1278/2641
f 4950/92/2641 4949/1217/2640 4952/93/2640
f 4953/1246/2642 4954/94/2642 4955/1279/2643
f 4954/94/2642 4953/1246/2642 4956/95/2644
f 4957/1214/2645 4958/1279/2645 4959/94/2645
f 4957/1214/2645 4959/94/2645 4960/96/2645
