# Blender 5.2.0 LTS
# www.blender.org
mtllib dommino crown.mtl
o Domino_crown_125837424006449
v 0.626656 1.203232 0.583712
v 0.582730 1.265475 0.649938
v 0.587718 1.145906 0.645850
v 0.558407 1.284207 0.633505
v 0.569707 1.265594 0.649303
v 0.569707 1.265594 0.649303
v 0.594083 1.291016 0.634334
v 0.571692 1.310983 0.617829
v 0.554622 1.281778 0.607587
v 0.555017 1.311187 0.587337
v 0.519897 1.294023 0.590708
v 0.625285 1.309749 0.562575
v 0.633255 1.297425 0.567065
v 0.714645 1.300111 0.424505
v 0.517268 1.306009 0.582090
v 0.498462 1.298538 0.561179
v 0.595766 1.313860 0.522353
v 0.502341 1.306585 0.557377
v 0.499451 1.301658 0.548717
v 0.563890 1.310401 0.449909
v 0.555865 1.299671 0.445406
v 0.668836 1.313854 0.424011
v 0.593158 1.311517 0.410361
v 0.578325 1.288052 0.403556
v 0.621611 1.311641 0.378042
v 0.603002 1.269508 0.365709
v 0.705941 1.309380 0.424505
v 0.621163 1.273393 0.361993
v 0.706874 1.311795 0.409198
v 0.679180 1.313857 0.391663
v 0.627541 1.310447 0.358244
v 0.618199 1.300537 0.348002
v 0.614480 1.277079 0.340393
v 0.689038 1.313860 0.360830
v 0.635759 1.308814 0.318718
v 0.637758 1.296168 0.301332
v 0.742989 1.303174 0.125678
v 0.763166 1.311278 0.124426
v 0.748716 1.296021 0.114862
v 0.715286 1.313237 0.364248
v 0.766960 1.303171 0.111762
v 0.852112 1.309963 0.136784
v 0.866346 1.287852 0.127714
v 0.724390 1.305206 0.368617
v 0.727931 1.279931 0.405813
v 0.749267 1.311071 0.343851
v 0.875670 1.282053 0.143192
v 0.734758 1.213054 0.397592
v 0.854874 1.309963 0.159522
v 0.755042 1.303315 0.352665
v 0.867280 1.299838 0.155529
v -0.824579 0.130175 -0.510650
v -0.591784 0.110220 -0.714235
v -0.828988 0.117667 -0.513042
v -0.835094 0.117969 -0.502386
v -0.778015 0.002887 -0.490029
v -0.592514 0.124097 -0.709331
v -0.830770 0.130636 -0.499571
v -0.782122 0.216850 -0.484799
v -0.946833 0.109745 0.117312
v -0.786449 0.218668 -0.474335
v -0.590131 0.214991 -0.649938
v -0.773265 0.226639 -0.479863
v -0.566536 0.198684 -0.655832
v -0.575301 0.230202 -0.638600
v -0.572877 0.119169 -0.707404
v -0.538124 0.205462 -0.648790
v -0.546130 0.187764 -0.675281
v -0.568551 0.104915 -0.713116
v -0.545593 0.230349 -0.638875
v -0.671619 0.232132 -0.413630
v -0.776400 0.228334 -0.468883
v -0.877634 0.228970 0.104482
v -0.893725 0.214274 0.108083
v -0.893603 0.216092 0.128767
v -0.946940 0.109632 0.142631
v -0.863829 0.230004 0.131765
v -0.944071 0.095154 0.119765
v -0.943898 0.095265 0.141942
v -0.887667 -0.004146 0.124893
v -0.757041 0.231806 0.094726
v -0.759335 0.233192 0.111610
v -0.746091 0.233716 0.108997
v -0.745389 0.228829 0.094038
v -0.884728 -0.005297 0.104930
v -0.875238 -0.011423 0.120908
v -0.783644 0.000764 -0.480564
v -0.774393 -0.008793 -0.474721
v -0.875576 -0.010792 0.104853
v -0.771615 -0.013835 0.100206
v -0.769799 -0.013794 0.088270
v -0.676043 -0.013635 -0.416583
v -0.673858 -0.013911 -0.426408
v -0.768517 -0.006674 -0.486632
v -0.529222 -0.006271 -0.688302
v -0.517808 -0.012738 -0.677386
v -0.453461 -0.010455 -0.600809
v -0.451110 -0.000465 -0.611941
v -0.519782 0.006989 -0.689542
v -0.508251 -0.000370 -0.681053
v -0.430257 -0.000993 -0.629279
v -0.488291 -0.001975 -0.698382
v -0.414390 -0.011567 -0.645126
v -0.543244 0.105492 -0.729307
v -0.479958 -0.011182 -0.714519
v -0.281216 -0.013909 -0.756507
v -0.495985 0.003394 -0.713158
v -0.311664 -0.011303 -0.858089
v -0.262630 -0.013553 -0.760404
v -0.299349 -0.010930 -0.864362
v -0.488830 -0.003723 -0.726130
v -0.315365 -0.001276 -0.873114
v -0.305457 0.000057 -0.878357
v -0.323934 0.106399 -0.932384
v -0.336465 0.106369 -0.927442
v -0.540353 0.106593 -0.757882
v -0.337154 0.121829 -0.924461
v -0.322619 0.122260 -0.930279
v -0.542163 0.120061 -0.754947
v -0.321719 0.220906 -0.868456
v -0.304806 0.223558 -0.874231
v -0.300471 0.231593 -0.868905
v -0.320491 0.230868 -0.850121
v -0.309072 0.238954 -0.855597
v -0.367402 0.223433 -0.827829
v -0.438975 0.184406 -0.799123
v -0.274208 0.232572 -0.750385
v -0.267986 0.240524 -0.752349
v -0.372415 0.231535 -0.810573
v -0.422496 0.197757 -0.777805
v -0.486343 0.216673 -0.735078
v 0.284974 0.494420 -0.859595
v 0.243001 0.471210 -0.874102
v 0.270039 0.501018 -0.851337
v 0.290426 0.246015 -0.869144
v -0.014330 0.230708 -0.871786
v -0.018813 0.238584 -0.868296
v -0.286419 0.244462 -0.869577
v 0.232409 0.495986 -0.873800
v -0.300471 0.231593 -0.868905
v -0.027745 0.366434 -0.864086
v 0.232143 0.520228 -0.874198
v 0.267085 0.523648 -0.851209
v 0.238546 0.541483 -0.873465
v -0.023750 0.611899 -0.870569
v 0.296491 0.612601 -0.868272
v -0.013533 0.967960 -0.875639
v -0.288746 0.611318 -0.872470
v -0.298106 0.246717 -0.860855
v -0.309072 0.238954 -0.855597
v -0.261896 0.248307 -0.754272
v -0.267986 0.240524 -0.752349
v -0.247871 0.234267 -0.743238
v -0.241700 0.249846 -0.744523
v -0.251507 0.614014 -0.746587
v -0.301303 0.610075 -0.860202
v -0.264096 0.616533 -0.754196
v -0.262638 1.029851 -0.751191
v -0.301015 0.974241 -0.856833
v -0.253636 1.033070 -0.745254
v -0.289153 0.977090 -0.871601
v -0.296824 1.045389 -0.842877
v -0.262816 1.295950 -0.755388
v -0.252570 1.296678 -0.747245
v -0.299546 1.118735 -0.861865
v -0.276614 1.046312 -0.873519
v -0.300794 1.271454 -0.857884
v -0.297699 1.292919 -0.857179
v -0.293538 1.270022 -0.869331
v -0.293670 1.120186 -0.870913
v -0.015200 1.128878 -0.875305
v 0.072237 1.103182 -0.875467
v -0.250044 1.236818 -0.875065
v -0.267800 1.289914 -0.871206
v 0.059055 1.247740 -0.874379
v -0.276650 1.306311 -0.865407
v -0.292495 1.305220 -0.858748
v -0.258432 1.306506 -0.758110
v -0.262816 1.295950 -0.755388
v -0.252570 1.296678 -0.747245
v -0.253584 1.307315 -0.866854
v -0.248031 1.306062 -0.750992
v -0.197616 1.297239 -0.744865
v -0.199309 1.307639 -0.749733
v 0.014204 1.304393 -0.754628
v 0.032473 1.284667 -0.744757
v -0.251418 1.300074 -0.871474
v -0.041546 1.310125 -0.862903
v 0.042559 1.305143 -0.769571
v -0.043788 1.301941 -0.870884
v 0.050582 1.290829 -0.759015
v -0.057573 1.243926 -0.875453
v -0.004279 1.311902 -0.852825
v -0.012989 1.291686 -0.872809
v 0.015796 1.248264 -0.874596
v 0.032463 1.252012 -0.870288
v 0.035040 1.307709 -0.851287
v 0.052583 1.291532 -0.855380
v 0.122884 1.298226 -0.872803
v 0.292552 1.219174 -0.871114
v 0.290914 1.293437 -0.866476
v 0.121227 1.308558 -0.865629
v 0.290158 1.306157 -0.862804
v 0.298143 1.297773 -0.860092
v 0.273253 1.308960 -0.804362
v 0.277804 1.303387 -0.801920
v 0.271711 1.288419 -0.772947
v 0.243715 1.310624 -0.768320
v 0.240920 1.288161 -0.744161
v 0.195254 1.311227 -0.756092
v 0.191960 1.301772 -0.745308
v 0.094794 1.311266 -0.756093
v 0.096051 1.301150 -0.744268
v 0.068543 1.289882 -0.741822
v 0.069267 1.309437 -0.760846
v -0.322619 0.122260 -0.930279
v -0.021023 0.105611 -0.934598
v -0.323934 0.106399 -0.932384
v -0.305457 0.000057 -0.878357
v -0.020009 0.121210 -0.932872
v -0.304806 0.223558 -0.874231
v -0.017018 0.000505 -0.881018
v -0.299349 -0.010930 -0.864362
v 0.308099 0.104749 -0.933771
v 0.297479 -0.001883 -0.877845
v 0.308276 0.120509 -0.932362
v -0.012465 0.221989 -0.877906
v -0.300471 0.231593 -0.868905
v 0.306200 0.221501 -0.875818
v -0.014330 0.230708 -0.871786
v 0.293407 0.229390 -0.865316
v -0.014328 -0.010493 -0.867473
v 0.293380 -0.012600 -0.859119
v -0.262630 -0.013553 -0.760404
v 0.262788 -0.013350 -0.758181
v -0.256883 -0.009231 -0.744929
v 0.258006 -0.007767 -0.741464
v -0.224121 0.100648 -0.678635
v 0.232348 0.103026 -0.676397
v 0.228310 0.112728 -0.668972
v -0.225534 0.110339 -0.670777
v -0.773158 0.448564 0.107528
v -0.851204 0.448803 0.123060
v -0.834846 0.503671 0.121356
v -0.756532 0.247231 0.111247
v -0.752937 0.449063 0.110462
v -0.751122 0.549902 0.112141
v -0.770090 0.552628 0.106673
v -0.743892 0.852663 0.119740
v -0.829714 0.526563 0.118447
v -0.863512 0.535463 0.128657
v -0.856467 0.499876 0.179064
v -0.873561 0.534133 0.144095
v -0.866198 0.858441 0.129111
v -0.758973 0.857569 0.108932
v -0.739138 1.051712 0.124737
v -0.875251 0.862172 0.143223
v -0.751519 1.062016 0.110446
v -0.740618 1.064522 0.130615
v -0.867804 1.051178 0.129382
v -0.876188 1.044049 0.142739
v -0.867234 0.864464 0.162892
v -0.786873 0.860972 0.305841
v -0.753498 1.078029 0.116228
v -0.735035 1.071497 0.131227
v -0.743417 1.091847 0.117713
v -0.863680 1.050082 0.173454
v -0.858659 1.118815 0.157460
v -0.825789 1.086934 0.238354
v -0.852267 1.110025 0.191651
v -0.749933 1.084914 0.370166
v -0.877425 1.180945 0.143700
v -0.827949 1.250547 0.234680
v -0.770728 1.232664 0.334118
v -0.760973 1.226448 0.342322
v -0.747709 1.288286 0.368649
v -0.752622 1.272429 0.341939
v -0.772118 1.286875 0.330438
v -0.746741 1.292716 0.342185
v -0.821857 1.282058 0.237099
v -0.612976 1.293339 0.604272
v -0.584001 1.141729 0.647174
v -0.605319 1.307744 0.600273
v -0.579252 1.261277 0.651594
v -0.568662 1.259652 0.648910
v -0.590034 1.290452 0.640448
v -0.571733 1.287234 0.635125
v -0.548863 1.297308 0.623562
v -0.574558 1.308341 0.630519
v -0.551577 1.304197 0.622231
v -0.503033 1.299674 0.568243
v -0.559233 1.310075 0.461636
v -0.505374 1.307027 0.562196
v -0.497939 1.299168 0.557825
v -0.501653 1.305274 0.551510
v -0.549240 1.302179 0.461787
v -0.585579 1.291470 0.438706
v -0.590384 1.301966 0.441518
v -0.586707 1.299309 0.393048
v -0.659654 1.313737 0.471244
v -0.592920 1.308030 0.393244
v -0.631954 1.308017 0.324629
v -0.626316 1.299593 0.323572
v -0.723590 1.313146 0.368112
v -0.744011 1.303564 0.371446
v -0.699731 1.307682 0.208967
v -0.695042 1.299086 0.206228
v -0.715433 1.313457 0.329704
v -0.738526 1.302508 0.338467
v -0.745619 1.314078 0.301604
v -0.774184 1.307286 0.312785
v -0.792317 1.311910 0.225352
v -0.781178 0.105011 0.435181
v -0.617250 0.108740 0.710996
v -0.616106 0.123107 0.708186
v -0.582288 -0.001289 0.663914
v -0.780522 0.119159 0.434217
v -0.586644 0.217082 0.662983
v -0.737643 -0.002533 0.398615
v -0.741296 0.211760 0.407247
v -0.583300 0.228547 0.644167
v -0.946940 0.109632 0.142631
v -0.730640 0.228816 0.391149
v -0.943898 0.095265 0.141942
v -0.893603 0.216092 0.128767
v -0.869172 0.228993 0.139389
v -0.863829 0.230004 0.131765
v -0.887667 -0.004146 0.124893
v -0.875238 -0.011423 0.120908
v -0.578547 -0.008576 0.655129
v -0.725864 -0.010957 0.394724
v -0.771615 -0.013835 0.100206
v -0.506979 -0.013564 0.563528
v -0.631428 -0.013519 0.350278
v -0.755090 -0.010890 0.096928
v -0.497175 -0.009506 0.549920
v -0.616902 -0.009235 0.344044
v -0.678055 0.107540 0.091701
v -0.444001 0.103201 0.500373
v -0.665307 0.117071 0.101567
v -0.440160 0.112695 0.497843
v 0.875837 0.090384 0.251327
v 0.946047 0.103886 0.143763
v 0.891935 0.122281 0.239185
v 0.945254 0.116977 0.144362
v 0.888781 0.219560 0.135802
v 0.836026 0.003184 0.236796
v 0.882546 -0.004686 0.139999
v 0.868659 -0.011962 0.137961
v 0.831190 0.214799 0.246680
v 0.875692 0.228911 0.134445
v 0.820975 0.223953 0.248894
v 0.585476 0.219884 0.660734
v 0.581732 0.227745 0.650604
v 0.870634 0.116042 0.260808
v 0.856773 0.118681 0.283731
v 0.624666 0.122843 0.698485
v 0.872236 0.092961 0.257192
v 0.860271 0.105164 0.285831
v 0.626039 0.109171 0.701175
v 0.582018 -0.002952 0.661459
v 0.572299 -0.011438 0.651643
v 0.823473 -0.009180 0.232631
v 0.499186 -0.013733 0.573300
v 0.759365 -0.013015 0.117576
v 0.741279 -0.005485 0.114631
v 0.489508 -0.011304 0.565383
v 0.444644 0.102178 0.501434
v 0.677914 0.103655 0.096538
v 0.444047 0.111515 0.488360
v 0.436945 0.116809 0.498538
v 0.667594 0.114430 0.095851
v 0.674954 0.119459 0.086398
v -0.365275 0.225881 0.742028
v -0.433029 0.215191 0.711381
v -0.388568 0.216323 0.740870
v -0.484278 0.233700 0.548142
v -0.504265 0.232014 0.558693
v -0.484214 0.230964 0.559369
v -0.505756 0.233071 0.546984
v -0.564826 0.229644 0.659955
v -0.583300 0.228547 0.644167
v -0.433767 0.233158 0.686495
v -0.491054 0.221769 0.687699
v -0.586644 0.217082 0.662983
v -0.439506 0.213957 0.723766
v -0.496842 0.219555 0.700360
v -0.576120 0.218802 0.670030
v -0.607110 0.123424 0.713644
v -0.616106 0.123107 0.708186
v -0.444362 0.195197 0.733102
v -0.403393 0.121471 0.788389
v -0.609464 0.108946 0.715741
v -0.617250 0.108740 0.710996
v -0.582288 -0.001289 0.663914
v -0.415317 0.108574 0.786859
v -0.572001 -0.001001 0.670990
v -0.567738 -0.008856 0.662608
v -0.578547 -0.008576 0.655129
v -0.506979 -0.013564 0.563528
v -0.495193 -0.013265 0.570740
v -0.384596 0.102487 0.774607
v -0.368928 0.118629 0.778376
v -0.338618 0.097793 0.789305
v -0.381562 0.070442 0.782351
v -0.354528 0.079783 0.775572
v -0.336483 0.068614 0.773680
v -0.339279 0.069071 0.792807
v -0.352783 0.009650 0.736510
v -0.376207 -0.006360 0.735768
v -0.367768 -0.011693 0.727336
v -0.278700 -0.009850 0.648285
v -0.346844 0.004547 0.726371
v -0.268866 0.004239 0.657695
v -0.334697 0.010862 0.744499
v -0.330652 0.003252 0.734911
v -0.246997 0.002567 0.669592
v -0.335115 -0.003836 0.754828
v -0.327310 -0.010817 0.746264
v -0.230910 -0.010035 0.667085
v -0.001269 -0.003862 0.873843
v -0.000174 -0.011217 0.861524
v 0.005361 -0.014080 0.761490
v 0.010293 -0.004537 0.871622
v 0.008191 0.113046 0.933758
v 0.012449 -0.010810 0.860685
v 0.015749 -0.014077 0.758992
v 0.280271 0.112687 0.834082
v 0.276534 0.126032 0.830702
v 0.296283 -0.001687 0.769586
v 0.293595 -0.010493 0.758597
v 0.487986 -0.014051 0.586168
v 0.617196 0.123802 0.706458
v 0.563643 -0.010043 0.661791
v 0.572299 -0.011438 0.651643
v 0.499186 -0.013733 0.573300
v 0.573485 -0.001001 0.669974
v 0.582018 -0.002952 0.661459
v 0.619131 0.109468 0.708964
v 0.626039 0.109171 0.701175
v 0.624666 0.122843 0.698485
v 0.579221 0.221738 0.664526
v 0.345339 0.217536 0.753216
v 0.347922 0.225469 0.746796
v 0.585476 0.219884 0.660734
v 0.572477 0.229470 0.655511
v 0.581732 0.227745 0.650604
v 0.849932 0.113660 -0.403850
v 0.826743 0.128962 -0.507120
v 0.847502 0.127122 -0.397180
v 0.859872 0.126025 -0.331659
v 0.829951 0.156833 -0.365045
v 0.818306 0.198466 -0.365698
v 0.864631 0.112410 -0.324046
v 0.782941 0.220894 -0.476088
v 0.773787 0.220949 -0.488170
v 0.830365 0.115325 -0.510082
v 0.786496 -0.001472 -0.466327
v 0.816736 0.128667 -0.518322
v 0.820845 0.115110 -0.520658
v 0.779250 -0.003992 -0.477380
v 0.608682 0.099113 -0.692887
v 0.610684 0.157667 -0.671606
v 0.537701 0.223642 -0.682441
v 0.766438 -0.012305 -0.466766
v 0.590488 0.135034 -0.683687
v 0.759630 0.231099 -0.478881
v 0.316182 0.000077 -0.873731
v 0.514823 0.201794 -0.689599
v 0.570807 0.133089 -0.716338
v 0.322456 0.104704 -0.931772
v 0.497424 0.220527 -0.720785
v 0.515366 0.231511 -0.678754
v 0.474439 0.218949 -0.696479
v 0.658440 0.230684 -0.427720
v 0.360084 0.231711 -0.675859
v 0.862075 1.219443 0.175080
v 0.876088 1.054108 0.143439
v 0.860350 1.048424 0.178129
v 0.870102 1.053081 0.129749
v 0.866346 1.287852 0.127714
v 0.876908 0.808278 0.142479
v 0.741205 1.038713 0.386054
v 0.765571 1.072743 0.111080
v 0.766960 1.303171 0.111762
v 0.748716 1.296021 0.114862
v 0.747330 1.070358 0.118273
v 0.764903 0.810146 0.109893
v 0.745158 0.809562 0.117591
v 0.873834 0.807829 0.130892
v 0.764647 0.709539 0.109439
v 0.744232 0.698399 0.117300
v 0.875608 0.728974 0.133135
v 0.764569 0.637145 0.111673
v 0.748847 0.636994 0.122574
v 0.867963 0.698704 0.131111
v 0.758655 0.614917 0.109115
v 0.744077 0.610990 0.118487
v 0.862567 0.677397 0.130038
v 0.811453 0.630497 0.119374
v 0.756488 0.416990 0.108251
v 0.742571 0.409953 0.118374
v 0.876816 0.724136 0.142854
v 0.869346 0.692153 0.147424
v 0.858800 0.804325 0.170836
v 0.858038 0.684453 0.167253
v 0.866182 0.677784 0.148989
v 0.874609 0.648802 0.135524
v 0.857520 0.664164 0.156370
v 0.874721 0.589085 0.134247
v 0.872195 0.618898 0.146123
v 0.746288 0.796347 0.376449
v 0.856480 0.664007 0.181117
v 0.859090 0.644572 0.179449
v 0.876646 0.590229 0.143476
v 0.750915 0.620351 0.368601
v 0.586113 0.579315 0.644371
v 0.874253 0.415679 0.130726
v 0.876062 0.415955 0.146601
v 0.756380 0.412488 0.359332
v 0.874184 0.247703 0.144626
v 0.865374 0.242997 0.130103
v 0.758129 0.246309 0.110666
v 0.742486 0.249450 0.121994
v 0.754876 0.240085 0.105835
v 0.740225 0.235464 0.121291
v 0.869174 0.237387 0.121387
v 0.875692 0.228911 0.134445
v 0.820975 0.223953 0.248894
v 0.751718 0.242556 0.360564
v 0.581732 0.227745 0.650604
v 0.583989 0.246042 0.645544
v 0.572477 0.229470 0.655511
v 0.567533 0.246209 0.645174
v 0.497848 0.232604 0.559466
v 0.499402 0.245297 0.561509
v 0.574041 0.423901 0.649343
v 0.582347 0.424378 0.650308
v 0.592182 0.468691 0.635771
v 0.600957 0.484666 0.624809
v 0.567248 0.455034 0.639661
v 0.572207 0.471120 0.620618
v 0.545640 0.461924 0.618268
v 0.499247 0.304158 0.560599
v 0.494977 0.454174 0.558814
v 0.496738 0.234146 0.548656
v 0.497848 0.232604 0.559466
v 0.501102 0.244003 0.544965
v 0.500255 0.294410 0.545451
v 0.499794 0.316896 0.545245
v 0.499316 0.340216 0.545033
v 0.497005 0.452980 0.544001
v 0.495368 0.591584 0.548636
v 0.495781 0.593931 0.561945
v 0.497467 0.788166 0.542419
v 0.573864 0.595053 0.651811
v 0.494073 0.788622 0.557551
v 0.498433 0.946101 0.542478
v 0.572095 0.777926 0.650954
v 0.585514 0.773988 0.646394
v 0.570451 0.948004 0.650158
v 0.495273 0.946555 0.557844
v 0.507677 0.976880 0.543233
v 0.608500 0.968005 0.610964
v 0.584954 0.955725 0.648283
v 0.506029 0.981448 0.558036
v 0.499330 0.994962 0.544216
v 0.523947 0.985165 0.599307
v 0.506013 1.006598 0.573016
v 0.494820 1.045624 0.550661
v 0.521847 1.004795 0.590522
v 0.554639 0.977639 0.635899
v 0.568011 0.992701 0.634127
v 0.563699 1.019511 0.607064
v 0.586087 0.988160 0.637049
v 0.615153 1.024155 0.600709
v 0.550554 1.046745 0.627291
v 0.617949 1.067683 0.596578
v 0.592595 1.069296 0.629786
v 0.576382 1.125005 0.651690
v 0.554092 1.242323 0.634755
v 0.558407 1.284207 0.633505
v 0.554622 1.281778 0.607587
v 0.543709 1.151461 0.624017
v 0.545008 1.259425 0.614240
v 0.519897 1.294023 0.590708
v 0.498462 1.298538 0.561179
v 0.495495 1.167027 0.560897
v 0.495278 1.043266 0.560056
v 0.494983 1.170503 0.550495
v 0.499451 1.301658 0.548717
v -0.499865 0.245795 0.563919
v -0.572523 0.245745 0.647619
v -0.583300 0.228547 0.644167
v -0.504265 0.232014 0.558693
v -0.497516 0.249719 0.549527
v -0.505756 0.233071 0.546984
v -0.497889 0.504091 0.563205
v -0.499125 0.503139 0.549275
v -0.568714 0.429372 0.647977
v -0.588190 0.243810 0.640314
v -0.497033 0.861740 0.549924
v -0.731981 0.242791 0.394746
v -0.730640 0.228816 0.391149
v -0.584148 0.433257 0.648344
v -0.555093 0.487126 0.634948
v -0.731841 0.440477 0.402591
v -0.598608 0.489341 0.630196
v -0.569368 0.536469 0.649257
v -0.497384 0.861133 0.564031
v -0.497238 0.964585 0.564270
v -0.572973 0.856157 0.649703
v -0.496406 0.969335 0.550120
v -0.584715 0.543937 0.649006
v -0.498174 1.069513 0.567022
v -0.495404 1.071342 0.551153
v -0.574274 0.971493 0.649866
v -0.556817 1.068459 0.637115
v -0.498757 1.141933 0.567796
v -0.495404 1.141671 0.551907
v -0.499665 1.254470 0.569000
v -0.495404 1.255228 0.553125
v -0.497939 1.299168 0.557825
v -0.503033 1.299674 0.568243
v -0.548863 1.297308 0.623562
v -0.567696 1.136559 0.647467
v -0.608034 1.064427 0.615633
v -0.584821 0.967969 0.647793
v -0.585214 0.859481 0.648624
v -0.742369 0.858974 0.383176
v -0.731710 0.540677 0.401503
v -0.731169 0.495381 0.402958
v -0.875562 0.440971 0.142698
v -0.876592 0.387488 0.133817
v -0.874068 0.244520 0.143555
v -0.869172 0.228993 0.139389
v -0.863829 0.230004 0.131765
v -0.867307 0.247576 0.128693
v -0.866919 0.385404 0.125553
v -0.769121 0.245797 0.110012
v -0.759335 0.233192 0.111610
v 0.283841 1.108016 -0.826854
v 0.298380 1.220111 -0.864226
v 0.271711 1.288419 -0.772947
v 0.277804 1.303387 -0.801920
v 0.251223 1.220167 -0.744430
v 0.240920 1.288161 -0.744161
v 0.266351 1.216946 -0.757477
v 0.264898 1.093741 -0.754953
v 0.250980 1.085926 -0.744183
v 0.267228 1.029561 -0.759420
v 0.249344 1.025430 -0.744193
v 0.281001 1.053423 -0.795415
v 0.257400 1.006557 -0.765592
v 0.231419 0.998296 -0.757094
v 0.245019 0.986317 -0.742793
v 0.272700 1.030224 -0.797525
v 0.264351 0.994602 -0.754747
v 0.283126 1.016199 -0.802153
v 0.265398 0.721326 -0.755584
v 0.250822 0.712143 -0.744009
v 0.283250 1.039651 -0.808167
v 0.286090 1.058726 -0.814017
v 0.300173 1.063707 -0.856080
v 0.301376 1.022658 -0.862667
v 0.299746 0.611358 -0.856386
v 0.292959 1.056508 -0.865231
v 0.297316 1.012095 -0.868738
v 0.236793 1.089958 -0.867950
v 0.279476 0.570720 -0.869107
v 0.293159 0.548650 -0.831887
v 0.265531 0.545024 -0.852920
v 0.266423 0.561300 -0.756875
v 0.248842 0.568756 -0.743530
v 0.246384 0.249090 -0.745185
v 0.288666 0.529162 -0.821952
v 0.264612 0.248861 -0.758172
v 0.259335 0.232920 -0.741897
v 0.291246 0.503732 -0.825074
v 0.308021 0.237134 -0.854176
v 0.297545 0.482021 -0.847907
v 0.300727 0.424144 -0.859829
v 0.298071 0.247145 -0.853108
v 0.294383 0.422194 -0.869798
v 0.293407 0.229390 -0.865316
v 0.275335 0.478143 -0.873016
v -0.749973 1.307434 0.123230
v -0.746123 1.298711 0.119009
v -0.754793 1.294071 0.110904
v -0.761537 1.301213 0.111034
v -0.772859 1.296267 0.325493
v -0.819435 1.297975 0.244348
v -0.814980 1.306053 0.241337
v -0.817547 1.293901 0.227739
v -0.811636 1.299781 0.221547
v -0.797848 1.306771 0.211836
v -0.808545 1.313411 0.196874
v -0.829153 1.307655 0.215698
v -0.869701 1.304948 0.143027
v -0.865154 1.300670 0.129231
v -0.874801 1.297147 0.142872
v -0.832254 1.297373 0.222100
v -0.829382 1.280573 0.229903
v -0.871276 1.178781 0.128725
v -0.865154 1.300670 0.129231
v -0.849828 1.136621 0.132741
v -0.754537 1.196588 0.108920
v -0.761537 1.301213 0.111034
v -0.754793 1.294071 0.110904
v -0.743947 1.197311 0.117219
v -0.746123 1.298711 0.119009
v -0.826932 1.135739 0.118413
v -0.752580 1.098676 0.109688
v -0.781519 1.102920 0.109015
v -0.781578 1.091731 0.114981
v -0.825714 1.127509 0.122242
v -0.788434 1.086497 0.110232
v -0.830218 1.118747 0.119817
v -0.846634 1.107998 0.120426
v 0.007069 0.216497 0.878850
v 0.146991 0.225450 0.818175
v 0.007979 0.229028 0.864009
v 0.011841 0.231712 0.743675
v -0.002342 0.228195 0.866526
v -0.000388 0.232070 0.748873
v 0.001760 0.228095 0.734809
v -0.180136 0.229136 0.677392
v 0.012560 0.227389 0.731243
v 0.230092 0.230141 0.659049
v 0.003055 0.122425 0.668368
v 0.245636 0.230032 0.744530
v 0.252198 0.205044 0.780146
v 0.161723 0.217952 0.821428
v 0.255083 0.194830 0.790459
v 0.260243 0.176561 0.808906
v 0.008978 0.125556 0.929984
v 0.000203 0.125772 0.930922
v -0.002505 0.216176 0.879744
v -0.252264 0.216930 0.791053
v -0.247567 0.227841 0.780660
v -0.226981 0.232697 0.704360
v -0.280544 0.153263 0.817890
v -0.260454 0.208480 0.763812
v -0.285166 0.156216 0.790460
v -0.336397 0.123792 0.810593
v 0.000241 0.113136 0.934598
v -0.267644 0.198921 0.772155
v -0.346765 0.119786 0.786046
v -0.291329 0.176279 0.776789
v -0.341709 0.105440 0.814214
v -0.307014 0.192181 0.785528
v -0.284159 0.199082 0.764554
v -0.281243 0.207856 0.753232
v -0.299551 0.216362 0.773934
v -0.295132 0.224135 0.766689
v -0.283218 0.233139 0.715534
v 0.224994 0.370398 -0.202538
v -0.265164 0.368255 -0.128090
v -0.223726 0.369514 -0.204372
v -0.035291 0.371422 0.252496
v 0.266422 0.370160 -0.133984
v 0.042017 0.369246 0.255922
v -0.355158 0.349273 0.308739
v -0.371228 0.342579 0.298202
v -0.378763 0.331915 0.323644
v -0.351676 0.370758 0.277177
v -0.392378 0.350374 0.300283
v -0.215024 0.436431 0.291008
v -0.345917 0.409694 0.159892
v -0.143105 0.488300 0.206695
v -0.378998 0.360022 0.216035
v -0.397280 0.365412 0.221974
v -0.543874 0.299713 0.229990
v -0.372385 0.381861 0.213701
v -0.430087 0.362684 0.165306
v -0.434196 0.339874 0.171611
v -0.458630 0.335644 0.163355
v -0.474865 0.344735 0.170262
v -0.478317 0.348403 0.037787
v -0.519911 0.355411 0.053092
v -0.590892 0.308437 0.110222
v -0.703759 0.236161 0.201829
v -0.744204 0.234697 0.125548
v -0.614946 0.312900 0.048949
v -0.503363 0.352623 0.047003
v -0.530712 0.334942 0.006309
v -0.524090 0.335807 -0.001006
v -0.468520 0.384651 0.037082
v -0.506195 0.377445 -0.006211
v -0.224443 0.488964 0.068465
v -0.145091 0.491543 0.187659
v -0.217389 0.492006 0.063021
v -0.330824 0.489460 -0.111908
v -0.322503 0.492678 -0.118189
v -0.337260 0.482423 -0.122400
v -0.345163 0.477571 -0.118551
v -0.283203 0.369533 -0.134398
v -0.274577 0.374248 -0.139890
v -0.505179 0.375959 -0.028531
v -0.273141 0.363945 -0.123008
v -0.265164 0.368255 -0.128090
v -0.457930 0.250451 -0.023003
v -0.469975 0.259078 -0.030821
v -0.573947 0.172547 0.052208
v -0.519548 0.347985 -0.023076
v -0.533139 0.310893 -0.009471
v -0.581068 0.180524 0.038730
v -0.672064 0.117202 0.089676
v -0.665307 0.117071 0.101567
v -0.540228 0.312514 0.007499
v -0.746091 0.233716 0.108997
v -0.623235 0.295559 0.036629
v -0.556970 0.328916 -0.002404
v -0.547706 0.340918 0.000937
v -0.555935 0.348134 0.012955
v -0.759335 0.233192 0.111610
v 0.075830 0.490815 0.308531
v 0.220392 0.487361 0.094014
v 0.210265 0.493474 0.084105
v 0.290373 0.482865 -0.030173
v 0.283009 0.493902 -0.038347
v 0.340900 0.482943 -0.115973
v 0.330696 0.490449 -0.120953
v 0.330265 0.480539 -0.132948
v 0.303273 0.480376 -0.017765
v 0.342244 0.471053 -0.125511
v 0.281103 0.377435 -0.140370
v 0.293768 0.370052 -0.132191
v 0.525235 0.328019 -0.012320
v 0.491064 0.249068 -0.021976
v 0.486669 0.387690 -0.034855
v 0.723699 0.228746 0.091077
v 0.674954 0.119459 0.086398
v 0.597802 0.319611 0.027698
v 0.732761 0.237286 0.104263
v 0.525577 0.344200 0.005746
v 0.740225 0.235464 0.121291
v 0.520937 0.361735 0.020475
v 0.541007 0.316730 0.151633
v 0.541549 0.314406 0.165339
v 0.635049 0.235887 0.306585
v 0.432839 0.373614 0.145368
v 0.422680 0.407855 0.037864
v 0.440058 0.356787 0.159585
v 0.404457 0.356147 0.254513
v 0.496738 0.234146 0.548656
v 0.422534 0.367089 0.180002
v 0.299168 0.385513 0.316653
v 0.386307 0.348428 0.240330
v 0.421693 0.362295 0.159628
v 0.413540 0.368032 0.165689
v 0.424114 0.375468 0.150519
v 0.416876 0.371654 0.153928
v 0.393475 0.396416 0.128629
v 0.410490 0.378364 0.158563
v 0.391238 0.388868 0.133314
v 0.377580 0.371609 0.233524
v 0.381272 0.400176 0.137051
v 0.369957 0.404092 0.113580
v 0.282372 0.371260 0.314181
v 0.275243 0.447225 0.151258
v 0.365398 0.413543 0.117283
v 0.004744 0.490895 -0.273994
v 0.005517 0.233735 -0.742751
v -0.245691 0.464856 -0.311429
v -0.247871 0.234267 -0.743238
v -0.264537 0.229358 -0.732011
v -0.254537 0.458049 -0.300715
v -0.241538 0.111006 -0.671633
v -0.230639 0.485927 -0.274977
v -0.238248 0.371148 -0.226606
v -0.225534 0.110339 -0.670777
v -0.225334 0.361741 -0.222647
v -0.238288 0.377363 -0.206338
v -0.223726 0.369514 -0.204372
v -0.255986 0.458076 -0.264425
v -0.256838 0.470021 -0.246199
v -0.224448 0.494596 -0.259982
v 0.004717 0.494164 -0.264543
v 0.249203 0.488031 -0.260622
v 0.249727 0.484063 -0.269773
v 0.259335 0.232920 -0.741897
v 0.263485 0.227421 -0.728673
v 0.257609 0.473915 -0.261431
v 0.258094 0.478316 -0.253105
v 0.235755 0.372647 -0.216365
v 0.235224 0.368063 -0.224536
v 0.242750 0.115311 -0.671040
v 0.228310 0.112728 -0.668972
v 0.220499 0.374336 -0.218230
v 0.224994 0.370398 -0.202538
v -0.638565 0.239164 0.311619
v -0.462471 0.296224 0.374747
v -0.505756 0.233071 0.546984
v -0.446266 0.287273 0.393758
v -0.436967 0.298963 0.400067
v -0.374276 0.309646 0.473557
v -0.484278 0.233700 0.548142
v -0.370106 0.348014 0.334449
v -0.368711 0.301070 0.480356
v -0.268595 0.371196 0.414539
v -0.346229 0.179545 0.452225
v -0.434762 0.121345 0.507929
v -0.440160 0.112695 0.497843
v -0.347584 0.173894 0.438261
v -0.197466 0.277339 0.358625
v -0.200021 0.271443 0.343289
v -0.264049 0.362082 0.418968
v -0.220298 0.354795 0.392626
v -0.250738 0.392768 0.377202
v -0.202009 0.393882 0.383004
v -0.041903 0.373657 0.269011
v -0.043374 0.368912 0.256513
v -0.033397 0.376395 0.265743
v -0.035291 0.371422 0.252496
v -0.079138 0.476803 0.314145
v -0.073671 0.481285 0.311008
v -0.208117 0.407596 0.380415
v -0.084675 0.487824 0.305992
v -0.078614 0.491118 0.302263
v -0.200073 0.430525 0.317508
v -0.291998 0.386072 0.320094
v -0.328153 0.360522 0.326446
v -0.212781 0.431415 0.303448
v -0.321316 0.378549 0.299010
v 0.279618 0.363165 -0.125960
v 0.281103 0.377435 -0.140370
v 0.293768 0.370052 -0.132191
v 0.266422 0.370160 -0.133984
v 0.042017 0.369246 0.255922
v 0.474810 0.238820 -0.011962
v 0.056804 0.361458 0.264066
v 0.037000 0.376050 0.268147
v 0.052385 0.368472 0.275437
v 0.491064 0.249068 -0.021976
v 0.667594 0.114430 0.095851
v 0.674954 0.119459 0.086398
v 0.271870 0.225155 0.387412
v 0.268321 0.232924 0.400997
v 0.353883 0.176635 0.448005
v 0.363120 0.164929 0.440912
v 0.436945 0.116809 0.498538
v 0.444047 0.111515 0.488360
v -0.265164 0.368255 -0.128090
v -0.043374 0.368912 0.256513
v -0.273141 0.363945 -0.123008
v -0.035291 0.371422 0.252496
v -0.200021 0.271443 0.343289
v -0.457930 0.250451 -0.023003
v -0.573947 0.172547 0.052208
v -0.347584 0.173894 0.438261
v -0.665307 0.117071 0.101567
v -0.440160 0.112695 0.497843
v 0.376043 0.408826 0.100286
v 0.337203 0.430471 0.088512
v 0.346994 0.428231 0.080058
v 0.372016 0.422061 0.058225
v 0.374637 0.442825 -0.020076
v 0.333407 0.445041 0.041773
v 0.325647 0.445737 0.054199
v 0.318532 0.451223 0.062181
v 0.088238 0.484973 0.315309
v 0.277335 0.403494 0.307551
v 0.265480 0.379298 0.401265
v 0.078007 0.465992 0.315199
v 0.066006 0.471439 0.310518
v 0.037000 0.376050 0.268147
v 0.052385 0.368472 0.275437
v 0.244765 0.374706 0.409273
v 0.268321 0.232924 0.400997
v 0.283190 0.350035 0.395341
v 0.353883 0.176635 0.448005
v 0.288859 0.319457 0.419754
v 0.305484 0.354676 0.423506
v 0.305911 0.314619 0.445631
v 0.343716 0.323895 0.458270
v 0.475640 0.231482 0.547275
v 0.436945 0.116809 0.498538
v 0.339303 0.314162 0.464078
v 0.220499 0.374336 -0.218230
v -0.225534 0.110339 -0.670777
v 0.228310 0.112728 -0.668972
v -0.225334 0.361741 -0.222647
v -0.223726 0.369514 -0.204372
v 0.224994 0.370398 -0.202538
v 0.037025 0.493353 0.288891
v 0.210265 0.493474 0.084105
v 0.007735 0.496561 -0.035595
v 0.283009 0.493902 -0.038347
v 0.075830 0.490815 0.308531
v 0.330696 0.490449 -0.120953
v 0.066006 0.471439 0.310518
v 0.249203 0.488031 -0.260622
v 0.330265 0.480539 -0.132948
v 0.258094 0.478316 -0.253105
v 0.235755 0.372647 -0.216365
v 0.281103 0.377435 -0.140370
v 0.224994 0.370398 -0.202538
v 0.266422 0.370160 -0.133984
v 0.004717 0.494164 -0.264543
v -0.224448 0.494596 -0.259982
v -0.322503 0.492678 -0.118189
v -0.217389 0.492006 0.063021
v -0.145091 0.491543 0.187659
v -0.274614 0.486627 -0.218742
v -0.256838 0.470021 -0.246199
v -0.337260 0.482423 -0.122400
v -0.238288 0.377363 -0.206338
v -0.274577 0.374248 -0.139890
v -0.223726 0.369514 -0.204372
v -0.265164 0.368255 -0.128090
v -0.078614 0.491118 0.302263
v 0.007990 0.489968 0.303863
v -0.073671 0.481285 0.311008
v 0.007727 0.475227 0.306826
v -0.033397 0.376395 0.265743
v 0.035165 0.467484 0.304008
v 0.037000 0.376050 0.268147
v -0.035291 0.371422 0.252496
v 0.042017 0.369246 0.255922
v -0.417830 0.211751 -0.758477
v -0.408455 0.230848 -0.743116
v -0.479162 0.228269 -0.724898
v -0.264537 0.229358 -0.732011
v -0.247871 0.234267 -0.743238
v -0.278508 0.228940 -0.731151
v -0.458617 0.232359 -0.638466
v -0.529647 0.227956 -0.677820
v -0.542672 0.215225 -0.689440
v -0.257396 0.113550 -0.666395
v -0.399073 0.226877 -0.629218
v -0.528012 0.206701 -0.666587
v -0.479089 0.203727 -0.630904
v -0.429616 0.198087 -0.621413
v -0.392335 0.193022 -0.603778
v -0.547769 0.116826 -0.718670
v -0.493047 0.204466 -0.615152
v -0.492105 0.224027 -0.597863
v -0.471797 0.195774 -0.588083
v -0.486163 0.229122 -0.562558
v -0.423457 0.175884 -0.603004
v -0.424454 0.126140 -0.532342
v -0.400073 0.117019 -0.583294
v -0.423312 0.121269 -0.557370
v 0.476971 0.229943 -0.719790
v 0.324277 0.120691 -0.930401
v 0.322150 0.220261 -0.868312
v 0.308276 0.120509 -0.932362
v 0.308099 0.104749 -0.933771
v 0.306200 0.221501 -0.875818
v 0.297479 -0.001883 -0.877845
v 0.293380 -0.012600 -0.859119
v 0.318527 0.229295 -0.854831
v 0.293407 0.229390 -0.865316
v 0.308021 0.237134 -0.854176
v 0.312299 -0.012059 -0.854272
v 0.262788 -0.013350 -0.758181
v 0.281784 -0.013647 -0.751309
v 0.674430 -0.013473 -0.414978
v 0.682723 -0.013787 -0.401186
v 0.287742 0.231979 -0.736699
v 0.259335 0.232920 -0.741897
v 0.263485 0.227421 -0.728673
v 0.277671 0.223904 -0.722112
v 0.774477 -0.011204 -0.455368
v 0.819119 -0.011230 -0.177428
v 0.831854 -0.004207 -0.196778
v 0.724332 -0.012967 -0.129975
v 0.810302 -0.006871 -0.156399
v 0.819770 0.007538 -0.168484
v 0.828737 -0.011355 -0.144307
v 0.759436 -0.012277 0.098835
v 0.850933 0.027220 -0.177679
v 0.874566 -0.011481 0.118422
v 0.759365 -0.013015 0.117576
v 0.868659 -0.011962 0.137961
v 0.882546 -0.004686 0.139999
v 0.908789 0.108653 -0.084305
v 0.842280 -0.002261 -0.145606
v 0.888461 -0.002914 0.119907
v 0.946047 0.103886 0.143763
v 0.912194 0.121388 -0.054563
v 0.946938 0.105408 0.122818
v 0.945254 0.116977 0.144362
v 0.945405 0.118444 0.121327
v 0.888781 0.219560 0.135802
v 0.911617 0.162919 0.062088
v 0.888927 0.220754 0.112251
v 0.875692 0.228911 0.134445
v 0.873873 0.230453 0.110613
v 0.869174 0.237387 0.121387
v 0.754876 0.240085 0.105835
v 0.883799 0.215118 0.055003
v 0.877751 0.203042 0.041164
v 0.878268 0.211043 0.017548
v 0.866026 0.213900 0.037501
v 0.873345 0.225115 0.052721
v 0.805918 0.217466 -0.360560
v 0.865560 0.225510 0.013286
v 0.812959 0.220882 0.022220
v 0.770126 0.229431 0.033748
v 0.803103 0.227677 -0.018692
v 0.750113 0.230975 0.098766
v 0.713425 0.230777 -0.128530
v 0.792259 0.229236 -0.358103
v 0.732761 0.237286 0.104263
v 0.740225 0.235464 0.121291
v 0.736901 0.222106 0.088636
v 0.723699 0.228746 0.091077
v 0.681559 0.121721 0.076636
v 0.674954 0.119459 0.086398
v 0.695882 0.216852 -0.158133
v 0.687903 0.229172 -0.287910
v 0.681571 0.103871 0.079605
v 0.677914 0.103655 0.096538
v 0.638224 0.118164 -0.163669
v 0.673493 0.217869 -0.278215
v 0.639669 0.101980 -0.159077
v 0.741314 -0.000900 0.095685
v 0.741279 -0.005485 0.114631
v 0.759436 -0.012277 0.098835
v 0.759365 -0.013015 0.117576
v 0.724332 -0.012967 -0.129975
v 0.706019 -0.004791 -0.131463
v 0.665702 -0.009235 -0.390932
v 0.682723 -0.013787 -0.401186
v 0.602357 0.100298 -0.371605
v 0.657602 -0.007300 -0.405480
v 0.674430 -0.013473 -0.414978
v 0.593854 0.100234 -0.383416
v 0.600383 0.115057 -0.373506
v 0.275891 -0.007710 -0.730960
v 0.281784 -0.013647 -0.751309
v 0.258006 -0.007767 -0.741464
v 0.262788 -0.013350 -0.758181
v 0.255582 0.101804 -0.666822
v 0.650401 0.218917 -0.402055
v 0.592815 0.117225 -0.384005
v 0.256671 0.112691 -0.664371
v 0.242332 0.102088 -0.674356
v 0.232348 0.103026 -0.676397
v 0.242750 0.115311 -0.671040
v 0.228310 0.112728 -0.668972
v 0.341954 0.223849 -0.668522
v 0.643764 0.223597 -0.416916
v 0.668696 0.230827 -0.411796
v 0.770320 0.230351 -0.469252
v -0.270971 0.214837 0.712909
v -0.246200 0.211377 0.698362
v -0.281841 0.215104 0.645037
v -0.212435 0.208457 0.676072
v -0.278513 0.203480 0.637863
v -0.199773 0.206988 0.666198
v -0.184579 0.221341 0.666372
v -0.199309 0.190353 0.639078
v -0.217579 0.182110 0.645870
v -0.190810 0.125202 0.604501
v -0.241799 0.174457 0.632209
v 0.003285 0.113060 0.673702
v -0.203743 0.125253 0.611406
v -0.196404 0.110315 0.598719
v -0.231666 0.125399 0.606560
v 0.012045 0.120696 0.665977
v 0.229350 0.220898 0.651209
v 0.431378 0.118584 0.510055
v 0.473430 0.226241 0.555950
v 0.480569 0.230884 0.562992
v 0.475640 0.231482 0.547275
v 0.496738 0.234146 0.548656
v 0.497848 0.232604 0.559466
v 0.436945 0.116809 0.498538
v 0.436498 0.103031 0.508190
v 0.444644 0.102178 0.501434
v 0.012423 0.110448 0.671887
v 0.478119 -0.012721 0.574790
v 0.489508 -0.011304 0.565383
v 0.487986 -0.014051 0.586168
v 0.499186 -0.013733 0.573300
v 0.016964 -0.012736 0.742925
v 0.015749 -0.014077 0.758992
v 0.006387 -0.012665 0.745308
v 0.005361 -0.014080 0.761490
v -0.209749 -0.006440 0.658231
v -0.230910 -0.010035 0.667085
v -0.228838 0.009501 0.658089
v -0.246997 0.002567 0.669592
v -0.209248 0.116421 0.607884
v -0.258444 0.010176 0.646821
v -0.268866 0.004239 0.657695
v -0.231391 0.110746 0.598728
v -0.278700 -0.009850 0.648285
v -0.242413 0.116644 0.597157
v -0.267471 -0.004776 0.636765
v -0.485311 -0.007900 0.557423
v -0.237812 0.132365 0.592219
v -0.495193 -0.013265 0.570740
v -0.497175 -0.009506 0.549920
v -0.506979 -0.013564 0.563528
v -0.441537 0.109399 0.514382
v -0.444001 0.103201 0.500373
v -0.440160 0.112695 0.497843
v -0.434762 0.121345 0.507929
v -0.368187 0.112068 0.544874
v -0.428951 0.126279 0.515295
v -0.370031 0.128154 0.539007
v -0.471117 0.222966 0.552682
v -0.387211 0.221350 0.585836
v -0.245805 0.174490 0.613526
v -0.296436 0.219602 0.621703
v -0.299983 0.229317 0.634779
v -0.395042 0.230167 0.595869
v -0.384386 0.232550 0.717439
v -0.578288 1.232645 0.436586
v -0.559330 1.167888 0.434157
v -0.579466 1.171383 0.433108
v -0.551892 1.234959 0.447076
v -0.585579 1.291470 0.438706
v -0.549240 1.302179 0.461787
v -0.501653 1.305274 0.551510
v -0.573134 1.225770 0.410149
v -0.586707 1.299309 0.393048
v -0.495404 1.255228 0.553125
v -0.497939 1.299168 0.557825
v -0.495404 1.141671 0.551907
v -0.572331 1.174406 0.413461
v -0.622178 1.218791 0.324659
v -0.626316 1.299593 0.323572
v -0.695042 1.299086 0.206228
v -0.568853 1.109617 0.418022
v -0.578174 1.122752 0.401912
v -0.495404 1.071342 0.551153
v 0.682760 0.701640 0.219623
v 0.694509 0.820079 0.198584
v 0.718764 0.717879 0.156830
v 0.649861 0.724406 0.278006
v 0.745158 0.809562 0.117591
v 0.630613 0.748491 0.330818
v 0.629536 0.761089 0.312817
v 0.600467 0.760048 0.371962
v 0.611829 0.778924 0.373640
v 0.606634 0.793905 0.358129
v 0.602691 0.780112 0.391877
v 0.593677 0.692133 0.389052
v 0.605875 0.822162 0.377977
v 0.602190 0.833142 0.359543
v 0.591510 0.783031 0.398272
v 0.587215 0.813403 0.394879
v 0.577630 0.786654 0.406209
v 0.497467 0.788166 0.542419
v 0.601172 0.843544 0.385960
v 0.578189 0.816932 0.403615
v 0.587235 0.847248 0.389562
v 0.596719 0.866329 0.369017
v 0.577434 0.964929 0.412365
v 0.568564 0.959265 0.426535
v 0.533993 0.929786 0.477014
v 0.580130 0.966985 0.397747
v 0.603701 1.012577 0.356045
v 0.542340 0.948164 0.474444
v 0.518541 0.956704 0.511274
v 0.531173 0.965886 0.481819
v 0.564254 0.982386 0.426136
v 0.598434 1.032161 0.378764
v 0.522206 0.984926 0.499245
v 0.588578 1.048177 0.384009
v 0.552443 1.081973 0.444358
v 0.625811 1.094177 0.339834
v 0.627024 1.093480 0.315503
v 0.607384 1.097631 0.349156
v 0.494820 1.045624 0.550661
v 0.494983 1.170503 0.550495
v 0.506344 0.981428 0.526157
v 0.499330 0.994962 0.544216
v 0.507677 0.976880 0.543233
v 0.514638 0.969503 0.529322
v 0.552220 1.186635 0.446692
v 0.499451 1.301658 0.548717
v 0.555865 1.299671 0.445406
v 0.578325 1.288052 0.403556
v 0.504831 0.957419 0.529097
v 0.498433 0.946101 0.542478
v 0.609328 1.196658 0.347327
v 0.603002 1.269508 0.365709
v 0.621163 1.273393 0.361993
v 0.630572 1.194327 0.342349
v 0.614480 1.277079 0.340393
v 0.622693 1.186314 0.323382
v 0.637758 1.296168 0.301332
v 0.692910 1.042230 0.201047
v 0.742989 1.303174 0.125678
v 0.748716 1.296021 0.114862
v 0.747330 1.070358 0.118273
v 0.640293 0.241156 0.305380
v 0.742571 0.409953 0.118374
v 0.742486 0.249450 0.121994
v 0.740225 0.235464 0.121291
v 0.635049 0.235887 0.306585
v 0.496738 0.234146 0.548656
v 0.501102 0.244003 0.544965
v 0.500255 0.294410 0.545451
v 0.628327 0.429415 0.315829
v 0.531665 0.383582 0.486616
v 0.499794 0.316896 0.545245
v 0.744077 0.610990 0.118487
v 0.517394 0.383770 0.511517
v 0.499316 0.340216 0.545033
v 0.526199 0.447741 0.493276
v 0.511617 0.386713 0.521469
v 0.497005 0.452980 0.544001
v 0.519921 0.448868 0.504185
v 0.511176 0.450437 0.519379
v 0.535048 0.544070 0.480443
v 0.495368 0.591584 0.548636
v 0.542908 0.534408 0.466572
v 0.549143 0.526745 0.455569
v 0.575851 0.599134 0.411885
v 0.586163 0.595088 0.395191
v 0.590730 0.586675 0.386474
v 0.592826 0.688118 0.375077
v 0.622939 0.592719 0.324469
v 0.698912 0.655797 0.195727
v 0.748847 0.636994 0.122574
v 0.618180 0.736939 0.332100
v 0.727273 0.672515 0.175896
v 0.744232 0.698399 0.117300
v 0.691409 0.696117 0.236090
v 0.676359 0.678170 0.230872
v 0.665686 0.712129 0.276540
v 0.647496 0.702432 0.280530
v -0.587098 1.115966 0.412240
v -0.583606 1.082090 0.392914
v -0.575907 1.077648 0.406936
v -0.579048 1.014822 0.401790
v -0.592446 1.087190 0.376814
v -0.496406 0.969335 0.550120
v -0.623236 1.081855 0.322922
v -0.597914 1.030649 0.370784
v -0.595184 1.020507 0.394905
v -0.572655 0.857193 0.410441
v -0.497033 0.861740 0.549924
v -0.613456 0.997583 0.345055
v -0.499125 0.503139 0.549275
v -0.622208 1.010194 0.344162
v -0.617000 1.016691 0.334741
v -0.624055 0.998387 0.321425
v -0.623925 1.011626 0.321662
v -0.653560 0.985438 0.273734
v -0.704279 1.088593 0.184541
v -0.624191 0.984581 0.321177
v -0.666194 0.967863 0.275711
v -0.680054 0.962026 0.230888
v -0.624872 0.857226 0.320056
v -0.651640 0.950814 0.275309
v -0.691343 0.941797 0.244582
v -0.619595 0.530892 0.331691
v -0.664296 0.855302 0.262383
v -0.677166 0.927396 0.244707
v -0.704361 0.928306 0.228468
v -0.637768 0.251413 0.312461
v -0.497516 0.249719 0.549527
v -0.505756 0.233071 0.546984
v -0.638565 0.239164 0.311619
v -0.702641 0.912959 0.239040
v -0.694872 0.911151 0.223481
v -0.703805 0.250803 0.201301
v -0.703759 0.236161 0.201829
v -0.744204 0.234697 0.125548
v -0.756532 0.247231 0.111247
v -0.759335 0.233192 0.111610
v -0.704675 0.532430 0.191130
v -0.752937 0.449063 0.110462
v -0.751122 0.549902 0.112141
v -0.698633 0.856379 0.196982
v -0.743892 0.852663 0.119740
v -0.717751 0.983457 0.173509
v -0.739138 1.051712 0.124737
v -0.716396 1.001116 0.175502
v -0.740618 1.064522 0.130615
v -0.709341 1.007706 0.177246
v -0.735035 1.071497 0.131227
v -0.743417 1.091847 0.117713
v -0.743947 1.197311 0.117219
v -0.697876 1.205438 0.195702
v -0.746123 1.298711 0.119009
v -0.661430 0.228453 -0.406480
v -0.601928 0.123594 -0.376748
v -0.677361 0.231485 -0.403507
v -0.666881 0.229272 -0.396330
v -0.604822 0.122012 -0.369771
v -0.598278 0.104523 -0.377256
v -0.681215 0.116315 0.069924
v -0.672064 0.117202 0.089676
v -0.603015 0.102701 -0.369681
v -0.681621 0.104582 0.072512
v -0.678055 0.107540 0.091701
v -0.665307 0.117071 0.101567
v -0.753826 -0.010854 0.085448
v -0.755090 -0.010890 0.096928
v -0.769799 -0.013794 0.088270
v -0.771615 -0.013835 0.100206
v -0.676043 -0.013635 -0.416583
v -0.661703 -0.009907 -0.408538
v -0.659737 -0.011426 -0.418005
v -0.673858 -0.013911 -0.426408
v -0.453461 -0.010455 -0.600809
v -0.446927 -0.006351 -0.587480
v -0.419484 0.101711 -0.532069
v -0.416288 0.101831 -0.558184
v -0.445208 0.005524 -0.600857
v -0.451110 -0.000465 -0.611941
v -0.420977 0.007918 -0.619448
v -0.430257 -0.000993 -0.629279
v -0.399015 0.096822 -0.577721
v -0.414390 -0.011567 -0.645126
v -0.361620 0.102174 -0.579674
v -0.404143 -0.008748 -0.634285
v -0.276581 -0.011578 -0.741156
v -0.281216 -0.013909 -0.756507
v -0.262630 -0.013553 -0.760404
v -0.256883 -0.009231 -0.744929
v -0.362169 0.115638 -0.579107
v -0.256113 0.098846 -0.667968
v -0.241538 0.111006 -0.671633
v -0.240043 0.099187 -0.677016
v -0.224121 0.100648 -0.678635
v -0.225534 0.110339 -0.670777
v -0.746091 0.233716 0.108997
v -0.672064 0.117202 0.089676
v -0.745389 0.228829 0.094038
v 0.050582 1.290829 -0.759015
v 0.056834 1.226390 -0.741280
v 0.068543 1.289882 -0.741822
v 0.038102 1.230665 -0.756083
v 0.032473 1.284667 -0.744757
v 0.021673 1.238657 -0.743096
v -0.197616 1.297239 -0.744865
v -0.020115 1.130538 -0.755243
v -0.177075 1.043006 -0.741547
v -0.252570 1.296678 -0.747245
v -0.253636 1.033070 -0.745254
v -0.251507 0.614014 -0.746587
v 0.103239 1.220027 -0.741154
v 0.096051 1.301150 -0.744268
v 0.191960 1.301772 -0.745308
v 0.251223 1.220167 -0.744430
v 0.240920 1.288161 -0.744161
v 0.105673 1.121526 -0.740867
v 0.250980 1.085926 -0.744183
v 0.249344 1.025430 -0.744193
v 0.231419 0.998296 -0.757094
v -0.014471 0.962883 -0.741632
v 0.099984 0.968976 -0.740523
v 0.245019 0.986317 -0.742793
v 0.250822 0.712143 -0.744009
v 0.011734 0.628244 -0.741031
v 0.248842 0.568756 -0.743530
v 0.004980 0.250752 -0.743249
v -0.241700 0.249846 -0.744523
v 0.246384 0.249090 -0.745185
v 0.005517 0.233735 -0.742751
v -0.247871 0.234267 -0.743238
v 0.259335 0.232920 -0.741897
v 0.263485 0.227421 -0.728673
v 0.242750 0.115311 -0.671040
v 0.277671 0.223904 -0.722112
v -0.264537 0.229358 -0.732011
v -0.257396 0.113550 -0.666395
v -0.241538 0.111006 -0.671633
vn 0.8605 0.0063 0.5095
vn 0.7356 0.0477 0.6757
vn 0.7484 -0.0130 0.6631
vn -0.7028 0.4270 0.5690
vn -0.3118 0.1217 0.9423
vn 0.7815 0.2047 0.5894
vn -0.0012 0.9496 0.3136
vn -0.6937 0.4433 0.5677
vn -0.1212 0.9810 0.1513
vn -0.5137 0.3030 0.8027
vn 0.2784 0.9409 0.1927
vn 0.8526 0.1399 0.5035
vn 0.8665 0.0948 0.4900
vn -0.1527 0.9774 0.1462
vn -0.8505 0.0515 0.5234
vn 0.0019 0.9997 0.0223
vn -0.1658 0.9861 -0.0084
vn -0.8892 0.1024 -0.4460
vn -0.1609 0.9831 -0.0868
vn -0.8692 0.0890 -0.4864
vn 0.0414 0.9987 0.0283
vn -0.2014 0.9648 -0.1691
vn -0.8473 0.1111 -0.5194
vn -0.3435 0.9056 -0.2489
vn -0.5966 0.2537 -0.7613
vn 0.3692 0.9090 0.1936
vn -0.9081 0.0900 -0.4090
vn 0.3948 0.9117 0.1133
vn 0.0009 1.0000 0.0035
vn -0.1778 0.9832 -0.0412
vn -0.9247 0.3377 -0.1756
vn -0.9102 0.0101 -0.4140
vn -0.0110 0.9998 -0.0134
vn -0.4184 0.8787 -0.2299
vn -0.8593 0.0525 -0.5088
vn -0.8359 0.2218 -0.5020
vn -0.0130 0.9955 -0.0937
vn -0.5824 0.0302 -0.8123
vn 0.0584 0.9981 0.0174
vn 0.1132 0.0534 -0.9921
vn 0.0743 0.9881 -0.1345
vn 0.2628 0.0351 -0.9642
vn 0.6923 0.4969 0.5232
vn 0.9544 0.2114 0.2108
vn 0.2685 0.9499 0.1601
vn 0.9919 0.0563 -0.1138
vn 0.8662 0.0120 0.4996
vn 0.2941 0.9438 0.1511
vn 0.8484 0.1276 0.5137
vn 0.8708 0.1352 0.4726
vn -0.5882 0.4444 -0.6757
vn -0.5806 -0.3821 -0.7190
vn -0.6088 -0.3676 -0.7031
vn -0.8983 -0.4035 -0.1738
vn -0.5778 -0.4641 -0.6714
vn -0.5226 0.4551 -0.7210
vn -0.8974 0.4095 -0.1641
vn -0.5661 0.5047 -0.6518
vn -0.9018 0.4044 -0.1523
vn -0.8580 0.4899 -0.1544
vn -0.5239 0.5153 -0.6783
vn -0.1478 0.9753 -0.1640
vn 0.0107 0.5643 -0.8255
vn -0.0795 0.9901 -0.1156
vn -0.1198 0.5222 -0.8444
vn 0.1954 0.8182 -0.5407
vn -0.8108 0.3853 -0.4406
vn -0.2965 -0.2595 -0.9191
vn 0.0544 0.9962 -0.0680
vn -0.0179 0.9996 -0.0213
vn -0.1658 0.9856 -0.0322
vn -0.1589 0.9869 -0.0273
vn -0.8597 0.4898 -0.1446
vn -0.7787 0.4861 0.3966
vn -0.8181 0.3950 0.4178
vn -0.2401 0.8241 -0.5130
vn -0.8996 -0.4056 -0.1621
vn -0.7957 -0.4394 0.4169
vn -0.7564 -0.5230 0.3928
vn -0.0100 0.9999 -0.0045
vn -0.0555 0.9231 -0.3804
vn -0.4272 0.0900 -0.8997
vn 0.8114 0.5732 0.1145
vn -0.8629 -0.4803 -0.1573
vn -0.0994 -0.9937 0.0521
vn -0.8627 -0.4773 -0.1672
vn -0.1311 -0.9910 -0.0283
vn -0.1232 -0.9921 -0.0243
vn -0.0021 -1.0000 0.0015
vn -0.0160 -0.9999 -0.0055
vn -0.0041 -1.0000 -0.0045
vn -0.0855 -0.9913 -0.0997
vn -0.5392 -0.4878 -0.6866
vn -0.0338 -0.9959 -0.0839
vn 0.0237 -0.9996 -0.0124
vn 0.3090 -0.9380 -0.1571
vn -0.3389 -0.4084 -0.8476
vn 0.1841 -0.9526 -0.2423
vn -0.1231 -0.9689 0.2146
vn -0.2252 -0.9657 0.1293
vn -0.0329 -0.9986 0.0412
vn -0.7724 -0.4106 -0.4846
vn -0.0974 -0.9941 -0.0471
vn -0.0051 -1.0000 0.0015
vn -0.7680 -0.5104 -0.3869
vn -0.0885 -0.9903 -0.1067
vn 0.0019 -1.0000 0.0094
vn -0.0012 -0.9928 -0.1196
vn -0.5769 -0.5113 -0.6370
vn -0.5478 -0.4972 -0.6728
vn -0.0208 -0.4913 -0.8708
vn -0.0237 -0.3902 -0.9204
vn -0.5753 -0.4028 -0.7119
vn -0.6230 -0.3948 -0.6752
vn -0.5602 0.3726 -0.7398
vn -0.0266 0.4386 -0.8983
vn -0.6796 0.3465 -0.6466
vn -0.5139 0.5112 -0.6888
vn -0.0256 0.4919 -0.8703
vn -0.0590 0.4871 -0.8713
vn -0.1539 0.9870 -0.0452
vn -0.6272 0.7664 0.1385
vn -0.5478 0.5301 -0.6473
vn -0.5572 0.4940 -0.6674
vn -0.0616 0.9958 0.0670
vn -0.5600 0.7671 0.3130
vn -0.1182 0.9901 -0.0759
vn -0.4067 0.8119 -0.4189
vn -0.5259 0.5346 -0.6616
vn 0.5599 0.5027 -0.6586
vn -0.0099 0.0024 -0.9999
vn 0.5402 0.3263 -0.7757
vn 0.0586 -0.0187 -0.9981
vn 0.0048 0.3473 -0.9377
vn -0.0070 0.0188 -0.9998
vn -0.0344 -0.0014 -0.9994
vn -0.0148 0.0303 -0.9994
vn 0.0008 -0.0062 -1.0000
vn -0.0049 -0.0207 -0.9998
vn 0.6565 -0.0274 -0.7538
vn 0.0039 0.0024 -1.0000
vn 0.0067 -0.0101 -0.9999
vn 0.0536 -0.0063 -0.9985
vn 0.0057 -0.0053 -1.0000
vn -0.0421 -0.0055 -0.9991
vn -0.9816 0.0178 0.1900
vn -0.6272 0.7665 0.1385
vn -0.9079 0.0168 0.4188
vn -0.5599 0.7671 0.3130
vn -0.0387 0.8905 -0.4534
vn -0.0431 0.0024 0.9991
vn -0.0519 -0.0034 0.9986
vn -0.9774 -0.0043 0.2116
vn -0.9129 -0.0043 0.4081
vn -0.9044 -0.0005 0.4268
vn -0.9763 0.0044 0.2164
vn -0.0734 -0.0043 0.9973
vn -0.0627 -0.0033 -0.9980
vn -0.9953 0.0207 0.0942
vn -0.9157 0.0236 0.4012
vn -0.1330 0.0207 0.9909
vn -0.9675 -0.0101 0.2526
vn -0.0637 0.0043 -0.9980
vn -0.9625 0.0073 0.2711
vn -0.9477 0.3176 0.0308
vn -0.3410 0.0419 -0.9391
vn -0.0734 -0.0062 -0.9973
vn -0.0040 -0.0004 -1.0000
vn 0.0175 -0.0072 -0.9998
vn -0.0207 0.0053 -0.9998
vn -0.1476 0.0630 -0.9870
vn -0.0050 0.0342 -0.9994
vn -0.1132 0.9681 -0.2236
vn -0.6770 0.7358 -0.0133
vn -0.3614 0.9215 0.1421
vn -0.9157 0.0236 0.4011
vn -0.1329 0.0207 0.9909
vn -0.0041 0.9922 -0.1246
vn -0.0488 0.9828 0.1780
vn 0.0028 0.0313 0.9995
vn 0.0117 0.9855 0.1691
vn 0.0266 0.9315 0.3629
vn 0.1465 0.1612 0.9760
vn -0.0050 0.1670 -0.9859
vn -0.0070 0.9982 -0.0601
vn 0.0098 0.9862 0.1652
vn 0.0067 0.1834 -0.9830
vn -0.1998 0.3301 0.9226
vn -0.0060 0.0091 -0.9999
vn 0.0505 0.9820 -0.1820
vn 0.0772 0.2182 -0.9729
vn 0.1045 0.0601 -0.9927
vn 0.0077 0.1073 -0.9942
vn 0.0257 0.9805 -0.1948
vn -0.0912 0.3359 -0.9375
vn 0.0096 0.0958 -0.9954
vn 0.1319 -0.0380 -0.9905
vn 0.0673 0.0880 -0.9938
vn -0.0160 0.9757 -0.2186
vn 0.0693 0.9651 -0.2524
vn 0.9779 0.1197 0.1714
vn 0.0723 0.9974 -0.0064
vn 0.9429 0.1284 0.3073
vn 0.9165 0.0919 0.3894
vn 0.0565 0.9974 0.0452
vn 0.1524 0.1121 0.9819
vn 0.0167 0.9967 0.0789
vn 0.0253 0.1660 0.9858
vn -0.0180 0.9973 0.0710
vn -0.0041 0.2420 0.9703
vn -0.1966 0.1477 0.9693
vn -0.0756 0.9944 0.0740
vn -0.0021 -0.3959 -0.9183
vn -0.0236 -0.3901 -0.9205
vn -0.0207 -0.4913 -0.8708
vn -0.0011 0.4407 -0.8977
vn -0.0021 -0.5087 -0.8609
vn -0.0011 -0.9928 -0.1196
vn 0.0126 -0.3978 -0.9174
vn 0.0126 -0.5124 -0.8587
vn 0.0156 0.4414 -0.8972
vn 0.0003 0.4989 -0.8667
vn -0.0589 0.4872 -0.8713
vn 0.0205 0.5018 -0.8647
vn 0.0401 0.4872 -0.8724
vn 0.0009 -0.9952 -0.0978
vn 0.0019 -0.9818 -0.1900
vn -0.0031 -0.9986 0.0521
vn 0.0117 -0.6110 0.7915
vn -0.0178 -0.6049 0.7961
vn -0.0011 -0.5202 0.8540
vn -0.0041 -0.5184 0.8551
vn 0.0117 -0.8631 0.5048
vn -0.0011 -0.8639 0.5037
vn -0.0978 -0.0111 -0.9951
vn -0.5385 0.1929 -0.8203
vn -0.4751 0.0024 -0.8800
vn 0.7590 -0.0110 -0.6510
vn 0.7425 -0.0140 -0.6697
vn 0.8003 -0.0063 -0.5995
vn -0.1105 0.0053 -0.9939
vn 0.8167 -0.0024 -0.5770
vn -0.3217 -0.0871 -0.9428
vn -0.3508 -0.0216 -0.9362
vn -0.9001 0.0207 0.4353
vn -0.9043 -0.0111 0.4267
vn -0.2971 0.0053 -0.9548
vn -0.0880 0.0053 -0.9961
vn 0.8170 0.0207 -0.5762
vn -0.9957 -0.0053 -0.0923
vn -0.0627 0.0072 -0.9980
vn 0.7765 -0.0899 -0.6237
vn -0.3050 0.0226 -0.9521
vn -0.9989 0.0448 0.0112
vn -0.8776 -0.0072 0.4793
vn -0.8717 -0.0053 0.4900
vn 0.3799 0.0255 -0.9247
vn 0.8109 -0.0784 -0.5799
vn 0.8380 -0.0120 -0.5456
vn -0.8834 0.0053 0.4685
vn -0.9992 0.0341 -0.0190
vn -0.8674 -0.0024 0.4976
vn -0.8978 0.0178 0.4400
vn -0.8635 0.0025 0.5044
vn -0.9714 -0.0284 0.2359
vn -0.8706 0.0120 0.4919
vn -0.8555 0.0111 0.5177
vn -0.8395 0.0409 0.5418
vn -0.8734 0.0543 0.4840
vn -0.7871 0.1593 0.5959
vn -0.8241 0.0669 0.5625
vn -0.7325 0.5043 0.4573
vn -0.8655 0.0649 0.4967
vn -0.8568 0.0477 0.5134
vn -0.8264 -0.0053 0.5631
vn -0.1904 0.9705 0.1482
vn -0.6645 0.0217 0.7469
vn 0.6908 0.0197 0.7228
vn -0.7665 0.1083 0.6330
vn 0.2909 0.3922 0.8727
vn 0.7202 0.1381 0.6798
vn -0.0021 0.9955 0.0947
vn 0.1031 0.9887 0.1086
vn 0.7862 0.1303 0.6041
vn 0.0713 0.9961 -0.0521
vn 0.1259 0.9908 0.0491
vn 0.9216 0.1043 -0.3739
vn 0.8411 0.3009 -0.4495
vn 0.7530 0.2721 -0.5991
vn 0.8503 0.2412 -0.4677
vn 0.2496 0.9526 -0.1739
vn 0.9128 0.1169 -0.3914
vn -0.1093 0.9912 0.0749
vn 0.1874 0.9810 -0.0511
vn 0.1615 0.9827 -0.0908
vn 0.8607 0.0861 -0.5017
vn -0.1252 0.9908 0.0521
vn -0.6874 0.6394 0.3446
vn 0.1487 0.9851 -0.0858
vn 0.8588 0.0823 -0.5057
vn 0.0048 1.0000 0.0055
vn -0.3966 0.8941 0.2081
vn 0.0028 1.0000 0.0015
vn -0.3850 0.8820 0.2716
vn -0.0279 0.9986 -0.0442
vn -0.7860 -0.4163 0.4571
vn -0.7808 -0.3959 0.4834
vn -0.7760 0.4133 0.4766
vn -0.7495 -0.4757 0.4605
vn -0.7924 0.4074 0.4540
vn -0.7453 0.4870 0.4554
vn -0.7458 -0.5077 0.4312
vn -0.7516 0.5000 0.4302
vn -0.5970 0.6336 0.4921
vn -0.8182 0.3950 0.4178
vn -0.7983 0.3959 0.4539
vn -0.7787 0.4862 0.3966
vn -0.7651 0.5026 0.4026
vn -0.0993 -0.9937 0.0521
vn -0.1242 -0.9891 0.0789
vn -0.0845 -0.9951 0.0512
vn -0.0091 -0.9999 0.0094
vn 0.0049 -1.0000 0.0005
vn 0.7059 -0.5961 -0.3825
vn 0.6462 -0.6679 -0.3694
vn 0.7096 -0.5766 -0.4049
vn 0.7459 -0.5243 -0.4108
vn 0.7435 -0.5201 -0.4204
vn 0.4613 -0.8429 -0.2771
vn 0.4599 -0.8529 -0.2471
vn 0.7883 -0.4142 0.4550
vn 0.8262 -0.4054 0.3912
vn 0.8038 0.3639 0.4706
vn 0.8429 0.3745 0.3863
vn 0.7878 0.5077 0.3488
vn 0.7560 -0.4891 0.4350
vn 0.7760 -0.5023 0.3815
vn 0.1398 -0.9871 0.0779
vn 0.7688 0.4679 0.4359
vn 0.8070 0.4553 0.3761
vn 0.7832 0.4416 0.4377
vn 0.7714 0.4542 0.4456
vn 0.7608 0.4534 0.4643
vn 0.7570 0.2759 0.5923
vn 0.7922 0.4122 0.4500
vn 0.7904 0.4113 0.4540
vn 0.7828 -0.3011 0.5446
vn 0.8011 -0.3795 0.4628
vn 0.7990 -0.3756 0.4696
vn 0.7567 -0.4784 0.4456
vn 0.1150 -0.9911 0.0670
vn 0.0912 -0.9945 0.0511
vn -0.0031 -1.0000 -0.0045
vn -0.0190 -0.9997 -0.0124
vn -0.7004 -0.5962 -0.3924
vn -0.6898 -0.5993 -0.4063
vn -0.7361 -0.5232 -0.4293
vn -0.7428 -0.5250 -0.4155
vn -0.4557 -0.8518 -0.2584
vn -0.6559 -0.1862 0.7315
vn -0.4347 -0.8553 -0.2820
vn 0.3187 -0.2170 -0.9227
vn -0.1031 0.9299 0.3531
vn -0.2137 0.8788 0.4267
vn -0.3043 0.5213 0.7973
vn 0.5149 0.0890 0.8526
vn 0.4460 0.8169 0.3657
vn 0.0029 1.0000 -0.0015
vn -0.1826 0.9721 0.1473
vn -0.0567 0.9913 0.1186
vn -0.0259 0.9977 0.0620
vn -0.0438 0.9931 0.1087
vn -0.7452 0.4871 0.4554
vn -0.1868 0.8222 0.5377
vn -0.2895 0.5415 0.7893
vn -0.3239 0.5260 0.7864
vn -0.3411 0.4056 0.8480
vn -0.7759 0.4133 0.4766
vn -0.3050 0.4638 0.8318
vn -0.2527 0.3543 0.9003
vn -0.3428 -0.3571 0.8689
vn -0.7495 -0.4756 0.4605
vn -0.3153 -0.3465 0.8835
vn -0.3159 -0.4949 0.8095
vn -0.0289 -0.9965 0.0789
vn 0.0098 -0.9998 -0.0163
vn 0.1610 -0.0044 0.9869
vn 0.0869 -0.1661 0.9823
vn -0.8440 -0.1536 0.5138
vn -0.2246 -0.4387 0.8701
vn 0.0449 -0.3891 0.9201
vn -0.7908 -0.3098 0.5279
vn -0.3285 -0.4493 0.8308
vn 0.1775 -0.5165 0.8377
vn -0.1878 -0.6007 0.7771
vn 0.0118 -0.9977 0.0670
vn 0.0842 -0.9964 0.0095
vn 0.3279 -0.8489 0.4145
vn 0.2563 -0.9432 0.2114
vn -0.8267 -0.3602 0.4323
vn -0.3197 -0.8936 -0.3150
vn -0.3200 -0.8102 -0.4911
vn -0.3387 -0.5475 0.7651
vn -0.0854 -0.9936 0.0739
vn -0.0240 -0.9993 -0.0293
vn -0.2689 -0.5057 0.8197
vn -0.0378 -0.9947 0.0958
vn -0.0051 -1.0000 -0.0064
vn 0.2979 -0.4648 0.8338
vn 0.3093 -0.3794 0.8720
vn 0.0416 -0.9928 0.1126
vn 0.0088 -0.9997 0.0224
vn 0.3181 -0.3697 0.8730
vn 0.3125 0.4337 0.8452
vn 0.3010 -0.4708 0.8293
vn 0.0336 -0.9953 0.0908
vn 0.0048 -0.9999 0.0134
vn 0.3352 0.4194 0.8436
vn 0.0822 -0.9712 0.2237
vn 0.3136 -0.4581 0.8318
vn 0.7567 -0.4783 0.4456
vn 0.3327 -0.3580 0.8725
vn 0.7903 0.4113 0.4541
vn 0.3148 0.5106 0.8001
vn 0.2962 0.4933 0.8179
vn 0.0386 0.9932 0.1097
vn -0.0031 0.9726 0.2325
vn 0.7608 0.4533 0.4644
vn 0.9142 -0.3706 -0.1639
vn 0.8673 0.4415 -0.2299
vn 0.8855 0.4336 -0.1670
vn 0.8926 0.4211 -0.1612
vn 0.9055 0.3909 -0.1650
vn 0.8702 0.4666 -0.1583
vn 0.9231 -0.3474 -0.1650
vn 0.8268 0.5201 -0.2143
vn 0.5377 0.5619 -0.6286
vn 0.9146 -0.3058 -0.2646
vn 0.8482 -0.4968 -0.1839
vn 0.5827 0.4181 -0.6969
vn 0.6373 -0.2199 -0.7386
vn 0.5372 -0.5769 -0.6153
vn 0.5926 -0.3844 -0.7079
vn 0.5544 0.4297 -0.7127
vn 0.4546 0.6039 -0.6547
vn 0.0872 -0.9911 -0.1007
vn 0.5102 0.4383 -0.7400
vn 0.0624 0.9956 -0.0700
vn 0.5462 -0.5047 -0.6685
vn 0.5635 0.5622 -0.6053
vn 0.6344 0.3659 -0.6810
vn 0.5832 -0.3725 -0.7219
vn 0.5815 0.4959 -0.6449
vn 0.0216 0.9987 -0.0452
vn 0.1456 0.9753 -0.1660
vn -0.0319 0.9986 0.0412
vn -0.0498 0.9969 0.0610
vn 0.8760 0.0178 0.4820
vn 0.9816 -0.0015 0.1909
vn 0.8740 -0.0063 0.4859
vn 0.2782 0.0005 -0.9605
vn 0.2629 0.0351 -0.9642
vn 0.9504 -0.0053 0.3111
vn 0.8667 -0.0053 0.4989
vn 0.0985 -0.0005 -0.9951
vn -0.5824 0.0303 -0.8124
vn -0.7504 0.0014 -0.6609
vn 0.0966 -0.0005 -0.9953
vn -0.7698 0.0072 -0.6383
vn 0.2764 -0.0005 -0.9610
vn 0.0732 -0.0130 -0.9972
vn -0.7889 -0.0630 -0.6113
vn 0.3027 -0.0110 -0.9530
vn 0.0223 -0.0081 -0.9997
vn -0.7685 0.1112 -0.6301
vn 0.3028 -0.0399 -0.9522
vn -0.0763 0.0197 -0.9969
vn -0.8411 0.0168 -0.5406
vn 0.2540 -0.0178 -0.9670
vn 0.2051 0.0053 -0.9787
vn 0.0760 -0.0014 -0.9971
vn -0.8510 -0.0082 -0.5251
vn 0.8943 -0.0332 0.4462
vn 0.9681 -0.2122 0.1334
vn 0.8722 -0.0120 0.4890
vn 0.8776 0.0082 0.4794
vn 0.9412 -0.0573 0.3329
vn 0.5443 0.0333 -0.8382
vn 0.9247 0.1006 0.3671
vn 0.3007 0.0091 -0.9537
vn 0.9648 0.1054 0.2410
vn 0.8667 -0.0034 0.4989
vn 0.8822 0.0351 0.4695
vn 0.8772 0.0024 0.4801
vn 0.8875 -0.0034 0.4609
vn 0.8662 0.0052 0.4996
vn 0.8322 -0.0082 0.5544
vn 0.3007 -0.0024 -0.9537
vn 0.8946 -0.0101 0.4468
vn 0.8649 -0.0072 0.5019
vn 0.8956 -0.0043 0.4449
vn 0.2783 0.0351 -0.9599
vn 0.0908 0.0361 -0.9952
vn -0.8535 -0.0034 -0.5210
vn 0.0284 0.7603 -0.6490
vn 0.3069 0.9416 0.1382
vn 0.1882 0.7471 -0.6375
vn 0.7832 0.4416 0.4378
vn 0.8638 -0.0014 0.5038
vn 0.7608 0.4533 0.4643
vn 0.8442 0.0005 0.5361
vn -0.0032 0.9726 0.2325
vn -0.6742 0.0274 0.7381
vn -0.5886 0.6817 0.4345
vn -0.8472 0.0361 0.5300
vn -0.6719 0.0034 0.7406
vn 0.8384 -0.0101 0.5449
vn 0.8255 0.0023 0.5643
vn 0.8472 -0.0015 0.5312
vn -0.3565 0.3649 0.8601
vn 0.0057 -0.1189 0.9929
vn -0.7203 -0.0226 0.6933
vn -0.8012 0.0005 0.5983
vn -0.8454 -0.0149 0.5340
vn 0.3579 0.9016 0.2428
vn -0.8735 0.0265 -0.4860
vn -0.8733 -0.0197 -0.4869
vn -0.8897 -0.0226 -0.4560
vn -0.9677 -0.0255 -0.2507
vn -0.9215 -0.0034 -0.3883
vn -0.8911 -0.0081 -0.4538
vn -0.8221 -0.0005 0.5693
vn -0.8787 -0.0120 -0.4773
vn -0.6459 -0.0101 0.7634
vn -0.8197 0.0015 0.5728
vn -0.9551 0.0525 -0.2917
vn -0.6931 0.0004 0.7209
vn 0.8404 -0.0043 0.5420
vn -0.6744 -0.0005 0.7383
vn -0.8335 0.0072 0.5525
vn -0.9928 0.0014 -0.1197
vn 0.8587 -0.0034 0.5125
vn 0.6693 0.0476 0.7414
vn -0.9561 0.0977 0.2761
vn -0.9856 -0.1689 0.0083
vn -0.7707 0.1159 0.6265
vn -0.8168 -0.0823 0.5710
vn -0.9027 0.0024 -0.4303
vn -0.7471 0.1160 0.6546
vn -0.7199 0.0534 0.6920
vn -0.0847 0.6189 0.7809
vn -0.0636 -0.0245 0.9977
vn 0.4737 0.3736 0.7975
vn 0.7989 -0.0168 0.6013
vn -0.6206 -0.1448 0.7706
vn 0.8587 -0.0072 0.5125
vn 0.6606 -0.1718 0.7308
vn -0.3995 -0.0630 0.9146
vn -0.7262 0.0063 0.6875
vn -0.7028 0.4270 0.5689
vn -0.6937 0.4432 0.5677
vn -0.7514 0.0005 0.6599
vn -0.7623 0.0592 0.6445
vn -0.5137 0.3029 0.8027
vn -0.8228 0.0139 0.5681
vn -0.8192 -0.0207 0.5732
vn -0.8982 0.0140 -0.4393
vn 0.8045 -0.0457 0.5922
vn 0.6896 -0.0495 0.7225
vn -0.5969 0.6336 0.4922
vn 0.8818 -0.0178 -0.4713
vn 0.8244 -0.0014 0.5661
vn 0.8850 -0.0082 -0.4655
vn 0.6844 0.0005 0.7291
vn -0.8437 -0.0255 0.5362
vn 0.8910 -0.0043 -0.4539
vn -0.8676 -0.0246 0.4967
vn -0.8315 -0.0053 0.5554
vn 0.5665 -0.0024 0.8241
vn -0.8671 -0.0101 0.4980
vn -0.8308 -0.0024 0.5566
vn 0.7013 -0.0111 0.7127
vn 0.8061 0.0014 0.5917
vn 0.7960 -0.0101 0.6052
vn 0.6954 0.0024 0.7186
vn 0.8956 0.0014 -0.4449
vn -0.8323 -0.0015 0.5543
vn 0.8027 -0.0120 0.5962
vn 0.9049 -0.0033 -0.4257
vn 0.5998 0.0255 0.7998
vn 0.5881 -0.0140 0.8087
vn 0.7982 0.0024 0.6024
vn 0.9161 -0.0005 -0.4010
vn 0.7944 0.0111 0.6073
vn 0.9240 0.0245 -0.3815
vn 0.9216 0.1044 -0.3739
vn 0.7203 0.1381 0.6798
vn 0.6194 -0.0380 0.7842
vn -0.8393 -0.0043 0.5437
vn -0.8381 0.0072 0.5455
vn -0.8454 0.0005 0.5341
vn -0.8617 0.0005 0.5075
vn -0.8656 0.0005 0.5007
vn -0.8674 0.0043 0.4976
vn -0.9432 0.0304 0.3308
vn -0.8989 -0.0072 0.4382
vn -0.8886 -0.0284 0.4579
vn -0.2401 0.8241 -0.5131
vn -0.2648 -0.0370 -0.9636
vn -0.2612 -0.0111 -0.9652
vn -0.1379 -0.0390 -0.9897
vn -0.0556 0.9231 -0.3805
vn 0.9994 -0.0293 0.0181
vn 0.9953 -0.0967 -0.0044
vn 0.1289 0.0159 0.9915
vn 0.1523 0.1121 0.9819
vn 0.9173 0.0043 0.3982
vn 0.9091 0.0024 0.4166
vn 0.1171 0.0005 0.9931
vn 0.8790 -0.1324 0.4581
vn 0.1103 -0.0842 0.9903
vn 0.9540 0.0081 0.2996
vn 0.7240 0.0852 0.6846
vn 0.0536 0.0015 0.9986
vn 0.0770 0.0140 0.9969
vn 0.9274 -0.0611 0.3690
vn 0.9079 0.0158 0.4189
vn 0.9447 0.0092 0.3279
vn 0.8983 -0.0014 0.4395
vn 0.0506 -0.0043 0.9987
vn 0.9418 -0.0178 0.3357
vn 0.9453 0.0524 0.3218
vn 0.8147 0.4513 -0.3642
vn 0.9810 0.0073 0.1939
vn 0.9863 -0.0197 0.1635
vn 0.1515 0.1670 -0.9742
vn 0.0644 -0.0053 -0.9979
vn 0.0840 0.0043 -0.9965
vn 0.0937 0.0178 -0.9954
vn 0.9712 -0.0399 0.2350
vn 0.6149 -0.3765 -0.6929
vn 0.8442 -0.0043 0.5360
vn 0.0546 -0.0043 0.9985
vn 0.0907 0.0101 0.9958
vn 0.9556 -0.0053 0.2946
vn 0.8596 0.0380 0.5095
vn 0.0532 0.8922 -0.4484
vn 0.9541 0.0130 0.2993
vn 0.4784 0.8727 0.0974
vn 0.9806 0.0485 0.1900
vn 0.9734 0.0005 0.2292
vn 0.9778 0.0361 0.2066
vn 0.0614 -0.0188 -0.9979
vn 0.2569 0.1949 -0.9466
vn 0.1239 0.9830 -0.1354
vn 0.8413 0.0774 -0.5350
vn 0.5128 0.0620 -0.8563
vn -0.1634 0.1564 -0.9741
vn -0.7579 0.2653 0.5960
vn -0.8762 0.2200 0.4287
vn -0.4039 0.9027 0.1479
vn -0.6384 0.6260 0.4479
vn -0.2696 0.9379 0.2184
vn 0.0237 0.9995 0.0214
vn -0.0041 1.0000 0.0055
vn -0.4394 0.8257 0.3539
vn -0.2618 0.9637 -0.0521
vn -0.2552 0.1439 -0.9561
vn -0.9626 0.0746 0.2604
vn -0.8697 0.0861 0.4861
vn -0.8752 0.0418 0.4820
vn -0.3293 -0.0216 -0.9440
vn -0.2552 0.1438 -0.9561
vn -0.7990 -0.1536 -0.5814
vn -0.0568 0.0159 -0.9983
vn 0.5127 0.0620 -0.8563
vn 0.8411 0.0139 -0.5408
vn 0.8413 0.0774 -0.5351
vn -0.2454 -0.0342 -0.9688
vn 0.3437 -0.0726 -0.9363
vn -0.1555 -0.0833 -0.9843
vn -0.0148 0.0111 -0.9998
vn -0.3559 -0.1015 -0.9290
vn -0.1066 -0.0331 -0.9938
vn -0.1672 0.1352 -0.9766
vn -0.4653 0.1121 -0.8781
vn 0.2744 0.5220 0.8076
vn 0.0475 0.9919 0.1176
vn 0.0802 0.9776 0.1948
vn -0.0071 0.9994 -0.0342
vn -0.0655 0.9774 0.2008
vn 0.0128 0.9994 -0.0332
vn 0.2385 0.5990 -0.7644
vn 0.0058 0.9975 -0.0710
vn -0.2624 0.5769 -0.7735
vn -0.0140 0.9989 -0.0442
vn 0.2616 0.4493 -0.8542
vn 0.0247 0.9973 0.0690
vn 0.2198 0.7870 0.5765
vn 0.3089 0.5019 0.8079
vn 0.2432 0.7271 0.6420
vn 0.3047 0.4782 0.8237
vn 0.2981 0.4229 0.8557
vn -0.2872 0.4279 0.8570
vn -0.2738 0.5048 0.8187
vn -0.3170 0.5124 0.7980
vn -0.1696 0.9618 0.2146
vn -0.0974 0.9944 -0.0422
vn -0.3357 0.4759 0.8129
vn -0.5925 0.8053 -0.0202
vn -0.6218 0.6504 0.4363
vn -0.4325 0.4406 0.7867
vn -0.2937 -0.3483 0.8902
vn -0.7581 0.5438 0.3599
vn -0.4864 0.5005 0.7162
vn 0.0380 0.1131 0.9929
vn -0.3260 -0.3686 0.8705
vn -0.0862 0.2548 0.9632
vn 0.2538 0.4678 0.8466
vn 0.4945 0.8141 0.3046
vn -0.0197 0.5350 0.8446
vn 0.1226 0.9174 0.3785
vn 0.2467 0.9674 0.0570
vn 0.0048 -1.0000 0.0045
vn 0.0107 -0.9999 -0.0045
vn 0.0019 -1.0000 0.0065
vn 0.0118 -0.9999 -0.0025
vn -0.0577 -0.9974 -0.0441
vn -0.0706 -0.9970 -0.0313
vn -0.4909 0.8376 0.2394
vn -0.2318 0.9178 0.3223
vn -0.3150 0.9108 0.2668
vn -0.5016 0.8169 0.2848
vn -0.3286 0.9086 0.2578
vn -0.3994 0.8832 0.2457
vn -0.4107 0.8799 0.2389
vn -0.3958 0.8888 0.2310
vn -0.4983 0.8057 0.3201
vn -0.2925 0.9452 0.1452
vn -0.3879 0.8936 0.2260
vn -0.4899 0.8219 0.2908
vn -0.6885 0.6259 0.3663
vn -0.6980 0.6277 0.3445
vn 0.1258 0.9875 -0.0947
vn -0.3091 0.9359 0.1689
vn -0.6686 0.6433 0.3731
vn -0.2767 0.9492 0.1501
vn -0.3989 0.8909 0.2172
vn -0.3260 0.9300 0.1699
vn -0.3261 0.9429 0.0679
vn -0.4690 0.8790 0.0865
vn 0.1308 0.9889 -0.0710
vn 0.0967 0.8449 -0.5262
vn -0.7688 0.6141 0.1784
vn -0.4763 0.8380 0.2663
vn -0.6051 0.7562 0.2488
vn -0.3976 0.8883 0.2299
vn -0.0289 0.9994 0.0194
vn -0.0349 0.9991 0.0243
vn -0.4115 0.8866 0.2111
vn -0.0369 0.9993 -0.0064
vn -0.8063 -0.0948 -0.5838
vn -0.5100 0.0418 -0.8591
vn -0.3796 -0.2047 -0.9022
vn -0.7488 -0.4048 -0.5248
vn -0.5055 0.0188 -0.8626
vn 0.3984 -0.8817 -0.2527
vn 0.0108 -0.9999 -0.0045
vn 0.4074 -0.8759 -0.2586
vn -0.3580 -0.2451 -0.9010
vn 0.4131 -0.8746 -0.2536
vn -0.6254 0.0890 -0.7752
vn -0.5591 -0.0890 -0.8243
vn -0.3570 -0.2634 -0.8962
vn -0.2747 -0.1640 -0.9474
vn 0.4612 -0.8429 -0.2771
vn -0.3527 -0.0687 -0.9332
vn -0.4272 0.0899 -0.8997
vn -0.5021 0.0024 -0.8648
vn -0.3966 0.0505 -0.9166
vn 0.2660 0.2471 -0.9318
vn -0.4217 0.9067 -0.0094
vn 0.0366 0.9979 0.0530
vn 0.3944 0.8874 0.2388
vn 0.0525 0.9980 0.0352
vn 0.4261 0.8807 0.2072
vn 0.0713 0.9973 0.0194
vn 0.6075 0.7823 -0.1376
vn 0.0484 0.9986 -0.0193
vn 0.8105 -0.1902 -0.5540
vn 0.3896 0.8994 0.1983
vn 0.4739 -0.0668 -0.8781
vn 0.7591 -0.3921 -0.5197
vn 0.3764 -0.2306 -0.8973
vn 0.4465 -0.0938 -0.8898
vn 0.3753 -0.2141 -0.9018
vn 0.6018 0.7865 -0.1387
vn 0.4209 -0.0438 -0.9060
vn 0.3187 -0.2171 -0.9227
vn 0.6160 0.6207 -0.4850
vn 0.5658 0.7702 -0.2943
vn 0.6227 0.5837 -0.5211
vn 0.3070 0.9416 0.1382
vn 0.4487 0.8747 0.1834
vn 0.4084 0.8868 0.2161
vn 0.4086 0.8882 0.2103
vn 0.3531 0.9123 0.2073
vn 0.4326 0.8672 0.2465
vn 0.4380 0.8759 0.2023
vn 0.3846 0.8974 0.2161
vn 0.3897 0.8938 0.2221
vn 0.3580 0.9016 0.2429
vn 0.3621 0.9090 0.2064
vn 0.3405 0.9188 0.1995
vn 0.2823 0.9449 0.1660
vn 0.3623 0.8407 0.4025
vn 0.5906 0.7218 0.3608
vn 0.3626 0.8686 0.3376
vn 0.3481 0.7599 0.5489
vn 0.3214 0.8957 0.3072
vn 0.4877 0.8318 0.2651
vn 0.4132 0.8798 0.2349
vn 0.4807 0.8111 0.3332
vn 0.4448 0.8610 0.2466
vn 0.4634 0.8696 0.1705
vn 0.5410 0.7547 0.3711
vn 0.4092 0.8796 0.2427
vn 0.4743 0.8684 0.1447
vn 0.0058 0.8805 -0.4740
vn 0.0048 0.8931 -0.4498
vn -0.0535 0.8788 -0.4742
vn -0.0387 0.8904 -0.4534
vn -0.9983 0.0014 0.0581
vn -0.9969 -0.0582 0.0532
vn -0.9630 -0.2093 0.1696
vn -0.1426 0.8818 -0.4495
vn -0.9637 -0.2279 0.1394
vn -0.0012 -0.8639 0.5037
vn -0.0021 -0.8739 0.4861
vn -0.8183 -0.4115 -0.4013
vn 0.0019 -1.0000 0.0064
vn -0.9987 0.0352 -0.0376
vn -0.9557 -0.0207 -0.2936
vn -0.0160 0.9994 -0.0293
vn 0.0068 0.9995 -0.0303
vn 0.0296 0.9990 -0.0342
vn 0.0691 0.8794 -0.4710
vn 0.0533 0.8922 -0.4484
vn 0.9951 -0.0581 0.0805
vn 0.9928 -0.0986 0.0679
vn 0.8621 -0.2084 -0.4619
vn 0.8102 -0.4037 -0.4248
vn 0.9497 -0.2682 0.1619
vn 0.9543 -0.2335 0.1863
vn 0.0118 -0.8632 0.5048
vn 0.0117 -0.8756 0.4829
vn 0.0048 -1.0000 0.0044
vn -0.3023 0.9357 0.1818
vn -0.3542 0.8995 0.2557
vn -0.3444 0.9074 0.2409
vn -0.4629 0.8708 0.1656
vn -0.3709 0.8805 0.2952
vn 0.5148 0.0890 0.8527
vn -0.4364 0.8849 0.1627
vn 0.5326 -0.0274 0.8460
vn -0.2791 0.9036 0.3251
vn 0.5902 -0.1698 0.7892
vn 0.6242 -0.1304 0.7703
vn 0.4585 -0.8529 -0.2496
vn 0.4279 -0.8746 -0.2279
vn 0.6032 -0.2412 0.7603
vn 0.4244 -0.8763 -0.2281
vn 0.5510 -0.0274 0.8341
vn 0.4974 -0.0091 0.8675
vn -0.3314 0.8828 0.3329
vn 0.5130 -0.0880 0.8539
vn 0.5886 -0.2489 0.7691
vn 0.4141 -0.8823 -0.2239
vn 0.0508 -0.4656 0.8835
vn 0.5286 -0.0823 0.8449
vn 0.1083 -0.1429 0.9838
vn -0.2944 0.8132 0.5021
vn -0.3413 0.8709 0.3536
vn -0.0229 0.9991 0.0343
vn -0.4064 0.8755 0.2615
vn -0.4323 0.8583 0.2764
vn -0.4293 0.8826 0.1914
vn -0.3855 0.8587 0.3375
vn -0.4590 0.8128 0.3587
vn -0.4025 -0.8785 -0.2576
vn 0.7591 -0.3920 -0.5197
vn -0.0577 -0.9974 -0.0442
vn -0.0706 -0.9970 -0.0312
vn -0.4064 -0.8737 -0.2675
vn -0.4223 -0.8786 -0.2229
vn -0.1471 -0.4610 0.8751
vn -0.5829 -0.2412 0.7759
vn 0.3753 -0.2142 -0.9018
vn 0.3187 -0.2171 -0.9226
vn -0.4293 -0.8747 -0.2249
vn -0.5978 -0.2730 0.7537
vn -0.6046 -0.2171 0.7664
vn -0.4323 -0.8701 -0.2368
vn -0.6558 -0.1862 0.7316
vn 0.4140 -0.8823 -0.2239
vn 0.4243 -0.8763 -0.2281
vn 0.4073 -0.8759 -0.2586
vn 0.4131 -0.8747 -0.2536
vn 0.4280 -0.8746 -0.2279
vn 0.4585 -0.8530 -0.2496
vn 0.3263 0.9054 0.2716
vn 0.4782 0.8578 0.1883
vn 0.4683 0.8587 0.2081
vn 0.3807 0.8898 0.2518
vn 0.4389 0.8766 0.1973
vn 0.4171 0.8728 0.2536
vn 0.5202 0.8296 0.2029
vn 0.4231 0.8738 0.2398
vn 0.3142 0.8734 0.3722
vn 0.4494 0.8496 0.2761
vn 0.4641 0.7535 0.4657
vn -0.5228 -0.0813 0.8486
vn -0.3674 -0.0534 0.9285
vn -0.1472 -0.4610 0.8751
vn -0.5124 -0.0707 0.8558
vn 0.1628 0.8348 0.5259
vn -0.6046 -0.2172 0.7664
vn -0.4340 0.1746 0.8838
vn -0.0486 0.8915 0.4505
vn -0.6803 -0.0274 0.7324
vn 0.2746 0.8793 0.3890
vn -0.5786 0.0082 0.8155
vn -0.5179 -0.0004 0.8554
vn 0.0118 -0.8756 0.4829
vn 0.0008 0.9997 0.0263
vn 0.0038 1.0000 -0.0015
vn 0.0713 0.9973 0.0193
vn 0.0366 0.9979 0.0531
vn 0.0485 0.9986 -0.0194
vn 0.0297 0.9990 -0.0343
vn 0.8105 -0.1901 -0.5540
vn 0.8621 -0.2083 -0.4619
vn 0.8102 -0.4038 -0.4248
vn 0.0049 -1.0000 0.0045
vn -0.0369 0.9993 -0.0065
vn -0.8522 -0.0015 -0.5232
vn -0.8063 -0.0948 -0.5839
vn -0.8183 -0.4115 -0.4012
vn -0.0230 0.9991 0.0343
vn 0.1003 0.6946 0.7124
vn 0.1084 -0.1429 0.9838
vn 0.0185 -0.2565 0.9664
vn 0.0508 -0.4657 0.8835
vn -0.0588 -0.2595 0.9639
vn 0.0117 -0.9999 -0.0024
vn -0.4158 0.7250 -0.5491
vn -0.0527 0.9966 -0.0630
vn -0.1043 0.9807 -0.1652
vn 0.4086 0.7348 0.5414
vn -0.0824 0.9601 0.2673
vn -0.2805 0.9544 0.1026
vn -0.7203 0.4703 -0.5099
vn 0.5614 0.4250 0.7101
vn 0.1937 0.8819 0.4298
vn -0.4613 0.7349 0.4971
vn -0.1827 0.7925 0.5818
vn -0.0836 0.5779 0.8118
vn 0.4757 0.4826 0.7354
vn -0.8707 0.2538 -0.4212
vn 0.4114 0.8673 -0.2804
vn 0.2100 0.9737 -0.0888
vn 0.7530 0.6539 0.0733
vn 0.5352 0.6546 0.5339
vn 0.2382 0.5007 0.8322
vn 0.6410 0.4657 0.6102
vn 0.2350 0.3911 0.8899
vn 0.8018 0.5252 0.2851
vn 0.1447 0.9851 -0.0927
vn 0.5825 0.3592 -0.7291
vn 0.5508 0.4813 -0.6819
vn 0.0127 -0.3978 -0.9174
vn 0.0127 -0.5124 -0.8587
vn 0.0019 -0.9818 -0.1899
vn 0.1269 0.9847 -0.1195
vn 0.0981 -0.9882 -0.1176
vn -0.0110 -0.9998 0.0134
vn -0.0130 -0.9998 0.0154
vn -0.0140 -0.9999 0.0055
vn 0.0138 0.9997 0.0194
vn 0.9950 -0.0582 0.0806
vn -0.4374 0.6014 0.6687
vn 0.1269 -0.9917 -0.0203
vn 0.0723 -0.9974 0.0045
vn 0.8490 -0.5253 -0.0574
vn -0.0547 -0.9984 0.0114
vn 0.2030 -0.9743 -0.0976
vn 0.8638 -0.4832 -0.1427
vn 0.0862 -0.9958 -0.0303
vn -0.0438 -0.9990 0.0045
vn 0.7925 -0.5895 -0.1567
vn 0.1130 -0.9934 -0.0184
vn 0.7765 -0.5026 0.3800
vn 0.9115 -0.3755 -0.1679
vn 0.8364 -0.5006 -0.2232
vn 0.8538 -0.5031 -0.1339
vn 0.8262 -0.4054 0.3911
vn 0.8980 0.4094 -0.1611
vn 0.8982 -0.4162 -0.1416
vn 0.8429 0.3746 0.3862
vn 0.9229 0.3715 -0.1013
vn 0.8725 0.4649 -0.1505
vn 0.8471 0.5254 -0.0800
vn 0.1288 0.9818 -0.1393
vn 0.0285 0.7603 -0.6490
vn 0.8341 0.5165 -0.1939
vn 0.7651 0.6300 -0.1333
vn 0.8287 0.5429 -0.1360
vn 0.2091 0.9686 -0.1343
vn 0.1139 0.9864 -0.1185
vn 0.8023 0.5798 -0.1419
vn 0.3997 0.9164 -0.0212
vn 0.1000 0.9927 -0.0679
vn 0.0733 0.9961 -0.0491
vn 0.0028 0.9993 0.0362
vn -0.1131 0.9886 -0.0997
vn -0.1460 0.9889 0.0273
vn 0.1973 0.9799 -0.0293
vn -0.8362 0.5415 0.0869
vn -0.8984 0.4268 0.1033
vn -0.8429 0.5193 0.1408
vn -0.1201 0.9925 0.0213
vn -0.8864 -0.4435 0.1328
vn -0.9010 0.4054 0.1542
vn -0.8389 0.5231 0.1506
vn -0.8809 -0.4480 0.1524
vn -0.8155 -0.5673 0.1144
vn -0.0438 -0.9990 0.0044
vn -0.8111 -0.5680 0.1399
vn -0.7786 -0.6093 0.1499
vn -0.0141 -0.9999 0.0055
vn -0.8679 -0.4668 0.1701
vn -0.5230 -0.6053 0.6000
vn -0.5815 -0.4541 0.6750
vn -0.8897 0.4152 0.1896
vn -0.5109 -0.6031 0.6125
vn -0.0111 -0.9998 0.0134
vn -0.0178 -0.6050 0.7961
vn -0.0032 -0.9986 0.0521
vn -0.5707 -0.4561 0.6829
vn -0.8187 0.5427 0.1879
vn -0.5868 0.4238 0.6900
vn -0.5790 0.3978 0.7117
vn -0.3758 -0.5027 0.7785
vn -0.0041 -0.5183 0.8552
vn -0.5476 0.5232 0.6530
vn -0.5370 0.5581 0.6325
vn -0.0538 0.9982 0.0253
vn 0.1140 0.9934 -0.0154
vn 0.4882 0.8717 0.0430
vn -0.3081 0.9338 -0.1818
vn 0.5552 0.7978 -0.2353
vn -0.1266 0.8367 -0.5328
vn 0.4931 0.7746 -0.3961
vn -0.1550 0.7539 -0.6385
vn 0.2551 0.5620 -0.7868
vn 0.2225 0.5249 -0.8215
vn 0.0588 0.5254 -0.8488
vn 0.2367 0.3436 -0.9088
vn 0.4341 0.5837 -0.6861
vn 0.3016 -0.4433 -0.8441
vn -0.1237 0.4746 -0.8714
vn 0.2683 -0.4385 -0.8578
vn 0.4881 0.4618 -0.7406
vn -0.3193 0.3736 -0.8709
vn -0.3025 0.5263 -0.7947
vn -0.3441 0.4250 -0.8373
vn -0.3287 0.5335 -0.7793
vn -0.0250 0.9993 -0.0283
vn -0.5786 0.0083 0.8155
vn -0.5887 0.6817 0.4345
vn -0.3140 -0.5036 -0.8048
vn -0.7361 -0.5232 -0.4294
vn -0.3071 -0.4987 -0.8105
vn -0.2870 -0.6080 -0.7403
vn -0.6898 -0.5993 -0.4062
vn -0.2803 -0.6094 -0.7417
vn 0.0088 -0.9997 0.0223
vn 0.2680 -0.5758 -0.7724
vn -0.0051 -1.0000 -0.0065
vn 0.2591 -0.5681 -0.7811
vn -0.0239 -0.9993 -0.0293
vn -0.0639 -0.4638 -0.8837
vn -0.3199 -0.8102 -0.4912
vn -0.0158 -0.3496 -0.9368
vn 0.4531 -0.5328 -0.7147
vn 0.4399 -0.4134 -0.7972
vn 0.0843 -0.9964 0.0094
vn 0.3554 -0.3785 -0.8546
vn 0.3421 -0.4601 -0.8193
vn 0.3640 -0.5610 -0.7434
vn 0.4793 0.2124 -0.8516
vn 0.0098 -0.9998 -0.0164
vn 0.6461 -0.6679 -0.3694
vn -0.0090 -0.9999 0.0094
vn 0.4804 -0.4505 -0.7525
vn 0.7435 -0.5201 -0.4203
vn 0.4584 -0.8530 -0.2496
vn 0.6242 -0.1303 0.7703
vn 0.3427 -0.3814 -0.8585
vn 0.3800 0.3853 -0.8410
vn 0.3455 0.3591 -0.8670
vn 0.3620 0.5454 -0.7560
vn 0.3129 0.5281 -0.7894
vn 0.4279 0.5195 -0.7396
vn 0.3376 0.5359 -0.7739
vn 0.1348 0.9835 -0.1205
vn 0.0584 0.9913 -0.1177
vn -0.0468 0.9946 0.0928
vn 0.8481 0.1515 -0.5077
vn 0.8359 0.0207 -0.5484
vn 0.7906 0.0852 -0.6064
vn 0.8167 0.0342 -0.5760
vn 0.8503 0.2411 -0.4678
vn 0.7530 0.2720 -0.5991
vn 0.8411 0.3009 -0.4494
vn 0.9475 0.0486 -0.3160
vn 0.9290 -0.0178 -0.3697
vn 0.8644 0.0158 -0.5026
vn 0.8369 0.0303 -0.5465
vn 0.9078 -0.0216 -0.4187
vn 0.9049 -0.0034 -0.4257
vn -0.8603 -0.2200 -0.4599
vn -0.8563 0.0014 -0.5165
vn -0.8644 -0.0659 -0.4985
vn -0.8975 -0.1718 -0.4062
vn -0.8818 0.0534 -0.4687
vn -0.8942 -0.0958 -0.4373
vn -0.9120 0.1343 -0.3875
vn -0.9194 -0.0486 -0.3903
vn -0.9644 -0.2152 -0.1540
vn -0.8148 -0.0024 -0.5798
vn -0.8706 -0.0072 -0.4919
vn -0.9635 -0.1371 -0.2301
vn -0.9071 -0.0323 -0.4197
vn -0.5123 0.0120 -0.8587
vn -0.6568 -0.1217 -0.7442
vn -0.8471 -0.0216 -0.5310
vn -0.8786 -0.0120 -0.4774
vn -0.9015 -0.0793 -0.4253
vn -0.8466 -0.0043 -0.5322
vn -0.7331 0.0428 -0.6788
vn -0.8838 -0.0140 -0.4677
vn -0.8741 -0.0351 -0.4844
vn -0.8335 -0.0063 -0.5525
vn -0.8616 0.0140 -0.5074
vn -0.9430 0.0034 -0.3327
vn -0.8752 0.0126 -0.4836
vn -0.8590 -0.0370 -0.5106
vn -0.8727 -0.0159 -0.4881
vn -0.8671 -0.0544 -0.4951
vn -0.8405 -0.0553 -0.5390
vn -0.8718 0.0245 -0.4892
vn -0.8755 -0.0072 -0.4831
vn -0.8025 -0.0833 -0.5908
vn -0.8724 0.0043 -0.4889
vn -0.9032 0.0563 -0.4256
vn -0.9088 0.0188 -0.4167
vn -0.7986 -0.0197 -0.6016
vn -0.8982 0.0139 -0.4393
vn -0.8905 -0.0303 -0.4540
vn -0.9856 -0.1689 0.0082
vn -0.9353 -0.0419 -0.3513
vn -0.8738 0.0130 -0.4862
vn -0.8357 0.0766 -0.5438
vn -0.9550 0.0525 -0.2918
vn -0.7924 0.0322 -0.6092
vn -0.5967 0.2537 -0.7613
vn -0.9083 -0.0216 -0.4179
vn -0.9099 0.0034 -0.4148
vn -0.8551 0.0034 -0.5184
vn -0.8360 0.2218 -0.5020
vn -0.5824 0.0303 -0.8123
vn -0.7505 0.0014 -0.6609
vn -0.8689 0.0024 -0.4950
vn -0.8536 -0.0033 -0.5209
vn 0.3069 0.9417 0.1382
vn 0.3581 0.9015 0.2429
vn -0.8671 -0.0100 -0.4980
vn -0.8665 -0.0236 -0.4986
vn -0.8676 -0.0226 -0.4968
vn -0.8670 -0.0159 -0.4980
vn -0.9215 -0.0034 -0.3884
vn -0.8667 -0.0024 -0.4988
vn -0.8646 0.0005 -0.5025
vn -0.8628 0.0082 -0.5056
vn -0.8911 -0.0082 -0.4538
vn -0.8638 0.0130 -0.5036
vn -0.8699 0.0130 -0.4931
vn -0.8606 0.0303 -0.5084
vn -0.9139 0.0265 -0.4051
vn -0.8787 0.0063 -0.4774
vn -0.9100 0.0245 -0.4138
vn -0.8671 0.0034 -0.4980
vn -0.8287 0.1150 -0.5477
vn -0.7686 0.1112 -0.6301
vn -0.8376 0.1150 -0.5341
vn -0.8627 -0.0341 -0.5046
vn -0.8261 -0.0746 -0.5586
vn -0.8055 0.1641 -0.5694
vn -0.8383 0.0235 -0.5446
vn -0.8205 0.1372 -0.5549
vn 0.8404 0.0977 -0.5331
vn 0.8823 -0.0447 -0.4685
vn 0.8565 0.0014 -0.5162
vn 0.8673 0.0091 -0.4977
vn 0.9045 -0.0418 -0.4245
vn 0.8645 -0.0034 -0.5026
vn 0.8980 -0.1410 -0.4168
vn 0.8072 0.1323 -0.5752
vn 0.8740 -0.0034 -0.4859
vn 0.8607 0.0496 -0.5066
vn 0.9057 -0.0159 -0.4236
vn 0.8927 -0.1169 -0.4352
vn 0.8553 -0.0457 -0.5161
vn 0.8662 -0.0322 -0.4986
vn 0.8660 -0.0631 -0.4961
vn 0.8627 -0.0024 -0.5057
vn 0.8432 0.0900 -0.5301
vn 0.8217 -0.1092 -0.5594
vn 0.8195 -0.2259 -0.5267
vn 0.8503 -0.0025 -0.5263
vn 0.7951 0.0621 -0.6033
vn 0.7788 -0.1362 -0.6123
vn 0.8673 -0.0082 -0.4977
vn 0.8535 0.0015 -0.5211
vn 0.7259 0.0169 -0.6875
vn 0.9092 -0.0630 -0.4116
vn 0.8633 -0.0198 -0.5043
vn -0.1827 0.9721 0.1473
vn -0.3023 0.9357 0.1817
vn 0.7077 0.1573 -0.6887
vn 0.9492 0.1805 -0.2576
vn 0.8591 -0.0140 -0.5117
vn -0.3261 0.9299 0.1699
vn -0.3260 0.9429 0.0679
vn 0.7589 -0.0111 -0.6511
vn -0.0555 0.9232 -0.3804
vn 0.8616 -0.0082 -0.5076
vn 0.8688 0.0044 -0.4951
vn 0.8168 -0.0024 -0.5770
vn 0.9057 0.0341 -0.4226
vn 0.8048 -0.1941 -0.5609
vn 0.7765 -0.0900 -0.6237
vn 0.7921 -0.1544 -0.5905
vn 0.8380 -0.0120 -0.5455
vn 0.8411 0.0139 -0.5407
vn 0.8622 0.0130 -0.5064
vn 0.5073 0.6599 0.5542
vn 0.5898 0.4723 0.6551
vn -0.0130 0.9999 -0.0035
vn 0.8072 0.5730 0.1419
vn 0.8760 0.4569 0.1544
vn 0.5899 -0.4299 0.6836
vn 0.8796 0.4557 0.1366
vn -0.2748 -0.1640 -0.9474
vn 0.8721 -0.4617 0.1622
vn 0.8702 -0.4685 0.1524
vn 0.7459 -0.5243 -0.4107
vn 0.7870 -0.6014 0.1381
vn 0.7060 -0.5961 -0.3825
vn -0.0160 -0.9999 -0.0054
vn 0.7859 -0.6004 0.1479
vn 0.5208 -0.6034 0.6039
vn -0.0041 -1.0000 -0.0044
vn 0.5538 -0.5827 0.5947
vn 0.6092 -0.4326 0.6646
vn 0.8899 -0.2691 0.3682
vn 0.8211 -0.4453 0.3572
vn 0.3090 -0.9380 -0.1570
vn 0.3217 -0.5202 0.7912
vn -0.1231 -0.9689 0.2147
vn 0.3868 -0.4036 0.8292
vn 0.5068 -0.4783 0.7172
vn 0.4676 -0.6033 0.6461
vn 0.4658 -0.6354 0.6158
vn 0.0019 -1.0000 0.0095
vn 0.0117 -0.6111 0.7915
vn 0.5287 0.4142 0.7409
vn 0.5286 -0.5037 0.6833
vn 0.2600 -0.5358 0.8033
vn -0.2747 -0.1641 -0.9474
vn 0.8114 0.5732 0.1144
vn -0.1497 0.0101 0.9887
vn -0.1369 0.0640 0.9885
vn 0.0634 -0.0284 0.9976
vn 0.0067 -0.0005 1.0000
vn -0.0128 -0.0024 0.9999
vn -0.0089 -0.0024 1.0000
vn -0.0040 0.2420 0.9703
vn -0.0187 -0.0005 0.9998
vn 0.1102 -0.0842 0.9903
vn 0.0535 0.0015 0.9986
vn -0.0119 0.0207 0.9997
vn 0.0018 -0.0014 1.0000
vn -0.0049 -0.0035 1.0000
vn -0.0060 0.0034 1.0000
vn 0.0048 0.8931 -0.4499
vn -0.0386 0.8905 -0.4534
vn 0.9950 -0.0582 0.0807
vn -0.4374 0.6013 0.6687
vn -0.9983 0.0014 0.0580
vn 0.5614 0.4251 0.7101
vt 0.070768 0.256954
vt 0.049977 0.274887
vt 0.050696 0.243008
vt 0.048382 0.286520
vt 0.046528 0.277673
vt 0.046250 0.274894
vt 0.056414 0.280725
vt 0.057283 0.289119
vt 0.050206 0.295064
vt 0.060969 0.297816
vt 0.053417 0.306937
vt 0.076799 0.285153
vt 0.076687 0.281189
vt 0.120244 0.280422
vt 0.057406 0.308176
vt 0.058967 0.316331
vt 0.082379 0.297164
vt 0.061440 0.315104
vt 0.063103 0.317436
vt 0.095694 0.314070
vt 0.095786 0.317903
vt 0.115031 0.292289
vt 0.108888 0.312006
vt 0.108914 0.319469
vt 0.120752 0.309594
vt 0.120962 0.322467
vt 0.119287 0.283507
vt 0.124744 0.319958
vt 0.123095 0.284873
vt 0.124323 0.293533
vt 0.126733 0.309659
vt 0.128551 0.313801
vt 0.129838 0.319759
vt 0.133261 0.294548
vt 0.136964 0.312245
vt 0.141341 0.315667
vt 0.194627 0.309947
vt 0.197176 0.304866
vt 0.198636 0.310749
vt 0.135652 0.287764
vt 0.201308 0.305662
vt 0.204053 0.282982
vt 0.210410 0.279761
vt 0.135349 0.283392
vt 0.126059 0.275257
vt 0.144596 0.282588
vt 0.206414 0.272688
vt 0.128926 0.257401
vt 0.199278 0.279952
vt 0.143375 0.279732
vt 0.201786 0.276685
vt 0.178676 0.403678
vt 0.106299 0.400715
vt 0.178825 0.400419
vt 0.181196 0.400433
vt 0.177441 0.369164
vt 0.107245 0.404422
vt 0.181443 0.403779
vt 0.179268 0.427750
vt 0.336852 0.398744
vt 0.181693 0.428404
vt 0.117971 0.431397
vt 0.179297 0.431163
vt 0.110496 0.430919
vt 0.118198 0.437441
vt 0.102513 0.404259
vt 0.106730 0.439340
vt 0.102831 0.427993
vt 0.101115 0.398990
vt 0.113324 0.442484
vt 0.181894 0.461035
vt 0.181885 0.432072
vt 0.329419 0.435982
vt 0.331394 0.430310
vt 0.336837 0.431238
vt 0.343550 0.398808
vt 0.335970 0.440230
vt 0.337458 0.394705
vt 0.343324 0.394540
vt 0.336693 0.363558
vt 0.320663 0.466652
vt 0.325343 0.466390
vt 0.324050 0.469254
vt 0.319863 0.469758
vt 0.331348 0.363360
vt 0.335015 0.359669
vt 0.179882 0.368770
vt 0.180247 0.365273
vt 0.330825 0.360513
vt 0.323949 0.333790
vt 0.320728 0.333940
vt 0.182450 0.337111
vt 0.178603 0.337927
vt 0.177024 0.365879
vt 0.099310 0.365514
vt 0.099136 0.361028
vt 0.099887 0.334711
vt 0.096196 0.336740
vt 0.095908 0.367266
vt 0.095172 0.361498
vt 0.089110 0.336800
vt 0.088221 0.361436
vt 0.082642 0.337103
vt 0.093449 0.398791
vt 0.083122 0.362295
vt 0.036431 0.335364
vt 0.087035 0.366883
vt 0.024965 0.360945
vt 0.031971 0.332980
vt 0.021360 0.360207
vt 0.082773 0.366515
vt 0.023125 0.365392
vt 0.020134 0.365251
vt 0.014048 0.396522
vt 0.017571 0.396901
vt 0.086394 0.399585
vt 0.018010 0.400967
vt 0.013851 0.401074
vt 0.087077 0.403048
vt 0.022364 0.430526
vt 0.017694 0.431432
vt 0.017424 0.434073
vt 0.024864 0.435691
vt 0.021060 0.436958
vt 0.038499 0.432310
vt 0.058528 0.421400
vt 0.033530 0.464875
vt 0.030936 0.465640
vt 0.042270 0.435927
vt 0.058750 0.429613
vt 0.078819 0.431265
vt 0.286809 0.068400
vt 0.299632 0.064435
vt 0.288371 0.071973
vt 0.289729 0.007480
vt 0.368695 0.003448
vt 0.369829 0.005641
vt 0.439312 0.006598
vt 0.302041 0.071114
vt 0.442818 0.003448
vt 0.371693 0.038177
vt 0.301937 0.077606
vt 0.288643 0.078048
vt 0.300169 0.083387
vt 0.370336 0.101115
vt 0.286286 0.102031
vt 0.368322 0.192614
vt 0.440001 0.100542
vt 0.443215 0.007001
vt 0.443987 0.003448
vt 0.472341 0.006334
vt 0.472317 0.003448
vt 0.477935 0.003448
vt 0.477935 0.006794
vt 0.477945 0.100823
vt 0.444595 0.100186
vt 0.474075 0.101515
vt 0.475108 0.207649
vt 0.445795 0.193371
vt 0.477957 0.208459
vt 0.440914 0.194165
vt 0.448896 0.211851
vt 0.474853 0.277039
vt 0.478323 0.277205
vt 0.445117 0.230987
vt 0.438303 0.212215
vt 0.445697 0.270389
vt 0.445308 0.276744
vt 0.442410 0.269664
vt 0.442429 0.231332
vt 0.369519 0.234429
vt 0.345577 0.228021
vt 0.431544 0.260818
vt 0.436154 0.273605
vt 0.350637 0.266400
vt 0.438220 0.277073
vt 0.442131 0.277478
vt 0.437043 0.304813
vt 0.440020 0.305829
vt 0.436502 0.309308
vt 0.432880 0.277811
vt 0.434531 0.306929
vt 0.421143 0.311626
vt 0.421424 0.308616
vt 0.365837 0.310576
vt 0.361260 0.316342
vt 0.432224 0.275830
vt 0.378700 0.281649
vt 0.357566 0.307533
vt 0.379150 0.278745
vt 0.356193 0.312855
vt 0.381929 0.263861
vt 0.369061 0.284311
vt 0.371176 0.276855
vt 0.362621 0.266130
vt 0.358025 0.267459
vt 0.358085 0.284480
vt 0.353201 0.279641
vt 0.333811 0.279831
vt 0.288070 0.261179
vt 0.288857 0.280679
vt 0.334362 0.282999
vt 0.289231 0.283666
vt 0.286085 0.282873
vt 0.293500 0.299663
vt 0.291500 0.300578
vt 0.291907 0.310418
vt 0.301833 0.309439
vt 0.301382 0.318570
vt 0.315116 0.312816
vt 0.316016 0.316821
vt 0.342976 0.311940
vt 0.342922 0.316235
vt 0.351299 0.317458
vt 0.349967 0.310219
vt 0.692738 0.658523
vt 0.613384 0.654151
vt 0.693081 0.654369
vt 0.688323 0.623297
vt 0.613111 0.658210
vt 0.688130 0.688690
vt 0.612442 0.623538
vt 0.686739 0.618624
vt 0.526788 0.653545
vt 0.529709 0.622210
vt 0.526723 0.657650
vt 0.611083 0.688051
vt 0.686995 0.691208
vt 0.527118 0.687796
vt 0.611570 0.690833
vt 0.530462 0.691263
vt 0.611756 0.618983
vt 0.530808 0.616548
vt 0.677223 0.591144
vt 0.538956 0.589964
vt 0.675729 0.586914
vt 0.540231 0.585337
vt 0.667300 0.553472
vt 0.547176 0.551948
vt 0.548256 0.548770
vt 0.667689 0.550221
vt 0.490520 0.061640
vt 0.511631 0.060992
vt 0.509137 0.076092
vt 0.484991 0.007783
vt 0.485023 0.061947
vt 0.485038 0.088833
vt 0.490373 0.089494
vt 0.485086 0.167053
vt 0.506795 0.082434
vt 0.515365 0.085227
vt 0.529211 0.074808
vt 0.519965 0.084846
vt 0.517826 0.168479
vt 0.489832 0.168273
vt 0.485117 0.218485
vt 0.522162 0.169427
vt 0.489633 0.221405
vt 0.485120 0.222355
vt 0.518850 0.218019
vt 0.522646 0.216075
vt 0.527652 0.169965
vt 0.570252 0.168701
vt 0.489086 0.226644
vt 0.485121 0.224776
vt 0.485125 0.231768
vt 0.530805 0.217898
vt 0.525387 0.236644
vt 0.550085 0.227578
vt 0.535494 0.234086
vt 0.590235 0.226552
vt 0.522770 0.253801
vt 0.549188 0.270014
vt 0.579187 0.264640
vt 0.582664 0.263053
vt 0.590825 0.278619
vt 0.583551 0.275254
vt 0.577598 0.278258
vt 0.584314 0.281754
vt 0.550898 0.278048
vt 0.660148 0.279378
vt 0.674697 0.241687
vt 0.660230 0.283366
vt 0.675226 0.272908
vt 0.678302 0.273036
vt 0.670138 0.279351
vt 0.673434 0.281593
vt 0.675040 0.290319
vt 0.670512 0.284689
vt 0.672825 0.290164
vt 0.669454 0.308968
vt 0.637379 0.312116
vt 0.666862 0.309070
vt 0.667883 0.311965
vt 0.665135 0.311521
vt 0.638745 0.315024
vt 0.627867 0.311959
vt 0.627773 0.308823
vt 0.616813 0.316326
vt 0.624953 0.288628
vt 0.615863 0.313803
vt 0.595358 0.313653
vt 0.595830 0.316244
vt 0.593735 0.287590
vt 0.592051 0.282370
vt 0.560506 0.313254
vt 0.560469 0.315864
vt 0.585685 0.293869
vt 0.584552 0.285934
vt 0.575199 0.290947
vt 0.573528 0.283421
vt 0.552572 0.290635
vt 0.340338 0.927758
vt 0.424617 0.926853
vt 0.424221 0.930639
vt 0.417958 0.895075
vt 0.340274 0.931417
vt 0.418570 0.958298
vt 0.337167 0.896427
vt 0.339812 0.958415
vt 0.414842 0.962805
vt 0.252036 0.930455
vt 0.337660 0.964804
vt 0.252213 0.926643
vt 0.256257 0.961358
vt 0.261947 0.966660
vt 0.260745 0.968785
vt 0.255108 0.896696
vt 0.255739 0.892820
vt 0.416407 0.892337
vt 0.337754 0.892562
vt 0.263965 0.866195
vt 0.404581 0.864032
vt 0.339526 0.865187
vt 0.265282 0.861891
vt 0.402713 0.859886
vt 0.339934 0.860893
vt 0.273700 0.825991
vt 0.397859 0.825228
vt 0.277588 0.822979
vt 0.397744 0.822483
vt 0.544418 0.799686
vt 0.577831 0.803616
vt 0.549388 0.807868
vt 0.577549 0.806977
vt 0.571909 0.836748
vt 0.542532 0.774646
vt 0.570608 0.771940
vt 0.569292 0.768014
vt 0.539353 0.834495
vt 0.570471 0.840689
vt 0.537495 0.837613
vt 0.412520 0.836315
vt 0.414333 0.839308
vt 0.541454 0.806679
vt 0.534318 0.807321
vt 0.409041 0.807568
vt 0.542552 0.800335
vt 0.534308 0.803646
vt 0.408622 0.803959
vt 0.412211 0.771152
vt 0.413203 0.767017
vt 0.541859 0.769966
vt 0.421644 0.740075
vt 0.559844 0.740343
vt 0.558169 0.735418
vt 0.422195 0.736768
vt 0.431131 0.701999
vt 0.554189 0.702486
vt 0.434059 0.698966
vt 0.430747 0.697599
vt 0.553013 0.698766
vt 0.556364 0.698041
vt 0.428452 0.426354
vt 0.409194 0.425808
vt 0.422562 0.423229
vt 0.381035 0.462059
vt 0.377396 0.457364
vt 0.382596 0.459933
vt 0.375513 0.459676
vt 0.372095 0.426170
vt 0.365863 0.427511
vt 0.407050 0.433602
vt 0.392925 0.426923
vt 0.366925 0.421605
vt 0.408645 0.422081
vt 0.392539 0.423068
vt 0.370306 0.421627
vt 0.366828 0.393256
vt 0.364034 0.393229
vt 0.408272 0.416369
vt 0.422895 0.394595
vt 0.366504 0.389380
vt 0.364111 0.389135
vt 0.368991 0.356570
vt 0.419911 0.391026
vt 0.372238 0.357217
vt 0.372594 0.354036
vt 0.369204 0.353260
vt 0.378927 0.324037
vt 0.382541 0.324747
vt 0.428188 0.389275
vt 0.432101 0.394237
vt 0.439600 0.387474
vt 0.427738 0.380321
vt 0.434571 0.381484
vt 0.438548 0.377519
vt 0.442734 0.379708
vt 0.433305 0.357773
vt 0.426180 0.356552
vt 0.427580 0.353477
vt 0.443373 0.325861
vt 0.434251 0.353322
vt 0.447942 0.327763
vt 0.438491 0.358817
vt 0.439213 0.353701
vt 0.454522 0.328105
vt 0.442216 0.358231
vt 0.443251 0.355019
vt 0.460106 0.326480
vt 0.528427 0.360637
vt 0.528464 0.357147
vt 0.528767 0.333136
vt 0.531039 0.360100
vt 0.531021 0.392295
vt 0.531593 0.357173
vt 0.532382 0.332484
vt 0.597258 0.391239
vt 0.596762 0.395106
vt 0.604101 0.356337
vt 0.604057 0.352472
vt 0.664701 0.322816
vt 0.688215 0.387422
vt 0.677981 0.348104
vt 0.681013 0.346266
vt 0.668544 0.320434
vt 0.679804 0.351804
vt 0.682766 0.350491
vt 0.688172 0.383565
vt 0.690883 0.383059
vt 0.691115 0.387302
vt 0.684600 0.416898
vt 0.619734 0.421674
vt 0.620948 0.424105
vt 0.686579 0.416477
vt 0.684000 0.420487
vt 0.686959 0.420038
vt 0.148815 0.643242
vt 0.172055 0.646672
vt 0.147459 0.646836
vt 0.131666 0.645993
vt 0.141479 0.656030
vt 0.143061 0.667493
vt 0.129549 0.642220
vt 0.170517 0.671540
vt 0.173953 0.671921
vt 0.172226 0.643548
vt 0.169480 0.612502
vt 0.175318 0.646853
vt 0.175181 0.643506
vt 0.172367 0.612018
vt 0.239622 0.639982
vt 0.235033 0.655910
vt 0.248525 0.676369
vt 0.172026 0.607404
vt 0.241710 0.650898
vt 0.174007 0.676710
vt 0.325077 0.606544
vt 0.256042 0.673411
vt 0.250862 0.648761
vt 0.334113 0.636905
vt 0.265809 0.674302
vt 0.251892 0.681340
vt 0.263994 0.683382
vt 0.176387 0.704788
vt 0.282626 0.707780
vt 0.196691 0.256608
vt 0.204118 0.213320
vt 0.194159 0.212132
vt 0.207992 0.212958
vt 0.211207 0.273961
vt 0.203384 0.149937
vt 0.130767 0.211006
vt 0.235526 0.217392
vt 0.237658 0.276734
vt 0.242412 0.274686
vt 0.240564 0.216642
vt 0.235107 0.149529
vt 0.240578 0.149211
vt 0.206474 0.149751
vt 0.234918 0.123858
vt 0.240584 0.120780
vt 0.205605 0.129972
vt 0.235082 0.105403
vt 0.240587 0.105319
vt 0.206863 0.122163
vt 0.236180 0.099725
vt 0.240589 0.098749
vt 0.207922 0.116335
vt 0.222194 0.103915
vt 0.236163 0.049416
vt 0.240599 0.047496
vt 0.203295 0.128786
vt 0.202140 0.120539
vt 0.194687 0.149087
vt 0.195675 0.118357
vt 0.201825 0.116512
vt 0.204981 0.108554
vt 0.198543 0.113018
vt 0.205187 0.093584
vt 0.201975 0.101179
vt 0.133180 0.147611
vt 0.192089 0.112969
vt 0.192691 0.107939
vt 0.202762 0.093913
vt 0.135553 0.102477
vt 0.050887 0.091505
vt 0.205244 0.050000
vt 0.201183 0.050149
vt 0.138637 0.049993
vt 0.201073 0.008138
vt 0.205513 0.006337
vt 0.233651 0.005438
vt 0.240608 0.006081
vt 0.233470 0.003368
vt 0.240608 0.003368
vt 0.205141 0.003368
vt 0.203117 0.003368
vt 0.171676 0.003368
vt 0.138784 0.007865
vt 0.055131 0.003368
vt 0.055728 0.007662
vt 0.054074 0.003368
vt 0.051020 0.007340
vt 0.024683 0.003368
vt 0.021710 0.005841
vt 0.048665 0.050994
vt 0.050638 0.051157
vt 0.053620 0.062321
vt 0.056723 0.066794
vt 0.046791 0.058264
vt 0.046924 0.063630
vt 0.038534 0.060987
vt 0.017085 0.020612
vt 0.016094 0.058318
vt 0.011946 0.003368
vt 0.018505 0.003368
vt 0.011946 0.004945
vt 0.011945 0.018305
vt 0.011944 0.023973
vt 0.011944 0.029768
vt 0.011941 0.057807
vt 0.011938 0.092579
vt 0.015608 0.093422
vt 0.011933 0.143336
vt 0.047387 0.095586
vt 0.015873 0.143578
vt 0.011930 0.184635
vt 0.046958 0.141716
vt 0.050603 0.140833
vt 0.046245 0.184625
vt 0.016012 0.184681
vt 0.011929 0.193451
vt 0.060069 0.191095
vt 0.049596 0.186711
vt 0.016528 0.194539
vt 0.011928 0.198214
vt 0.029862 0.195284
vt 0.020525 0.202076
vt 0.011927 0.212352
vt 0.028007 0.201667
vt 0.042153 0.191873
vt 0.045680 0.195544
vt 0.043560 0.205758
vt 0.050295 0.194223
vt 0.061934 0.207184
vt 0.040280 0.215898
vt 0.064087 0.219936
vt 0.052389 0.222027
vt 0.047345 0.237536
vt 0.040156 0.268685
vt 0.041234 0.280060
vt 0.034147 0.280211
vt 0.036103 0.244270
vt 0.033728 0.273293
vt 0.023590 0.282129
vt 0.013469 0.282682
vt 0.014719 0.247069
vt 0.014841 0.212029
vt 0.011924 0.247859
vt 0.009994 0.283392
vt 0.708099 0.007935
vt 0.677137 0.008393
vt 0.674620 0.003429
vt 0.710611 0.003429
vt 0.711198 0.009050
vt 0.711191 0.003429
vt 0.707509 0.076858
vt 0.711279 0.076676
vt 0.678443 0.056386
vt 0.672780 0.007654
vt 0.711389 0.167839
vt 0.595193 0.007184
vt 0.594447 0.003429
vt 0.674533 0.057425
vt 0.682443 0.071969
vt 0.597801 0.059084
vt 0.668874 0.072277
vt 0.678251 0.084972
vt 0.707765 0.167717
vt 0.707786 0.194415
vt 0.677800 0.166548
vt 0.711419 0.195595
vt 0.674368 0.086831
vt 0.707003 0.222115
vt 0.711451 0.222582
vt 0.677467 0.196188
vt 0.681440 0.222013
vt 0.707077 0.241163
vt 0.711473 0.240994
vt 0.707014 0.270929
vt 0.711508 0.271065
vt 0.710122 0.282924
vt 0.706937 0.283096
vt 0.687306 0.282923
vt 0.678867 0.240328
vt 0.665137 0.221083
vt 0.674735 0.195333
vt 0.674583 0.167418
vt 0.593580 0.167971
vt 0.597899 0.085369
vt 0.598160 0.073493
vt 0.519085 0.058411
vt 0.517102 0.044646
vt 0.518006 0.007774
vt 0.517269 0.003429
vt 0.513411 0.003429
vt 0.513921 0.008468
vt 0.514044 0.044154
vt 0.488023 0.007311
vt 0.484988 0.003429
vt 0.279327 0.229199
vt 0.285910 0.261495
vt 0.259421 0.279246
vt 0.267773 0.283950
vt 0.250431 0.259353
vt 0.247303 0.278596
vt 0.255866 0.258881
vt 0.255693 0.225220
vt 0.250434 0.223041
vt 0.256465 0.209315
vt 0.250434 0.209029
vt 0.267245 0.214148
vt 0.256410 0.202309
vt 0.250435 0.200795
vt 0.250435 0.195291
vt 0.266304 0.207771
vt 0.255933 0.197608
vt 0.268559 0.203605
vt 0.255358 0.128500
vt 0.250440 0.126004
vt 0.270423 0.210076
vt 0.272787 0.215162
vt 0.283673 0.214889
vt 0.284433 0.205458
vt 0.283258 0.101627
vt 0.286518 0.213372
vt 0.286230 0.202851
vt 0.300192 0.224559
vt 0.289747 0.091490
vt 0.278491 0.085181
vt 0.289532 0.083643
vt 0.256607 0.087682
vt 0.250442 0.089566
vt 0.250447 0.008081
vt 0.275980 0.079134
vt 0.256133 0.007740
vt 0.251382 0.003407
vt 0.276911 0.072394
vt 0.285723 0.003448
vt 0.282550 0.066225
vt 0.284807 0.051864
vt 0.284725 0.007253
vt 0.287579 0.051464
vt 0.289240 0.003448
vt 0.290926 0.064551
vt 0.535124 0.312880
vt 0.534511 0.315415
vt 0.530890 0.314861
vt 0.530709 0.312097
vt 0.576395 0.280518
vt 0.553275 0.281702
vt 0.553367 0.283882
vt 0.549373 0.282684
vt 0.548917 0.285833
vt 0.548582 0.291094
vt 0.543570 0.290777
vt 0.544642 0.284228
vt 0.524248 0.284514
vt 0.521593 0.287193
vt 0.523360 0.282418
vt 0.545688 0.281595
vt 0.547962 0.277566
vt 0.519114 0.253361
vt 0.519091 0.283500
vt 0.517070 0.241401
vt 0.488766 0.258362
vt 0.491925 0.284964
vt 0.490089 0.283238
vt 0.485142 0.258693
vt 0.487101 0.284642
vt 0.508768 0.241729
vt 0.488448 0.233231
vt 0.496214 0.233706
vt 0.496596 0.230218
vt 0.508879 0.239173
vt 0.498551 0.228260
vt 0.509853 0.236541
vt 0.513978 0.233466
vt 0.531075 0.419458
vt 0.566449 0.425423
vt 0.531425 0.423947
vt 0.533015 0.453289
vt 0.528965 0.423511
vt 0.529604 0.451975
vt 0.530159 0.455851
vt 0.477332 0.457401
vt 0.533572 0.456557
vt 0.597463 0.457362
vt 0.531451 0.489995
vt 0.595470 0.433929
vt 0.594630 0.421920
vt 0.569843 0.422651
vt 0.594583 0.417828
vt 0.594422 0.410531
vt 0.531327 0.395378
vt 0.529370 0.395387
vt 0.528900 0.419297
vt 0.465041 0.422732
vt 0.465967 0.426691
vt 0.466495 0.447583
vt 0.458107 0.403852
vt 0.458935 0.427573
vt 0.453109 0.408955
vt 0.445084 0.395222
vt 0.529436 0.392302
vt 0.457409 0.422858
vt 0.438126 0.395211
vt 0.450948 0.414814
vt 0.444456 0.390307
vt 0.445870 0.417008
vt 0.452693 0.423396
vt 0.452882 0.428445
vt 0.446506 0.423732
vt 0.447008 0.426413
vt 0.447604 0.439710
vt 0.353507 0.576756
vt 0.435653 0.678055
vt 0.412849 0.678719
vt 0.491704 0.575545
vt 0.363617 0.558193
vt 0.482259 0.557441
vt 0.808534 0.394206
vt 0.813451 0.396997
vt 0.808650 0.403376
vt 0.815480 0.386328
vt 0.816762 0.401888
vt 0.793509 0.351741
vt 0.841467 0.365555
vt 0.803382 0.320962
vt 0.833743 0.387083
vt 0.834722 0.392104
vt 0.852964 0.429692
vt 0.833146 0.381073
vt 0.852069 0.387877
vt 0.851577 0.393826
vt 0.856587 0.398294
vt 0.856926 0.403365
vt 0.886855 0.386814
vt 0.888861 0.397976
vt 0.885525 0.423178
vt 0.882040 0.464743
vt 0.904262 0.462456
vt 0.901547 0.419620
vt 0.888165 0.393573
vt 0.903267 0.394423
vt 0.904052 0.391166
vt 0.885020 0.377388
vt 0.899221 0.379828
vt 0.845567 0.321241
vt 0.807996 0.318763
vt 0.845862 0.318822
vt 0.899297 0.321196
vt 0.899614 0.318401
vt 0.902920 0.322063
vt 0.902957 0.324607
vt 0.934375 0.323436
vt 0.934510 0.320591
vt 0.903868 0.377305
vt 0.938469 0.323411
vt 0.938494 0.320851
vt 0.937303 0.383660
vt 0.933105 0.384206
vt 0.941613 0.423525
vt 0.907202 0.384332
vt 0.913201 0.393888
vt 0.937290 0.422906
vt 0.942602 0.453480
vt 0.946025 0.452914
vt 0.910917 0.398415
vt 0.908222 0.460797
vt 0.906883 0.421414
vt 0.905556 0.400982
vt 0.903322 0.399034
vt 0.901027 0.401266
vt 0.909322 0.464072
vt 0.203254 0.821718
vt 0.137426 0.825639
vt 0.136635 0.821796
vt 0.101014 0.823853
vt 0.100391 0.819896
vt 0.074693 0.822122
vt 0.075201 0.818551
vt 0.071208 0.818025
vt 0.101889 0.828465
vt 0.070646 0.822506
vt 0.041014 0.818923
vt 0.041017 0.823420
vt 0.062775 0.891499
vt 0.039412 0.891833
vt 0.071222 0.873354
vt 0.061900 0.958887
vt 0.029710 0.958934
vt 0.069145 0.913627
vt 0.069486 0.962994
vt 0.070297 0.892069
vt 0.072946 0.966706
vt 0.077402 0.891036
vt 0.106303 0.917603
vt 0.109497 0.919711
vt 0.129784 0.964779
vt 0.119544 0.887572
vt 0.096586 0.867793
vt 0.122301 0.893196
vt 0.149037 0.898802
vt 0.200764 0.965377
vt 0.129692 0.891353
vt 0.176759 0.884076
vt 0.148344 0.892525
vt 0.125037 0.888813
vt 0.127826 0.887199
vt 0.121885 0.886210
vt 0.124297 0.885675
vt 0.120948 0.874920
vt 0.126584 0.883939
vt 0.123055 0.875796
vt 0.147633 0.886186
vt 0.125581 0.872739
vt 0.121085 0.867526
vt 0.178058 0.879472
vt 0.142707 0.847727
vt 0.123208 0.865637
vt 0.575308 0.852622
vt 0.576155 0.992733
vt 0.509519 0.865067
vt 0.509448 0.993017
vt 0.504402 0.991014
vt 0.505882 0.863389
vt 0.469416 0.990561
vt 0.513127 0.854014
vt 0.476754 0.856019
vt 0.465221 0.990215
vt 0.472453 0.856097
vt 0.475795 0.850447
vt 0.471571 0.851133
vt 0.502165 0.854603
vt 0.502798 0.848724
vt 0.514702 0.849409
vt 0.575290 0.849984
vt 0.639828 0.849597
vt 0.639950 0.852220
vt 0.642984 0.992309
vt 0.645935 0.989847
vt 0.643882 0.851442
vt 0.643832 0.848950
vt 0.673256 0.852541
vt 0.673395 0.854991
vt 0.679134 0.989237
vt 0.683009 0.988865
vt 0.677175 0.852528
vt 0.675428 0.848732
vt 0.848341 0.466226
vt 0.808687 0.431286
vt 0.774312 0.470436
vt 0.801485 0.430977
vt 0.798096 0.428210
vt 0.772109 0.422955
vt 0.769231 0.464959
vt 0.803859 0.400711
vt 0.768881 0.423682
vt 0.771779 0.386537
vt 0.735445 0.429936
vt 0.734040 0.462770
vt 0.730184 0.463532
vt 0.731445 0.428975
vt 0.738006 0.375562
vt 0.733595 0.374837
vt 0.768971 0.387185
vt 0.761735 0.375111
vt 0.777234 0.374948
vt 0.767765 0.364858
vt 0.738090 0.321226
vt 0.734557 0.320658
vt 0.737733 0.318727
vt 0.734335 0.318414
vt 0.769273 0.321563
vt 0.769522 0.319533
vt 0.771570 0.364036
vt 0.772984 0.320446
vt 0.773052 0.318389
vt 0.785255 0.352431
vt 0.796881 0.377507
vt 0.800442 0.389244
vt 0.790253 0.353332
vt 0.806059 0.381881
vt 0.989162 0.009300
vt 0.993546 0.006270
vt 0.993443 0.010597
vt 0.989245 0.004838
vt 0.870693 0.005113
vt 0.988578 0.076879
vt 0.870773 0.009992
vt 0.866906 0.004745
vt 0.867108 0.009565
vt 0.994163 0.077682
vt 0.989479 0.143314
vt 0.992877 0.143062
vt 0.870902 0.084210
vt 0.866692 0.084105
vt 0.867257 0.113655
vt 0.870765 0.116173
vt 0.867223 0.143632
vt 0.870653 0.144525
vt 0.870617 0.157712
vt 0.986176 0.159963
vt 0.870668 0.160412
vt 0.986370 0.157535
vt 0.985624 0.213326
vt 0.867674 0.222653
vt 0.868384 0.264235
vt 0.986449 0.266364
vt 0.866746 0.295129
vt 0.986925 0.299545
vt 0.117203 0.866443
vt 0.120338 0.854504
vt 0.117043 0.855754
vt 0.108494 0.858663
vt 0.090880 0.846468
vt 0.110392 0.846168
vt 0.114219 0.846133
vt 0.117095 0.844957
vt 0.203114 0.825589
vt 0.177088 0.871373
vt 0.199338 0.882346
vt 0.208556 0.825866
vt 0.208867 0.822244
vt 0.236587 0.823732
vt 0.236179 0.828532
vt 0.204013 0.879987
vt 0.234328 0.902261
vt 0.198308 0.891025
vt 0.234508 0.932516
vt 0.210172 0.898049
vt 0.199063 0.900512
vt 0.207684 0.906635
vt 0.201231 0.915238
vt 0.204412 0.961434
vt 0.236856 0.961019
vt 0.204031 0.916054
vt 0.875723 0.852199
vt 0.993936 0.988090
vt 0.874480 0.988048
vt 0.993228 0.853155
vt 0.992790 0.847881
vt 0.874521 0.848017
vt 0.772355 0.938259
vt 0.728119 0.884784
vt 0.780616 0.853383
vt 0.708828 0.853130
vt 0.762968 0.941881
vt 0.696157 0.831668
vt 0.760001 0.947047
vt 0.717098 0.795000
vt 0.695009 0.827798
vt 0.713317 0.796092
vt 0.685720 0.785710
vt 0.674846 0.806187
vt 0.681131 0.785121
vt 0.671105 0.803525
vt 0.780972 0.793509
vt 0.840931 0.794215
vt 0.866935 0.831166
vt 0.839687 0.878950
vt 0.820737 0.911794
vt 0.854362 0.804800
vt 0.852451 0.795426
vt 0.871551 0.829519
vt 0.877637 0.786062
vt 0.889811 0.801983
vt 0.880171 0.782436
vt 0.893965 0.800821
vt 0.803399 0.942081
vt 0.779999 0.942553
vt 0.802310 0.945599
vt 0.779496 0.946728
vt 0.790745 0.978080
vt 0.770697 0.948466
vt 0.769973 0.978088
vt 0.791427 0.982211
vt 0.768608 0.982244
vt 0.060959 0.435859
vt 0.061734 0.443056
vt 0.079188 0.435698
vt 0.034782 0.470009
vt 0.029408 0.471254
vt 0.038077 0.468260
vt 0.090555 0.456165
vt 0.096389 0.436797
vt 0.097249 0.431949
vt 0.048694 0.502792
vt 0.080917 0.467605
vt 0.101640 0.438041
vt 0.100122 0.456427
vt 0.092461 0.469129
vt 0.085174 0.477470
vt 0.096072 0.403486
vt 0.105683 0.456781
vt 0.112155 0.459416
vt 0.107460 0.468603
vt 0.118632 0.466577
vt 0.094925 0.477477
vt 0.111961 0.495476
vt 0.095420 0.496506
vt 0.105034 0.495017
vt 0.269233 0.678576
vt 0.333718 0.641129
vt 0.325313 0.671241
vt 0.337965 0.641221
vt 0.337880 0.636204
vt 0.330031 0.671505
vt 0.329737 0.604507
vt 0.327019 0.598691
vt 0.323896 0.675606
vt 0.331495 0.675897
vt 0.326404 0.677976
vt 0.322396 0.600935
vt 0.314650 0.572835
vt 0.309674 0.574870
vt 0.174506 0.581767
vt 0.168748 0.581622
vt 0.308363 0.706487
vt 0.315172 0.709754
vt 0.311991 0.711957
vt 0.307706 0.711882
vt 0.168620 0.608031
vt 0.099621 0.601058
vt 0.103939 0.605763
vt 0.093127 0.574220
vt 0.094027 0.598533
vt 0.095762 0.605749
vt 0.088879 0.601741
vt 0.030766 0.570855
vt 0.096120 0.616379
vt 0.019757 0.600338
vt 0.025790 0.570057
vt 0.014872 0.598131
vt 0.013528 0.602519
vt 0.069254 0.639463
vt 0.087805 0.605978
vt 0.018681 0.604595
vt 0.009241 0.636130
vt 0.061554 0.642731
vt 0.014750 0.636949
vt 0.009011 0.639839
vt 0.015122 0.640380
vt 0.012248 0.670791
vt 0.031433 0.654515
vt 0.018519 0.671058
vt 0.012720 0.675030
vt 0.019284 0.675998
vt 0.016204 0.677914
vt 0.025679 0.708226
vt 0.033682 0.670273
vt 0.038312 0.668727
vt 0.044759 0.669470
vt 0.039712 0.673852
vt 0.034531 0.673930
vt 0.143142 0.673541
vt 0.046744 0.674433
vt 0.046390 0.688793
vt 0.045606 0.701026
vt 0.058056 0.689640
vt 0.028972 0.709323
vt 0.092258 0.708626
vt 0.143828 0.678328
vt 0.026293 0.713269
vt 0.021655 0.711771
vt 0.032430 0.713344
vt 0.029068 0.715480
vt 0.041167 0.743290
vt 0.038493 0.744820
vt 0.101427 0.713275
vt 0.136467 0.708129
vt 0.040932 0.748082
vt 0.036355 0.748291
vt 0.108539 0.741913
vt 0.135475 0.713237
vt 0.107442 0.745972
vt 0.036934 0.780046
vt 0.031840 0.780993
vt 0.035919 0.785641
vt 0.031097 0.786032
vt 0.095768 0.782700
vt 0.097027 0.777550
vt 0.166310 0.780779
vt 0.167116 0.785850
vt 0.170754 0.747355
vt 0.170426 0.780433
vt 0.169436 0.785474
vt 0.175560 0.747363
vt 0.171558 0.743245
vt 0.306978 0.779899
vt 0.309267 0.785251
vt 0.312463 0.779444
vt 0.314271 0.783821
vt 0.301054 0.747683
vt 0.171378 0.710819
vt 0.175941 0.742802
vt 0.300510 0.744863
vt 0.305146 0.747518
vt 0.307767 0.746845
vt 0.304661 0.744384
vt 0.308421 0.743705
vt 0.284762 0.712786
vt 0.176369 0.709832
vt 0.171146 0.704543
vt 0.170651 0.675563
vt 0.453082 0.441552
vt 0.458829 0.447886
vt 0.444704 0.458574
vt 0.466525 0.457517
vt 0.445790 0.462347
vt 0.469738 0.461133
vt 0.475624 0.460468
vt 0.469718 0.469376
vt 0.463666 0.468920
vt 0.470175 0.487706
vt 0.455998 0.471480
vt 0.531571 0.492982
vt 0.465924 0.487047
vt 0.468574 0.491270
vt 0.457654 0.486928
vt 0.534718 0.490452
vt 0.597741 0.460456
vt 0.663038 0.490438
vt 0.670893 0.457407
vt 0.671948 0.454536
vt 0.673535 0.457882
vt 0.678019 0.454757
vt 0.676648 0.452600
vt 0.666141 0.491549
vt 0.664235 0.494482
vt 0.667064 0.494602
vt 0.534427 0.493556
vt 0.666673 0.530168
vt 0.670483 0.529256
vt 0.668083 0.533893
vt 0.672069 0.532150
vt 0.532810 0.531561
vt 0.531526 0.535478
vt 0.530007 0.531851
vt 0.530046 0.535978
vt 0.469550 0.523688
vt 0.464674 0.527370
vt 0.463588 0.521364
vt 0.460235 0.526205
vt 0.464106 0.490006
vt 0.455293 0.521438
vt 0.454884 0.526051
vt 0.457122 0.491514
vt 0.450409 0.527569
vt 0.453635 0.490416
vt 0.451054 0.523376
vt 0.392013 0.532526
vt 0.452988 0.486273
vt 0.391770 0.537081
vt 0.388310 0.533107
vt 0.388234 0.537534
vt 0.394011 0.498196
vt 0.389931 0.498607
vt 0.390204 0.496049
vt 0.393773 0.494589
vt 0.415216 0.494436
vt 0.395939 0.492986
vt 0.413455 0.490370
vt 0.385331 0.463878
vt 0.410335 0.463515
vt 0.451669 0.474258
vt 0.437687 0.462204
vt 0.437573 0.458147
vt 0.409048 0.459658
vt 0.421860 0.430921
vt 0.740512 0.759548
vt 0.737131 0.742339
vt 0.741946 0.743825
vt 0.733023 0.759422
vt 0.740475 0.776217
vt 0.728892 0.776217
vt 0.702800 0.776217
vt 0.747509 0.757535
vt 0.752649 0.776217
vt 0.702800 0.763945
vt 0.702800 0.775256
vt 0.702800 0.734960
vt 0.746969 0.744719
vt 0.772991 0.755559
vt 0.773508 0.776217
vt 0.809012 0.776217
vt 0.742524 0.727647
vt 0.749881 0.731771
vt 0.702800 0.716988
vt 0.752903 0.127040
vt 0.746784 0.156741
vt 0.734267 0.130136
vt 0.769948 0.132694
vt 0.721907 0.153679
vt 0.785151 0.137611
vt 0.780811 0.141597
vt 0.798795 0.139955
vt 0.797870 0.145506
vt 0.794285 0.149959
vt 0.803395 0.145664
vt 0.804638 0.122849
vt 0.800155 0.156750
vt 0.795398 0.160064
vt 0.806793 0.146480
vt 0.807032 0.154520
vt 0.811069 0.147484
vt 0.853514 0.148085
vt 0.802405 0.162356
vt 0.810483 0.155385
vt 0.806155 0.163208
vt 0.798435 0.168648
vt 0.811949 0.194052
vt 0.816611 0.192572
vt 0.833279 0.184783
vt 0.807883 0.194669
vt 0.795023 0.206921
vt 0.831460 0.189761
vt 0.843538 0.191803
vt 0.834651 0.194512
vt 0.817099 0.198793
vt 0.801242 0.212207
vt 0.839797 0.199387
vt 0.804112 0.216520
vt 0.822698 0.224681
vt 0.788825 0.229058
vt 0.782318 0.228484
vt 0.794241 0.230046
vt 0.853514 0.214655
vt 0.853514 0.246099
vt 0.848445 0.198569
vt 0.853514 0.201858
vt 0.853514 0.196867
vt 0.848821 0.195075
vt 0.823597 0.251555
vt 0.853514 0.279103
vt 0.823482 0.279103
vt 0.811284 0.279103
vt 0.849639 0.191755
vt 0.853514 0.188842
vt 0.794454 0.256461
vt 0.799127 0.279103
vt 0.794271 0.279103
vt 0.788986 0.255686
vt 0.788406 0.279103
vt 0.783720 0.253027
vt 0.775857 0.279103
vt 0.747757 0.214263
vt 0.723824 0.279103
vt 0.721907 0.279103
vt 0.721907 0.220972
vt 0.779536 0.005474
vt 0.721907 0.048971
vt 0.721907 0.007432
vt 0.721907 0.003760
vt 0.780560 0.003760
vt 0.853514 0.003760
vt 0.853514 0.006730
vt 0.853514 0.019800
vt 0.783112 0.054312
vt 0.835600 0.042824
vt 0.853514 0.025634
vt 0.721907 0.100888
vt 0.843282 0.042926
vt 0.853514 0.031684
vt 0.837733 0.059504
vt 0.846361 0.043712
vt 0.853514 0.060978
vt 0.841116 0.059821
vt 0.845839 0.060262
vt 0.833126 0.084501
vt 0.853514 0.097024
vt 0.828971 0.081956
vt 0.825664 0.079936
vt 0.812030 0.098637
vt 0.806827 0.097527
vt 0.804225 0.095284
vt 0.800956 0.121577
vt 0.785717 0.096526
vt 0.746188 0.112436
vt 0.721907 0.107943
vt 0.787538 0.133779
vt 0.737712 0.117704
vt 0.721907 0.124502
vt 0.756042 0.123520
vt 0.757333 0.117908
vt 0.768234 0.127907
vt 0.772196 0.124356
vt 0.746805 0.729894
vt 0.751434 0.720916
vt 0.746729 0.719482
vt 0.748541 0.702689
vt 0.756811 0.722214
vt 0.702800 0.690733
vt 0.773398 0.720362
vt 0.758978 0.707621
vt 0.752915 0.704742
vt 0.745381 0.661661
vt 0.702800 0.663007
vt 0.766293 0.697848
vt 0.702800 0.570666
vt 0.767573 0.701392
vt 0.769565 0.703697
vt 0.773448 0.698273
vt 0.773442 0.701992
vt 0.788765 0.695207
vt 0.817002 0.721157
vt 0.773387 0.694458
vt 0.789879 0.689799
vt 0.801990 0.689161
vt 0.773456 0.661479
vt 0.787090 0.685057
vt 0.799936 0.682912
vt 0.768926 0.577160
vt 0.792375 0.660904
vt 0.796820 0.679273
vt 0.805327 0.679484
vt 0.775680 0.504627
vt 0.702800 0.506085
vt 0.702800 0.501349
vt 0.776034 0.501349
vt 0.802762 0.676267
vt 0.806285 0.674454
vt 0.809445 0.505092
vt 0.809326 0.501349
vt 0.831840 0.501349
vt 0.836355 0.504622
vt 0.836355 0.501349
vt 0.812207 0.577160
vt 0.836355 0.555749
vt 0.836355 0.581368
vt 0.812380 0.660559
vt 0.836355 0.659181
vt 0.821139 0.693002
vt 0.836355 0.710036
vt 0.820584 0.697661
vt 0.836355 0.713614
vt 0.819029 0.699838
vt 0.836355 0.715881
vt 0.836355 0.722515
vt 0.836355 0.749489
vt 0.812496 0.751763
vt 0.836355 0.776217
vt 0.182154 0.464349
vt 0.181628 0.497219
vt 0.185098 0.461151
vt 0.185711 0.464312
vt 0.184100 0.497685
vt 0.180754 0.502357
vt 0.308865 0.502911
vt 0.314581 0.503381
vt 0.183724 0.502908
vt 0.309372 0.505997
vt 0.314540 0.505642
vt 0.318199 0.503214
vt 0.313708 0.540437
vt 0.316740 0.540532
vt 0.315109 0.544572
vt 0.318278 0.544691
vt 0.179406 0.542399
vt 0.180233 0.538195
vt 0.177893 0.538983
vt 0.178298 0.543187
vt 0.105575 0.535302
vt 0.107149 0.531559
vt 0.111122 0.501283
vt 0.103865 0.501552
vt 0.102902 0.530718
vt 0.102087 0.534459
vt 0.095134 0.530469
vt 0.095702 0.534877
vt 0.096184 0.503154
vt 0.090243 0.538311
vt 0.085993 0.501847
vt 0.089128 0.534472
vt 0.046158 0.542280
vt 0.045345 0.546481
vt 0.040584 0.545426
vt 0.040964 0.541058
vt 0.085729 0.498688
vt 0.048676 0.506803
vt 0.044473 0.504183
vt 0.043724 0.507313
vt 0.039550 0.506532
vt 0.040354 0.503494
vt 0.934239 0.767129
vt 0.937933 0.750748
vt 0.940472 0.767129
vt 0.931733 0.752487
vt 0.928273 0.767129
vt 0.926381 0.754961
vt 0.869509 0.767129
vt 0.917780 0.726319
vt 0.877438 0.702780
vt 0.857459 0.767129
vt 0.857459 0.700041
vt 0.857459 0.591815
vt 0.950273 0.748543
vt 0.947959 0.767129
vt 0.972333 0.767129
vt 0.990223 0.749862
vt 0.990223 0.767129
vt 0.951689 0.723961
vt 0.990223 0.716460
vt 0.990223 0.701439
vt 0.990223 0.692669
vt 0.920814 0.682471
vt 0.952004 0.684126
vt 0.990223 0.686921
vt 0.990223 0.617716
vt 0.927263 0.596048
vt 0.990223 0.581396
vt 0.924959 0.498769
vt 0.857459 0.498001
vt 0.990223 0.500339
vt 0.925131 0.494315
vt 0.857459 0.494315
vt 0.990223 0.494315
s 1
f 1/1/1 2/2/2 3/3/3
f 2/2/2 4/4/4 5/5/5
f 3/3/3 2/2/2 6/6/5
f 4/4/4 2/2/2 7/7/6
f 2/2/2 1/1/1 7/7/6
f 7/7/6 8/8/7 4/4/4
f 8/8/7 9/9/8 4/4/4
f 9/9/8 8/8/7 10/10/9
f 10/10/9 11/11/10 9/9/8
f 12/12/11 8/8/7 7/7/6
f 12/12/11 10/10/9 8/8/7
f 1/1/1 13/13/12 7/7/6
f 12/12/11 7/7/6 13/13/12
f 1/1/1 14/14/13 13/13/12
f 14/14/13 12/12/11 13/13/12
f 10/10/9 15/15/14 11/11/10
f 15/15/14 16/16/15 11/11/10
f 10/10/9 12/12/11 17/17/16
f 17/17/16 15/15/14 10/10/9
f 16/16/15 15/15/14 18/18/17
f 17/17/16 18/18/17 15/15/14
f 19/19/18 16/16/15 18/18/17
f 20/20/19 19/19/18 18/18/17
f 18/18/17 17/17/16 20/20/19
f 19/19/18 20/20/19 21/21/20
f 22/22/21 17/17/16 12/12/11
f 22/22/21 20/20/19 17/17/16
f 23/23/22 21/21/20 20/20/19
f 20/20/19 22/22/21 23/23/22
f 21/21/20 23/23/22 24/24/23
f 25/25/24 24/24/23 23/23/22
f 22/22/21 25/25/24 23/23/22
f 24/24/23 25/25/24 26/26/25
f 22/22/21 12/12/11 27/27/26
f 25/25/24 28/28/27 26/26/25
f 12/12/11 14/14/13 27/27/26
f 22/22/21 27/27/26 29/29/28
f 14/14/13 29/29/28 27/27/26
f 30/30/29 25/25/24 22/22/21
f 22/22/21 29/29/28 30/30/29
f 31/31/30 28/28/27 25/25/24
f 30/30/29 31/31/30 25/25/24
f 28/28/27 31/31/30 32/32/31
f 32/32/31 33/33/32 28/28/27
f 31/31/30 30/30/29 34/34/33
f 35/35/34 33/33/32 32/32/31
f 31/31/30 35/35/34 32/32/31
f 33/33/32 35/35/34 36/36/35
f 37/37/36 36/36/35 35/35/34
f 38/38/37 35/35/34 31/31/30
f 35/35/34 38/38/37 37/37/36
f 34/34/33 38/38/37 31/31/30
f 38/38/37 39/39/38 37/37/36
f 30/30/29 40/40/39 34/34/33
f 38/38/37 34/34/33 40/40/39
f 40/40/39 30/30/29 29/29/28
f 39/39/38 38/38/37 41/41/40
f 42/42/41 41/41/40 38/38/37
f 40/40/39 42/42/41 38/38/37
f 41/41/40 42/42/41 43/43/42
f 29/29/28 44/44/43 40/40/39
f 44/44/43 29/29/28 45/45/44
f 29/29/28 14/14/13 45/45/44
f 46/46/45 40/40/39 44/44/43
f 42/42/41 40/40/39 46/46/45
f 43/43/42 42/42/41 47/47/46
f 45/45/44 14/14/13 48/48/47
f 48/48/47 44/44/43 45/45/44
f 14/14/13 1/1/1 48/48/47
f 42/42/41 46/46/45 49/49/48
f 44/44/43 50/50/49 46/46/45
f 50/50/49 49/49/48 46/46/45
f 48/48/47 50/50/49 44/44/43
f 42/42/41 49/49/48 51/51/50
f 49/49/48 50/50/49 51/51/50
f 47/47/46 42/42/41 51/51/50
f 52/52/51 53/53/52 54/54/53
f 55/55/54 52/52/51 54/54/53
f 53/53/52 56/56/55 54/54/53
f 54/54/53 56/56/55 55/55/54
f 53/53/52 52/52/51 57/57/56
f 58/58/57 52/52/51 55/55/54
f 58/58/57 59/59/58 52/52/51
f 59/59/58 57/57/56 52/52/51
f 55/55/54 60/60/59 58/58/57
f 59/59/58 58/58/57 61/61/60
f 60/60/59 61/61/60 58/58/57
f 57/57/56 59/59/58 62/62/61
f 62/62/61 59/59/58 63/63/62
f 59/59/58 61/61/60 63/63/62
f 57/57/56 62/62/61 64/64/63
f 62/62/61 63/63/62 65/65/64
f 65/65/64 64/64/63 62/62/61
f 57/57/56 64/64/63 66/66/65
f 57/57/56 66/66/65 53/53/52
f 64/64/63 65/65/64 67/67/66
f 68/68/67 66/66/65 64/64/63
f 67/67/66 68/68/67 64/64/63
f 69/69/68 53/53/52 66/66/65
f 70/70/69 67/67/66 65/65/64
f 65/65/64 63/63/62 71/71/70
f 71/71/70 70/70/69 65/65/64
f 61/61/60 72/72/71 63/63/62
f 72/72/71 71/71/70 63/63/62
f 61/61/60 73/73/72 72/72/71
f 73/73/72 61/61/60 74/74/73
f 61/61/60 60/60/59 74/74/73
f 74/74/73 60/60/59 75/75/74
f 75/75/74 73/73/72 74/74/73
f 76/76/75 75/75/74 60/60/59
f 73/73/72 75/75/74 77/77/76
f 76/76/75 60/60/59 78/78/77
f 79/79/78 76/76/75 78/78/77
f 60/60/59 55/55/54 78/78/77
f 80/80/79 79/79/78 78/78/77
f 77/77/76 81/81/80 73/73/72
f 81/81/80 77/77/76 82/82/81
f 83/83/82 81/81/80 82/82/81
f 81/81/80 83/83/82 84/84/83
f 80/80/79 78/78/77 85/85/84
f 85/85/84 86/86/85 80/80/79
f 87/87/86 78/78/77 55/55/54
f 78/78/77 87/87/86 85/85/84
f 55/55/54 56/56/55 87/87/86
f 85/85/84 87/87/86 88/88/87
f 56/56/55 88/88/87 87/87/86
f 86/86/85 85/85/84 89/89/88
f 88/88/87 89/89/88 85/85/84
f 89/89/88 90/90/89 86/86/85
f 90/90/89 89/89/88 91/91/90
f 92/92/90 91/91/90 89/89/88
f 89/89/88 88/88/87 92/92/90
f 92/92/90 88/88/87 93/93/91
f 88/88/87 56/56/55 94/94/92
f 94/94/92 93/93/91 88/88/87
f 95/95/93 94/94/92 56/56/55
f 96/96/94 93/93/91 94/94/92
f 94/94/92 95/95/93 96/96/94
f 95/95/93 56/56/55 53/53/52
f 93/93/91 96/96/94 97/97/95
f 96/96/94 98/98/96 97/97/95
f 69/69/68 95/95/93 53/53/52
f 99/99/97 96/96/94 95/95/93
f 95/95/93 69/69/68 99/99/97
f 98/98/96 96/96/94 100/100/98
f 96/96/94 99/99/97 100/100/98
f 100/100/98 101/101/99 98/98/96
f 101/101/99 100/100/98 102/102/100
f 99/99/97 102/102/100 100/100/98
f 102/102/100 103/103/101 101/101/99
f 104/104/102 99/99/97 69/69/68
f 105/105/103 103/103/101 102/102/100
f 105/105/103 106/106/104 103/103/101
f 102/102/100 99/99/97 107/107/105
f 107/107/105 105/105/103 102/102/100
f 99/99/97 104/104/102 107/107/105
f 106/106/104 105/105/103 108/108/106
f 106/106/104 108/108/106 109/109/107
f 109/109/107 108/108/106 110/110/108
f 111/111/109 108/108/106 105/105/103
f 111/111/109 105/105/103 107/107/105
f 112/112/110 110/110/108 108/108/106
f 108/108/106 111/111/109 112/112/110
f 110/110/108 112/112/110 113/113/111
f 112/112/110 114/114/112 113/113/111
f 111/111/109 115/115/113 112/112/110
f 114/114/112 112/112/110 115/115/113
f 116/116/114 111/111/109 107/107/105
f 115/115/113 111/111/109 116/116/114
f 107/107/105 104/104/102 116/116/114
f 117/117/115 114/114/112 115/115/113
f 115/115/113 116/116/114 117/117/115
f 114/114/112 117/117/115 118/118/116
f 104/104/102 119/119/117 116/116/114
f 119/119/117 117/117/115 116/116/114
f 117/117/115 120/120/118 118/118/116
f 118/118/116 120/120/118 121/121/119
f 120/120/118 122/122/120 121/121/119
f 122/122/120 120/120/118 123/123/121
f 124/124/122 122/122/120 123/123/121
f 117/117/115 125/125/123 120/120/118
f 120/120/118 125/125/123 123/123/121
f 125/125/123 117/117/115 126/126/124
f 117/117/115 119/119/117 126/126/124
f 127/127/125 124/124/122 123/123/121
f 124/124/122 127/127/125 128/128/126
f 125/125/123 129/129/127 123/123/121
f 129/129/127 127/127/125 123/123/121
f 125/125/123 126/126/124 130/130/128
f 125/125/123 130/130/128 129/129/127
f 130/130/128 126/126/124 131/131/129
f 119/119/117 131/131/129 126/126/124
f 132/132/130 133/133/131 134/134/132
f 135/135/133 136/136/134 137/137/135
f 133/133/131 135/135/133 137/137/135
f 136/136/134 138/138/136 137/137/135
f 133/133/131 139/139/137 134/134/132
f 138/138/136 136/136/134 140/140/120
f 141/141/138 133/133/131 137/137/135
f 138/138/136 141/141/138 137/137/135
f 133/133/131 141/141/138 139/139/137
f 134/134/132 139/139/137 142/142/139
f 139/139/137 141/141/138 142/142/139
f 134/134/132 142/142/139 143/143/140
f 143/143/140 142/142/139 144/144/141
f 142/142/139 145/145/142 144/144/141
f 145/145/142 142/142/139 141/141/138
f 146/146/143 144/144/141 145/145/142
f 145/145/142 147/147/144 146/146/143
f 141/141/138 148/148/145 145/145/142
f 141/141/138 138/138/136 148/148/145
f 148/148/145 147/147/144 145/145/142
f 140/140/120 149/149/146 138/138/136
f 148/148/145 138/138/136 149/149/146
f 149/149/146 140/140/120 150/150/147
f 151/151/148 149/149/146 150/150/147
f 151/151/148 150/150/147 152/152/149
f 151/151/148 152/152/149 153/153/150
f 154/154/151 151/151/148 153/153/150
f 155/155/152 151/151/148 154/154/151
f 149/149/146 156/156/153 148/148/145
f 151/151/148 156/156/153 149/149/146
f 151/151/148 155/155/152 157/157/154
f 151/151/148 157/157/154 156/156/153
f 155/155/152 158/158/155 157/157/154
f 157/157/154 159/159/156 156/156/153
f 159/159/156 148/148/145 156/156/153
f 157/157/154 158/158/155 159/159/156
f 158/158/155 155/155/152 160/160/157
f 148/148/145 159/159/156 161/161/158
f 147/147/144 148/148/145 161/161/158
f 159/159/156 158/158/155 162/162/159
f 162/162/159 161/161/158 159/159/156
f 163/163/160 158/158/155 160/160/157
f 163/163/160 160/160/157 164/164/161
f 162/162/159 158/158/155 165/165/162
f 163/163/160 165/165/162 158/158/155
f 161/161/158 162/162/159 166/166/163
f 166/166/163 147/147/144 161/161/158
f 165/165/162 166/166/163 162/162/159
f 165/165/162 163/163/160 167/167/164
f 163/163/160 168/168/165 167/167/164
f 165/165/162 167/167/164 169/169/166
f 167/167/164 168/168/165 169/169/166
f 165/165/162 169/169/166 170/170/167
f 166/166/163 165/165/162 170/170/167
f 166/166/163 171/171/168 147/147/144
f 171/171/168 166/166/163 170/170/167
f 172/172/169 147/147/144 171/171/168
f 170/170/167 169/169/166 173/173/170
f 171/171/168 170/170/167 173/173/170
f 174/174/171 173/173/170 169/169/166
f 168/168/165 174/174/171 169/169/166
f 171/171/168 175/175/172 172/172/169
f 168/168/165 176/176/173 174/174/171
f 176/176/173 168/168/165 177/177/174
f 168/168/165 178/178/175 177/177/174
f 178/178/175 176/176/173 177/177/174
f 178/178/175 168/168/165 179/179/176
f 180/180/177 178/178/175 179/179/176
f 178/178/175 181/181/178 176/176/173
f 174/174/171 176/176/173 181/181/178
f 182/182/179 178/178/175 180/180/177
f 181/181/178 178/178/175 182/182/179
f 183/183/180 182/182/179 180/180/177
f 182/182/179 183/183/180 184/184/181
f 184/184/181 181/181/178 182/182/179
f 185/185/182 184/184/181 183/183/180
f 185/185/182 181/181/178 184/184/181
f 183/183/180 186/186/183 185/185/182
f 187/187/184 174/174/171 181/181/178
f 173/173/170 174/174/171 187/187/184
f 188/188/185 181/181/178 185/185/182
f 188/188/185 187/187/184 181/181/178
f 186/186/183 189/189/186 185/185/182
f 187/187/184 188/188/185 190/190/187
f 189/189/186 186/186/183 191/191/188
f 192/192/189 173/173/170 187/187/184
f 187/187/184 190/190/187 192/192/189
f 171/171/168 173/173/170 192/192/189
f 185/185/182 193/193/190 188/188/185
f 193/193/190 185/185/182 189/189/186
f 188/188/185 194/194/191 190/190/187
f 194/194/191 188/188/185 193/193/190
f 194/194/191 192/192/189 190/190/187
f 192/192/189 195/195/192 171/171/168
f 195/195/192 192/192/189 194/194/191
f 171/171/168 195/195/192 196/196/193
f 195/195/192 194/194/191 196/196/193
f 175/175/172 171/171/168 196/196/193
f 197/197/194 194/194/191 193/193/190
f 189/189/186 197/197/194 193/193/190
f 196/196/193 194/194/191 198/198/195
f 198/198/195 175/175/172 196/196/193
f 198/198/195 194/194/191 197/197/194
f 175/175/172 198/198/195 199/199/196
f 200/200/197 175/175/172 199/199/196
f 200/200/197 199/199/196 201/201/198
f 198/198/195 202/202/199 199/199/196
f 202/202/199 198/198/195 197/197/194
f 199/199/196 203/203/200 201/201/198
f 203/203/200 199/199/196 202/202/199
f 204/204/201 201/201/198 203/203/200
f 205/205/202 204/204/201 203/203/200
f 203/203/200 202/202/199 205/205/202
f 204/204/201 205/205/202 206/206/203
f 205/205/202 207/207/204 206/206/203
f 205/205/202 208/208/205 207/207/204
f 205/205/202 202/202/199 208/208/205
f 207/207/204 208/208/205 209/209/206
f 210/210/207 209/209/206 208/208/205
f 202/202/199 210/210/207 208/208/205
f 209/209/206 210/210/207 211/211/208
f 212/212/209 211/211/208 210/210/207
f 202/202/199 212/212/209 210/210/207
f 211/211/208 212/212/209 213/213/210
f 212/212/209 214/214/211 213/213/210
f 202/202/199 215/215/212 212/212/209
f 214/214/211 212/212/209 215/215/212
f 215/215/212 202/202/199 197/197/194
f 215/215/212 191/191/188 214/214/211
f 197/197/194 189/189/186 215/215/212
f 191/191/188 215/215/212 189/189/186
f 216/216/116 217/217/213 218/218/214
f 217/217/213 219/219/215 218/218/214
f 217/217/213 216/216/116 220/220/216
f 220/220/216 216/216/116 221/221/119
f 219/219/215 217/217/213 222/222/217
f 222/222/217 223/223/218 219/219/215
f 220/220/216 224/224/219 217/217/213
f 225/225/220 217/217/213 224/224/219
f 217/217/213 225/225/220 222/222/217
f 224/224/219 220/220/216 226/226/221
f 220/220/216 221/221/119 227/227/222
f 227/227/222 226/226/221 220/220/216
f 227/227/222 221/221/119 228/228/223
f 226/226/221 227/227/222 229/229/224
f 227/227/222 228/228/223 230/230/134
f 227/227/222 231/231/225 229/229/224
f 231/231/225 227/227/222 230/230/134
f 225/225/220 232/232/226 222/222/217
f 223/223/218 222/222/217 232/232/226
f 232/232/226 225/225/220 233/233/227
f 223/223/218 232/232/226 234/234/107
f 232/232/226 233/233/227 235/235/228
f 235/235/228 234/234/107 232/232/226
f 234/234/107 235/235/228 236/236/229
f 236/236/229 235/235/228 237/237/230
f 236/236/229 237/237/230 238/238/231
f 238/238/231 237/237/230 239/239/232
f 240/240/233 238/238/231 239/239/232
f 238/238/231 240/240/233 241/241/234
f 242/242/235 243/243/236 244/244/237
f 245/245/238 242/242/235 246/246/239
f 242/242/235 247/247/240 246/246/239
f 247/247/240 242/242/235 248/248/241
f 244/244/237 248/248/241 242/242/235
f 248/248/241 249/249/242 247/247/240
f 248/248/241 244/244/237 250/250/243
f 244/244/237 251/251/244 250/250/243
f 248/248/241 250/250/243 251/251/244
f 251/251/244 244/244/237 252/252/245
f 253/253/246 251/251/244 252/252/245
f 251/251/244 254/254/247 248/248/241
f 253/253/246 254/254/247 251/251/244
f 249/249/242 248/248/241 255/255/248
f 248/248/241 254/254/247 255/255/248
f 255/255/248 256/256/249 249/249/242
f 254/254/247 253/253/246 257/257/250
f 255/255/248 258/258/251 256/256/249
f 258/258/251 259/259/252 256/256/249
f 260/260/253 255/255/248 254/254/247
f 255/255/248 260/260/253 258/258/251
f 261/261/254 254/254/247 257/257/250
f 254/254/247 261/261/254 260/260/253
f 253/253/246 262/262/255 257/257/250
f 262/262/255 261/261/254 257/257/250
f 253/253/246 263/263/256 262/262/255
f 259/259/252 258/258/251 264/264/257
f 259/259/252 264/264/257 265/265/258
f 264/264/257 266/266/259 265/265/258
f 261/261/254 262/262/255 267/267/260
f 263/263/256 267/267/260 262/262/255
f 267/267/260 268/268/261 261/261/254
f 268/268/261 260/260/253 261/261/254
f 267/267/260 263/263/256 269/269/262
f 268/268/261 267/267/260 270/270/263
f 270/270/263 267/267/260 269/269/262
f 263/263/256 271/271/264 269/269/262
f 272/272/265 268/268/261 270/270/263
f 273/273/266 270/270/263 269/269/262
f 273/273/266 272/272/265 270/270/263
f 274/274/267 269/269/262 271/271/264
f 269/269/262 274/274/267 273/273/266
f 271/271/264 275/275/268 274/274/267
f 276/276/269 275/275/268 271/271/264
f 277/277/270 274/274/267 275/275/268
f 277/277/270 275/275/268 276/276/269
f 273/273/266 274/274/267 278/278/271
f 278/278/271 274/274/267 277/277/270
f 279/279/272 278/278/271 277/277/270
f 276/276/269 279/279/272 277/277/270
f 278/278/271 280/280/273 273/273/266
f 281/281/274 276/276/269 271/271/264
f 271/271/264 282/282/275 281/281/274
f 283/283/276 276/276/269 281/281/274
f 284/284/277 281/281/274 282/282/275
f 282/282/275 285/285/278 284/284/277
f 281/281/274 284/284/277 286/286/279
f 286/286/279 283/283/276 281/281/274
f 287/287/280 284/284/277 285/285/278
f 284/284/277 287/287/280 286/286/279
f 288/288/281 287/287/280 285/285/278
f 286/286/279 287/287/280 289/289/282
f 283/283/276 286/286/279 289/289/282
f 287/287/280 288/288/281 290/290/283
f 289/289/282 287/287/280 290/290/283
f 291/291/284 290/290/283 288/288/281
f 289/289/282 292/292/285 283/283/276
f 292/292/285 289/289/282 290/290/283
f 290/290/283 291/291/284 293/293/286
f 292/292/285 290/290/283 293/293/286
f 294/294/287 293/293/286 291/291/284
f 293/293/286 294/294/287 295/295/288
f 292/292/285 293/293/286 295/295/288
f 292/292/285 295/295/288 296/296/289
f 297/297/290 292/292/285 296/296/289
f 292/292/285 297/297/290 298/298/291
f 299/299/292 298/298/291 297/297/290
f 300/300/293 292/292/285 298/298/291
f 300/300/293 283/283/276 292/292/285
f 298/298/291 299/299/292 301/301/294
f 300/300/293 298/298/291 301/301/294
f 302/302/295 301/301/294 299/299/292
f 299/299/292 303/303/296 302/302/295
f 304/304/297 300/300/293 301/301/294
f 304/304/297 301/301/294 302/302/295
f 305/305/298 283/283/276 300/300/293
f 300/300/293 304/304/297 305/305/298
f 276/276/269 283/283/276 305/305/298
f 305/305/298 279/279/272 276/276/269
f 303/303/296 306/306/299 302/302/295
f 306/306/299 303/303/296 307/307/300
f 304/304/297 302/302/295 308/308/301
f 304/304/297 309/309/302 305/305/298
f 279/279/272 305/305/298 309/309/302
f 309/309/302 304/304/297 308/308/301
f 308/308/301 302/302/295 310/310/303
f 310/310/303 309/309/302 308/308/301
f 306/306/299 310/310/303 302/302/295
f 311/311/304 279/279/272 309/309/302
f 309/309/302 310/310/303 311/311/304
f 310/310/303 306/306/299 312/312/305
f 312/312/305 311/311/304 310/310/303
f 313/313/306 314/314/307 315/315/308
f 314/314/307 313/313/306 316/316/309
f 315/315/308 317/317/310 313/313/306
f 317/317/310 315/315/308 318/318/311
f 316/316/309 313/313/306 319/319/312
f 318/318/311 320/320/313 317/317/310
f 321/321/314 320/320/313 318/318/311
f 322/322/315 313/313/306 317/317/310
f 320/320/313 322/322/315 317/317/310
f 321/321/314 323/323/316 320/320/313
f 313/313/306 322/322/315 324/324/78
f 324/324/78 319/319/312 313/313/306
f 322/322/315 320/320/313 325/325/317
f 326/326/318 320/320/313 323/323/316
f 320/320/313 326/326/318 325/325/317
f 325/325/317 326/326/318 327/327/76
f 319/319/312 324/324/78 328/328/79
f 329/329/319 319/319/312 328/328/79
f 319/319/312 330/330/320 316/316/309
f 329/329/319 331/331/321 319/319/312
f 330/330/320 319/319/312 331/331/321
f 331/331/321 329/329/319 332/332/89
f 331/331/321 333/333/322 330/330/320
f 332/332/89 334/334/323 331/331/321
f 333/333/322 331/331/321 334/334/323
f 334/334/323 332/332/89 335/335/324
f 334/334/323 336/336/325 333/333/322
f 335/335/324 337/337/326 334/334/323
f 336/336/325 334/334/323 337/337/326
f 337/337/326 335/335/324 338/338/327
f 337/337/326 339/339/328 336/336/325
f 338/338/327 339/339/328 337/337/326
f 339/339/328 338/338/327 340/340/329
f 340/340/329 341/341/330 339/339/328
f 342/342/331 343/343/332 344/344/333
f 344/344/333 343/343/332 345/345/334
f 346/346/335 344/344/333 345/345/334
f 342/342/331 347/347/336 343/343/332
f 347/347/336 348/348/337 343/343/332
f 347/347/336 349/349/338 348/348/337
f 344/344/333 346/346/335 350/350/339
f 350/350/339 346/346/335 351/351/340
f 351/351/340 352/352/341 350/350/339
f 352/352/341 353/353/342 350/350/339
f 352/352/341 354/354/343 353/353/342
f 350/350/339 355/355/344 344/344/333
f 355/355/344 342/342/331 344/344/333
f 353/353/342 356/356/345 350/350/339
f 356/356/345 355/355/344 350/350/339
f 356/356/345 353/353/342 357/357/346
f 342/342/331 355/355/344 358/358/347
f 347/347/336 342/342/331 358/358/347
f 355/355/344 356/356/345 359/359/348
f 357/357/346 359/359/348 356/356/345
f 359/359/348 358/358/347 355/355/344
f 359/359/348 357/357/346 360/360/349
f 347/347/336 358/358/347 359/359/348
f 361/361/350 359/359/348 360/360/349
f 361/361/350 347/347/336 359/359/348
f 362/362/351 347/347/336 361/361/350
f 347/347/336 362/362/351 363/363/352
f 349/349/338 347/347/336 363/363/352
f 364/364/353 363/363/352 362/362/351
f 363/363/352 365/365/354 349/349/338
f 364/364/353 365/365/354 363/363/352
f 364/364/353 366/366/355 365/365/354
f 366/366/355 364/364/353 367/367/356
f 366/366/355 367/367/356 368/368/357
f 368/368/357 369/369/358 366/366/355
f 369/369/358 368/368/357 370/370/359
f 368/368/357 371/371/360 370/370/359
f 370/370/359 372/372/361 369/369/358
f 369/369/358 372/372/361 373/373/362
f 374/374/363 375/375/364 376/376/365
f 377/377/366 378/378/367 379/379/368
f 378/378/367 377/377/366 380/380/369
f 381/381/370 379/379/368 378/378/367
f 378/378/367 382/382/314 381/381/370
f 383/383/371 379/379/368 384/384/372
f 375/375/364 383/383/371 384/384/372
f 379/379/368 381/381/370 384/384/372
f 382/382/314 385/385/373 381/381/370
f 384/384/372 386/386/374 375/375/364
f 386/386/374 376/376/365 375/375/364
f 381/381/370 387/387/375 384/384/372
f 386/386/374 384/384/372 387/387/375
f 385/385/373 388/388/376 381/381/370
f 388/388/376 387/387/375 381/381/370
f 385/385/373 389/389/377 388/388/376
f 389/389/377 387/387/375 388/388/376
f 389/389/377 385/385/373 390/390/378
f 387/387/375 391/391/379 386/386/374
f 386/386/374 391/391/379 376/376/365
f 389/389/377 391/391/379 387/387/375
f 392/392/380 376/376/365 391/391/379
f 389/389/377 392/392/380 391/391/379
f 390/390/378 393/393/381 389/389/377
f 393/393/381 390/390/378 394/394/307
f 394/394/307 395/395/382 393/393/381
f 396/396/383 389/389/377 393/393/381
f 392/392/380 389/389/377 396/396/383
f 397/397/384 393/393/381 395/395/382
f 397/397/384 396/396/383 393/393/381
f 395/395/382 398/398/385 397/397/384
f 398/398/385 395/395/382 399/399/320
f 400/400/322 398/398/385 399/399/320
f 401/401/386 398/398/385 400/400/322
f 402/402/387 392/392/380 396/396/383
f 403/403/388 392/392/380 402/402/387
f 404/404/389 403/403/388 402/402/387
f 405/405/390 402/402/387 396/396/383
f 396/396/383 397/397/384 405/405/390
f 404/404/389 402/402/387 406/406/391
f 402/402/387 405/405/390 406/406/391
f 404/404/389 406/406/391 407/407/392
f 408/408/393 404/404/389 407/407/392
f 405/405/390 409/409/394 406/406/391
f 406/406/391 409/409/394 407/407/392
f 405/405/390 397/397/384 410/410/395
f 398/398/385 410/410/395 397/397/384
f 409/409/394 405/405/390 410/410/395
f 410/410/395 398/398/385 411/411/396
f 411/411/396 409/409/394 410/410/395
f 401/401/386 411/411/396 398/398/385
f 411/411/396 401/401/386 412/412/397
f 412/412/397 413/413/398 411/411/396
f 411/411/396 413/413/398 409/409/394
f 413/413/398 412/412/397 414/414/399
f 413/413/398 415/415/400 409/409/394
f 407/407/392 409/409/394 415/415/400
f 414/414/399 416/416/401 413/413/398
f 415/415/400 413/413/398 416/416/401
f 416/416/401 414/414/399 417/417/402
f 418/418/403 407/407/392 415/415/400
f 416/416/401 418/418/403 415/415/400
f 407/407/392 418/418/403 408/408/393
f 416/416/401 417/417/402 419/419/404
f 418/418/403 416/416/401 419/419/404
f 420/420/405 419/419/404 417/417/402
f 421/421/406 408/408/393 418/418/403
f 419/419/404 421/421/406 418/418/403
f 420/420/405 422/422/407 419/419/404
f 421/421/406 419/419/404 422/422/407
f 422/422/407 420/420/405 423/423/408
f 421/421/406 422/422/407 424/424/409
f 425/425/410 421/421/406 424/424/409
f 422/422/407 423/423/408 426/426/411
f 424/424/409 422/422/407 426/426/411
f 426/426/411 423/423/408 427/427/412
f 424/424/409 428/428/413 425/425/410
f 429/429/414 425/425/410 428/428/413
f 426/426/411 430/430/415 424/424/409
f 428/428/413 424/424/409 430/430/415
f 431/431/416 426/426/411 427/427/412
f 430/430/415 426/426/411 431/431/416
f 427/427/412 432/432/417 431/431/416
f 433/433/418 429/429/414 428/428/413
f 434/434/419 430/430/415 431/431/416
f 434/434/419 431/431/416 432/432/417
f 432/432/417 435/435/351 434/434/419
f 435/435/351 432/432/417 436/436/353
f 430/430/415 434/434/419 437/437/420
f 435/435/351 437/437/420 434/434/419
f 430/430/415 437/437/420 428/428/413
f 437/437/420 435/435/351 438/438/421
f 439/439/422 428/428/413 437/437/420
f 439/439/422 437/437/420 438/438/421
f 433/433/418 428/428/413 439/439/422
f 438/438/421 440/440/349 439/439/422
f 440/440/349 433/433/418 439/439/422
f 433/433/418 440/440/349 441/441/423
f 442/442/424 433/433/418 441/441/423
f 443/443/425 433/433/418 442/442/424
f 442/442/424 444/444/426 443/443/425
f 441/441/423 445/445/342 442/442/424
f 444/444/426 442/442/424 446/446/427
f 445/445/342 446/446/427 442/442/424
f 445/445/342 447/447/428 446/446/427
f 448/448/429 449/449/430 450/450/431
f 451/451/432 448/448/429 450/450/431
f 450/450/431 452/452/433 451/451/432
f 450/450/431 453/453/434 452/452/433
f 451/451/432 452/452/433 453/453/434
f 454/454/435 448/448/429 451/451/432
f 450/450/431 455/455/436 453/453/434
f 455/455/436 450/450/431 449/449/430
f 455/455/436 449/449/430 456/456/437
f 449/449/430 448/448/429 457/457/438
f 454/454/435 458/458/439 448/448/429
f 448/448/429 458/458/439 457/457/438
f 457/457/438 459/459/440 449/449/430
f 459/459/440 456/456/437 449/449/430
f 459/459/440 457/457/438 460/460/441
f 457/457/438 461/461/442 460/460/441
f 461/461/442 457/457/438 458/458/439
f 460/460/441 462/462/443 459/459/440
f 460/460/441 461/461/442 462/462/443
f 459/459/440 463/463/444 456/456/437
f 463/463/444 459/459/440 462/462/443
f 464/464/445 456/456/437 463/463/444
f 458/458/439 465/465/446 461/461/442
f 466/466/447 464/464/445 463/463/444
f 462/462/443 466/466/447 463/463/444
f 456/456/437 464/464/445 467/467/448
f 461/461/442 468/468/449 462/462/443
f 464/464/445 466/466/447 469/469/450
f 462/462/443 470/470/451 466/466/447
f 469/469/450 466/466/447 470/470/451
f 471/471/452 470/470/451 462/462/443
f 462/462/443 468/468/449 471/471/452
f 470/470/451 472/472/453 469/469/450
f 469/469/450 473/473/454 464/464/445
f 473/473/454 467/467/448 464/464/445
f 473/473/454 469/469/450 474/474/455
f 474/474/455 469/469/450 472/472/453
f 473/473/454 475/475/456 467/467/448
f 476/476/457 473/473/454 474/474/455
f 475/475/456 473/473/454 476/476/457
f 50/50/49 477/477/458 51/51/50
f 47/47/46 51/51/50 477/477/458
f 48/48/47 477/477/458 50/50/49
f 477/477/458 478/478/459 47/47/46
f 48/48/47 479/479/460 477/477/458
f 478/478/459 477/477/458 479/479/460
f 480/480/461 47/47/46 478/478/459
f 47/47/46 480/480/461 481/481/462
f 479/479/460 482/482/463 478/478/459
f 482/482/463 480/480/461 478/478/459
f 48/48/47 483/483/464 479/479/460
f 484/484/465 481/481/462 480/480/461
f 481/481/462 484/484/465 485/485/40
f 484/484/465 486/486/466 485/485/40
f 487/487/467 486/486/466 484/484/465
f 488/488/468 487/487/467 484/484/465
f 480/480/461 488/488/468 484/484/465
f 489/489/469 487/487/467 488/488/468
f 488/488/468 480/480/461 490/490/470
f 480/480/461 482/482/463 490/490/470
f 491/491/471 489/489/469 488/488/468
f 492/492/472 489/489/469 491/491/471
f 493/493/473 488/488/468 490/490/470
f 482/482/463 493/493/473 490/490/470
f 493/493/473 491/491/471 488/488/468
f 494/494/474 492/492/472 491/491/471
f 495/495/475 492/492/472 494/494/474
f 491/491/471 493/493/473 496/496/476
f 495/495/475 494/494/474 497/497/477
f 498/498/478 495/495/475 497/497/477
f 499/499/479 494/494/474 491/491/471
f 491/491/471 496/496/476 499/499/479
f 494/494/474 500/500/480 497/497/477
f 499/499/479 500/500/480 494/494/474
f 501/501/481 498/498/478 497/497/477
f 497/497/477 500/500/480 501/501/481
f 502/502/482 498/498/478 501/501/481
f 503/503/483 496/496/476 493/493/473
f 482/482/463 503/503/483 493/493/473
f 504/504/484 499/499/479 496/496/476
f 503/503/483 504/504/484 496/496/476
f 505/505/485 503/503/483 482/482/463
f 482/482/463 479/479/460 505/505/485
f 503/503/483 506/506/486 504/504/484
f 503/503/483 505/505/485 506/506/486
f 499/499/479 504/504/484 507/507/487
f 506/506/486 507/507/487 504/504/484
f 483/483/464 505/505/485 479/479/460
f 499/499/479 507/507/487 508/508/488
f 500/500/480 499/499/479 508/508/488
f 507/507/487 506/506/486 509/509/489
f 509/509/489 508/508/488 507/507/487
f 508/508/488 510/510/490 500/500/480
f 508/508/488 509/509/489 511/511/491
f 511/511/491 510/510/490 508/508/488
f 506/506/486 505/505/485 512/512/492
f 505/505/485 483/483/464 512/512/492
f 509/509/489 506/506/486 513/513/493
f 512/512/492 513/513/493 506/506/486
f 509/509/489 514/514/494 511/511/491
f 514/514/494 509/509/489 513/513/493
f 515/515/495 511/511/491 514/514/494
f 510/510/490 511/511/491 515/515/495
f 513/513/493 516/516/496 514/514/494
f 516/516/496 515/515/495 514/514/494
f 512/512/492 516/516/496 513/513/493
f 501/501/481 500/500/480 510/510/490
f 512/512/492 517/517/497 516/516/496
f 518/518/498 501/501/481 510/510/490
f 519/519/499 510/510/490 515/515/495
f 510/510/490 519/519/499 518/518/498
f 515/515/495 516/516/496 520/520/500
f 519/519/499 515/515/495 520/520/500
f 521/521/501 518/518/498 519/519/499
f 520/520/500 521/521/501 519/519/499
f 522/522/502 501/501/481 518/518/498
f 518/518/498 521/521/501 522/522/502
f 501/501/481 522/522/502 523/523/503
f 523/523/503 502/502/482 501/501/481
f 502/502/482 523/523/503 524/524/504
f 525/525/505 524/524/504 523/523/503
f 526/526/506 524/524/504 525/525/505
f 523/523/503 527/527/507 525/525/505
f 527/527/507 523/523/503 522/522/502
f 522/522/502 528/528/340 527/527/507
f 521/521/501 528/528/340 522/522/502
f 529/529/508 528/528/340 521/521/501
f 521/521/501 530/530/509 529/529/508
f 530/530/509 521/521/501 520/520/500
f 531/531/510 529/529/508 530/530/509
f 530/530/509 532/532/511 531/531/510
f 520/520/500 532/532/511 530/530/509
f 532/532/511 533/533/512 531/531/510
f 534/534/513 533/533/512 532/532/511
f 535/535/514 533/533/512 534/534/513
f 534/534/513 536/536/515 535/535/514
f 532/532/511 537/537/516 534/534/513
f 532/532/511 520/520/500 538/538/517
f 537/537/516 532/532/511 538/538/517
f 538/538/517 520/520/500 539/539/518
f 539/539/518 520/520/500 540/540/519
f 516/516/496 540/540/519 520/520/500
f 541/541/520 538/538/517 539/539/518
f 538/538/517 541/541/520 537/537/516
f 540/540/519 516/516/496 517/517/497
f 539/539/518 540/540/519 542/542/521
f 539/539/518 542/542/521 541/541/520
f 517/517/497 542/542/521 540/540/519
f 541/541/520 542/542/521 543/543/522
f 517/517/497 543/543/522 542/542/521
f 541/541/520 543/543/522 537/537/516
f 537/537/516 544/544/523 534/534/513
f 534/534/513 544/544/523 536/536/515
f 545/545/524 537/537/516 543/543/522
f 545/545/524 544/544/523 537/537/516
f 536/536/515 546/546/525 547/547/514
f 546/546/525 536/536/515 548/548/526
f 536/536/515 549/549/527 548/548/526
f 549/549/527 536/536/515 544/544/523
f 544/544/523 550/550/528 549/549/527
f 544/544/523 551/551/529 550/550/528
f 544/544/523 545/545/524 551/551/529
f 551/551/529 545/545/524 552/552/530
f 545/545/524 553/553/531 552/552/530
f 545/545/524 554/554/532 553/553/531
f 543/543/522 554/554/532 545/545/524
f 554/554/532 555/555/533 553/553/531
f 554/554/532 543/543/522 556/556/534
f 543/543/522 517/517/497 556/556/534
f 555/555/533 554/554/532 557/557/535
f 557/557/535 558/558/536 555/555/533
f 559/559/537 554/554/532 556/556/534
f 554/554/532 559/559/537 557/557/535
f 517/517/497 560/560/538 556/556/534
f 559/559/537 556/556/534 560/560/538
f 512/512/492 560/560/538 517/517/497
f 559/559/537 561/561/539 557/557/535
f 560/560/538 561/561/539 559/559/537
f 557/557/535 562/562/540 558/558/536
f 561/561/539 562/562/540 557/557/535
f 562/562/540 563/563/541 558/558/536
f 512/512/492 564/564/542 560/560/538
f 564/564/542 512/512/492 483/483/464
f 565/565/543 560/560/538 564/564/542
f 561/561/539 560/560/538 565/565/543
f 562/562/540 566/566/544 563/563/541
f 566/566/544 567/567/545 563/563/541
f 561/561/539 568/568/546 562/562/540
f 568/568/546 566/566/544 562/562/540
f 567/567/545 566/566/544 569/569/547
f 569/569/547 570/570/548 567/567/545
f 566/566/544 568/568/546 571/571/549
f 566/566/544 571/571/549 569/569/547
f 568/568/546 561/561/539 572/572/550
f 572/572/550 571/571/549 568/568/546
f 561/561/539 573/573/551 572/572/550
f 565/565/543 573/573/551 561/561/539
f 571/571/549 572/572/550 574/574/552
f 573/573/551 574/574/552 572/572/550
f 573/573/551 565/565/543 575/575/553
f 575/575/553 574/574/552 573/573/551
f 564/564/542 575/575/553 565/565/543
f 575/575/553 564/564/542 576/576/554
f 574/574/552 575/575/553 576/576/554
f 483/483/464 576/576/554 564/564/542
f 571/571/549 574/574/552 577/577/555
f 483/483/464 578/578/556 576/576/554
f 48/48/47 578/578/556 483/483/464
f 578/578/556 48/48/47 1/1/1
f 3/3/3 578/578/556 1/1/1
f 576/576/554 578/578/556 579/579/557
f 579/579/557 574/574/552 576/576/554
f 578/578/556 3/3/3 579/579/557
f 574/574/552 579/579/557 577/577/555
f 579/579/557 3/3/3 580/580/558
f 579/579/557 580/580/558 577/577/555
f 6/6/5 580/580/558 3/3/3
f 580/580/558 6/6/5 581/581/559
f 581/581/559 6/6/5 582/582/560
f 582/582/560 583/583/561 581/581/559
f 580/580/558 581/581/559 584/584/562
f 580/580/558 584/584/562 577/577/555
f 581/581/559 583/583/561 585/585/563
f 581/581/559 585/585/563 584/584/562
f 585/585/563 583/583/561 586/586/564
f 586/586/564 587/587/15 585/585/563
f 585/585/563 588/588/565 584/584/562
f 588/588/565 585/585/563 587/587/15
f 584/584/562 589/589/566 577/577/555
f 589/589/566 584/584/562 588/588/565
f 577/577/555 589/589/566 571/571/549
f 571/571/549 589/589/566 569/569/547
f 569/569/547 589/589/566 570/570/548
f 588/588/565 570/570/548 589/589/566
f 570/570/548 588/588/565 590/590/567
f 587/587/15 590/590/567 588/588/565
f 590/590/567 587/587/15 591/591/18
f 592/592/568 593/593/569 594/594/570
f 594/594/570 595/595/367 592/592/568
f 595/595/367 596/596/571 592/592/568
f 596/596/571 595/595/367 597/597/369
f 596/596/571 598/598/572 592/592/568
f 598/598/572 596/596/571 599/599/573
f 600/600/574 593/593/569 592/592/568
f 600/600/574 592/592/568 598/598/572
f 593/593/569 601/601/575 594/594/570
f 600/600/574 601/601/575 593/593/569
f 602/602/576 598/598/572 599/599/573
f 603/603/577 594/594/570 601/601/575
f 594/594/570 603/603/577 604/604/316
f 601/601/575 600/600/574 605/605/578
f 598/598/572 606/606/579 600/600/574
f 606/606/579 605/605/578 600/600/574
f 601/601/575 605/605/578 607/607/580
f 601/601/575 607/607/580 603/603/577
f 605/605/578 606/606/579 608/608/581
f 607/607/580 605/605/578 608/608/581
f 598/598/572 609/609/582 606/606/579
f 609/609/582 608/608/581 606/606/579
f 610/610/583 609/609/582 598/598/572
f 598/598/572 602/602/576 610/610/583
f 602/602/576 611/611/584 610/610/583
f 609/609/582 610/610/583 612/612/585
f 612/612/585 610/610/583 611/611/584
f 611/611/584 602/602/576 613/613/586
f 612/612/585 614/614/587 609/609/582
f 608/608/581 609/609/582 614/614/587
f 615/615/588 611/611/584 613/613/586
f 615/615/588 613/613/586 616/616/589
f 617/617/590 612/612/585 611/611/584
f 618/618/591 611/611/584 615/615/588
f 618/618/591 617/617/590 611/611/584
f 616/616/589 619/619/592 615/615/588
f 619/619/592 618/618/591 615/615/588
f 619/619/592 616/616/589 620/620/593
f 620/620/593 621/621/594 619/619/592
f 621/621/594 620/620/593 622/622/595
f 623/623/596 621/621/594 622/622/595
f 621/621/594 623/623/596 624/624/284
f 625/625/597 621/621/594 624/624/284
f 621/621/594 625/625/597 285/285/278
f 626/626/598 619/619/592 621/621/594
f 618/618/591 619/619/592 626/626/598
f 285/285/278 626/626/598 621/621/594
f 626/626/598 627/627/599 618/618/591
f 617/617/590 618/618/591 627/627/599
f 285/285/278 282/282/275 626/626/598
f 627/627/599 626/626/598 282/282/275
f 627/627/599 628/628/600 617/617/590
f 628/628/600 612/612/585 617/617/590
f 271/271/264 627/627/599 282/282/275
f 627/627/599 271/271/264 628/628/600
f 612/612/585 628/628/600 629/629/601
f 614/614/587 612/612/585 629/629/601
f 628/628/600 630/630/602 629/629/601
f 630/630/602 628/628/600 271/271/264
f 614/614/587 629/629/601 631/631/603
f 629/629/601 630/630/602 631/631/603
f 614/614/587 631/631/603 608/608/581
f 608/608/581 631/631/603 632/632/604
f 608/608/581 632/632/604 607/607/580
f 630/630/602 263/263/256 631/631/603
f 271/271/264 263/263/256 630/630/602
f 631/631/603 252/252/245 632/632/604
f 632/632/604 252/252/245 607/607/580
f 263/263/256 253/253/246 631/631/603
f 631/631/603 253/253/246 252/252/245
f 633/633/605 607/607/580 252/252/245
f 633/633/605 634/634/606 607/607/580
f 634/634/606 603/603/577 607/607/580
f 633/633/605 252/252/245 244/244/237
f 603/603/577 634/634/606 635/635/607
f 635/635/607 604/604/316 603/603/577
f 604/604/316 635/635/607 636/636/318
f 636/636/318 635/635/607 637/637/608
f 634/634/606 638/638/609 635/635/607
f 635/635/607 638/638/609 637/637/608
f 633/633/605 639/639/610 634/634/606
f 638/638/609 634/634/606 639/639/610
f 639/639/610 633/633/605 243/243/236
f 633/633/605 244/244/237 243/243/236
f 640/640/611 637/637/608 638/638/609
f 639/639/610 640/640/611 638/638/609
f 641/641/612 637/637/608 640/640/611
f 641/641/612 640/640/611 245/245/238
f 640/640/611 639/639/610 242/242/235
f 242/242/235 639/639/610 243/243/236
f 242/242/235 245/245/238 640/640/611
f 642/642/613 200/200/197 643/643/614
f 644/644/204 643/643/614 645/645/203
f 643/643/614 204/204/201 645/645/203
f 646/646/615 644/644/204 647/647/616
f 643/643/614 644/644/204 648/648/617
f 644/644/204 646/646/615 648/648/617
f 648/648/617 642/642/613 643/643/614
f 646/646/615 649/649/618 648/648/617
f 648/648/617 649/649/618 642/642/613
f 646/646/615 650/650/619 649/649/618
f 643/643/614 201/201/198 204/204/201
f 201/201/198 643/643/614 200/200/197
f 651/651/620 649/649/618 650/650/619
f 650/650/619 652/652/621 651/651/620
f 653/653/622 649/649/618 651/651/620
f 649/649/618 653/653/622 642/642/613
f 652/652/621 654/654/623 651/651/620
f 654/654/623 652/652/621 655/655/624
f 654/654/623 655/655/624 656/656/625
f 657/657/626 651/651/620 654/654/623
f 651/651/620 657/657/626 653/653/622
f 658/658/627 654/654/623 656/656/625
f 654/654/623 659/659/628 657/657/626
f 658/658/627 659/659/628 654/654/623
f 660/660/629 658/658/627 656/656/625
f 660/660/629 659/659/628 658/658/627
f 656/656/625 661/661/630 660/660/629
f 659/659/628 662/662/631 657/657/626
f 662/662/631 653/653/622 657/657/626
f 653/653/622 662/662/631 663/663/632
f 642/642/613 653/653/622 663/663/632
f 663/663/632 662/662/631 664/664/633
f 642/642/613 663/663/632 664/664/633
f 665/665/634 662/662/631 659/659/628
f 662/662/631 665/665/634 664/664/633
f 666/666/635 665/665/634 659/659/628
f 659/659/628 660/660/629 666/666/635
f 665/665/634 667/667/636 664/664/633
f 667/667/636 642/642/613 664/664/633
f 667/667/636 665/665/634 668/668/637
f 666/666/635 668/668/637 665/665/634
f 669/669/638 642/642/613 667/667/636
f 668/668/637 669/669/638 667/667/636
f 200/200/197 642/642/613 669/669/638
f 669/669/638 668/668/637 172/172/169
f 669/669/638 175/175/172 200/200/197
f 175/175/172 669/669/638 172/172/169
f 668/668/637 147/147/144 172/172/169
f 668/668/637 666/666/635 146/146/143
f 146/146/143 147/147/144 668/668/637
f 666/666/635 670/670/639 146/146/143
f 666/666/635 671/671/640 670/670/639
f 666/666/635 660/660/629 671/671/640
f 144/144/141 146/146/143 670/670/639
f 671/671/640 672/672/641 670/670/639
f 670/670/639 672/672/641 144/144/141
f 671/671/640 143/143/140 672/672/641
f 143/143/140 144/144/141 672/672/641
f 660/660/629 673/673/642 671/671/640
f 661/661/630 673/673/642 660/660/629
f 673/673/642 661/661/630 674/674/643
f 675/675/644 673/673/642 674/674/643
f 671/671/640 673/673/642 676/676/645
f 143/143/140 671/671/640 676/676/645
f 673/673/642 675/675/644 677/677/646
f 677/677/646 675/675/644 678/678/647
f 673/673/642 679/679/648 676/676/645
f 679/679/648 143/143/140 676/676/645
f 673/673/642 677/677/646 679/679/648
f 680/680/649 677/677/646 678/678/647
f 143/143/140 679/679/648 134/134/132
f 677/677/646 681/681/650 679/679/648
f 681/681/650 134/134/132 679/679/648
f 677/677/646 682/682/651 681/681/650
f 677/677/646 680/680/649 683/683/652
f 682/682/651 677/677/646 683/683/652
f 680/680/649 135/135/133 683/683/652
f 683/683/652 684/684/653 682/682/651
f 684/684/653 681/681/650 682/682/651
f 684/684/653 683/683/652 135/135/133
f 135/135/133 680/680/649 685/685/225
f 136/136/134 135/135/133 685/685/225
f 681/681/650 684/684/653 132/132/130
f 134/134/132 681/681/650 132/132/130
f 684/684/653 686/686/654 132/132/130
f 686/686/654 133/133/131 132/132/130
f 686/686/654 684/684/653 133/133/131
f 135/135/133 133/133/131 684/684/653
f 307/307/300 687/687/655 306/306/299
f 687/687/655 307/307/300 688/688/656
f 687/687/655 688/688/656 689/689/657
f 687/687/655 689/689/657 690/690/658
f 279/279/272 311/311/304 691/691/659
f 279/279/272 691/691/659 278/278/271
f 280/280/273 278/278/271 691/691/659
f 692/692/660 691/691/659 311/311/304
f 280/280/273 691/691/659 692/692/660
f 311/311/304 693/693/661 692/692/660
f 311/311/304 312/312/305 693/693/661
f 692/692/660 694/694/662 280/280/273
f 693/693/661 694/694/662 692/692/660
f 312/312/305 695/695/663 693/693/661
f 694/694/662 693/693/661 695/695/663
f 695/695/663 312/312/305 696/696/664
f 696/696/664 312/312/305 306/306/299
f 687/687/655 696/696/664 306/306/299
f 697/697/665 695/695/663 696/696/664
f 696/696/664 687/687/655 697/697/665
f 698/698/666 694/694/662 695/695/663
f 697/697/665 698/698/666 695/695/663
f 697/697/665 687/687/655 699/699/667
f 697/697/665 699/699/667 698/698/666
f 690/690/658 699/699/667 687/687/655
f 699/699/667 690/690/658 700/700/668
f 700/700/668 701/701/669 699/699/667
f 701/701/669 698/698/666 699/699/667
f 694/694/662 698/698/666 702/702/670
f 698/698/666 701/701/669 702/702/670
f 702/702/670 280/280/273 694/694/662
f 280/280/273 702/702/670 703/703/671
f 701/701/669 703/703/671 702/702/670
f 703/703/671 273/273/266 280/280/273
f 703/703/671 272/272/265 273/273/266
f 703/703/671 701/701/669 272/272/265
f 701/701/669 704/704/672 272/272/265
f 704/704/672 701/701/669 705/705/673
f 706/706/674 272/272/265 704/704/672
f 272/272/265 706/706/674 268/268/261
f 705/705/673 707/707/675 704/704/672
f 707/707/675 705/705/673 708/708/658
f 707/707/675 708/708/658 709/709/676
f 710/710/677 709/709/676 711/711/678
f 709/709/676 710/710/677 707/707/675
f 707/707/675 712/712/679 704/704/672
f 704/704/672 712/712/679 706/706/674
f 713/713/680 707/707/675 710/710/677
f 710/710/677 266/266/259 713/713/680
f 264/264/257 713/713/680 266/266/259
f 714/714/681 707/707/675 713/713/680
f 712/712/679 707/707/675 714/714/681
f 715/715/682 713/713/680 264/264/257
f 713/713/680 715/715/682 714/714/681
f 712/712/679 714/714/681 716/716/683
f 714/714/681 715/715/682 716/716/683
f 706/706/674 712/712/679 716/716/683
f 264/264/257 717/717/684 715/715/682
f 716/716/683 715/715/682 717/717/684
f 717/717/684 264/264/257 258/258/251
f 258/258/251 260/260/253 717/717/684
f 260/260/253 268/268/261 706/706/674
f 717/717/684 718/718/685 716/716/683
f 717/717/684 260/260/253 718/718/685
f 718/718/685 706/706/674 716/716/683
f 706/706/674 719/719/686 260/260/253
f 260/260/253 719/719/686 718/718/685
f 706/706/674 718/718/685 719/719/686
f 720/720/687 721/721/688 722/722/689
f 721/721/688 723/723/690 722/722/689
f 724/724/691 720/720/687 722/722/689
f 725/725/692 724/724/691 722/722/689
f 722/722/689 723/723/690 725/725/692
f 725/725/692 723/723/690 726/726/693
f 727/727/694 724/724/691 725/725/692
f 727/727/694 725/725/692 726/726/693
f 723/723/690 728/728/695 726/726/693
f 729/729/696 723/723/690 721/721/688
f 723/723/690 729/729/696 728/728/695
f 728/728/695 730/730/697 726/726/693
f 731/731/698 729/729/696 721/721/688
f 721/721/688 732/732/699 731/731/698
f 444/444/426 729/729/696 731/731/698
f 731/731/698 732/732/699 444/444/426
f 732/732/699 721/721/688 733/733/700
f 721/721/688 720/720/687 733/733/700
f 732/732/699 733/733/700 734/734/701
f 443/443/425 732/732/699 734/734/701
f 732/732/699 443/443/425 444/444/426
f 735/735/702 734/734/701 733/733/700
f 443/443/425 734/734/701 735/735/702
f 733/733/700 429/429/414 735/735/702
f 429/429/414 443/443/425 735/735/702
f 720/720/687 736/736/703 733/733/700
f 733/733/700 736/736/703 429/429/414
f 720/720/687 737/737/704 736/736/703
f 429/429/414 736/736/703 425/425/410
f 737/737/704 425/425/410 736/736/703
f 738/738/705 737/737/704 720/720/687
f 720/720/687 724/724/691 738/738/705
f 443/443/425 429/429/414 433/433/418
f 739/739/706 738/738/705 724/724/691
f 739/739/706 737/737/704 738/738/705
f 739/739/706 724/724/691 740/740/707
f 724/724/691 741/741/708 740/740/707
f 737/737/704 739/739/706 742/742/709
f 724/724/691 727/727/694 741/741/708
f 743/743/710 739/739/706 740/740/707
f 741/741/708 743/743/710 740/740/707
f 739/739/706 744/744/711 742/742/709
f 737/737/704 742/742/709 745/745/712
f 744/744/711 745/745/712 742/742/709
f 745/745/712 746/746/713 737/737/704
f 744/744/711 739/739/706 747/747/714
f 747/747/714 739/739/706 743/743/710
f 745/745/712 744/744/711 748/748/715
f 747/747/714 749/749/716 744/744/711
f 749/749/716 748/748/715 744/744/711
f 748/748/715 750/750/717 745/745/712
f 746/746/713 745/745/712 750/750/717
f 425/425/410 737/737/704 746/746/713
f 750/750/717 748/748/715 404/404/389
f 748/748/715 749/749/716 403/403/388
f 403/403/388 404/404/389 748/748/715
f 408/408/393 746/746/713 750/750/717
f 408/408/393 750/750/717 404/404/389
f 746/746/713 421/421/406 425/425/410
f 746/746/713 408/408/393 421/421/406
f 751/751/718 403/403/388 749/749/716
f 749/749/716 747/747/714 752/752/719
f 752/752/719 751/751/718 749/749/716
f 747/747/714 753/753/720 752/752/719
f 753/753/720 747/747/714 743/743/710
f 751/751/718 752/752/719 754/754/721
f 753/753/720 754/754/721 752/752/719
f 403/403/388 751/751/718 392/392/380
f 754/754/721 753/753/720 755/755/722
f 376/376/365 751/751/718 754/754/721
f 392/392/380 751/751/718 376/376/365
f 755/755/722 374/374/363 754/754/721
f 376/376/365 754/754/721 374/374/363
f 753/753/720 756/756/723 755/755/722
f 756/756/723 374/374/363 755/755/722
f 757/757/724 758/758/725 759/759/726
f 758/758/725 757/757/724 760/760/727
f 760/760/727 757/757/724 761/761/728
f 760/760/727 761/761/728 762/762/729
f 763/763/730 764/764/731 765/765/732
f 766/766/733 764/764/731 763/763/730
f 764/764/731 767/767/734 765/765/732
f 768/768/735 769/769/736 766/766/733
f 770/770/737 769/769/736 768/768/735
f 766/766/733 771/771/738 764/764/731
f 764/764/731 772/772/739 767/767/734
f 772/772/739 764/764/731 771/771/738
f 773/773/740 767/767/734 772/772/739
f 771/771/738 766/766/733 774/774/741
f 766/766/733 769/769/736 774/774/741
f 774/774/741 775/775/742 771/771/738
f 774/774/741 769/769/736 775/775/742
f 776/776/743 771/771/738 775/775/742
f 777/777/744 772/772/739 771/771/738
f 776/776/743 777/777/744 771/771/738
f 778/778/745 773/773/740 772/772/739
f 772/772/739 777/777/744 778/778/745
f 776/776/743 779/779/746 777/777/744
f 775/775/742 779/779/746 776/776/743
f 777/777/744 780/780/747 778/778/745
f 778/778/745 781/781/748 773/773/740
f 781/781/748 778/778/745 780/780/747
f 782/782/749 773/773/740 781/781/748
f 783/783/750 782/782/749 781/781/748
f 784/784/751 783/783/750 781/781/748
f 784/784/751 781/781/748 780/780/747
f 780/780/747 777/777/744 785/785/752
f 785/785/752 777/777/744 779/779/746
f 786/786/753 780/780/747 785/785/752
f 787/787/754 785/785/752 779/779/746
f 785/785/752 787/787/754 786/786/753
f 779/779/746 775/775/742 788/788/755
f 775/775/742 769/769/736 788/788/755
f 789/789/756 779/779/746 788/788/755
f 779/779/746 789/789/756 787/787/754
f 790/790/757 788/788/755 769/769/736
f 769/769/736 770/770/737 790/790/757
f 791/791/758 790/790/757 770/770/737
f 790/790/757 791/791/758 792/792/759
f 790/790/757 793/793/760 788/788/755
f 792/792/759 793/793/760 790/790/757
f 789/789/756 788/788/755 793/793/760
f 793/793/760 792/792/759 794/794/761
f 795/795/762 793/793/760 794/794/761
f 796/796/763 789/789/756 793/793/760
f 796/796/763 793/793/760 795/795/762
f 795/795/762 797/797/764 796/796/763
f 795/795/762 798/798/765 797/797/764
f 789/789/756 796/796/763 799/799/766
f 797/797/764 799/799/766 796/796/763
f 798/798/765 800/800/767 797/797/764
f 798/798/765 801/801/768 800/800/767
f 800/800/767 802/802/769 797/797/764
f 803/803/770 797/797/764 802/802/769
f 799/799/766 797/797/764 803/803/770
f 802/802/769 804/804/771 803/803/770
f 789/789/756 799/799/766 805/805/772
f 803/803/770 805/805/772 799/799/766
f 787/787/754 789/789/756 805/805/772
f 803/803/770 806/806/773 805/805/772
f 806/806/773 787/787/754 805/805/772
f 803/803/770 804/804/771 807/807/774
f 807/807/774 806/806/773 803/803/770
f 808/808/775 804/804/771 809/809/776
f 804/804/771 808/808/775 807/807/774
f 787/787/754 806/806/773 810/810/777
f 807/807/774 810/810/777 806/806/773
f 787/787/754 810/810/777 786/786/753
f 811/811/778 807/807/774 808/808/775
f 807/807/774 811/811/778 812/812/779
f 807/807/774 813/813/780 810/810/777
f 786/786/753 810/810/777 813/813/780
f 807/807/774 812/812/779 813/813/780
f 786/786/753 813/813/780 814/814/781
f 786/786/753 814/814/781 815/815/782
f 814/814/781 813/813/780 815/815/782
f 780/780/747 786/786/753 815/815/782
f 780/780/747 815/815/782 784/784/751
f 813/813/780 784/784/751 815/815/782
f 784/784/751 813/813/780 812/812/779
f 811/811/778 784/784/751 812/812/779
f 783/783/750 784/784/751 811/811/778
f 816/816/81 783/783/750 811/811/778
f 817/817/783 818/818/784 819/819/785
f 818/818/784 820/820/786 819/819/785
f 821/821/787 819/819/785 820/820/786
f 820/820/786 822/822/788 821/821/787
f 823/823/789 821/821/787 822/822/788
f 822/822/788 824/824/790 823/823/789
f 825/825/791 822/822/788 820/820/786
f 818/818/784 825/825/791 820/820/786
f 824/824/790 822/822/788 826/826/792
f 827/827/793 824/824/790 826/826/792
f 827/827/793 826/826/792 828/828/794
f 826/826/792 829/829/795 828/828/794
f 828/828/794 829/829/795 830/830/796
f 822/822/788 831/831/797 826/826/792
f 829/829/795 826/826/792 831/831/797
f 832/832/798 830/830/796 829/829/795
f 830/830/796 832/832/798 833/833/799
f 832/832/798 829/829/795 834/834/800
f 834/834/800 835/835/801 832/832/798
f 829/829/795 836/836/802 834/834/800
f 829/829/795 831/831/797 836/836/802
f 834/834/800 837/837/803 835/835/801
f 838/838/804 834/834/800 836/836/802
f 838/838/804 837/837/803 834/834/800
f 838/838/804 836/836/802 831/831/797
f 838/838/804 839/839/805 837/837/803
f 837/837/803 839/839/805 840/840/806
f 841/841/807 837/837/803 840/840/806
f 838/838/804 842/842/808 839/839/805
f 843/843/809 838/838/804 831/831/797
f 838/838/804 843/843/809 842/842/808
f 844/844/810 840/840/806 839/839/805
f 842/842/808 844/844/810 839/839/805
f 841/841/807 840/840/806 845/845/811
f 846/846/812 841/841/807 845/845/811
f 840/840/806 844/844/810 847/847/813
f 845/845/811 840/840/806 847/847/813
f 846/846/812 845/845/811 848/848/814
f 845/845/811 847/847/813 849/849/815
f 849/849/815 848/848/814 845/845/811
f 850/850/816 847/847/813 844/844/810
f 851/851/817 849/849/815 847/847/813
f 851/851/817 847/847/813 850/850/816
f 852/852/818 850/850/816 844/844/810
f 852/852/818 844/844/810 842/842/808
f 853/853/819 851/851/817 850/850/816
f 850/850/816 852/852/818 853/853/819
f 842/842/808 854/854/820 852/852/818
f 854/854/820 853/853/819 852/852/818
f 854/854/820 842/842/808 843/843/809
f 853/853/819 855/855/821 851/851/817
f 853/853/819 854/854/820 856/856/822
f 853/853/819 856/856/822 855/855/821
f 855/855/821 857/857/823 851/851/817
f 849/849/815 851/851/817 857/857/823
f 858/858/824 855/855/821 856/856/822
f 858/858/824 857/857/823 855/855/821
f 854/854/820 859/859/825 856/856/822
f 856/856/822 859/859/825 858/858/824
f 857/857/823 860/860/826 849/849/815
f 848/848/814 849/849/815 860/860/826
f 861/861/827 857/857/823 858/858/824
f 862/862/828 858/858/824 859/859/825
f 862/862/828 861/861/827 858/858/824
f 863/863/829 864/864/830 865/865/831
f 865/865/831 864/864/830 866/866/832
f 865/865/831 866/866/832 867/867/833
f 867/867/833 868/868/834 865/865/831
f 869/869/835 868/868/834 867/867/833
f 868/868/834 870/870/836 865/865/831
f 870/870/836 863/863/829 865/865/831
f 868/868/834 869/869/835 871/871/837
f 872/872/838 871/871/837 869/869/835
f 871/871/837 872/872/838 873/873/839
f 873/873/839 874/874/840 871/871/837
f 874/874/840 873/873/839 875/875/841
f 871/871/837 876/876/842 868/868/834
f 874/874/840 876/876/842 871/871/837
f 870/870/836 868/868/834 876/876/842
f 876/876/842 874/874/840 877/877/843
f 870/870/836 876/876/842 877/877/843
f 878/878/844 870/870/836 877/877/843
f 878/878/844 863/863/829 870/870/836
f 863/863/829 878/878/844 879/879/845
f 880/880/846 863/863/829 879/879/845
f 863/863/829 880/880/846 881/881/847
f 881/881/847 864/864/830 863/863/829
f 864/864/830 881/881/847 882/882/848
f 882/882/848 881/881/847 883/883/849
f 880/880/846 884/884/850 881/881/847
f 884/884/850 883/883/849 881/881/847
f 884/884/850 880/880/846 885/885/851
f 885/885/851 886/886/852 884/884/850
f 887/887/853 883/883/849 884/884/850
f 887/887/853 884/884/850 886/886/852
f 883/883/849 887/887/853 888/888/854
f 887/887/853 889/889/855 888/888/854
f 889/889/855 887/887/853 890/890/856
f 887/887/853 886/886/852 890/890/856
f 886/886/852 891/891/857 890/890/856
f 773/773/740 892/892/858 893/893/859
f 773/773/740 782/782/749 892/892/858
f 893/893/859 892/892/858 894/894/369
f 895/895/860 893/893/859 894/894/369
f 765/765/732 893/893/859 895/895/860
f 895/895/860 894/894/369 896/896/861
f 765/765/732 895/895/860 896/896/861
f 896/896/861 894/894/369 897/897/862
f 898/898/863 897/897/862 894/894/369
f 899/899/864 896/896/861 897/897/862
f 765/765/732 896/896/861 899/899/864
f 897/897/862 898/898/863 900/900/865
f 893/893/859 765/765/732 767/767/734
f 767/767/734 773/773/740 893/893/859
f 901/901/866 899/899/864 897/897/862
f 900/900/865 901/901/866 897/897/862
f 898/898/863 902/902/867 900/900/865
f 903/903/868 902/902/867 898/898/863
f 904/904/869 902/902/867 903/903/868
f 902/902/867 904/904/869 905/905/870
f 906/906/871 902/902/867 905/905/870
f 902/902/867 906/906/871 900/900/865
f 905/905/870 907/907/872 906/906/871
f 901/901/866 900/900/865 908/908/873
f 900/900/865 906/906/871 908/908/873
f 908/908/873 906/906/871 909/909/874
f 908/908/873 910/910/875 901/901/866
f 910/910/875 908/908/873 909/909/874
f 909/909/874 906/906/871 911/911/876
f 909/909/874 911/911/876 910/910/875
f 912/912/877 906/906/871 907/907/872
f 912/912/877 911/911/876 906/906/871
f 912/912/877 907/907/872 913/913/878
f 913/913/878 914/914/879 912/912/877
f 914/914/879 913/913/878 915/915/727
f 916/916/880 912/912/877 914/914/879
f 911/911/876 912/912/877 916/916/880
f 914/914/879 917/917/881 916/916/880
f 916/916/880 918/918/882 911/911/876
f 910/910/875 911/911/876 918/918/882
f 916/916/880 917/917/881 919/919/883
f 918/918/882 916/916/880 919/919/883
f 919/919/883 917/917/881 920/920/884
f 920/920/884 770/770/737 919/919/883
f 920/920/884 791/791/758 770/770/737
f 918/918/882 919/919/883 921/921/885
f 770/770/737 921/921/885 919/919/883
f 918/918/882 922/922/886 910/910/875
f 918/918/882 921/921/885 922/922/886
f 923/923/887 910/910/875 922/922/886
f 923/923/887 901/901/866 910/910/875
f 899/899/864 901/901/866 923/923/887
f 922/922/886 921/921/885 924/924/888
f 924/924/888 921/921/885 770/770/737
f 922/922/886 925/925/889 923/923/887
f 924/924/888 925/925/889 922/922/886
f 899/899/864 923/923/887 763/763/730
f 925/925/889 763/763/730 923/923/887
f 763/763/730 765/765/732 899/899/864
f 925/925/889 924/924/888 768/768/735
f 768/768/735 924/924/888 770/770/737
f 925/925/889 766/766/733 763/763/730
f 768/768/735 766/766/733 925/925/889
f 926/926/890 927/927/891 928/928/794
f 927/927/891 926/926/890 929/929/892
f 930/930/893 929/929/892 926/926/890
f 928/928/794 931/931/894 926/926/890
f 930/930/893 926/926/890 932/932/895
f 932/932/895 926/926/890 931/931/894
f 933/933/896 930/930/893 932/932/895
f 933/933/896 932/932/895 934/934/897
f 928/928/794 935/935/898 931/931/894
f 935/935/898 936/936/361 931/931/894
f 936/936/361 935/935/898 937/937/899
f 938/938/900 934/934/897 932/932/895
f 932/932/895 931/931/894 938/938/900
f 934/934/897 938/938/900 939/939/901
f 938/938/900 940/940/902 939/939/901
f 931/931/894 941/941/903 938/938/900
f 940/940/902 938/938/900 941/941/903
f 941/941/903 931/931/894 936/936/361
f 941/941/903 942/942/904 940/940/902
f 941/941/903 936/936/361 943/943/359
f 942/942/904 941/941/903 943/943/359
f 944/944/768 945/945/905 946/946/767
f 945/945/905 944/944/768 947/947/727
f 948/948/906 946/946/767 945/945/905
f 946/946/767 948/948/906 949/949/907
f 948/948/906 950/950/908 949/949/907
f 950/950/908 948/948/906 951/951/909
f 951/951/909 952/952/776 950/950/908
f 952/952/776 951/951/909 953/953/910
f 859/859/825 854/854/820 954/954/911
f 843/843/809 954/954/911 854/854/820
f 859/859/825 955/955/912 862/862/828
f 955/955/912 861/861/827 862/862/828
f 954/954/911 956/956/913 859/859/825
f 955/955/912 859/859/825 956/956/913
f 843/843/809 957/957/914 954/954/911
f 956/956/913 954/954/911 957/957/914
f 843/843/809 958/958/915 957/957/914
f 958/958/915 843/843/809 831/831/797
f 831/831/797 822/822/788 958/958/915
f 822/822/788 825/825/791 958/958/915
f 958/958/915 959/959/916 957/957/914
f 956/956/913 957/957/914 959/959/916
f 958/958/915 825/825/791 959/959/916
f 956/956/913 959/959/916 960/960/917
f 960/960/917 959/959/916 825/825/791
f 961/961/918 956/956/913 960/960/917
f 825/825/791 961/961/918 960/960/917
f 956/956/913 961/961/918 955/955/912
f 961/961/918 861/861/827 955/955/912
f 825/825/791 818/818/784 961/961/918
f 818/818/784 861/861/827 961/961/918
f 962/962/919 861/861/827 818/818/784
f 818/818/784 817/817/783 962/962/919
f 963/963/920 861/861/827 962/962/919
f 861/861/827 963/963/920 857/857/823
f 860/860/826 857/857/823 963/963/920
f 964/964/921 963/963/920 962/962/919
f 964/964/921 860/860/826 963/963/920
f 817/817/783 965/965/922 962/962/919
f 965/965/922 817/817/783 966/966/923
f 966/966/923 967/967/924 965/965/922
f 965/965/922 967/967/924 968/968/897
f 969/969/925 962/962/919 965/965/922
f 968/968/897 969/969/925 965/965/922
f 962/962/919 969/969/925 964/964/921
f 969/969/925 968/968/897 970/970/901
f 860/860/826 964/964/921 971/971/926
f 969/969/925 971/971/926 964/964/921
f 971/971/926 848/848/814 860/860/826
f 969/969/925 970/970/901 972/972/927
f 969/969/925 973/973/928 971/971/926
f 969/969/925 972/972/927 973/973/928
f 973/973/928 974/974/929 971/971/926
f 848/848/814 971/971/926 974/974/929
f 975/975/930 973/973/928 972/972/927
f 974/974/929 973/973/928 975/975/930
f 976/976/931 848/848/814 974/974/929
f 976/976/931 974/974/929 975/975/930
f 846/846/812 848/848/814 976/976/931
f 976/976/931 977/977/932 846/846/812
f 977/977/932 972/972/927 978/978/360
f 976/976/931 975/975/930 979/979/933
f 977/977/932 976/976/931 979/979/933
f 972/972/927 979/979/933 975/975/930
f 972/972/927 977/977/932 979/979/933
f 980/980/934 981/981/234 982/982/233
f 981/981/234 980/980/934 983/983/839
f 980/980/934 984/984/726 983/983/839
f 984/984/726 980/980/934 985/985/857
f 986/986/935 987/987/785 988/988/936
f 988/988/936 987/987/785 989/989/937
f 987/987/785 986/986/935 990/990/938
f 988/988/936 989/989/937 991/991/939
f 990/990/938 986/986/935 992/992/923
f 993/993/940 988/988/936 991/991/939
f 993/993/940 991/991/939 994/994/941
f 993/993/940 994/994/941 995/995/942
f 994/994/941 996/996/943 995/995/942
f 996/996/943 994/994/941 997/997/793
f 997/997/793 998/998/944 996/996/943
f 998/998/944 997/997/793 999/999/892
f 988/988/936 993/993/940 1000/1000/845
f 988/988/936 1000/1000/845 1001/1001/844
f 1002/1002/945 988/988/936 1001/1001/844
f 1003/1003/759 988/988/936 1002/1002/945
f 1004/1004/758 988/988/936 1003/1003/759
f 988/988/936 1004/1004/758 986/986/935
f 1002/1002/945 1001/1001/844 1005/1005/946
f 1001/1001/844 1006/1006/843 1005/1005/946
f 1005/1005/946 1007/1007/947 1002/1002/945
f 1006/1006/843 1008/1008/948 1005/1005/946
f 1008/1008/948 1007/1007/947 1005/1005/946
f 1007/1007/947 1008/1008/948 1009/1009/765
f 1010/1010/841 1009/1009/765 1008/1008/948
f 1010/1010/841 1011/1011/768 1009/1009/765
f 986/986/935 1004/1004/758 1012/1012/949
f 1012/1012/949 1013/1013/950 986/986/935
f 1013/1013/950 1012/1012/949 1014/1014/951
f 1013/1013/950 1014/1014/951 1015/1015/952
f 986/986/935 1013/1013/950 1015/1015/952
f 1016/1016/953 1015/1015/952 1014/1014/951
f 986/986/935 1015/1015/952 1017/1017/954
f 986/986/935 1017/1017/954 992/992/923
f 1018/1018/924 1015/1015/952 1016/1016/953
f 1015/1015/952 1018/1018/924 1017/1017/954
f 1017/1017/954 1018/1018/924 992/992/923
f 1019/1019/955 1018/1018/924 1016/1016/953
f 1018/1018/924 1019/1019/955 1020/1020/729
f 1021/1021/956 129/129/127 130/130/128
f 130/130/128 131/131/129 1021/1021/956
f 1021/1021/956 1022/1022/957 129/129/127
f 127/127/125 129/129/127 1022/1022/957
f 1021/1021/956 131/131/129 1023/1023/958
f 1023/1023/958 1022/1022/957 1021/1021/956
f 1024/1024/833 128/128/126 127/127/125
f 128/128/126 1024/1024/833 1025/1025/150
f 127/127/125 1026/1026/959 1024/1024/833
f 127/127/125 1022/1022/957 1027/1027/960
f 1027/1027/960 1022/1022/957 1023/1023/958
f 127/127/125 1027/1027/960 1026/1026/959
f 131/131/129 1028/1028/961 1023/1023/958
f 1023/1023/958 1028/1028/961 1027/1027/960
f 1028/1028/961 131/131/129 1029/1029/962
f 131/131/129 119/119/117 1029/1029/962
f 1026/1026/959 1030/1030/963 1024/1024/833
f 1026/1026/959 1027/1027/960 1031/1031/964
f 1029/1029/962 1032/1032/965 1028/1028/961
f 1028/1028/961 1033/1033/966 1027/1027/960
f 1033/1033/966 1028/1028/961 1032/1032/965
f 1027/1027/960 1034/1034/967 1031/1031/964
f 1034/1034/967 1027/1027/960 1033/1033/966
f 1035/1035/968 1026/1026/959 1031/1031/964
f 1034/1034/967 1035/1035/968 1031/1031/964
f 1032/1032/965 1029/1029/962 68/68/67
f 1029/1029/962 119/119/117 68/68/67
f 67/67/66 1033/1033/966 1032/1032/965
f 68/68/67 67/67/66 1032/1032/965
f 68/68/67 119/119/117 1036/1036/969
f 1036/1036/969 119/119/117 104/104/102
f 66/66/65 68/68/67 1036/1036/969
f 104/104/102 69/69/68 1036/1036/969
f 66/66/65 1036/1036/969 69/69/68
f 1033/1033/966 67/67/66 1037/1037/970
f 67/67/66 1038/1038/971 1037/1037/970
f 1038/1038/971 67/67/66 70/70/69
f 1039/1039/972 1033/1033/966 1037/1037/970
f 1037/1037/970 1038/1038/971 1039/1039/972
f 1033/1033/966 1039/1039/972 1034/1034/967
f 1038/1038/971 70/70/69 71/71/70
f 1038/1038/971 71/71/70 1040/1040/973
f 1040/1040/973 1039/1039/972 1038/1038/971
f 1039/1039/972 1041/1041/974 1034/1034/967
f 1035/1035/968 1034/1034/967 1041/1041/974
f 1042/1042/975 1039/1039/972 1040/1040/973
f 1043/1043/976 1035/1035/968 1041/1041/974
f 1044/1044/977 1041/1041/974 1039/1039/972
f 1039/1039/972 1042/1042/975 1044/1044/977
f 1041/1041/974 1044/1044/977 1043/1043/976
f 474/474/455 472/472/453 1045/1045/978
f 1045/1045/978 476/476/457 474/474/455
f 1046/1046/979 472/472/453 470/470/451
f 470/470/451 471/471/452 1046/1046/979
f 1047/1047/980 1045/1045/978 472/472/453
f 472/472/453 1046/1046/979 1047/1047/980
f 471/471/452 1048/1048/221 1046/1046/979
f 1048/1048/221 1047/1047/980 1046/1046/979
f 1048/1048/221 471/471/452 1049/1049/981
f 1047/1047/980 1048/1048/221 1050/1050/224
f 468/468/449 1049/1049/981 471/471/452
f 1051/1051/982 1049/1049/981 468/468/449
f 468/468/449 1052/1052/983 1051/1051/982
f 1050/1050/224 1053/1053/984 1047/1047/980
f 1045/1045/978 1047/1047/980 1053/1053/984
f 1053/1053/984 1050/1050/224 1054/1054/225
f 1053/1053/984 476/476/457 1045/1045/978
f 1053/1053/984 1054/1054/225 1055/1055/649
f 1052/1052/983 468/468/449 1056/1056/985
f 461/461/442 1056/1056/985 468/468/449
f 1056/1056/985 1057/1057/228 1052/1052/983
f 1057/1057/228 1056/1056/985 1058/1058/986
f 1056/1056/985 461/461/442 465/465/446
f 465/465/446 1058/1058/986 1056/1056/985
f 1058/1058/986 465/465/446 1059/1059/987
f 465/465/446 1060/1060/988 1059/1059/987
f 1055/1055/649 1061/1061/989 1053/1053/984
f 476/476/457 1053/1053/984 1061/1061/989
f 1061/1061/989 1055/1055/649 1062/1062/647
f 1063/1063/990 1061/1061/989 1062/1062/647
f 1061/1061/989 1063/1063/990 1064/1064/991
f 1065/1065/992 1060/1060/988 465/465/446
f 465/465/446 458/458/439 1065/1065/992
f 1066/1066/993 1060/1060/988 1065/1065/992
f 1067/1067/994 1065/1065/992 458/458/439
f 1065/1065/992 1067/1067/994 1066/1066/993
f 1060/1060/988 1066/1066/993 1068/1068/995
f 1067/1067/994 458/458/439 454/454/435
f 1068/1068/995 1066/1066/993 1069/1069/996
f 1067/1067/994 1070/1070/997 1066/1066/993
f 1066/1066/993 1070/1070/997 1069/1069/996
f 454/454/435 1070/1070/997 1067/1067/994
f 1068/1068/995 1069/1069/996 1071/1071/998
f 1070/1070/997 1071/1071/998 1069/1069/996
f 1071/1071/998 1072/1072/999 1068/1068/995
f 454/454/435 1073/1073/1000 1070/1070/997
f 1072/1072/999 1071/1071/998 1074/1074/1001
f 1072/1072/999 1074/1074/1001 1075/1075/354
f 1075/1075/354 1074/1074/1001 1076/1076/338
f 1074/1074/1001 1077/1077/1002 1076/1076/338
f 1078/1078/1003 1073/1073/1000 454/454/435
f 1078/1078/1003 1070/1070/997 1073/1073/1000
f 451/451/432 1078/1078/1003 454/454/435
f 1071/1071/998 1070/1070/997 1079/1079/1004
f 1079/1079/1004 1074/1074/1001 1071/1071/998
f 1078/1078/1003 1079/1079/1004 1070/1070/997
f 1077/1077/1002 1074/1074/1001 1080/1080/1005
f 1074/1074/1001 1079/1079/1004 1080/1080/1005
f 1078/1078/1003 1080/1080/1005 1079/1079/1004
f 1080/1080/1005 1081/1081/1006 1077/1077/1002
f 1078/1078/1003 451/451/432 1082/1082/1007
f 1081/1081/1006 1080/1080/1005 1083/1083/1008
f 1080/1080/1005 1078/1078/1003 1083/1083/1008
f 1083/1083/1008 1078/1078/1003 1082/1082/1007
f 1081/1081/1006 1083/1083/1008 1084/1084/1009
f 453/453/434 1082/1082/1007 451/451/432
f 1084/1084/1009 1083/1083/1008 1085/1085/1010
f 1083/1083/1008 1082/1082/1007 1085/1085/1010
f 1085/1085/1010 1086/1086/335 1084/1084/1009
f 1082/1082/1007 453/453/434 1087/1087/1011
f 1082/1082/1007 1087/1087/1011 1085/1085/1010
f 1086/1086/335 1085/1085/1010 1088/1088/1012
f 1087/1087/1011 1088/1088/1012 1085/1085/1010
f 1088/1088/1012 1089/1089/340 1086/1086/335
f 1089/1089/340 1088/1088/1012 1090/1090/1013
f 1090/1090/1013 1091/1091/507 1089/1089/340
f 1092/1092/1014 1091/1091/507 1090/1090/1013
f 1088/1088/1012 1087/1087/1011 1093/1093/1015
f 1088/1088/1012 1093/1093/1015 1090/1090/1013
f 1093/1093/1015 1087/1087/1011 1094/1094/1016
f 1087/1087/1011 1095/1095/1017 1094/1094/1016
f 1087/1087/1011 453/453/434 1095/1095/1017
f 1096/1096/1018 1093/1093/1015 1094/1094/1016
f 1096/1096/1018 1094/1094/1016 1095/1095/1017
f 1090/1090/1013 1093/1093/1015 1097/1097/1019
f 1093/1093/1015 1096/1096/1018 1097/1097/1019
f 1095/1095/1017 453/453/434 1098/1098/1020
f 455/455/436 1098/1098/1020 453/453/434
f 1096/1096/1018 1095/1095/1017 1099/1099/1021
f 1095/1095/1017 1098/1098/1020 1099/1099/1021
f 1100/1100/1022 1097/1097/1019 1096/1096/1018
f 1099/1099/1021 1100/1100/1022 1096/1096/1018
f 1090/1090/1013 1097/1097/1019 1101/1101/1023
f 1101/1101/1023 1097/1097/1019 1100/1100/1022
f 1100/1100/1022 1099/1099/1021 1102/1102/1024
f 1103/1103/1025 1090/1090/1013 1101/1101/1023
f 1090/1090/1013 1103/1103/1025 1092/1092/1014
f 1104/1104/1026 1101/1101/1023 1100/1100/1022
f 1104/1104/1026 1100/1100/1022 1102/1102/1024
f 1103/1103/1025 1101/1101/1023 1104/1104/1026
f 1105/1105/1027 1102/1102/1024 1099/1099/1021
f 1105/1105/1027 1099/1099/1021 1098/1098/1020
f 1105/1105/1027 1104/1104/1026 1102/1102/1024
f 1106/1106/801 1092/1092/1014 1103/1103/1025
f 1092/1092/1014 1106/1106/801 1107/1107/506
f 1103/1103/1025 1108/1108/1028 1106/1106/801
f 1104/1104/1026 1108/1108/1028 1103/1103/1025
f 1108/1108/1028 1109/1109/798 1106/1106/801
f 1110/1110/1029 1109/1109/798 1108/1108/1028
f 1109/1109/798 1110/1110/1029 1111/1111/799
f 1112/1112/1030 1108/1108/1028 1104/1104/1026
f 1112/1112/1030 1110/1110/1029 1108/1108/1028
f 1104/1104/1026 1113/1113/1031 1112/1112/1030
f 1104/1104/1026 1105/1105/1027 1113/1113/1031
f 1114/1114/1032 1111/1111/799 1110/1110/1029
f 1111/1111/799 1114/1114/1032 1115/1115/358
f 1110/1110/1029 1112/1112/1030 1116/1116/1033
f 1112/1112/1030 1113/1113/1031 1117/1117/1034
f 1116/1116/1033 1112/1112/1030 1117/1117/1034
f 1118/1118/1035 1110/1110/1029 1116/1116/1033
f 1110/1110/1029 1118/1118/1035 1114/1114/1032
f 1114/1114/1032 1119/1119/1036 1115/1115/358
f 1120/1120/355 1115/1115/358 1119/1119/1036
f 1121/1121/1037 1120/1120/355 1119/1119/1036
f 1120/1120/355 1121/1121/1037 1122/1122/354
f 1119/1119/1036 1123/1123/995 1121/1121/1037
f 1114/1114/1032 1124/1124/1038 1119/1119/1036
f 1123/1123/995 1119/1119/1036 1124/1124/1038
f 1124/1124/1038 1114/1114/1032 1118/1118/1035
f 1125/1125/1039 1123/1123/995 1124/1124/1038
f 1118/1118/1035 1125/1125/1039 1124/1124/1038
f 1123/1123/995 1125/1125/1039 1126/1126/1040
f 1125/1125/1039 1118/1118/1035 1127/1127/1041
f 1116/1116/1033 1127/1127/1041 1118/1118/1035
f 1128/1128/1042 1126/1126/1040 1125/1125/1039
f 1126/1126/1040 1128/1128/1042 1129/1129/987
f 1130/1130/1043 1125/1125/1039 1127/1127/1041
f 1125/1125/1039 1130/1130/1043 1128/1128/1042
f 1127/1127/1041 1116/1116/1033 1131/1131/1044
f 1131/1131/1044 1130/1130/1043 1127/1127/1041
f 1117/1117/1034 1131/1131/1044 1116/1116/1033
f 1132/1132/1045 1129/1129/987 1128/1128/1042
f 1132/1132/1045 1128/1128/1042 1130/1130/1043
f 1129/1129/987 1132/1132/1045 1133/1133/1046
f 1134/1134/1047 1133/1133/1046 1132/1132/1045
f 1135/1135/1048 1133/1133/1046 1134/1134/1047
f 1130/1130/1043 1136/1136/1049 1132/1132/1045
f 1136/1136/1049 1134/1134/1047 1132/1132/1045
f 1131/1131/1044 1117/1117/1034 1137/1137/1050
f 1113/1113/1031 1137/1137/1050 1117/1117/1034
f 1130/1130/1043 1131/1131/1044 1138/1138/1051
f 1137/1137/1050 1138/1138/1051 1131/1131/1044
f 1130/1130/1043 1139/1139/1052 1136/1136/1049
f 1139/1139/1052 1130/1130/1043 1138/1138/1051
f 1140/1140/1053 1134/1134/1047 1136/1136/1049
f 1139/1139/1052 1140/1140/1053 1136/1136/1049
f 1141/1141/1054 1134/1134/1047 1140/1140/1053
f 1142/1142/854 1141/1141/1054 1140/1140/1053
f 1140/1140/1053 1139/1139/1052 1142/1142/854
f 1141/1141/1054 1142/1142/854 1143/1143/233
f 1064/1064/991 1142/1142/854 1139/1139/1052
f 1139/1139/1052 1144/1144/1055 1064/1064/991
f 1138/1138/1051 1144/1144/1055 1139/1139/1052
f 1064/1064/991 1144/1144/1055 1061/1061/989
f 1061/1061/989 1144/1144/1055 476/476/457
f 1144/1144/1055 1138/1138/1051 1145/1145/1056
f 1145/1145/1056 476/476/457 1144/1144/1055
f 1138/1138/1051 1137/1137/1050 1145/1145/1056
f 476/476/457 1145/1145/1056 475/475/456
f 1146/1146/1057 1145/1145/1056 1137/1137/1050
f 1146/1146/1057 475/475/456 1145/1145/1056
f 1137/1137/1050 1113/1113/1031 1146/1146/1057
f 1146/1146/1057 467/467/448 475/475/456
f 1105/1105/1027 1146/1146/1057 1113/1113/1031
f 467/467/448 1146/1146/1057 1147/1147/1058
f 1146/1146/1057 1105/1105/1027 1147/1147/1058
f 456/456/437 467/467/448 1147/1147/1058
f 1098/1098/1020 1147/1147/1058 1105/1105/1027
f 455/455/436 456/456/437 1147/1147/1058
f 1098/1098/1020 455/455/436 1147/1147/1058
f 1148/1148/1059 753/753/720 743/743/710
f 753/753/720 1148/1148/1059 756/756/723
f 743/743/710 1149/1149/1060 1148/1148/1059
f 743/743/710 741/741/708 1149/1149/1060
f 1150/1150/1061 756/756/723 1148/1148/1059
f 1148/1148/1059 1149/1149/1060 1150/1150/1061
f 741/741/708 1151/1151/1062 1149/1149/1060
f 1150/1150/1061 1149/1149/1060 1151/1151/1062
f 1151/1151/1062 741/741/708 727/727/694
f 1150/1150/1061 1151/1151/1062 1152/1152/1063
f 1151/1151/1062 727/727/694 1153/1153/1064
f 1153/1153/1064 1152/1152/1063 1151/1151/1062
f 727/727/694 1154/1154/1065 1153/1153/1064
f 726/726/693 1154/1154/1065 727/727/694
f 730/730/697 1154/1154/1065 726/726/693
f 1154/1154/1065 1155/1155/1066 1153/1153/1064
f 1154/1154/1065 730/730/697 1155/1155/1066
f 1156/1156/1067 1153/1153/1064 1155/1155/1066
f 1156/1156/1067 1152/1152/1063 1153/1153/1064
f 730/730/697 1157/1157/1068 1155/1155/1066
f 1157/1157/1068 1156/1156/1067 1155/1155/1066
f 1156/1156/1067 1158/1158/1069 1152/1152/1063
f 1159/1159/1070 1157/1157/1068 730/730/697
f 1156/1156/1067 1157/1157/1068 1160/1160/1071
f 1161/1161/1072 1160/1160/1071 1157/1157/1068
f 1159/1159/1070 1161/1161/1072 1157/1157/1068
f 1156/1156/1067 1160/1160/1071 1162/1162/1073
f 1162/1162/1073 1158/1158/1069 1156/1156/1067
f 1163/1163/1074 1159/1159/1070 730/730/697
f 730/730/697 728/728/695 1163/1163/1074
f 1163/1163/1074 728/728/695 1164/1164/1075
f 1164/1164/1075 728/728/695 729/729/696
f 1165/1165/1076 1163/1163/1074 1164/1164/1075
f 729/729/696 1166/1166/1077 1164/1164/1075
f 1164/1164/1075 1166/1166/1077 1165/1165/1076
f 1166/1166/1077 729/729/696 1167/1167/1078
f 729/729/696 444/444/426 1167/1167/1078
f 1168/1168/1079 1165/1165/1076 1166/1166/1077
f 1168/1168/1079 1166/1166/1077 1167/1167/1078
f 1167/1167/1078 1169/1169/812 1168/1168/1079
f 1169/1169/812 1167/1167/1078 1170/1170/1080
f 1165/1165/1076 1168/1168/1079 1171/1171/360
f 1167/1167/1078 446/446/427 1170/1170/1080
f 1167/1167/1078 444/444/426 446/446/427
f 1172/1172/1081 1165/1165/1076 1171/1171/360
f 1172/1172/1081 1171/1171/360 1173/1173/1082
f 1165/1165/1076 1174/1174/1083 1163/1163/1074
f 1174/1174/1083 1165/1165/1076 1172/1172/1081
f 1159/1159/1070 1163/1163/1074 1174/1174/1083
f 1173/1173/1082 1175/1175/1084 1172/1172/1081
f 1175/1175/1084 1173/1173/1082 1176/1176/1085
f 1176/1176/1085 1177/1177/417 1175/1175/1084
f 1177/1177/417 1176/1176/1085 1178/1178/353
f 1175/1175/1084 1179/1179/1086 1172/1172/1081
f 1179/1179/1086 1175/1175/1084 1177/1177/417
f 1174/1174/1083 1172/1172/1081 1179/1179/1086
f 1177/1177/417 1180/1180/1087 1179/1179/1086
f 1174/1174/1083 1181/1181/1088 1159/1159/1070
f 1181/1181/1088 1174/1174/1083 1179/1179/1086
f 1180/1180/1087 1181/1181/1088 1179/1179/1086
f 1181/1181/1088 1180/1180/1087 1182/1182/1089
f 1181/1181/1088 1161/1161/1072 1159/1159/1070
f 1182/1182/1089 1183/1183/1090 1181/1181/1088
f 1181/1181/1088 1183/1183/1090 1161/1161/1072
f 1182/1182/1089 1184/1184/1091 1183/1183/1090
f 1184/1184/1091 1185/1185/1092 1183/1183/1090
f 1161/1161/1072 1183/1183/1090 1185/1185/1092
f 1185/1185/1092 1184/1184/1091 1186/1186/1093
f 1185/1185/1092 1187/1187/1094 1161/1161/1072
f 1160/1160/1071 1161/1161/1072 1187/1187/1094
f 1186/1186/1093 1188/1188/1095 1185/1185/1092
f 1188/1188/1095 1186/1186/1093 1189/1189/399
f 1187/1187/1094 1162/1162/1073 1160/1160/1071
f 1185/1185/1092 1190/1190/1096 1187/1187/1094
f 1162/1162/1073 1187/1187/1094 1190/1190/1096
f 1190/1190/1096 1185/1185/1092 1188/1188/1095
f 1191/1191/1097 1188/1188/1095 1189/1189/399
f 1192/1192/1098 1162/1162/1073 1190/1190/1096
f 1188/1188/1095 1192/1192/1098 1190/1190/1096
f 1191/1191/1097 1193/1193/1099 1188/1188/1095
f 1193/1193/1099 1192/1192/1098 1188/1188/1095
f 1191/1191/1097 1194/1194/1100 1193/1193/1099
f 1192/1192/1098 1195/1195/1101 1162/1162/1073
f 1194/1194/1100 1191/1191/1097 1196/1196/1102
f 1196/1196/1102 1197/1197/1103 1194/1194/1100
f 1197/1197/1103 1196/1196/1102 1198/1198/1104
f 1197/1197/1103 1199/1199/1105 1194/1194/1100
f 1199/1199/1105 1197/1197/1103 1200/1200/1106
f 1201/1201/1107 1199/1199/1105 1200/1200/1106
f 1199/1199/1105 1201/1201/1107 1202/1202/1108
f 1203/1203/1109 1194/1194/1100 1199/1199/1105
f 1194/1194/1100 1203/1203/1109 1193/1193/1099
f 1193/1193/1099 1203/1203/1109 1192/1192/1098
f 1204/1204/1110 1203/1203/1109 1199/1199/1105
f 1204/1204/1110 1199/1199/1105 1202/1202/1108
f 1192/1192/1098 1203/1203/1109 1205/1205/1111
f 1203/1203/1109 1204/1204/1110 1205/1205/1111
f 1192/1192/1098 1205/1205/1111 1195/1195/1101
f 1202/1202/1108 1206/1206/1112 1204/1204/1110
f 1206/1206/1112 1202/1202/1108 377/377/366
f 1204/1204/1110 1207/1207/1113 1205/1205/1111
f 1207/1207/1113 1204/1204/1110 1206/1206/1112
f 1205/1205/1111 1208/1208/1114 1195/1195/1101
f 1195/1195/1101 1208/1208/1114 1162/1162/1073
f 1162/1162/1073 1208/1208/1114 1158/1158/1069
f 1208/1208/1114 1152/1152/1063 1158/1158/1069
f 1208/1208/1114 1205/1205/1111 1209/1209/1115
f 1152/1152/1063 1208/1208/1114 1209/1209/1115
f 1205/1205/1111 1207/1207/1113 1209/1209/1115
f 1209/1209/1115 1150/1150/1061 1152/1152/1063
f 1209/1209/1115 1210/1210/1116 1150/1150/1061
f 1209/1209/1115 1207/1207/1113 1210/1210/1116
f 1210/1210/1116 756/756/723 1150/1150/1061
f 1211/1211/1117 1210/1210/1116 1207/1207/1113
f 1207/1207/1113 1206/1206/1112 1211/1211/1117
f 1210/1210/1116 1212/1212/1118 756/756/723
f 1211/1211/1117 1212/1212/1118 1210/1210/1116
f 374/374/363 756/756/723 1212/1212/1118
f 379/379/368 1211/1211/1117 1206/1206/1112
f 379/379/368 1206/1206/1112 377/377/366
f 1212/1212/1118 1211/1211/1117 383/383/371
f 379/379/368 383/383/371 1211/1211/1117
f 375/375/364 374/374/363 1212/1212/1118
f 1212/1212/1118 383/383/371 375/375/364
f 1213/1213/1119 1214/1214/1120 1215/1215/1121
f 1214/1214/1120 1213/1213/1119 1216/1216/1122
f 1217/1217/1123 1216/1216/1122 1213/1213/1119
f 1216/1216/1122 1217/1217/1123 1218/1218/1124
f 1219/1219/1125 1216/1216/1122 1218/1218/1124
f 1220/1220/1126 1217/1217/1123 1213/1213/1119
f 1215/1215/1121 1220/1220/1126 1213/1213/1119
f 1217/1217/1123 1220/1220/1126 1221/1221/292
f 1216/1216/1122 1219/1219/1125 1222/1222/595
f 1222/1222/595 1219/1219/1125 1223/1223/596
f 1222/1222/595 1224/1224/593 1216/1216/1122
f 1224/1224/593 1214/1214/1120 1216/1216/1122
f 1220/1220/1126 1215/1215/1121 1225/1225/1127
f 1220/1220/1126 1226/1226/1128 1221/1221/292
f 1220/1220/1126 1225/1225/1127 1226/1226/1128
f 1221/1221/292 1226/1226/1128 1227/1227/296
f 1226/1226/1128 1228/1228/300 1227/1227/296
f 1224/1224/593 1229/1229/1129 1214/1214/1120
f 1230/1230/1130 1226/1226/1128 1225/1225/1127
f 1215/1215/1121 1230/1230/1130 1225/1225/1127
f 1229/1229/1129 1224/1224/593 1231/1231/1131
f 1232/1232/1132 1233/1233/1133 1234/1234/1134
f 1235/1235/1135 1233/1233/1133 1232/1232/1132
f 1236/1236/469 1234/1234/1134 1233/1233/1133
f 1235/1235/1135 1237/1237/1136 1238/1238/1137
f 1238/1238/1137 1233/1233/1133 1235/1235/1135
f 1237/1237/1136 1239/1239/1138 1240/1240/1139
f 1237/1237/1136 1241/1241/1140 1238/1238/1137
f 1241/1241/1140 1237/1237/1136 1240/1240/1139
f 1240/1240/1139 1239/1239/1138 1242/1242/1141
f 1239/1239/1138 1243/1243/1142 1242/1242/1141
f 1240/1240/1139 1244/1244/1143 1241/1241/1140
f 1245/1245/1144 1238/1238/1137 1241/1241/1140
f 1244/1244/1143 1245/1245/1144 1241/1241/1140
f 1238/1238/1137 1245/1245/1144 1233/1233/1133
f 1242/1242/1141 1243/1243/1142 1246/1246/1145
f 1247/1247/1146 1240/1240/1139 1242/1242/1141
f 1240/1240/1139 1247/1247/1146 1244/1244/1143
f 1246/1246/1145 1247/1247/1146 1242/1242/1141
f 1246/1246/1145 1243/1243/1142 1248/1248/1147
f 1248/1248/1147 1247/1247/1146 1246/1246/1145
f 1243/1243/1142 1249/1249/1148 1248/1248/1147
f 1244/1244/1143 1247/1247/1146 1250/1250/1149
f 1250/1250/1149 1245/1245/1144 1244/1244/1143
f 1247/1247/1146 1248/1248/1147 1251/1251/1150
f 1249/1249/1148 1251/1251/1150 1248/1248/1147
f 1247/1247/1146 1252/1252/1151 1250/1250/1149
f 1252/1252/1151 1247/1247/1146 1251/1251/1150
f 1245/1245/1144 1250/1250/1149 1253/1253/1152
f 1253/1253/1152 1233/1233/1133 1245/1245/1144
f 1252/1252/1151 1254/1254/1153 1250/1250/1149
f 1254/1254/1153 1253/1253/1152 1250/1250/1149
f 1255/1255/1154 1252/1252/1151 1251/1251/1150
f 1254/1254/1153 1252/1252/1151 1255/1255/1154
f 1256/1256/1155 1251/1251/1150 1249/1249/1148
f 1251/1251/1150 1256/1256/1155 1255/1255/1154
f 1253/1253/1152 1254/1254/1153 1257/1257/1156
f 1258/1258/1157 1233/1233/1133 1253/1253/1152
f 1258/1258/1157 1253/1253/1152 1257/1257/1156
f 1255/1255/1154 1256/1256/1155 1259/1259/1158
f 1256/1256/1155 1249/1249/1148 1260/1260/1159
f 1259/1259/1158 1256/1256/1155 1260/1260/1159
f 1261/1261/1160 1255/1255/1154 1259/1259/1158
f 1261/1261/1160 1259/1259/1158 1260/1260/1159
f 1255/1255/1154 1261/1261/1160 1262/1262/1161
f 1262/1262/1161 1254/1254/1153 1255/1255/1154
f 1263/1263/1162 1257/1257/1156 1254/1254/1153
f 1263/1263/1162 1254/1254/1153 1262/1262/1161
f 1257/1257/1156 1263/1263/1162 1258/1258/1157
f 1264/1264/1163 1262/1262/1161 1261/1261/1160
f 1264/1264/1163 1261/1261/1160 1260/1260/1159
f 1262/1262/1161 1265/1265/1164 1263/1263/1162
f 1262/1262/1161 1264/1264/1163 1266/1266/1165
f 1265/1265/1164 1262/1262/1161 1266/1266/1165
f 1267/1267/1166 1258/1258/1157 1263/1263/1162
f 1265/1265/1164 1267/1267/1166 1263/1263/1162
f 1268/1268/1167 1258/1258/1157 1267/1267/1166
f 1267/1267/1166 1265/1265/1164 1269/1269/1168
f 1265/1265/1164 1266/1266/1165 1269/1269/1168
f 1264/1264/1163 1270/1270/548 1266/1266/1165
f 1270/1270/548 1271/1271/1169 1266/1266/1165
f 1270/1270/548 1264/1264/1163 1272/1272/1170
f 1260/1260/1159 1272/1272/1170 1264/1264/1163
f 1270/1270/548 1272/1272/1170 1273/1273/1171
f 1273/1273/1171 1272/1272/1170 1274/1274/541
f 1272/1272/1170 1260/1260/1159 1275/1275/1172
f 1272/1272/1170 1275/1275/1172 1274/1274/541
f 1271/1271/1169 1276/1276/1173 1266/1266/1165
f 1276/1276/1173 1269/1269/1168 1266/1266/1165
f 1277/1277/18 1276/1276/1173 1271/1271/1169
f 1276/1276/1173 1277/1277/18 1278/1278/20
f 1279/1279/23 1276/1276/1173 1278/1278/20
f 1280/1280/1174 1274/1274/541 1275/1275/1172
f 1260/1260/1159 1280/1280/1174 1275/1275/1172
f 1274/1274/541 1280/1280/1174 1281/1281/1175
f 1260/1260/1159 1249/1249/1148 1280/1280/1174
f 1280/1280/1174 1249/1249/1148 1281/1281/1175
f 1276/1276/1173 1279/1279/23 1282/1282/1176
f 1269/1269/1168 1276/1276/1173 1282/1282/1176
f 1282/1282/1176 1279/1279/23 1283/1283/1177
f 1284/1284/27 1282/1282/1176 1283/1283/1177
f 1285/1285/1178 1269/1269/1168 1282/1282/1176
f 1282/1282/1176 1284/1284/27 1285/1285/1178
f 1269/1269/1168 1285/1285/1178 1267/1267/1166
f 1285/1285/1178 1284/1284/27 1286/1286/32
f 1267/1267/1166 1285/1285/1178 1287/1287/1179
f 1285/1285/1178 1286/1286/32 1287/1287/1179
f 1267/1267/1166 1287/1287/1179 1268/1268/1167
f 1287/1287/1179 1286/1286/32 1288/1288/35
f 1287/1287/1179 1289/1289/1180 1268/1268/1167
f 1287/1287/1179 1288/1288/35 1289/1289/1180
f 1268/1268/1167 1289/1289/1180 1258/1258/1157
f 1289/1289/1180 1288/1288/35 1290/1290/1181
f 1258/1258/1157 1289/1289/1180 1233/1233/1133
f 1289/1289/1180 1290/1290/1181 1291/1291/1182
f 1289/1289/1180 1236/1236/469 1233/1233/1133
f 1292/1292/1183 1289/1289/1180 1291/1291/1182
f 1236/1236/469 1289/1289/1180 1292/1292/1183
f 1293/1293/1184 1294/1294/482 1295/1295/1185
f 1296/1296/1186 1293/1293/1184 1295/1295/1185
f 1293/1293/1184 1296/1296/1186 1297/1297/807
f 1297/1297/807 1298/1298/1187 1299/1299/526
f 1299/1299/526 1293/1293/1184 1297/1297/807
f 1300/1300/527 1293/1293/1184 1299/1299/526
f 1294/1294/482 1293/1293/1184 1301/1301/1188
f 1293/1293/1184 1300/1300/527 1302/1302/1189
f 1301/1301/1188 1293/1293/1184 1302/1302/1189
f 1303/1303/528 1302/1302/1189 1300/1300/527
f 1301/1301/1188 1304/1304/478 1294/1294/482
f 1302/1302/1189 1303/1303/528 1305/1305/1190
f 1306/1306/529 1305/1305/1190 1303/1303/528
f 1305/1305/1190 1307/1307/1191 1302/1302/1189
f 1307/1307/1191 1301/1301/1188 1302/1302/1189
f 1305/1305/1190 1306/1306/529 1308/1308/1190
f 1306/1306/529 1309/1309/1192 1308/1308/1190
f 1305/1305/1190 1310/1310/1193 1307/1307/1191
f 1310/1310/1193 1305/1305/1190 1308/1308/1190
f 1308/1308/1190 1309/1309/1192 1311/1311/1194
f 1308/1308/1190 1311/1311/1194 1310/1310/1193
f 1309/1309/1192 1312/1312/1195 1311/1311/1194
f 1312/1312/1195 1310/1310/1193 1311/1311/1194
f 1312/1312/1195 1309/1309/1192 1313/1313/1196
f 1314/1314/1197 1307/1307/1191 1310/1310/1193
f 1310/1310/1193 1312/1312/1195 1314/1314/1197
f 1307/1307/1191 1314/1314/1197 1315/1315/1198
f 1307/1307/1191 1315/1315/1198 1301/1301/1188
f 1316/1316/1199 1314/1314/1197 1312/1312/1195
f 1313/1313/1196 1316/1316/1199 1312/1312/1195
f 1317/1317/1200 1315/1315/1198 1314/1314/1197
f 1317/1317/1200 1314/1314/1197 1316/1316/1199
f 1313/1313/1196 1243/1243/1142 1316/1316/1199
f 1243/1243/1142 1317/1317/1200 1316/1316/1199
f 1249/1249/1148 1243/1243/1142 1313/1313/1196
f 1315/1315/1198 1317/1317/1200 1318/1318/1201
f 1318/1318/1201 1301/1301/1188 1315/1315/1198
f 1317/1317/1200 1319/1319/1202 1318/1318/1201
f 1319/1319/1202 1317/1317/1200 1243/1243/1142
f 1301/1301/1188 1318/1318/1201 1320/1320/1203
f 1319/1319/1202 1320/1320/1203 1318/1318/1201
f 1304/1304/478 1301/1301/1188 1320/1320/1203
f 1320/1320/1203 1321/1321/1204 1304/1304/478
f 1321/1321/1204 1322/1322/1205 1304/1304/478
f 1323/1323/1206 1320/1320/1203 1319/1319/1202
f 1322/1322/1205 1321/1321/1204 1324/1324/1207
f 1324/1324/1207 1325/1325/472 1322/1322/1205
f 1319/1319/1202 1239/1239/1138 1323/1323/1206
f 1243/1243/1142 1239/1239/1138 1319/1319/1202
f 1325/1325/472 1324/1324/1207 1234/1234/1134
f 1234/1234/1134 1236/1236/469 1325/1325/472
f 1321/1321/1204 1326/1326/1208 1324/1324/1207
f 1324/1324/1207 1232/1232/1132 1234/1234/1134
f 1232/1232/1132 1324/1324/1207 1326/1326/1208
f 1326/1326/1208 1321/1321/1204 1327/1327/1209
f 1320/1320/1203 1327/1327/1209 1321/1321/1204
f 1328/1328/1210 1232/1232/1132 1326/1326/1208
f 1327/1327/1209 1328/1328/1210 1326/1326/1208
f 1320/1320/1203 1329/1329/1211 1327/1327/1209
f 1328/1328/1210 1327/1327/1209 1329/1329/1211
f 1323/1323/1206 1329/1329/1211 1320/1320/1203
f 1237/1237/1136 1329/1329/1211 1323/1323/1206
f 1329/1329/1211 1237/1237/1136 1328/1328/1210
f 1239/1239/1138 1237/1237/1136 1323/1323/1206
f 1235/1235/1135 1232/1232/1132 1328/1328/1210
f 1328/1328/1210 1237/1237/1136 1235/1235/1135
f 1214/1214/1120 1330/1330/1212 1215/1215/1121
f 1330/1330/1212 1214/1214/1120 1229/1229/1129
f 1230/1230/1130 1215/1215/1121 1330/1330/1212
f 1229/1229/1129 1331/1331/1213 1330/1330/1212
f 1331/1331/1213 1230/1230/1130 1330/1330/1212
f 1332/1332/1214 1229/1229/1129 1231/1231/1131
f 1331/1331/1213 1229/1229/1129 1332/1332/1214
f 1231/1231/1131 1333/1333/1215 1332/1332/1214
f 1334/1334/1216 1230/1230/1130 1331/1331/1213
f 1333/1333/1215 1231/1231/1131 1335/1335/586
f 1336/1336/1217 1230/1230/1130 1334/1334/1216
f 1226/1226/1128 1230/1230/1130 1336/1336/1217
f 1331/1331/1213 1337/1337/1218 1334/1334/1216
f 1337/1337/1218 1336/1336/1217 1334/1334/1216
f 1332/1332/1214 1338/1338/1219 1331/1331/1213
f 1331/1331/1213 1338/1338/1219 1337/1337/1218
f 1338/1338/1219 1332/1332/1214 1333/1333/1215
f 1335/1335/586 1339/1339/1220 1333/1333/1215
f 1339/1339/1220 1335/1335/586 1340/1340/576
f 1333/1333/1215 1341/1341/1221 1338/1338/1219
f 1339/1339/1220 1341/1341/1221 1333/1333/1215
f 1342/1342/573 1339/1339/1220 1340/1340/576
f 1343/1343/1222 1337/1337/1218 1338/1338/1219
f 1343/1343/1222 1338/1338/1219 1341/1341/1221
f 1337/1337/1218 1343/1343/1222 1344/1344/1223
f 1336/1336/1217 1337/1337/1218 1344/1344/1223
f 1345/1345/1224 1343/1343/1222 1341/1341/1221
f 1345/1345/1224 1344/1344/1223 1343/1343/1222
f 1336/1336/1217 1344/1344/1223 1346/1346/1225
f 1344/1344/1223 1345/1345/1224 1346/1346/1225
f 1347/1347/1226 1336/1336/1217 1346/1346/1225
f 1345/1345/1224 1347/1347/1226 1346/1346/1225
f 1336/1336/1217 1347/1347/1226 1348/1348/1227
f 1341/1341/1221 1349/1349/1228 1345/1345/1224
f 1347/1347/1226 1345/1345/1224 1350/1350/1229
f 1350/1350/1229 1345/1345/1224 1349/1349/1228
f 1351/1351/1230 1347/1347/1226 1350/1350/1229
f 1348/1348/1227 1347/1347/1226 1351/1351/1230
f 1349/1349/1228 1341/1341/1221 1352/1352/1231
f 1341/1341/1221 1339/1339/1220 1352/1352/1231
f 1349/1349/1228 1353/1353/1232 1350/1350/1229
f 1352/1352/1231 1353/1353/1232 1349/1349/1228
f 1353/1353/1232 1354/1354/1233 1350/1350/1229
f 1351/1351/1230 1350/1350/1229 1354/1354/1233
f 1352/1352/1231 1339/1339/1220 1355/1355/1234
f 1339/1339/1220 1342/1342/573 1355/1355/1234
f 1356/1356/1235 1353/1353/1232 1352/1352/1231
f 1355/1355/1234 1356/1356/1235 1352/1352/1231
f 1354/1354/1233 1353/1353/1232 1357/1357/1236
f 1353/1353/1232 1356/1356/1235 1357/1357/1236
f 1351/1351/1230 1354/1354/1233 1358/1358/1237
f 1357/1357/1236 1358/1358/1237 1354/1354/1233
f 1342/1342/573 1359/1359/1238 1355/1355/1234
f 1359/1359/1238 1342/1342/573 1360/1360/571
f 1361/1361/1239 1359/1359/1238 1360/1360/571
f 1359/1359/1238 1361/1361/1239 1362/1362/1240
f 1357/1357/1236 1363/1363/1241 1358/1358/1237
f 1357/1357/1236 1356/1356/1235 1363/1363/1241
f 1358/1358/1237 1363/1363/1241 1364/1364/1242
f 1363/1363/1241 1356/1356/1235 1364/1364/1242
f 1362/1362/1240 1365/1365/1243 1359/1359/1238
f 1365/1365/1243 1362/1362/1240 1366/1366/1244
f 1366/1366/1244 1367/1367/1245 1365/1365/1243
f 1368/1368/1246 1365/1365/1243 1367/1367/1245
f 1369/1369/1247 1368/1368/1246 1367/1367/1245
f 1365/1365/1243 1370/1370/1248 1359/1359/1238
f 1365/1365/1243 1368/1368/1246 1370/1370/1248
f 1355/1355/1234 1359/1359/1238 1370/1370/1248
f 1356/1356/1235 1355/1355/1234 1370/1370/1248
f 1370/1370/1248 1368/1368/1246 1371/1371/239
f 1372/1372/240 1370/1370/1248 1371/1371/239
f 1356/1356/1235 1370/1370/1248 1373/1373/1249
f 1373/1373/1249 1370/1370/1248 1372/1372/240
f 1356/1356/1235 1373/1373/1249 1364/1364/1242
f 1373/1373/1249 1372/1372/240 1374/1374/1250
f 1364/1364/1242 1373/1373/1249 1375/1375/1251
f 1375/1375/1251 1373/1373/1249 1374/1374/1250
f 1364/1364/1242 1375/1375/1251 1358/1358/1237
f 1375/1375/1251 1374/1374/1250 1376/1376/249
f 1377/1377/1252 1358/1358/1237 1375/1375/1251
f 1375/1375/1251 1376/1376/249 1377/1377/1252
f 1377/1377/1252 1351/1351/1230 1358/1358/1237
f 1378/1378/1253 1377/1377/1252 1376/1376/249
f 1351/1351/1230 1377/1377/1252 1379/1379/1254
f 1377/1377/1252 1378/1378/1253 1379/1379/1254
f 1380/1380/258 1379/1379/1254 1378/1378/1253
f 1348/1348/1227 1351/1351/1230 1379/1379/1254
f 1348/1348/1227 1379/1379/1254 1380/1380/258
f 1348/1348/1227 1380/1380/258 1381/1381/1255
f 1382/1382/1256 1348/1348/1227 1381/1381/1255
f 1348/1348/1227 1382/1382/1256 1383/1383/1257
f 1384/1384/656 1383/1383/1257 1382/1382/1256
f 1383/1383/1257 1336/1336/1217 1348/1348/1227
f 1383/1383/1257 1384/1384/656 1228/1228/300
f 1336/1336/1217 1383/1383/1257 1226/1226/1128
f 1228/1228/300 1226/1226/1128 1383/1383/1257
f 1040/1040/973 71/71/70 1385/1385/1258
f 1040/1040/973 1386/1386/1259 1042/1042/975
f 1386/1386/1259 1040/1040/973 1385/1385/1258
f 1387/1387/1260 1385/1385/1258 71/71/70
f 71/71/70 72/72/71 1387/1387/1260
f 73/73/72 1387/1387/1260 72/72/71
f 81/81/80 1387/1387/1260 73/73/72
f 1385/1385/1258 1387/1387/1260 1388/1388/1261
f 81/81/80 1388/1388/1261 1387/1387/1260
f 1386/1386/1259 1385/1385/1258 1388/1388/1261
f 84/84/83 1388/1388/1261 81/81/80
f 1388/1388/1261 1389/1389/1262 1386/1386/1259
f 84/84/83 1389/1389/1262 1388/1388/1261
f 1389/1389/1262 1390/1390/1263 1386/1386/1259
f 1042/1042/975 1386/1386/1259 1390/1390/1263
f 1389/1389/1262 84/84/83 1391/1391/1264
f 1391/1391/1264 84/84/83 1392/1392/1265
f 1391/1391/1264 1393/1393/1266 1389/1389/1262
f 1390/1390/1263 1389/1389/1262 1393/1393/1266
f 1392/1392/1265 1394/1394/1267 1391/1391/1264
f 1393/1393/1266 1391/1391/1264 1394/1394/1267
f 1394/1394/1267 1392/1392/1265 1395/1395/1268
f 1396/1396/776 1395/1395/1268 1392/1392/1265
f 1395/1395/1268 1397/1397/1269 1394/1394/1267
f 1397/1397/1269 1393/1393/1266 1394/1394/1267
f 1395/1395/1268 1398/1398/1270 1397/1397/1269
f 1398/1398/1270 1399/1399/90 1397/1397/1269
f 1399/1399/90 1398/1398/1270 1400/1400/89
f 1401/1401/1271 1397/1397/1269 1399/1399/90
f 1393/1393/1266 1397/1397/1269 1402/1402/1272
f 1397/1397/1269 1401/1401/1271 1402/1402/1272
f 1402/1402/1272 1390/1390/1263 1393/1393/1266
f 1401/1401/1271 1403/1403/1273 1402/1402/1272
f 1403/1403/1273 1390/1390/1263 1402/1402/1272
f 1401/1401/1271 1404/1404/1274 1403/1403/1273
f 1405/1405/95 1403/1403/1273 1404/1404/1274
f 1406/1406/1275 1390/1390/1263 1403/1403/1273
f 1403/1403/1273 1405/1405/95 1406/1406/1275
f 1390/1390/1263 1406/1406/1275 1407/1407/1276
f 1042/1042/975 1390/1390/1263 1407/1407/1276
f 1407/1407/1276 1044/1044/977 1042/1042/975
f 1044/1044/977 1407/1407/1276 1408/1408/1277
f 1406/1406/1275 1408/1408/1277 1407/1407/1276
f 1405/1405/95 1409/1409/1278 1406/1406/1275
f 1408/1408/1277 1406/1406/1275 1409/1409/1278
f 1409/1409/1278 1405/1405/95 1410/1410/1279
f 1408/1408/1277 1043/1043/976 1044/1044/977
f 1410/1410/1279 1411/1411/1280 1409/1409/1278
f 1408/1408/1277 1409/1409/1278 1411/1411/1280
f 1411/1411/1280 1410/1410/1279 1412/1412/1281
f 1043/1043/976 1408/1408/1277 1413/1413/1282
f 1411/1411/1280 1413/1413/1282 1408/1408/1277
f 1414/1414/101 1411/1411/1280 1412/1412/1281
f 1413/1413/1282 1415/1415/1283 1043/1043/976
f 1411/1411/1280 1415/1415/1283 1413/1413/1282
f 1411/1411/1280 1414/1414/101 1416/1416/1284
f 1415/1415/1283 1411/1411/1280 1416/1416/1284
f 1417/1417/1285 1416/1416/1284 1414/1414/101
f 1415/1415/1283 1416/1416/1284 1417/1417/1285
f 1414/1414/101 1418/1418/104 1417/1417/1285
f 1419/1419/1286 1417/1417/1285 1418/1418/104
f 1417/1417/1285 1419/1419/1286 1420/1420/1287
f 1421/1421/1288 1043/1043/976 1415/1415/1283
f 1035/1035/968 1043/1043/976 1421/1421/1288
f 1421/1421/1288 1026/1026/959 1035/1035/968
f 1026/1026/959 1421/1421/1288 1030/1030/963
f 1415/1415/1283 1030/1030/963 1421/1421/1288
f 1422/1422/1289 1415/1415/1283 1417/1417/1285
f 1030/1030/963 1415/1415/1283 1422/1422/1289
f 1420/1420/1287 1422/1422/1289 1417/1417/1285
f 1423/1423/835 1030/1030/963 1422/1422/1289
f 1422/1422/1289 1420/1420/1287 1424/1424/1290
f 1423/1423/835 1422/1422/1289 1424/1424/1290
f 1420/1420/1287 1425/1425/231 1424/1424/1290
f 1426/1426/234 1423/1423/835 1424/1424/1290
f 1426/1426/234 1424/1424/1290 1425/1425/231
f 1427/83/82 1428/1392/1291 1429/84/1292
f 1430/1427/188 1431/1428/1293 1432/1429/211
f 1431/1428/1293 1430/1427/188 1433/1430/1294
f 1434/1431/183 1433/1430/1294 1430/1427/188
f 1433/1430/1294 1434/1431/183 1435/1432/1295
f 1436/1433/180 1435/1432/1295 1434/1431/183
f 1433/1430/1294 1435/1432/1295 1437/1434/1296
f 1436/1433/180 1437/1434/1296 1435/1432/1295
f 1433/1430/1294 1437/1434/1296 1431/1428/1293
f 1437/1434/1296 1436/1433/180 1438/1435/1297
f 1439/1436/177 1438/1435/1297 1436/1433/180
f 1438/1435/1297 1439/1436/177 1440/1437/157
f 1441/1438/152 1438/1435/1297 1440/1437/157
f 1432/1429/211 1431/1428/1293 1442/1439/1298
f 1442/1439/1298 1443/1440/1299 1432/1429/211
f 1442/1439/1298 1444/1441/208 1443/1440/1299
f 1444/1441/208 1442/1439/1298 1445/1442/615
f 1446/1443/616 1444/1441/208 1445/1442/615
f 1447/1444/1300 1442/1439/1298 1431/1428/1293
f 1447/1444/1300 1445/1442/615 1442/1439/1298
f 1431/1428/1293 1437/1434/1296 1447/1444/1300
f 1445/1442/615 1447/1444/1300 1448/1445/619
f 1448/1445/619 1447/1444/1300 1449/1446/1301
f 1447/1444/1300 1450/1447/1302 1449/1446/1301
f 1451/1448/1303 1447/1444/1300 1437/1434/1296
f 1438/1435/1297 1451/1448/1303 1437/1434/1296
f 1450/1447/1302 1447/1444/1300 1452/1449/1304
f 1447/1444/1300 1451/1448/1303 1452/1449/1304
f 1452/1449/1304 1453/1450/625 1450/1447/1302
f 1453/1450/625 1452/1449/1304 1454/1451/630
f 1452/1449/1304 1451/1448/1303 1455/1452/1305
f 1455/1452/1305 1451/1448/1303 1438/1435/1297
f 1452/1449/1304 1455/1452/1305 1454/1451/630
f 1438/1435/1297 1441/1438/152 1455/1452/1305
f 1455/1452/1305 1456/1453/643 1454/1451/630
f 1441/1438/152 1457/1454/1306 1455/1452/1305
f 1456/1453/643 1455/1452/1305 1457/1454/1306
f 1457/1454/1306 1441/1438/152 1458/1455/151
f 1457/1454/1306 1459/1456/644 1456/1453/643
f 1458/1455/151 1460/1457/1307 1457/1454/1306
f 1459/1456/644 1457/1454/1306 1460/1457/1307
f 1460/1457/1307 1458/1455/151 1461/1458/1308
f 1460/1457/1307 1462/1459/647 1459/1456/644
f 1463/1063/1309 1464/1142/854 1465/1064/1310
f 1466/1024/1311 1467/1030/1312 1468/1423/835
