# Blender 5.2.0 LTS
# www.blender.org
mtllib flaming pumpkin.mtl
o RenderMesh_5858821432
v -0.065289 0.057666 0.368466
v -0.150131 0.034089 0.345643
v -0.055532 0.047692 0.378601
v -0.158549 0.063605 0.334662
v -0.111735 -0.000843 0.353304
v -0.056839 -0.011228 0.389099
v -0.036318 -0.011352 0.392095
v -0.035030 0.047113 0.381849
v -0.024401 -0.007669 0.388281
v 0.009354 0.010150 0.376627
v -0.024650 0.054697 0.376200
v 0.027215 0.034089 0.368783
v -0.021242 0.064348 0.371799
v 0.040101 0.053186 0.358329
v -0.023037 0.076227 0.368084
v -0.066972 0.070288 0.362358
v -0.102895 0.095300 0.329008
v -0.053937 0.082198 0.365806
v -0.161604 0.095300 0.323573
v -0.161897 0.117555 0.310171
v 0.260093 0.095300 0.228958
v 0.310786 0.063605 0.205301
v 0.307728 0.095300 0.194213
v 0.301113 0.117555 0.182553
v 0.246330 0.070288 0.276003
v 0.236902 0.082198 0.285643
v 0.248013 0.057666 0.282111
v 0.309182 0.034089 0.219044
v 0.244827 0.047692 0.295814
v 0.280133 -0.000843 0.245295
v 0.251328 -0.011228 0.304160
v 0.235240 -0.011352 0.317246
v 0.228884 0.047113 0.309107
v 0.223051 -0.007669 0.320077
v 0.188092 0.010150 0.327362
v 0.217076 0.054697 0.309574
v 0.168734 0.034089 0.329776
v 0.211894 0.064348 0.307540
v 0.152312 0.053186 0.327401
v 0.211532 0.076227 0.303430
v -0.144022 -0.211069 0.277336
v -0.179100 -0.156007 0.301445
v -0.160307 -0.210982 0.268421
v -0.205776 -0.174453 0.249015
v -0.188721 -0.211090 0.230375
v -0.223029 -0.206115 0.216924
v -0.225583 -0.217748 0.203154
v -0.164748 -0.145187 0.313795
v -0.060709 -0.138652 0.350542
v -0.108462 -0.118811 0.328191
v -0.071463 -0.110713 0.354835
v -0.090620 -0.213857 0.279155
v -0.054964 -0.212836 0.304563
v -0.042688 -0.133984 0.355006
v -0.036579 -0.214114 0.306335
v -0.028926 -0.129178 0.352803
v 0.019989 -0.213788 0.290584
v 0.023444 -0.101636 0.347710
v -0.032765 -0.101636 0.363691
v 0.099526 -0.101636 0.354907
v 0.083090 -0.214910 0.295276
v 0.099526 -0.101636 0.354907
v 0.134877 -0.213788 0.258918
v 0.161177 -0.101636 0.309747
v 0.083090 -0.214910 0.295276
v 0.208761 -0.129178 0.287291
v 0.217636 -0.101636 0.294674
v 0.191526 -0.214114 0.243463
v 0.221708 -0.133984 0.282132
v 0.206407 -0.212836 0.232523
v 0.234897 -0.138652 0.269066
v 0.224010 -0.213857 0.192434
v 0.268940 -0.211069 0.163512
v 0.305418 -0.145187 0.184205
v 0.264456 -0.118811 0.225405
v 0.246332 -0.110713 0.267242
v 0.311416 -0.156007 0.166246
v 0.278357 -0.210982 0.147513
v 0.307464 -0.174453 0.107553
v 0.283267 -0.211090 0.100282
v 0.305838 -0.206115 0.071154
v 0.300978 -0.217748 0.058020
vn -0.1684 0.2674 0.9488
vn -0.1684 0.2673 0.9488
vn -0.1683 0.2674 0.9488
vn -0.1683 0.2673 0.9488
vn -0.1682 0.2673 0.9488
vn -0.1682 0.2674 0.9488
vn -0.1684 0.2674 0.9487
vn 0.6307 0.2674 0.7285
vn 0.6306 0.2674 0.7286
vn 0.6307 0.2673 0.7285
vn 0.6307 0.2672 0.7286
vn 0.6307 0.2673 0.7286
vn 0.6305 0.2673 0.7287
vn 0.6306 0.2673 0.7286
vn 0.6305 0.2674 0.7286
vn 0.6305 0.2674 0.7287
vn -0.1342 -0.5011 0.8549
vn -0.1341 -0.5011 0.8549
vn -0.1341 -0.5011 0.8550
vn -0.1340 -0.5011 0.8549
vn -0.1340 -0.5011 0.8550
vn -0.1341 -0.5010 0.8550
vn -0.1340 -0.5010 0.8550
vn 0.2239 -0.5363 0.8138
vn 0.2240 -0.5363 0.8138
vn 0.2242 -0.5363 0.8137
vn 0.5531 -0.5010 0.6656
vn 0.5532 -0.5011 0.6655
vn 0.2241 -0.5363 0.8138
vn 0.5531 -0.5011 0.6656
vn 0.5533 -0.5011 0.6654
vn 0.5532 -0.5011 0.6654
vt 0.822499 0.586564
vt 0.859035 0.562500
vt 0.817313 0.576389
vt 0.864118 0.592647
vt 0.843750 0.528203
vt 0.817154 0.518006
vt 0.808647 0.517885
vt 0.808558 0.575799
vt 0.804424 0.521501
vt 0.792433 0.538996
vt 0.804869 0.583541
vt 0.786024 0.562500
vt 0.803731 0.593396
vt 0.781250 0.581999
vt 0.804527 0.605525
vt 0.823782 0.599444
vt 0.843750 0.625000
vt 0.817516 0.611623
vt 0.867408 0.625000
vt 0.870269 0.649657
vt 0.869934 0.305450
vt 0.879793 0.375000
vt 0.880541 0.305575
vt 0.906250 0.351992
vt 0.906250 0.305421
vt 0.924977 0.312500
vt 0.931919 0.295946
vt 0.870481 0.387438
vt 0.817478 0.394950
vt 0.843750 0.417757
vt 0.822603 0.427050
vt 0.843750 0.301483
vt 0.818513 0.302937
vt 0.808480 0.400316
vt 0.807908 0.301117
vt 0.802715 0.405840
vt 0.781250 0.301581
vt 0.781250 0.437500
vt 0.803982 0.437500
vt 0.750000 0.437500
vt 0.750000 0.299985
s 1
f 1/1/1 2/2/2 3/3/2
f 2/2/2 1/1/1 4/4/3
f 5/5/4 3/3/2 2/2/2
f 3/3/2 5/5/4 6/6/4
f 7/7/5 3/3/2 6/6/4
f 7/7/5 8/8/5 3/3/2
f 8/8/5 7/7/5 9/9/3
f 10/10/5 8/8/5 9/9/3
f 8/8/5 10/10/5 11/11/3
f 12/12/5 11/11/3 10/10/5
f 11/11/3 12/12/5 13/13/5
f 14/14/3 13/13/5 12/12/5
f 13/13/5 14/14/3 15/15/6
f 16/16/1 4/4/3 1/1/1
f 4/4/3 16/16/1 17/17/7
f 16/16/1 18/18/2 17/17/7
f 4/4/3 17/17/7 19/19/6
f 19/19/6 17/17/7 20/20/3
f 21/17/8 22/4/9 23/19/9
f 21/17/8 23/19/9 24/20/9
f 25/16/8 22/4/9 21/17/8
f 21/17/8 26/18/10 25/16/8
f 27/1/8 22/4/9 25/16/8
f 22/4/9 27/1/8 28/2/10
f 29/3/10 28/2/10 27/1/8
f 28/2/10 29/3/10 30/5/11
f 30/5/11 29/3/10 31/6/12
f 29/3/10 32/7/13 31/6/12
f 33/8/13 32/7/13 29/3/10
f 32/7/13 33/8/13 34/9/14
f 34/9/14 33/8/13 35/10/9
f 36/11/14 35/10/9 33/8/13
f 35/10/9 36/11/14 37/12/14
f 38/13/15 37/12/14 36/11/14
f 37/12/14 38/13/15 39/14/9
f 38/13/15 40/15/16 39/14/9
f 41/21/17 42/22/17 43/23/18
f 44/24/18 43/23/18 42/22/17
f 43/23/18 44/24/18 45/25/19
f 45/25/19 44/24/18 46/26/18
f 46/26/18 47/27/17 45/25/19
f 42/22/17 41/21/17 48/28/17
f 48/28/17 41/21/17 49/29/17
f 48/28/17 49/29/17 50/30/20
f 50/30/20 49/29/17 51/31/17
f 52/32/17 49/29/17 41/21/17
f 53/33/17 49/29/17 52/32/17
f 49/29/17 53/33/17 54/34/21
f 55/35/20 54/34/21 53/33/17
f 54/34/21 55/35/20 56/36/18
f 57/37/21 56/36/18 55/35/20
f 56/36/18 57/37/21 58/38/22
f 58/38/22 59/39/23 56/36/18
f 58/38/22 57/37/21 60/40/24
f 60/40/24 57/37/21 61/41/25
f 62/40/26 63/37/27 64/38/28
f 63/37/27 62/40/26 65/41/29
f 64/38/28 63/37/27 66/36/28
f 66/36/28 67/39/30 64/38/28
f 68/35/30 66/36/28 63/37/27
f 66/36/28 68/35/30 69/34/30
f 70/33/28 69/34/30 68/35/30
f 69/34/30 70/33/28 71/29/28
f 72/32/28 71/29/28 70/33/28
f 73/21/28 71/29/28 72/32/28
f 74/28/28 71/29/28 73/21/28
f 71/29/28 74/28/28 75/30/28
f 71/29/28 75/30/28 76/31/28
f 74/28/28 73/21/28 77/22/31
f 78/23/28 77/22/31 73/21/28
f 77/22/31 78/23/28 79/24/28
f 79/24/28 78/23/28 80/25/28
f 79/24/28 80/25/28 81/26/28
f 81/26/28 80/25/28 82/27/32
o RenderMesh_5858821465
v -0.142750 -0.154941 -0.310376
v -0.192339 -0.211354 -0.261931
v -0.215074 -0.154941 -0.291060
v -0.126752 -0.211354 -0.279460
v -0.152600 -0.093731 -0.329415
v -0.208243 -0.211354 -0.248527
v -0.229078 -0.093731 -0.308997
v -0.155926 -0.030073 -0.335844
v -0.231107 -0.154941 -0.277855
v -0.233806 -0.030073 -0.315054
v -0.245165 -0.093731 -0.295898
v -0.245165 -0.093731 -0.295898
v -0.274214 -0.093731 -0.238815
v -0.249909 -0.030073 -0.301989
v -0.257306 -0.154941 -0.225033
v -0.279922 -0.030073 -0.243469
v 0.171906 -0.154941 -0.318952
v 0.153596 -0.211354 -0.286743
v 0.105680 -0.154941 -0.325082
v 0.093569 -0.211354 -0.291796
v 0.171904 -0.211354 -0.276649
v 0.128947 -0.260799 -0.243367
v 0.077270 -0.260799 -0.247000
v 0.147050 -0.260799 -0.233014
v 0.098887 -0.301378 -0.190443
v 0.057410 -0.301378 -0.192416
v 0.064519 -0.331531 -0.129897
v 0.034750 -0.331531 -0.130142
v 0.116526 -0.301378 -0.179538
v 0.080855 -0.331531 -0.117408
v 0.116526 -0.301378 -0.179538
v 0.131778 -0.301378 -0.153170
v 0.085976 -0.331531 -0.103108
v 0.171923 -0.260799 -0.197050
v 0.204870 -0.211354 -0.233061
v 0.282399 -0.154941 -0.229333
v 0.253097 -0.211354 -0.206493
v 0.229352 -0.154941 -0.259819
v 0.295846 -0.154941 -0.212965
v 0.204870 -0.211354 -0.233061
v 0.266449 -0.211354 -0.190118
v 0.213610 -0.260799 -0.175701
v 0.315761 -0.154941 -0.153828
v 0.282636 -0.211354 -0.137671
v 0.226773 -0.260799 -0.159307
v 0.238058 -0.260799 -0.115928
v 0.171923 -0.260799 -0.197050
v 0.165365 -0.301378 -0.138054
v 0.131778 -0.301378 -0.153170
v 0.178123 -0.301378 -0.121583
v 0.226773 -0.260799 -0.159307
v 0.183740 -0.301378 -0.089433
v 0.109974 -0.331531 -0.094790
v 0.085976 -0.331531 -0.103108
v 0.165365 -0.301378 -0.138054
v 0.178123 -0.301378 -0.121583
v 0.121649 -0.331531 -0.077947
v 0.121769 -0.331531 -0.059206
v -0.330078 -0.154941 -0.105625
v -0.323149 -0.211354 -0.047664
v -0.360016 -0.154941 -0.052266
v -0.295345 -0.211354 -0.095188
v -0.363178 -0.154941 -0.031321
v -0.273463 -0.260799 -0.041451
v -0.326227 -0.211354 -0.026760
v -0.349982 -0.154941 0.029669
v -0.313257 -0.211354 0.026573
v -0.276368 -0.260799 -0.020628
v -0.263835 -0.260799 0.022407
v -0.248600 -0.260799 -0.081142
v -0.212743 -0.301378 -0.033838
v -0.191643 -0.301378 -0.064027
v -0.215261 -0.301378 -0.013156
v -0.276368 -0.260799 -0.020628
v -0.203613 -0.301378 0.017332
v -0.143008 -0.331531 -0.025061
v -0.212743 -0.301378 -0.033838
v -0.126661 -0.331531 -0.044500
v -0.215261 -0.301378 -0.013156
v -0.144406 -0.331531 -0.004616
v -0.134907 -0.331531 0.011540
v -0.095420 -0.342826 -0.015711
v -0.084480 -0.342826 -0.028721
v -0.096355 -0.342826 -0.002028
v -0.089999 -0.342826 0.008786
v -0.032600 -0.349344 0.001407
v -0.032279 -0.349344 -0.003305
v -0.028511 -0.349344 -0.007786
v -0.030411 -0.349344 0.005131
v -0.036424 -0.154941 -0.339682
v 0.035584 -0.154941 -0.360148
v 0.030983 -0.211354 -0.323485
v -0.034323 -0.211354 -0.304936
v -0.037719 -0.093731 -0.361079
v 0.051508 -0.211354 -0.320121
v 0.038421 -0.093731 -0.382727
v -0.038156 -0.030073 -0.368304
v 0.056118 -0.154941 -0.357022
v 0.058947 -0.093731 -0.379720
v 0.113139 -0.093731 -0.345580
v 0.105680 -0.154941 -0.325082
v 0.093569 -0.211354 -0.291796
v 0.039378 -0.030073 -0.390350
v 0.058947 -0.093731 -0.379720
v 0.115657 -0.030073 -0.352502
v 0.059900 -0.030073 -0.387381
v 0.058947 0.033584 -0.379720
v 0.113139 0.033584 -0.345580
v 0.039378 -0.030073 -0.390350
v 0.038421 0.033584 -0.382727
v -0.037719 0.033584 -0.361079
v 0.045264 -0.260799 -0.270338
v 0.077270 -0.260799 -0.247000
v 0.030983 -0.211354 -0.323485
v 0.024797 -0.260799 -0.274145
v -0.031492 -0.260799 -0.258175
v 0.017272 -0.301378 -0.214031
v -0.028044 -0.301378 -0.201196
v 0.037538 -0.301378 -0.209301
v 0.057410 -0.301378 -0.192416
v 0.008707 -0.331531 -0.145456
v -0.024112 -0.331531 -0.136190
v 0.028282 -0.331531 -0.138101
v 0.034750 -0.331531 -0.130142
v -0.129589 -0.331531 -0.059404
v -0.086438 -0.342826 -0.038696
v -0.126661 -0.331531 -0.044500
v -0.081332 -0.342826 -0.051477
v -0.121958 -0.331531 -0.078499
v -0.027427 -0.349344 -0.015621
v -0.028511 -0.349344 -0.007786
v -0.029186 -0.349344 -0.011220
v -0.021563 -0.349344 -0.019186
v -0.382700 -0.093731 -0.055096
v -0.360016 -0.154941 -0.052266
v -0.351466 -0.093731 -0.112052
v -0.385903 -0.093731 -0.034129
v -0.390358 -0.030073 -0.056051
v -0.358688 -0.030073 -0.114222
v -0.351466 0.033584 -0.112052
v -0.393572 -0.030073 -0.035078
v -0.382700 0.033584 -0.055096
v -0.330078 0.094794 -0.105625
v -0.380233 -0.030073 0.032219
v -0.372597 -0.093731 0.031575
v -0.385903 0.033584 -0.034129
v -0.372597 0.033584 0.031575
v -0.360016 0.094794 -0.052266
v 0.265605 -0.260799 -0.015984
v 0.217031 -0.301378 0.019579
v 0.205383 -0.301378 -0.010908
v 0.278138 -0.260799 0.027051
v 0.144778 -0.331531 0.031484
v 0.214513 -0.301378 0.040261
v 0.193414 -0.301378 0.070450
v 0.250371 -0.260799 0.087565
v 0.275233 -0.260799 0.047874
v 0.291820 -0.216954 0.100021
v 0.311759 -0.224450 0.052442
v 0.278138 -0.260799 0.027051
v 0.315028 -0.211354 -0.020150
v 0.327997 -0.211354 0.033184
v 0.351753 -0.154941 -0.023245
v 0.324920 -0.211354 0.054087
v 0.317231 -0.211354 0.067228
v 0.364948 -0.154941 0.037744
v 0.020496 -0.349344 -0.021293
v 0.026027 -0.349344 -0.019376
v 0.028746 -0.349344 -0.011174
v 0.057835 -0.342826 -0.067947
v 0.028717 -0.349344 -0.015494
v 0.081791 -0.342826 -0.038564
v 0.073896 -0.342826 -0.062379
v 0.085976 -0.331531 -0.103108
v 0.109974 -0.331531 -0.094790
v 0.121649 -0.331531 -0.077947
v 0.081710 -0.342826 -0.051107
v 0.121769 -0.331531 -0.059206
v -0.134907 -0.331531 0.011540
v -0.094954 -0.342826 0.022510
v -0.142310 -0.331531 0.032045
v -0.089999 -0.342826 0.008786
v -0.032118 -0.349344 0.009857
v -0.030411 -0.349344 0.005131
v -0.017545 -0.349344 0.031012
v -0.056065 -0.342826 0.074371
v -0.018726 -0.349344 0.027717
v 0.131360 -0.331531 0.065826
v 0.083102 -0.342826 0.057899
v 0.088209 -0.342826 0.045119
v 0.123728 -0.331531 0.084922
v 0.029198 -0.349344 0.022044
v 0.030956 -0.349344 0.017644
v 0.030281 -0.349344 0.014209
v 0.023333 -0.349344 0.025608
v 0.008689 -0.349344 -0.027524
v 0.020496 -0.349344 -0.021293
v -0.149046 -0.216931 0.288274
v -0.127176 -0.260799 0.249791
v -0.088925 -0.220070 0.290322
v -0.075499 -0.260799 0.253424
v -0.145280 -0.260799 0.239437
v -0.167380 -0.216832 0.278237
v -0.199368 -0.216954 0.235405
v -0.170153 -0.260799 0.203472
v -0.127176 -0.260799 0.249791
v -0.097116 -0.301378 0.196867
v -0.145280 -0.260799 0.239437
v -0.055640 -0.301378 0.198840
v -0.114755 -0.301378 0.185962
v -0.130008 -0.301378 0.159594
v -0.032980 -0.331531 0.136565
v -0.062748 -0.331531 0.136320
v -0.097116 -0.301378 0.196867
v -0.114755 -0.301378 0.185962
v -0.079085 -0.331531 0.123831
v -0.084205 -0.331531 0.109532
v -0.052637 -0.342826 0.083940
v -0.013781 -0.349344 0.033890
v -0.041703 -0.342826 0.092299
v -0.142310 -0.331531 0.032045
v -0.210737 -0.301378 0.050701
v -0.203613 -0.301378 0.017332
v -0.134907 -0.331531 0.011540
v -0.136862 -0.331531 0.051813
v -0.205184 -0.301378 0.070848
v -0.091308 -0.342826 0.035741
v -0.119998 -0.331531 0.065629
v -0.094954 -0.342826 0.022510
v -0.089999 -0.342826 0.008786
v -0.032118 -0.349344 0.009857
v -0.030862 -0.349344 0.014413
v -0.080021 -0.342826 0.044987
v -0.026975 -0.349344 0.017598
v -0.018726 -0.349344 0.027717
v -0.024257 -0.349344 0.025799
v -0.026947 -0.349344 0.021917
v -0.080021 -0.342826 0.044987
v -0.056065 -0.342826 0.074371
v -0.079940 -0.342826 0.057530
v -0.119998 -0.331531 0.065629
v -0.119879 -0.331531 0.084371
v -0.072126 -0.342826 0.068803
v -0.084205 -0.331531 0.109532
v -0.108203 -0.331531 0.101212
v -0.013781 -0.349344 0.033890
v -0.017545 -0.349344 0.031012
v -0.006918 -0.349344 0.033947
v -0.052637 -0.342826 0.083940
v -0.056065 -0.342826 0.074371
v -0.084205 -0.331531 0.109532
v -0.021779 -0.342826 0.092464
v -0.041703 -0.342826 0.092299
v -0.079085 -0.331531 0.123831
v -0.032980 -0.331531 0.136565
v -0.062748 -0.331531 0.136320
v -0.005428 -0.349344 0.035781
v -0.021779 -0.342826 0.092464
v -0.017450 -0.342826 0.097791
v -0.032980 -0.331531 0.136565
v -0.026512 -0.331531 0.144524
v -0.000917 -0.349344 0.037477
v 0.006647 -0.349344 0.035342
v -0.004349 -0.342826 0.102713
v -0.006937 -0.331531 0.151879
v 0.025882 -0.331531 0.142612
v 0.017615 -0.342826 0.096512
v 0.035598 -0.219992 0.303189
v -0.028085 -0.220359 0.320921
v -0.023026 -0.260799 0.280569
v 0.033263 -0.260799 0.264598
v -0.043494 -0.260799 0.276762
v -0.048783 -0.218919 0.318927
v -0.088925 -0.220070 0.290322
v -0.075499 -0.260799 0.253424
v -0.035768 -0.301378 0.215724
v -0.055640 -0.301378 0.198840
v -0.015501 -0.301378 0.220454
v -0.023026 -0.260799 0.280569
v 0.029814 -0.301378 0.207619
v -0.026512 -0.331531 0.144524
v -0.032980 -0.331531 0.136565
v -0.006937 -0.331531 0.151879
v 0.025882 -0.331531 0.142612
v -0.015501 -0.301378 0.220454
v -0.229852 -0.211354 -0.202652
v -0.245165 0.033584 -0.295898
v -0.274214 0.033584 -0.238815
v -0.233806 -0.030073 -0.315054
v -0.229078 0.033584 -0.308997
v -0.152600 0.033584 -0.329415
v -0.177375 -0.260799 -0.208973
v -0.192904 -0.260799 -0.172532
v -0.192339 -0.211354 -0.261931
v -0.161748 -0.260799 -0.222729
v -0.105226 -0.260799 -0.237852
v -0.124488 -0.301378 -0.174959
v -0.078995 -0.301378 -0.187152
v -0.139469 -0.301378 -0.160513
v -0.147884 -0.301378 -0.135832
v -0.081999 -0.331531 -0.120455
v -0.049067 -0.331531 -0.129311
v -0.095042 -0.331531 -0.104110
v -0.096519 -0.331531 -0.093961
v -0.054587 -0.342826 -0.079557
v 0.336158 0.033584 -0.163777
v 0.379932 -0.030073 -0.112337
v 0.343046 -0.030073 -0.167136
v 0.336158 -0.093731 -0.163777
v 0.372485 -0.093731 -0.110278
v 0.378155 -0.093731 -0.089707
v 0.315761 -0.154941 -0.153828
v 0.350419 -0.154941 -0.104178
v 0.356080 -0.154941 -0.083640
v 0.350419 -0.154941 -0.104178
v 0.282636 -0.211354 -0.137671
v 0.314546 -0.211354 -0.094255
v 0.238058 -0.260799 -0.115928
v 0.266169 -0.260799 -0.080858
v 0.271779 -0.260799 -0.060503
v 0.206954 -0.301378 -0.064425
v 0.183740 -0.301378 -0.089433
v 0.121769 -0.331531 -0.059206
v 0.138632 -0.331531 -0.045390
v 0.206954 -0.301378 -0.064425
v 0.144081 -0.331531 -0.025622
v 0.212507 -0.301378 -0.044279
v 0.136677 -0.331531 -0.005117
v 0.096725 -0.342826 -0.016086
v 0.093078 -0.342826 -0.029317
v 0.081791 -0.342826 -0.038564
v 0.032633 -0.349344 -0.007990
v 0.028746 -0.349344 -0.011174
v -0.298660 -0.093731 0.249808
v -0.227582 -0.154941 0.266243
v -0.242656 -0.093731 0.282720
v -0.280629 -0.154941 0.235756
v -0.312153 -0.093731 0.233443
v -0.280629 -0.154941 0.235756
v -0.218569 -0.175708 0.256392
v -0.251327 -0.211354 0.212916
v -0.237992 -0.211354 0.220262
v -0.294076 -0.154941 0.219388
v -0.240867 -0.224450 0.204761
v -0.334388 -0.093731 0.170200
v -0.341275 -0.030073 0.173560
v -0.313990 -0.154941 0.160251
v -0.318253 -0.030073 0.238187
v -0.298660 -0.093731 0.249808
v -0.304748 -0.030073 0.254551
v -0.247747 -0.030073 0.288284
v -0.264679 -0.211354 0.196541
v -0.280865 -0.211354 0.144094
v -0.225003 -0.260799 0.165730
v -0.236287 -0.260799 0.122351
v -0.211840 -0.260799 0.182124
v -0.199368 -0.216954 0.235405
v -0.170153 -0.260799 0.203472
v -0.163594 -0.301378 0.144478
v -0.130008 -0.301378 0.159594
v -0.108203 -0.331531 0.101212
v -0.084205 -0.331531 0.109532
v -0.176353 -0.301378 0.128006
v -0.225003 -0.260799 0.165730
v -0.119879 -0.331531 0.084371
v -0.181969 -0.301378 0.095857
v -0.119998 -0.331531 0.065629
v 0.010253 -0.349344 0.037199
v 0.017615 -0.342826 0.096512
v -0.008483 -0.349344 -0.030775
v 0.028088 -0.342826 0.101906
v 0.025882 -0.331531 0.142612
v 0.041529 -0.331531 0.150672
v 0.034319 -0.342826 0.091908
v 0.050838 -0.331531 0.135734
v 0.080766 -0.301378 0.193576
v 0.059891 -0.301378 0.217291
v 0.106996 -0.260799 0.244275
v 0.075986 -0.260799 0.275683
v 0.086549 -0.221254 0.314009
v 0.124762 -0.219992 0.278613
v 0.012398 -0.349344 0.033757
v -0.004877 -0.349344 -0.028918
v -0.015844 -0.342826 -0.090088
v 0.023333 -0.349344 0.025608
v 0.019988 -0.349344 0.031715
v 0.034319 -0.342826 0.091908
v 0.022993 -0.349344 0.027948
v 0.056358 -0.342826 0.085980
v 0.066076 -0.342826 0.068248
v 0.065087 -0.342826 0.075041
v 0.098289 -0.331531 0.100384
v 0.050838 -0.331531 0.135734
v 0.096812 -0.331531 0.110533
v 0.149655 -0.301378 0.142255
v 0.083769 -0.331531 0.126878
v 0.080766 -0.301378 0.193576
v 0.126258 -0.301378 0.181381
v 0.141239 -0.301378 0.166936
v 0.194675 -0.260799 0.178956
v 0.179146 -0.260799 0.215397
v 0.225109 -0.220070 0.203766
v 0.205291 -0.218919 0.248897
v 0.126258 -0.301378 0.181381
v 0.188537 -0.220359 0.261214
v 0.163519 -0.260799 0.229152
v 0.163519 -0.260799 0.229152
v 0.124762 -0.219992 0.278613
v 0.106996 -0.260799 0.244275
v -0.376385 0.033584 0.096130
v -0.383835 -0.030073 0.098178
v -0.378162 -0.030073 0.118760
v -0.334388 -0.093731 0.170200
v -0.370714 -0.093731 0.116702
v -0.313990 -0.154941 0.160251
v -0.354309 -0.154941 0.090064
v -0.376385 -0.093731 0.096130
v -0.348649 -0.154941 0.110602
v -0.280865 -0.211354 0.144094
v -0.312777 -0.211354 0.100679
v -0.318419 -0.211354 0.080207
v -0.236287 -0.260799 0.122351
v -0.264398 -0.260799 0.087281
v -0.205184 -0.301378 0.070848
v -0.270009 -0.260799 0.066927
v -0.181969 -0.301378 0.095857
v -0.136862 -0.331531 0.051813
v -0.119998 -0.331531 0.065629
v -0.080021 -0.342826 0.044987
v -0.091308 -0.342826 0.035741
v -0.026975 -0.349344 0.017598
v -0.030862 -0.349344 0.014413
v 0.086549 -0.221254 0.314009
v 0.035598 -0.219992 0.303189
v 0.033263 -0.260799 0.264598
v 0.075986 -0.260799 0.275683
v 0.059891 -0.301378 0.217291
v 0.029814 -0.301378 0.207619
v 0.041529 -0.331531 0.150672
v 0.025882 -0.331531 0.142612
v -0.037334 -0.011857 0.394592
v -0.037608 -0.030073 0.396774
v -0.025417 -0.008174 0.390779
v -0.057855 -0.011734 0.391597
v -0.058130 -0.030073 0.393804
v -0.113887 -0.030073 0.358924
v -0.112751 -0.001349 0.355801
v -0.057176 -0.093731 0.386143
v -0.111369 -0.093731 0.352003
v -0.036650 -0.093731 0.389150
v -0.067357 -0.103949 0.375523
v -0.109012 -0.113066 0.345529
v -0.057176 -0.093731 0.386143
v -0.055250 -0.135403 0.370690
v -0.034963 -0.130148 0.375718
v -0.019469 -0.124737 0.373237
v -0.023791 -0.093731 0.385494
v 0.039563 -0.083069 0.368712
v 0.039489 -0.093731 0.367502
v 0.039927 -0.030073 0.374728
v 0.008338 0.009644 0.379124
v 0.039489 0.033584 0.367502
v 0.026200 0.033584 0.371281
v 0.039086 0.052681 0.360827
v 0.275691 -0.216931 0.171205
v 0.225109 -0.220070 0.203766
v 0.237193 -0.260799 0.149361
v 0.194675 -0.260799 0.178956
v 0.247435 -0.260799 0.131194
v 0.286293 -0.216832 0.153192
v 0.291820 -0.216954 0.100021
v 0.250371 -0.260799 0.087565
v 0.237193 -0.260799 0.149361
v 0.184263 -0.301378 0.119311
v 0.247435 -0.260799 0.131194
v 0.149655 -0.301378 0.142255
v 0.193825 -0.301378 0.100909
v 0.193414 -0.301378 0.070450
v 0.123728 -0.331531 0.084922
v 0.184263 -0.301378 0.119311
v 0.193825 -0.301378 0.100909
v 0.098289 -0.331531 0.100384
v 0.131360 -0.331531 0.065826
v 0.128431 -0.331531 0.050924
v 0.083102 -0.342826 0.057899
v 0.088209 -0.342826 0.045119
v 0.066076 -0.342826 0.068248
v 0.086250 -0.342826 0.035145
v 0.029198 -0.349344 0.022044
v 0.030956 -0.349344 0.017644
v 0.030281 -0.349344 0.014209
v 0.008689 -0.349344 -0.027524
v 0.002687 -0.349344 -0.031053
v -0.015844 -0.342826 -0.090088
v 0.007198 -0.349344 -0.029358
v 0.006119 -0.342826 -0.096289
v -0.024112 -0.331531 -0.136190
v 0.008707 -0.331531 -0.145456
v 0.028282 -0.331531 -0.138101
v 0.019221 -0.342826 -0.091367
v 0.034750 -0.331531 -0.130142
v 0.023550 -0.342826 -0.086040
v 0.023550 -0.342826 -0.086040
v 0.015551 -0.349344 -0.027467
v 0.043474 -0.342826 -0.085876
v 0.034750 -0.331531 -0.130142
v 0.064519 -0.331531 -0.129897
v 0.080855 -0.331531 -0.117408
v 0.054407 -0.342826 -0.077517
v 0.085976 -0.331531 -0.103108
v 0.057835 -0.342826 -0.067947
v 0.019316 -0.349344 -0.024588
v 0.222036 -0.008174 0.322575
v 0.157696 -0.030073 0.342267
v 0.235577 -0.030073 0.321477
v 0.234224 -0.011857 0.319744
v 0.187076 0.009644 0.329859
v 0.250312 -0.011734 0.306658
v 0.154370 0.033584 0.335838
v 0.167719 0.033584 0.332275
v 0.151297 0.052681 0.329899
v 0.217932 -0.093731 0.318869
v 0.154927 -0.083069 0.336915
v 0.154370 -0.093731 0.335838
v 0.230848 -0.093731 0.315420
v 0.207941 -0.124737 0.310556
v 0.222518 -0.130148 0.304749
v 0.246936 -0.093731 0.302322
v 0.237365 -0.135403 0.290038
v 0.250238 -0.103949 0.287985
v 0.275984 -0.093731 0.245238
v 0.270644 -0.113066 0.240885
v 0.246936 -0.093731 0.302322
v 0.281693 -0.030073 0.249892
v 0.251679 -0.030073 0.308412
v 0.279117 -0.001349 0.247792
v -0.270009 -0.260799 0.066927
v -0.263835 -0.260799 0.022407
v -0.210737 -0.301378 0.050701
v -0.318419 -0.211354 0.080207
v -0.264398 -0.260799 0.087281
v -0.312777 -0.211354 0.100679
v -0.313257 -0.211354 0.026573
v -0.354309 -0.154941 0.090064
v -0.348649 -0.154941 0.110602
v -0.349982 -0.154941 0.029669
v -0.370714 -0.093731 0.116702
v -0.354309 -0.154941 0.090064
v -0.376385 -0.093731 0.096130
v -0.372597 -0.093731 0.031575
v -0.383835 -0.030073 0.098178
v -0.378162 -0.030073 0.118760
v -0.380233 -0.030073 0.032219
v -0.372597 0.033584 0.031575
v -0.376385 0.033584 0.096130
v -0.370714 0.033584 0.116702
v -0.349982 0.094794 0.029669
v -0.354309 0.094794 0.090064
v -0.348649 0.094794 0.110602
v -0.313257 0.151207 0.026573
v -0.318419 0.151207 0.080207
v -0.348649 0.094794 0.110602
v 0.238058 0.200652 -0.115928
v 0.266169 0.200652 -0.080858
v 0.314546 0.151207 -0.094255
v 0.271779 0.200652 -0.060503
v 0.282636 0.151207 -0.137671
v 0.314546 0.151207 -0.094255
v 0.350419 0.094794 -0.104178
v 0.356080 0.094794 -0.083640
v 0.315761 0.094794 -0.153828
v 0.372485 0.033584 -0.110278
v 0.378155 0.033584 -0.089707
v 0.385605 -0.030073 -0.091755
v 0.054407 -0.342826 -0.077517
v 0.043474 -0.342826 -0.085876
v 0.019316 -0.349344 -0.024588
v 0.015551 -0.349344 -0.027467
v 0.229352 -0.154941 -0.259819
v 0.190306 -0.154941 -0.308994
v 0.244427 -0.093731 -0.276296
v 0.201619 -0.093731 -0.328891
v 0.249517 -0.030073 -0.281860
v 0.205437 -0.030073 -0.335606
v 0.186987 -0.030073 -0.345472
v 0.183180 -0.093731 -0.338778
v 0.171906 -0.154941 -0.318952
v 0.115657 -0.030073 -0.352502
v 0.113139 -0.093731 -0.345580
v 0.201619 0.033584 -0.328891
v 0.205437 -0.030073 -0.335606
v 0.244427 0.033584 -0.276296
v 0.186987 -0.030073 -0.345472
v 0.190306 0.094794 -0.308995
v 0.229352 0.094794 -0.259819
v 0.183180 0.033584 -0.338778
v 0.113139 0.033584 -0.345580
v 0.171906 0.094794 -0.318952
v 0.105680 0.094794 -0.325082
v 0.153596 0.151207 -0.286743
v 0.093569 0.151207 -0.291796
v 0.171904 0.151207 -0.276649
v 0.190306 0.094794 -0.308995
v 0.204870 0.151207 -0.233061
v 0.147050 0.200652 -0.233014
v 0.171923 0.200652 -0.197049
v 0.128947 0.200652 -0.243367
v 0.077270 0.200652 -0.247000
v 0.119360 0.233534 -0.184018
v 0.134987 0.233534 -0.157004
v 0.101289 0.233534 -0.195190
v 0.058795 0.233534 -0.197212
v 0.078420 0.250987 -0.153544
v 0.044244 0.250987 -0.154608
v 0.119360 0.233534 -0.184018
v 0.064519 0.252288 -0.129897
v 0.034751 0.252288 -0.130142
v 0.094718 0.250987 -0.142322
v 0.080854 0.252288 -0.117407
v 0.104491 0.250987 -0.122814
v 0.085977 0.252288 -0.103109
v 0.071656 0.254570 -0.103534
v 0.076189 0.254570 -0.090880
v -0.280865 0.151207 0.144094
v -0.312777 0.151207 0.100679
v -0.348649 0.094794 0.110602
v -0.318419 0.151207 0.080207
v -0.313990 0.094794 0.160251
v -0.236287 0.200652 0.122351
v -0.264398 0.200652 0.087281
v -0.348649 0.094794 0.110602
v -0.370714 0.033584 0.116702
v -0.334388 0.033584 0.170200
v -0.341275 -0.030073 0.173560
v -0.203100 0.151207 0.239484
v -0.211840 0.200652 0.182124
v -0.251327 0.151207 0.212916
v -0.170153 0.200652 0.203472
v -0.227582 0.094794 0.266243
v -0.264679 0.151207 0.196541
v -0.225003 0.200652 0.165730
v -0.280865 0.151207 0.144094
v -0.236287 0.200652 0.122351
v -0.264679 0.151207 0.196541
v -0.313990 0.094794 0.160251
v -0.294076 0.094794 0.219388
v -0.334388 0.033584 0.170200
v -0.280629 0.094795 0.235756
v -0.312153 0.033584 0.233443
v -0.298660 0.033584 0.249808
v -0.242656 0.033584 0.282720
v -0.318253 -0.030073 0.238187
v -0.298660 0.033584 0.249808
v -0.304748 -0.030073 0.254551
v 0.300431 -0.093731 -0.243385
v 0.244427 -0.093731 -0.276296
v 0.282399 -0.154941 -0.229333
v 0.306518 -0.030073 -0.248128
v 0.249517 -0.030073 -0.281860
v 0.244427 0.033584 -0.276296
v 0.313923 -0.093731 -0.227020
v 0.300431 0.033584 -0.243385
v 0.229352 0.094794 -0.259819
v 0.320023 -0.030073 -0.231764
v 0.343046 -0.030073 -0.167136
v 0.336158 -0.093731 -0.163777
v 0.313923 0.033584 -0.227020
v 0.336158 0.033584 -0.163777
v 0.282399 0.094794 -0.229333
v 0.295846 0.094794 -0.212965
v 0.315761 0.094794 -0.153828
v 0.253097 0.151207 -0.206493
v 0.204870 0.151207 -0.233061
v 0.266449 0.151207 -0.190118
v 0.282636 0.151207 -0.137671
v 0.213610 0.200652 -0.175701
v 0.226773 0.200652 -0.159307
v 0.238058 0.200652 -0.115928
v 0.171923 0.200652 -0.197049
v 0.169396 0.233534 -0.141517
v 0.134987 0.233534 -0.157004
v 0.182467 0.233534 -0.124642
v 0.226773 0.200652 -0.159307
v 0.188222 0.233534 -0.091704
v 0.132113 0.250987 -0.111572
v 0.169396 0.233534 -0.141517
v 0.104491 0.250987 -0.122814
v 0.182467 0.233534 -0.124642
v 0.143834 0.250987 -0.095591
v 0.146586 0.250987 -0.071179
v 0.109974 0.252288 -0.094790
v 0.085977 0.252288 -0.103109
v 0.097426 0.254570 -0.083516
v 0.121649 0.252288 -0.077947
v 0.121769 0.252288 -0.059206
v 0.107758 0.254570 -0.068613
v 0.077709 0.252002 -0.065805
v 0.076189 0.254570 -0.090880
v 0.060809 0.252002 -0.071663
v -0.021563 -0.349344 -0.019186
v -0.084480 -0.342826 -0.028721
v -0.029186 -0.349344 -0.011220
v -0.086438 -0.342826 -0.038696
v -0.126661 -0.331531 -0.044500
v -0.027427 -0.349344 -0.015621
v -0.064306 -0.342826 -0.061825
v -0.081332 -0.342826 -0.051477
v -0.096519 -0.331531 -0.093961
v -0.121958 -0.331531 -0.078499
v -0.147884 -0.301378 -0.135832
v -0.182493 -0.301378 -0.112887
v -0.192904 -0.260799 -0.172532
v -0.192054 -0.301378 -0.094485
v -0.129589 -0.331531 -0.059404
v -0.191643 -0.301378 -0.064027
v -0.235423 -0.260799 -0.142937
v -0.229852 -0.211354 -0.202652
v -0.245665 -0.260799 -0.124771
v -0.278814 -0.211354 -0.167559
v -0.257306 -0.154941 -0.225033
v -0.192054 -0.301378 -0.094485
v -0.248600 -0.260799 -0.081142
v -0.295345 -0.211354 -0.095188
v -0.311040 -0.154941 -0.185839
v -0.289365 -0.211354 -0.149511
v -0.330078 -0.154941 -0.105625
v -0.321740 -0.154941 -0.167861
v -0.351466 -0.093731 -0.112052
v -0.341649 -0.093731 -0.179152
v -0.358688 -0.030073 -0.114222
v -0.348368 -0.030073 -0.182963
v -0.337578 -0.030073 -0.200888
v -0.330879 -0.093731 -0.197090
v -0.311040 -0.154941 -0.185839
v -0.279922 -0.030073 -0.243469
v -0.274214 -0.093731 -0.238815
v -0.341649 0.033584 -0.179152
v -0.348368 -0.030073 -0.182963
v -0.351466 0.033584 -0.112052
v -0.337578 -0.030073 -0.200888
v -0.321740 0.094794 -0.167861
v -0.330078 0.094794 -0.105625
v -0.330879 0.033584 -0.197090
v -0.274214 0.033584 -0.238815
v -0.311040 0.094794 -0.185839
v -0.257306 0.094794 -0.225033
v -0.278814 0.151207 -0.167559
v -0.229852 0.151207 -0.202652
v -0.289365 0.151207 -0.149511
v -0.321740 0.094794 -0.167861
v -0.295345 0.151207 -0.095188
v -0.245665 0.200652 -0.124771
v -0.248600 0.200652 -0.081142
v -0.235423 0.200652 -0.142937
v -0.192905 0.200652 -0.172533
v -0.196783 0.233534 -0.096880
v -0.196363 0.233534 -0.065675
v -0.186988 0.233534 -0.115733
v -0.151530 0.233534 -0.139241
v -0.146011 0.250987 -0.091684
v -0.117207 0.250987 -0.110108
v -0.196783 0.233534 -0.096880
v -0.154259 0.250987 -0.073697
v -0.152657 0.250987 -0.051937
v -0.121958 0.252288 -0.078499
v -0.096520 0.252288 -0.093960
v -0.129588 0.252288 -0.059404
v -0.126662 0.252288 -0.044500
v -0.107828 0.254570 -0.069100
v -0.085315 0.254570 -0.082784
v -0.114580 0.254570 -0.052202
v -0.111991 0.254570 -0.039012
v -0.085626 0.252002 -0.054332
v -0.067710 0.252002 -0.065221
v -0.090998 0.252002 -0.040885
v -0.065215 0.245990 -0.040756
v -0.051526 0.245990 -0.049076
v -0.069320 0.245990 -0.030481
v -0.088937 0.252002 -0.030389
v -0.051557 0.239328 -0.031672
v -0.040696 0.239328 -0.038272
v -0.054814 0.239328 -0.023520
v -0.067745 0.245990 -0.022462
v -0.032524 0.227505 -0.019012
v -0.025605 0.227505 -0.023217
v -0.034599 0.227505 -0.013819
v 0.036508 0.349301 -0.014707
v 0.002665 0.348381 -0.012248
v 0.000161 0.348259 -0.004689
v 0.030484 0.349179 -0.019916
v 0.040080 0.349344 -0.007589
v 0.022927 0.348996 -0.022423
v 0.014985 0.348780 -0.021846
v 0.007871 0.348564 -0.018273
v 0.000738 0.348215 0.003255
v 0.004312 0.348259 0.010372
v 0.040659 0.349301 0.000354
v 0.010335 0.348381 0.015582
v 0.038155 0.349179 0.007914
v 0.032949 0.348996 0.013938
v 0.025833 0.348780 0.017511
v 0.017893 0.348564 0.018088
v -0.031492 0.200652 -0.258175
v 0.017674 0.233534 -0.219356
v 0.024797 0.200652 -0.274145
v -0.034323 0.151207 -0.304936
v -0.028755 0.233534 -0.206207
v 0.030983 0.151207 -0.323484
v -0.036424 0.094794 -0.339682
v 0.045264 0.200652 -0.270339
v 0.012496 0.250987 -0.172322
v -0.024985 0.250987 -0.161720
v 0.008706 0.252288 -0.145456
v -0.024112 0.252288 -0.136190
v 0.038436 0.233534 -0.214509
v 0.031607 0.250987 -0.166525
v 0.028282 0.252288 -0.138102
v 0.044244 0.250987 -0.154608
v 0.034751 0.252288 -0.130142
v 0.058795 0.233534 -0.197212
v 0.077270 0.200652 -0.247000
v 0.093569 0.151207 -0.291796
v 0.051508 0.151207 -0.320121
v 0.105680 0.094794 -0.325082
v 0.051508 0.151207 -0.320121
v 0.035584 0.094794 -0.360148
v 0.038421 0.033584 -0.382727
v 0.056118 0.094794 -0.357023
v 0.058947 0.033584 -0.379720
v 0.194675 0.200652 0.178957
v 0.188758 0.233534 0.122157
v 0.153301 0.233534 0.145664
v 0.237193 0.200652 0.149361
v 0.231623 0.151207 0.209076
v 0.147778 0.250987 0.098094
v 0.118973 0.250987 0.116517
v 0.198554 0.233534 0.103304
v 0.247435 0.200652 0.131194
v 0.280585 0.151207 0.173983
v 0.259077 0.094794 0.231457
v 0.198554 0.233534 0.103304
v 0.300098 0.117049 0.185051
v 0.291135 0.151207 0.155934
v 0.297115 0.151207 0.101612
v 0.291135 0.151207 0.155934
v 0.250371 0.200652 0.087565
v 0.198133 0.233534 0.072098
v 0.331849 0.094794 0.112049
v 0.323511 0.094795 0.174284
v 0.353237 0.033584 0.118476
v 0.312811 0.094795 0.192262
v 0.306713 0.094795 0.196711
v 0.343420 0.033584 0.185574
v 0.360459 -0.030073 0.120646
v 0.332650 0.033584 0.203513
v 0.312811 0.094795 0.192262
v 0.350139 -0.030073 0.189385
v 0.309770 0.063100 0.207798
v 0.306713 0.094795 0.196711
v 0.308166 0.033584 0.221541
v 0.339348 -0.030073 0.207311
v 0.279117 -0.001349 0.247792
v 0.281693 -0.030073 0.249892
v 0.332650 -0.093731 0.203513
v 0.275984 -0.093731 0.245238
v 0.343420 -0.093731 0.185574
v 0.353237 -0.093731 0.118476
v 0.323511 -0.154941 0.174285
v 0.331849 -0.154941 0.112049
v 0.319062 -0.175708 0.108207
v 0.316759 -0.142760 0.194501
v 0.332650 -0.093731 0.203513
v 0.270644 -0.113066 0.240885
v -0.034292 0.252002 -0.090117
v -0.020985 0.245990 -0.076135
v -0.027738 0.252002 -0.100636
v -0.016720 0.252002 -0.094960
v -0.012566 0.245990 -0.071799
v -0.021236 0.254570 -0.120156
v -0.035084 0.254570 -0.127288
v -0.025993 0.245990 -0.068098
v -0.016466 0.239328 -0.059740
v -0.020439 0.239328 -0.053364
v -0.009787 0.239328 -0.056300
v -0.010169 0.227505 -0.036895
v -0.005915 0.227505 -0.034703
v -0.024112 0.252288 -0.136190
v -0.039759 0.252288 -0.144250
v -0.024985 0.250987 -0.161720
v -0.046919 0.250987 -0.170227
v -0.028755 0.233534 -0.206207
v -0.059568 0.233534 -0.216117
v -0.031492 0.200652 -0.258175
v -0.074216 0.200652 -0.269261
v -0.087424 0.151207 -0.317182
v -0.034323 0.151207 -0.304936
v -0.097238 0.094794 -0.352791
v -0.036424 0.094794 -0.339682
v -0.103282 0.033584 -0.374719
v -0.037719 0.033584 -0.361079
v -0.105323 -0.030073 -0.382123
v -0.038156 -0.030073 -0.368304
v -0.037719 -0.093731 -0.361079
v -0.103282 -0.093731 -0.374719
v -0.036424 -0.154941 -0.339682
v -0.097238 -0.154941 -0.352791
v -0.034323 -0.211354 -0.304936
v -0.087424 -0.211354 -0.317181
v -0.031492 -0.260799 -0.258175
v -0.074215 -0.260799 -0.269261
v -0.058121 -0.301378 -0.210868
v -0.028044 -0.301378 -0.201196
v -0.039759 -0.331531 -0.144249
v -0.024112 -0.331531 -0.136190
v 0.315028 0.151207 -0.020150
v 0.356080 0.094794 -0.083640
v 0.320190 0.151207 -0.073783
v 0.314546 0.151207 -0.094255
v 0.351753 0.094794 -0.023245
v 0.265605 0.200652 -0.015984
v 0.271779 0.200652 -0.060503
v 0.314546 0.151207 -0.094255
v 0.217694 0.233534 -0.045442
v 0.271779 0.200652 -0.060503
v 0.210397 0.233534 -0.011254
v 0.378155 0.033584 -0.089707
v 0.356080 0.094794 -0.083640
v 0.350419 0.094794 -0.104178
v 0.374367 0.033584 -0.025152
v 0.385605 -0.030073 -0.091755
v 0.382003 -0.030073 -0.025795
v 0.374367 -0.093731 -0.025152
v 0.372485 0.033584 -0.110278
v 0.379932 -0.030073 -0.112337
v 0.378155 -0.093731 -0.089707
v 0.351753 -0.154941 -0.023245
v 0.350419 -0.154941 -0.104178
v 0.372485 -0.093731 -0.110278
v 0.356080 -0.154941 -0.083640
v 0.315028 -0.211354 -0.020150
v 0.320190 -0.211354 -0.073783
v 0.314546 -0.211354 -0.094255
v 0.265605 -0.260799 -0.015984
v 0.271779 -0.260799 -0.060503
v 0.212507 -0.301378 -0.044279
v 0.266169 -0.260799 -0.080858
v 0.206954 -0.301378 -0.064425
v 0.205383 -0.301378 -0.010908
v 0.144081 -0.331531 -0.025622
v 0.136677 -0.331531 -0.005117
v 0.096725 -0.342826 -0.016086
v 0.091769 -0.342826 -0.002363
v 0.138632 -0.331531 -0.045390
v 0.093078 -0.342826 -0.029317
v 0.121769 -0.331531 -0.059206
v 0.032633 -0.349344 -0.007990
v 0.081791 -0.342826 -0.038564
v 0.033888 -0.349344 -0.003434
v 0.032182 -0.349344 0.001293
v 0.034049 -0.349344 0.009728
v 0.086250 -0.342826 0.035145
v 0.034370 -0.349344 0.005016
v 0.091769 -0.342826 -0.002363
v 0.097190 -0.342826 0.022135
v 0.098126 -0.342826 0.008450
v 0.136677 -0.331531 -0.005117
v 0.128431 -0.331531 0.050924
v 0.146176 -0.331531 0.011039
v 0.374367 -0.093731 -0.025152
v 0.319062 -0.175708 0.108207
v 0.361786 -0.154941 0.058689
v 0.331849 -0.154941 0.112049
v 0.387673 -0.093731 0.040552
v 0.361786 -0.154941 0.058689
v 0.382003 -0.030073 -0.025795
v 0.384471 -0.093731 0.061519
v 0.353237 -0.093731 0.118476
v 0.395342 -0.030073 0.041501
v 0.384471 -0.093731 0.061519
v 0.392128 -0.030073 0.062474
v 0.360459 -0.030073 0.120646
v 0.392128 -0.030073 0.062474
v 0.353237 0.033584 0.118476
v 0.384471 0.033584 0.061519
v 0.395342 -0.030073 0.041501
v 0.387673 0.033584 0.040552
v 0.374367 0.033584 -0.025152
v 0.364948 0.094794 0.037744
v 0.351753 0.094794 -0.023245
v 0.327997 0.151207 0.033184
v 0.315028 0.151207 -0.020150
v 0.324920 0.151207 0.054087
v 0.361786 0.094795 0.058689
v 0.384471 0.033584 0.061519
v 0.331849 0.094794 0.112049
v 0.297115 0.151207 0.101612
v 0.275233 0.200652 0.047874
v 0.250371 0.200652 0.087565
v 0.327997 0.151207 0.033184
v 0.278138 0.200652 0.027051
v 0.265605 0.200652 -0.015984
v 0.219749 0.233534 0.041169
v 0.198133 0.233534 0.072098
v 0.275233 0.200652 0.047874
v 0.222329 0.233534 0.019981
v 0.278138 0.200652 0.027051
v 0.210397 0.233534 -0.011254
v 0.174263 0.250987 0.014811
v 0.164120 0.250987 -0.007564
v 0.146176 0.252288 0.011039
v 0.136677 0.252288 -0.005117
v 0.129464 0.254570 0.010139
v 0.121058 0.254570 -0.004159
v 0.103205 0.252002 0.008724
v 0.144778 0.252288 0.031484
v 0.096515 0.252002 -0.002654
v 0.079064 0.245990 0.007423
v 0.073952 0.245990 -0.001270
v 0.078311 0.245990 0.018425
v 0.062910 0.239328 0.006553
v 0.062313 0.239328 0.015282
v 0.058853 0.239328 -0.000344
v 0.040400 0.227505 0.005340
v 0.037816 0.227505 0.000947
v 0.090708 0.252002 0.036812
v 0.069515 0.245990 0.028885
v 0.102219 0.252002 0.023122
v 0.113761 0.254570 0.045435
v 0.128226 0.254570 0.028232
v 0.154424 0.250987 0.058346
v 0.128433 0.252288 0.050924
v 0.172385 0.250987 0.034540
v 0.219749 0.233534 0.041169
v -0.099519 0.233534 0.201614
v -0.075499 0.200652 0.253424
v -0.057025 0.233534 0.203635
v -0.127176 0.200652 0.249791
v -0.091799 0.151207 0.298219
v -0.076653 0.250987 0.159953
v -0.042477 0.250987 0.161017
v -0.117590 0.233534 0.190442
v -0.062748 0.252288 0.136320
v -0.032981 0.252288 0.136566
v -0.092952 0.250987 0.148731
v -0.133216 0.233534 0.163426
v -0.079084 0.252288 0.123830
v -0.102725 0.250987 0.129223
v -0.084207 0.252288 0.109533
v -0.074419 0.254570 0.097303
v -0.069885 0.254570 0.109956
v -0.055431 0.252002 0.088156
v -0.170153 0.200652 0.203472
v -0.117590 0.233534 0.190442
v -0.145280 0.200652 0.239437
v -0.203100 0.151207 0.239484
v -0.170133 0.151207 0.283072
v -0.151826 0.151207 0.293167
v -0.103909 0.094794 0.331505
v -0.162913 0.117049 0.312669
v -0.170133 0.151207 0.283072
v -0.227582 0.094794 0.266243
v -0.188536 0.094795 0.315418
v -0.242656 0.033584 0.282720
v -0.170136 0.094795 0.325375
v -0.162620 0.094795 0.326071
v -0.199849 0.033584 0.335314
v -0.247747 -0.030073 0.288284
v -0.181409 0.033584 0.345202
v -0.170136 0.094795 0.325375
v -0.159565 0.063100 0.337160
v -0.162620 0.094795 0.326071
v -0.151147 0.033584 0.348140
v -0.203667 -0.030073 0.342029
v -0.185216 -0.030073 0.351895
v -0.112751 -0.001349 0.355801
v -0.113887 -0.030073 0.358924
v -0.199849 -0.093731 0.335314
v -0.181409 -0.093731 0.345202
v -0.111369 -0.093731 0.352003
v -0.242656 -0.093731 0.282720
v -0.188536 -0.154941 0.315418
v -0.227582 -0.154941 0.266243
v -0.218569 -0.175708 0.256392
v -0.172379 -0.142760 0.329321
v -0.181409 -0.093731 0.345202
v -0.109012 -0.113066 0.345529
v -0.032548 -0.342826 -0.085484
v -0.063317 -0.342826 -0.068618
v -0.064306 -0.342826 -0.061825
v -0.018217 -0.349344 -0.025292
v -0.021223 -0.349344 -0.021524
v -0.010627 -0.349344 -0.027333
v -0.032548 -0.342826 -0.085484
v -0.026317 -0.342826 -0.095482
v -0.049067 -0.331531 -0.129311
v -0.039759 -0.331531 -0.144249
v -0.078995 -0.301378 -0.187152
v -0.024112 -0.331531 -0.136190
v -0.058121 -0.301378 -0.210868
v -0.105226 -0.260799 -0.237852
v -0.074215 -0.260799 -0.269261
v -0.087424 -0.211354 -0.317181
v -0.126752 -0.211354 -0.279460
v -0.097238 -0.154941 -0.352791
v -0.142750 -0.154941 -0.310376
v -0.103282 -0.093731 -0.374719
v -0.152600 -0.093731 -0.329415
v -0.105323 -0.030073 -0.382123
v -0.155926 -0.030073 -0.335844
v -0.152600 0.033584 -0.329415
v -0.103282 0.033584 -0.374719
v -0.142750 0.094794 -0.310376
v -0.097238 0.094794 -0.352791
v -0.126752 0.151207 -0.279460
v -0.087424 0.151207 -0.317182
v -0.105226 0.200652 -0.237852
v -0.074216 0.200652 -0.269261
v -0.059568 0.233534 -0.216117
v -0.080952 0.233534 -0.191820
v -0.046919 0.250987 -0.170227
v -0.061397 0.250987 -0.151684
v -0.039759 0.252288 -0.144250
v -0.049067 0.252288 -0.129311
v -0.035084 0.254570 -0.127288
v -0.043322 0.254570 -0.114068
v -0.027738 0.252002 -0.100636
v -0.034292 0.252002 -0.090117
v -0.024112 0.252288 -0.136190
v -0.021236 0.254570 -0.120156
v -0.020985 0.245990 -0.076135
v -0.025993 0.245990 -0.068098
v -0.016466 0.239328 -0.059740
v -0.012566 0.245990 -0.071799
v -0.010169 0.227505 -0.036895
v -0.009787 0.239328 -0.056300
v -0.020439 0.239328 -0.053364
v -0.012700 0.227505 -0.032833
v -0.127561 0.233534 -0.179326
v -0.105226 0.200652 -0.237852
v -0.161748 0.200652 -0.222729
v -0.126752 0.151207 -0.279460
v -0.080952 0.233534 -0.191820
v -0.192339 0.151207 -0.261931
v -0.142750 0.094794 -0.310376
v -0.177375 0.200652 -0.208973
v -0.099018 0.250987 -0.141586
v -0.061397 0.250987 -0.151684
v -0.208243 0.151207 -0.248527
v -0.229852 0.151207 -0.202652
v -0.215074 0.094794 -0.291060
v -0.192905 0.200652 -0.172533
v -0.208243 0.151207 -0.248527
v -0.229078 0.033584 -0.308997
v -0.257306 0.094794 -0.225033
v -0.231107 0.094794 -0.277856
v -0.245165 0.033584 -0.295898
v -0.142908 0.233534 -0.164526
v -0.151530 0.233534 -0.139241
v -0.112460 0.250987 -0.126816
v -0.117207 0.250987 -0.110108
v -0.081998 0.252288 -0.120456
v -0.049067 0.252288 -0.129311
v -0.095042 0.252288 -0.104110
v -0.096520 0.252288 -0.093960
v -0.072465 0.254570 -0.106231
v -0.043322 0.254570 -0.114068
v -0.084007 0.254570 -0.091766
v -0.085315 0.254570 -0.082784
v -0.057485 0.252002 -0.083880
v -0.034292 0.252002 -0.090117
v -0.066669 0.252002 -0.072369
v -0.067710 0.252002 -0.065221
v -0.043713 0.245990 -0.063332
v -0.025993 0.245990 -0.068098
v -0.050730 0.245990 -0.054538
v -0.051526 0.245990 -0.049076
v -0.034497 0.239328 -0.049583
v -0.020439 0.239328 -0.053364
v -0.040065 0.239328 -0.042606
v -0.040696 0.239328 -0.038272
v -0.021657 0.227505 -0.030423
v -0.012700 0.227505 -0.032833
v -0.025203 0.227505 -0.025978
v -0.025605 0.227505 -0.023217
v -0.015903 0.233534 0.225779
v 0.033263 0.200652 0.264598
v 0.030525 0.233534 0.212630
v -0.023026 0.200652 0.280569
v 0.036093 0.151207 0.311359
v -0.029212 0.151207 0.329907
v -0.043494 0.200652 0.276761
v -0.036665 0.233534 0.220933
v -0.049738 0.151207 0.326544
v -0.075499 0.200652 0.253424
v -0.091799 0.151207 0.298219
v -0.057025 0.233534 0.203635
v -0.103909 0.094794 0.331505
v -0.054348 0.094795 0.363446
v -0.033813 0.094795 0.366572
v -0.029212 0.151207 0.329907
v 0.038194 0.094794 0.346106
v -0.024052 0.075722 0.370582
v 0.039086 0.052681 0.360827
v -0.036046 0.046608 0.384346
v -0.022258 0.063843 0.374296
v -0.025666 0.054191 0.378699
v -0.054953 0.081693 0.368303
v -0.054348 0.094795 0.363446
v -0.056547 0.047186 0.381099
v -0.066304 0.057161 0.370964
v -0.067988 0.069782 0.364856
v 0.106996 0.200652 0.244275
v 0.129331 0.233534 0.185749
v 0.082723 0.233534 0.198243
v 0.163519 0.200652 0.229152
v 0.128523 0.151207 0.285882
v 0.194109 0.151207 0.268354
v 0.179145 0.200652 0.215396
v 0.144679 0.233534 0.170950
v 0.210013 0.151207 0.254950
v 0.194675 0.200652 0.178957
v 0.231623 0.151207 0.209076
v 0.153301 0.233534 0.145664
v 0.259077 0.094794 0.231457
v 0.232878 0.094795 0.284279
v 0.216845 0.094795 0.297484
v 0.194109 0.151207 0.268354
v 0.144520 0.094794 0.316800
v 0.210516 0.075722 0.305928
v 0.151297 0.052681 0.329899
v 0.227868 0.046608 0.311604
v 0.210879 0.063843 0.310038
v 0.216060 0.054191 0.312072
v 0.235886 0.081693 0.288140
v 0.232878 0.094795 0.284279
v 0.243811 0.047186 0.298313
v 0.246998 0.057161 0.284609
v 0.245314 0.069782 0.278501
v -0.363178 0.094794 -0.031321
v -0.349982 0.094794 0.029669
v -0.323149 0.151207 -0.047664
v -0.295345 0.151207 -0.095188
v -0.326227 0.151207 -0.026760
v -0.313257 0.151207 0.026573
v -0.273463 0.200652 -0.041451
v -0.276368 0.200652 -0.020628
v -0.263835 0.200652 0.022407
v -0.248600 0.200652 -0.081142
v -0.217979 0.233534 -0.034746
v -0.196363 0.233534 -0.065675
v -0.220559 0.233534 -0.013558
v -0.276368 0.200652 -0.020628
v -0.208626 0.233534 0.017678
v -0.170619 0.250987 -0.028131
v -0.217979 0.233534 -0.034746
v -0.152657 0.250987 -0.051937
v -0.220559 0.233534 -0.013558
v -0.172497 0.250987 -0.008402
v -0.162354 0.250987 0.013973
v -0.143008 0.252288 -0.025061
v -0.126662 0.252288 -0.044500
v -0.144406 0.252288 -0.004616
v -0.134907 0.252288 0.011540
v -0.127694 0.254570 -0.003716
v -0.126456 0.254570 -0.021809
v -0.111991 0.254570 -0.039012
v -0.100449 0.252002 -0.016700
v -0.088937 0.252002 -0.030389
v -0.101435 0.252002 -0.002301
v -0.076540 0.245990 -0.012002
v -0.094744 0.252002 0.009077
v -0.077294 0.245990 -0.001000
v -0.072182 0.245990 0.007693
v -0.060542 0.239328 -0.008859
v -0.053564 0.239328 -0.017157
v -0.067745 0.245990 -0.022462
v -0.038249 0.227505 -0.004479
v -0.061140 0.239328 -0.000131
v 0.036855 0.254571 0.133712
v 0.025882 0.252288 0.142613
v 0.041530 0.252288 0.150673
v 0.050838 0.252288 0.135734
v 0.063164 0.250987 0.158093
v 0.048685 0.250987 0.176635
v 0.082723 0.233534 0.198243
v 0.061338 0.233534 0.222540
v 0.106996 0.200652 0.244275
v 0.075986 0.200652 0.275683
v 0.089194 0.151207 0.323605
v 0.128523 0.151207 0.285882
v 0.099009 0.094795 0.359214
v 0.144520 0.094794 0.316800
v 0.151297 0.052681 0.329899
v 0.105053 0.033584 0.381142
v 0.154370 0.033584 0.335838
v 0.105323 -0.030073 0.382123
v 0.157696 -0.030073 0.342267
v 0.154927 -0.083069 0.336915
v 0.039563 -0.083069 0.368712
v 0.105053 -0.093730 0.381142
v 0.154370 -0.093731 0.335838
v 0.061338 0.233534 0.222540
v 0.033263 0.200652 0.264598
v 0.075986 0.200652 0.275683
v 0.089194 0.151207 0.323605
v 0.030525 0.233534 0.212630
v 0.036093 0.151207 0.311359
v 0.048685 0.250987 0.176635
v 0.099009 0.094795 0.359214
v 0.026752 0.250987 0.168129
v 0.038194 0.094794 0.346106
v 0.041530 0.252288 0.150673
v 0.025882 0.252288 0.142613
v 0.039086 0.052681 0.360827
v 0.105053 0.033584 0.381142
v 0.039489 0.033584 0.367502
v 0.105323 -0.030073 0.382123
v 0.039927 -0.030073 0.374728
v 0.039563 -0.083069 0.368712
v 0.154927 -0.083069 0.336915
v 0.105053 -0.093730 0.381142
v 0.039489 -0.093731 0.367502
v 0.036855 0.254571 0.133712
v 0.023007 0.254571 0.126579
v 0.029508 0.252002 0.107059
v 0.050838 0.252288 0.135734
v 0.045092 0.254571 0.120492
v 0.022755 0.245990 0.082559
v 0.018490 0.252002 0.101383
v 0.018237 0.239328 0.066164
v 0.027763 0.245990 0.074520
v 0.022209 0.239328 0.059787
v 0.014470 0.227505 0.039255
v 0.011939 0.227505 0.043318
v 0.011558 0.239328 0.062723
v 0.138632 0.252288 -0.045390
v 0.146586 0.250987 -0.071179
v 0.121769 0.252288 -0.059206
v 0.165812 0.250987 -0.052555
v 0.188222 0.233534 -0.091704
v 0.171090 0.250987 -0.033408
v 0.144081 0.252288 -0.025622
v 0.212005 0.233534 -0.066083
v 0.266169 0.200652 -0.080858
v 0.271779 0.200652 -0.060503
v 0.217694 0.233534 -0.045442
v -0.210234 0.233534 0.072507
v -0.264398 0.200652 0.087281
v -0.215924 0.233534 0.051865
v -0.186452 0.233534 0.098128
v -0.164046 0.250987 0.058964
v -0.169323 0.250987 0.039817
v -0.210234 0.233534 0.072507
v -0.142310 0.252288 0.032045
v -0.144820 0.250987 0.077588
v -0.136862 0.252288 0.051813
v -0.119998 0.252288 0.065629
v -0.263835 0.200652 0.022407
v -0.318419 0.151207 0.080207
v -0.270009 0.200652 0.066927
v -0.264398 0.200652 0.087281
v -0.312777 0.151207 0.100679
v -0.215924 0.233534 0.051865
v -0.270009 0.200652 0.066927
v -0.264398 0.200652 0.087281
v -0.208626 0.233534 0.017678
v -0.164046 0.250987 0.058964
v -0.210234 0.233534 0.072507
v -0.169323 0.250987 0.039817
v -0.162354 0.250987 0.013973
v -0.142310 0.252288 0.032045
v -0.134907 0.252288 0.011540
v -0.125840 0.254570 0.028729
v -0.119288 0.254570 0.010582
v -0.121018 0.254570 0.046223
v -0.136862 0.252288 0.051813
v -0.119998 0.252288 0.065629
v -0.106094 0.254570 0.058450
v -0.096121 0.252002 0.037438
v -0.084245 0.252002 0.047169
v -0.099958 0.252002 0.023517
v -0.094744 0.252002 0.009077
v -0.073234 0.245990 0.029363
v -0.064160 0.245990 0.036797
v -0.076165 0.245990 0.018726
v -0.072182 0.245990 0.007693
v -0.057919 0.239328 0.023960
v -0.050719 0.239328 0.029857
v -0.060245 0.239328 0.015520
v -0.057083 0.239328 0.006766
v -0.036578 0.227505 0.016430
v -0.031991 0.227505 0.020187
v -0.038060 0.227505 0.011053
v -0.036045 0.227505 0.005476
v -0.167626 0.233534 0.147940
v -0.211840 0.200652 0.182124
v -0.133216 0.233534 0.163426
v -0.180697 0.233534 0.131066
v -0.225003 0.200652 0.165730
v -0.186452 0.233534 0.098128
v -0.142067 0.250987 0.102000
v -0.144820 0.250987 0.077588
v -0.130347 0.250987 0.117981
v -0.167626 0.233534 0.147940
v -0.102725 0.250987 0.129223
v -0.108203 0.252288 0.101212
v -0.084207 0.252288 0.109533
v -0.119879 0.252288 0.084371
v -0.119998 0.252288 0.065629
v -0.095655 0.254570 0.089940
v -0.074419 0.254570 0.097303
v -0.105988 0.254570 0.075036
v -0.075938 0.252002 0.072227
v -0.084161 0.252002 0.060367
v -0.059039 0.252002 0.078086
v -0.057813 0.245990 0.055944
v -0.044901 0.245990 0.060421
v -0.064096 0.245990 0.046882
v -0.045684 0.239328 0.045049
v -0.035440 0.239328 0.048600
v -0.028783 0.227505 0.029865
v -0.022257 0.227505 0.032128
v -0.006935 0.252288 0.151879
v 0.026752 0.250987 0.168129
v 0.025882 0.252288 0.142613
v -0.010730 0.250987 0.178731
v -0.015903 0.233534 0.225779
v -0.029841 0.250987 0.172934
v -0.026511 0.252288 0.144525
v -0.042477 0.250987 0.161017
v -0.032981 0.252288 0.136566
v 0.005399 0.257318 -0.033287
v -0.015468 0.230363 -0.056115
v -0.008890 0.258211 -0.032253
v 0.008481 0.230363 -0.057857
v 0.005577 0.273613 -0.027655
v -0.006241 0.275771 -0.026834
v 0.019000 0.256562 -0.028764
v 0.031272 0.230363 -0.050302
v 0.049438 0.230363 -0.034599
v 0.016844 0.271784 -0.023821
v 0.029843 0.256057 -0.019373
v 0.060211 0.230363 -0.013140
v 0.008377 0.291839 -0.025701
v -0.002005 0.295196 -0.025051
v 0.007671 0.316961 -0.025029
v 0.018312 0.288992 -0.022139
v 0.017422 0.315275 -0.025709
v 0.014830 0.345474 -0.024140
v 0.026718 0.313846 -0.022554
v 0.023647 0.345714 -0.024781
v 0.022927 0.348996 -0.022423
v 0.014985 0.348780 -0.021846
v 0.030484 0.349179 -0.019916
v 0.032038 0.345917 -0.021997
v 0.038727 0.346053 -0.016214
v 0.036508 0.349301 -0.014707
v 0.034141 0.312891 -0.016045
v 0.042693 0.346100 -0.008311
v 0.040080 0.349344 -0.007589
v 0.040659 0.349301 0.000354
v 0.026287 0.287090 -0.014910
v 0.038564 0.312556 -0.007173
v 0.043336 0.346053 0.000509
v 0.038155 0.349179 0.007914
v 0.039311 0.312891 0.002713
v 0.040554 0.345917 0.008903
v 0.036271 0.313846 0.012107
v 0.034775 0.345714 0.015592
v 0.032949 0.348996 0.013938
v 0.026875 0.345474 0.019559
v 0.025833 0.348780 0.017511
v 0.017893 0.348564 0.018088
v 0.029905 0.315275 0.019578
v 0.018058 0.345234 0.020200
v 0.010335 0.348381 0.015582
v 0.021181 0.316961 0.023990
v 0.022132 0.291839 0.024205
v 0.011430 0.318647 0.024670
v 0.009667 0.345031 0.017416
v 0.002979 0.344895 0.011633
v 0.004312 0.348259 0.010372
v 0.002134 0.320077 0.021516
v 0.012883 0.295196 0.028966
v -0.000989 0.344848 0.003729
v 0.000738 0.348215 0.003255
v 0.000161 0.348259 -0.004689
v 0.002500 0.298555 0.029615
v -0.001631 0.344895 -0.005090
v 0.002665 0.348381 -0.012248
v -0.009713 0.321367 0.006134
v -0.005289 0.321031 0.015006
v -0.010459 0.321031 -0.003752
v -0.020210 0.303971 0.009026
v -0.015410 0.303304 0.018825
v -0.007434 0.301401 0.026054
v 0.001151 0.345031 -0.013483
v -0.012925 0.279757 0.029654
v -0.021926 0.280979 0.021749
v -0.027290 0.281408 0.010978
v -0.021107 0.303304 -0.001847
v -0.007420 0.320077 -0.013145
v -0.028202 0.280979 -0.001021
v -0.034509 0.260542 0.012967
v -0.017962 0.301401 -0.012142
v -0.024521 0.279757 -0.012420
v -0.011255 0.298555 -0.020290
v -0.001053 0.318647 -0.020617
v -0.002005 0.295196 -0.025051
v 0.007671 0.316961 -0.025029
v -0.016811 0.277928 -0.021484
v -0.006241 0.275771 -0.026834
v -0.021691 0.259102 -0.025820
v -0.008890 0.258211 -0.032253
v -0.015468 0.230363 -0.056115
v -0.036927 0.230363 -0.045341
v 0.006930 0.345234 -0.020173
v 0.014830 0.345474 -0.024140
v 0.007871 0.348564 -0.018273
v 0.014985 0.348780 -0.021846
v -0.031054 0.259859 -0.014968
v -0.052629 0.230363 -0.027176
v -0.060185 0.230363 -0.004384
v -0.035555 0.260364 -0.001347
v -0.058443 0.230363 0.019565
v -0.028074 0.260364 0.025797
v -0.047670 0.230363 0.041024
v -0.017230 0.259859 0.035188
v -0.029504 0.230363 0.056726
v -0.006712 0.230363 0.064282
v -0.003629 0.259102 0.039711
v 0.017237 0.230363 0.062540
v -0.001659 0.277928 0.033487
v 0.010159 0.275771 0.032667
v 0.010661 0.258211 0.038677
v 0.023462 0.257318 0.032244
v 0.020729 0.273613 0.027317
v 0.038696 0.230363 0.051766
v 0.028839 0.288992 0.016056
v 0.028440 0.271784 0.018252
v 0.031985 0.287090 0.005761
v 0.032824 0.256562 0.021391
v 0.054398 0.230363 0.033600
v 0.061953 0.230363 0.010809
v 0.037325 0.256057 0.007771
v 0.032120 0.270562 0.006853
v 0.036279 0.255879 -0.006544
v 0.031208 0.270133 -0.005146
v 0.031087 0.286422 -0.005112
v 0.025844 0.270562 -0.015917
v 0.131358 0.252288 0.065827
v 0.128433 0.252288 0.050924
v 0.116351 0.254570 0.058625
v -0.082161 -0.111218 0.322202
v -0.055250 -0.135403 0.370690
v -0.067357 -0.103949 0.375523
v -0.071407 -0.139157 0.317910
v 0.063164 0.250987 0.158093
v 0.083768 0.252288 0.126878
v 0.050838 0.252288 0.135734
v 0.100784 0.250987 0.147995
v 0.129331 0.233534 0.185749
v 0.114227 0.250987 0.133226
v 0.118973 0.250987 0.116517
v 0.096812 0.252288 0.110533
v 0.098290 0.252288 0.100384
v 0.074235 0.254571 0.112654
v 0.045092 0.254571 0.120492
v 0.085778 0.254571 0.098190
v 0.087085 0.254571 0.089207
v 0.059255 0.252002 0.090302
v 0.036063 0.252002 0.096539
v 0.068439 0.252002 0.078792
v 0.069481 0.252002 0.071644
v 0.045484 0.245990 0.069755
v 0.027763 0.245990 0.074520
v 0.052500 0.245990 0.060961
v 0.053297 0.245990 0.055499
v 0.036268 0.239328 0.056006
v 0.022209 0.239328 0.059787
v 0.041835 0.239328 0.049028
v 0.042466 0.239328 0.044695
v 0.023427 0.227505 0.036846
v 0.014470 0.227505 0.039255
v 0.026973 0.227505 0.032401
v 0.027376 0.227505 0.029641
v 0.235633 -0.111218 0.234610
v 0.250238 -0.103949 0.287985
v 0.237365 -0.135403 0.290038
v 0.224199 -0.139157 0.236433
v 0.123728 0.252288 0.084922
v 0.098290 0.252288 0.100384
v 0.109599 0.254571 0.075524
v 0.087085 0.254571 0.089207
v 0.156025 0.250987 0.080106
v 0.154424 0.250987 0.058346
v 0.131358 0.252288 0.065827
v 0.128433 0.252288 0.050924
v 0.116351 0.254570 0.058625
v 0.113761 0.254570 0.045435
v 0.092769 0.252002 0.047308
v 0.087396 0.252002 0.060755
v 0.069481 0.252002 0.071644
v 0.066985 0.245990 0.047179
v 0.053297 0.245990 0.055499
v 0.071090 0.245990 0.036904
v 0.090708 0.252002 0.036812
v 0.069515 0.245990 0.028885
v 0.053327 0.239328 0.038094
v 0.056584 0.239328 0.029942
v 0.042466 0.239328 0.044695
v 0.034295 0.227505 0.025435
v 0.036370 0.227505 0.020242
v 0.027376 0.227505 0.029641
v 0.144081 0.252288 -0.025622
v 0.164120 0.250987 -0.007564
v 0.171090 0.250987 -0.033408
v 0.217694 0.233534 -0.045442
v 0.212005 0.233534 -0.066083
v 0.136677 0.252288 -0.005117
v 0.127610 0.254570 -0.022305
v 0.121058 0.254570 -0.004159
v 0.138632 0.252288 -0.045390
v 0.101728 0.252002 -0.017094
v 0.122788 0.254570 -0.039800
v 0.121769 0.252288 -0.059206
v 0.096515 0.252002 -0.002654
v 0.107864 0.254570 -0.052027
v 0.097891 0.252002 -0.031016
v 0.086016 0.252002 -0.040745
v 0.077936 0.245990 -0.012303
v 0.073952 0.245990 -0.001270
v 0.075004 0.245990 -0.022940
v 0.065930 0.245990 -0.030374
v 0.062015 0.239328 -0.009097
v 0.058853 0.239328 -0.000344
v 0.059689 0.239328 -0.017537
v 0.052489 0.239328 -0.023435
v 0.039830 0.227505 -0.004630
v 0.037816 0.227505 0.000947
v 0.038348 0.227505 -0.010007
v 0.033761 0.227505 -0.013764
v 0.113761 0.254570 0.045435
v 0.090708 0.252002 0.036812
v 0.092769 0.252002 0.047308
v -0.006036 0.254571 0.134779
v -0.026511 0.252288 0.144525
v -0.006935 0.252288 0.151879
v 0.025882 0.252288 0.142613
v 0.023007 0.254571 0.126579
v -0.023359 0.254571 0.128271
v -0.032981 0.252288 0.136566
v -0.029084 0.254571 0.121227
v -0.004623 0.252002 0.107909
v 0.018490 0.252002 0.101383
v -0.018407 0.252002 0.102730
v -0.022964 0.252002 0.097124
v -0.003323 0.245990 0.083207
v 0.014337 0.245990 0.078221
v -0.013855 0.245990 0.079250
v -0.017337 0.245990 0.074967
v -0.002453 0.239328 0.066678
v 0.011558 0.239328 0.062723
v -0.010809 0.239328 0.063538
v -0.013571 0.239328 0.060141
v -0.001242 0.227505 0.043645
v 0.007685 0.227505 0.041125
v -0.006564 0.227505 0.041645
v -0.008324 0.227505 0.039481
v 0.144778 0.252288 0.031484
v 0.146176 0.252288 0.011039
v 0.128226 0.254570 0.028232
v 0.128433 0.252288 0.050924
v 0.113761 0.254570 0.045435
v 0.129464 0.254570 0.010139
v 0.102219 0.252002 0.023122
v 0.090708 0.252002 0.036812
v 0.103205 0.252002 0.008724
v 0.078311 0.245990 0.018425
v 0.079064 0.245990 0.007423
v 0.062313 0.239328 0.015282
v 0.069515 0.245990 0.028885
v 0.055334 0.239328 0.023580
v 0.040019 0.227505 0.010901
v 0.035574 0.227505 0.016188
v 0.062910 0.239328 0.006553
v 0.040400 0.227505 0.005340
v 0.121769 0.252288 -0.059206
v 0.107758 0.254570 -0.068613
v 0.107864 0.254570 -0.052027
v 0.085932 0.252002 -0.053944
v 0.086016 0.252002 -0.040745
v 0.077709 0.252002 -0.065805
v 0.097426 0.254570 -0.083516
v 0.059583 0.245990 -0.049522
v 0.060809 0.252002 -0.071663
v 0.046671 0.245990 -0.053998
v 0.065867 0.245990 -0.040459
v 0.121649 0.252288 -0.077947
v 0.109974 0.252288 -0.094790
v 0.085977 0.252288 -0.103109
v 0.076189 0.254570 -0.090880
v 0.047454 0.239328 -0.038626
v 0.052439 0.239328 -0.031436
v 0.065930 0.245990 -0.030374
v 0.052489 0.239328 -0.023435
v 0.033729 0.227505 -0.018862
v 0.033761 0.227505 -0.013764
v -0.055429 0.254571 0.121010
v -0.079084 0.252288 0.123830
v -0.062748 0.252288 0.136320
v -0.032981 0.252288 0.136566
v -0.029084 0.254571 0.121227
v -0.069885 0.254570 0.109956
v -0.084207 0.252288 0.109533
v -0.043928 0.252002 0.096952
v -0.022964 0.252002 0.097124
v -0.055431 0.252002 0.088156
v -0.033355 0.245990 0.074835
v -0.017337 0.245990 0.074967
v -0.059039 0.252002 0.078086
v -0.074419 0.254570 0.097303
v -0.042144 0.245990 0.068115
v -0.026280 0.239328 0.060036
v -0.013571 0.239328 0.060141
v -0.016421 0.227505 0.039414
v -0.008324 0.227505 0.039481
v -0.033253 0.239328 0.054704
v -0.044901 0.245990 0.060421
v -0.020864 0.227505 0.036017
v -0.035440 0.239328 0.048600
v -0.022257 0.227505 0.032128
v 0.023007 0.254571 0.126579
v 0.029508 0.252002 0.107059
v 0.018490 0.252002 0.101383
v 0.045092 0.254571 0.120492
v 0.036063 0.252002 0.096539
v 0.022755 0.245990 0.082559
v 0.027763 0.245990 0.074520
v 0.014337 0.245990 0.078221
v 0.018237 0.239328 0.066164
v 0.011558 0.239328 0.062723
v 0.011939 0.227505 0.043318
v 0.022209 0.239328 0.059787
v 0.007685 0.227505 0.041125
v -0.021236 0.254570 -0.120156
v 0.007806 0.254570 -0.128356
v -0.024112 0.252288 -0.136190
v 0.008706 0.252288 -0.145456
v 0.028282 0.252288 -0.138102
v 0.006393 0.252002 -0.101486
v 0.025130 0.254570 -0.121847
v 0.034751 0.252288 -0.130142
v -0.016720 0.252002 -0.094960
v 0.030855 0.254570 -0.114803
v 0.020178 0.252002 -0.096306
v 0.024734 0.252002 -0.090701
v 0.005093 0.245990 -0.076785
v -0.012566 0.245990 -0.071799
v 0.015625 0.245990 -0.072827
v 0.019107 0.245990 -0.068544
v 0.004223 0.239328 -0.060255
v -0.009787 0.239328 -0.056300
v 0.012579 0.239328 -0.057116
v 0.015341 0.239328 -0.053717
v 0.003012 0.227505 -0.037223
v -0.005915 0.227505 -0.034703
v 0.008334 0.227505 -0.035222
v 0.010094 0.227505 -0.033057
v 0.080854 0.252288 -0.117407
v 0.057199 0.254570 -0.114586
v 0.071656 0.254570 -0.103534
v 0.064519 0.252288 -0.129897
v 0.034751 0.252288 -0.130142
v 0.030855 0.254570 -0.114803
v 0.045699 0.252002 -0.090529
v 0.024734 0.252002 -0.090701
v 0.057202 0.252002 -0.081732
v 0.076189 0.254570 -0.090880
v 0.060809 0.252002 -0.071663
v 0.035125 0.245990 -0.068412
v 0.043915 0.245990 -0.061692
v 0.019107 0.245990 -0.068544
v 0.028050 0.239328 -0.053613
v 0.015341 0.239328 -0.053717
v 0.035024 0.239328 -0.048281
v 0.018191 0.227505 -0.032990
v 0.010094 0.227505 -0.033057
v 0.022634 0.227505 -0.029594
v 0.037210 0.239328 -0.042177
v 0.024027 0.227505 -0.025706
v 0.046671 0.245990 -0.053998
v -0.106094 0.254570 0.058450
v -0.119998 0.252288 0.065629
v -0.105988 0.254570 0.075036
v -0.119879 0.252288 0.084371
v -0.084161 0.252002 0.060367
v -0.084245 0.252002 0.047169
v -0.095655 0.254570 0.089940
v -0.075938 0.252002 0.072227
v -0.057813 0.245990 0.055944
v -0.064096 0.245990 0.046882
v -0.074419 0.254570 0.097303
v -0.059039 0.252002 0.078086
v -0.064160 0.245990 0.036797
v -0.050669 0.239328 0.037858
v -0.050719 0.239328 0.029857
v -0.045684 0.239328 0.045049
v -0.044901 0.245990 0.060421
v -0.035440 0.239328 0.048600
v -0.028783 0.227505 0.029865
v -0.031959 0.227505 0.025284
v -0.031991 0.227505 0.020187
v -0.127694 0.254570 -0.003716
v -0.134907 0.252288 0.011540
v -0.119288 0.254570 0.010582
v -0.101435 0.252002 -0.002301
v -0.094744 0.252002 0.009077
v -0.100449 0.252002 -0.016700
v -0.126456 0.254570 -0.021809
v -0.076540 0.245990 -0.012002
v -0.088937 0.252002 -0.030389
v -0.067745 0.245990 -0.022462
v -0.060542 0.239328 -0.008859
v -0.077294 0.245990 -0.001000
v -0.061140 0.239328 -0.000131
v -0.072182 0.245990 0.007693
v -0.057083 0.239328 0.006766
v -0.038630 0.227505 0.001082
v -0.038249 0.227505 -0.004479
v -0.033804 0.227505 -0.009766
v -0.053564 0.239328 -0.017157
v -0.044901 0.245990 0.060421
v -0.059039 0.252002 0.078086
v -0.042144 0.245990 0.068115
v -0.090998 0.252002 -0.040885
v -0.111991 0.254570 -0.039012
v -0.088937 0.252002 -0.030389
v -0.114580 0.254570 -0.052202
v -0.069320 0.245990 -0.030481
v -0.067745 0.245990 -0.022462
v -0.054814 0.239328 -0.023520
v -0.053564 0.239328 -0.017157
v -0.034599 0.227505 -0.013819
v -0.033804 0.227505 -0.009766
v 0.039489 -0.093731 0.367502
v 0.088827 -0.102142 0.322274
v 0.105053 -0.093730 0.381142
v 0.154370 -0.093731 0.335838
v 0.150478 -0.102142 0.277115
v 0.088827 -0.102142 0.322274
v 0.039489 -0.093731 0.367502
v 0.012746 -0.102142 0.315078
v -0.023791 -0.093731 0.385494
v -0.043463 -0.102142 0.331059
v 0.154370 -0.093731 0.335838
v 0.105053 -0.093730 0.381142
v 0.150478 -0.102142 0.277115
v 0.217932 -0.093731 0.318869
v 0.206937 -0.102142 0.262042
v 0.060809 0.252002 -0.071663
v 0.043915 0.245990 -0.061692
v 0.046671 0.245990 -0.053998
v 0.057202 0.252002 -0.081732
v 0.035024 0.239328 -0.048281
v 0.065867 0.245990 -0.040459
v 0.086016 0.252002 -0.040745
v 0.085932 0.252002 -0.053944
v 0.065930 0.245990 -0.030374
v 0.047454 0.239328 -0.038626
v 0.059583 0.245990 -0.049522
v 0.046671 0.245990 -0.053998
v 0.037210 0.239328 -0.042177
v 0.030553 0.227505 -0.023443
v 0.024027 0.227505 -0.025706
v 0.052439 0.239328 -0.031436
v 0.033729 0.227505 -0.018862
v 0.270644 -0.113066 0.240885
v 0.235633 -0.111218 0.234610
v 0.253757 -0.119317 0.192773
v 0.250238 -0.103949 0.287985
v 0.056584 0.239328 0.029942
v 0.071090 0.245990 0.036904
v 0.069515 0.245990 0.028885
v 0.055334 0.239328 0.023580
v 0.036370 0.227505 0.020242
v 0.035574 0.227505 0.016188
v -0.038630 0.227505 0.001082
v -0.057083 0.239328 0.006766
v -0.036045 0.227505 0.005476
v 0.211010 -0.134489 0.249499
v 0.237365 -0.135403 0.290038
v 0.222518 -0.130148 0.304749
v -0.055250 -0.135403 0.370690
v -0.053386 -0.134489 0.322374
v -0.034963 -0.130148 0.375718
v 0.222518 -0.130148 0.304749
v 0.198062 -0.129683 0.254658
v 0.211010 -0.134489 0.249499
v 0.207941 -0.124737 0.310556
v 0.237365 -0.135403 0.290038
v 0.224199 -0.139157 0.236433
v -0.034963 -0.130148 0.375718
v -0.039624 -0.129683 0.320171
v -0.019469 -0.124737 0.373237
v -0.053386 -0.134489 0.322374
v -0.055250 -0.135403 0.370690
v -0.071407 -0.139157 0.317910
v 0.250312 -0.011734 0.306658
v 0.279117 -0.001349 0.247792
v 0.240629 -0.011734 0.271527
v 0.224541 -0.011857 0.284614
v 0.234224 -0.011857 0.319744
v 0.222036 -0.008174 0.322575
v 0.212353 -0.008174 0.287444
v 0.187076 0.009644 0.329859
v 0.177394 0.009644 0.294729
v 0.167719 0.033584 0.332275
v 0.158036 0.033584 0.297144
v 0.151297 0.052681 0.329899
v 0.141614 0.052681 0.294768
v 0.210516 0.075722 0.305928
v 0.200834 0.075722 0.270798
v 0.201196 0.063843 0.274908
v 0.210879 0.063843 0.310038
v 0.206378 0.054191 0.276942
v 0.216060 0.054191 0.312072
v 0.218186 0.046608 0.276474
v 0.227868 0.046608 0.311604
v 0.243811 0.047186 0.298313
v 0.234128 0.047186 0.263182
v 0.246998 0.057161 0.284609
v 0.300098 0.117049 0.185051
v 0.297030 0.094794 0.161580
v 0.306713 0.094795 0.196711
v 0.249395 0.094794 0.196326
v 0.259077 0.094794 0.231457
v 0.226204 0.081693 0.253010
v 0.235886 0.081693 0.288140
v 0.245314 0.069782 0.278501
v 0.235631 0.069782 0.243371
v 0.237315 0.057161 0.249479
v 0.246998 0.057161 0.284609
v 0.234128 0.047186 0.263182
v -0.103909 0.094794 0.331505
v -0.064636 0.081693 0.333173
v -0.054953 0.081693 0.368303
v -0.067988 0.069782 0.364856
v -0.175447 -0.145692 0.281163
v -0.188536 -0.154941 0.315418
v -0.189798 -0.156512 0.268813
v -0.172379 -0.142760 0.329321
v -0.218569 -0.175708 0.256392
v -0.119160 -0.119317 0.295559
v -0.216475 -0.174958 0.216383
v -0.109012 -0.113066 0.345529
v -0.237992 -0.211354 0.220262
v -0.233727 -0.206621 0.184291
v -0.082161 -0.111218 0.322202
v -0.067357 -0.103949 0.375523
v -0.240867 -0.224450 0.204761
v -0.236282 -0.218253 0.170522
v 0.323511 -0.154941 0.174285
v 0.294720 -0.145692 0.151572
v 0.300718 -0.156512 0.133614
v 0.316759 -0.142760 0.194501
v 0.253757 -0.119317 0.192773
v 0.270644 -0.113066 0.240885
v 0.319062 -0.175708 0.108207
v 0.296766 -0.174958 0.074920
v 0.317231 -0.211354 0.067228
v 0.295140 -0.206621 0.038521
v 0.311759 -0.224450 0.052442
v 0.016517 0.033584 0.336150
v 0.039086 0.052681 0.360827
v 0.029403 0.052681 0.325697
v 0.300718 -0.156512 0.133614
v 0.319062 -0.175708 0.108207
v 0.323511 -0.154941 0.174285
v 0.167719 0.033584 0.332275
v 0.177394 0.009644 0.294729
v 0.158036 0.033584 0.297144
v 0.151297 0.052681 0.329899
v 0.141614 0.052681 0.294768
v -0.162913 0.117049 0.312669
v -0.162620 0.094795 0.326071
v -0.172303 0.094794 0.290941
v -0.113593 0.094794 0.296375
v -0.172596 0.117049 0.277539
v -0.103909 0.094794 0.331505
v -0.064636 0.081693 0.333173
v -0.067988 0.069782 0.364856
v -0.077671 0.069782 0.329725
v -0.075987 0.057161 0.335834
v -0.066304 0.057161 0.370964
v -0.025666 0.054191 0.378699
v -0.045729 0.046608 0.349216
v -0.035348 0.054191 0.343568
v -0.022258 0.063843 0.374296
v -0.031941 0.063843 0.339167
v -0.024052 0.075722 0.370582
v 0.029403 0.052681 0.325697
v -0.033735 0.075722 0.335451
v 0.039086 0.052681 0.360827
v 0.016517 0.033584 0.336150
v 0.026200 0.033584 0.371281
v -0.001345 0.009644 0.343994
v -0.056547 0.047186 0.381099
v -0.066230 0.047186 0.345969
v -0.066304 0.057161 0.370964
v -0.075987 0.057161 0.335834
v 0.226204 0.081693 0.253010
v 0.259077 0.094794 0.231457
v 0.235886 0.081693 0.288140
v -0.067538 -0.011734 0.356466
v -0.122434 -0.001349 0.320671
v -0.112751 -0.001349 0.355801
v -0.047017 -0.011857 0.359463
v -0.057855 -0.011734 0.391597
v -0.037334 -0.011857 0.394592
v -0.025417 -0.008174 0.390779
v 0.008338 0.009644 0.379124
v -0.035099 -0.008174 0.355649
v -0.001345 0.009644 0.343994
v 0.026200 0.033584 0.371281
v -0.047017 -0.011857 0.359463
v -0.025417 -0.008174 0.390779
v -0.035099 -0.008174 0.355649
v 0.218186 0.046608 0.276474
v 0.243811 0.047186 0.298313
v 0.227868 0.046608 0.311604
v -0.036046 0.046608 0.384346
v -0.045729 0.046608 0.349216
v -0.025666 0.054191 0.378699
v -0.056547 0.047186 0.381099
v 0.279117 -0.001349 0.247792
v 0.269435 -0.001349 0.212662
v 0.240629 -0.011734 0.271527
v 0.224541 -0.011857 0.284614
v 0.250312 -0.011734 0.306658
v 0.222036 -0.008174 0.322575
v 0.212353 -0.008174 0.287444
v 0.290415 0.117049 0.149920
v 0.297030 0.094794 0.161580
v 0.300098 0.117049 0.185051
v 0.249395 0.094794 0.196326
v -0.067538 -0.011734 0.356466
v -0.112751 -0.001349 0.355801
v -0.057855 -0.011734 0.391597
v 0.311759 -0.224450 0.052442
v 0.295140 -0.206621 0.038521
v 0.290280 -0.218253 0.025388
v 0.317231 -0.211354 0.067228
v 0.296766 -0.174958 0.074920
v -0.033735 0.075722 0.335451
v -0.024052 0.075722 0.370582
v -0.031941 0.063843 0.339167
v -0.240867 -0.224450 0.204761
v -0.233727 -0.206621 0.184291
v -0.237992 -0.211354 0.220262
v 0.291820 -0.216954 0.100021
v 0.311759 -0.224450 0.052442
v 0.272568 -0.211595 0.067649
v 0.290280 -0.218253 0.025388
v -0.199368 -0.216954 0.235405
v -0.171005 -0.211487 0.235788
v -0.199419 -0.211595 0.197742
v -0.122434 -0.001349 0.320671
v -0.160829 0.033584 0.313011
v -0.151147 0.033584 0.348140
v -0.112751 -0.001349 0.355801
v -0.169248 0.063100 0.302030
v -0.159565 0.063100 0.337160
v 0.206937 -0.102142 0.262042
v 0.207941 -0.124737 0.310556
v 0.217932 -0.093731 0.318869
v 0.198062 -0.129683 0.254658
v -0.019469 -0.124737 0.373237
v -0.043463 -0.102142 0.331059
v -0.023791 -0.093731 0.385494
v -0.043463 -0.102142 0.331059
v -0.019469 -0.124737 0.373237
v -0.039624 -0.129683 0.320171
v 0.308166 0.033584 0.221541
v 0.269435 -0.001349 0.212662
v 0.279117 -0.001349 0.247792
v 0.309770 0.063100 0.207798
v 0.298484 0.033584 0.186412
v 0.180828 -0.214619 0.210830
v 0.205291 -0.218919 0.248897
v 0.195708 -0.213341 0.199890
v 0.225109 -0.220070 0.203766
v 0.213312 -0.214363 0.159802
v 0.275691 -0.216931 0.171205
v 0.258241 -0.211575 0.130879
v 0.286293 -0.216832 0.153192
v 0.267659 -0.211487 0.114881
v 0.291820 -0.216954 0.100021
v 0.272568 -0.211595 0.067649
v -0.065662 -0.213341 0.271930
v -0.048783 -0.218919 0.318927
v -0.047278 -0.214619 0.273702
v -0.088925 -0.220070 0.290322
v -0.028085 -0.220359 0.320921
v -0.101318 -0.214363 0.246522
v 0.009290 -0.214294 0.257951
v 0.035598 -0.219992 0.303189
v -0.149046 -0.216931 0.288274
v -0.154721 -0.211575 0.244703
v -0.167380 -0.216832 0.278237
v -0.171005 -0.211487 0.235788
v -0.199368 -0.216954 0.235405
v -0.199419 -0.211595 0.197742
v -0.240867 -0.224450 0.204761
v -0.236282 -0.218253 0.170522
v 0.072391 -0.215415 0.262643
v 0.086549 -0.221254 0.314009
v 0.124762 -0.219992 0.278613
v 0.124178 -0.214294 0.226285
v 0.072391 -0.215415 0.262643
v 0.009290 -0.214294 0.257951
v 0.035598 -0.219992 0.303189
v 0.297030 0.094794 0.161580
v 0.300087 0.063100 0.172669
v 0.306713 0.094795 0.196711
v 0.309770 0.063100 0.207798
v 0.298484 0.033584 0.186412
v 0.269435 -0.001349 0.212662
v 0.308166 0.033584 0.221541
v 0.180828 -0.214619 0.210830
v 0.188537 -0.220359 0.261214
v 0.205291 -0.218919 0.248897
v 0.124178 -0.214294 0.226285
v 0.124762 -0.219992 0.278613
v 0.275691 -0.216931 0.171205
v 0.213312 -0.214363 0.159802
v 0.225109 -0.220070 0.203766
v -0.172303 0.094794 0.290941
v -0.162620 0.094795 0.326071
v -0.169248 0.063100 0.302030
v -0.159565 0.063100 0.337160
v -0.151147 0.033584 0.348140
v -0.160829 0.033584 0.313011
v -0.172596 0.117049 0.277539
v -0.162913 0.117049 0.312669
v -0.172303 0.094794 0.290941
vn -0.2344 -0.4195 -0.8769
vn -0.2813 -0.6128 -0.7385
vn -0.3121 -0.4324 -0.8459
vn -0.2075 -0.5965 -0.7754
vn -0.2516 -0.2173 -0.9431
vn -0.6684 -0.6118 -0.4230
vn -0.3324 -0.2242 -0.9161
vn -0.2580 -0.0005 -0.9661
vn -0.7596 -0.4332 -0.4851
vn -0.3401 0.0005 -0.9404
vn -0.8198 -0.2252 -0.5265
vn -0.8706 -0.2165 -0.4417
vn -0.8410 -0.0005 -0.5410
vn -0.8148 -0.4176 -0.4020
vn -0.8905 -0.0000 -0.4549
vn -0.8707 -0.2164 -0.4417
vn 0.1688 -0.4334 -0.8852
vn 0.1503 -0.6131 -0.7756
vn 0.0833 -0.4195 -0.9039
vn 0.0674 -0.5955 -0.8005
vn 0.5673 -0.6200 -0.5420
vn 0.1292 -0.7580 -0.6393
vn 0.0472 -0.7399 -0.6711
vn 0.4745 -0.7622 -0.4403
vn 0.1076 -0.8678 -0.4850
vn 0.0266 -0.8503 -0.5256
vn 0.0851 -0.9369 -0.3390
vn 0.0095 -0.9257 -0.3781
vn 0.3724 -0.8673 -0.3302
vn 0.2734 -0.9340 -0.2300
vn 0.3725 -0.8673 -0.3303
vn 0.4568 -0.8465 -0.2733
vn 0.3630 -0.9157 -0.1725
vn 0.5489 -0.7441 -0.3808
vn 0.4569 -0.8465 -0.2733
vn 0.6360 -0.6043 -0.4798
vn 0.5171 -0.4391 -0.7347
vn 0.4490 -0.6191 -0.6443
vn 0.4491 -0.4278 -0.7844
vn 0.8190 -0.4461 -0.3610
vn 0.3843 -0.6041 -0.6981
vn 0.7173 -0.6251 -0.3078
vn 0.3684 -0.7618 -0.5328
vn 0.8533 -0.4364 -0.2854
vn 0.7552 -0.6131 -0.2320
vn 0.5941 -0.7667 -0.2433
vn 0.6380 -0.7516 -0.1673
vn 0.3049 -0.7450 -0.5933
vn 0.2803 -0.8693 -0.4072
vn 0.2174 -0.8516 -0.4770
vn 0.4593 -0.8707 -0.1758
vn 0.6380 -0.7517 -0.1672
vn 0.5127 -0.8532 -0.0962
vn 0.2173 -0.8516 -0.4770
vn 0.1996 -0.9367 -0.2877
vn 0.1410 -0.9236 -0.3566
vn 0.3316 -0.9361 -0.1172
vn 0.5126 -0.8532 -0.0962
vn 0.3876 -0.9211 -0.0364
vn -0.7879 -0.4276 -0.4432
vn -0.7161 -0.6188 -0.3230
vn -0.8203 -0.4392 -0.3663
vn -0.6874 -0.6043 -0.4028
vn -0.8884 -0.4458 0.1096
vn -0.5891 -0.7620 -0.2690
vn -0.7739 -0.6248 0.1033
vn -0.8791 -0.4362 0.1922
vn -0.7676 -0.6128 0.1878
vn -0.6353 -0.7664 0.0955
vn -0.6334 -0.7518 0.1832
vn -0.5655 -0.7451 -0.3534
vn -0.4491 -0.8694 -0.2062
vn -0.4316 -0.8514 -0.2980
vn -0.4842 -0.8709 0.0843
vn -0.6352 -0.7665 0.0955
vn -0.6334 -0.7519 0.1832
vn -0.4894 -0.8533 0.1800
vn -0.4315 -0.8515 -0.2980
vn -0.3194 -0.9365 -0.1445
vn -0.4490 -0.8694 -0.2062
vn -0.3035 -0.9237 -0.2340
vn -0.3453 -0.9359 0.0694
vn -0.4892 -0.8534 0.1800
vn -0.3519 -0.9209 0.1674
vn -0.1639 -0.9838 -0.0730
vn -0.1529 -0.9798 -0.1287
vn -0.1784 -0.9832 0.0396
vn -0.1814 -0.9777 0.1062
vn -0.0391 -0.9992 0.0083
vn -0.0394 -0.9991 -0.0181
vn -0.0372 -0.9992 -0.0145
vn -0.0397 -0.9992 0.0023
vn -0.2485 -0.4194 -0.8731
vn -0.1650 -0.4324 -0.8865
vn -0.1373 -0.6128 -0.7782
vn -0.2197 -0.5965 -0.7720
vn -0.2667 -0.2173 -0.9390
vn 0.3576 -0.6117 -0.7057
vn -0.1835 -0.2242 -0.9571
vn -0.2730 -0.0005 -0.9620
vn 0.4033 -0.4333 -0.8060
vn 0.4339 -0.2253 -0.8723
vn 0.5216 -0.2164 -0.8253
vn 0.4934 -0.4177 -0.7629
vn 0.4512 -0.5906 -0.6690
vn -0.1903 -0.0005 -0.9817
vn 0.5315 -0.0005 -0.8471
vn 0.4447 0.0005 -0.8957
vn 0.4339 0.2253 -0.8723
vn 0.5217 0.2164 -0.8253
vn -0.1835 0.2242 -0.9571
vn -0.2667 0.2172 -0.9390
vn 0.3011 -0.7551 -0.5824
vn 0.4005 -0.7315 -0.5519
vn -0.1373 -0.6129 -0.7781
vn -0.1011 -0.7587 -0.6436
vn -0.2197 -0.5965 -0.7719
vn -0.1825 -0.7424 -0.6446
vn -0.0593 -0.8687 -0.4917
vn -0.1418 -0.8541 -0.5004
vn 0.2392 -0.8626 -0.4457
vn 0.3481 -0.8357 -0.4248
vn -0.0260 -0.9383 -0.3450
vn -0.1005 -0.9298 -0.3540
vn 0.1783 -0.9315 -0.3172
vn 0.2936 -0.9079 -0.2993
vn -0.3531 -0.9338 -0.0572
vn -0.1843 -0.9825 -0.0258
vn -0.3997 -0.9159 0.0378
vn -0.1278 -0.9842 -0.1223
vn -0.2464 -0.9370 -0.2476
vn -0.0327 -0.9990 -0.0310
vn -0.0373 -0.9992 -0.0145
vn -0.0378 -0.9993 -0.0054
vn -0.0272 -0.9992 -0.0295
vn -0.8901 -0.2292 -0.3939
vn -0.7879 -0.4275 -0.4432
vn -0.8204 -0.4392 -0.3662
vn -0.8540 -0.2223 -0.4704
vn -0.9658 -0.2330 0.1136
vn -0.9148 0.0005 -0.4040
vn -0.8779 -0.0004 -0.4789
vn -0.8540 0.2223 -0.4704
vn -0.9933 -0.0005 0.1151
vn -0.8901 0.2292 -0.3939
vn -0.7879 0.4275 -0.4432
vn -0.9805 -0.0000 0.1965
vn -0.9538 -0.2281 0.1956
vn -0.9658 0.2330 0.1136
vn -0.9538 0.2281 0.1956
vn -0.8203 0.4392 -0.3663
vn 0.6335 -0.7517 -0.1832
vn 0.4845 -0.8707 -0.0844
vn 0.4896 -0.8532 -0.1801
vn 0.6349 -0.7667 -0.0954
vn 0.3188 -0.9367 0.1448
vn 0.4493 -0.8693 0.2061
vn 0.4310 -0.8516 0.2983
vn 0.5574 -0.7521 0.3517
vn 0.5852 -0.7678 0.2610
vn 0.6224 -0.6853 0.3782
vn 0.6535 -0.7007 0.2864
vn 0.7674 -0.6131 -0.1877
vn 0.6336 -0.7516 -0.1833
vn 0.7737 -0.6251 -0.1032
vn 0.8790 -0.4364 -0.1921
vn 0.7592 -0.5896 0.2756
vn 0.7361 -0.5310 0.4198
vn 0.8883 -0.4461 -0.1096
vn 0.0249 -0.9992 -0.0317
vn 0.0248 -0.9991 -0.0357
vn 0.0357 -0.9992 -0.0184
vn 0.0648 -0.9799 -0.1887
vn 0.0381 -0.9992 -0.0130
vn 0.2105 -0.9776 -0.0018
vn 0.1037 -0.9837 -0.1467
vn 0.1410 -0.9236 -0.3565
vn 0.1738 -0.9831 -0.0575
vn -0.3697 -0.9230 -0.1064
vn -0.1815 -0.9833 -0.0083
vn -0.3501 -0.9366 -0.0135
vn -0.1923 -0.9789 -0.0692
vn -0.0420 -0.9991 -0.0021
vn -0.1814 -0.9834 -0.0083
vn -0.0297 -0.9993 0.0240
vn -0.2065 -0.9757 0.0736
vn -0.0246 -0.9992 0.0316
vn 0.3526 -0.9340 0.0575
vn 0.1281 -0.9842 0.1222
vn 0.1846 -0.9825 0.0257
vn 0.2466 -0.9370 0.2474
vn 0.0330 -0.9990 0.0309
vn 0.0372 -0.9993 0.0054
vn 0.0376 -0.9992 0.0144
vn 0.0276 -0.9992 0.0294
vn 0.0086 -0.9992 -0.0394
vn 0.0249 -0.9992 -0.0316
vn -0.1420 -0.6943 0.7056
vn -0.1294 -0.7633 0.6330
vn -0.0560 -0.6775 0.7334
vn -0.0463 -0.7447 0.6658
vn -0.4714 -0.7664 0.4365
vn -0.5188 -0.7019 0.4880
vn -0.5885 -0.6871 0.4261
vn -0.5465 -0.7478 0.3771
vn -0.1294 -0.7634 0.6329
vn -0.1073 -0.8679 0.4850
vn -0.0463 -0.7448 0.6657
vn -0.4713 -0.7665 0.4364
vn -0.0262 -0.8504 0.5255
vn -0.3722 -0.8674 0.3303
vn -0.4566 -0.8467 0.2733
vn -0.0100 -0.9256 0.3783
vn -0.0847 -0.9370 0.3389
vn -0.1073 -0.8679 0.4849
vn -0.3721 -0.8675 0.3301
vn -0.2740 -0.9338 0.2301
vn -0.4565 -0.8467 0.2733
vn -0.3626 -0.9159 0.1723
vn -0.1452 -0.9825 0.1165
vn -0.1450 -0.9825 0.1165
vn -0.0122 -0.9990 0.0434
vn -0.0471 -0.9842 0.1705
vn -0.3502 -0.9366 -0.0135
vn -0.4908 -0.8712 -0.0122
vn -0.5090 -0.8544 -0.1044
vn -0.3698 -0.9230 -0.1065
vn -0.2938 -0.9366 0.1909
vn -0.4152 -0.8712 0.2619
vn -0.1507 -0.9835 0.0998
vn -0.2630 -0.9230 0.2808
vn -0.1815 -0.9834 -0.0082
vn -0.0350 -0.9991 0.0233
vn -0.1296 -0.9789 0.1579
vn -0.0353 -0.9992 0.0183
vn -0.0245 -0.9992 0.0315
vn -0.0244 -0.9991 0.0357
vn -0.0378 -0.9992 0.0129
vn -0.2102 -0.9777 0.0017
vn -0.0654 -0.9798 0.1888
vn -0.1735 -0.9832 0.0574
vn -0.3880 -0.9209 0.0365
vn -0.3320 -0.9359 0.1173
vn -0.1034 -0.9838 0.1467
vn -0.1406 -0.9237 0.3563
vn -0.2002 -0.9365 0.2878
vn -0.0297 -0.9993 0.0239
vn -0.0083 -0.9992 0.0393
vn -0.1451 -0.9825 0.1165
vn -0.2066 -0.9757 0.0736
vn -0.0018 -0.9815 0.1916
vn -0.2739 -0.9338 0.2301
vn -0.1450 -0.9825 0.1166
vn -0.0101 -0.9257 0.3781
vn -0.0180 -0.9994 0.0299
vn -0.1787 -0.9732 0.1450
vn -0.0959 -0.9820 0.1626
vn -0.2932 -0.9080 0.2992
vn -0.1788 -0.9313 0.3172
vn 0.0021 -0.9989 0.0476
vn 0.0010 -0.9989 0.0468
vn 0.0063 -0.9849 0.1731
vn 0.0254 -0.9382 0.3451
vn 0.0998 -0.9299 0.3541
vn 0.0496 -0.9833 0.1753
vn 0.2007 -0.6792 0.7060
vn 0.1178 -0.6943 0.7100
vn 0.0984 -0.7653 0.6361
vn 0.1809 -0.7492 0.6371
vn -0.2983 -0.7616 0.5753
vn -0.3290 -0.6941 0.6403
vn -0.4243 -0.6747 0.6040
vn -0.3988 -0.7373 0.5453
vn -0.2399 -0.8624 0.4458
vn -0.3487 -0.8354 0.4248
vn 0.0597 -0.8688 0.4916
vn 0.0984 -0.7654 0.6360
vn 0.1809 -0.7493 0.6370
vn 0.1422 -0.8541 0.5003
vn -0.2933 -0.9080 0.2992
vn 0.0998 -0.9298 0.3542
vn 0.1421 -0.8542 0.5002
vn -0.7301 -0.5907 -0.3436
vn -0.8198 0.2252 -0.5265
vn -0.8707 0.2164 -0.4417
vn -0.3324 0.2242 -0.9161
vn -0.2517 0.2172 -0.9431
vn -0.5573 -0.7549 -0.3457
vn -0.6271 -0.7312 -0.2684
vn -0.2813 -0.6129 -0.7384
vn -0.2425 -0.7587 -0.6046
vn -0.2075 -0.5965 -0.7753
vn -0.1731 -0.7424 -0.6472
vn -0.2006 -0.8688 -0.4528
vn -0.1342 -0.8541 -0.5025
vn -0.4344 -0.8624 -0.2599
vn -0.5171 -0.8354 -0.1862
vn -0.1550 -0.9382 -0.3093
vn -0.0957 -0.9299 -0.3552
vn -0.3161 -0.9313 -0.1808
vn -0.4051 -0.9080 -0.1067
vn -0.0833 -0.9849 -0.1519
vn 0.8046 0.2272 -0.5486
vn 0.8703 -0.0005 -0.4926
vn 0.8285 -0.0005 -0.5601
vn 0.8046 -0.2272 -0.5486
vn 0.8456 -0.2320 -0.4808
vn 0.9725 -0.2320 -0.0204
vn 0.7370 -0.4359 -0.5166
vn 0.7762 -0.4450 -0.4466
vn 0.7763 -0.4451 -0.4465
vn 0.8954 -0.4451 -0.0143
vn 0.7762 -0.4451 -0.4466
vn 0.6369 -0.6119 -0.4689
vn 0.7369 -0.4360 -0.5166
vn 0.8953 -0.4452 -0.0142
vn 0.6732 -0.6246 -0.3958
vn 0.5149 -0.7518 -0.4119
vn 0.5496 -0.7661 -0.3333
vn 0.6427 -0.7661 0.0047
vn 0.4155 -0.8710 -0.2620
vn 0.3839 -0.8543 -0.3505
vn 0.2633 -0.9229 -0.2809
vn 0.3838 -0.8543 -0.3505
vn 0.2933 -0.9368 -0.1909
vn 0.4154 -0.8711 -0.2620
vn 0.3497 -0.9368 0.0135
vn 0.4909 -0.8711 0.0120
vn 0.3700 -0.9229 0.1063
vn 0.1808 -0.9835 0.0085
vn 0.3496 -0.9368 0.0137
vn 0.2633 -0.9229 -0.2808
vn 0.1511 -0.9835 -0.1000
vn 0.1300 -0.9788 -0.1580
vn 0.1300 -0.9789 -0.1579
vn 0.0344 -0.9991 -0.0232
vn -0.5626 -0.2292 0.7943
vn -0.4535 -0.4157 0.7884
vn -0.4924 -0.2223 0.8415
vn -0.5262 -0.4311 0.7330
vn -0.8876 -0.2330 0.3973
vn -0.5261 -0.4312 0.7330
vn -0.4195 -0.5240 0.7412
vn -0.4535 -0.4158 0.7883
vn -0.5111 -0.5894 0.6256
vn -0.4175 -0.5308 0.7375
vn -0.8191 -0.4458 0.3610
vn -0.4142 -0.7008 0.5807
vn -0.9193 -0.2281 0.3207
vn -0.9428 0.0005 0.3333
vn -0.8534 -0.4362 0.2853
vn -0.9121 0.0005 0.4100
vn -0.5626 -0.2291 0.7943
vn -0.5786 0.0005 0.8156
vn -0.4924 -0.2222 0.8415
vn -0.5084 0.0004 0.8611
vn -0.7176 -0.6248 0.3078
vn -0.7554 -0.6128 0.2320
vn -0.5945 -0.7664 0.2434
vn -0.6378 -0.7518 0.1672
vn -0.3693 -0.7675 0.5240
vn -0.3404 -0.6854 0.6437
vn -0.2990 -0.7519 0.5876
vn -0.2800 -0.8694 0.4071
vn -0.2180 -0.8514 0.4771
vn -0.2003 -0.9365 0.2878
vn -0.1407 -0.9236 0.3565
vn -0.4590 -0.8709 0.1757
vn -0.5944 -0.7665 0.2434
vn -0.6377 -0.7519 0.1672
vn -0.3322 -0.9359 0.1174
vn -0.5124 -0.8534 0.0961
vn -0.3881 -0.9209 0.0365
vn 0.0050 -0.9998 0.0174
vn -0.1033 -0.9741 0.2012
vn -0.0048 -0.9998 -0.0175
vn 0.0450 -0.9857 0.1625
vn -0.1591 -0.9074 0.3889
vn 0.0918 -0.9388 0.3320
vn 0.1922 -0.9740 0.1197
vn 0.3363 -0.9073 0.2524
vn 0.4158 -0.8316 0.3682
vn 0.1299 -0.8729 0.4704
vn 0.4874 -0.7312 0.4772
vn 0.1671 -0.7783 0.6053
vn 0.1862 -0.7144 0.6745
vn 0.5248 -0.6652 0.5311
vn 0.0226 -0.9989 0.0409
vn -0.0016 -0.9989 -0.0467
vn 0.1037 -0.9740 -0.2013
vn 0.0275 -0.9992 0.0295
vn 0.0229 -0.9989 0.0419
vn 0.0476 -0.9833 0.1758
vn 0.0311 -0.9994 0.0163
vn 0.0835 -0.9849 0.1519
vn 0.2271 -0.9733 0.0331
vn 0.1659 -0.9820 0.0905
vn 0.4055 -0.9079 0.1066
vn 0.0951 -0.9299 0.3554
vn 0.3156 -0.9315 0.1810
vn 0.5165 -0.8357 0.1867
vn 0.1544 -0.9383 0.3095
vn 0.1346 -0.8542 0.5023
vn 0.2009 -0.8688 0.4526
vn 0.4338 -0.8626 0.2602
vn 0.6222 -0.7371 0.2637
vn 0.5511 -0.7615 0.3411
vn 0.6740 -0.6746 0.3012
vn 0.6101 -0.6943 0.3817
vn 0.2009 -0.8687 0.4527
vn 0.2629 -0.6943 0.6700
vn 0.2416 -0.7653 0.5966
vn 0.2417 -0.7653 0.5966
vn 0.1896 -0.6793 0.7090
vn 0.1715 -0.7492 0.6398
vn 0.1714 -0.7493 0.6396
vn 0.1346 -0.8541 0.5024
vn -0.9725 0.2321 0.0203
vn -0.9997 0.0005 0.0228
vn -0.8703 0.0005 0.4926
vn -0.8045 -0.2273 0.5487
vn -0.8702 0.0005 0.4927
vn -0.8455 -0.2321 0.4809
vn -0.7368 -0.4361 0.5167
vn -0.8955 -0.4448 0.0144
vn -0.8455 -0.2321 0.4808
vn -0.9725 -0.2321 0.0203
vn -0.7763 -0.4449 0.4466
vn -0.6367 -0.6122 0.4689
vn -0.6731 -0.6247 0.3958
vn -0.7809 -0.6247 0.0050
vn -0.5153 -0.7515 0.4120
vn -0.5493 -0.7663 0.3332
vn -0.4152 -0.8712 0.2620
vn -0.6425 -0.7663 -0.0047
vn -0.3836 -0.8544 0.3505
vn -0.2938 -0.9366 0.1910
vn -0.2630 -0.9230 0.2809
vn -0.1297 -0.9789 0.1579
vn -0.0353 -0.9992 0.0184
vn -0.0350 -0.9991 0.0234
vn 0.1860 -0.7144 0.6746
vn -0.1782 -0.6653 0.7250
vn -0.1738 -0.7313 0.6596
vn 0.1670 -0.7783 0.6053
vn 0.1297 -0.8728 0.4704
vn -0.1681 -0.8318 0.5291
vn 0.0916 -0.9388 0.3321
vn -0.1592 -0.9073 0.3891
vn 0.2291 0.1119 0.9669
vn 0.2021 -0.0298 0.9789
vn 0.2718 0.1100 0.9560
vn -0.4572 0.1148 0.8819
vn -0.4481 -0.0552 0.8923
vn -0.5308 -0.0503 0.8460
vn -0.5277 0.1109 0.8421
vn -0.4205 -0.1764 0.8900
vn -0.5258 -0.1579 0.8358
vn 0.1535 -0.1587 0.9753
vn -0.5054 -0.3268 0.7986
vn -0.4205 -0.1766 0.8899
vn -0.3538 -0.3425 0.8704
vn 0.0144 -0.3463 0.9380
vn 0.2593 -0.3239 0.9099
vn 0.2712 -0.1305 0.9536
vn 0.2718 -0.1097 0.9561
vn 0.2734 -0.0220 0.9617
vn 0.2718 0.1098 0.9561
vn 0.2715 0.1197 0.9550
vn 0.2588 0.3236 0.9101
vn 0.4828 -0.6944 0.5335
vn 0.4242 -0.6772 0.6012
vn 0.4357 -0.7632 0.4772
vn 0.3804 -0.7448 0.5483
vn 0.6286 -0.7662 0.1333
vn 0.6958 -0.7017 0.1532
vn 0.7239 -0.6869 0.0644
vn 0.6627 -0.7476 0.0438
vn 0.4356 -0.7633 0.4771
vn 0.3802 -0.7449 0.5482
vn 0.3410 -0.8678 0.3615
vn 0.6285 -0.7663 0.1333
vn 0.2921 -0.8503 0.4378
vn 0.4891 -0.8673 0.0928
vn 0.6626 -0.7477 0.0438
vn 0.5324 -0.8465 0.0006
vn 0.2468 -0.9369 0.2476
vn 0.3409 -0.8679 0.3614
vn 0.2921 -0.8503 0.4377
vn 0.4890 -0.8673 0.0928
vn 0.2019 -0.9257 0.3199
vn 0.3527 -0.9340 0.0574
vn 0.5323 -0.8465 0.0007
vn 0.4001 -0.9157 -0.0379
vn 0.1281 -0.9842 0.1223
vn 0.1846 -0.9825 0.0255
vn 0.0999 -0.9815 0.1635
vn 0.2154 -0.9756 -0.0427
vn 0.0330 -0.9990 0.0310
vn 0.0275 -0.9992 0.0294
vn 0.0087 -0.9992 -0.0394
vn -0.0018 -0.9989 -0.0477
vn -0.0492 -0.9833 -0.1754
vn 0.0183 -0.9994 -0.0299
vn -0.0061 -0.9849 -0.1732
vn -0.1003 -0.9299 -0.3539
vn -0.0260 -0.9383 -0.3449
vn 0.1782 -0.9315 -0.3171
vn 0.0961 -0.9820 -0.1628
vn 0.2935 -0.9079 -0.2992
vn 0.1781 -0.9733 -0.1448
vn 0.0021 -0.9815 -0.1916
vn 0.0125 -0.9990 -0.0436
vn 0.0085 -0.9992 -0.0394
vn 0.0474 -0.9842 -0.1706
vn 0.0850 -0.9370 -0.3389
vn 0.1454 -0.9825 -0.1166
vn 0.1455 -0.9825 -0.1165
vn 0.2734 -0.9340 -0.2299
vn 0.3629 -0.9157 -0.1724
vn 0.2068 -0.9756 -0.0737
vn 0.0292 -0.9993 -0.0237
vn 0.2566 0.1101 0.9602
vn 0.2583 -0.0220 0.9658
vn 0.3274 -0.0298 0.9444
vn 0.2980 0.1119 0.9480
vn 0.2569 0.1098 0.9602
vn 0.8447 0.1148 0.5228
vn 0.2565 0.1197 0.9591
vn 0.2440 0.3236 0.9142
vn 0.2561 -0.1305 0.9578
vn 0.2566 -0.1100 0.9602
vn 0.2569 -0.1098 0.9602
vn 0.3682 -0.1587 0.9161
vn 0.2440 -0.3237 0.9141
vn 0.4684 -0.3463 0.8128
vn 0.8173 -0.1764 0.5486
vn 0.7494 -0.3426 0.5666
vn 0.8433 -0.3267 0.4267
vn 0.8799 -0.1580 0.4482
vn 0.8433 -0.3268 0.4267
vn 0.8894 -0.0503 0.4544
vn 0.8799 -0.1578 0.4482
vn 0.8421 -0.0552 0.5365
vn 0.8845 0.1110 0.4532
vn -0.6425 -0.7663 -0.0048
vn -0.6536 -0.7515 -0.0898
vn -0.4153 -0.8712 0.2618
vn -0.5090 -0.8544 -0.1045
vn -0.7808 -0.6248 0.0049
vn -0.6730 -0.6248 0.3957
vn -0.7870 -0.6122 -0.0764
vn -0.8955 -0.4449 0.0144
vn -0.7764 -0.4449 0.4464
vn -0.8974 -0.4361 -0.0662
vn -0.8455 -0.2322 0.4808
vn -0.9725 -0.2321 0.0201
vn -0.8975 -0.4361 -0.0662
vn -0.9720 -0.2273 -0.0590
vn -0.9997 0.0005 0.0227
vn -0.9984 -0.0005 -0.0566
vn -0.9721 0.2272 -0.0590
vn -0.9725 0.2321 0.0202
vn -0.8455 0.2321 0.4808
vn -0.8975 0.4361 -0.0662
vn -0.8955 0.4449 0.0144
vn -0.7764 0.4448 0.4464
vn -0.7871 0.6120 -0.0765
vn -0.7809 0.6247 0.0050
vn -0.7764 0.4449 0.4464
vn 0.5054 0.7634 -0.4023
vn 0.5374 0.7778 -0.3259
vn 0.6732 0.6246 -0.3958
vn 0.6285 0.7778 0.0045
vn 0.6369 0.6120 -0.4689
vn 0.6369 0.6119 -0.4689
vn 0.7762 0.4451 -0.4466
vn 0.8953 0.4451 -0.0143
vn 0.7369 0.4360 -0.5166
vn 0.8456 0.2320 -0.4808
vn 0.9725 0.2320 -0.0204
vn 0.9997 0.0005 -0.0229
vn 0.0475 -0.9842 -0.1706
vn 0.0291 -0.9993 -0.0238
vn 0.0126 -0.9990 -0.0435
vn 0.7081 -0.4294 -0.5605
vn 0.6439 -0.4412 -0.6251
vn 0.7574 -0.2233 -0.6136
vn 0.6954 -0.2301 -0.6808
vn 0.7745 0.0004 -0.6326
vn 0.7132 -0.0005 -0.7010
vn 0.1853 -0.0005 -0.9827
vn 0.1812 -0.2252 -0.9573
vn 0.1688 -0.4334 -0.8853
vn 0.0978 -0.0005 -0.9952
vn 0.0940 -0.2173 -0.9716
vn 0.6954 0.2301 -0.6808
vn 0.7745 0.0005 -0.6326
vn 0.7132 -0.0005 -0.7009
vn 0.7574 0.2233 -0.6136
vn 0.6439 0.4412 -0.6251
vn 0.7081 0.4294 -0.5605
vn 0.1812 0.2252 -0.9573
vn 0.0940 0.2173 -0.9716
vn 0.1687 0.4334 -0.8853
vn 0.0834 0.4195 -0.9039
vn 0.1503 0.6131 -0.7756
vn 0.0674 0.5955 -0.8005
vn 0.5673 0.6200 -0.5420
vn 0.6438 0.4413 -0.6251
vn 0.6361 0.6043 -0.4799
vn 0.4641 0.7735 -0.4316
vn 0.5373 0.7557 -0.3745
vn 0.1256 0.7700 -0.6256
vn 0.0469 0.7517 -0.6579
vn 0.3406 0.8893 -0.3051
vn 0.4144 0.8738 -0.2546
vn 0.0968 0.8889 -0.4478
vn 0.0262 0.8752 -0.4831
vn 0.0585 0.9660 -0.2518
vn 0.0108 0.9596 -0.2813
vn 0.0205 0.9968 -0.0770
vn 0.0015 0.9962 -0.0870
vn 0.1982 0.9650 -0.1717
vn 0.4143 0.8738 -0.2545
vn 0.0621 0.9968 -0.0510
vn 0.2611 0.9549 -0.1414
vn 0.0834 0.9960 -0.0326
vn 0.0027 1.0000 -0.0023
vn 0.0039 1.0000 -0.0016
vn -0.6367 0.6122 0.4689
vn -0.6731 0.6247 0.3958
vn -0.7808 0.6247 0.0050
vn -0.7368 0.4361 0.5166
vn -0.5052 0.7635 0.4023
vn -0.5372 0.7780 0.3259
vn -0.7368 0.4361 0.5167
vn -0.7764 0.4449 0.4465
vn -0.8455 0.2321 0.4809
vn -0.8045 0.2273 0.5487
vn -0.8284 0.0005 0.5602
vn -0.3840 0.6043 0.6981
vn -0.3597 0.7740 0.5211
vn -0.4495 0.6188 0.6442
vn -0.2990 0.7571 0.5808
vn -0.4496 0.4275 0.7843
vn -0.7176 0.6248 0.3078
vn -0.5808 0.7783 0.2387
vn -0.7554 0.6129 0.2319
vn -0.6248 0.7630 0.1657
vn -0.7554 0.6128 0.2321
vn -0.8534 0.4362 0.2853
vn -0.8191 0.4458 0.3611
vn -0.9193 0.2281 0.3207
vn -0.5169 0.4392 0.7348
vn -0.8876 0.2330 0.3973
vn -0.9428 0.0006 0.3333
vn -0.5626 0.2292 0.7943
vn -0.4924 0.2223 0.8415
vn -0.5626 0.2291 0.7943
vn -0.4924 0.2222 0.8415
vn -0.5084 0.0005 0.8611
vn 0.5628 -0.2291 -0.7942
vn 0.4492 -0.4277 -0.7844
vn 0.4927 -0.2222 -0.8414
vn 0.5789 -0.0005 -0.8154
vn 0.5080 -0.0005 -0.8613
vn 0.4927 0.2222 -0.8414
vn 0.8877 -0.2329 -0.3972
vn 0.5628 0.2292 -0.7942
vn 0.4492 0.4277 -0.7844
vn 0.9120 0.0005 -0.4101
vn 0.9428 -0.0004 -0.3333
vn 0.9192 -0.2282 -0.3208
vn 0.8877 0.2330 -0.3972
vn 0.9192 0.2282 -0.3208
vn 0.5171 0.4391 -0.7347
vn 0.8189 0.4461 -0.3611
vn 0.8533 0.4364 -0.2854
vn 0.4490 0.6191 -0.6443
vn 0.3842 0.6042 -0.6981
vn 0.7173 0.6251 -0.3078
vn 0.7552 0.6131 -0.2320
vn 0.3592 0.7742 -0.5211
vn 0.5810 0.7781 -0.2387
vn 0.6244 0.7634 -0.1655
vn 0.2993 0.7570 -0.5808
vn 0.2574 0.8904 -0.3754
vn 0.2035 0.8768 -0.4356
vn 0.4213 0.8921 -0.1632
vn 0.5809 0.7782 -0.2386
vn 0.6243 0.7635 -0.1654
vn 0.4669 0.8792 -0.0947
vn 0.2033 0.8769 -0.4355
vn 0.1456 0.9664 -0.2120
vn 0.1118 0.9590 -0.2604
vn 0.4211 0.8922 -0.1632
vn 0.2421 0.9661 -0.0895
vn 0.4668 0.8793 -0.0946
vn 0.2838 0.9580 -0.0412
vn 0.0458 0.9968 -0.0658
vn 0.0301 0.9961 -0.0828
vn 0.0014 1.0000 -0.0030
vn 0.0753 0.9968 -0.0253
vn 0.0878 0.9961 -0.0024
vn 0.0030 1.0000 -0.0013
vn 0.0015 1.0000 -0.0030
vn -0.0932 0.9869 0.1316
vn 0.0014 1.0000 -0.0029
vn -0.0584 0.9838 0.1697
vn -0.2151 -0.9757 0.0426
vn -0.0997 -0.9815 -0.1636
vn -0.1277 -0.9842 -0.1224
vn -0.2024 -0.9257 -0.3197
vn -0.2464 -0.9370 -0.2477
vn -0.2917 -0.8504 -0.4378
vn -0.3406 -0.8679 -0.3616
vn -0.3849 -0.7398 -0.5519
vn -0.4887 -0.8675 -0.0929
vn -0.3532 -0.9338 -0.0572
vn -0.5321 -0.8467 -0.0008
vn -0.3999 -0.9158 0.0378
vn -0.4382 -0.7581 -0.4830
vn -0.4676 -0.5956 -0.6531
vn -0.6328 -0.7624 -0.1351
vn -0.5269 -0.6129 -0.5888
vn -0.5344 -0.4196 -0.7337
vn -0.4888 -0.8674 -0.0930
vn -0.6669 -0.7438 -0.0456
vn -0.7920 -0.6044 -0.0863
vn -0.5982 -0.4335 -0.6740
vn -0.7648 -0.6201 -0.1750
vn -0.8952 -0.4295 -0.1187
vn -0.8734 -0.4410 -0.2067
vn -0.9648 -0.2233 -0.1391
vn -0.9461 -0.2300 -0.2281
vn -0.9892 0.0004 -0.1466
vn -0.9717 -0.0005 -0.2362
vn -0.6624 0.0005 -0.7492
vn -0.6458 -0.2252 -0.7295
vn -0.5983 -0.4334 -0.6740
vn -0.5936 -0.0005 -0.8048
vn -0.5782 -0.2173 -0.7864
vn -0.5344 -0.4195 -0.7338
vn -0.9892 0.0005 -0.1466
vn -0.9461 0.2300 -0.2281
vn -0.9648 0.2233 -0.1391
vn -0.8734 0.4410 -0.2067
vn -0.8952 0.4295 -0.1187
vn -0.6458 0.2252 -0.7295
vn -0.5782 0.2173 -0.7864
vn -0.5982 0.4334 -0.6740
vn -0.5343 0.4196 -0.7338
vn -0.5269 0.6129 -0.5888
vn -0.4676 0.5956 -0.6531
vn -0.7648 0.6201 -0.1750
vn -0.8733 0.4411 -0.2066
vn -0.7920 0.6044 -0.0863
vn -0.6190 0.7741 -0.1328
vn -0.6531 0.7558 -0.0465
vn -0.4281 0.7700 -0.4731
vn -0.3769 0.7517 -0.5411
vn -0.4486 0.8894 -0.0877
vn -0.4860 0.8739 -0.0064
vn -0.3122 0.8889 -0.3352
vn -0.2696 0.8752 -0.4016
vn -0.1789 0.9660 -0.1864
vn -0.1540 0.9595 -0.2358
vn -0.4485 0.8895 -0.0877
vn -0.2587 0.9649 -0.0457
vn -0.2972 0.9547 0.0125
vn -0.0577 0.9968 -0.0555
vn -0.0456 0.9962 -0.0741
vn -0.0800 0.9967 -0.0119
vn -0.0880 0.9960 0.0146
vn -0.0024 1.0000 -0.0019
vn -0.0017 1.0000 -0.0032
vn -0.0031 1.0000 -0.0007
vn -0.0039 1.0000 0.0005
vn 0.1146 0.9873 0.1098
vn 0.0894 0.9851 0.1472
vn 0.1655 0.9859 0.0228
vn 0.2109 0.9564 0.2019
vn 0.1635 0.9493 0.2686
vn 0.3035 0.9519 0.0415
vn 0.1944 0.9802 -0.0379
vn 0.3072 0.9052 0.2938
vn 0.2360 0.8907 0.3885
vn 0.4394 0.8962 0.0607
vn 0.3501 0.9342 -0.0686
vn 0.3360 0.8854 0.3213
vn 0.2579 0.8682 0.4240
vn 0.4796 0.8750 0.0660
vn 0.0062 0.9998 -0.0184
vn -0.0633 0.9979 -0.0134
vn -0.0681 0.9977 0.0021
vn -0.0059 0.9996 -0.0293
vn 0.0135 0.9999 -0.0032
vn -0.0213 0.9992 -0.0342
vn -0.0372 0.9988 -0.0328
vn -0.0525 0.9983 -0.0256
vn -0.0668 0.9976 0.0179
vn -0.0595 0.9977 0.0331
vn 0.0148 0.9998 0.0126
vn -0.0475 0.9979 0.0440
vn 0.0099 0.9996 0.0282
vn -0.0008 0.9992 0.0403
vn -0.0152 0.9988 0.0472
vn -0.0320 0.9983 0.0488
vn -0.1791 0.7538 -0.6322
vn -0.0587 0.8898 -0.4526
vn -0.0994 0.7704 -0.6298
vn -0.2197 0.5965 -0.7719
vn -0.1307 0.8781 -0.4602
vn -0.1372 0.6128 -0.7782
vn -0.2485 0.4195 -0.8731
vn 0.2950 0.7666 -0.5704
vn -0.0267 0.9664 -0.2556
vn -0.0751 0.9611 -0.2657
vn -0.0035 0.9968 -0.0795
vn -0.0232 0.9964 -0.0812
vn 0.2184 0.8854 -0.4103
vn 0.1289 0.9632 -0.2357
vn 0.0415 0.9966 -0.0707
vn 0.2083 0.9496 -0.2342
vn 0.0679 0.9959 -0.0598
vn 0.3146 0.8650 -0.3908
vn 0.3927 0.7428 -0.5423
vn 0.4512 0.5906 -0.6690
vn 0.3575 0.6117 -0.7057
vn 0.4512 0.5906 -0.6691
vn 0.4934 0.4177 -0.7629
vn 0.3576 0.6116 -0.7057
vn -0.1650 0.4324 -0.8865
vn -0.2667 0.2173 -0.9390
vn 0.4033 0.4333 -0.8060
vn 0.3773 0.7517 0.5409
vn 0.3125 0.8889 0.3350
vn 0.2700 0.8752 0.4015
vn 0.4284 0.7700 0.4729
vn 0.4626 0.6055 0.6476
vn 0.1792 0.9660 0.1863
vn 0.1534 0.9596 0.2360
vn 0.4488 0.8893 0.0876
vn 0.6192 0.7739 0.1328
vn 0.5278 0.6209 0.5796
vn 0.5015 0.5163 0.6942
vn 0.5724 0.5330 0.6232
vn 0.7649 0.6200 0.1748
vn 0.7921 0.6043 0.0862
vn 0.7650 0.6199 0.1748
vn 0.6533 0.7557 0.0464
vn 0.4863 0.8738 0.0063
vn 0.8953 0.4294 0.1186
vn 0.8732 0.4412 0.2070
vn 0.9648 0.2233 0.1389
vn 0.7124 0.4255 0.5581
vn 0.5559 0.3385 0.7592
vn 0.9460 0.2301 0.2284
vn 0.9892 0.0005 0.1465
vn 0.6847 0.1900 0.7036
vn 0.7124 0.4254 0.5582
vn 0.9716 -0.0000 0.2365
vn 0.5592 0.3228 0.7636
vn 0.5559 0.3384 0.7592
vn 0.5852 0.1598 0.7950
vn 0.6668 -0.0073 0.7452
vn 0.5899 0.1109 0.7999
vn 0.5938 -0.0093 0.8045
vn 0.6600 -0.2018 0.7237
vn 0.5830 -0.1871 0.7906
vn 0.9472 -0.2282 0.2251
vn 0.9648 -0.2233 0.1389
vn 0.9085 -0.3668 0.2000
vn 0.9217 -0.3660 0.1282
vn 0.8368 -0.5359 0.1121
vn 0.6507 -0.3374 0.6803
vn 0.6599 -0.2018 0.7238
vn 0.5602 -0.3231 0.7627
vn 0.1728 0.9790 0.1079
vn 0.0739 0.9606 0.2679
vn 0.0403 0.9885 0.1455
vn -0.0927 0.9791 0.1811
vn -0.1675 0.9306 0.3254
vn 0.0023 1.0000 -0.0031
vn -0.0005 1.0000 -0.0023
vn 0.3109 0.9305 0.1936
vn 0.1084 0.9134 0.3924
vn 0.0741 0.9606 0.2679
vn 0.4396 0.8552 0.2745
vn -0.1676 0.9306 0.3254
vn 0.1082 0.9134 0.3924
vn -0.2374 0.8550 0.4611
vn 0.1187 0.8949 0.4301
vn -0.2572 0.8275 0.4991
vn -0.0005 1.0000 -0.0025
vn 0.0421 0.9953 -0.0871
vn -0.0192 0.9973 -0.0702
vn 0.1037 0.9503 -0.2936
vn -0.0690 0.9655 -0.2510
vn 0.1470 0.8615 -0.4860
vn -0.1183 0.8949 -0.4302
vn 0.1689 0.7358 -0.6558
vn -0.1655 0.7818 -0.6012
vn -0.2058 0.6316 -0.7475
vn 0.1833 0.5821 -0.7922
vn -0.2369 0.4517 -0.8602
vn 0.1932 0.4089 -0.8919
vn -0.2580 0.2360 -0.9369
vn 0.1997 0.2116 -0.9567
vn -0.2655 -0.0005 -0.9641
vn 0.2024 -0.0005 -0.9793
vn 0.1997 -0.2116 -0.9567
vn -0.2580 -0.2359 -0.9369
vn 0.1932 -0.4089 -0.8919
vn -0.2369 -0.4517 -0.8602
vn 0.1833 -0.5821 -0.7922
vn -0.2058 -0.6316 -0.7475
vn 0.1730 -0.7244 -0.6673
vn -0.1689 -0.7713 -0.6137
vn -0.1294 -0.8728 -0.4705
vn 0.1684 -0.8316 -0.5292
vn -0.0913 -0.9388 -0.3322
vn 0.1596 -0.9073 -0.3891
vn 0.7872 0.6120 0.0764
vn 0.8953 0.4451 -0.0141
vn 0.7809 0.6246 -0.0050
vn 0.6733 0.6246 -0.3957
vn 0.8975 0.4360 0.0661
vn 0.6401 0.7634 0.0865
vn 0.6285 0.7778 0.0046
vn 0.6732 0.6246 -0.3957
vn 0.4517 0.8921 0.0098
vn 0.6284 0.7779 0.0046
vn 0.4674 0.8796 0.0885
vn 0.8976 0.4359 0.0661
vn 0.9725 0.2320 -0.0202
vn 0.8954 0.4451 -0.0143
vn 0.7763 0.4451 -0.4465
vn 0.9721 0.2272 0.0589
vn 0.9984 0.0005 0.0565
vn 0.9721 -0.2272 0.0589
vn 0.8703 -0.0005 -0.4925
vn 0.9725 -0.2320 -0.0202
vn 0.8975 -0.4360 0.0661
vn 0.9725 -0.2321 -0.0204
vn 0.8456 -0.2321 -0.4807
vn 0.8954 -0.4451 -0.0141
vn 0.7872 -0.6120 0.0764
vn 0.7809 -0.6246 -0.0051
vn 0.6733 -0.6246 -0.3957
vn 0.6533 -0.7518 0.0899
vn 0.4910 -0.8711 0.0122
vn 0.5495 -0.7661 -0.3333
vn 0.4156 -0.8710 -0.2619
vn 0.5092 -0.8543 0.1043
vn 0.3497 -0.9368 0.0137
vn 0.3701 -0.9229 0.1063
vn 0.1808 -0.9835 0.0084
vn 0.1926 -0.9788 0.0691
vn 0.2932 -0.9368 -0.1908
vn 0.3496 -0.9368 0.0136
vn 0.1510 -0.9835 -0.0999
vn 0.0414 -0.9991 0.0023
vn 0.0401 -0.9992 -0.0025
vn 0.0376 -0.9992 0.0145
vn 0.0396 -0.9991 0.0179
vn 0.1523 -0.9799 0.1288
vn 0.0395 -0.9992 -0.0084
vn 0.1817 -0.9776 -0.1063
vn 0.1643 -0.9837 0.0729
vn 0.1787 -0.9831 -0.0396
vn 0.3515 -0.9211 -0.1673
vn 0.3038 -0.9236 0.2339
vn 0.3448 -0.9361 -0.0692
vn 0.9538 -0.2282 -0.1955
vn 0.7403 -0.5239 0.4213
vn 0.8271 -0.4314 0.3603
vn 0.7935 -0.4157 0.4444
vn 0.9658 -0.2330 -0.1137
vn 0.8272 -0.4313 0.3602
vn 0.9804 -0.0005 -0.1968
vn 0.8902 -0.2292 0.3937
vn 0.7935 -0.4156 0.4445
vn 0.8542 -0.2222 0.4701
vn 0.9934 0.0005 -0.1150
vn 0.8903 -0.2291 0.3937
vn 0.9149 0.0004 0.4037
vn 0.8776 0.0005 0.4795
vn 0.9149 0.0005 0.4037
vn 0.8541 0.2222 0.4702
vn 0.8903 0.2291 0.3937
vn 0.9934 0.0005 -0.1151
vn 0.9658 0.2330 -0.1137
vn 0.9538 0.2282 -0.1955
vn 0.8883 0.4461 -0.1095
vn 0.8790 0.4364 -0.1921
vn 0.7737 0.6251 -0.1032
vn 0.7674 0.6131 -0.1877
vn 0.7157 0.6191 0.3232
vn 0.8205 0.4391 0.3661
vn 0.8902 0.2292 0.3937
vn 0.7876 0.4277 0.4435
vn 0.8542 0.2222 0.4702
vn 0.6877 0.6041 0.4026
vn 0.5755 0.7742 0.2635
vn 0.5547 0.7570 0.3455
vn 0.6213 0.7781 -0.0927
vn 0.6210 0.7634 -0.1778
vn 0.5546 0.7570 0.3454
vn 0.4134 0.8904 0.1905
vn 0.3979 0.8768 0.2699
vn 0.5754 0.7743 0.2635
vn 0.4453 0.8922 -0.0756
vn 0.6212 0.7782 -0.0927
vn 0.6209 0.7635 -0.1777
vn 0.4495 0.8793 -0.1578
vn 0.2538 0.9661 -0.0471
vn 0.2647 0.9580 -0.1100
vn 0.0776 0.9968 -0.0168
vn 0.0766 0.9961 -0.0429
vn 0.0031 1.0000 -0.0003
vn 0.0029 1.0000 -0.0013
vn -0.1603 0.9864 0.0356
vn 0.0731 0.9968 0.0331
vn -0.1629 0.9819 0.0962
vn -0.2941 0.9535 0.0654
vn -0.2953 0.9394 0.1741
vn -0.2703 0.9552 -0.1206
vn -0.4267 0.8994 0.0949
vn -0.3937 0.9025 -0.1747
vn -0.4218 0.8720 0.2485
vn -0.4672 0.8781 0.1030
vn -0.4591 0.8464 0.2701
vn -0.1372 0.9837 -0.1158
vn -0.2502 0.9451 -0.2102
vn -0.1475 0.9869 -0.0653
vn -0.1474 0.9869 -0.0653
vn 0.0027 1.0000 0.0017
vn 0.0026 1.0000 0.0018
vn 0.2294 0.9590 0.1663
vn 0.0682 0.9961 0.0557
vn 0.2336 0.9664 0.1075
vn 0.3978 0.8769 0.2699
vn -0.0964 0.8889 0.4478
vn -0.0465 0.7518 0.6578
vn -0.0259 0.8752 0.4831
vn -0.1253 0.7700 0.6256
vn -0.0660 0.6054 0.7931
vn -0.0582 0.9661 0.2517
vn -0.0114 0.9595 0.2814
vn -0.3402 0.8895 0.3051
vn -0.0210 0.9968 0.0772
vn -0.0011 0.9962 0.0869
vn -0.1987 0.9649 0.1718
vn -0.4141 0.8740 0.2545
vn -0.0627 0.9967 0.0512
vn -0.2617 0.9547 0.1415
vn -0.0830 0.9960 0.0325
vn -0.0034 1.0000 0.0015
vn -0.0831 0.9960 0.0325
vn -0.0022 1.0000 0.0022
vn 0.1305 0.9860 -0.1043
vn -0.5371 0.7558 0.3746
vn -0.3403 0.8894 0.3051
vn -0.4141 0.8739 0.2545
vn -0.4639 0.7737 0.4316
vn -0.6360 0.6044 0.4798
vn -0.5671 0.6201 0.5421
vn -0.1569 0.6207 0.7682
vn -0.0746 0.5164 0.8531
vn -0.1728 0.5329 0.8284
vn -0.6359 0.6044 0.4799
vn -0.7080 0.4295 0.5606
vn -0.6442 0.4410 0.6250
vn -0.7572 0.2233 0.6138
vn -0.3263 0.4254 0.8441
vn -0.0882 0.3385 0.9368
vn -0.6956 0.2300 0.6806
vn -0.7744 0.0003 0.6327
vn -0.2272 0.1901 0.9551
vn -0.3263 0.4253 0.8442
vn -0.0887 0.3229 0.9423
vn -0.0881 0.3385 0.9368
vn -0.0959 0.1597 0.9825
vn -0.7134 -0.0005 0.7008
vn -0.1905 -0.0073 0.9817
vn -0.0973 0.1108 0.9891
vn -0.0975 -0.0093 0.9952
vn -0.6984 -0.2281 0.6784
vn -0.1957 -0.2018 0.9597
vn -0.0953 -0.1871 0.9777
vn -0.7572 -0.2233 0.6138
vn -0.6776 -0.3669 0.6374
vn -0.7258 -0.3658 0.5825
vn -0.6612 -0.5359 0.5250
vn -0.2100 -0.3375 0.9176
vn -0.1955 -0.2019 0.9597
vn -0.0910 -0.3230 0.9420
vn -0.0952 -0.1872 0.9777
vn -0.0473 -0.9833 -0.1760
vn -0.1657 -0.9820 -0.0906
vn -0.2277 -0.9732 -0.0330
vn -0.0226 -0.9989 -0.0419
vn -0.0307 -0.9994 -0.0164
vn -0.0232 -0.9989 -0.0407
vn -0.1918 -0.9741 -0.1198
vn -0.0448 -0.9857 -0.1626
vn -0.3351 -0.9076 -0.2531
vn -0.0915 -0.9388 -0.3321
vn -0.4162 -0.8315 -0.3679
vn 0.1595 -0.9073 -0.3891
vn -0.1296 -0.8728 -0.4705
vn -0.4909 -0.7243 -0.4842
vn -0.1691 -0.7713 -0.6136
vn -0.2059 -0.6317 -0.7474
vn -0.5638 -0.5820 -0.5860
vn -0.2369 -0.4517 -0.8601
vn -0.6226 -0.4089 -0.6672
vn -0.2580 -0.2360 -0.9369
vn -0.6621 -0.2115 -0.7189
vn -0.6752 -0.0004 -0.7376
vn -0.6621 0.2115 -0.7189
vn -0.6226 0.4089 -0.6672
vn -0.5638 0.5820 -0.5860
vn -0.2059 0.6316 -0.7475
vn -0.4807 0.7359 -0.4768
vn -0.1657 0.7818 -0.6012
vn -0.1185 0.8949 -0.4302
vn -0.3759 0.8613 -0.3418
vn -0.0691 0.9655 -0.2510
vn -0.2401 0.9502 -0.1988
vn -0.0804 0.9953 -0.0534
vn -0.0032 1.0000 -0.0016
vn 0.1728 0.9790 0.1078
vn -0.0004 1.0000 -0.0025
vn 0.0024 1.0000 -0.0033
vn 0.0741 0.9606 0.2678
vn 0.3109 0.9305 0.1935
vn 0.0740 0.9606 0.2679
vn 0.1188 0.8949 0.4301
vn 0.4764 0.8274 0.2974
vn -0.1812 0.8898 -0.4189
vn -0.1697 0.7538 -0.6348
vn -0.2369 0.7704 -0.5919
vn -0.2075 0.5965 -0.7753
vn -0.1241 0.8781 -0.4620
vn -0.2814 0.6128 -0.7384
vn -0.2344 0.4195 -0.8769
vn -0.5453 0.7667 -0.3389
vn -0.1086 0.9664 -0.2330
vn -0.0713 0.9611 -0.2667
vn -0.6684 0.6118 -0.4230
vn -0.7301 0.5907 -0.3436
vn -0.3121 0.4324 -0.8459
vn -0.6148 0.7429 -0.2647
vn -0.2516 0.2173 -0.9431
vn -0.8144 0.4179 -0.4026
vn -0.7596 0.4332 -0.4851
vn -0.8706 0.2165 -0.4417
vn -0.3974 0.8855 -0.2406
vn -0.4697 0.8653 -0.1751
vn -0.2311 0.9633 -0.1366
vn -0.2995 0.9494 -0.0943
vn -0.0374 0.9968 -0.0703
vn -0.0223 0.9964 -0.0816
vn -0.0715 0.9967 -0.0395
vn -0.0895 0.9959 -0.0164
vn -0.0014 1.0000 -0.0022
vn -0.0007 1.0000 -0.0033
vn -0.0039 1.0000 -0.0005
vn 0.0754 0.9877 0.1369
vn 0.0427 0.9865 0.1581
vn 0.1494 0.9854 0.0819
vn 0.2051 0.9783 0.0301
vn 0.1375 0.9580 0.2515
vn 0.0779 0.9541 0.2892
vn 0.2725 0.9505 0.1494
vn 0.3689 0.9279 0.0539
vn 0.2005 0.9087 0.3661
vn 0.1130 0.9003 0.4204
vn 0.3932 0.8938 0.2156
vn 0.5200 0.8507 0.0762
vn 0.2201 0.8893 0.4008
vn 0.1237 0.8794 0.4598
vn 0.4299 0.8716 0.2356
vn 0.5630 0.8224 0.0816
vn 0.0590 0.8898 0.4526
vn 0.1795 0.7538 0.6321
vn 0.1301 0.8781 0.4604
vn 0.0997 0.7704 0.6297
vn 0.2190 0.5965 0.7721
vn 0.1367 0.6129 0.7783
vn -0.2947 0.7667 0.5704
vn -0.2181 0.8855 0.4102
vn -0.3573 0.6118 0.7057
vn -0.3920 0.7430 0.5426
vn -0.4509 0.5907 0.6691
vn -0.3137 0.8653 0.3910
vn -0.4765 0.4966 0.7255
vn -0.3532 0.4929 0.7952
vn 0.1511 0.4597 0.8751
vn 0.1367 0.6128 0.7784
vn 0.2441 0.4497 0.8592
vn 0.2191 0.5965 0.7722
vn 0.2587 0.3237 0.9101
vn 0.2593 0.3239 0.9099
vn 0.1470 0.3367 0.9301
vn 0.2589 0.3238 0.9100
vn -0.2973 0.3433 0.8909
vn -0.3533 0.4929 0.7951
vn -0.4766 0.4965 0.7255
vn -0.2297 0.3474 0.9091
vn -0.5047 0.3210 0.8014
vn 0.1701 0.7538 0.6347
vn 0.1815 0.8898 0.4188
vn 0.1236 0.8781 0.4622
vn 0.2373 0.7704 0.5918
vn 0.2068 0.5965 0.7755
vn 0.2808 0.6129 0.7386
vn 0.5456 0.7666 0.3387
vn 0.3978 0.8854 0.2404
vn 0.6686 0.6117 0.4228
vn 0.6151 0.7428 0.2645
vn 0.7302 0.5906 0.3434
vn 0.4700 0.8651 0.1750
vn 0.7806 0.4968 0.3792
vn 0.7104 0.4931 0.5022
vn 0.3189 0.4597 0.8288
vn 0.2808 0.6128 0.7387
vn 0.2309 0.4498 0.8628
vn 0.2441 0.3237 0.9141
vn 0.2440 0.3239 0.9141
vn 0.3506 0.3366 0.8739
vn 0.2439 0.3238 0.9141
vn 0.7114 0.3434 0.6131
vn 0.6633 0.3473 0.6629
vn 0.8442 0.3205 0.4296
vn -0.8884 0.4458 0.1096
vn -0.8791 0.4362 0.1922
vn -0.7161 0.6188 -0.3230
vn -0.6874 0.6043 -0.4028
vn -0.7739 0.6248 0.1033
vn -0.7676 0.6128 0.1878
vn -0.5759 0.7740 -0.2632
vn -0.6211 0.7783 0.0925
vn -0.6214 0.7631 0.1779
vn -0.5545 0.7572 -0.3453
vn -0.4131 0.8905 -0.1907
vn -0.3984 0.8767 -0.2696
vn -0.4451 0.8923 0.0756
vn -0.6209 0.7784 0.0925
vn -0.6213 0.7632 0.1779
vn -0.4499 0.8790 0.1579
vn -0.2342 0.9662 -0.1073
vn -0.3983 0.8767 -0.2696
vn -0.2291 0.9591 -0.1664
vn -0.4450 0.8923 0.0756
vn -0.2535 0.9662 0.0470
vn -0.2645 0.9581 0.1099
vn -0.0727 0.9968 -0.0332
vn -0.0678 0.9961 -0.0558
vn -0.0782 0.9968 0.0170
vn -0.0771 0.9961 0.0430
vn -0.0028 1.0000 0.0003
vn -0.0034 1.0000 -0.0017
vn 0.1477 0.9869 0.0652
vn 0.1375 0.9837 0.1156
vn 0.1478 0.9869 0.0651
vn -0.0027 1.0000 0.0002
vn 0.1606 0.9864 -0.0356
vn 0.2706 0.9551 0.1205
vn 0.1633 0.9819 -0.0963
vn 0.2944 0.9534 -0.0655
vn 0.1607 0.9864 -0.0357
vn 0.2956 0.9393 -0.1742
vn 0.2944 0.9534 -0.0654
vn 0.3931 0.9027 0.1750
vn 0.2707 0.9551 0.1205
vn 0.3591 0.8831 0.3020
vn 0.2497 0.9452 0.2104
vn 0.4301 0.8823 0.1913
vn 0.4270 0.8992 -0.0948
vn 0.0009 1.0000 0.0024
vn -0.0418 0.9953 0.0870
vn 0.0196 0.9973 0.0701
vn 0.0808 0.9953 0.0533
vn 0.2395 0.9503 0.1990
vn 0.0694 0.9655 0.2509
vn 0.3753 0.8615 0.3421
vn 0.4811 0.7358 0.4766
vn 0.1659 0.7818 0.6011
vn 0.2062 0.6316 0.7474
vn 0.5633 0.5821 0.5864
vn 0.2373 0.4517 0.8601
vn 0.6228 0.4089 0.6670
vn 0.6439 0.3170 0.6964
vn 0.2600 0.2106 0.9424
vn 0.6484 0.1901 0.7372
vn 0.2659 0.0005 0.9640
vn 0.6420 0.0005 0.7667
vn 0.6407 -0.0630 0.7652
vn -0.1579 -0.0630 0.9854
vn 0.2653 -0.0688 0.9617
vn 0.2653 -0.0689 0.9617
vn 0.1186 0.8949 0.4301
vn -0.1685 0.7359 0.6557
vn 0.1658 0.7818 0.6011
vn 0.2061 0.6317 0.7474
vn -0.1476 0.8613 0.4861
vn -0.1839 0.5820 0.7921
vn 0.0692 0.9655 0.2509
vn 0.2372 0.4517 0.8600
vn -0.1043 0.9502 0.2937
vn -0.1928 0.4090 0.8919
vn 0.0195 0.9973 0.0701
vn -0.0417 0.9953 0.0870
vn -0.1960 0.3170 0.9280
vn 0.2599 0.2105 0.9424
vn -0.1788 0.1901 0.9653
vn -0.1582 0.0005 0.9874
vn -0.1578 -0.0630 0.9855
vn 0.0008 1.0000 0.0023
vn -0.0020 1.0000 0.0030
vn -0.0399 0.9885 -0.1456
vn 0.0038 1.0000 0.0016
vn -0.0736 0.9606 -0.2680
vn 0.0931 0.9790 -0.1812
vn -0.0399 0.9885 -0.1457
vn -0.1080 0.9134 -0.3925
vn -0.0737 0.9606 -0.2679
vn -0.3106 0.9306 -0.1936
vn -0.4400 0.8554 -0.2734
vn -0.4766 0.8275 -0.2969
vn -0.1184 0.8949 -0.4302
vn 0.2373 0.8555 -0.4602
vn 0.0661 0.9968 -0.0440
vn 0.2020 0.9591 -0.1981
vn 0.0568 0.9962 -0.0668
vn 0.2152 0.9666 -0.1389
vn 0.3560 0.8796 -0.3154
vn 0.2560 0.9666 0.0090
vn 0.0793 0.9968 0.0040
vn 0.3829 0.8921 -0.2398
vn 0.5054 0.7634 -0.4022
vn 0.5373 0.7779 -0.3259
vn 0.4517 0.8921 0.0097
vn -0.5051 0.7636 0.4022
vn -0.3826 0.8923 0.2397
vn -0.5371 0.7780 0.3258
vn -0.4513 0.8923 -0.0098
vn -0.3557 0.8797 0.3155
vn -0.2158 0.9665 0.1390
vn -0.2565 0.9665 -0.0088
vn -0.3556 0.8798 0.3154
vn -0.3825 0.8923 0.2397
vn -0.0799 0.9968 -0.0038
vn -0.2016 0.9592 0.1980
vn -0.0666 0.9968 0.0442
vn -0.0574 0.9961 0.0669
vn -0.6399 0.7635 -0.0867
vn -0.7807 0.6248 0.0050
vn -0.6283 0.7780 -0.0046
vn -0.5372 0.7780 0.3258
vn -0.6730 0.6248 0.3957
vn -0.7870 0.6122 -0.0764
vn -0.4513 0.8923 -0.0099
vn -0.6398 0.7636 -0.0866
vn -0.6282 0.7780 -0.0046
vn -0.4671 0.8797 -0.0887
vn -0.2159 0.9665 0.1389
vn -0.3826 0.8923 0.2396
vn -0.2566 0.9665 -0.0089
vn -0.2747 0.9592 -0.0667
vn -0.0836 0.9961 -0.0282
vn -0.0026 1.0000 0.0012
vn -0.0667 0.9968 0.0442
vn -0.0573 0.9961 0.0670
vn 0.1354 0.9867 -0.0905
vn 0.1171 0.9829 -0.1423
vn 0.1627 0.9866 0.0084
vn 0.1735 0.9829 0.0622
vn 0.2486 0.9544 -0.1653
vn 0.2117 0.9425 -0.2586
vn 0.2982 0.9544 0.0146
vn 0.3143 0.9425 0.1136
vn 0.3608 0.9013 -0.2398
vn 0.3033 0.8777 -0.3709
vn 0.4327 0.9013 0.0211
vn 0.4505 0.8777 0.1631
vn 0.3949 0.8805 -0.2624
vn 0.3306 0.8530 -0.4038
vn 0.4735 0.8805 0.0230
vn 0.4904 0.8533 0.1772
vn -0.2990 0.7572 0.5807
vn -0.2571 0.8905 0.3754
vn -0.3597 0.7741 0.5210
vn -0.2040 0.8767 0.4357
vn -0.4209 0.8923 0.1631
vn -0.5807 0.7784 0.2386
vn -0.6247 0.7632 0.1655
vn -0.4673 0.8790 0.0949
vn -0.2418 0.9662 0.0895
vn -0.2834 0.9581 0.0411
vn -0.1462 0.9662 0.2122
vn -0.2040 0.8767 0.4356
vn -0.1115 0.9591 0.2603
vn -0.0456 0.9968 0.0658
vn -0.0297 0.9961 0.0827
vn -0.0758 0.9968 0.0255
vn -0.0883 0.9961 0.0026
vn -0.0020 1.0000 0.0031
vn -0.0011 1.0000 0.0029
vn -0.0026 1.0000 0.0013
vn 0.0936 0.9869 -0.1317
vn -0.0025 1.0000 0.0012
vn 0.0936 0.9869 -0.1316
vn 0.1561 0.9864 -0.0517
vn 0.0588 0.9837 -0.1699
vn 0.1706 0.9551 -0.2421
vn 0.1066 0.9452 -0.3085
vn 0.1563 0.9864 -0.0517
vn 0.2863 0.9534 -0.0947
vn 0.2480 0.9027 -0.3517
vn 0.1537 0.8831 -0.4434
vn 0.2713 0.8823 -0.3846
vn 0.2479 0.9027 -0.3517
vn 0.1675 0.8595 -0.4829
vn 0.0039 0.9968 0.0795
vn 0.0754 0.9611 0.2656
vn 0.0227 0.9964 0.0815
vn 0.0261 0.9664 0.2557
vn 0.0591 0.8898 0.4525
vn -0.1285 0.9633 0.2356
vn -0.0411 0.9967 0.0705
vn -0.2089 0.9494 0.2344
vn -0.0683 0.9959 0.0598
vn 0.1152 0.5987 -0.7926
vn -0.1861 0.6643 -0.7239
vn -0.1982 0.5850 -0.7864
vn 0.1029 0.6755 -0.7301
vn 0.1470 0.2075 -0.9671
vn -0.2307 0.2331 -0.9447
vn 0.4026 0.6114 -0.6813
vn 0.3673 0.6863 -0.6277
vn 0.5716 0.6933 -0.4389
vn 0.5036 0.1911 -0.8425
vn 0.6233 0.6209 -0.4753
vn 0.6922 0.6959 -0.1913
vn 0.1378 0.0103 -0.9904
vn -0.2341 0.1226 -0.9644
vn -0.2424 0.0991 -0.9651
vn 0.4930 -0.0845 -0.8659
vn 0.1313 -0.0210 -0.9911
vn -0.2521 0.1480 -0.9563
vn 0.4884 -0.1187 -0.8645
vn 0.1299 0.0680 -0.9892
vn -0.0215 0.9992 -0.0341
vn 0.4966 0.0046 -0.8680
vn 0.7890 -0.0366 -0.6133
vn 0.7733 -0.1803 -0.6079
vn 0.9627 -0.0503 -0.2659
vn 0.0134 0.9999 -0.0033
vn 0.0147 0.9998 0.0125
vn 0.7789 -0.1480 -0.6095
vn 0.9444 -0.2018 -0.2598
vn 0.9918 -0.0366 0.1224
vn 0.0099 0.9996 0.0280
vn 0.9755 -0.1803 0.1259
vn 0.8712 0.0046 0.4909
vn 0.8623 -0.1187 0.4923
vn 0.6184 0.0681 0.7829
vn -0.0009 0.9992 0.0402
vn 0.2733 0.1471 0.9506
vn -0.0319 0.9983 0.0488
vn 0.6205 -0.0210 0.7839
vn -0.1062 0.2302 0.9673
vn -0.0474 0.9979 0.0440
vn 0.2861 0.0991 0.9531
vn 0.6257 0.0103 0.7800
vn -0.0841 0.2262 0.9704
vn -0.4587 0.3033 0.8352
vn -0.7327 0.3534 0.5816
vn -0.0595 0.9977 0.0332
vn -0.4322 0.3376 0.8362
vn 0.2930 0.1226 0.9482
vn -0.8955 0.3707 0.2463
vn -0.0781 0.2330 0.9693
vn -0.9272 0.3533 -0.1241
vn -0.0634 0.9979 -0.0134
vn -0.8654 0.4410 0.2380
vn -0.7030 0.4138 0.5784
vn -0.9001 0.4138 -0.1366
vn -0.8795 0.4098 0.2419
vn -0.7107 0.3884 0.5865
vn -0.4304 0.3267 0.8414
vn -0.8218 0.3033 -0.4823
vn -0.4529 0.2954 0.8412
vn -0.7409 0.3171 0.5921
vn -0.9119 0.3248 0.2509
vn -0.9109 0.3884 -0.1396
vn -0.7995 0.3376 -0.4967
vn -0.9399 0.3162 -0.1290
vn -0.7987 0.5603 0.2196
vn -0.8007 0.3267 -0.5021
vn -0.8199 0.2955 -0.4904
vn -0.5637 0.2330 -0.7924
vn -0.5694 0.2262 -0.7903
vn -0.2343 0.1226 -0.9644
vn -0.2426 0.0992 -0.9650
vn -0.5706 0.2651 -0.7772
vn -0.2308 0.2331 -0.9447
vn -0.4907 0.5739 -0.6557
vn -0.1984 0.5850 -0.7864
vn -0.1863 0.6643 -0.7239
vn -0.4562 0.6531 -0.6044
vn -0.5868 0.2302 -0.7763
vn -0.2523 0.1480 -0.9563
vn -0.0373 0.9988 -0.0327
vn -0.7114 0.5661 -0.4164
vn -0.6605 0.6445 -0.3851
vn -0.7631 0.6386 -0.0993
vn -0.8204 0.5615 -0.1080
vn -0.7433 0.6369 0.2045
vn -0.6492 0.5615 0.5131
vn -0.6040 0.6384 0.4771
vn -0.3976 0.5661 0.7221
vn -0.3699 0.6445 0.6692
vn -0.0821 0.6531 0.7528
vn -0.0855 0.5739 0.8145
vn 0.2110 0.6643 0.7171
vn -0.0918 0.2651 0.9598
vn 0.2858 0.2331 0.9295
vn 0.2326 0.5850 0.7769
vn 0.5052 0.5987 0.6216
vn 0.6217 0.2076 0.7552
vn 0.4625 0.6760 0.5737
vn 0.8670 -0.0845 0.4910
vn 0.8642 0.1910 0.4655
vn 0.9811 -0.1480 0.1244
vn 0.6948 0.6113 0.3789
vn 0.6371 0.6863 0.3508
vn 0.7157 0.6933 0.0840
vn 0.7789 0.6209 0.0890
vn 0.9768 0.1842 0.1092
vn 0.7529 0.6248 -0.2070
vn 0.9480 0.1823 -0.2608
vn 0.9498 -0.1705 -0.2623
vn 0.7829 0.1842 -0.5943
vn 0.0795 0.9968 0.0120
vn 0.0884 0.9960 -0.0147
vn 0.0035 1.0000 0.0006
vn -0.8754 -0.3826 0.2954
vn -0.8753 -0.3827 0.2955
vn -0.8756 -0.3824 0.2952
vn 0.0716 0.9611 0.2666
vn 0.0378 0.9968 0.0702
vn 0.0217 0.9964 0.0817
vn 0.1080 0.9664 0.2330
vn 0.1815 0.8898 0.4187
vn 0.2315 0.9632 0.1364
vn 0.2989 0.9496 0.0945
vn 0.0719 0.9966 0.0394
vn 0.0889 0.9959 0.0166
vn 0.0018 1.0000 0.0021
vn 0.0011 1.0000 0.0033
vn 0.0027 1.0000 0.0019
vn 0.0043 1.0000 0.0004
vn -0.0751 0.9877 -0.1370
vn -0.0423 0.9865 -0.1582
vn -0.1492 0.9854 -0.0820
vn -0.2057 0.9782 -0.0299
vn -0.1381 0.9580 -0.2513
vn -0.0776 0.9541 -0.2893
vn -0.2723 0.9505 -0.1495
vn -0.3686 0.9280 -0.0540
vn -0.2011 0.9087 -0.3659
vn -0.1127 0.9002 -0.4205
vn -0.3937 0.8937 -0.2153
vn -0.5197 0.8509 -0.0762
vn -0.2197 0.8894 -0.4009
vn -0.1233 0.8794 -0.4598
vn -0.4296 0.8717 -0.2357
vn -0.5627 0.8226 -0.0820
vn 0.9032 -0.3824 -0.1951
vn 0.0571 0.9968 0.0557
vn 0.0459 0.9962 0.0741
vn 0.0021 1.0000 0.0030
vn 0.2581 0.9650 0.0459
vn 0.4862 0.8738 0.0063
vn 0.2966 0.9549 -0.0124
vn 0.0794 0.9968 0.0120
vn 0.0034 1.0000 0.0006
vn 0.0041 1.0000 -0.0006
vn -0.1661 0.9859 -0.0226
vn -0.1152 0.9873 -0.1096
vn -0.0890 0.9851 -0.1472
vn -0.2107 0.9565 -0.2020
vn -0.1631 0.9493 -0.2688
vn -0.3032 0.9520 -0.0417
vn -0.1942 0.9802 0.0378
vn -0.3498 0.9343 0.0685
vn -0.3068 0.9052 -0.2939
vn -0.4392 0.8963 -0.0609
vn -0.2357 0.8907 -0.3887
vn -0.3357 0.8855 -0.3214
vn -0.4800 0.8748 -0.0658
vn -0.2576 0.8681 -0.4243
vn 0.2750 0.9591 0.0666
vn 0.4673 0.8797 0.0885
vn 0.4516 0.8921 0.0097
vn 0.3828 0.8922 -0.2397
vn 0.0830 0.9961 0.0283
vn 0.0036 1.0000 0.0015
vn 0.0661 0.9968 -0.0441
vn -0.1632 0.9866 -0.0082
vn 0.0568 0.9961 -0.0668
vn -0.1732 0.9829 -0.0623
vn -0.1360 0.9865 0.0907
vn -0.1168 0.9829 0.1422
vn -0.2979 0.9545 -0.0147
vn -0.3149 0.9423 -0.1134
vn -0.2483 0.9545 0.1653
vn -0.2123 0.9423 0.2587
vn -0.4331 0.9011 -0.0210
vn -0.4502 0.8779 -0.1632
vn -0.3612 0.9011 0.2399
vn -0.3030 0.8779 0.3708
vn -0.4733 0.8806 -0.0231
vn -0.4904 0.8533 -0.1772
vn -0.3946 0.8806 0.2623
vn -0.3304 0.8533 0.4034
vn 0.0039 1.0000 -0.0006
vn -0.1940 0.9803 0.0378
vn -0.1660 0.9859 -0.0226
vn -0.0001 1.0000 0.0027
vn -0.0411 0.9967 0.0706
vn 0.0039 0.9968 0.0796
vn 0.0011 1.0000 0.0032
vn -0.0021 1.0000 0.0031
vn -0.0684 0.9959 0.0599
vn -0.0032 1.0000 0.0024
vn -0.0053 0.9877 -0.1562
vn -0.0443 0.9865 -0.1576
vn 0.0864 0.9854 -0.1469
vn 0.1607 0.9783 -0.1309
vn -0.0108 0.9580 -0.2864
vn -0.0813 0.9541 -0.2883
vn 0.1575 0.9505 -0.2680
vn 0.2892 0.9279 -0.2353
vn -0.0154 0.9087 -0.4171
vn -0.1183 0.9002 -0.4191
vn 0.2272 0.8938 -0.3866
vn 0.4075 0.8508 -0.3318
vn -0.0163 0.8893 -0.4570
vn -0.1294 0.8794 -0.4582
vn 0.2485 0.8716 -0.4225
vn 0.4417 0.8224 -0.3585
vn 0.0028 1.0000 0.0018
vn -0.1475 0.9869 -0.0651
vn -0.1372 0.9838 -0.1157
vn -0.2941 0.9535 0.0653
vn -0.3936 0.9025 -0.1749
vn -0.3589 0.8831 -0.3021
vn -0.4306 0.8821 -0.1911
vn -0.3912 0.8595 -0.3289
vn -0.4268 0.8994 0.0947
vn -0.4684 0.8775 0.1028
vn 0.0877 0.9961 -0.0024
vn -0.1559 0.9864 0.0516
vn -0.1892 0.9819 0.0009
vn -0.0933 0.9869 0.1316
vn 0.0014 1.0000 -0.0028
vn -0.1703 0.9552 0.2421
vn -0.0585 0.9837 0.1698
vn -0.1072 0.9451 0.3087
vn -0.2860 0.9535 0.0946
vn 0.0015 1.0000 -0.0029
vn 0.0459 0.9968 -0.0659
vn -0.2861 0.9535 0.0945
vn -0.2486 0.9025 0.3517
vn -0.4151 0.8994 0.1372
vn -0.3430 0.9394 0.0018
vn -0.4896 0.8720 0.0027
vn -0.4543 0.8781 0.1499
vn -0.5326 0.8464 0.0033
vn -0.0628 0.9967 0.0512
vn -0.0211 0.9968 0.0773
vn 0.0002 1.0000 0.0036
vn -0.0023 1.0000 0.0022
vn 0.0421 0.9873 -0.1530
vn 0.0014 0.9851 -0.1722
vn 0.1305 0.9859 -0.1043
vn 0.0777 0.9564 -0.2815
vn 0.0027 0.9493 -0.3144
vn 0.1864 0.9802 -0.0670
vn -0.0034 1.0000 0.0014
vn 0.2394 0.9519 -0.1911
vn 0.1132 0.9052 -0.4097
vn 0.0036 0.8907 -0.4546
vn 0.1239 0.8854 -0.4480
vn 0.0043 0.8682 -0.4963
vn 0.3463 0.8962 -0.2773
vn 0.3358 0.9342 -0.1205
vn 0.3781 0.8750 -0.3023
vn 0.4772 0.8621 -0.1705
vn 0.5178 0.8350 -0.1860
vn 0.0931 0.9790 -0.1811
vn -0.0401 0.9885 -0.1456
vn 0.0007 1.0000 0.0023
vn -0.1724 0.9791 -0.1080
vn -0.3106 0.9306 -0.1935
vn 0.1678 0.9305 -0.3255
vn -0.1079 0.9134 -0.3925
vn 0.2372 0.8555 -0.4602
vn -0.1184 0.8949 -0.4303
vn -0.4400 0.8553 -0.2735
vn 0.2572 0.8275 -0.4991
vn 0.0005 1.0000 -0.0027
vn -0.0232 0.9964 -0.0813
vn -0.0035 0.9968 -0.0797
vn 0.0415 0.9966 -0.0708
vn 0.0057 0.9877 0.1561
vn 0.0447 0.9865 0.1575
vn 0.0036 1.0000 -0.0025
vn -0.0861 0.9854 0.1468
vn -0.1613 0.9782 0.1311
vn 0.0102 0.9580 0.2866
vn 0.0816 0.9541 0.2882
vn -0.1572 0.9505 0.2679
vn -0.2889 0.9280 0.2352
vn 0.0148 0.9087 0.4172
vn 0.1187 0.9002 0.4189
vn -0.2278 0.8937 0.3866
vn -0.4073 0.8509 0.3318
vn 0.0167 0.8894 0.4569
vn 0.1294 0.8794 0.4582
vn -0.2482 0.8717 0.4225
vn -0.4412 0.8226 0.3587
vn 0.0622 0.9968 -0.0511
vn 0.0026 1.0000 -0.0023
vn 0.0204 0.9968 -0.0771
vn 0.0015 0.9962 -0.0871
vn 0.0003 1.0000 -0.0036
vn -0.0428 0.9873 0.1531
vn -0.0010 0.9851 0.1720
vn -0.1310 0.9859 0.1045
vn 0.0037 1.0000 -0.0015
vn -0.1860 0.9803 0.0669
vn -0.0774 0.9565 0.2814
vn -0.2390 0.9520 0.1911
vn -0.0024 0.9493 0.3144
vn -0.1129 0.9052 0.4096
vn -0.0032 0.8907 0.4545
vn -0.3460 0.8963 0.2773
vn -0.1236 0.8855 0.4479
vn -0.0038 0.8681 0.4963
vn -0.3785 0.8748 0.3024
vn -0.4769 0.8623 0.1704
vn -0.5175 0.8354 0.1855
vn -0.3355 0.9343 0.1204
vn -0.0037 1.0000 0.0005
vn -0.0883 0.9961 0.0025
vn -0.0760 0.9968 0.0255
vn 0.1562 0.9864 -0.0517
vn 0.1895 0.9819 -0.0010
vn -0.0019 1.0000 0.0030
vn 0.2864 0.9534 -0.0946
vn -0.0011 1.0000 0.0028
vn 0.0588 0.9837 -0.1697
vn 0.3432 0.9393 -0.0019
vn 0.4153 0.8993 -0.1373
vn 0.4899 0.8718 -0.0028
vn 0.1066 0.9452 -0.3087
vn 0.1706 0.9551 -0.2422
vn 0.1537 0.8831 -0.4433
vn 0.2715 0.8823 -0.3845
vn 0.4542 0.8780 -0.1510
vn 0.5320 0.8467 -0.0034
vn 0.1606 0.9864 -0.0357
vn 0.1632 0.9819 -0.0962
vn 0.2706 0.9551 0.1206
vn 0.1375 0.9837 0.1157
vn 0.1478 0.9869 0.0652
vn 0.2705 0.9551 0.1204
vn 0.4270 0.8993 -0.0949
vn 0.2958 0.9392 -0.1743
vn 0.4221 0.8718 -0.2486
vn 0.4678 0.8777 -0.1038
vn 0.4302 0.8823 0.1911
vn 0.3912 0.8595 0.3289
vn 0.3592 0.8831 0.3020
vn 0.2393 0.9519 -0.1911
vn 0.1655 0.9859 0.0227
vn -0.0030 1.0000 -0.0007
vn 0.3034 0.9519 0.0415
vn 0.4395 0.8962 0.0607
vn 0.4971 0.8621 -0.0980
vn 0.4796 0.8750 0.0659
vn 0.5397 0.8352 -0.1057
vn 0.0076 -0.9889 0.1483
vn 0.0392 -0.9891 0.1417
vn 0.0698 -0.9889 0.1312
vn 0.0393 -0.9891 0.1417
vn 0.0077 -0.9889 0.1483
vn 0.0394 -0.9896 0.1387
vn 0.0697 -0.9889 0.1312
vn 0.0375 -0.9895 0.1392
vn 0.0372 -0.9896 0.1393
vn -0.1861 0.9802 0.0670
vn -0.2391 0.9520 0.1910
vn -0.1311 0.9858 0.1045
vn -0.3460 0.8963 0.2772
vn -0.2861 0.9535 0.0946
vn -0.1893 0.9819 0.0009
vn -0.3428 0.9394 0.0018
vn -0.2486 0.9025 0.3518
vn -0.2861 0.9535 0.0947
vn -0.1534 0.8831 0.4433
vn -0.2719 0.8821 0.3847
vn -0.1675 0.8595 0.4829
vn -0.4541 0.8782 0.1501
vn -0.2536 -0.9440 0.2112
vn -0.0792 -0.9845 0.1563
vn -0.0799 -0.9845 0.1560
vn -0.4392 0.8963 -0.0607
vn -0.3032 0.9520 -0.0415
vn -0.4969 0.8623 0.0979
vn -0.4800 0.8748 -0.0657
vn -0.5394 0.8354 0.1059
vn 0.4672 0.8780 -0.1040
vn 0.4591 0.8464 -0.2700
vn -0.2570 -0.9577 0.1291
vn -0.2214 -0.9675 0.1221
vn 0.2527 -0.9675 -0.0085
vn 0.2872 -0.9576 -0.0209
vn -0.2571 -0.9577 0.1291
vn -0.2967 -0.9452 0.1361
vn -0.2966 -0.9452 0.1361
vn 0.2873 -0.9576 -0.0209
vn 0.3249 -0.9451 -0.0353
vn 0.3245 -0.9452 -0.0351
vn 0.2872 -0.9577 -0.0209
vn 0.2524 -0.9676 -0.0083
vn -0.1601 0.9861 0.0436
vn -0.2239 0.9726 0.0621
vn -0.1598 0.9861 0.0446
vn 0.1086 0.9937 -0.0294
vn -0.1600 0.9861 0.0436
vn 0.3930 0.9132 -0.1078
vn 0.3931 0.9131 -0.1078
vn 0.5836 0.7961 -0.1603
vn 0.3932 0.9131 -0.1079
vn 0.5833 0.7961 -0.1613
vn 0.7520 0.6259 -0.2068
vn 0.7520 0.6259 -0.2067
vn 0.6341 -0.7531 -0.1752
vn 0.6341 -0.7531 -0.1753
vn 0.1687 -0.9845 -0.0470
vn 0.1689 -0.9845 -0.0462
vn -0.9502 -0.1695 0.2614
vn -0.7071 -0.6795 0.1954
vn -0.7071 -0.6796 0.1954
vn -0.2164 -0.9744 0.0602
vn -0.2167 -0.9744 0.0592
vn 0.3673 -0.9245 -0.1018
vn -0.2162 -0.9745 0.0601
vn 0.3675 -0.9245 -0.1008
vn 0.9243 -0.2848 -0.2542
vn 0.0004 -1.0000 0.0005
vn -0.9624 -0.0611 0.2647
vn 0.3554 -0.9296 -0.0974
vn 0.0004 -1.0000 0.0004
vn 0.6714 -0.7175 -0.1855
vn 0.6715 -0.7174 -0.1856
vn 0.6717 -0.7174 -0.1846
vn 0.8705 0.4295 -0.2404
vn 0.9240 -0.2846 -0.2552
vn 0.9243 -0.2847 -0.2542
vn -0.3548 -0.9298 0.0983
vn -0.6714 -0.7177 0.1845
vn -0.6713 -0.7176 0.1855
vn -0.8708 0.4293 0.2395
vn 0.4581 -0.8885 0.0253
vn 0.5680 -0.8230 0.0121
vn 0.5679 -0.8230 0.0121
vn 0.7301 -0.6828 0.0254
vn 0.3255 -0.9441 0.0517
vn 0.7302 -0.6828 0.0254
vn 0.3254 -0.9442 0.0517
vn 0.8894 -0.4549 0.0452
vn 0.1485 -0.9845 0.0933
vn 0.1485 -0.9845 0.0930
vn 0.8894 -0.4548 0.0453
vn 0.9521 -0.2967 0.0736
vn -0.4812 -0.8232 0.3014
vn -0.3811 -0.8883 0.2565
vn -0.3810 -0.8883 0.2564
vn -0.2537 -0.9439 0.2112
vn -0.6144 -0.6825 0.3959
vn -0.7405 -0.4550 0.4945
vn -0.7405 -0.4550 0.4946
vn -0.7801 -0.2965 0.5510
vn -0.7405 -0.4550 0.4947
vn -0.7520 0.6256 0.2078
vn -0.6342 -0.7533 0.1742
vn -0.6342 -0.7533 0.1743
vn 0.0003 -1.0000 0.0004
vn 0.9621 -0.0611 -0.2657
vn -0.3548 -0.9297 0.0983
vn -0.6715 -0.7176 0.1845
vn -0.8709 0.4292 0.2395
vn -0.6716 -0.7176 0.1846
vn -0.9243 -0.2847 0.2543
vn -0.9240 -0.2847 0.2552
vn 0.7076 -0.6794 -0.1945
vn 0.2170 -0.9744 -0.0592
vn 0.7075 -0.6794 -0.1945
vn 0.9500 -0.1696 -0.2624
vn 0.9499 -0.1696 -0.2624
vn -0.1695 -0.9845 0.0462
vn -0.6341 -0.7533 0.1743
vn -0.1696 -0.9844 0.0462
vn -0.1693 -0.9844 0.0472
vn -0.6341 -0.7533 0.1744
vn -0.5840 0.7958 0.1604
vn 0.2168 -0.9744 -0.0592
vn -0.3673 -0.9246 0.1007
vn -0.3671 -0.9246 0.1017
vn -0.9240 -0.2849 0.2552
vn -0.9242 -0.2849 0.2542
vn 0.6714 -0.7174 -0.1856
vn 0.1605 0.9861 -0.0437
vn 0.2243 0.9726 -0.0618
vn -0.1079 0.9937 0.0303
vn 0.1603 0.9861 -0.0437
vn 0.1600 0.9861 -0.0446
vn -0.3933 0.9129 0.1089
vn -0.5837 0.7958 0.1614
vn -0.3934 0.9129 0.1090
vn -0.3934 0.9129 0.1089
vn -0.5839 0.7958 0.1604
vn -0.1080 0.9937 0.0303
vn 0.3672 -0.9245 -0.1017
vn -0.2165 -0.9745 0.0592
vn 0.2166 -0.9744 -0.0602
vn 0.2169 -0.9744 -0.0593
vn -0.3672 -0.9247 0.1007
vn -0.2241 0.9726 0.0620
vn 0.1085 0.9937 -0.0294
vn -0.1598 0.9861 0.0445
vn 0.1086 0.9936 -0.0294
vn 0.0003 -1.0000 0.0003
vn 0.2244 0.9726 -0.0615
vn 0.1602 0.9861 -0.0447
vn -0.7802 -0.2965 0.5509
vn -0.1692 -0.9845 0.0472
vn -0.1695 -0.9845 0.0461
vn 0.9500 -0.1696 -0.2623
vn 0.9522 -0.2965 0.0739
vn 0.8895 -0.4548 0.0453
vn 0.2738 0.9618 -0.0040
vn 0.3040 0.9524 -0.0226
vn 0.3039 0.9524 -0.0227
vn -0.2368 0.9619 0.1367
vn -0.1430 0.9805 0.1351
vn 0.6812 0.7076 -0.1878
vn 0.8178 0.5292 -0.2260
vn 0.8178 0.5292 -0.2259
vn 0.9607 0.0845 -0.2643
vn 0.8179 0.5292 -0.2260
vn -0.9525 0.2682 0.1446
vn -0.9525 0.2683 0.1442
vn 0.8920 0.2682 -0.3638
vn -0.8182 0.5290 0.2250
vn -0.6811 0.7078 0.1874
vn -0.9605 0.0845 0.2653
vn -0.8183 0.5288 0.2250
vn 0.0271 0.9937 0.1085
vn 0.1298 0.9877 0.0874
vn 0.0880 0.9906 0.1050
vn 0.0879 0.9906 0.1050
vn 0.0417 0.9926 0.1137
vn 0.0416 0.9926 0.1137
vn 0.1924 0.9804 0.0427
vn 0.2737 0.9618 -0.0040
vn -0.0663 0.9877 0.1415
vn 0.0327 0.9937 0.1070
vn -0.0214 0.9906 0.1351
vn 0.0163 0.9934 0.1136
vn 0.0163 0.9934 0.1137
vn 0.0228 0.9926 0.1189
vn -0.1429 0.9805 0.1351
vn -0.2724 0.9524 0.1366
vn -0.2724 0.9525 0.1359
vn 0.0305 0.9935 0.1097
vn 0.0162 0.9934 0.1136
vn 0.0445 0.9934 0.1059
vn 0.0304 0.9935 0.1098
vn -0.9624 -0.0610 0.2647
vn -0.9605 0.0845 0.2652
vn 0.0270 0.9937 0.1088
vn 0.0270 0.9937 0.1085
vn 0.1297 0.9877 0.0875
vn 0.0878 0.9906 0.1050
vn 0.8179 0.5292 -0.2259
vn 0.0003 -1.0000 0.0005
vt 0.781250 0.375000
vt 0.808021 0.312500
vt 0.808397 0.375000
vt 0.781250 0.312500
vt 0.781250 0.437500
vt 0.818308 0.312500
vt 0.808601 0.437500
vt 0.781250 0.500000
vt 0.817593 0.375000
vt 0.808666 0.500000
vt 0.817233 0.437500
vt 0.843750 0.437500
vt 0.817122 0.500000
vt 0.843750 0.375000
vt 0.843750 0.500000
vt 0.870436 0.375000
vt 0.870014 0.312500
vt 0.843750 0.312500
vt 0.880415 0.312500
vt 0.869311 0.250000
vt 0.843750 0.250000
vt 0.881555 0.250000
vt 0.868146 0.187500
vt 0.843750 0.187500
vt 0.866077 0.125000
vt 0.843750 0.125000
vt 0.883809 0.187500
vt 0.889509 0.125000
vt 0.906250 0.187500
vt 0.906250 0.125000
vt 0.906250 0.250000
vt 0.906250 0.312500
vt 0.932611 0.375000
vt 0.932133 0.312500
vt 0.906250 0.375000
vt 0.942293 0.375000
vt 0.942863 0.312500
vt 0.931324 0.250000
vt 0.968750 0.375000
vt 0.968750 0.312500
vt 0.943884 0.250000
vt 0.968750 0.250000
vt 0.929937 0.187500
vt 0.945809 0.187500
vt 0.968750 0.187500
vt 0.927320 0.125000
vt 0.950195 0.125000
vt 0.968750 0.125000
vt 0.817233 0.562500
vt 0.843750 0.562500
vt 0.808601 0.562500
vt 0.781250 0.562500
vt 0.819648 0.250000
vt 0.807401 0.250000
vt 0.781250 0.250000
vt 0.806386 0.187500
vt 0.781250 0.187500
vt 0.822420 0.187500
vt 0.804624 0.125000
vt 0.781250 0.125000
vt 0.830259 0.125000
vt 0.932865 0.437500
vt 0.906250 0.437500
vt 0.941998 0.437500
vt 0.932945 0.500000
vt 0.906250 0.500000
vt 0.906250 0.562500
vt 0.941907 0.500000
vt 0.932865 0.562500
vt 0.906250 0.625000
vt 0.968750 0.500000
vt 0.968750 0.437500
vt 0.941998 0.562500
vt 0.968750 0.562500
vt 0.932611 0.625000
vt 0.906250 0.305421
vt 0.931919 0.295946
vt 0.924977 0.312500
vt 0.988579 0.125000
vt 0.869934 0.305450
vt 0.843750 0.301483
vt 0.880541 0.305575
vt 0.868147 0.187500
vt 0.991982 0.187500
vt 0.781250 0.301581
vt 0.807908 0.301117
vt 0.818513 0.302937
vt 0.995449 0.500000
vt 0.995363 0.437500
vt 0.995085 0.375000
vt 0.994556 0.312500
vt 0.993636 0.250000
vt 0.906250 0.351992
vt 0.941906 0.500000
vt 0.750000 0.125000
vt 0.750000 0.187500
vt 0.750000 0.250000
vt 0.750000 0.299985
vt 0.995363 0.562500
vt 0.808647 0.517885
vt 0.804424 0.521501
vt 0.817154 0.518006
vt 0.843750 0.528203
vt 0.822603 0.427050
vt 0.843750 0.417757
vt 0.817478 0.394950
vt 0.808480 0.400316
vt 0.802715 0.405840
vt 0.803982 0.437500
vt 0.781250 0.447968
vt 0.792433 0.538996
vt 0.786024 0.562500
vt 0.781250 0.581999
vt 0.968750 0.625000
vt 0.995085 0.625000
vt 0.968750 0.687500
vt 0.994556 0.687500
vt 0.968750 0.750000
vt 0.993636 0.750000
vt 0.879793 0.375000
vt 0.879476 0.437500
vt 0.879378 0.500000
vt 0.870736 0.500000
vt 0.870664 0.437500
vt 0.879476 0.562500
vt 0.879793 0.625000
vt 0.870664 0.562500
vt 0.870436 0.625000
vt 0.843750 0.625000
vt 0.870014 0.687500
vt 0.843750 0.687500
vt 0.880415 0.687500
vt 0.906250 0.687500
vt 0.881555 0.750000
vt 0.906250 0.750000
vt 0.869311 0.750000
vt 0.843750 0.750000
vt 0.883809 0.812500
vt 0.906250 0.812500
vt 0.868147 0.812500
vt 0.843750 0.812500
vt 0.867112 0.843750
vt 0.843750 0.843750
vt 0.866077 0.875000
vt 0.843750 0.875000
vt 0.886659 0.843750
vt 0.889509 0.875000
vt 0.906250 0.843750
vt 0.906250 0.875000
vt 0.931324 0.750000
vt 0.932133 0.687500
vt 0.942863 0.687500
vt 0.943884 0.750000
vt 0.942293 0.625000
vt 0.929937 0.812500
vt 0.945809 0.812500
vt 0.968750 0.812500
vt 0.928628 0.843750
vt 0.948002 0.843750
vt 0.968750 0.843750
vt 0.927320 0.875000
vt 0.950195 0.875000
vt 0.968750 0.875000
vt 0.471731 0.341844
vt 0.080294 0.419706
vt 0.028269 0.341844
vt 0.419706 0.419706
vt 0.490000 0.250000
vt 0.341844 0.471731
vt 0.250000 0.490000
vt 0.158156 0.471731
vt 0.010000 0.250000
vt 0.028269 0.158156
vt 0.471731 0.158156
vt 0.080294 0.080294
vt 0.419706 0.080294
vt 0.341844 0.028269
vt 0.250000 0.010000
vt 0.158156 0.028269
vt 0.781250 0.750000
vt 0.806386 0.812500
vt 0.807401 0.750000
vt 0.781250 0.687500
vt 0.781250 0.812500
vt 0.808021 0.687500
vt 0.781250 0.625000
vt 0.819648 0.750000
vt 0.805505 0.843750
vt 0.781250 0.843750
vt 0.804624 0.875000
vt 0.781250 0.875000
vt 0.822420 0.812500
vt 0.826339 0.843750
vt 0.830259 0.875000
vt 0.818308 0.687500
vt 0.808397 0.625000
vt 0.817593 0.625000
vt 0.870269 0.649657
vt 0.867408 0.625000
vt 0.864118 0.592647
vt 0.859035 0.562500
vt 0.870481 0.387438
vt 0.750000 0.875000
vt 0.750000 0.843750
vt 0.750000 0.812500
vt 0.750000 0.750000
vt 0.750000 0.687500
vt 0.750000 0.625000
vt 0.750000 0.562500
vt 0.750000 0.500000
vt 0.750000 0.437500
vt 0.750000 0.375000
vt 0.750000 0.312500
vt 0.991982 0.812500
vt 0.804527 0.605525
vt 0.808558 0.575799
vt 0.803731 0.593396
vt 0.804869 0.583541
vt 0.817516 0.611623
vt 0.817313 0.576389
vt 0.822499 0.586564
vt 0.823782 0.599444
vt 0.000000 0.000000
vt 0.988579 0.875000
vt 0.990281 0.843750
vt 0.937500 1.000000
vt 1.000000 0.500000
vt 1.000000 1.000000
vt 0.937500 0.500000
vt 0.875000 1.000000
vt 0.875000 0.500000
vt 0.812500 0.500000
vt 0.812500 1.000000
vt 0.750000 1.000000
vt 0.687500 1.000000
vt 0.625000 1.000000
vt 0.562500 1.000000
vt 0.500000 1.000000
vt 0.437500 1.000000
vt 0.375000 1.000000
vt 0.312500 1.000000
vt 0.250000 1.000000
vt 0.187500 1.000000
vt 0.125000 1.000000
vt 0.062500 1.000000
vt 0.000000 1.000000
vt 0.000000 0.500000
vt 0.062500 0.500000
vt 0.125000 0.500000
vt 0.187500 0.500000
vt 0.250000 0.500000
vt 0.312500 0.500000
vt 0.375000 0.500000
vt 0.437500 0.500000
vt 0.500000 0.500000
vt 0.562500 0.500000
vt 0.625000 0.500000
vt 0.687500 0.500000
s 1
f 83/42/33 84/43/34 85/44/35
f 84/43/34 83/42/33 86/45/36
f 85/44/35 87/46/37 83/42/33
f 85/44/35 84/43/34 88/47/38
f 87/46/37 85/44/35 89/48/39
f 89/48/39 90/49/40 87/46/37
f 89/48/39 85/44/35 91/50/41
f 88/47/38 91/50/41 85/44/35
f 90/49/40 89/48/39 92/51/42
f 91/50/41 93/52/43 89/48/39
f 92/51/42 89/48/39 94/52/43
f 91/50/41 95/53/44 93/52/43
f 94/52/43 96/54/45 92/51/42
f 95/53/44 91/50/41 97/55/46
f 88/47/38 97/55/46 91/50/41
f 98/56/47 94/52/43 95/53/48
f 94/52/43 98/56/47 96/54/45
f 99/57/49 100/58/50 101/55/51
f 100/58/50 102/59/52 101/55/51
f 99/57/49 103/60/53 100/58/50
f 100/58/50 104/61/54 102/59/52
f 104/61/54 105/62/55 102/59/52
f 100/58/50 106/63/56 104/61/54
f 103/60/53 106/63/56 100/58/50
f 107/64/57 105/62/55 104/61/54
f 106/63/56 107/64/57 104/61/54
f 105/62/55 107/64/57 108/65/58
f 109/66/59 108/65/58 107/64/57
f 108/65/58 109/66/59 110/67/60
f 111/68/61 109/66/59 107/64/57
f 109/66/59 111/68/61 112/69/62
f 107/64/57 106/63/56 113/68/63
f 114/70/64 112/69/62 111/68/61
f 112/69/62 114/70/64 115/71/65
f 113/68/63 116/72/66 114/70/67
f 116/72/66 113/68/63 106/63/56
f 106/63/56 117/73/68 116/72/66
f 117/73/68 106/63/56 103/60/53
f 118/74/69 119/75/70 120/76/71
f 121/77/72 119/75/70 118/74/69
f 119/75/70 122/73/73 120/76/71
f 119/75/70 121/77/72 123/78/74
f 122/73/73 119/75/70 124/79/75
f 125/80/76 123/78/74 121/77/72
f 123/78/74 124/79/75 119/75/70
f 123/78/74 125/80/76 126/81/77
f 126/81/77 127/82/78 123/78/74
f 124/79/75 123/78/74 127/82/78
f 127/82/78 126/81/77 128/83/79
f 122/73/73 124/79/75 129/72/80
f 129/72/80 124/79/75 130/84/81
f 129/72/80 130/84/81 131/70/82
f 124/79/75 132/85/83 130/84/81
f 132/85/83 124/79/75 133/82/78
f 128/83/84 132/85/83 133/82/78
f 132/85/83 128/83/84 134/86/85
f 131/70/86 135/87/87 136/71/88
f 137/84/81 135/87/87 131/70/86
f 138/85/83 135/87/87 137/84/81
f 135/87/87 138/85/83 139/88/89
f 134/86/90 139/88/89 138/85/83
f 139/88/89 134/86/90 140/89/91
f 141/76/92 142/75/93 143/74/94
f 142/75/93 141/76/92 144/73/95
f 142/75/93 145/77/96 143/74/94
f 144/73/95 146/79/97 142/75/93
f 145/77/96 142/75/93 147/78/98
f 146/79/97 147/78/98 142/75/93
f 147/78/98 148/80/99 145/77/96
f 148/80/99 147/78/98 149/81/100
f 150/82/101 149/81/100 147/78/98
f 147/78/98 146/79/97 150/82/101
f 149/81/100 150/82/101 151/83/102
f 146/79/97 144/73/95 152/72/103
f 152/72/103 153/84/104 146/79/97
f 153/84/104 152/72/103 154/70/105
f 146/79/97 153/84/104 155/85/106
f 155/85/106 156/82/107 146/79/97
f 155/85/106 151/83/108 156/82/107
f 151/83/108 155/85/106 157/86/109
f 154/70/110 158/87/111 159/84/112
f 154/70/110 160/71/113 158/87/111
f 158/87/111 161/85/106 159/84/112
f 162/88/114 157/86/115 161/85/106
f 161/85/106 158/87/111 162/88/114
f 157/86/115 162/88/114 163/89/116
f 160/71/113 164/87/117 158/87/111
f 158/87/111 164/87/117 162/88/114
f 164/87/117 160/71/113 165/71/118
f 162/88/114 166/88/119 163/89/116
f 162/88/114 164/87/117 166/88/119
f 167/89/120 163/89/116 166/88/119
f 166/88/119 168/88/121 167/89/120
f 164/87/117 169/87/122 166/88/119
f 165/71/118 169/87/122 164/87/117
f 166/88/119 169/87/122 168/88/121
f 169/87/122 165/71/118 170/71/123
f 171/89/124 167/89/120 168/88/121
f 169/87/122 171/89/124 168/88/121
f 172/42/125 173/44/126 174/43/127
f 172/42/125 174/43/127 175/45/128
f 176/46/129 173/44/126 172/42/125
f 173/44/126 177/47/130 174/43/127
f 176/46/129 178/48/131 173/44/126
f 179/49/132 178/48/131 176/46/129
f 178/48/131 180/50/133 173/44/126
f 180/50/133 177/47/130 173/44/126
f 181/52/134 180/50/133 178/48/131
f 182/53/135 180/50/133 181/52/134
f 180/50/133 182/53/135 183/55/136
f 183/55/136 177/47/130 180/50/133
f 177/47/130 183/55/136 184/59/137
f 179/49/132 185/51/138 178/48/131
f 185/51/138 186/52/134 178/48/131
f 186/52/134 187/56/139 182/53/135
f 188/54/140 186/52/134 185/51/138
f 187/56/139 186/52/134 188/54/140
f 189/90/141 187/56/139 188/54/140
f 190/91/142 187/56/139 189/90/141
f 191/51/138 189/90/141 188/54/140
f 189/90/141 191/51/138 192/92/143
f 179/49/132 192/92/143 191/51/138
f 192/92/143 179/49/132 193/93/144
f 184/59/137 194/94/145 177/47/130
f 194/94/145 184/59/137 195/62/146
f 177/47/130 194/94/145 196/43/147
f 196/43/147 194/94/145 197/95/148
f 175/45/149 196/43/147 197/95/148
f 175/45/149 197/95/148 198/96/150
f 199/97/151 198/96/150 197/95/148
f 194/94/145 199/97/151 197/95/148
f 200/98/152 198/96/150 199/97/151
f 195/62/146 201/99/153 194/94/145
f 199/97/151 194/94/145 201/99/153
f 201/99/153 195/62/146 202/65/154
f 203/100/155 200/98/152 199/97/151
f 201/99/153 203/100/155 199/97/151
f 204/101/156 200/98/152 203/100/155
f 203/100/155 201/99/153 205/102/157
f 202/65/154 205/102/157 201/99/153
f 205/102/157 202/65/154 206/67/158
f 207/69/159 208/69/160 209/71/161
f 207/69/159 210/66/162 208/69/160
f 210/66/162 207/69/159 211/66/163
f 212/66/164 208/69/160 210/66/162
f 212/66/164 213/71/165 214/69/166
f 213/71/165 212/66/164 215/67/167
f 216/103/168 141/76/169 217/74/170
f 141/76/169 216/103/168 218/104/171
f 217/74/170 219/105/172 216/103/168
f 220/106/173 218/104/171 216/103/168
f 218/104/171 220/106/173 221/107/174
f 220/106/173 222/108/175 221/107/174
f 216/103/168 223/109/176 220/106/173
f 223/109/176 216/103/168 219/105/172
f 222/108/175 220/106/173 224/110/177
f 224/110/177 220/106/173 223/109/176
f 224/110/177 225/111/178 222/108/175
f 219/105/172 217/74/170 145/77/96
f 219/105/172 226/112/179 223/109/176
f 226/112/179 219/105/172 227/113/180
f 145/77/96 227/113/180 219/105/172
f 227/113/180 145/77/96 148/80/99
f 226/112/179 228/114/181 223/109/176
f 223/109/176 228/114/181 224/110/177
f 228/114/181 226/112/179 229/115/182
f 230/116/183 224/110/177 228/114/181
f 225/111/178 224/110/177 230/116/183
f 231/83/184 232/85/185 233/86/186
f 232/85/185 231/83/184 234/82/187
f 235/87/188 236/84/189 237/70/190
f 235/87/188 232/85/185 236/84/189
f 237/70/190 236/84/189 238/72/191
f 239/79/192 232/85/185 234/82/187
f 232/85/185 239/79/192 236/84/189
f 236/84/189 239/79/192 238/72/191
f 238/72/191 239/79/192 240/117/193
f 239/79/192 241/118/194 240/117/193
f 242/82/187 241/118/194 239/79/192
f 243/81/195 242/82/187 231/83/196
f 242/82/187 243/81/195 244/78/197
f 241/118/194 242/82/187 244/78/197
f 245/80/198 244/78/197 243/81/195
f 246/75/199 241/118/194 244/78/197
f 241/118/194 246/75/199 247/119/200
f 244/78/197 245/80/198 248/77/201
f 248/77/201 246/75/199 244/78/197
f 249/71/202 250/87/203 251/89/204
f 252/71/205 250/87/203 249/71/202
f 251/89/204 250/87/203 253/88/206
f 254/89/207 251/89/204 253/88/206
f 250/87/203 252/71/205 255/87/208
f 256/71/209 255/87/208 252/71/205
f 255/87/208 256/71/209 257/87/87
f 255/87/208 257/87/87 258/88/89
f 253/88/206 259/88/210 254/89/207
f 259/88/210 253/88/206 250/87/203
f 250/87/203 255/87/208 259/88/210
f 258/88/89 259/88/210 255/87/208
f 260/89/91 254/89/207 259/88/210
f 260/89/91 259/88/210 258/88/89
f 261/89/211 262/120/212 263/120/213
f 264/89/214 265/120/215 262/120/216
f 265/120/215 264/89/214 266/89/124
f 267/69/217 268/71/218 269/71/219
f 270/69/220 271/66/221 272/69/222
f 271/66/221 270/69/220 273/66/223
f 274/66/224 272/69/222 271/66/221
f 272/69/222 274/66/224 275/69/225
f 274/66/224 276/71/226 275/69/225
f 274/66/224 277/67/227 276/71/226
f 277/67/227 278/67/228 276/71/226
f 279/71/229 276/71/226 278/67/228
f 280/121/230 281/61/231 282/122/232
f 281/61/231 283/62/233 282/122/232
f 280/121/230 284/63/234 281/61/231
f 284/63/234 280/121/230 285/123/235
f 286/117/236 284/63/234 285/123/235
f 284/63/234 286/117/236 287/72/237
f 288/61/238 289/64/239 283/62/240
f 290/63/241 289/64/239 288/61/238
f 289/64/239 291/65/242 283/62/240
f 289/64/239 290/63/241 292/68/243
f 287/72/237 292/68/243 290/63/241
f 292/68/243 287/72/237 293/70/244
f 294/67/245 291/65/242 295/66/246
f 296/124/247 295/66/246 291/65/242
f 297/68/248 295/66/246 296/124/247
f 295/66/246 297/68/248 298/69/249
f 293/70/250 298/69/249 297/68/248
f 298/69/249 293/70/250 299/71/251
f 299/71/251 300/69/252 298/69/249
f 300/69/253 301/66/254 302/66/255
f 303/120/256 304/125/257 305/86/258
f 303/120/256 305/86/258 306/89/259
f 307/120/260 304/125/257 303/120/256
f 307/120/260 308/125/261 304/125/257
f 303/120/256 309/120/262 307/120/260
f 310/89/263 307/120/260 309/120/262
f 309/120/262 303/120/256 311/120/264
f 311/120/212 306/89/211 312/89/214
f 311/120/264 313/120/215 309/120/262
f 314/120/265 309/120/262 313/120/215
f 309/120/262 314/120/265 315/89/266
f 313/120/215 316/89/267 314/120/265
f 313/120/215 171/89/124 316/89/267
f 171/89/124 317/71/268 316/89/267
f 318/87/269 316/89/267 317/71/268
f 316/89/267 318/87/269 319/88/270
f 319/88/270 320/89/271 316/89/267
f 317/71/268 321/71/272 318/87/269
f 320/89/271 319/88/270 322/88/273
f 318/87/269 322/88/273 319/88/270
f 322/88/273 323/89/274 320/89/271
f 323/89/274 322/88/273 324/88/275
f 322/88/273 318/87/269 325/87/276
f 321/71/272 325/87/276 318/87/269
f 325/87/276 324/88/275 322/88/273
f 321/71/272 326/71/277 325/87/276
f 324/88/275 325/87/276 327/87/278
f 325/87/276 326/71/277 327/87/278
f 317/71/268 328/66/254 329/69/279
f 328/66/254 317/71/268 330/67/280
f 328/66/254 331/69/281 329/69/279
f 332/71/282 329/69/279 331/69/281
f 331/69/281 333/71/251 332/71/282
f 334/67/283 328/66/254 330/67/280
f 328/66/254 334/67/283 335/66/255
f 335/66/255 336/69/284 331/69/285
f 337/67/286 335/66/255 334/67/283
f 336/69/284 335/66/255 338/66/246
f 335/66/255 337/67/286 338/66/246
f 339/102/287 340/67/288 330/67/280
f 340/67/288 339/102/287 341/102/289
f 341/102/289 342/67/290 340/67/288
f 342/67/290 341/102/289 343/102/291
f 330/67/280 344/100/292 339/102/287
f 344/100/292 341/102/289 339/102/287
f 345/101/293 344/100/292 330/67/280
f 346/100/294 343/102/291 341/102/289
f 341/102/289 344/100/292 346/100/294
f 343/102/291 346/100/294 347/100/295
f 347/100/295 346/100/294 348/101/296
f 348/101/296 346/100/294 349/101/297
f 346/100/294 344/100/292 349/101/297
f 349/101/297 344/100/292 345/101/293
f 350/126/298 351/127/299 352/95/300
f 350/126/298 352/95/300 353/96/301
f 351/127/299 354/94/302 352/95/300
f 355/128/303 354/94/302 351/127/299
f 356/122/304 354/94/302 355/128/303
f 354/94/302 356/122/304 357/62/305
f 357/62/305 358/99/306 354/94/302
f 358/99/306 357/62/305 359/65/307
f 354/94/302 358/99/306 360/97/308
f 354/94/302 360/97/308 361/95/309
f 353/96/310 361/95/309 360/97/308
f 360/97/308 362/98/311 353/96/310
f 359/65/307 363/102/291 358/99/306
f 363/102/291 359/65/307 364/67/312
f 358/99/306 363/102/291 365/100/295
f 365/100/295 366/101/313 362/98/314
f 358/99/306 365/100/295 367/97/308
f 367/97/308 365/100/295 362/98/314
f 97/55/46 88/47/38 368/59/315
f 98/56/47 369/90/316 96/54/45
f 369/90/316 98/56/47 370/91/317
f 369/90/316 371/51/42 96/54/45
f 371/51/42 369/90/316 372/92/318
f 372/92/318 90/49/40 371/51/42
f 90/49/40 372/92/318 373/93/319
f 374/94/320 368/59/315 88/47/38
f 368/59/315 374/94/320 375/62/321
f 374/94/320 88/47/38 376/43/322
f 376/43/322 377/95/323 374/94/320
f 86/45/324 377/95/323 376/43/322
f 377/95/323 86/45/324 378/96/325
f 379/97/326 377/95/323 378/96/325
f 379/97/326 374/94/320 377/95/323
f 380/98/327 379/97/326 378/96/325
f 381/99/328 375/62/321 374/94/320
f 374/94/320 379/97/326 381/99/328
f 375/62/321 381/99/328 382/65/329
f 383/100/330 379/97/326 380/98/327
f 383/100/330 381/99/328 379/97/326
f 380/98/327 384/101/331 383/100/330
f 385/102/332 382/65/329 381/99/328
f 381/99/328 383/100/330 385/102/332
f 382/65/329 385/102/332 386/67/333
f 384/101/331 387/100/334 383/100/330
f 387/100/334 385/102/332 383/100/330
f 388/115/335 389/129/336 390/112/337
f 389/129/336 391/113/338 390/112/337
f 391/113/338 389/129/336 392/130/339
f 389/129/336 393/130/340 392/130/339
f 392/130/339 394/80/341 391/113/338
f 394/80/341 392/130/339 395/131/342
f 395/131/343 393/130/340 396/131/344
f 397/131/345 398/81/346 394/80/347
f 396/131/348 399/132/349 397/131/345
f 398/81/346 397/131/345 399/132/349
f 399/132/349 400/83/350 398/81/346
f 400/83/350 399/132/349 401/133/351
f 399/132/349 402/133/352 401/133/351
f 401/133/351 403/125/353 400/83/350
f 403/125/353 404/86/354 400/83/350
f 405/89/355 404/86/356 406/120/357
f 407/125/358 406/120/357 404/86/356
f 407/125/358 408/120/359 406/120/357
f 408/120/359 407/125/358 409/125/360
f 410/89/361 411/120/362 408/120/363
f 405/89/364 412/120/365 413/89/366
f 413/89/367 414/120/368 415/89/204
f 416/103/369 417/76/370 418/104/371
f 417/76/370 416/103/369 419/74/372
f 419/74/372 416/103/369 420/105/373
f 421/74/374 422/134/375 417/76/376
f 422/134/375 421/74/374 423/75/377
f 422/134/375 423/75/377 424/119/378
f 423/75/377 421/74/374 425/77/379
f 420/105/373 425/77/379 419/74/372
f 426/118/380 424/119/378 423/75/377
f 427/113/381 425/77/379 420/105/373
f 420/105/373 428/112/382 427/113/381
f 425/77/379 427/113/381 429/80/383
f 428/112/382 420/105/373 430/135/384
f 430/135/384 420/105/373 431/103/385
f 431/103/385 432/106/386 430/135/384
f 418/104/387 432/106/386 431/103/385
f 432/106/386 418/104/387 433/107/388
f 429/80/383 434/78/389 425/77/379
f 425/77/379 434/78/389 423/75/377
f 423/75/377 434/78/389 426/118/380
f 434/78/389 429/80/383 435/81/390
f 435/81/390 436/82/391 434/78/389
f 436/82/391 426/118/380 434/78/389
f 436/82/391 435/81/390 437/83/392
f 426/118/380 436/82/391 438/79/393
f 438/79/393 439/117/394 426/118/380
f 440/72/395 439/117/394 438/79/393
f 441/84/396 440/72/395 438/79/393
f 442/70/397 440/72/395 441/84/396
f 443/87/398 442/70/397 441/84/396
f 444/71/399 442/70/397 443/87/398
f 438/79/393 445/85/400 441/84/396
f 445/85/400 443/87/398 441/84/396
f 445/85/400 438/79/393 446/82/401
f 437/83/402 445/85/400 446/82/401
f 443/87/398 445/85/400 447/88/403
f 445/85/400 437/83/402 448/86/404
f 448/86/404 447/88/403 445/85/400
f 447/88/403 448/86/404 449/89/405
f 450/136/406 451/101/407 345/101/293
f 452/136/408 450/136/406 345/101/293
f 451/101/407 450/136/406 453/136/409
f 453/136/409 454/101/410 451/101/407
f 454/101/410 453/136/409 455/136/411
f 450/136/406 456/101/412 453/136/409
f 457/101/413 453/136/409 456/101/412
f 453/136/409 457/101/413 455/136/411
f 458/98/414 455/136/411 457/101/413
f 455/136/411 458/98/414 459/137/415
f 460/96/416 459/137/415 458/98/414
f 459/137/415 460/96/416 461/138/417
f 460/96/416 462/139/418 461/138/417
f 462/139/418 460/96/416 463/126/419
f 456/101/412 450/136/406 464/101/420
f 450/136/406 452/136/408 464/101/420
f 465/101/421 464/101/420 452/136/408
f 466/101/422 465/101/421 452/136/408
f 467/67/423 464/101/420 465/101/421
f 464/101/420 467/67/423 468/100/424
f 469/101/425 464/101/420 468/100/424
f 468/100/424 467/67/423 470/102/426
f 468/100/424 471/100/427 469/101/425
f 472/67/428 470/102/426 467/67/423
f 473/102/429 468/100/424 470/102/426
f 470/102/426 472/67/428 473/102/429
f 468/100/424 473/102/429 471/100/427
f 474/67/430 473/102/429 472/67/428
f 475/101/431 469/101/425 471/100/427
f 473/102/429 474/67/430 476/102/432
f 476/102/432 471/100/427 473/102/429
f 477/65/433 476/102/432 474/67/430
f 471/100/427 478/100/434 475/101/431
f 471/100/427 476/102/432 478/100/434
f 478/100/434 479/98/435 475/101/431
f 479/98/435 478/100/434 480/97/436
f 480/97/436 478/100/434 481/99/437
f 476/102/432 481/99/437 478/100/434
f 476/102/432 477/65/433 481/99/437
f 482/62/438 481/99/437 477/65/433
f 481/99/437 482/62/438 483/94/439
f 484/122/440 483/94/439 482/62/438
f 483/94/439 484/122/440 485/128/441
f 481/99/437 483/94/439 486/97/442
f 483/94/439 485/128/441 487/127/443
f 488/95/444 486/97/442 483/94/439
f 487/127/443 489/95/445 483/94/439
f 490/126/446 489/95/445 487/127/443
f 489/95/445 490/126/446 491/96/447
f 491/96/448 486/97/442 488/95/444
f 486/97/442 491/96/448 479/98/449
f 492/140/450 493/129/451 494/129/452
f 495/113/453 494/129/454 496/130/455
f 496/130/455 497/80/456 495/113/453
f 498/131/457 496/130/458 499/130/459
f 497/80/456 496/130/455 500/131/460
f 500/131/460 501/81/461 497/80/456
f 501/81/461 500/131/460 502/132/462
f 500/131/460 503/132/463 502/132/462
f 502/132/462 504/83/464 501/81/461
f 504/83/464 502/132/462 505/133/465
f 506/125/466 504/83/464 505/133/465
f 506/125/466 505/133/465 507/133/467
f 508/86/468 504/83/464 506/125/466
f 509/120/469 508/86/468 506/125/466
f 510/89/470 508/86/468 509/120/469
f 511/89/471 510/89/263 512/120/262
f 513/89/472 511/89/266 514/120/473
f 515/139/474 516/126/475 517/96/476
f 515/139/474 517/96/476 518/138/477
f 517/96/476 519/137/478 518/138/477
f 519/137/478 517/96/476 520/98/479
f 520/98/479 521/136/480 519/137/478
f 521/136/480 520/98/479 522/101/481
f 523/141/482 524/51/483 525/142/484
f 526/143/485 524/51/483 523/141/482
f 524/51/483 526/143/485 527/54/486
f 526/143/485 528/56/487 527/54/486
f 526/143/485 529/144/488 528/56/487
f 528/56/487 530/52/489 527/54/486
f 530/52/489 524/51/483 527/54/486
f 530/52/489 528/56/487 531/53/490
f 524/51/483 530/52/489 532/48/491
f 533/145/492 531/53/490 534/146/492
f 531/53/490 533/145/492 535/52/493
f 536/147/494 535/52/493 533/145/492
f 535/52/493 536/147/494 537/148/495
f 537/148/495 532/48/491 535/52/493
f 538/149/496 532/48/491 537/148/495
f 532/48/491 538/149/496 539/150/497
f 539/150/497 524/51/483 532/48/491
f 540/151/498 539/150/497 541/46/498
f 542/49/499 539/150/497 540/151/498
f 524/51/483 539/150/497 542/49/499
f 524/51/483 542/49/499 525/142/484
f 525/142/484 542/49/499 543/152/500
f 544/93/501 543/152/500 542/49/499
f 543/152/500 544/93/501 545/153/501
f 546/154/502 545/153/501 544/93/501
f 547/121/503 548/122/504 549/61/505
f 549/61/505 548/122/504 550/62/506
f 551/63/507 547/121/503 549/61/505
f 547/121/503 551/63/507 552/123/508
f 551/63/507 553/117/509 552/123/508
f 553/117/509 551/63/507 554/72/510
f 555/61/511 550/62/512 556/64/513
f 557/63/514 555/61/511 556/64/513
f 556/64/513 550/62/512 558/65/515
f 559/68/516 557/63/514 556/64/513
f 559/68/516 554/72/517 557/63/514
f 554/72/517 559/68/516 560/70/518
f 561/66/519 562/124/520 558/65/521
f 563/68/522 562/124/520 561/66/519
f 561/66/519 558/65/521 564/67/523
f 565/69/524 560/70/525 563/68/522
f 565/69/524 563/68/522 561/66/519
f 560/70/525 565/69/524 566/71/526
f 567/66/527 561/66/519 564/67/523
f 568/69/528 566/71/526 565/69/524
f 564/67/523 569/67/529 567/66/527
f 566/71/526 568/69/528 570/71/530
f 571/66/531 567/66/527 569/67/529
f 569/67/529 467/67/532 571/66/531
f 572/69/225 570/71/530 568/69/528
f 570/71/530 572/69/225 573/71/226
f 574/67/533 467/67/423 465/101/421
f 575/100/534 574/67/533 465/101/421
f 576/101/535 575/100/534 465/101/421
f 574/67/533 575/100/534 577/102/536
f 575/100/534 576/101/535 578/100/537
f 579/101/538 578/100/537 576/101/535
f 578/100/537 579/101/538 580/100/539
f 578/100/537 580/100/539 581/102/540
f 575/100/534 578/100/537 582/102/541
f 578/100/537 581/102/540 582/102/541
f 575/100/534 582/102/541 577/102/536
f 582/102/541 581/102/540 583/67/542
f 583/67/542 584/67/543 582/102/541
f 577/102/536 582/102/541 584/67/543
f 584/67/543 574/67/533 577/102/536
f 585/67/544 586/66/545 574/67/546
f 586/66/545 249/71/229 574/67/546
f 586/66/545 585/67/544 587/66/547
f 588/67/60 587/66/547 585/67/544
f 587/66/547 588/67/60 589/66/548
f 587/66/547 589/66/548 590/69/62
f 586/66/545 587/66/547 591/69/549
f 591/69/550 590/69/551 592/71/552
f 592/71/552 593/71/553 591/69/550
f 594/69/554 591/69/550 593/71/553
f 249/71/229 586/66/545 594/69/554
f 593/71/553 249/71/229 594/69/554
f 595/142/555 596/49/556 597/51/557
f 597/51/557 598/141/558 595/142/555
f 596/49/556 595/142/555 599/152/559
f 597/51/557 600/143/560 598/141/558
f 601/93/561 596/49/556 599/152/559
f 601/93/561 599/152/559 602/153/561
f 603/154/562 601/93/561 602/153/561
f 596/49/556 604/150/563 597/51/557
f 604/150/563 596/49/556 605/151/564
f 605/151/564 606/46/565 604/150/563
f 597/51/557 604/150/563 607/48/566
f 608/149/567 607/48/566 604/150/563
f 607/48/566 608/149/567 609/148/568
f 609/148/568 610/52/569 607/48/566
f 611/147/570 610/52/569 609/148/568
f 610/52/569 611/147/570 612/145/571
f 612/145/571 613/53/572 610/52/569
f 613/53/572 612/145/571 614/146/573
f 615/52/569 597/51/557 607/48/566
f 616/56/574 615/52/569 613/53/575
f 597/51/557 615/52/569 617/54/576
f 615/52/569 616/56/574 617/54/576
f 600/143/560 597/51/557 617/54/576
f 616/56/574 600/143/560 617/54/576
f 600/143/560 616/56/574 618/144/577
f 619/133/578 620/83/579 621/125/257
f 308/125/580 619/133/578 621/125/257
f 621/125/257 620/83/579 305/86/581
f 622/132/582 620/83/579 619/133/578
f 622/132/582 619/133/578 623/133/465
f 623/133/465 624/132/583 622/132/582
f 620/83/579 622/132/582 625/81/584
f 626/131/585 625/81/584 622/132/582
f 622/132/582 627/131/586 626/131/585
f 625/81/584 626/131/585 628/80/587
f 629/130/588 630/131/457 627/131/586
f 631/130/589 628/80/590 630/131/585
f 628/80/590 631/130/589 632/113/591
f 633/129/592 631/130/589 629/130/458
f 633/129/592 632/113/591 631/130/589
f 629/130/458 634/129/452 633/129/592
f 632/113/591 633/129/592 635/112/593
f 633/129/592 636/115/594 635/112/593
f 636/115/594 633/129/592 637/140/595
f 634/129/452 638/140/596 637/140/595
f 637/140/595 639/155/597 636/115/594
f 640/156/598 637/140/595 638/140/596
f 639/155/597 637/140/595 640/156/598
f 638/140/596 641/156/599 640/156/598
f 640/156/598 642/157/600 639/155/597
f 642/157/600 640/156/598 643/158/601
f 643/158/601 640/156/598 644/156/602
f 645/159/603 646/160/604 647/158/605
f 648/160/606 647/158/605 646/160/604
f 647/158/605 649/157/607 645/159/603
f 649/157/608 650/158/605 651/156/609
f 650/158/605 652/156/610 651/156/609
f 649/157/608 651/156/609 653/155/611
f 653/155/611 651/156/609 654/140/612
f 651/156/609 655/140/613 654/140/612
f 655/140/613 656/129/614 654/140/612
f 653/155/611 654/140/612 388/115/335
f 388/115/335 654/140/612 389/129/336
f 112/69/62 657/69/549 658/66/615
f 657/69/549 659/69/616 660/66/617
f 103/60/53 661/76/618 117/73/68
f 661/76/618 103/60/53 662/161/619
f 662/161/619 103/60/53 99/57/49
f 662/161/619 663/104/620 661/76/618
f 663/104/620 662/161/619 664/162/621
f 664/162/621 665/107/622 663/104/620
f 665/107/622 664/162/621 666/163/623
f 666/163/623 664/162/621 667/164/624
f 664/162/621 662/161/619 668/165/625
f 667/164/624 664/162/621 668/165/625
f 668/165/625 662/161/619 669/57/626
f 670/56/627 667/164/624 668/165/625
f 671/53/628 668/165/625 669/57/626
f 670/56/627 668/165/625 671/53/628
f 669/57/626 101/55/51 671/53/628
f 672/166/629 665/107/630 673/163/631
f 672/166/629 674/108/632 665/107/630
f 675/164/624 672/166/629 673/163/631
f 674/108/632 672/166/629 676/167/633
f 676/167/633 677/111/634 674/108/632
f 672/166/629 675/164/624 678/168/635
f 678/168/635 676/167/633 672/166/629
f 670/56/627 678/168/635 675/164/624
f 678/168/635 670/56/627 679/91/636
f 676/167/633 678/168/635 680/169/637
f 679/91/636 680/169/637 678/168/635
f 680/169/637 679/91/636 681/170/638
f 681/170/638 682/171/639 680/169/637
f 682/171/639 681/170/638 683/172/640
f 684/173/641 680/169/637 682/171/639
f 680/169/637 684/173/641 685/167/642
f 677/111/634 685/167/642 684/173/641
f 686/174/643 677/111/634 684/173/641
f 686/174/643 684/173/641 687/175/644
f 682/171/639 687/175/644 684/173/641
f 688/176/645 686/174/643 687/175/644
f 683/172/640 689/177/646 682/171/639
f 687/175/644 682/171/639 689/177/646
f 689/177/646 683/172/640 690/178/647
f 688/176/645 687/175/644 691/179/648
f 691/179/648 692/180/649 688/176/645
f 687/175/644 693/181/650 691/179/648
f 693/181/650 687/175/644 689/177/646
f 690/178/647 693/181/650 689/177/646
f 693/181/650 690/178/647 694/182/651
f 694/182/651 695/183/652 693/181/650
f 695/183/652 694/182/651 696/184/653
f 695/183/652 697/179/648 693/181/650
f 696/184/653 698/185/654 695/183/652
f 698/185/654 696/184/653 699/186/655
f 697/179/648 695/183/652 700/187/656
f 698/185/654 700/187/656 695/183/652
f 692/180/657 697/179/648 700/187/656
f 700/187/656 698/185/654 701/188/658
f 702/189/659 692/180/657 700/187/656
f 702/189/659 700/187/656 701/188/658
f 701/188/658 703/190/660 702/189/659
f 704/188/661 703/190/660 701/188/658
f 703/190/660 704/188/661 705/190/662
f 706/157/663 707/158/664 708/156/602
f 708/156/602 707/158/664 709/158/665
f 706/157/663 708/156/602 710/155/666
f 707/158/664 706/157/663 711/159/667
f 711/159/667 712/160/668 707/158/664
f 710/155/669 713/156/670 714/140/671
f 710/155/669 714/140/671 715/115/672
f 715/115/672 714/140/671 494/129/454
f 715/115/672 494/129/454 716/112/673
f 494/129/454 495/113/453 716/112/673
f 717/174/674 718/191/675 719/192/676
f 718/191/675 717/174/674 720/176/677
f 719/192/676 721/111/678 717/174/674
f 718/191/675 722/193/679 719/192/676
f 722/193/679 718/191/675 723/194/680
f 724/157/681 722/193/679 723/194/680
f 725/159/682 724/157/681 723/194/680
f 726/193/679 724/157/683 727/155/684
f 727/155/684 728/195/685 726/193/679
f 728/195/685 719/192/676 726/193/679
f 728/195/685 727/155/684 729/115/686
f 719/192/676 728/195/685 730/116/687
f 721/111/678 719/192/676 730/116/687
f 728/195/685 729/115/686 731/114/688
f 731/114/688 730/116/687 728/195/685
f 731/114/688 729/115/686 428/112/689
f 730/116/687 732/110/690 721/111/678
f 730/116/687 731/114/688 732/110/690
f 732/110/690 733/108/691 721/111/678
f 731/114/688 428/112/689 734/109/384
f 734/109/384 735/110/692 731/114/688
f 735/110/692 734/109/384 736/106/386
f 735/110/692 736/106/386 733/108/693
f 733/108/693 736/106/386 433/107/694
f 737/103/695 120/76/696 738/104/697
f 120/76/696 737/103/695 739/74/69
f 738/104/697 740/106/698 737/103/695
f 740/106/698 738/104/697 741/107/699
f 742/108/700 740/106/698 741/107/699
f 743/105/701 739/74/69 737/103/695
f 744/110/702 740/106/698 742/108/700
f 744/110/702 742/108/700 745/111/703
f 746/109/704 737/103/695 740/106/698
f 744/110/702 746/109/704 740/106/698
f 737/103/695 746/109/704 743/105/701
f 739/74/69 743/105/701 121/77/72
f 747/112/705 743/105/701 746/109/704
f 743/105/701 747/112/705 748/113/706
f 748/113/706 121/77/72 743/105/701
f 121/77/72 748/113/706 125/80/76
f 749/114/707 747/112/705 746/109/704
f 749/114/707 746/109/704 744/110/702
f 749/114/707 750/115/708 747/112/705
f 751/116/709 749/114/707 744/110/702
f 751/116/709 744/110/702 745/111/703
f 752/195/710 750/115/708 749/114/707
f 752/195/710 749/114/707 751/116/709
f 752/195/710 753/155/711 750/115/708
f 745/111/703 754/192/712 751/116/709
f 754/192/712 752/195/710 751/116/709
f 754/192/712 745/111/703 755/174/713
f 753/155/711 752/195/710 756/193/714
f 756/193/714 752/195/710 754/192/712
f 756/193/714 757/157/715 753/155/711
f 755/174/713 758/191/716 754/192/712
f 758/191/716 756/193/714 754/192/712
f 757/157/715 756/193/714 759/194/717
f 759/194/717 756/193/714 758/191/716
f 760/159/718 757/157/715 759/194/717
f 758/191/716 755/174/713 761/176/719
f 761/176/719 762/196/720 758/191/716
f 762/196/720 761/176/719 763/180/721
f 764/197/722 758/191/716 762/196/720
f 758/191/716 764/197/722 765/194/723
f 764/197/722 760/159/724 765/194/723
f 760/159/724 764/197/722 766/198/725
f 763/180/726 767/199/727 768/196/720
f 767/199/727 763/180/726 769/189/728
f 767/199/727 770/197/729 768/196/720
f 771/200/730 766/198/731 770/197/729
f 771/200/730 770/197/729 767/199/727
f 766/198/731 771/200/730 772/201/732
f 769/189/728 773/202/733 767/199/727
f 773/202/733 771/200/730 767/199/727
f 773/202/733 769/189/728 774/190/734
f 775/202/735 773/202/733 774/190/734
f 776/203/736 771/200/730 773/202/733
f 776/203/736 772/201/732 771/200/730
f 772/201/732 776/203/736 777/204/737
f 778/203/738 777/204/737 776/203/736
f 776/203/736 775/202/739 778/203/738
f 779/202/740 775/202/741 780/190/741
f 779/202/740 780/190/741 781/190/742
f 171/89/124 169/87/122 170/71/123
f 170/71/123 317/71/268 171/89/124
f 317/71/268 170/71/123 782/67/167
f 170/71/165 783/71/743 784/69/166
f 785/69/160 784/69/166 783/71/743
f 783/71/743 786/71/161 785/69/160
f 785/69/160 787/66/164 784/69/166
f 787/66/164 788/67/744 782/67/167
f 788/67/744 787/66/164 789/66/745
f 789/66/745 790/67/746 788/67/744
f 790/67/746 789/66/745 791/66/747
f 792/65/748 790/67/746 791/66/747
f 791/66/747 793/64/749 792/65/748
f 794/62/750 792/65/748 793/64/749
f 791/66/747 795/68/751 793/64/749
f 795/68/751 791/66/747 796/69/752
f 796/69/752 797/70/753 795/68/751
f 797/70/753 796/69/752 786/71/754
f 793/64/749 798/61/755 794/62/750
f 798/61/755 799/59/756 794/62/750
f 793/64/749 800/63/757 798/61/755
f 801/58/758 799/59/756 798/61/755
f 801/58/758 798/61/755 800/63/757
f 801/58/758 802/55/759 799/59/756
f 800/63/757 793/64/749 803/68/760
f 804/72/761 803/68/760 797/70/753
f 803/68/760 804/72/761 800/63/757
f 805/73/762 800/63/757 804/72/761
f 802/55/759 801/58/758 806/57/763
f 800/63/757 805/73/762 807/60/764
f 801/58/758 800/63/757 807/60/764
f 806/57/763 801/58/758 807/60/764
f 808/76/765 807/60/764 805/73/762
f 807/60/764 809/161/766 806/57/763
f 807/60/764 808/76/765 809/161/766
f 810/104/767 809/161/766 808/76/765
f 809/161/766 810/104/767 811/162/768
f 812/107/769 811/162/768 810/104/767
f 811/162/768 812/107/769 813/163/770
f 811/162/768 813/163/770 814/164/771
f 809/161/766 811/162/768 815/165/772
f 814/164/771 815/165/772 811/162/768
f 815/165/772 816/57/773 809/161/766
f 817/56/774 815/165/772 814/164/771
f 816/57/773 818/53/775 802/55/776
f 818/53/775 816/57/773 815/165/772
f 815/165/772 817/56/774 818/53/775
f 812/107/777 819/166/778 820/163/770
f 819/166/778 812/107/777 821/108/779
f 819/166/778 822/164/771 820/163/770
f 821/108/779 823/167/780 819/166/778
f 823/167/780 821/108/779 824/111/781
f 822/164/771 819/166/778 825/168/782
f 823/167/780 825/168/782 819/166/778
f 825/168/782 817/56/774 822/164/771
f 817/56/774 825/168/782 826/91/783
f 825/168/782 823/167/780 827/169/784
f 827/169/784 826/91/783 825/168/782
f 826/91/783 827/169/784 828/170/785
f 829/171/786 828/170/785 827/169/784
f 828/170/785 829/171/786 830/172/787
f 827/169/784 831/173/788 829/171/786
f 831/173/788 827/169/784 832/167/789
f 824/111/781 831/173/788 832/167/789
f 831/173/788 824/111/781 833/174/790
f 833/174/790 834/175/791 831/173/788
f 834/175/791 829/171/786 831/173/788
f 834/175/791 833/174/790 835/176/792
f 836/177/793 830/172/787 829/171/786
f 829/171/786 834/175/791 836/177/793
f 830/172/787 836/177/793 837/178/794
f 835/176/792 838/179/795 834/175/791
f 838/179/795 835/176/792 839/180/796
f 834/175/791 838/179/795 840/181/797
f 840/181/797 836/177/793 834/175/791
f 840/181/797 837/178/794 836/177/793
f 837/178/794 840/181/797 841/182/798
f 842/183/799 841/182/798 840/181/797
f 841/182/798 842/183/799 843/184/800
f 842/183/799 840/181/797 844/179/801
f 839/180/796 845/187/802 844/179/801
f 844/179/801 845/187/802 842/183/799
f 845/187/802 839/180/796 846/189/803
f 847/185/804 843/184/800 842/183/799
f 847/185/804 842/183/799 845/187/802
f 843/184/800 847/185/804 848/186/805
f 846/189/803 849/188/806 845/187/802
f 845/187/802 849/188/806 847/185/804
f 849/188/806 846/189/803 850/190/807
f 851/185/808 848/186/805 847/185/804
f 849/188/806 851/185/808 847/185/804
f 848/186/805 851/185/808 852/186/809
f 850/190/807 853/188/810 849/188/806
f 851/185/808 849/188/806 853/188/810
f 853/188/810 850/190/807 854/190/811
f 855/185/812 852/186/809 851/185/808
f 853/188/810 855/185/812 851/185/808
f 852/186/809 855/185/812 856/186/813
f 855/185/812 853/188/810 857/188/814
f 858/185/815 856/186/813 855/185/812
f 857/188/814 858/185/815 855/185/812
f 856/186/813 858/185/815 859/186/816
f 858/185/815 857/188/814 860/188/817
f 861/190/818 860/188/817 857/188/814
f 862/185/819 859/186/816 858/185/815
f 860/188/817 862/185/819 858/185/815
f 859/186/816 862/185/819 863/186/820
f 862/185/819 860/188/817 864/188/821
f 865/190/822 864/188/821 860/188/817
f 866/185/823 863/186/820 862/185/819
f 864/188/821 866/185/823 862/185/819
f 863/186/820 866/185/823 867/186/824
f 866/185/823 864/188/821 868/188/825
f 869/205/826 870/206/827 871/207/828
f 870/206/827 869/205/826 872/208/829
f 869/205/826 871/207/828 873/209/830
f 874/210/831 870/206/827 872/208/829
f 875/211/832 870/206/827 874/210/831
f 870/206/827 875/211/832 876/212/833
f 877/213/834 873/209/830 871/207/828
f 878/214/835 873/209/830 877/213/834
f 873/209/830 878/214/835 879/215/836
f 880/216/837 879/215/836 878/214/835
f 879/215/836 880/216/837 881/217/838
f 881/217/838 880/216/837 882/218/839
f 880/216/837 883/219/840 882/218/839
f 883/219/840 880/216/837 884/220/841
f 885/221/842 886/222/843 887/223/844
f 887/223/844 888/224/845 885/221/842
f 886/222/843 885/221/842 889/225/846
f 888/224/845 887/223/844 890/226/847
f 890/226/847 891/227/848 888/224/845
f 886/222/843 892/228/849 887/223/844
f 892/228/849 890/226/847 887/223/844
f 889/225/846 893/229/850 886/222/843
f 893/229/850 889/225/846 894/230/851
f 894/230/851 895/231/852 893/229/850
f 895/231/852 894/230/851 896/232/853
f 893/229/850 897/233/854 886/222/843
f 892/228/849 886/222/843 897/233/854
f 895/231/852 898/234/855 893/229/850
f 897/233/854 893/229/850 898/234/855
f 898/234/855 895/231/852 899/235/856
f 898/234/855 899/235/856 900/184/857
f 901/186/858 900/184/857 899/235/856
f 900/184/857 902/182/859 898/234/855
f 897/233/854 898/234/855 902/182/859
f 902/182/859 903/178/860 897/233/854
f 903/178/860 892/228/849 897/233/854
f 903/178/860 904/172/861 892/228/849
f 905/236/862 892/228/849 904/172/861
f 890/226/847 892/228/849 905/236/862
f 904/172/863 906/170/864 907/236/865
f 907/236/865 908/237/866 890/226/847
f 891/227/848 890/226/847 908/237/866
f 908/237/866 193/93/867 891/227/848
f 193/93/867 908/237/866 909/92/143
f 906/170/864 910/238/868 907/236/865
f 908/237/866 907/236/865 910/238/868
f 910/238/868 909/92/143 908/237/866
f 906/170/864 190/91/142 910/238/868
f 909/92/143 910/238/868 911/90/141
f 190/91/142 911/90/141 910/238/868
f 912/178/869 913/181/870 914/182/871
f 913/181/870 912/178/869 915/177/872
f 916/172/873 915/177/872 912/178/869
f 917/183/874 914/182/871 913/181/870
f 914/182/871 917/183/874 918/184/875
f 919/179/876 917/183/874 913/181/870
f 920/175/877 913/181/870 915/177/872
f 915/177/872 916/172/873 921/171/878
f 921/171/878 920/175/877 915/177/872
f 922/170/879 921/171/878 916/172/873
f 913/181/870 920/175/877 923/179/876
f 921/171/878 922/170/879 924/239/880
f 920/175/877 921/171/878 925/173/881
f 926/174/882 920/175/877 925/173/881
f 921/171/878 924/239/880 927/173/883
f 920/175/877 926/174/882 928/176/884
f 920/175/877 928/176/884 923/179/876
f 928/176/884 929/180/885 923/179/876
f 927/173/883 930/111/886 926/174/882
f 930/111/886 927/173/883 931/167/887
f 924/239/880 931/167/887 927/173/883
f 931/167/887 932/108/888 930/111/886
f 931/167/887 924/239/880 933/169/889
f 933/169/889 924/239/880 934/240/890
f 932/108/888 931/167/887 935/166/891
f 935/166/891 936/107/892 932/108/888
f 931/167/887 937/168/893 935/166/891
f 938/169/894 937/168/893 931/167/887
f 936/107/892 935/166/891 939/163/895
f 938/169/894 940/241/896 937/168/893
f 940/241/896 938/169/894 941/240/897
f 937/168/893 940/241/896 942/242/898
f 937/168/893 943/164/899 935/166/891
f 942/242/898 943/164/899 937/168/893
f 935/166/891 943/164/899 939/163/895
f 943/164/899 942/242/898 944/144/900
f 943/164/899 944/144/900 945/56/901
f 945/56/901 946/165/902 943/164/899
f 946/165/902 945/56/901 947/53/903
f 948/162/904 943/164/899 946/165/902
f 943/164/899 948/162/904 939/163/895
f 948/162/904 936/107/892 939/163/895
f 936/107/892 948/162/904 949/104/905
f 950/161/906 949/104/905 948/162/904
f 949/104/905 950/161/906 951/76/907
f 952/134/908 951/76/907 950/161/906
f 950/161/906 948/162/904 953/243/909
f 953/243/909 948/162/904 954/165/910
f 954/165/910 955/146/911 953/243/909
f 955/146/911 954/165/910 947/53/903
f 956/232/912 957/244/913 958/244/914
f 957/244/913 959/232/915 958/244/914
f 959/232/915 957/244/913 960/232/916
f 961/232/917 958/244/914 959/232/915
f 958/244/914 961/232/917 962/244/918
f 963/232/919 964/244/920 957/244/921
f 964/244/920 963/232/919 965/232/922
f 960/232/923 964/244/924 966/232/925
f 966/232/925 967/244/926 968/232/927
f 962/244/928 969/232/929 970/244/930
f 969/232/929 971/230/931 970/244/930
f 972/245/932 970/244/930 971/230/931
f 971/230/931 973/225/933 972/245/932
f 974/246/934 972/245/932 973/225/933
f 973/225/933 975/221/935 974/246/934
f 976/247/936 974/246/934 975/221/935
f 975/221/935 977/248/937 976/247/936
f 977/248/937 975/221/935 978/224/938
f 978/224/938 979/249/939 977/248/937
f 979/249/939 978/224/938 980/227/940
f 980/227/940 981/250/941 979/249/939
f 981/250/941 980/227/940 982/93/942
f 982/93/942 983/251/943 981/250/941
f 983/251/943 982/93/942 984/49/944
f 983/251/943 984/49/944 985/46/945
f 983/251/943 985/46/945 986/252/946
f 986/252/946 985/46/945 987/42/947
f 986/252/946 987/42/947 988/253/948
f 988/253/948 987/42/947 989/45/949
f 988/253/948 989/45/949 990/254/950
f 990/254/950 989/45/949 991/96/951
f 990/254/950 991/96/951 992/138/952
f 991/96/951 993/137/953 992/138/952
f 993/137/953 991/96/951 994/98/954
f 994/98/954 995/136/955 993/137/953
f 995/136/955 994/98/954 996/101/956
f 997/157/957 998/156/958 999/158/959
f 999/158/959 998/156/958 1000/158/960
f 998/156/958 997/157/957 1001/155/961
f 999/158/959 1002/159/962 997/157/957
f 1002/159/962 999/158/959 1003/160/963
f 1004/158/964 1003/160/963 999/158/959
f 1005/255/965 1002/159/962 1006/160/966
f 1002/159/962 1005/255/965 1007/198/967
f 1001/155/968 1008/140/969 1009/156/970
f 1008/140/969 1010/156/971 1009/156/970
f 1008/140/969 1001/155/968 1011/115/972
f 1011/115/972 1012/129/614 1008/140/969
f 1012/129/614 1011/115/972 1013/112/973
f 1014/113/974 1012/129/614 1013/112/973
f 1015/140/612 1012/129/614 1016/129/975
f 1012/129/614 1017/130/976 1016/129/975
f 1012/129/614 1014/113/974 1017/130/976
f 1018/80/977 1017/130/976 1014/113/974
f 1017/130/978 1019/131/343 1020/130/979
f 1017/130/976 1018/80/977 1021/131/980
f 1022/81/981 1021/131/980 1018/80/977
f 1021/131/980 1022/81/981 1023/132/982
f 1024/132/983 1021/131/980 1023/132/982
f 1025/83/984 1023/132/982 1022/81/981
f 1023/132/982 1026/133/352 1024/132/983
f 1023/132/982 1025/83/984 1026/133/352
f 1027/125/985 1026/133/352 1025/83/984
f 1027/125/985 1028/133/986 1026/133/352
f 1028/133/986 1027/125/985 1029/125/987
f 1025/83/984 1030/86/988 1027/125/985
f 1031/120/989 1027/125/985 1030/86/988
f 1030/86/988 1032/89/990 1031/120/989
f 1033/120/991 1032/89/361 1034/89/992
f 1033/120/991 1035/120/993 1031/120/994
f 1035/120/993 1033/120/991 1036/120/995
f 1036/120/995 1037/89/364 1035/120/993
f 1033/120/991 1038/120/368 1036/120/995
f 1038/120/368 1039/89/366 1036/120/995
f 1034/89/992 1040/120/996 1033/120/991
f 1038/120/368 1033/120/991 1040/120/996
f 1040/120/996 1034/89/992 1041/89/997
f 1040/120/996 251/89/204 1038/120/368
f 251/89/204 1040/120/996 1041/89/997
f 1041/89/997 249/71/202 251/89/204
f 573/71/998 249/71/202 1041/89/997
f 1041/89/997 1042/87/999 573/71/998
f 1042/87/999 1043/71/1000 573/71/998
f 1041/89/997 1044/88/1001 1042/87/999
f 1045/89/1002 1044/88/1001 1041/89/997
f 1042/87/999 1046/87/1003 1043/71/1000
f 1044/88/1001 1045/89/1002 1047/88/1004
f 1047/88/1004 1042/87/999 1044/88/1001
f 1042/87/999 1047/88/1004 1046/87/1003
f 1048/89/1005 1047/88/1004 1045/89/1002
f 1046/87/1003 1049/71/1006 1043/71/1000
f 1047/88/1004 1048/89/1005 1050/88/1007
f 1050/88/1007 1046/87/1003 1047/88/1004
f 233/86/186 1050/88/1007 1048/89/1005
f 1046/87/1003 235/87/188 1049/71/1006
f 1046/87/1003 1050/88/1007 235/87/188
f 237/70/190 1049/71/1006 235/87/188
f 1050/88/1007 233/86/186 232/85/185
f 1050/88/1007 232/85/185 235/87/188
f 1051/113/1008 248/77/201 245/80/198
f 246/75/199 1052/134/1009 247/119/200
f 1053/74/1010 1052/134/1009 246/75/199
f 1053/74/1010 246/75/199 248/77/201
f 1052/134/1009 1053/74/1010 1054/76/1011
f 248/77/201 1051/113/1008 1055/105/1012
f 1055/105/1012 1056/74/1013 248/77/201
f 1057/112/1014 1055/105/1012 1051/113/1008
f 1058/103/1015 1054/76/1016 1056/74/1013
f 1058/103/1015 1056/74/1013 1055/105/1012
f 1054/76/1016 1058/103/1015 1059/104/1017
f 1055/105/1012 1057/112/1014 1060/135/1018
f 1060/135/1018 1061/103/1019 1055/105/1012
f 1062/106/1020 1061/103/1019 1060/135/1018
f 1062/106/1020 1059/104/1017 1061/103/1019
f 1059/104/1017 1062/106/1020 1063/107/1021
f 1064/106/1022 1065/108/1023 1063/107/1021
f 1065/108/1023 1064/106/1022 1066/110/1024
f 1067/109/1025 1066/110/1024 1064/106/1022
f 1066/110/1024 1067/109/1025 1068/114/1026
f 1057/112/1014 1068/114/1026 1067/109/1025
f 1068/114/1026 1057/112/1014 1069/115/1027
f 1069/115/1027 1070/195/1028 1068/114/1026
f 1070/195/1028 1069/115/1027 1071/155/1029
f 1071/155/1029 1072/193/1030 1070/195/1028
f 1072/193/1030 1071/155/1029 1073/157/1031
f 1074/192/1032 1070/195/1028 1072/193/1030
f 1075/116/1033 1068/114/1026 1070/195/1028
f 1070/195/1028 1074/192/1032 1075/116/1033
f 1068/114/1026 1075/116/1033 1076/110/1034
f 1076/110/1034 1077/111/1035 1065/108/1036
f 1077/111/1035 1076/110/1034 1075/116/1033
f 1074/192/1032 1077/111/1035 1075/116/1033
f 1077/111/1035 1074/192/1032 1078/174/1037
f 1079/191/1038 1078/174/1037 1074/192/1032
f 1078/174/1037 1079/191/1038 1080/176/1039
f 1081/193/1030 1079/191/1038 1074/192/1032
f 1079/191/1038 1081/193/1030 1082/194/1040
f 1073/157/1031 1082/194/1040 1081/193/1030
f 1082/194/1040 1073/157/1031 1083/159/1041
f 1080/176/1042 1084/196/1043 1085/180/1044
f 1084/196/1043 1080/176/1042 1086/191/1045
f 1087/197/1046 1084/196/1043 1086/191/1045
f 1088/194/1047 1087/197/1046 1086/191/1045
f 1083/159/1048 1087/197/1046 1088/194/1047
f 1083/159/1048 1089/198/1049 1087/197/1046
f 1089/198/1049 1090/200/1050 1087/197/1046
f 1089/198/1049 1091/201/1051 1090/200/1050
f 1091/201/1051 1092/203/1052 1090/200/1050
f 1091/201/1051 1093/204/1053 1092/203/1052
f 1093/204/1053 1094/203/1054 1092/203/1052
f 1095/204/1055 1094/203/1054 1093/204/1053
f 1095/204/1055 1096/203/1056 1094/203/1054
f 1097/202/1057 1090/200/1050 1092/203/1052
f 1095/204/1055 1098/204/1058 1096/203/1056
f 1098/204/1058 1099/203/1059 1096/203/1056
f 1098/204/1058 1100/204/1060 1099/203/1059
f 1096/203/1056 1099/203/1059 1101/202/1061
f 1100/204/1060 1102/203/1062 1099/203/1059
f 1099/203/1059 1102/203/1062 1103/202/1063
f 1100/204/1060 1104/204/1064 1102/203/1062
f 1104/204/1064 1105/203/1065 1102/203/1062
f 1104/204/1064 1106/204/1066 1105/203/1065
f 1107/190/1067 1101/202/1061 1108/190/1068
f 1101/202/1061 1107/190/1067 1109/202/1069
f 1109/202/1070 1110/190/1071 1111/202/1072
f 1112/189/1073 1097/202/1057 1113/190/1074
f 1097/202/1057 1112/189/1073 1114/199/1075
f 1090/200/1050 1097/202/1057 1114/199/1075
f 1085/180/1076 1114/199/1075 1112/189/1073
f 1114/199/1075 1087/197/1046 1090/200/1050
f 1114/199/1075 1085/180/1076 1115/196/1043
f 1087/197/1046 1114/199/1075 1115/196/1043
f 1116/181/1077 1117/178/1078 1118/182/1079
f 1117/178/1078 1116/181/1077 1119/177/1080
f 1119/177/1080 1120/172/1081 1117/178/1078
f 1118/182/1079 1121/183/1082 1116/181/1077
f 1121/183/1082 1118/182/1079 1122/184/1083
f 1121/183/1082 1123/179/1084 1116/181/1077
f 1122/184/1083 1124/185/1085 1121/183/1082
f 1124/185/1085 1122/184/1083 1125/186/1086
f 1123/179/1084 1121/183/1082 1126/187/1087
f 1124/185/1085 1126/187/1087 1121/183/1082
f 1123/179/1084 1126/187/1087 1127/180/1088
f 1126/187/1087 1124/185/1085 1128/188/1089
f 1127/180/1088 1126/187/1087 1129/189/1090
f 1126/187/1087 1128/188/1089 1129/189/1090
f 1130/190/1091 1129/189/1090 1128/188/1089
f 1131/190/1092 1130/190/1093 1132/188/1094
f 1132/188/1094 1133/188/1095 1131/190/1092
f 1134/176/1096 1135/179/1097 1127/180/1098
f 1136/175/1099 1135/179/1097 1134/176/1096
f 1136/175/1099 1116/181/1077 1135/179/1097
f 1134/176/1096 1137/174/1100 1136/175/1099
f 1116/181/1077 1136/175/1099 1119/177/1080
f 1137/174/1100 1138/173/1101 1136/175/1099
f 1139/171/1102 1136/175/1099 1138/173/1101
f 1136/175/1099 1139/171/1102 1119/177/1080
f 1120/172/1081 1119/177/1080 1139/171/1102
f 1139/171/1102 1140/170/1103 1120/172/1081
f 1140/170/1103 1139/171/1102 1141/239/1104
f 1141/239/1104 1139/171/1102 1142/173/1101
f 1137/174/1105 1143/111/1106 1142/173/1101
f 1143/111/1106 1144/167/1107 1142/173/1101
f 1144/167/1107 1141/239/1104 1142/173/1101
f 1144/167/1107 1143/111/1106 1145/108/1108
f 1141/239/1104 1144/167/1107 1146/169/1109
f 1146/169/1109 1147/240/1110 1141/239/1104
f 1145/108/1108 1148/166/1111 1144/167/1107
f 1148/166/1111 1145/108/1108 1149/107/1112
f 1144/167/1107 1148/166/1111 1150/168/1113
f 1150/168/1113 1151/169/1114 1144/167/1107
f 1152/241/1115 1151/169/1114 1150/168/1113
f 1151/169/1114 1152/241/1115 1153/240/1116
f 1150/168/1113 1154/242/1117 1152/241/1115
f 1148/166/1111 1149/107/1112 1155/163/1118
f 1150/168/1113 1156/164/1119 1154/242/1117
f 1156/164/1119 1150/168/1113 1148/166/1111
f 1148/166/1111 1155/163/1118 1156/164/1119
f 1156/164/1119 1157/144/1120 1154/242/1117
f 1157/144/1120 1156/164/1119 1158/56/1121
f 1149/107/1112 1159/162/1122 1155/163/1118
f 1159/162/1122 1156/164/1119 1155/163/1118
f 1158/56/1121 1156/164/1119 1160/165/1123
f 1156/164/1119 1159/162/1122 1160/165/1123
f 1158/56/1121 1160/165/1123 1161/53/1124
f 1159/162/1122 1149/107/1112 1162/104/1125
f 1162/104/1125 1163/161/1126 1159/162/1122
f 1163/161/1126 1162/104/1125 1164/76/1127
f 1165/134/1128 1163/161/1126 1164/76/1127
f 1159/162/1122 1163/161/1126 1166/243/1129
f 1166/243/1129 1167/165/1130 1159/162/1122
f 1168/146/1131 1167/165/1130 1166/243/1129
f 1167/165/1130 1168/146/1131 1161/53/1132
f 387/100/334 384/101/331 1169/101/1133
f 385/102/332 1170/102/1134 386/67/333
f 385/102/332 387/100/334 1170/102/1134
f 386/67/333 1170/102/1134 1171/67/1135
f 1169/101/1133 1172/100/1136 387/100/334
f 1172/100/1136 1170/102/1134 387/100/334
f 1170/102/1134 1173/102/1137 1171/67/1135
f 1170/102/1134 1172/100/1136 1173/102/1137
f 1171/67/1135 1173/102/1137 782/67/167
f 1172/100/1136 782/67/167 1173/102/1137
f 1172/100/1136 1169/101/1133 1174/101/1138
f 1172/100/1136 1174/101/1138 782/67/167
f 1174/101/1138 330/67/280 782/67/167
f 317/71/268 782/67/167 330/67/280
f 330/67/280 1174/101/1138 345/101/293
f 452/136/408 345/101/293 1174/101/1138
f 1174/101/1138 1175/101/1139 452/136/408
f 452/136/408 1175/101/1139 1176/136/1140
f 1175/101/1139 1177/101/1141 1176/136/1140
f 1176/136/1140 1177/101/1141 1178/136/1142
f 1179/98/1143 1178/136/1142 1177/101/1141
f 1176/136/1140 1178/136/1142 1180/101/1144
f 1178/136/1142 1179/98/1143 1181/137/1145
f 1180/101/1144 466/101/422 1176/136/1140
f 452/136/408 1176/136/1140 466/101/422
f 1182/96/1146 1181/137/1145 1179/98/1143
f 1181/137/1145 1182/96/1146 1183/138/1147
f 1182/96/1146 1184/254/1148 1183/138/1147
f 1184/254/1148 1182/96/1146 1185/45/1149
f 1185/45/1149 1186/253/1150 1184/254/1148
f 1186/253/1150 1185/45/1149 1187/42/1151
f 1187/42/1151 1188/252/1152 1186/253/1150
f 1188/252/1152 1187/42/1151 1189/46/1153
f 1189/46/1153 1190/251/943 1188/252/1152
f 1190/251/943 1189/46/1153 1191/49/1154
f 1192/93/1155 1190/251/943 1191/49/1154
f 1190/251/943 1192/93/1155 1193/250/941
f 1194/227/1156 1193/250/941 1192/93/1155
f 1193/250/941 1194/227/1156 1195/249/939
f 1196/224/1157 1195/249/939 1194/227/1156
f 1195/249/939 1196/224/1157 1197/248/1158
f 1198/221/1159 1197/248/1158 1196/224/1157
f 1197/248/1158 1198/221/1159 1199/247/1160
f 1199/247/1160 1198/221/1159 1200/246/1161
f 1198/221/1159 1201/225/1162 1200/246/1161
f 1200/246/1161 1201/225/1162 1202/245/1163
f 1201/225/1162 1203/230/1164 1202/245/1163
f 1202/245/1163 1203/230/1164 1204/244/930
f 1203/230/1164 1205/232/1165 1204/244/930
f 1205/232/1165 1206/244/928 1204/244/930
f 1206/244/928 1205/232/1165 1207/232/1166
f 1207/232/1166 1208/244/914 1206/244/928
f 1208/244/914 1207/232/1166 1209/232/1167
f 1210/232/929 1206/244/1168 1211/232/1169
f 1212/244/1170 1209/232/912 1213/232/1171
f 1214/244/924 1215/232/923 1212/244/1172
f 1216/244/1173 1217/232/925 1214/244/920
f 1218/232/922 1216/244/1173 1214/244/920
f 1216/244/1173 1218/232/922 1219/232/1174
f 1220/222/1175 1221/221/1176 1222/223/1177
f 1223/224/1178 1222/223/1177 1221/221/1176
f 1221/221/1176 1220/222/1175 1224/225/1179
f 1222/223/1177 1223/224/1178 1225/226/1180
f 1226/227/1181 1225/226/1180 1223/224/1178
f 1227/228/1182 1220/222/1175 1222/223/1177
f 1225/226/1180 1227/228/1182 1222/223/1177
f 1228/229/1183 1224/225/1179 1220/222/1175
f 1224/225/1179 1228/229/1183 1229/230/1184
f 1227/228/1182 1225/226/1180 1230/236/1185
f 1231/172/1186 1227/228/1182 1230/236/1185
f 1225/226/1180 1226/227/1181 1232/237/1187
f 1231/172/1186 1233/178/1188 1227/228/1182
f 373/93/1189 1232/237/1187 1226/227/1181
f 1232/237/1187 1234/236/1185 1225/226/1180
f 1232/237/1187 373/93/1189 1235/92/318
f 1234/236/1185 1236/170/1190 1231/172/1186
f 1234/236/1185 1232/237/1187 1237/238/1191
f 1236/170/1190 1234/236/1185 1237/238/1191
f 1235/92/318 1237/238/1191 1232/237/1187
f 1237/238/1191 370/91/1192 1236/170/1190
f 1237/238/1191 1235/92/318 1238/90/316
f 370/91/1192 1237/238/1191 1238/90/316
f 1233/178/1188 1239/233/1193 1227/228/1182
f 1227/228/1182 1239/233/1193 1220/222/1175
f 1239/233/1193 1233/178/1188 1240/182/1194
f 1239/233/1193 1228/229/1183 1220/222/1175
f 1240/182/1194 1241/234/1195 1239/233/1193
f 1239/233/1193 1241/234/1195 1228/229/1183
f 1241/234/1195 1240/182/1194 1242/184/1196
f 1241/234/1195 1243/231/1197 1228/229/1183
f 1243/231/1197 1229/230/1184 1228/229/1183
f 1229/230/1184 1243/231/1197 1244/232/1198
f 1242/184/1196 1245/235/1199 1241/234/1195
f 1241/234/1195 1245/235/1199 1243/231/1197
f 1245/235/1199 1242/184/1196 1246/186/1200
f 1244/232/1198 1243/231/1197 1247/231/1201
f 1245/235/1199 1247/231/1201 1243/231/1197
f 1244/232/1198 1247/231/1201 1248/232/1202
f 1246/186/1200 1249/235/1166 1245/235/1199
f 1247/231/1201 1245/235/1199 1249/235/1166
f 1249/235/1166 1246/186/1200 1250/186/1203
f 1247/231/1201 1251/231/1204 1248/232/1202
f 1249/235/1166 1251/231/1204 1247/231/1201
f 1248/232/1202 1251/231/1204 1252/232/1205
f 1250/186/1203 1253/235/1206 1249/235/1166
f 1251/231/1204 1249/235/1166 1253/235/1206
f 1253/235/1206 1250/186/1203 1254/186/1207
f 1251/231/1204 1255/231/1208 1252/232/1205
f 1253/235/1206 1255/231/1208 1251/231/1204
f 1252/232/1205 1255/231/1208 1256/232/1209
f 1254/186/1207 1257/235/1210 1253/235/1206
f 1255/231/1208 1253/235/1206 1257/235/1210
f 1257/235/1210 1254/186/1207 1258/186/1211
f 1255/231/1208 1259/231/1212 1256/232/1209
f 1257/235/1210 1259/231/1212 1255/231/1208
f 1256/232/1209 1259/231/1212 1260/232/1213
f 1258/186/1211 1261/235/1214 1257/235/1210
f 1259/231/1212 1257/235/1210 1261/235/1214
f 1261/235/1214 1258/186/1211 1262/186/1215
f 1259/231/1212 1263/231/1216 1260/232/1213
f 1261/235/1214 1263/231/1216 1259/231/1212
f 1260/232/1213 1263/231/1216 1264/232/1217
f 1263/231/1216 1261/235/1214 1265/235/1218
f 1262/186/1215 1265/235/1218 1261/235/1214
f 1265/235/1218 1262/186/1215 1266/186/1219
f 1267/222/1220 1268/221/1221 1269/225/1222
f 1268/221/1221 1267/222/1220 1270/223/1223
f 1270/223/1223 1271/224/1224 1268/221/1221
f 1271/224/1224 1270/223/1223 1272/226/1225
f 1267/222/1220 1273/228/1226 1270/223/1223
f 1272/226/1225 1270/223/1223 1273/228/1226
f 1273/228/1226 1267/222/1220 1274/233/1227
f 1273/228/1226 1275/236/1228 1272/226/1225
f 1274/233/1227 1276/178/1229 1273/228/1226
f 1276/178/1229 1277/172/1230 1273/228/1226
f 1275/236/1228 1273/228/1226 1277/172/1230
f 1276/178/1229 1274/233/1227 1278/182/1231
f 1277/172/1230 1279/170/1232 1275/236/1228
f 1279/170/1232 1280/238/1233 1275/236/1228
f 1275/236/1228 1280/238/1233 1281/237/1234
f 1281/237/1234 1282/226/1235 1275/236/1228
f 1282/226/1235 1283/227/1236 1271/224/1237
f 1283/227/1236 1282/226/1235 1281/237/1234
f 1283/227/1236 1281/237/1234 1284/256/1238
f 1284/256/1238 1285/154/1239 1283/227/1236
f 1281/237/1234 1286/257/1240 1284/256/1238
f 1284/256/1238 1286/257/1240 1287/258/1238
f 1287/258/1238 1286/257/1240 1288/259/1241
f 1281/237/1234 1289/260/1242 1286/257/1240
f 1289/260/1242 1281/237/1234 1290/238/1243
f 1279/170/1244 1289/260/1242 1290/238/1243
f 1289/260/1242 1291/261/1245 1286/257/1240
f 1291/261/1245 1289/260/1242 1292/262/1246
f 1292/262/1246 1289/260/1242 1293/263/1246
f 1294/221/1247 1295/222/1248 1296/225/1249
f 1295/222/1248 1294/221/1247 1297/223/1250
f 1298/224/1251 1297/223/1250 1294/221/1247
f 1297/223/1250 1298/224/1251 1299/226/1252
f 1300/228/1253 1295/222/1248 1297/223/1250
f 1297/223/1250 1299/226/1252 1300/228/1253
f 1295/222/1248 1300/228/1253 1301/233/1254
f 1300/228/1253 1299/226/1252 1302/236/1255
f 1301/233/1254 1300/228/1253 1303/178/1256
f 1304/172/1257 1303/178/1256 1300/228/1253
f 1304/172/1257 1300/228/1253 1302/236/1255
f 1303/178/1256 1305/182/1258 1301/233/1254
f 1302/236/1255 1306/170/1259 1304/172/1257
f 1306/170/1259 1302/236/1255 1307/238/1260
f 1302/236/1255 1308/237/1261 1307/238/1260
f 1309/226/1262 1308/237/1261 1302/236/1255
f 1310/227/1263 1309/226/1262 1298/224/1251
f 1309/226/1262 1310/227/1263 1308/237/1261
f 1308/237/1261 1310/227/1263 1311/256/1264
f 1312/154/1265 1311/256/1264 1310/227/1263
f 1311/256/1264 1313/257/1266 1308/237/1261
f 1313/257/1266 1311/256/1264 1314/258/1264
f 1313/257/1266 1314/258/1264 1315/259/1267
f 1316/260/1268 1308/237/1261 1313/257/1266
f 1308/237/1261 1316/260/1268 1317/238/1260
f 1306/170/1259 1317/238/1260 1316/260/1268
f 1316/260/1268 1313/257/1266 1318/261/1269
f 1316/260/1268 1318/261/1269 1319/262/1270
f 1316/260/1268 1319/262/1270 1320/263/1270
f 229/115/182 1321/195/1271 228/114/181
f 228/114/181 1321/195/1271 230/116/183
f 1321/195/1271 229/115/182 1322/155/1272
f 1323/192/1273 225/111/178 230/116/183
f 1323/192/1273 230/116/183 1321/195/1271
f 225/111/178 1323/192/1273 1324/174/1274
f 1322/155/1272 1325/193/1275 1321/195/1271
f 1321/195/1271 1325/193/1275 1323/192/1273
f 1325/193/1275 1322/155/1272 1326/157/1276
f 1327/191/1277 1324/174/1274 1323/192/1273
f 1327/191/1277 1323/192/1273 1325/193/1275
f 1326/157/1276 1328/194/1278 1325/193/1275
f 1325/193/1275 1328/194/1278 1327/191/1277
f 1328/194/1278 1326/157/1276 1329/159/1279
f 1324/174/1274 1327/191/1277 1330/176/1280
f 1331/196/1281 1330/176/1280 1327/191/1277
f 1330/176/1280 1331/196/1281 1332/180/1282
f 1327/191/1277 1333/197/1283 1331/196/1281
f 1333/197/1283 1327/191/1277 1334/194/1284
f 1333/197/1283 1334/194/1284 1329/159/1285
f 1333/197/1283 1329/159/1285 1335/198/1286
f 1336/199/1287 1332/180/1288 1337/196/1281
f 1332/180/1288 1336/199/1287 1338/189/1289
f 1336/199/1287 1337/196/1281 1339/197/1290
f 1340/200/1291 1339/197/1290 1335/198/1286
f 1336/199/1287 1339/197/1290 1340/200/1291
f 1340/200/1291 1335/198/1286 1341/201/1292
f 1342/202/1293 1338/189/1289 1336/199/1287
f 1342/202/1293 1336/199/1287 1340/200/1291
f 1338/189/1289 1342/202/1293 1343/190/1294
f 1344/203/1295 1340/200/1291 1341/201/1292
f 1342/202/1293 1340/200/1291 1344/203/1295
f 1341/201/1292 1345/204/1296 1344/203/1295
f 1345/204/1296 1346/203/1297 1344/203/1295
f 1344/203/1295 1347/202/1298 1342/202/1293
f 1347/202/1298 1343/190/1294 1342/202/1293
f 1347/202/1298 1344/203/1295 1346/203/1297
f 1347/202/1298 1348/190/808 1343/190/1294
f 1349/202/1299 1348/190/808 1347/202/1298
f 1349/202/1299 1350/190/1300 1348/190/808
f 1349/202/1301 1346/203/1302 1351/203/1303
f 1351/203/1303 1352/202/1304 1349/202/1301
f 1353/204/1305 1354/203/1306 1351/203/1307
f 1354/203/1306 1353/204/1305 1355/204/1308
f 1354/203/1309 1356/202/1310 1352/202/1311
f 1356/202/1310 1357/190/1312 1358/190/1313
f 1359/202/1314 1357/190/1312 1356/202/1310
f 1360/203/1315 1359/202/1314 1356/202/1310
f 1361/244/1316 1362/232/1317 1363/244/1318
f 1361/244/1316 1363/244/1318 1364/232/1319
f 1365/230/1320 1364/232/1319 1363/244/1318
f 1363/244/1318 1366/245/1321 1365/230/1320
f 1366/245/1321 1367/225/1322 1365/230/1320
f 1366/245/1321 1368/246/1173 1367/225/1322
f 1368/246/1173 1369/221/1323 1367/225/1322
f 1368/246/1173 1370/247/1324 1369/221/1323
f 1371/248/1325 1369/221/1323 1370/247/1324
f 1369/221/1323 1371/248/1325 1372/224/1326
f 1373/249/1327 1372/224/1326 1371/248/1325
f 1372/224/1326 1373/249/1327 1374/227/1328
f 1373/249/1327 1375/154/1329 1374/227/1328
f 1376/250/1330 1375/154/1329 1373/249/1327
f 1375/154/1329 1376/250/1330 1377/93/1331
f 1378/264/1332 1377/93/1331 1376/250/1330
f 1377/93/1331 1378/264/1332 1379/49/1333
f 1378/264/1332 1380/151/1334 1379/49/1333
f 1378/264/1332 1381/151/1335 1382/252/1336
f 1380/151/1334 1382/252/1337 1383/46/1334
f 1384/246/1338 1385/221/1339 1386/247/1340
f 1385/221/1339 1387/248/1341 1386/247/1340
f 1385/221/1339 1384/246/1338 1388/225/1342
f 1387/248/1341 1385/221/1339 1389/224/1343
f 1390/245/1344 1388/225/1342 1384/246/1338
f 1389/224/1343 1391/249/1345 1387/248/1341
f 1388/225/1342 1390/245/1344 1392/230/1346
f 1391/249/1345 1389/224/1343 1393/227/1347
f 1394/244/1348 1392/230/1346 1390/245/1344
f 1392/230/1346 1394/244/1348 1395/232/1349
f 1396/154/1350 1391/249/1345 1393/227/1347
f 1391/249/1345 1396/154/1350 1397/250/1351
f 1397/250/1351 1396/154/1350 1398/93/1352
f 1398/93/1352 1399/264/1332 1397/250/1351
f 1399/264/1332 1398/93/1352 1400/49/1353
f 1399/264/1332 1400/49/1353 1401/151/1354
f 1402/151/1334 1399/264/1332 1403/252/1336
f 1404/46/1335 1403/252/1337 1401/151/1335
f 1405/244/1355 1406/232/1356 1395/232/1349
f 1407/244/1357 1406/232/1356 1405/244/1355
f 1408/232/1319 1409/232/1358 1405/244/1316
f 1410/244/1359 1411/232/1360 1407/244/1361
f 1412/244/1362 1410/244/1363 1413/232/1364
f 1413/232/1364 1414/232/1365 1412/244/1362
f 1414/232/1365 1415/232/1366 1416/244/1161
f 1416/244/1367 1417/232/1368 1412/244/1362
f 1418/265/1369 1419/201/1370 1420/204/1371
f 1419/201/1370 1418/265/1369 1421/266/1372
f 1421/266/1372 1422/198/1373 1419/201/1370
f 1421/266/1372 1418/265/1369 1423/266/1374
f 1418/265/1369 1424/265/1375 1423/266/1374
f 1423/266/1374 1425/255/1376 1421/266/1372
f 1422/198/1373 1421/266/1372 1425/255/1376
f 1425/255/1376 645/159/1377 1422/198/1373
f 645/159/1377 1425/255/1376 1426/160/1378
f 1426/160/1378 1425/255/1376 1427/160/606
f 1428/255/1379 1427/160/606 1425/255/1376
f 711/159/1380 1429/255/1381 1430/160/1382
f 1431/255/1383 1430/160/1382 1429/255/1381
f 1429/255/1381 711/159/1380 1432/198/1384
f 1431/255/1383 1433/266/1385 1434/266/1386
f 1432/198/1387 1433/266/1385 1435/255/1388
f 1433/266/1385 1436/265/1389 1434/266/1386
f 1433/266/1385 1432/198/1387 1437/201/1390
f 1436/265/1389 1433/266/1385 1438/265/1391
f 1437/201/1390 1438/265/1391 1433/266/1385
f 1438/265/1391 1437/201/1390 1439/204/1392
f 1440/159/1393 1441/158/1394 1442/160/1395
f 1441/158/1394 1443/160/1396 1442/160/1395
f 1443/160/1396 1441/158/1394 1444/158/1397
f 1441/158/1394 1440/159/1393 642/157/1398
f 1445/255/1399 1440/159/1400 1446/160/1401
f 1447/160/1382 1445/255/1399 1446/160/1401
f 1440/159/1400 1445/255/1399 1448/198/1402
f 1449/266/1403 1445/255/1383 1450/255/1404
f 1451/266/1405 1448/198/1402 1445/255/1399
f 1448/198/1402 1451/266/1405 1452/201/1406
f 1453/265/1389 1452/201/1406 1451/266/1405
f 1452/201/1406 1453/265/1389 1454/204/1407
f 1454/204/1407 1453/265/1389 1455/265/1302
f 1455/265/1302 1456/204/1166 1454/204/1407
f 1455/265/1302 1453/265/1389 1457/265/1408
f 1453/265/1389 1458/265/1409 1457/265/1408
f 1459/204/1410 1457/265/1408 1458/265/1409
f 1457/265/1408 1459/204/1410 1460/204/1356
f 1460/204/1356 1461/265/1411 1457/265/1408
f 1455/265/1302 1457/265/1408 1461/265/1411
f 1461/265/1411 1460/204/1356 1462/204/1412
f 1456/204/1166 1455/265/1302 1463/265/1413
f 1463/265/1413 1455/265/1302 1461/265/1411
f 1464/204/1414 1456/204/1166 1463/265/1413
f 1462/204/1412 1465/265/1415 1461/265/1411
f 1461/265/1411 1465/265/1415 1463/265/1413
f 1465/265/1415 1462/204/1412 1466/204/1416
f 1464/204/1414 1463/265/1413 1467/265/1417
f 1467/265/1417 1463/265/1413 1465/265/1415
f 1468/204/1418 1464/204/1414 1467/265/1417
f 1466/204/1416 1469/265/1419 1465/265/1415
f 1467/265/1417 1465/265/1415 1469/265/1419
f 1469/265/1419 1466/204/1416 1470/204/1420
f 1468/204/1418 1467/265/1417 1471/265/1421
f 1471/265/1421 1467/265/1417 1469/265/1419
f 1472/204/1422 1468/204/1418 1471/265/1421
f 1470/204/1420 1473/265/1423 1469/265/1419
f 1469/265/1419 1473/265/1423 1471/265/1421
f 1473/265/1423 1470/204/1420 1474/204/1424
f 1475/265/1425 1471/265/1421 1473/265/1423
f 1471/265/1421 1475/265/1425 1472/204/1422
f 1476/204/1426 1472/204/1422 1475/265/1425
f 720/176/1427 1477/196/1428 1478/191/1429
f 1477/196/1428 720/176/1427 1479/180/1430
f 1480/197/1431 1478/191/1429 1477/196/1428
f 1478/191/1429 1480/197/1431 1481/194/1432
f 1481/194/1432 1480/197/1431 725/159/1433
f 1482/198/1434 725/159/1433 1480/197/1431
f 1480/197/1431 1483/200/1435 1482/198/1434
f 1484/201/1436 1482/198/1434 1483/200/1435
f 1480/197/1431 1485/199/1437 1483/200/1435
f 1485/199/1437 1480/197/1431 1486/196/1428
f 1479/180/1438 1485/199/1437 1486/196/1428
f 1485/199/1437 1479/180/1438 1487/189/1439
f 1487/189/1439 1488/202/1440 1485/199/1437
f 1488/202/1440 1483/200/1435 1485/199/1437
f 1488/202/1440 1487/189/1439 1489/190/1441
f 1483/200/1435 1490/203/1442 1484/201/1436
f 1483/200/1435 1488/202/1440 1490/203/1442
f 1491/204/1443 1484/201/1436 1490/203/1442
f 1489/190/1441 1492/202/1444 1488/202/1440
f 1488/202/1440 1492/202/1444 1490/203/1442
f 1492/202/1444 1489/190/1441 1493/190/1445
f 1490/203/1442 1492/202/1444 1494/203/1446
f 1493/190/1445 1495/202/1447 1492/202/1444
f 1494/203/1448 1495/202/1449 1496/203/1450
f 1497/190/1451 1498/202/1452 1495/202/1447
f 1498/202/1452 1497/190/1451 1499/190/1453
f 1496/203/1454 1498/202/1452 1500/203/1455
f 1498/202/1452 1501/202/1456 1500/203/1455
f 1502/190/1457 1503/202/1458 1501/202/1459
f 1503/202/1458 1502/190/1457 1504/190/1460
f 1505/231/1461 1506/230/1462 1507/232/1463
f 1506/230/1462 1505/231/1461 1508/229/1464
f 1508/229/1464 1269/225/1222 1506/230/1462
f 1269/225/1222 1508/229/1464 1509/222/1465
f 1508/229/1464 1274/233/1227 1509/222/1465
f 1505/231/1461 1510/234/1466 1508/229/1464
f 1274/233/1227 1508/229/1464 1510/234/1466
f 1274/233/1227 1510/234/1466 1278/182/1231
f 1510/234/1466 1505/231/1461 1511/235/1467
f 1278/182/1231 1510/234/1466 1512/184/1468
f 1510/234/1466 1511/235/1467 1512/184/1468
f 1512/184/1468 1511/235/1467 1513/186/1469
f 1514/267/1470 1515/268/1471 1516/269/1472
f 1515/268/1471 1514/267/1470 1517/270/1473
f 1516/269/1472 1518/267/1474 1514/267/1470
f 1518/267/1474 1516/269/1472 1519/269/1475
f 1520/271/1476 1517/270/1473 1514/267/1470
f 1517/270/1473 1520/271/1476 1521/272/1477
f 1520/271/1476 1522/273/1478 1521/272/1477
f 1514/267/1470 1523/271/1479 1520/271/1476
f 1523/271/1479 1514/267/1470 1518/267/1474
f 1522/273/1478 1520/271/1476 1524/274/1480
f 1524/274/1480 1520/271/1476 1523/271/1479
f 1524/274/1480 1525/251/1481 1522/273/1478
f 1519/269/1475 1526/267/1482 1518/267/1474
f 1526/267/1482 1519/269/1475 1527/269/1483
f 1526/267/1482 1527/269/1483 1528/269/1484
f 1529/271/1485 1518/267/1474 1526/267/1482
f 1518/267/1474 1529/271/1485 1523/271/1479
f 1530/267/1486 1526/267/1482 1528/269/1484
f 1530/267/1486 1528/269/1484 1531/269/1487
f 1532/271/1488 1526/267/1482 1530/267/1486
f 1526/267/1482 1532/271/1488 1529/271/1485
f 1533/267/1489 1530/267/1486 1531/269/1487
f 1532/271/1488 1530/267/1486 1533/267/1489
f 1531/269/1487 1534/267/1490 1533/267/1489
f 1534/267/1490 1531/269/1487 1535/269/832
f 1536/271/829 1533/267/1489 1534/267/1490
f 1533/267/1489 1536/271/829 1537/271/1491
f 1537/271/1491 1532/271/1488 1533/267/1489
f 1538/274/1492 1537/271/1491 1536/271/829
f 1538/274/1492 1532/271/1488 1537/271/1491
f 1536/271/829 1539/274/826 1538/274/1492
f 1532/271/1488 1538/274/1492 1540/274/1493
f 1540/274/1493 1529/271/1485 1532/271/1488
f 1541/275/1494 1538/274/1492 1539/274/826
f 1541/275/1494 1540/274/1493 1538/274/1492
f 1539/274/826 1542/275/1495 1541/275/1494
f 1543/276/1496 1541/275/1494 1542/275/1495
f 1529/271/1485 1540/274/1493 1544/274/1497
f 1544/274/1497 1523/271/1479 1529/271/1485
f 1540/274/1493 1541/275/1494 1545/275/1498
f 1545/275/1498 1544/274/1497 1540/274/1493
f 1541/275/1494 1543/276/1496 1546/276/1499
f 1547/277/1500 1546/276/1499 1543/276/1496
f 1541/275/1494 1548/276/1501 1545/275/1498
f 1546/276/1499 1548/276/1501 1541/275/1494
f 1546/276/1499 1547/277/1500 1549/277/1502
f 1546/276/1499 1550/277/1503 1548/276/1501
f 1549/277/1502 1550/277/1503 1546/276/1499
f 1551/278/1504 1549/277/1502 1547/277/1500
f 1551/278/1504 1550/277/1503 1549/277/1502
f 1547/277/1500 1552/278/1505 1551/278/1504
f 1553/279/1506 1551/278/1504 1552/278/1505
f 1552/278/1505 1554/279/840 1553/279/1506
f 1555/280/1507 1553/279/1506 1554/279/840
f 1553/279/1506 1556/278/1508 1551/278/1504
f 1550/277/1503 1551/278/1504 1556/278/1508
f 1553/279/1506 1555/280/1507 1557/280/1509
f 1558/281/1510 1557/280/1509 1555/280/1507
f 1556/278/1508 1553/279/1506 1559/279/1511
f 1557/280/1509 1559/279/1511 1553/279/1506
f 1560/278/1512 1550/277/1503 1556/278/1508
f 1559/279/1511 1560/278/1512 1556/278/1508
f 1559/279/1511 1557/280/1509 1561/280/1513
f 1557/280/1509 1558/281/1510 1562/281/1514
f 1562/281/1514 1561/280/1513 1557/280/1509
f 1563/282/1515 1562/281/1514 1558/281/1510
f 1558/281/1510 1564/282/1516 1563/282/1515
f 1561/280/1513 1562/281/1514 1565/281/1517
f 1561/280/1513 1566/279/1518 1559/279/1511
f 1560/278/1512 1559/279/1511 1566/279/1518
f 1567/283/1519 1563/282/1515 1564/282/1516
f 1564/282/1516 1568/283/834 1567/283/1519
f 1569/284/828 1567/283/1519 1568/283/834
f 1566/279/1518 1561/280/1513 1570/280/1520
f 1565/281/1517 1570/280/1520 1561/280/1513
f 1567/283/1519 1569/284/828 1571/284/1521
f 1572/285/1522 1571/284/1521 1569/284/828
f 1567/283/1519 1573/283/1523 1563/282/1515
f 1571/284/1521 1573/283/1523 1567/283/1519
f 1563/282/1515 1574/282/1524 1562/281/1514
f 1563/282/1515 1573/283/1523 1574/282/1524
f 1574/282/1524 1565/281/1517 1562/281/1514
f 1573/283/1523 1571/284/1521 1575/284/1525
f 1573/283/1523 1576/283/1526 1574/282/1524
f 1575/284/1525 1576/283/1526 1573/283/1523
f 1574/282/1524 1577/282/1527 1565/281/1517
f 1574/282/1524 1576/283/1526 1577/282/1527
f 1577/282/1527 1578/281/1528 1565/281/1517
f 1570/280/1520 1565/281/1517 1578/281/1528
f 1579/285/1529 1575/284/1525 1571/284/1521
f 1571/284/1521 1572/285/1522 1579/285/1529
f 1580/281/1530 1570/280/1520 1578/281/1528
f 1577/282/1527 1581/282/1531 1578/281/1528
f 1581/282/1531 1580/281/1530 1578/281/1528
f 1577/282/1527 1582/283/1532 1581/282/1531
f 1576/283/1526 1582/283/1532 1577/282/1527
f 1576/283/1526 1575/284/1525 1583/284/1533
f 1583/284/1533 1582/283/1532 1576/283/1526
f 1584/285/1534 1583/284/1533 1575/284/1525
f 1575/284/1525 1579/285/1529 1584/285/1534
f 1582/283/1532 1583/284/1533 1585/284/1535
f 1582/283/1532 1586/283/1536 1581/282/1531
f 1585/284/1535 1586/283/1536 1582/283/1532
f 1587/285/1537 1585/284/1535 1583/284/1533
f 1583/284/1533 1584/285/1534 1587/285/1537
f 1585/284/1535 1587/285/1537 1588/285/1538
f 1587/285/1537 1584/285/1534 1589/286/1539
f 1589/286/1539 1588/285/1538 1587/285/1537
f 1590/286/1540 1589/286/1539 1584/285/1534
f 1584/285/1534 1579/285/1529 1590/286/1540
f 1591/287/1541 1589/286/1539 1590/286/1540
f 1592/287/1542 1591/287/1541 1590/286/1540
f 1591/287/1541 1593/286/1543 1589/286/1539
f 1588/285/1538 1589/286/1539 1593/286/1543
f 1593/286/1543 1591/287/1541 1594/287/1544
f 1594/287/1544 1595/286/1545 1593/286/1543
f 1593/286/1543 1595/286/1545 1588/285/1538
f 1595/286/1545 1594/287/1544 1596/287/1546
f 1597/288/1547 1595/286/1545 1596/287/1546
f 1595/286/1545 1597/288/1547 1598/289/1548
f 1592/287/1542 1590/286/1540 1599/286/1549
f 1599/286/1549 1590/286/1540 1579/285/1529
f 1599/286/1549 1579/285/1529 1572/285/1522
f 1600/287/1550 1592/287/1542 1599/286/1549
f 1572/285/1522 1601/286/833 1599/286/1549
f 1601/286/833 1600/287/1550 1599/286/1549
f 1601/286/833 1602/287/1551 1600/287/1550
f 1598/289/1548 1603/285/1552 1595/286/1545
f 1595/286/1545 1603/285/1552 1588/285/1538
f 1603/285/1552 1598/289/1548 1604/290/1553
f 1605/291/1554 1603/285/1552 1604/290/1553
f 1606/284/1555 1588/285/1538 1603/285/1552
f 1603/285/1552 1605/291/1554 1606/284/1555
f 1588/285/1538 1606/284/1555 1585/284/1535
f 1607/292/1556 1606/284/1555 1605/291/1554
f 1586/283/1536 1585/284/1535 1606/284/1555
f 1606/284/1555 1607/292/1556 1586/283/1536
f 1607/292/1556 1608/282/1557 1586/283/1536
f 1581/282/1531 1586/283/1536 1608/282/1557
f 1608/282/1557 1607/292/1556 1609/293/1558
f 1581/282/1531 1608/282/1557 1580/281/1530
f 1609/293/1558 1610/281/1559 1608/282/1557
f 1608/282/1557 1610/281/1559 1580/281/1530
f 1610/281/1559 1609/293/1558 1611/294/1560
f 1612/295/1561 1610/281/1559 1611/294/1560
f 1610/281/1559 1612/295/1561 1613/280/1562
f 1613/280/1562 1580/281/1530 1610/281/1559
f 1614/296/1563 1613/280/1562 1612/295/1561
f 1580/281/1530 1613/280/1562 1615/280/1564
f 1570/280/1520 1580/281/1530 1615/280/1564
f 1615/280/1564 1566/279/1518 1570/280/1520
f 1566/279/1518 1615/280/1564 1616/279/1565
f 1613/280/1562 1616/279/1565 1615/280/1564
f 1616/279/1565 1560/278/1512 1566/279/1518
f 1613/280/1562 1614/296/1563 1617/279/1566
f 1616/279/1565 1613/280/1562 1617/279/1566
f 1614/296/1563 1618/278/1567 1617/279/1566
f 1619/278/1568 1616/279/1565 1617/279/1566
f 1560/278/1512 1616/279/1565 1619/278/1568
f 1619/278/1568 1617/279/1566 1618/278/1567
f 1618/278/1567 1614/296/1563 1620/297/1569
f 1560/278/1512 1619/278/1568 1621/277/1570
f 1550/277/1503 1560/278/1512 1621/277/1570
f 1550/277/1503 1621/277/1570 1548/276/1501
f 1621/277/1570 1619/278/1568 1622/277/1571
f 1619/278/1568 1618/278/1567 1622/277/1571
f 1548/276/1501 1621/277/1570 1623/276/1572
f 1622/277/1571 1623/276/1572 1621/277/1570
f 1548/276/1501 1623/276/1572 1545/275/1498
f 1620/297/1569 1624/277/1573 1618/278/1567
f 1618/278/1567 1624/277/1573 1622/277/1571
f 1624/277/1573 1620/297/1569 1625/298/1574
f 1626/299/1575 1624/277/1573 1625/298/1574
f 1624/277/1573 1626/299/1575 1627/276/1576
f 1627/276/1576 1622/277/1571 1624/277/1573
f 1525/251/1481 1627/276/1576 1626/299/1575
f 1623/276/1572 1622/277/1571 1628/276/1577
f 1622/277/1571 1627/276/1576 1628/276/1577
f 1627/276/1576 1525/251/1481 1629/275/1578
f 1629/275/1578 1628/276/1577 1627/276/1576
f 1525/251/1481 1524/274/1480 1629/275/1578
f 1628/276/1577 1629/275/1578 1630/275/1579
f 1631/275/1580 1623/276/1572 1628/276/1577
f 1631/275/1580 1628/276/1577 1630/275/1579
f 1545/275/1498 1623/276/1572 1631/275/1580
f 1544/274/1497 1545/275/1498 1631/275/1580
f 1632/274/1581 1629/275/1578 1524/274/1480
f 1632/274/1581 1630/275/1579 1629/275/1578
f 1632/274/1581 1631/275/1580 1630/275/1579
f 1631/275/1580 1632/274/1581 1544/274/1497
f 1632/274/1581 1524/274/1480 1523/271/1479
f 1523/271/1479 1544/274/1497 1632/274/1581
f 1633/188/1582 1634/190/1583 1635/188/1584
f 1636/145/1585 1637/147/1586 1638/145/1587
f 1637/147/1586 1636/145/1585 1639/147/1585
f 1640/230/1588 1641/231/1589 1642/232/1590
f 1641/231/1589 1640/230/1588 1643/229/1591
f 1296/225/1249 1643/229/1591 1640/230/1588
f 1643/229/1591 1296/225/1249 1644/222/1592
f 1301/233/1254 1643/229/1591 1644/222/1592
f 1643/229/1591 1301/233/1254 1645/234/1593
f 1645/234/1593 1641/231/1589 1643/229/1591
f 1645/234/1593 1301/233/1254 1305/182/1258
f 1305/182/1258 1646/184/1594 1645/234/1593
f 1647/235/1595 1645/234/1593 1646/184/1594
f 1641/231/1589 1645/234/1593 1647/235/1595
f 1646/184/1594 1648/186/1596 1647/235/1595
f 1649/231/1597 1642/232/1590 1641/231/1589
f 1649/231/1597 1641/231/1589 1647/235/1595
f 1642/232/1590 1649/231/1597 1650/232/1598
f 1651/235/1599 1647/235/1595 1648/186/1596
f 1649/231/1597 1647/235/1595 1651/235/1599
f 1648/186/1596 1652/186/1600 1651/235/1599
f 1653/231/1601 1650/232/1598 1649/231/1597
f 1653/231/1601 1649/231/1597 1651/235/1599
f 1650/232/1598 1653/231/1601 1654/232/1602
f 1655/235/1603 1651/235/1599 1652/186/1600
f 1653/231/1601 1651/235/1599 1655/235/1603
f 1652/186/1600 1656/186/1604 1655/235/1603
f 1657/231/1605 1654/232/1602 1653/231/1601
f 1657/231/1605 1653/231/1601 1655/235/1603
f 1654/232/1602 1657/231/1605 1658/232/1606
f 1659/235/1607 1655/235/1603 1656/186/1604
f 1657/231/1605 1655/235/1603 1659/235/1607
f 1656/186/1604 1660/186/1608 1659/235/1607
f 1661/231/1609 1658/232/1606 1657/231/1605
f 1661/231/1609 1657/231/1605 1659/235/1607
f 1658/232/1606 1661/231/1609 1662/232/1610
f 1663/235/1611 1659/235/1607 1660/186/1608
f 1661/231/1609 1659/235/1607 1663/235/1611
f 1660/186/1608 1664/186/1612 1663/235/1611
f 1665/231/1613 1662/232/1610 1661/231/1609
f 1665/231/1613 1661/231/1609 1663/235/1611
f 1662/232/1610 1665/231/1613 1666/232/1614
f 1665/231/1613 1663/235/1611 1667/235/1615
f 1667/235/1615 1663/235/1611 1664/186/1612
f 1664/186/1612 1668/186/1616 1667/235/1615
f 1669/145/1617 1670/145/1617 1671/147/1617
f 1669/145/1617 1671/147/1617 1672/147/1617
f 918/184/875 1673/185/1618 1674/186/1619
f 1673/185/1618 918/184/875 917/183/874
f 1675/185/1597 1674/186/1619 1673/185/1618
f 1674/186/1619 1675/185/1597 1676/186/1620
f 1677/187/1621 1673/185/1618 917/183/874
f 917/183/874 919/179/876 1677/187/1621
f 1677/187/1621 919/179/876 929/180/1622
f 929/180/1622 1678/189/1623 1677/187/1621
f 1673/185/1618 1677/187/1621 1679/188/1624
f 1677/187/1621 1678/189/1623 1679/188/1624
f 1673/185/1618 1679/188/1624 1675/185/1597
f 1678/189/1623 1680/190/1583 1679/188/1624
f 1679/188/1624 1681/188/1625 1675/185/1597
f 1680/190/1583 1682/190/1626 1681/188/1625
f 1683/188/1627 1681/188/1625 1682/190/1626
f 1684/185/1628 1675/185/1597 1681/188/1625
f 1681/188/1625 1683/188/1627 1684/185/1628
f 1684/185/1628 1676/186/1620 1675/185/1597
f 1676/186/1620 1684/185/1628 1685/186/1629
f 1686/185/1630 1685/186/1629 1684/185/1628
f 1686/185/1630 1684/185/1628 1683/188/1627
f 1685/186/1629 1686/185/1630 1687/186/1631
f 1683/188/1627 1688/188/1632 1686/185/1630
f 1688/188/1632 1683/188/1627 1689/190/1633
f 1689/190/1633 1690/190/1634 1688/188/1632
f 1691/185/1635 1686/185/1630 1688/188/1632
f 1691/185/1635 1687/186/1631 1686/185/1630
f 1688/188/1632 1692/188/1636 1691/185/1635
f 1687/186/1631 1691/185/1635 1693/186/1637
f 1694/185/1638 1691/185/1635 1692/188/1636
f 1694/185/1638 1693/186/1637 1691/185/1635
f 1692/188/1636 1695/188/1639 1694/185/1638
f 1693/186/1637 1694/185/1638 1696/186/1640
f 1697/265/1375 1698/201/1641 1699/266/1374
f 1007/198/1642 1699/266/1374 1698/201/1641
f 1699/266/1374 1007/198/1642 1700/255/1643
f 1701/255/1644 1699/266/1374 1700/255/1643
f 1698/201/1641 1697/265/1375 1702/204/1645
f 1703/265/1054 1702/204/1645 1697/265/1375
f 1702/204/1645 1703/265/1054 1704/204/1646
f 1705/265/1647 1703/265/1054 1697/265/1375
f 1706/265/1648 1704/204/1646 1703/265/1054
f 1703/265/1054 1705/265/1647 1707/265/1055
f 1707/265/1055 1706/265/1648 1703/265/1054
f 1708/204/1649 1707/265/1055 1705/265/1647
f 1704/204/1646 1706/265/1648 1709/204/1650
f 1707/265/1055 1708/204/1649 1710/204/917
f 1710/204/917 1711/265/1651 1707/265/1055
f 1706/265/1648 1707/265/1055 1711/265/1651
f 1711/265/1651 1710/204/917 1712/204/1652
f 1713/265/1653 1709/204/1650 1706/265/1648
f 1711/265/1651 1713/265/1653 1706/265/1648
f 1709/204/1650 1713/265/1653 1714/204/1654
f 1712/204/1652 1715/265/1655 1711/265/1651
f 1713/265/1653 1711/265/1651 1715/265/1655
f 1715/265/1655 1712/204/1652 1716/204/1656
f 1717/265/1657 1714/204/1654 1713/265/1653
f 1715/265/1655 1717/265/1657 1713/265/1653
f 1714/204/1654 1717/265/1657 1718/204/1658
f 1716/204/1656 1719/265/1659 1715/265/1655
f 1717/265/1657 1715/265/1655 1719/265/1659
f 1719/265/1659 1716/204/1656 1720/204/1660
f 1721/265/1661 1718/204/1658 1717/265/1657
f 1719/265/1659 1721/265/1661 1717/265/1657
f 1718/204/1658 1721/265/1661 1722/204/1662
f 1721/265/1661 1719/265/1659 1723/265/1663
f 1720/204/1660 1723/265/1663 1719/265/1659
f 1723/265/1663 1720/204/1660 1724/204/1664
f 1725/190/1665 1726/190/1666 1727/188/1667
f 1728/231/1668 1729/235/1669 1730/231/1670
f 1731/232/1463 1728/231/1668 1730/231/1670
f 1728/231/1668 1731/232/1463 1732/232/1671
f 1729/235/1669 1728/231/1668 1733/235/1672
f 1729/235/1669 1733/235/1672 1734/186/1673
f 1734/186/1673 1733/235/1672 1735/186/1674
f 1732/232/1671 1736/231/1675 1728/231/1668
f 1736/231/1675 1733/235/1672 1728/231/1668
f 1736/231/1675 1732/232/1671 1737/232/1676
f 1733/235/1672 1738/235/1677 1735/186/1674
f 1733/235/1672 1736/231/1675 1738/235/1677
f 1735/186/1674 1738/235/1677 1739/186/1678
f 1737/232/1676 1740/231/1679 1736/231/1675
f 1740/231/1679 1738/235/1677 1736/231/1675
f 1740/231/1679 1737/232/1676 1741/232/1680
f 1738/235/1677 1742/235/1681 1739/186/1678
f 1738/235/1677 1740/231/1679 1742/235/1681
f 1739/186/1678 1742/235/1681 1743/186/1682
f 1741/232/1680 1744/231/1683 1740/231/1679
f 1744/231/1683 1742/235/1681 1740/231/1679
f 1744/231/1683 1741/232/1680 1745/232/1684
f 1742/235/1681 1746/235/1685 1743/186/1682
f 1742/235/1681 1744/231/1683 1746/235/1685
f 1743/186/1682 1746/235/1685 1747/186/1686
f 1745/232/1684 1748/231/1687 1744/231/1683
f 1748/231/1687 1746/235/1685 1744/231/1683
f 1748/231/1687 1745/232/1684 1749/232/1688
f 1746/235/1685 1748/231/1687 1750/235/1689
f 1746/235/1685 1750/235/1689 1747/186/1686
f 1747/186/1686 1750/235/1689 1751/186/1690
f 1752/202/1057 1753/203/1052 1754/202/1691
f 1754/202/1691 1755/190/1074 1752/202/1057
f 1755/190/1074 1754/202/1691 1756/190/1599
f 1753/203/1052 1757/203/1054 1754/202/1691
f 1754/202/1691 1757/203/1054 1758/202/1692
f 1756/190/1072 1758/202/1070 1759/190/1693
f 1757/203/1054 1760/203/1056 1758/202/1692
f 1758/202/1692 1760/203/1056 1761/202/1061
f 1761/202/1061 1762/203/1694 1763/202/1695
f 1763/202/1695 1764/190/1068 1761/202/1061
f 1764/190/1068 1763/202/1695 1765/190/1696
f 1766/202/1697 1765/190/1696 1763/202/1695
f 1765/190/1696 1766/202/1697 1767/190/1698
f 1766/202/1697 1763/202/1695 1768/203/1699
f 1768/203/1699 1769/203/1700 1766/202/1697
f 1770/204/1701 1771/203/1055 1772/204/1054
f 1773/203/1702 1772/204/1054 1771/203/1055
f 1772/204/1054 1773/203/1702 1774/204/1703
f 1771/203/1055 1775/202/1704 1773/203/1702
f 1775/202/1704 1771/203/1055 1776/202/1705
f 1777/202/1706 1773/203/1702 1775/202/1704
f 1777/202/1706 1775/202/1704 1778/190/1707
f 1777/202/1706 1778/190/1707 1779/190/1708
f 1773/203/1702 1777/202/1706 1780/203/1709
f 1776/202/1710 1781/203/736 1782/202/1711
f 1776/202/735 1783/190/734 1784/190/739
f 1780/203/1712 1785/202/1713 1786/203/1714
f 1786/203/1714 1787/204/1715 1780/203/1712
f 1787/204/1715 1786/203/1714 1788/204/1716
f 1789/203/1717 1788/204/1716 1786/203/1714
f 1788/204/1716 1789/203/1717 1790/204/1718
f 1791/185/1445 1792/188/1719 1793/185/1720
f 1794/186/1086 1791/185/1445 1793/185/1720
f 1791/185/1445 1794/186/1086 1795/186/1721
f 1792/188/1719 1791/185/1445 1796/188/1722
f 1792/188/1719 1796/188/1722 1797/190/1093
f 1795/186/1721 1798/185/1723 1791/185/1445
f 1798/185/1723 1796/188/1722 1791/185/1445
f 1798/185/1723 1795/186/1721 1799/186/1724
f 1796/188/1722 1798/185/1723 1800/188/1725
f 1799/186/1724 1801/185/1726 1798/185/1723
f 1801/185/1726 1800/188/1725 1798/185/1723
f 1801/185/1726 1799/186/1724 1802/186/1727
f 1803/190/1728 1804/190/1729 1800/188/1725
f 1800/188/1725 1805/188/1730 1803/190/1728
f 1800/188/1725 1801/185/1726 1805/188/1730
f 1802/186/1727 1806/185/1731 1801/185/1726
f 1806/185/1731 1805/188/1730 1801/185/1726
f 1806/185/1731 1802/186/1727 1807/186/1732
f 1807/186/1732 1808/185/1733 1806/185/1731
f 1808/185/1733 1807/186/1732 1809/186/1734
f 1805/188/1730 1806/185/1731 1810/188/1735
f 1808/185/1733 1810/188/1735 1806/185/1731
f 1805/188/1730 1810/188/1735 1811/190/1736
f 1810/188/1735 1808/185/1733 1812/188/1737
f 1813/190/1738 1811/190/1736 1810/188/1735
f 1810/188/1735 1812/188/1737 1813/190/1738
f 1814/190/1739 1813/190/1738 1812/188/1737
f 1815/232/1356 1816/244/1357 1817/232/1740
f 1816/244/1741 1361/244/1742 1818/232/1646
f 1818/232/1646 1819/232/1743 1816/244/1741
f 1820/244/1363 1816/244/1741 1819/232/1743
f 1819/232/1743 1821/232/1744 1820/244/1363
f 1822/232/1745 1817/232/1360 1820/244/1359
f 1823/244/1746 1822/232/1745 1820/244/1359
f 1822/232/1745 1823/244/1746 1824/232/1747
f 1825/244/1748 1823/244/1362 1826/232/1749
f 1827/232/1750 1824/232/1368 1825/244/1367
f 1828/232/1202 1829/231/1751 1830/232/1752
f 1831/231/1753 1830/232/1752 1829/231/1751
f 1829/231/1751 1832/235/1754 1831/231/1753
f 1829/231/1751 1828/232/1202 1833/231/1755
f 1832/235/1754 1829/231/1751 1834/235/741
f 1833/231/1755 1834/235/741 1829/231/1751
f 1834/235/741 1835/186/858 1832/235/1754
f 1828/232/1202 1836/232/1756 1833/231/1755
f 1835/186/858 1834/235/741 1837/186/1757
f 1838/235/1758 1837/186/1757 1834/235/741
f 1834/235/741 1833/231/1755 1838/235/1758
f 1837/186/1757 1838/235/1758 1839/186/1759
f 1833/231/1755 1836/232/1756 1840/231/1760
f 1840/231/1760 1838/235/1758 1833/231/1755
f 1836/232/1756 1841/232/1761 1840/231/1760
f 1842/235/1762 1839/186/1759 1838/235/1758
f 1838/235/1758 1840/231/1760 1842/235/1762
f 1839/186/1759 1842/235/1762 1843/186/1763
f 1840/231/1760 1841/232/1761 1844/231/1764
f 1844/231/1764 1842/235/1762 1840/231/1760
f 1841/232/1761 1845/232/1765 1844/231/1764
f 1846/235/1766 1843/186/1763 1842/235/1762
f 1842/235/1762 1844/231/1764 1846/235/1766
f 1843/186/1763 1846/235/1766 1847/186/1767
f 1848/231/1768 1844/231/1764 1845/232/1765
f 1848/231/1768 1846/235/1766 1844/231/1764
f 1845/232/1765 1849/232/1769 1848/231/1768
f 1846/235/1766 1848/231/1768 1850/235/1770
f 1850/235/1770 1847/186/1767 1846/235/1766
f 1847/186/1767 1850/235/1770 1851/186/1771
f 1852/188/1772 1853/185/1751 1854/188/1773
f 1853/185/1751 1852/188/1772 1855/185/1774
f 1855/185/1774 1856/186/1775 1853/185/1751
f 1856/186/1775 1857/186/1776 1853/185/1751
f 1858/185/1777 1853/185/1751 1857/186/1776
f 1858/185/1777 1854/188/1773 1853/185/1751
f 1857/186/1776 1859/186/1778 1858/185/1777
f 1854/188/1773 1858/185/1777 1860/188/1779
f 1860/188/1779 1861/190/1780 1854/188/1773
f 1861/190/1780 1860/188/1779 1862/190/1781
f 1863/185/1782 1860/188/1779 1858/185/1777
f 1863/185/1782 1858/185/1777 1859/186/1778
f 1860/188/1779 1863/185/1782 1864/188/1783
f 1859/186/1778 1865/186/1784 1863/185/1782
f 1866/185/1785 1864/188/1783 1863/185/1782
f 1866/185/1785 1863/185/1782 1865/186/1784
f 1865/186/1784 1867/186/1786 1866/185/1785
f 1864/188/1783 1866/185/1785 1868/188/1787
f 1869/185/1788 1866/185/1785 1867/186/1786
f 1869/185/1788 1868/188/1787 1866/185/1785
f 1867/186/1786 1870/186/1789 1869/185/1788
f 1868/188/1787 1869/185/1788 1871/188/1790
f 1871/188/1790 1872/190/1791 1868/188/1787
f 1872/190/1791 1871/188/1790 1873/190/1792
f 1874/190/1793 1868/188/1787 1872/190/1791
f 1875/204/1794 1876/204/1795 1877/203/1408
f 1876/204/1795 1878/203/1796 1877/203/1408
f 1877/203/1408 1879/203/1797 1875/204/1794
f 1880/204/1798 1875/204/1794 1879/203/1797
f 1881/202/1799 1882/202/1449 1877/203/1448
f 1882/202/1447 1883/202/1452 1879/203/1797
f 1879/203/1797 1884/203/1800 1880/204/1798
f 1882/202/1447 1885/190/1801 1886/190/1802
f 1887/204/1803 1880/204/1798 1884/203/1800
f 1884/203/1800 1888/203/1804 1887/204/1803
f 1889/204/1805 1887/204/1803 1888/203/1804
f 1884/203/1800 1890/202/1456 1888/203/1804
f 1891/190/1806 1890/202/1459 1883/202/1807
f 1890/202/1459 1891/190/1806 1892/190/1808
f 1890/202/1456 1893/202/1809 1888/203/1804
f 1888/203/1804 1893/202/1809 1894/203/1810
f 1888/203/1804 1894/203/1810 1889/204/1805
f 1895/204/1811 1889/204/1805 1894/203/1810
f 1896/203/1297 1897/204/1296 1898/204/1092
f 1898/204/1092 1899/203/1812 1896/203/1297
f 1899/203/1812 1898/204/1092 1900/204/1813
f 1896/203/1302 1901/202/1301 1902/202/1166
f 1903/202/1814 1904/190/1815 1901/202/1816
f 1904/190/1815 1903/202/1814 1905/190/1313
f 1906/202/1310 1905/190/1313 1903/202/1814
f 1903/202/1817 1899/203/1812 1907/203/1309
f 1906/202/1310 1907/203/1306 1908/203/1818
f 1909/204/1819 1908/203/1818 1907/203/1306
f 1908/203/1818 1909/204/1819 1910/204/1820
f 1910/204/1820 1911/203/1821 1908/203/1818
f 1912/202/1822 1908/203/1818 1911/203/1821
f 1913/190/1823 1914/190/1824 1912/202/1314
f 1915/190/1736 1916/190/1728 1917/188/1825
f 1918/188/1826 1919/190/1794 1920/190/818
f 1919/190/1794 1918/188/1826 1921/188/1827
f 1922/188/1828 1920/190/818 1923/190/822
f 1924/188/1829 1923/190/822 1925/190/1830
f 1925/190/1830 1926/188/1831 1924/188/1829
f 1926/188/1831 1925/190/1830 1927/190/1832
f 1928/46/1833 1929/252/1834 1930/252/1834
f 1931/46/1835 1929/252/1836 1932/46/1835
f 1933/252/1834 1934/46/1833 1935/46/1837
f 1936/150/1838 1935/46/1837 1934/46/1833
f 1935/46/1837 1936/150/1838 1937/150/1838
f 1933/252/1836 1938/46/1835 1939/252/1836
f 1940/46/1839 1941/150/1840 1938/46/1839
f 1941/150/1840 1940/46/1839 1942/150/1841
f 1943/190/1842 1944/188/1843 1945/190/1793
f 1944/188/1843 1943/190/1842 1946/188/1844
f 1947/188/1845 1945/190/1793 1944/188/1843
f 1948/203/1846 1949/204/1847 1950/203/1702
f 1949/204/1847 1948/203/1846 1951/204/1848
f 1952/202/1849 1948/203/1850 1953/202/1706
f 1952/202/1849 1953/202/1706 1954/190/1708
f 1952/202/1849 1954/190/1708 1955/190/1851
f 1956/202/1852 1952/202/1849 1955/190/1851
f 1956/202/1852 1955/190/1851 1957/190/1853
f 1956/202/1852 1958/203/1714 1952/202/1849
f 1958/203/1714 1956/202/1852 1959/203/1854
f 1960/146/1855 1961/145/1856 1962/146/1855
f 1961/145/1856 1960/146/1855 1963/145/1857
f 1964/188/1858 1965/188/1859 1966/190/1634
f 1966/190/1634 1967/190/1860 1964/188/1858
f 1968/188/1861 1964/188/1858 1967/190/1860
f 1967/190/1860 1969/190/1862 1968/188/1861
f 1970/203/1863 1971/204/1820 1972/204/1864
f 1973/148/1865 1974/147/1866 1975/148/1865
f 1976/147/1867 1977/148/1868 1978/148/1868
f 1979/148/1869 1980/149/1870 1981/148/1869
f 1980/149/1870 1979/148/1869 1982/149/1871
f 1983/147/1866 1981/148/1865 1984/147/1866
f 1985/148/1872 1986/149/1873 1987/149/1874
f 1986/149/1873 1985/148/1872 1988/148/1872
f 1988/148/1875 1989/147/1876 1990/147/1876
f 1991/143/1877 1992/144/1878 1993/143/1879
f 1994/141/1880 1995/141/1880 1991/143/1881
f 1994/141/1880 1996/142/1882 1995/141/1880
f 1997/142/1883 1998/152/1884 1996/142/1885
f 1998/152/1884 1997/142/1883 1999/152/1886
f 1999/152/1886 2000/153/1887 1998/152/1884
f 2001/153/1888 2002/154/1889 2000/153/1888
f 2003/154/1890 2004/256/1891 2002/154/1890
f 2004/256/1891 2003/154/1890 2005/256/1892
f 2004/256/1891 2005/256/1892 2006/258/1893
f 2004/256/1891 2006/258/1893 2007/258/1893
f 2007/258/1893 2006/258/1893 2008/259/1894
f 2007/258/1893 2008/259/1894 2009/259/1895
f 2009/259/1895 2008/259/1894 2010/257/1896
f 2010/257/1896 2011/257/1897 2009/259/1895
f 2012/261/1898 2010/257/1899 2013/261/1900
f 2013/261/1900 2014/262/1901 2012/261/1898
f 2015/239/1902 2016/240/1903 2017/240/1903
f 2018/170/1904 2015/239/1905 2019/170/1904
f 2019/170/1904 2020/260/1906 2018/170/1904
f 2020/260/1907 2021/260/1908 2022/263/1909
f 2022/263/1909 2023/263/1909 2020/260/1907
f 2022/263/1909 2024/262/1910 2023/263/1909
f 2024/262/1910 2022/263/1909 2025/262/1911
f 2025/262/1911 2026/261/1900 2024/262/1910
f 2027/170/1912 2028/260/1913 2029/260/1914
f 2029/260/1914 2028/260/1913 2030/263/1915
f 2031/243/1916 2032/161/1917 2033/161/1918
f 2032/161/1917 2031/243/1916 2034/243/1916
f 2035/134/1919 2033/161/1918 2032/161/1917
f 2036/146/1920 2034/243/1916 2031/243/1916
f 2033/161/1918 2035/134/1919 2037/134/1921
f 2034/243/1916 2036/146/1920 2038/146/1922
f 2039/119/1923 2037/134/1921 2035/134/1919
f 2037/134/1921 2039/119/1923 2040/119/1923
f 2041/145/1924 2038/146/1922 2036/146/1920
f 2038/146/1922 2041/145/1924 2042/145/1925
f 2040/119/1926 2043/118/1927 2044/118/1927
f 2045/161/1928 2046/243/1929 2047/161/1928
f 2046/243/1929 2045/161/1928 2048/243/1930
f 2048/243/1930 2049/146/1931 2046/243/1929
f 2049/146/1931 2048/243/1930 2050/146/1931
f 2051/134/1932 2047/161/1928 2052/134/1932
f 2052/134/1932 2053/119/1933 2051/134/1932
f 2054/119/1934 2055/118/1935 2053/119/1936
f 2056/153/1937 2057/154/1938 2058/154/1939
f 2059/161/1928 2060/134/1932 2061/161/1928
f 2062/153/1887 2063/152/1886 2064/153/1887
f 2065/154/1889 2064/153/1888 2066/154/1890
f 2067/239/1940 2068/240/1941 2069/240/1941
f 2070/170/1912 2067/239/1940 2071/239/1940
f 2067/239/1940 2070/170/1912 2072/170/1942
f 2073/260/1943 2072/170/1942 2070/170/1912
f 2074/263/1944 2073/260/1945 2075/263/1944
f 2076/262/1946 2074/263/1944 2075/263/1944
f 2074/263/1944 2076/262/1946 2077/262/1947
f 2078/259/1948 2079/257/1949 2080/259/1950
f 2078/259/1948 2080/259/1950 2081/258/1951
f 2082/258/1952 2081/258/1951 2080/259/1950
f 2081/258/1951 2082/258/1952 2083/256/1953
f 2084/154/1954 2083/256/1955 2085/256/1956
f 2083/256/1955 2084/154/1954 2086/154/1954
f 2086/154/1957 2087/153/1937 2088/153/1937
f 2089/152/1958 2088/153/1937 2087/153/1937
f 2079/257/1959 2090/261/1960 2091/261/1961
f 2092/262/1962 2091/261/1961 2090/261/1960
f 2091/261/1961 2092/262/1962 2093/262/1963
f 2094/260/1964 2095/170/1904 2096/260/1908
f 2097/143/1965 2098/144/1966 2099/144/1966
f 2100/141/1967 2097/143/1968 2101/143/1969
f 2100/141/1967 2101/143/1969 2102/141/1967
f 2103/142/1970 2100/141/1967 2102/141/1967
f 2104/152/1971 2105/142/1972 2103/142/1973
f 2105/142/1972 2104/152/1971 2106/152/1974
f 2107/153/1937 2106/152/1974 2104/152/1971
f 2108/141/1975 2109/142/1970 2110/142/1970
f 2111/257/1899 2112/261/1976 2113/257/1977
f 2114/257/1978 2115/257/1979 2116/259/1950
f 2117/261/1980 2115/257/1979 2114/257/1978
f 2118/144/1981 2119/144/1981 2120/143/1879
f 2121/141/1982 2122/143/1881 2120/143/1983
f 2123/142/1882 2121/141/1984 2124/142/1882
f 2125/239/1985 2126/240/1903 2127/239/1940
f 2127/239/1940 2128/170/1904 2125/239/1985
f 2129/143/1965 2130/144/1986 2131/143/1987
f 2132/118/1988 2133/119/1936 2134/118/1988
f 2135/119/1933 2136/134/1932 2133/119/1933
f 2137/256/1989 2138/256/1990 2139/258/1991
f 2140/118/1992 2141/119/1993 2142/119/1993
f 2143/117/1994 2144/118/1995 2145/117/1994
f 2144/118/1995 2146/118/1996 2145/117/1994
f 2147/117/1997 2148/123/1998 2149/117/1997
f 2150/144/1999 2151/242/2000 2152/242/2001
f 2152/242/2001 2153/144/1999 2150/144/1999
f 2154/241/2002 2155/241/2002 2151/242/2003
f 2156/150/2004 2157/149/2004 2158/150/2004
f 2157/149/2004 2156/150/2004 2159/149/2005
f 2160/149/2006 2161/150/2006 2162/150/2006
f 2163/150/2006 2164/149/2006 2165/149/2006
f 2166/242/2007 2167/144/2008 2168/144/2008
f 2169/241/2009 2170/242/2010 2166/242/2010
f 2171/127/2011 2172/128/2012 2173/128/2012
f 2173/128/2012 2172/128/2012 2174/122/2013
f 2174/122/2013 2175/122/2013 2173/128/2012
f 2175/122/2014 2176/121/2015 2177/121/2016
f 2177/121/2016 2176/121/2015 2178/123/2017
f 2178/123/2017 2179/123/2017 2177/121/2016
f 2178/123/2017 2180/117/2018 2179/123/2017
f 2180/117/2018 2181/117/2018 2179/123/2017
f 2182/128/2019 2183/128/2019 2184/127/2020
f 2185/122/2021 2183/128/2019 2182/128/2019
f 2183/128/2019 2186/127/2020 2184/127/2020
f 2182/128/2019 2187/122/2021 2185/122/2021
f 2188/126/2022 2184/127/2020 2186/127/2020
f 2186/127/2020 2189/126/2023 2188/126/2022
f 2187/122/2021 2190/121/2024 2185/122/2021
f 2187/122/2021 2191/121/2024 2190/121/2024
f 2191/121/2024 2192/123/2025 2190/121/2024
f 2192/123/2025 2191/121/2024 2193/123/1998
f 2192/123/2025 2193/123/1998 2194/117/1997
f 2195/117/1997 2196/118/2026 2194/117/1997
f 2196/118/2026 2195/117/1997 2197/118/2027
f 2198/139/2028 2189/126/2029 2199/139/2028
f 2198/139/2028 2199/139/2028 2200/126/2030
f 2198/139/2028 2200/126/2030 2201/126/2030
f 2202/139/2031 2203/126/2022 2204/126/2022
f 2205/240/2032 2206/241/2033 2207/240/2032
f 2207/240/2032 2206/241/2033 2208/241/2033
f 2206/241/2033 2209/242/2010 2208/241/2033
f 2209/242/2007 2210/144/2008 2211/242/2007
f 2212/127/2034 2213/127/2035 2214/128/2036
f 2215/126/2030 2213/127/2035 2212/127/2034
f 2213/127/2035 2215/126/2030 2216/126/2030
f 2217/121/2015 2218/122/2037 2219/122/2014
f 2220/240/1941 2221/240/1941 2222/241/2002
f 2221/240/1941 2223/241/2002 2222/241/2002
f 2223/241/2002 2224/242/2038 2225/242/2038
f 2226/239/1940 2227/239/2039 2228/240/1941
