# Blender 5.2.0 LTS
# www.blender.org
mtllib glorious fist.mtl
o RenderMesh_86806391690712
v -0.250525 -0.375049 0.309544
v -0.265740 -0.385193 0.309475
v -0.240381 -0.385287 0.323261
v -0.240381 -0.359833 0.309648
v 0.250524 -0.370831 -0.309325
v 0.265740 -0.380975 -0.309395
v 0.240380 -0.380881 -0.323182
v 0.240380 -0.355615 -0.309222
v 0.248863 -0.375049 0.309544
v 0.238719 -0.359833 0.309648
v 0.238719 -0.385287 0.323261
v 0.264079 -0.385193 0.309475
v -0.248864 -0.370831 -0.309325
v -0.238720 -0.355615 -0.309222
v -0.238720 -0.380881 -0.323181
v -0.264079 -0.380975 -0.309395
v -0.250525 -0.395337 0.309406
v -0.240381 -0.410553 0.309302
v -0.240381 -0.385287 0.323261
v -0.265740 -0.385193 0.309475
v 0.250524 -0.391119 -0.309464
v 0.240380 -0.406335 -0.309567
v 0.240380 -0.380881 -0.323182
v 0.265740 -0.380975 -0.309395
v 0.238719 -0.410553 0.309302
v 0.248863 -0.395337 0.309406
v 0.238719 -0.385287 0.323261
v 0.264079 -0.385193 0.309475
v -0.238720 -0.406335 -0.309567
v -0.248864 -0.391119 -0.309464
v -0.238720 -0.380881 -0.323181
v -0.264079 -0.380975 -0.309395
v -0.309442 -0.403352 -0.227282
v -0.309442 -0.418637 -0.217242
v -0.323229 -0.393277 -0.217069
v -0.309442 -0.393104 -0.242429
v 0.309442 -0.406448 0.227065
v 0.309442 -0.421595 0.216817
v 0.323229 -0.396235 0.216990
v 0.309442 -0.396408 0.242350
v -0.309442 -0.421584 0.215156
v -0.309442 -0.406437 0.225404
v -0.323229 -0.396224 0.215329
v -0.309442 -0.396397 0.240688
v 0.309442 -0.418648 -0.215581
v 0.309442 -0.403363 -0.225621
v 0.323228 -0.393288 -0.215408
v 0.309442 -0.393116 -0.240768
v -0.309442 -0.383064 -0.227143
v -0.309442 -0.393104 -0.242429
v -0.323229 -0.393277 -0.217069
v -0.309442 -0.367917 -0.216896
v 0.309442 -0.386161 0.227203
v 0.309442 -0.396408 0.242350
v 0.323229 -0.396235 0.216990
v 0.309442 -0.370875 0.217163
v -0.309442 -0.386149 0.225542
v -0.309442 -0.370864 0.215502
v -0.323229 -0.396224 0.215329
v -0.309442 -0.396397 0.240688
v 0.309442 -0.383075 -0.225483
v 0.309442 -0.367928 -0.215235
v 0.323228 -0.393288 -0.215408
v 0.309442 -0.393116 -0.240768
v -0.309442 -0.406299 0.205116
v -0.309442 -0.421584 0.215156
v -0.323229 -0.396224 0.215329
v -0.309442 -0.396051 0.189969
v 0.309442 -0.403501 -0.205334
v 0.309442 -0.418648 -0.215581
v 0.323228 -0.393288 -0.215408
v 0.309442 -0.393461 -0.190048
v -0.309442 -0.418637 -0.217242
v -0.309442 -0.403490 -0.206995
v -0.323229 -0.393277 -0.217069
v -0.309442 -0.393450 -0.191709
v 0.309442 -0.421595 0.216817
v 0.309442 -0.406310 0.206777
v 0.323229 -0.396235 0.216990
v 0.309442 -0.396063 0.191631
v -0.309442 -0.386011 0.205254
v -0.309442 -0.396051 0.189969
v -0.323229 -0.396224 0.215329
v -0.309442 -0.370864 0.215502
v 0.309442 -0.383214 -0.205195
v 0.309442 -0.393461 -0.190048
v 0.323228 -0.393288 -0.215408
v 0.309442 -0.367928 -0.215235
v -0.309442 -0.383202 -0.206856
v -0.309442 -0.367917 -0.216896
v -0.323229 -0.393277 -0.217069
v -0.309442 -0.393450 -0.191709
v 0.309442 -0.386022 0.206915
v 0.309442 -0.370875 0.217163
v 0.323229 -0.396235 0.216990
v 0.309442 -0.396063 0.191631
v 0.228575 -0.375049 0.309544
v 0.213358 -0.385193 0.309475
v 0.238719 -0.385287 0.323261
v 0.238719 -0.359833 0.309648
v -0.228576 -0.370831 -0.309325
v -0.213359 -0.380975 -0.309395
v -0.238720 -0.380881 -0.323181
v -0.238720 -0.355615 -0.309222
v -0.230237 -0.375049 0.309544
v -0.240381 -0.359833 0.309648
v -0.240381 -0.385287 0.323261
v -0.215021 -0.385193 0.309475
v 0.230236 -0.370831 -0.309325
v 0.240380 -0.355615 -0.309222
v 0.240380 -0.380881 -0.323182
v 0.215020 -0.380975 -0.309395
v 0.228575 -0.395337 0.309406
v 0.238719 -0.410553 0.309302
v 0.238719 -0.385287 0.323261
v 0.213358 -0.385193 0.309475
v -0.228576 -0.391119 -0.309464
v -0.238720 -0.406335 -0.309567
v -0.238720 -0.380881 -0.323181
v -0.213359 -0.380975 -0.309395
v -0.240381 -0.410553 0.309302
v -0.230237 -0.395337 0.309406
v -0.240381 -0.385287 0.323261
v -0.215021 -0.385193 0.309475
v 0.240380 -0.406335 -0.309567
v 0.230236 -0.391119 -0.309464
v 0.240380 -0.380881 -0.323182
v 0.215020 -0.380975 -0.309395
vn -0.4900 0.4850 0.7243
vn -0.3883 0.5775 0.7182
vn -0.5824 0.3834 0.7168
vn 0.4900 0.4949 -0.7176
vn 0.3883 0.5873 -0.7102
vn 0.5824 0.3931 -0.7115
vn 0.4900 0.4850 0.7243
vn 0.5824 0.3834 0.7168
vn 0.3883 0.5775 0.7182
vn -0.4900 0.4949 -0.7177
vn -0.5824 0.3931 -0.7115
vn -0.3883 0.5872 -0.7102
vn -0.4900 -0.4949 0.7177
vn -0.5824 -0.3931 0.7115
vn -0.3883 -0.5872 0.7102
vn 0.4900 -0.4851 -0.7243
vn 0.5824 -0.3834 -0.7168
vn 0.3883 -0.5775 -0.7181
vn 0.5824 -0.3931 0.7115
vn 0.4900 -0.4949 0.7177
vn 0.3883 -0.5872 0.7102
vn -0.5824 -0.3834 -0.7168
vn -0.4900 -0.4850 -0.7243
vn -0.3883 -0.5775 -0.7182
vn -0.7210 -0.4866 -0.4933
vn -0.7142 -0.3843 -0.5850
vn -0.7142 -0.5797 -0.3922
vn 0.7210 -0.4933 0.4866
vn 0.7142 -0.3922 0.5797
vn 0.7142 -0.5850 0.3843
vn -0.7142 -0.3922 0.5797
vn -0.7210 -0.4933 0.4866
vn -0.7142 -0.5850 0.3843
vn 0.7142 -0.3843 -0.5850
vn 0.7210 -0.4866 -0.4933
vn 0.7142 -0.5797 -0.3922
vn -0.7210 0.4933 -0.4866
vn -0.7142 0.5850 -0.3843
vn -0.7142 0.3922 -0.5797
vn 0.7210 0.4866 0.4933
vn 0.7142 0.5797 0.3922
vn 0.7142 0.3843 0.5850
vn -0.7210 0.4866 0.4933
vn -0.7142 0.3843 0.5850
vn -0.7142 0.5797 0.3922
vn 0.7210 0.4933 -0.4866
vn 0.7142 0.3922 -0.5797
vn 0.7142 0.5850 -0.3843
vn 0.7142 -0.3922 0.5798
vn 0.7142 0.3843 0.5851
vn -0.3883 0.5775 0.7181
vn 0.4900 0.4949 -0.7177
vn 0.3883 0.5872 -0.7102
vn -0.4900 0.4949 -0.7176
vn -0.3883 0.5873 -0.7102
vn 0.4900 -0.4850 -0.7243
vn -0.3883 -0.5775 -0.7181
vt 0.000000 0.000000
s 1
f 1/1/1 2/1/2 3/1/1
f 4/1/3 1/1/1 3/1/1
f 5/1/4 6/1/5 7/1/4
f 8/1/6 5/1/4 7/1/4
f 9/1/7 10/1/8 11/1/7
f 12/1/9 9/1/7 11/1/7
f 13/1/10 14/1/11 15/1/10
f 16/1/12 13/1/10 15/1/10
f 17/1/13 18/1/14 19/1/13
f 20/1/15 17/1/13 19/1/13
f 21/1/16 22/1/17 23/1/16
f 24/1/18 21/1/16 23/1/16
f 25/1/19 26/1/20 27/1/20
f 26/1/20 28/1/21 27/1/20
f 29/1/22 30/1/23 31/1/23
f 30/1/23 32/1/24 31/1/23
f 33/1/25 34/1/26 35/1/25
f 36/1/27 33/1/25 35/1/25
f 37/1/28 38/1/29 39/1/28
f 40/1/30 37/1/28 39/1/28
f 41/1/31 42/1/32 43/1/32
f 42/1/32 44/1/33 43/1/32
f 45/1/34 46/1/35 47/1/35
f 46/1/35 48/1/36 47/1/35
f 49/1/37 50/1/38 51/1/37
f 52/1/39 49/1/37 51/1/37
f 53/1/40 54/1/41 55/1/40
f 56/1/42 53/1/40 55/1/40
f 57/1/43 58/1/44 59/1/43
f 60/1/45 57/1/43 59/1/43
f 61/1/46 62/1/47 63/1/46
f 64/1/48 61/1/46 63/1/46
f 65/1/25 66/1/26 67/1/25
f 68/1/27 65/1/25 67/1/25
f 69/1/28 70/1/49 71/1/28
f 72/1/30 69/1/28 71/1/28
f 73/1/31 74/1/32 75/1/32
f 74/1/32 76/1/33 75/1/32
f 77/1/34 78/1/35 79/1/35
f 78/1/35 80/1/36 79/1/35
f 81/1/37 82/1/38 83/1/37
f 84/1/39 81/1/37 83/1/37
f 85/1/40 86/1/41 87/1/40
f 88/1/50 85/1/40 87/1/40
f 89/1/43 90/1/44 91/1/43
f 92/1/45 89/1/43 91/1/43
f 93/1/46 94/1/47 95/1/46
f 96/1/48 93/1/46 95/1/46
f 97/1/1 98/1/51 99/1/1
f 100/1/3 97/1/1 99/1/1
f 101/1/52 102/1/53 103/1/52
f 104/1/6 101/1/52 103/1/52
f 105/1/7 106/1/8 107/1/7
f 108/1/9 105/1/7 107/1/7
f 109/1/54 110/1/11 111/1/54
f 112/1/55 109/1/54 111/1/54
f 113/1/13 114/1/14 115/1/13
f 116/1/15 113/1/13 115/1/13
f 117/1/56 118/1/17 119/1/56
f 120/1/18 117/1/56 119/1/56
f 121/1/19 122/1/20 123/1/20
f 122/1/20 124/1/21 123/1/20
f 125/1/22 126/1/23 127/1/23
f 126/1/23 128/1/57 127/1/23
o RenderMesh_90649799071023
v 0.000000 -0.439112 0.338707
v 0.040154 -0.388920 0.338707
v 0.000000 -0.388920 0.359342
v -0.040154 -0.388920 0.338707
v 0.000000 -0.439112 0.338707
v 0.000000 -0.388920 0.359342
v 0.000000 -0.338727 -0.338707
v 0.040154 -0.388920 -0.338707
v 0.000000 -0.388920 -0.359342
v -0.040154 -0.388920 -0.338707
v 0.000000 -0.338727 -0.338707
v 0.000000 -0.388920 -0.359342
v 0.000000 -0.439112 -0.338707
v -0.040154 -0.388920 -0.338707
v 0.000000 -0.388920 -0.359342
v 0.000000 -0.338727 0.338707
v -0.040154 -0.388920 0.338707
v 0.000000 -0.388920 0.359342
v 0.040154 -0.388920 0.338707
v 0.000000 -0.338727 0.338707
v 0.000000 -0.388920 0.359342
v 0.040154 -0.388920 -0.338707
v 0.000000 -0.439112 -0.338707
v 0.000000 -0.388920 -0.359342
vn 0.4293 -0.3434 0.8353
vn -0.4293 -0.3434 0.8353
vn 0.4293 0.3434 -0.8353
vn -0.4293 0.3434 -0.8353
vn -0.4293 -0.3434 -0.8353
vn -0.4293 0.3434 0.8353
vn 0.4293 0.3434 0.8353
vn 0.4293 -0.3434 -0.8353
vt 0.000000 0.000000
s 1
f 129/2/58 130/2/58 131/2/58
f 132/2/59 133/2/59 134/2/59
f 135/2/60 136/2/60 137/2/60
f 138/2/61 139/2/61 140/2/61
f 141/2/62 142/2/62 143/2/62
f 144/2/63 145/2/63 146/2/63
f 147/2/64 148/2/64 149/2/64
f 150/2/65 151/2/65 152/2/65
o RenderMesh_116084934350794
v 0.309962 -0.464701 0.266363
v 0.309962 -0.313139 -0.266363
v 0.309962 -0.316777 0.267371
v 0.266873 -0.317071 0.310459
v 0.266873 -0.464995 0.309451
v 0.309962 -0.461064 -0.267371
v 0.266873 -0.460770 -0.310459
v 0.266873 -0.312846 -0.309451
v 0.309962 -0.464701 0.266363
v 0.286211 -0.485334 -0.243643
v 0.309962 -0.461064 -0.267371
v 0.242981 -0.485040 -0.286873
v 0.266873 -0.460770 -0.310459
v 0.286211 -0.488646 0.242307
v 0.242981 -0.488941 0.285536
v 0.266873 -0.464995 0.309451
v 0.242981 -0.288899 -0.285536
v 0.309962 -0.313139 -0.266363
v 0.266873 -0.312846 -0.309451
v 0.286211 -0.289194 -0.242307
v 0.309962 -0.316777 0.267371
v 0.286211 -0.292506 0.243644
v 0.266873 -0.317071 0.310459
v 0.242981 -0.292800 0.286873
v -0.309962 -0.316777 0.267371
v -0.286211 -0.289194 -0.242307
v -0.309962 -0.313139 -0.266363
v -0.266873 -0.312846 -0.309451
v -0.286211 -0.292506 0.243644
v -0.242981 -0.288899 -0.285536
v 0.266873 -0.312846 -0.309451
v 0.242981 -0.288899 -0.285536
v -0.266873 -0.317071 0.310459
v -0.242981 -0.292800 0.286873
v 0.266873 -0.317071 0.310459
v 0.242981 -0.292800 0.286873
v 0.266873 -0.464995 0.309451
v -0.266873 -0.464995 0.309451
v -0.242981 -0.488941 0.285536
v 0.242981 -0.488941 0.285536
v -0.286211 -0.488646 0.242307
v -0.309962 -0.464701 0.266363
v -0.286211 -0.485334 -0.243643
v -0.309962 -0.461064 -0.267371
v -0.242981 -0.485040 -0.286873
v -0.266873 -0.460770 -0.310459
v 0.266873 -0.460770 -0.310459
v 0.242981 -0.485040 -0.286873
v -0.266873 -0.312846 -0.309451
v 0.266873 -0.312846 -0.309451
v 0.266873 -0.460770 -0.310459
v -0.266873 -0.460770 -0.310459
v -0.309962 -0.461064 -0.267371
v -0.309962 -0.313139 -0.266363
v -0.309962 -0.316777 0.267371
v -0.309962 -0.464701 0.266363
v -0.266873 -0.464995 0.309451
v -0.266873 -0.317071 0.310459
v 0.266873 -0.317071 0.310459
v 0.266873 -0.464995 0.309451
v -0.242981 -0.485040 -0.286873
v 0.242981 -0.485040 -0.286873
v 0.194385 -0.485430 -0.229632
v -0.194385 -0.485430 -0.229632
v -0.228969 -0.485666 -0.195049
v -0.286211 -0.485334 -0.243643
v -0.228969 -0.488315 0.193712
v -0.286211 -0.488646 0.242307
v -0.242981 -0.488941 0.285536
v -0.194385 -0.488551 0.228295
v 0.194385 -0.488551 0.228295
v 0.242981 -0.488941 0.285536
v 0.194385 -0.289289 -0.228295
v 0.286211 -0.289194 -0.242307
v 0.242981 -0.288899 -0.285536
v 0.228969 -0.289525 -0.193712
v 0.228969 -0.292174 0.195049
v 0.286211 -0.292506 0.243644
v 0.242981 -0.292800 0.286873
v 0.194385 -0.292410 0.229632
v -0.228969 -0.292174 0.195049
v -0.242981 -0.292800 0.286873
v -0.194385 -0.292410 0.229632
v 0.194385 -0.292410 0.229632
v 0.242981 -0.292800 0.286873
v -0.286211 -0.292506 0.243644
v -0.286211 -0.289194 -0.242307
v -0.228969 -0.289525 -0.193712
v -0.194385 -0.289289 -0.228295
v -0.242981 -0.288899 -0.285536
v 0.194385 -0.289289 -0.228295
v 0.242981 -0.288899 -0.285536
v 0.194385 -0.485430 -0.229632
v 0.286211 -0.485334 -0.243643
v 0.228969 -0.485666 -0.195049
v 0.242981 -0.485040 -0.286873
v 0.228969 -0.488315 0.193712
v 0.286211 -0.488646 0.242307
v 0.242981 -0.488941 0.285536
v 0.194385 -0.488551 0.228295
v -0.194385 -0.292410 0.229632
v 0.194385 -0.292410 0.229632
v 0.194385 -0.488551 0.228295
v -0.194385 -0.488551 0.228295
v -0.228969 -0.292174 0.195049
v -0.228969 -0.488315 0.193712
v -0.228969 -0.289525 -0.193712
v -0.228969 -0.485666 -0.195049
v -0.194385 -0.289289 -0.228295
v -0.194385 -0.485430 -0.229632
v 0.194385 -0.289289 -0.228295
v 0.194385 -0.485430 -0.229632
v 0.228969 -0.292174 0.195049
v 0.228969 -0.488315 0.193712
v 0.194385 -0.292410 0.229632
v 0.194385 -0.488551 0.228295
v 0.228969 -0.485666 -0.195049
v 0.228969 -0.289525 -0.193712
v 0.194385 -0.485430 -0.229632
v 0.194385 -0.289289 -0.228295
vn 0.9239 -0.0026 0.3827
vn 0.9239 0.0026 -0.3827
vn 0.3827 -0.0063 0.9238
vn 0.3827 0.0063 -0.9238
vn 0.5429 -0.7988 0.2591
vn 0.6071 -0.7732 -0.1832
vn 0.5429 -0.7952 -0.2700
vn 0.1779 -0.7703 -0.6124
vn 0.2647 -0.7933 -0.5483
vn 0.6071 -0.7756 0.1726
vn 0.1779 -0.7786 0.6018
vn 0.2646 -0.8007 0.5374
vn 0.1779 0.7786 -0.6018
vn 0.5429 0.7988 -0.2591
vn 0.2646 0.8007 -0.5374
vn 0.6071 0.7756 -0.1726
vn 0.5429 0.7952 0.2700
vn 0.6071 0.7732 0.1832
vn 0.2646 0.7933 0.5483
vn 0.1779 0.7703 0.6124
vn -0.5429 0.7952 0.2700
vn -0.6071 0.7756 -0.1726
vn -0.5429 0.7988 -0.2591
vn -0.2646 0.8007 -0.5375
vn -0.6071 0.7732 0.1832
vn -0.1779 0.7786 -0.6018
vn 0.2645 0.8007 -0.5375
vn 0.1779 0.7785 -0.6019
vn -0.2646 0.7933 0.5483
vn -0.1779 0.7703 0.6124
vn 0.2646 0.7933 0.5484
vn 0.2646 -0.8007 0.5375
vn -0.2646 -0.8007 0.5374
vn -0.1779 -0.7786 0.6018
vn -0.6071 -0.7756 0.1726
vn -0.5429 -0.7988 0.2591
vn -0.6071 -0.7732 -0.1832
vn -0.5429 -0.7952 -0.2700
vn -0.1779 -0.7703 -0.6124
vn -0.2646 -0.7933 -0.5483
vn 0.2646 -0.7933 -0.5484
vn -0.3827 0.0063 -0.9239
vn 0.3827 0.0063 -0.9239
vn -0.9239 0.0026 -0.3827
vn -0.9239 -0.0026 0.3827
vn -0.3827 -0.0063 0.9239
vn 0.3827 -0.0063 0.9239
vn -0.0000 -1.0000 -0.0068
vn -0.0000 1.0000 0.0068
vn -0.3827 0.0063 -0.9238
vn -0.3827 -0.0063 0.9238
vt 0.607623 0.250000
vt 0.392377 0.000000
vt 0.607623 0.000000
vt 0.625000 0.000000
vt 0.625000 0.250000
vt 0.392377 0.250000
vt 0.375000 0.250000
vt 0.375000 0.000000
vt 0.393880 0.250000
vt 0.606120 0.250000
vt 0.393880 0.000000
vt 0.606120 0.000000
vt 0.607623 0.750000
vt 0.393880 0.750000
vt 0.392377 0.750000
vt 0.357623 0.750000
vt 0.606120 0.750000
vt 0.356120 0.750000
vt 0.142377 0.750000
vt 0.143880 0.750000
vt 0.642377 0.750000
vt 0.643880 0.750000
vt 0.857623 0.750000
vt 0.856120 0.750000
vt 0.857623 0.500000
vt 0.642377 0.500000
vt 0.643880 0.500000
vt 0.856120 0.500000
vt 0.606120 0.500000
vt 0.607623 0.500000
vt 0.393880 0.500000
vt 0.392377 0.500000
vt 0.356120 0.500000
vt 0.357623 0.500000
vt 0.142377 0.500000
vt 0.143880 0.500000
s 1
f 153/3/66 154/4/67 155/5/66
f 153/3/66 155/5/66 156/6/68
f 156/6/68 157/7/68 153/3/66
f 154/4/67 153/3/66 158/8/67
f 154/4/67 158/8/67 159/9/69
f 159/9/69 160/10/69 154/4/67
f 161/3/70 162/11/71 163/8/72
f 164/9/73 163/8/72 162/11/71
f 163/8/72 164/9/73 165/9/74
f 162/11/71 161/3/70 166/12/75
f 161/3/70 167/7/76 166/12/75
f 167/7/76 161/3/70 168/7/77
f 169/10/78 170/4/79 171/10/80
f 170/4/79 169/10/78 172/13/81
f 173/5/82 170/4/79 172/13/81
f 173/5/82 172/13/81 174/14/83
f 174/14/83 175/6/84 173/5/82
f 175/6/84 174/14/83 176/6/85
f 177/15/86 178/16/87 179/17/88
f 178/16/87 180/18/89 179/17/88
f 178/16/87 177/15/86 181/19/90
f 180/18/89 178/16/87 182/20/91
f 183/21/92 180/18/89 182/20/91
f 183/21/92 182/20/91 184/22/93
f 185/23/94 181/19/90 177/15/86
f 181/19/90 185/23/94 186/24/95
f 187/25/96 186/24/95 185/23/94
f 186/24/95 187/25/96 188/26/85
f 189/27/97 190/28/98 191/29/99
f 189/27/97 191/29/99 192/30/76
f 190/28/98 193/31/100 191/29/99
f 193/31/100 190/28/98 194/32/101
f 194/32/101 195/33/102 193/31/100
f 194/32/101 196/34/103 195/33/102
f 196/34/103 197/35/104 195/33/102
f 197/35/104 196/34/103 198/36/105
f 199/37/106 197/35/104 198/36/105
f 197/35/104 199/37/106 200/38/73
f 201/18/107 202/21/108 203/37/108
f 201/18/107 203/37/108 204/36/107
f 201/18/107 204/36/107 205/34/109
f 205/34/109 206/17/109 201/18/107
f 207/15/110 206/17/109 205/34/109
f 207/15/110 205/34/109 208/32/110
f 207/15/110 208/32/110 209/28/111
f 209/28/111 210/23/111 207/15/110
f 211/25/112 210/23/111 209/28/111
f 211/25/112 209/28/111 212/27/112
f 213/35/113 214/38/113 215/38/113
f 213/35/113 215/38/113 216/35/113
f 217/33/113 213/35/113 216/35/113
f 213/35/113 217/33/113 218/33/113
f 219/31/113 218/33/113 217/33/113
f 218/33/113 219/31/113 220/31/113
f 220/31/113 219/31/113 221/29/113
f 221/29/113 219/31/113 222/29/113
f 223/30/113 221/29/113 222/29/113
f 221/29/113 223/30/113 224/30/113
f 225/10/114 226/13/114 227/10/114
f 226/13/114 225/10/114 228/13/114
f 229/14/114 226/13/114 228/13/114
f 226/13/114 229/14/114 230/14/114
f 229/14/114 231/6/114 230/14/114
f 231/6/114 229/14/114 232/6/114
f 233/19/114 234/24/114 235/24/114
f 234/24/114 236/26/114 235/24/114
f 234/24/114 237/26/114 236/26/114
f 234/24/114 233/19/114 238/19/114
f 239/16/114 238/19/114 233/19/114
f 239/16/114 233/19/114 240/16/114
f 241/20/114 239/16/114 240/16/114
f 239/16/114 241/20/114 242/20/114
f 243/22/114 242/20/114 241/20/114
f 242/20/114 243/22/114 244/22/114
f 245/9/113 246/11/113 247/11/113
f 246/11/113 245/9/113 248/9/113
f 246/11/113 249/12/113 247/11/113
f 246/11/113 250/12/113 249/12/113
f 251/7/113 249/12/113 250/12/113
f 249/12/113 251/7/113 252/7/113
f 253/24/108 254/26/107 255/30/107
f 253/24/108 255/30/107 256/29/108
f 253/24/108 256/29/108 257/19/67
f 257/19/67 256/29/108 258/31/67
f 259/16/66 257/19/67 258/31/67
f 259/16/66 258/31/67 260/33/66
f 259/16/66 260/33/66 261/20/112
f 261/20/112 260/33/66 262/35/112
f 263/22/111 261/20/112 262/35/112
f 263/22/111 262/35/112 264/38/111
f 265/14/109 266/12/109 267/6/115
f 267/6/115 266/12/109 268/7/115
f 265/14/109 269/11/110 266/12/109
f 265/14/109 270/13/110 269/11/110
f 270/13/110 271/9/116 269/11/110
f 272/10/116 271/9/116 270/13/110
o RenderMesh_128920822768315
v -0.180272 -0.461788 0.331592
v -0.205598 -0.434847 0.317440
v -0.189840 -0.473157 0.317178
v -0.193121 -0.434105 0.329606
v 0.205746 -0.434847 0.317440
v 0.180420 -0.461788 0.331592
v 0.189986 -0.473157 0.317178
v 0.193268 -0.434105 0.329606
v -0.131911 -0.433256 0.317451
v -0.117680 -0.407046 0.336029
v -0.135147 -0.416299 0.317566
v -0.160963 -0.393842 0.317719
v -0.112861 -0.438718 0.335817
v -0.158270 -0.375316 0.335554
v -0.140914 -0.452234 0.317320
v -0.210295 -0.381902 0.317801
v -0.130504 -0.465886 0.333089
v -0.210765 -0.367672 0.331566
v -0.155397 -0.459242 0.317273
v -0.256194 -0.366641 0.317905
v -0.156737 -0.474814 0.331488
v -0.250163 -0.355448 0.330210
v -0.180272 -0.461788 0.331592
v -0.273698 -0.338161 0.327541
v -0.282434 -0.342425 0.318070
v -0.290282 -0.308538 0.318301
v -0.170248 -0.449990 0.317336
v -0.179874 -0.433372 0.317450
v -0.193121 -0.434105 0.329606
v -0.182754 -0.415588 0.328605
v -0.173871 -0.423601 0.317516
v -0.155923 -0.411930 0.317596
v 0.132059 -0.433256 0.317451
v 0.135294 -0.416299 0.317566
v 0.117828 -0.407046 0.336029
v 0.161111 -0.393842 0.317719
v 0.113008 -0.438718 0.335817
v 0.158418 -0.375316 0.335554
v 0.141061 -0.452234 0.317320
v 0.210443 -0.381902 0.317801
v 0.130650 -0.465886 0.333089
v 0.210912 -0.367672 0.331566
v 0.155544 -0.459242 0.317273
v 0.256341 -0.366641 0.317905
v 0.156884 -0.474814 0.331488
v 0.250310 -0.355448 0.330210
v 0.180420 -0.461788 0.331592
v 0.273846 -0.338161 0.327541
v 0.282581 -0.342425 0.318070
v 0.290429 -0.308538 0.318301
v 0.170395 -0.449990 0.317336
v 0.180021 -0.433372 0.317450
v 0.193268 -0.434105 0.329606
v 0.182902 -0.415588 0.328605
v 0.174018 -0.423601 0.317516
v 0.156071 -0.411930 0.317596
v -0.156737 -0.474814 0.331488
v -0.189840 -0.473157 0.317178
v -0.158039 -0.489492 0.317067
v -0.180272 -0.461788 0.331592
v 0.156884 -0.474814 0.331488
v 0.189986 -0.473157 0.317178
v 0.180420 -0.461788 0.331592
v 0.158185 -0.489492 0.317067
v -0.191551 -0.408296 0.317621
v -0.193121 -0.434105 0.329606
v -0.182754 -0.415588 0.328605
v -0.205598 -0.434847 0.317440
v 0.193268 -0.434105 0.329606
v 0.191699 -0.408296 0.317621
v 0.182902 -0.415588 0.328605
v 0.205746 -0.434847 0.317440
v -0.017308 -0.369527 0.342506
v -0.043380 -0.391253 0.342358
v -0.036430 -0.391228 0.338700
v -0.017308 -0.412980 0.342210
v -0.014528 -0.372978 0.338825
v 0.000073 -0.345600 0.339011
v 0.000073 -0.336938 0.342728
v -0.014528 -0.409480 0.338576
v 0.000073 -0.436857 0.338389
v 0.000073 -0.445570 0.341988
v 0.017455 -0.412980 0.342210
v 0.014675 -0.409480 0.338576
v 0.036577 -0.391228 0.338700
v 0.043527 -0.391253 0.342358
v -0.205598 -0.430517 -0.317784
v -0.180273 -0.457263 -0.332302
v -0.189840 -0.468828 -0.318045
v -0.193121 -0.429610 -0.329938
v 0.180420 -0.457263 -0.332302
v 0.205746 -0.430517 -0.317784
v 0.189986 -0.468828 -0.318045
v 0.193268 -0.429610 -0.329938
v -0.317619 -0.394850 0.135164
v -0.332379 -0.423876 0.123496
v -0.317619 -0.431274 0.136749
v -0.331011 -0.398185 0.121762
v 0.317619 -0.394850 0.135164
v 0.332379 -0.423876 0.123496
v 0.331011 -0.398185 0.121762
v 0.317619 -0.431274 0.136749
v -0.131911 -0.428927 -0.317773
v -0.135147 -0.411970 -0.317657
v -0.117680 -0.402466 -0.335992
v -0.160963 -0.389513 -0.317504
v -0.112861 -0.434137 -0.336212
v -0.158270 -0.370745 -0.335084
v -0.140914 -0.447904 -0.317902
v -0.210295 -0.377573 -0.317423
v -0.130504 -0.461341 -0.333855
v -0.210765 -0.363156 -0.330993
v -0.155397 -0.454913 -0.317950
v -0.256194 -0.362311 -0.317319
v -0.156737 -0.470289 -0.332376
v -0.250163 -0.350952 -0.329470
v -0.180273 -0.457263 -0.332302
v -0.273698 -0.333702 -0.326566
v -0.282434 -0.338095 -0.317154
v -0.290282 -0.304209 -0.316923
v -0.170248 -0.445659 -0.317887
v -0.179874 -0.429042 -0.317773
v -0.193121 -0.429610 -0.329938
v -0.182754 -0.411108 -0.328685
v -0.173871 -0.419271 -0.317707
v -0.155923 -0.407600 -0.317627
v 0.132059 -0.428927 -0.317773
v 0.117828 -0.402466 -0.335992
v 0.135294 -0.411970 -0.317657
v 0.161111 -0.389513 -0.317504
v 0.113009 -0.434137 -0.336212
v 0.158418 -0.370745 -0.335084
v 0.141062 -0.447904 -0.317902
v 0.210443 -0.377573 -0.317423
v 0.130650 -0.461341 -0.333855
v 0.210912 -0.363156 -0.330994
v 0.155544 -0.454913 -0.317950
v 0.256341 -0.362311 -0.317319
v 0.156884 -0.470289 -0.332376
v 0.250310 -0.350952 -0.329470
v 0.180420 -0.457263 -0.332302
v 0.273846 -0.333702 -0.326566
v 0.282581 -0.338095 -0.317154
v 0.290429 -0.304209 -0.316923
v 0.170395 -0.445659 -0.317887
v 0.180021 -0.429042 -0.317773
v 0.193268 -0.429610 -0.329938
v 0.182902 -0.411108 -0.328685
v 0.174018 -0.419271 -0.317707
v 0.156071 -0.407600 -0.317627
v -0.317619 -0.431274 0.136749
v -0.335019 -0.447528 0.095008
v -0.317619 -0.465081 0.099530
v -0.332379 -0.423876 0.123496
v 0.335019 -0.447528 0.095009
v 0.317619 -0.431274 0.136749
v 0.317619 -0.465081 0.099530
v 0.332379 -0.423876 0.123496
v -0.036912 -0.344871 0.320307
v -0.092389 -0.391101 0.319992
v -0.043380 -0.391253 0.342358
v -0.017308 -0.369527 0.342506
v 0.000073 -0.336938 0.342728
v 0.000073 -0.275526 0.320780
v 0.000073 -0.336938 0.342728
v 0.017455 -0.369527 0.342506
v 0.037058 -0.344871 0.320307
v 0.000073 -0.275526 0.320780
v 0.043527 -0.391253 0.342358
v 0.092536 -0.391101 0.319992
v -0.156737 -0.470289 -0.332376
v -0.189840 -0.468828 -0.318045
v -0.180273 -0.457263 -0.332302
v -0.158039 -0.485163 -0.318156
v 0.156884 -0.470289 -0.332376
v 0.189986 -0.468828 -0.318045
v 0.158185 -0.485163 -0.318156
v 0.180420 -0.457263 -0.332302
v -0.339951 -0.354898 0.054881
v -0.339955 -0.387118 0.033114
v -0.317619 -0.391181 0.056779
v -0.317619 -0.416676 0.056774
v -0.317619 -0.374272 0.069152
v -0.336869 -0.426109 0.038309
v -0.339112 -0.341235 0.115898
v -0.317619 -0.431897 0.069007
v -0.317619 -0.363083 0.109147
v -0.335001 -0.449562 0.062422
v -0.317619 -0.375665 0.169453
v -0.335019 -0.447528 0.095008
v -0.334210 -0.360203 0.177422
v -0.317619 -0.429481 0.090106
v -0.317619 -0.382817 0.227722
v -0.317619 -0.416269 0.109309
v -0.332461 -0.367314 0.226978
v -0.332379 -0.423876 0.123496
v -0.329079 -0.360626 0.261771
v -0.317619 -0.369920 0.269098
v -0.317619 -0.336847 0.295339
v -0.331011 -0.398185 0.121762
v -0.317619 -0.402431 0.107813
v -0.317619 -0.380293 0.094207
v 0.339951 -0.354898 0.054881
v 0.317619 -0.391181 0.056779
v 0.339955 -0.387118 0.033114
v 0.317619 -0.416676 0.056774
v 0.317619 -0.374272 0.069152
v 0.336869 -0.426109 0.038309
v 0.339111 -0.341235 0.115898
v 0.317619 -0.431897 0.069007
v 0.317619 -0.363082 0.109147
v 0.335001 -0.449562 0.062422
v 0.317619 -0.375665 0.169453
v 0.335019 -0.447528 0.095009
v 0.334209 -0.360203 0.177422
v 0.317619 -0.429481 0.090106
v 0.317619 -0.382817 0.227722
v 0.317619 -0.416269 0.109309
v 0.332461 -0.367313 0.226978
v 0.332379 -0.423876 0.123496
v 0.329079 -0.360626 0.261771
v 0.317619 -0.369920 0.269098
v 0.317619 -0.336847 0.295339
v 0.331011 -0.398185 0.121762
v 0.317619 -0.402430 0.107813
v 0.317619 -0.380293 0.094207
v 0.000073 -0.506676 0.319205
v 0.000073 -0.445570 0.341988
v -0.036912 -0.437331 0.319677
v -0.017308 -0.412980 0.342210
v -0.043380 -0.391253 0.342358
v -0.092389 -0.391101 0.319992
v 0.037058 -0.437331 0.319677
v 0.092536 -0.391101 0.319992
v 0.043527 -0.391253 0.342358
v 0.017455 -0.412980 0.342210
v 0.000073 -0.445570 0.341988
v 0.000073 -0.506676 0.319205
v -0.193121 -0.429610 -0.329938
v -0.191551 -0.403967 -0.317603
v -0.182754 -0.411108 -0.328685
v -0.205598 -0.430517 -0.317784
v 0.191699 -0.403967 -0.317603
v 0.193268 -0.429610 -0.329938
v 0.182902 -0.411108 -0.328685
v 0.205746 -0.430517 -0.317784
v -0.317619 -0.319897 0.122988
v -0.334210 -0.360203 0.177422
v -0.317619 -0.344567 0.185365
v -0.339112 -0.341235 0.115898
v 0.334209 -0.360203 0.177422
v 0.317619 -0.319897 0.122988
v 0.317619 -0.344567 0.185365
v 0.339111 -0.341235 0.115898
v -0.339951 -0.354154 -0.054307
v -0.317619 -0.390408 -0.056699
v -0.339955 -0.386668 -0.032981
v -0.317619 -0.415900 -0.057041
v -0.317619 -0.373331 -0.068840
v -0.336869 -0.425584 -0.038707
v -0.339112 -0.339660 -0.115133
v -0.317619 -0.430953 -0.069481
v -0.317619 -0.361598 -0.108680
v -0.335001 -0.448706 -0.063137
v -0.317619 -0.373357 -0.169151
v -0.335019 -0.446228 -0.095693
v -0.334210 -0.357788 -0.176909
v -0.317619 -0.428249 -0.090545
v -0.317619 -0.379714 -0.227513
v -0.317619 -0.414777 -0.109567
v -0.332461 -0.364223 -0.226558
v -0.332379 -0.422190 -0.123856
v -0.329079 -0.357061 -0.261256
v -0.317619 -0.366254 -0.268708
v -0.317619 -0.332827 -0.294496
v -0.331011 -0.396525 -0.121772
v -0.317619 -0.400961 -0.107882
v -0.317619 -0.379011 -0.093975
v 0.339951 -0.354154 -0.054307
v 0.339955 -0.386668 -0.032981
v 0.317619 -0.390408 -0.056699
v 0.317619 -0.415900 -0.057041
v 0.317619 -0.373331 -0.068840
v 0.336869 -0.425584 -0.038707
v 0.339111 -0.339660 -0.115133
v 0.317619 -0.430953 -0.069481
v 0.317619 -0.361598 -0.108680
v 0.335001 -0.448706 -0.063138
v 0.317619 -0.373357 -0.169152
v 0.335019 -0.446228 -0.095693
v 0.334209 -0.357788 -0.176909
v 0.317619 -0.428249 -0.090545
v 0.317619 -0.379714 -0.227513
v 0.317619 -0.414777 -0.109567
v 0.332461 -0.364222 -0.226558
v 0.332379 -0.422190 -0.123856
v 0.329079 -0.357061 -0.261256
v 0.317619 -0.366254 -0.268708
v 0.317619 -0.332827 -0.294496
v 0.331011 -0.396525 -0.121772
v 0.317619 -0.400960 -0.107882
v 0.317619 -0.379011 -0.093975
v -0.334210 -0.357788 -0.176909
v -0.317619 -0.318228 -0.121930
v -0.317619 -0.342045 -0.184638
v -0.339112 -0.339660 -0.115133
v 0.317619 -0.318228 -0.121930
v 0.334209 -0.357788 -0.176909
v 0.317619 -0.342045 -0.184638
v 0.339111 -0.339660 -0.115133
v -0.036430 -0.386612 -0.338700
v -0.014528 -0.404863 -0.338824
v -0.017308 -0.408314 -0.342506
v 0.000073 -0.432241 -0.339011
v -0.043380 -0.386587 -0.342358
v 0.000073 -0.440903 -0.342728
v -0.017308 -0.364860 -0.342210
v 0.017455 -0.408314 -0.342506
v -0.014528 -0.368361 -0.338575
v 0.000073 -0.340983 -0.338389
v 0.000073 -0.332271 -0.341988
v 0.014675 -0.404863 -0.338824
v 0.036577 -0.386612 -0.338700
v 0.043527 -0.386587 -0.342358
v -0.116239 -0.353523 -0.327101
v -0.122004 -0.338697 -0.317158
v -0.112556 -0.336732 -0.326031
v -0.125315 -0.348115 -0.317222
v 0.116386 -0.353523 -0.327101
v 0.122151 -0.338697 -0.317158
v 0.125463 -0.348115 -0.317222
v 0.112703 -0.336732 -0.326031
v -0.317619 -0.393007 -0.135127
v -0.332379 -0.422190 -0.123856
v -0.331011 -0.396525 -0.121772
v -0.317619 -0.429407 -0.137207
v 0.317619 -0.393007 -0.135127
v 0.332379 -0.422190 -0.123856
v 0.317619 -0.429407 -0.137208
v 0.331011 -0.396525 -0.121772
v -0.335019 -0.446228 -0.095693
v -0.317619 -0.429407 -0.137207
v -0.317619 -0.463718 -0.100454
v -0.332379 -0.422190 -0.123856
v 0.317619 -0.429407 -0.137208
v 0.335019 -0.446228 -0.095693
v 0.317619 -0.463718 -0.100454
v 0.332379 -0.422190 -0.123856
v -0.317619 -0.344567 0.185365
v -0.332461 -0.367314 0.226978
v -0.317619 -0.351491 0.226273
v -0.334210 -0.360203 0.177422
v 0.332461 -0.367313 0.226978
v 0.317619 -0.344567 0.185365
v 0.317619 -0.351491 0.226273
v 0.334209 -0.360203 0.177422
v -0.332461 -0.364223 -0.226558
v -0.317619 -0.342045 -0.184638
v -0.317619 -0.348411 -0.225636
v -0.334210 -0.357788 -0.176909
v 0.317619 -0.342045 -0.184638
v 0.332461 -0.364222 -0.226558
v 0.317619 -0.348411 -0.225636
v 0.334209 -0.357788 -0.176909
v -0.335001 -0.449562 0.062422
v -0.317619 -0.465081 0.099530
v -0.335019 -0.447528 0.095008
v -0.317619 -0.466442 0.056159
v 0.335001 -0.449562 0.062422
v 0.317619 -0.465081 0.099530
v 0.317619 -0.466442 0.056160
v 0.335019 -0.447528 0.095009
v -0.317619 -0.463718 -0.100454
v -0.335001 -0.448706 -0.063137
v -0.335019 -0.446228 -0.095693
v -0.317619 -0.465670 -0.057106
v 0.317619 -0.463718 -0.100454
v 0.335001 -0.448706 -0.063138
v 0.317619 -0.465670 -0.057106
v 0.335019 -0.446228 -0.095693
v 0.000073 -0.332271 -0.341988
v -0.017308 -0.364860 -0.342210
v -0.036912 -0.340509 -0.319677
v 0.000073 -0.271164 -0.319205
v -0.043380 -0.386587 -0.342358
v -0.092389 -0.386739 -0.319992
v 0.037058 -0.340509 -0.319677
v 0.092536 -0.386739 -0.319992
v 0.043527 -0.386587 -0.342358
v 0.017455 -0.364860 -0.342210
v 0.000073 -0.332271 -0.341988
v 0.000073 -0.271164 -0.319205
v 0.000073 -0.502314 -0.320780
v 0.000073 -0.440903 -0.342728
v 0.037058 -0.432969 -0.320307
v 0.017455 -0.408314 -0.342506
v 0.043527 -0.386587 -0.342358
v 0.092536 -0.386739 -0.319992
v -0.036912 -0.432970 -0.320307
v -0.092389 -0.386739 -0.319992
v -0.043380 -0.386587 -0.342358
v -0.017308 -0.408314 -0.342506
v 0.000073 -0.440903 -0.342728
v 0.000073 -0.502314 -0.320780
v -0.156009 -0.356809 0.317972
v -0.210765 -0.367672 0.331566
v -0.158270 -0.375316 0.335554
v -0.211153 -0.353135 0.317997
v 0.156156 -0.356809 0.317972
v 0.210912 -0.367672 0.331566
v 0.211300 -0.353135 0.317997
v 0.158418 -0.375316 0.335554
v 0.000073 -0.345600 0.339011
v 0.014675 -0.372978 0.338825
v 0.017455 -0.369527 0.342506
v 0.000073 -0.336938 0.342728
v 0.036577 -0.391228 0.338700
v 0.043527 -0.391253 0.342358
v -0.317619 -0.335619 -0.040138
v -0.317619 -0.318228 -0.121930
v -0.339951 -0.354154 -0.054307
v -0.339112 -0.339660 -0.115133
v 0.317619 -0.318228 -0.121930
v 0.317619 -0.335619 -0.040138
v 0.339951 -0.354154 -0.054307
v 0.339111 -0.339660 -0.115133
v -0.317619 -0.319897 0.122988
v -0.339951 -0.354898 0.054881
v -0.339112 -0.341235 0.115898
v -0.317619 -0.336172 0.040966
v 0.339111 -0.341235 0.115898
v 0.339951 -0.354898 0.054881
v 0.317619 -0.319897 0.122988
v 0.317619 -0.336172 0.040966
v -0.155936 -0.319956 -0.317030
v -0.140183 -0.317144 -0.324557
v -0.150873 -0.324831 -0.323910
v -0.151212 -0.341669 -0.317178
v -0.140544 -0.309445 -0.316958
v -0.122227 -0.323129 -0.325947
v -0.115824 -0.316492 -0.317006
v -0.112556 -0.336732 -0.326031
v -0.103536 -0.334961 -0.317132
v -0.116239 -0.353523 -0.327101
v -0.107435 -0.358860 -0.317295
v 0.151020 -0.324831 -0.323910
v 0.140330 -0.317144 -0.324557
v 0.156083 -0.319956 -0.317030
v 0.151360 -0.341669 -0.317178
v 0.140691 -0.309445 -0.316958
v 0.122375 -0.323129 -0.325947
v 0.115971 -0.316492 -0.317006
v 0.112703 -0.336732 -0.326031
v 0.103684 -0.334961 -0.317132
v 0.116386 -0.353523 -0.327101
v 0.107582 -0.358860 -0.317295
v -0.317619 -0.465670 -0.057106
v -0.317619 -0.435019 -0.020994
v -0.335001 -0.448706 -0.063137
v -0.336869 -0.425584 -0.038707
v -0.339955 -0.386668 -0.032981
v -0.317619 -0.383215 -0.009879
v 0.335001 -0.448706 -0.063138
v 0.317619 -0.435019 -0.020994
v 0.317619 -0.465670 -0.057106
v 0.336869 -0.425584 -0.038707
v 0.339955 -0.386668 -0.032981
v 0.317619 -0.383215 -0.009879
v -0.120471 -0.478923 0.317139
v -0.156737 -0.474814 0.331488
v -0.158039 -0.489492 0.317067
v -0.130504 -0.465886 0.333089
v -0.120471 -0.478923 0.317139
v -0.112861 -0.438718 0.335817
v -0.094371 -0.443932 0.317378
v 0.120619 -0.478923 0.317139
v 0.156884 -0.474814 0.331488
v 0.130650 -0.465886 0.333089
v 0.158185 -0.489492 0.317067
v 0.113008 -0.438718 0.335817
v 0.120619 -0.478923 0.317139
v 0.094519 -0.443932 0.317378
v -0.317619 -0.335619 -0.040138
v -0.339955 -0.386668 -0.032981
v -0.317619 -0.383215 -0.009879
v -0.339951 -0.354154 -0.054307
v 0.317619 -0.335619 -0.040138
v 0.317619 -0.383215 -0.009879
v 0.339955 -0.386668 -0.032981
v 0.339951 -0.354154 -0.054307
v -0.122227 -0.323129 -0.325947
v -0.139661 -0.325409 -0.317067
v -0.140183 -0.317144 -0.324557
v -0.128744 -0.330186 -0.317100
v -0.122004 -0.338697 -0.317158
v -0.122227 -0.323129 -0.325947
v -0.112556 -0.336732 -0.326031
v 0.122375 -0.323129 -0.325947
v 0.139807 -0.325409 -0.317067
v 0.128891 -0.330186 -0.317100
v 0.140330 -0.317144 -0.324557
v 0.122151 -0.338697 -0.317158
v 0.122375 -0.323129 -0.325947
v 0.112703 -0.336732 -0.326031
v -0.317619 -0.348411 -0.225636
v -0.317619 -0.347430 -0.253966
v -0.332461 -0.364223 -0.226558
v -0.329079 -0.357061 -0.261256
v -0.317619 -0.347430 -0.253966
v -0.317619 -0.332827 -0.294496
v 0.317619 -0.348411 -0.225636
v 0.332461 -0.364222 -0.226558
v 0.317619 -0.347430 -0.253966
v 0.329079 -0.357061 -0.261256
v 0.317619 -0.332827 -0.294496
v 0.317619 -0.347430 -0.253966
v -0.156009 -0.352480 -0.317252
v -0.210765 -0.363156 -0.330993
v -0.211153 -0.348805 -0.317227
v -0.158270 -0.370745 -0.335084
v 0.156156 -0.352480 -0.317252
v 0.210912 -0.363156 -0.330994
v 0.158418 -0.370745 -0.335084
v 0.211301 -0.348805 -0.317227
v -0.332461 -0.367314 0.226978
v -0.317619 -0.350897 0.254613
v -0.317619 -0.351491 0.226273
v -0.329079 -0.360626 0.261771
v -0.317619 -0.336847 0.295339
v -0.317619 -0.350897 0.254613
v 0.329079 -0.360626 0.261771
v 0.332461 -0.367313 0.226978
v 0.317619 -0.350897 0.254613
v 0.317619 -0.351491 0.226273
v 0.317619 -0.350897 0.254613
v 0.317619 -0.336847 0.295339
v 0.017455 -0.364860 -0.342210
v 0.043527 -0.386587 -0.342358
v 0.036577 -0.386612 -0.338700
v 0.014675 -0.368361 -0.338575
v 0.000073 -0.340983 -0.338389
v 0.000073 -0.332271 -0.341988
v -0.211153 -0.353135 0.317997
v -0.250163 -0.355448 0.330210
v -0.210765 -0.367672 0.331566
v -0.244048 -0.343837 0.318060
v -0.264933 -0.333383 0.318131
v -0.273698 -0.338161 0.327541
v -0.264933 -0.333383 0.318131
v -0.290282 -0.308538 0.318301
v 0.211300 -0.353135 0.317997
v 0.250310 -0.355448 0.330210
v 0.244195 -0.343837 0.318060
v 0.210912 -0.367672 0.331566
v 0.265080 -0.333383 0.318131
v 0.273846 -0.338161 0.327541
v 0.290429 -0.308538 0.318301
v 0.265080 -0.333383 0.318131
v -0.335001 -0.449562 0.062422
v -0.317619 -0.435302 0.020469
v -0.317619 -0.466442 0.056159
v -0.336869 -0.426109 0.038309
v -0.339955 -0.387118 0.033114
v -0.317619 -0.383351 0.010061
v 0.317619 -0.466442 0.056160
v 0.317619 -0.435302 0.020469
v 0.335001 -0.449562 0.062422
v 0.336869 -0.426109 0.038309
v 0.339955 -0.387118 0.033114
v 0.317619 -0.383351 0.010061
v -0.317619 -0.336172 0.040966
v -0.317619 -0.383351 0.010061
v -0.339955 -0.387118 0.033114
v -0.339951 -0.354898 0.054881
v -0.317619 -0.394850 0.135164
v -0.317619 -0.380293 0.094207
v -0.331011 -0.398185 0.121762
v 0.317619 -0.336172 0.040966
v 0.339955 -0.387118 0.033114
v 0.317619 -0.383351 0.010061
v 0.339951 -0.354898 0.054881
v 0.317619 -0.394850 0.135164
v 0.331011 -0.398185 0.121762
v 0.317619 -0.380293 0.094207
v -0.120471 -0.474593 -0.318084
v -0.156737 -0.470289 -0.332376
v -0.130504 -0.461341 -0.333855
v -0.158039 -0.485163 -0.318156
v -0.112861 -0.434137 -0.336212
v -0.094371 -0.439603 -0.317845
v 0.120619 -0.474593 -0.318084
v 0.156884 -0.470289 -0.332376
v 0.158185 -0.485163 -0.318156
v 0.130650 -0.461341 -0.333855
v 0.113009 -0.434137 -0.336212
v 0.094519 -0.439603 -0.317845
v -0.100707 -0.397899 0.317692
v -0.158270 -0.375316 0.335554
v -0.117680 -0.407046 0.336029
v -0.156009 -0.356809 0.317972
v 0.100854 -0.397899 0.317692
v 0.158418 -0.375316 0.335554
v 0.156156 -0.356809 0.317972
v 0.117828 -0.407046 0.336029
v -0.317619 -0.393007 -0.135127
v -0.331011 -0.396525 -0.121772
v -0.317619 -0.379011 -0.093975
v 0.317619 -0.393007 -0.135127
v 0.317619 -0.379011 -0.093975
v 0.331011 -0.396525 -0.121772
v -0.211153 -0.348805 -0.317227
v -0.250163 -0.350952 -0.329470
v -0.244048 -0.339508 -0.317163
v -0.210765 -0.363156 -0.330993
v -0.264933 -0.329053 -0.317092
v -0.273698 -0.333702 -0.326566
v -0.290282 -0.304209 -0.316923
v -0.264933 -0.329053 -0.317092
v 0.211301 -0.348805 -0.317227
v 0.250310 -0.350952 -0.329470
v 0.210912 -0.363156 -0.330994
v 0.244195 -0.339508 -0.317163
v 0.265080 -0.329053 -0.317092
v 0.273846 -0.333702 -0.326566
v 0.265080 -0.329053 -0.317092
v 0.290429 -0.304209 -0.316923
v -0.117680 -0.407046 0.336029
v -0.094371 -0.443932 0.317378
v -0.100707 -0.397899 0.317692
v -0.112861 -0.438718 0.335817
v 0.117828 -0.407046 0.336029
v 0.094519 -0.443932 0.317378
v 0.113008 -0.438718 0.335817
v 0.100854 -0.397899 0.317692
v -0.100707 -0.393569 -0.317532
v -0.158270 -0.370745 -0.335084
v -0.156009 -0.352480 -0.317252
v -0.117680 -0.402466 -0.335992
v 0.100854 -0.393569 -0.317532
v 0.158418 -0.370745 -0.335084
v 0.117828 -0.402466 -0.335992
v 0.156156 -0.352480 -0.317252
v -0.191551 -0.408296 0.317621
v -0.182754 -0.415588 0.328605
v -0.155923 -0.411930 0.317596
v 0.191699 -0.408296 0.317621
v 0.156071 -0.411930 0.317596
v 0.182902 -0.415588 0.328605
v -0.117680 -0.402466 -0.335992
v -0.094371 -0.439603 -0.317845
v -0.112861 -0.434137 -0.336212
v -0.100707 -0.393569 -0.317532
v 0.117828 -0.402466 -0.335992
v 0.094519 -0.439603 -0.317845
v 0.100854 -0.393569 -0.317532
v 0.113009 -0.434137 -0.336212
v -0.191551 -0.403967 -0.317603
v -0.155923 -0.407600 -0.317627
v -0.182754 -0.411108 -0.328685
v 0.191699 -0.403967 -0.317603
v 0.182902 -0.411108 -0.328685
v 0.156071 -0.407600 -0.317627
v -0.150873 -0.324831 -0.323910
v -0.139661 -0.325409 -0.317067
v -0.145267 -0.329790 -0.317097
v -0.140183 -0.317144 -0.324557
v -0.151212 -0.341669 -0.317178
v -0.150873 -0.324831 -0.323910
v 0.151020 -0.324831 -0.323910
v 0.145414 -0.329790 -0.317097
v 0.139807 -0.325409 -0.317067
v 0.140330 -0.317144 -0.324557
v 0.151020 -0.324831 -0.323910
v 0.151360 -0.341669 -0.317178
v -0.273698 -0.333830 -0.307682
v -0.290282 -0.304209 -0.316923
v -0.282434 -0.338095 -0.317154
v 0.273846 -0.333830 -0.307682
v 0.282581 -0.338095 -0.317154
v 0.290429 -0.304209 -0.316923
v -0.155936 -0.319956 -0.317030
v -0.151212 -0.341669 -0.317178
v -0.150873 -0.324924 -0.310217
v 0.156083 -0.319956 -0.317030
v 0.151021 -0.324924 -0.310217
v 0.151360 -0.341669 -0.317178
v -0.273698 -0.338032 0.308657
v -0.282434 -0.342425 0.318070
v -0.290282 -0.308538 0.318301
v 0.273846 -0.338032 0.308657
v 0.290429 -0.308538 0.318301
v 0.282581 -0.342425 0.318070
v -0.306158 -0.360626 0.261771
v -0.317619 -0.336847 0.295339
v -0.317619 -0.369920 0.269098
v 0.306158 -0.360626 0.261771
v 0.317619 -0.369920 0.269098
v 0.317619 -0.336847 0.295339
v -0.140183 -0.317247 -0.309466
v -0.155936 -0.319956 -0.317030
v -0.150873 -0.324924 -0.310217
v -0.140544 -0.309445 -0.316958
v 0.156083 -0.319956 -0.317030
v 0.140330 -0.317247 -0.309466
v 0.151021 -0.324924 -0.310217
v 0.140691 -0.309445 -0.316958
v -0.306158 -0.357061 -0.261256
v -0.317619 -0.366254 -0.268708
v -0.317619 -0.332827 -0.294496
v 0.306158 -0.357061 -0.261256
v 0.317619 -0.332827 -0.294496
v 0.317619 -0.366254 -0.268708
v -0.131911 -0.428927 -0.317773
v -0.117680 -0.402718 -0.299193
v -0.135147 -0.411970 -0.317657
v -0.112861 -0.434388 -0.299406
v -0.160963 -0.389513 -0.317504
v -0.158270 -0.370986 -0.299669
v 0.117828 -0.402718 -0.299193
v 0.132059 -0.428927 -0.317773
v 0.135294 -0.411970 -0.317657
v 0.113008 -0.434388 -0.299406
v 0.161111 -0.389513 -0.317504
v 0.158418 -0.370986 -0.299669
v -0.112861 -0.434388 -0.299406
v -0.140914 -0.447904 -0.317902
v -0.130504 -0.461557 -0.302134
v -0.131911 -0.428927 -0.317773
v 0.113008 -0.434388 -0.299406
v 0.141062 -0.447904 -0.317902
v 0.132059 -0.428927 -0.317773
v 0.130650 -0.461557 -0.302134
v -0.256194 -0.362311 -0.317319
v -0.210295 -0.377573 -0.317423
v -0.210765 -0.363343 -0.303656
v -0.250163 -0.351118 -0.305014
v -0.273698 -0.333830 -0.307682
v -0.282434 -0.338095 -0.317154
v 0.210443 -0.377573 -0.317423
v 0.256341 -0.362311 -0.317319
v 0.210912 -0.363343 -0.303656
v 0.250310 -0.351118 -0.305013
v 0.273846 -0.333830 -0.307682
v 0.282581 -0.338095 -0.317154
v -0.117680 -0.406796 0.299230
v -0.131911 -0.433256 0.317451
v -0.135147 -0.416299 0.317566
v -0.112861 -0.438467 0.299011
v -0.160963 -0.393842 0.317719
v -0.158270 -0.375075 0.300138
v 0.132059 -0.433256 0.317451
v 0.117827 -0.406796 0.299230
v 0.135294 -0.416299 0.317566
v 0.113008 -0.438467 0.299011
v 0.161111 -0.393842 0.317719
v 0.158418 -0.375075 0.300138
v -0.295282 -0.387118 0.033114
v -0.317619 -0.416676 0.056774
v -0.298369 -0.426109 0.038309
v -0.317619 -0.391181 0.056779
v 0.295282 -0.387118 0.033114
v 0.317619 -0.416676 0.056774
v 0.317619 -0.391181 0.056779
v 0.298368 -0.426109 0.038309
v -0.122227 -0.323250 -0.308157
v -0.140544 -0.309445 -0.316958
v -0.140183 -0.317247 -0.309466
v -0.115824 -0.316492 -0.317006
v 0.140691 -0.309445 -0.316958
v 0.122375 -0.323250 -0.308157
v 0.140330 -0.317247 -0.309466
v 0.115971 -0.316492 -0.317006
v -0.317619 -0.391181 0.056779
v -0.295286 -0.354899 0.054880
v -0.317619 -0.374272 0.069152
v -0.295282 -0.387118 0.033114
v 0.295286 -0.354899 0.054880
v 0.317619 -0.391181 0.056779
v 0.317619 -0.374272 0.069152
v 0.295282 -0.387118 0.033114
v -0.306158 -0.360626 0.261771
v -0.317619 -0.382817 0.227722
v -0.302777 -0.367314 0.226978
v -0.317619 -0.369920 0.269098
v 0.317619 -0.382817 0.227722
v 0.306158 -0.360626 0.261771
v 0.302777 -0.367313 0.226978
v 0.317619 -0.369920 0.269098
v -0.210295 -0.381902 0.317801
v -0.256194 -0.366641 0.317905
v -0.210765 -0.367486 0.304229
v -0.250163 -0.355282 0.305753
v -0.273698 -0.338032 0.308657
v -0.282434 -0.342425 0.318070
v 0.256341 -0.366641 0.317905
v 0.210443 -0.381902 0.317801
v 0.210912 -0.367486 0.304229
v 0.250310 -0.355282 0.305753
v 0.273846 -0.338032 0.308657
v 0.282581 -0.342425 0.318070
v -0.158270 -0.370986 -0.299669
v -0.210765 -0.363343 -0.303656
v -0.210295 -0.377573 -0.317423
v -0.160963 -0.389513 -0.317504
v 0.161111 -0.389513 -0.317504
v 0.210443 -0.377573 -0.317423
v 0.158418 -0.370986 -0.299669
v 0.210912 -0.363343 -0.303656
v -0.317619 -0.379714 -0.227513
v -0.306158 -0.357061 -0.261256
v -0.302777 -0.364223 -0.226558
v -0.317619 -0.366254 -0.268708
v 0.306158 -0.357061 -0.261256
v 0.317619 -0.379714 -0.227513
v 0.302777 -0.364222 -0.226558
v 0.317619 -0.366254 -0.268708
v -0.298369 -0.426109 0.038309
v -0.317619 -0.431897 0.069007
v -0.300237 -0.449562 0.062422
v -0.317619 -0.416676 0.056774
v 0.298368 -0.426109 0.038309
v 0.317619 -0.431897 0.069007
v 0.317619 -0.416676 0.056774
v 0.300236 -0.449562 0.062423
v -0.155397 -0.454913 -0.317950
v -0.130504 -0.461557 -0.302134
v -0.140914 -0.447904 -0.317902
v -0.156737 -0.470484 -0.303734
v 0.155544 -0.454913 -0.317950
v 0.130650 -0.461557 -0.302134
v 0.156884 -0.470484 -0.303734
v 0.141062 -0.447904 -0.317902
v -0.295282 -0.386668 -0.032981
v -0.317619 -0.415900 -0.057041
v -0.317619 -0.390408 -0.056699
v -0.298369 -0.425584 -0.038707
v 0.295282 -0.386668 -0.032981
v 0.317619 -0.415900 -0.057041
v 0.298368 -0.425584 -0.038707
v 0.317619 -0.390408 -0.056699
v -0.112861 -0.438467 0.299011
v -0.140914 -0.452234 0.317320
v -0.131911 -0.433256 0.317451
v -0.130504 -0.465670 0.301368
v -0.155397 -0.459242 0.317273
v -0.140914 -0.452234 0.317320
v -0.156737 -0.474618 0.302847
v 0.113008 -0.438467 0.299011
v 0.141061 -0.452234 0.317320
v 0.130650 -0.465670 0.301368
v 0.132059 -0.433256 0.317451
v 0.155544 -0.459242 0.317273
v 0.156884 -0.474618 0.302847
v 0.141061 -0.452234 0.317320
v -0.295286 -0.354155 -0.054306
v -0.317619 -0.390408 -0.056699
v -0.317619 -0.373331 -0.068840
v -0.295282 -0.386668 -0.032981
v 0.317619 -0.390408 -0.056699
v 0.295286 -0.354155 -0.054306
v 0.317619 -0.373331 -0.068840
v 0.295282 -0.386668 -0.032981
v -0.317619 -0.374272 0.069152
v -0.296126 -0.341235 0.115898
v -0.317619 -0.363083 0.109147
v -0.295286 -0.354899 0.054880
v 0.317619 -0.374272 0.069152
v 0.296126 -0.341235 0.115898
v 0.295286 -0.354899 0.054880
v 0.317619 -0.363082 0.109147
v 0.037058 -0.340509 -0.319677
v 0.000073 -0.271164 -0.319205
v 0.000073 -0.386978 -0.284952
v 0.000073 -0.386978 -0.284952
v 0.000073 -0.271164 -0.319205
v -0.036912 -0.340509 -0.319677
v 0.000073 -0.386978 -0.284952
v 0.000073 -0.502314 -0.320780
v 0.037058 -0.432969 -0.320307
v 0.000073 -0.386978 -0.284952
v -0.036912 -0.432970 -0.320307
v 0.000073 -0.502314 -0.320780
v -0.298369 -0.425584 -0.038707
v -0.317619 -0.430953 -0.069481
v -0.317619 -0.415900 -0.057041
v -0.300237 -0.448706 -0.063137
v 0.298368 -0.425584 -0.038707
v 0.317619 -0.430953 -0.069481
v 0.300236 -0.448706 -0.063138
v 0.317619 -0.415900 -0.057041
v 0.000073 -0.386978 -0.284952
v -0.036912 -0.340509 -0.319677
v -0.092389 -0.386739 -0.319992
v 0.092536 -0.386739 -0.319992
v 0.037058 -0.340509 -0.319677
v 0.000073 -0.386978 -0.284952
v 0.000073 -0.386978 -0.284952
v 0.037058 -0.432969 -0.320307
v 0.092536 -0.386739 -0.319992
v -0.160963 -0.393842 0.317719
v -0.210295 -0.381902 0.317801
v -0.158270 -0.375075 0.300138
v -0.210765 -0.367486 0.304229
v 0.158418 -0.375075 0.300138
v 0.210912 -0.367486 0.304229
v 0.210443 -0.381902 0.317801
v 0.161111 -0.393842 0.317719
v 0.000073 -0.386978 -0.284952
v -0.092389 -0.386739 -0.319992
v -0.036912 -0.432970 -0.320307
v -0.296126 -0.339660 -0.115133
v -0.317619 -0.373331 -0.068840
v -0.317619 -0.361598 -0.108680
v -0.295286 -0.354155 -0.054306
v 0.296126 -0.339660 -0.115133
v 0.317619 -0.373331 -0.068840
v 0.295286 -0.354155 -0.054306
v 0.317619 -0.361598 -0.108680
v -0.139661 -0.325409 -0.317067
v -0.150873 -0.324924 -0.310217
v -0.145267 -0.329790 -0.317097
v -0.151212 -0.341669 -0.317178
v -0.140183 -0.317247 -0.309466
v -0.122227 -0.323250 -0.308157
v -0.128744 -0.330186 -0.317100
v -0.122004 -0.338697 -0.317158
v -0.112556 -0.336854 -0.308259
v -0.116239 -0.353657 -0.307418
v -0.125315 -0.348115 -0.317222
v 0.151021 -0.324924 -0.310217
v 0.139807 -0.325409 -0.317067
v 0.145414 -0.329790 -0.317097
v 0.151360 -0.341669 -0.317178
v 0.140330 -0.317247 -0.309466
v 0.122375 -0.323250 -0.308157
v 0.128891 -0.330186 -0.317100
v 0.122151 -0.338697 -0.317158
v 0.112703 -0.336854 -0.308259
v 0.116386 -0.353657 -0.307418
v 0.125463 -0.348115 -0.317222
v 0.000073 -0.390805 0.276635
v 0.000073 -0.275526 0.320780
v 0.037058 -0.344871 0.320307
v -0.036912 -0.344871 0.320307
v 0.000073 -0.275526 0.320780
v 0.000073 -0.390805 0.276635
v 0.000073 -0.506676 0.319205
v -0.036912 -0.437331 0.319677
v 0.000073 -0.390805 0.276635
v 0.037058 -0.437331 0.319677
v 0.000073 -0.506676 0.319205
v 0.000073 -0.390805 0.276635
v -0.115824 -0.316492 -0.317006
v -0.112556 -0.336854 -0.308259
v -0.103536 -0.334961 -0.317132
v -0.122227 -0.323250 -0.308157
v 0.115971 -0.316492 -0.317006
v 0.112703 -0.336854 -0.308259
v 0.122375 -0.323250 -0.308157
v 0.103684 -0.334961 -0.317132
v 0.000073 -0.390805 0.276635
v 0.037058 -0.344871 0.320307
v 0.092536 -0.391101 0.319992
v -0.092389 -0.391101 0.319992
v -0.036912 -0.344871 0.320307
v 0.000073 -0.390805 0.276635
v 0.092536 -0.391101 0.319992
v 0.037058 -0.437331 0.319677
v 0.000073 -0.390805 0.276635
v -0.036912 -0.437331 0.319677
v -0.092389 -0.391101 0.319992
v 0.000073 -0.390805 0.276635
v -0.317619 -0.373357 -0.169151
v -0.317619 -0.379714 -0.227513
v -0.301028 -0.357788 -0.176908
v -0.302777 -0.364223 -0.226558
v 0.317619 -0.379714 -0.227513
v 0.301028 -0.357788 -0.176908
v 0.302777 -0.364222 -0.226558
v 0.317619 -0.373357 -0.169152
v -0.317619 -0.382817 0.227722
v -0.301028 -0.360203 0.177421
v -0.302777 -0.367314 0.226978
v -0.317619 -0.375665 0.169453
v 0.317619 -0.375665 0.169453
v 0.317619 -0.382817 0.227722
v 0.301028 -0.360203 0.177421
v 0.302777 -0.367313 0.226978
v -0.301028 -0.357788 -0.176908
v -0.296126 -0.339660 -0.115133
v -0.317619 -0.373357 -0.169151
v -0.317619 -0.361598 -0.108680
v 0.317619 -0.373357 -0.169152
v 0.296126 -0.339660 -0.115133
v 0.301028 -0.357788 -0.176908
v 0.317619 -0.361598 -0.108680
v -0.300218 -0.446228 -0.095693
v -0.317619 -0.414777 -0.109567
v -0.317619 -0.428249 -0.090545
v -0.302859 -0.422190 -0.123855
v -0.317619 -0.430953 -0.069481
v -0.300218 -0.446228 -0.095693
v -0.300237 -0.448706 -0.063137
v 0.300218 -0.446228 -0.095693
v 0.317619 -0.414777 -0.109567
v 0.302859 -0.422190 -0.123855
v 0.317619 -0.428249 -0.090545
v 0.317619 -0.430953 -0.069481
v 0.300218 -0.446228 -0.095693
v 0.300236 -0.448706 -0.063138
v -0.317619 -0.375665 0.169453
v -0.296126 -0.341235 0.115898
v -0.301028 -0.360203 0.177421
v -0.317619 -0.363083 0.109147
v 0.301028 -0.360203 0.177421
v 0.296126 -0.341235 0.115898
v 0.317619 -0.375665 0.169453
v 0.317619 -0.363082 0.109147
v -0.300218 -0.447528 0.095008
v -0.317619 -0.416269 0.109309
v -0.302859 -0.423875 0.123495
v -0.317619 -0.429481 0.090106
v -0.317619 -0.431897 0.069007
v -0.300218 -0.447528 0.095008
v -0.300237 -0.449562 0.062422
v 0.300218 -0.447528 0.095008
v 0.317619 -0.416269 0.109309
v 0.317619 -0.429481 0.090106
v 0.302859 -0.423875 0.123495
v 0.317619 -0.431897 0.069007
v 0.300218 -0.447528 0.095008
v 0.300236 -0.449562 0.062423
v 0.304227 -0.396525 -0.121771
v 0.317619 -0.414777 -0.109567
v 0.317619 -0.400960 -0.107882
v 0.302859 -0.422190 -0.123855
v 0.317619 -0.379011 -0.093975
v 0.304227 -0.396525 -0.121771
v -0.304227 -0.396525 -0.121771
v -0.317619 -0.414777 -0.109567
v -0.302859 -0.422190 -0.123855
v -0.317619 -0.400961 -0.107882
v -0.304227 -0.396525 -0.121771
v -0.317619 -0.379011 -0.093975
v -0.103536 -0.334961 -0.317132
v -0.116239 -0.353657 -0.307418
v -0.107435 -0.358860 -0.317295
v -0.112556 -0.336854 -0.308259
v 0.103684 -0.334961 -0.317132
v 0.116386 -0.353657 -0.307418
v 0.112703 -0.336854 -0.308259
v 0.107582 -0.358860 -0.317295
v -0.173871 -0.419271 -0.317707
v -0.182754 -0.411258 -0.306618
v -0.179874 -0.429042 -0.317773
v -0.193121 -0.429775 -0.305617
v -0.155923 -0.407600 -0.317627
v -0.182754 -0.411258 -0.306618
v 0.180021 -0.429042 -0.317773
v 0.193267 -0.429775 -0.305617
v 0.182901 -0.411258 -0.306618
v 0.174018 -0.419271 -0.317707
v 0.182901 -0.411258 -0.306618
v 0.156071 -0.407600 -0.317627
v -0.317619 -0.335619 -0.040138
v -0.295282 -0.386668 -0.032981
v -0.295286 -0.354155 -0.054306
v -0.317619 -0.383215 -0.009879
v -0.317619 -0.318228 -0.121930
v -0.317619 -0.435019 -0.020994
v -0.296126 -0.339660 -0.115133
v -0.298369 -0.425584 -0.038707
v -0.301028 -0.357788 -0.176908
v -0.300237 -0.448706 -0.063137
v -0.317619 -0.342045 -0.184638
v -0.317619 -0.465670 -0.057106
v -0.302777 -0.364223 -0.226558
v -0.317619 -0.463718 -0.100454
v -0.317619 -0.348411 -0.225636
v -0.300218 -0.446228 -0.095693
v -0.317619 -0.347430 -0.253966
v -0.306158 -0.357061 -0.261256
v -0.317619 -0.332827 -0.294496
v -0.317619 -0.429407 -0.137207
v -0.302859 -0.422190 -0.123855
v -0.317619 -0.393007 -0.135127
v -0.304227 -0.396525 -0.121771
v -0.317619 -0.379011 -0.093975
v 0.295282 -0.386668 -0.032981
v 0.317619 -0.335619 -0.040138
v 0.295286 -0.354155 -0.054306
v 0.317619 -0.383215 -0.009879
v 0.317619 -0.318228 -0.121930
v 0.317619 -0.435019 -0.020994
v 0.296126 -0.339660 -0.115133
v 0.298368 -0.425584 -0.038707
v 0.301028 -0.357788 -0.176908
v 0.300236 -0.448706 -0.063138
v 0.317619 -0.342045 -0.184638
v 0.317619 -0.465670 -0.057106
v 0.302777 -0.364222 -0.226558
v 0.317619 -0.463718 -0.100454
v 0.317619 -0.348411 -0.225636
v 0.300218 -0.446228 -0.095693
v 0.317619 -0.347430 -0.253966
v 0.306158 -0.357061 -0.261256
v 0.317619 -0.332827 -0.294496
v 0.317619 -0.429407 -0.137208
v 0.302859 -0.422190 -0.123855
v 0.317619 -0.393007 -0.135127
v 0.304227 -0.396525 -0.121771
v 0.317619 -0.379011 -0.093975
v 0.317619 -0.336172 0.040966
v 0.295282 -0.387118 0.033114
v 0.295286 -0.354899 0.054880
v 0.317619 -0.383351 0.010061
v 0.317619 -0.319897 0.122988
v 0.317619 -0.435302 0.020469
v 0.296126 -0.341235 0.115898
v 0.298368 -0.426109 0.038309
v 0.301028 -0.360203 0.177421
v 0.300236 -0.449562 0.062423
v 0.317619 -0.344567 0.185365
v 0.317619 -0.466442 0.056160
v 0.302777 -0.367313 0.226978
v 0.317619 -0.465081 0.099530
v 0.317619 -0.351491 0.226273
v 0.300218 -0.447528 0.095008
v 0.317619 -0.350897 0.254613
v 0.306158 -0.360626 0.261771
v 0.317619 -0.336847 0.295339
v 0.317619 -0.431274 0.136749
v 0.302859 -0.423875 0.123495
v 0.317619 -0.394850 0.135164
v 0.304227 -0.398185 0.121762
v 0.317619 -0.380293 0.094207
v -0.295282 -0.387118 0.033114
v -0.317619 -0.336172 0.040966
v -0.295286 -0.354899 0.054880
v -0.317619 -0.383351 0.010061
v -0.317619 -0.319897 0.122988
v -0.317619 -0.435302 0.020469
v -0.296126 -0.341235 0.115898
v -0.298369 -0.426109 0.038309
v -0.301028 -0.360203 0.177421
v -0.300237 -0.449562 0.062422
v -0.317619 -0.344567 0.185365
v -0.317619 -0.466442 0.056159
v -0.302777 -0.367314 0.226978
v -0.317619 -0.465081 0.099530
v -0.317619 -0.351491 0.226273
v -0.300218 -0.447528 0.095008
v -0.317619 -0.350897 0.254613
v -0.306158 -0.360626 0.261771
v -0.317619 -0.336847 0.295339
v -0.317619 -0.431274 0.136749
v -0.302859 -0.423875 0.123495
v -0.317619 -0.394850 0.135164
v -0.304227 -0.398185 0.121762
v -0.317619 -0.380293 0.094207
v -0.094371 -0.439603 -0.317845
v -0.100707 -0.393569 -0.317532
v -0.117680 -0.402718 -0.299193
v -0.158270 -0.370986 -0.299669
v -0.112861 -0.434388 -0.299406
v -0.156009 -0.352480 -0.317252
v -0.120471 -0.474593 -0.318084
v -0.210765 -0.363343 -0.303656
v -0.130504 -0.461557 -0.302134
v -0.211153 -0.348805 -0.317227
v -0.156737 -0.470484 -0.303734
v -0.250163 -0.351118 -0.305014
v -0.158039 -0.485163 -0.318156
v -0.244048 -0.339508 -0.317163
v -0.189840 -0.468828 -0.318045
v -0.264933 -0.329053 -0.317092
v -0.273698 -0.333830 -0.307682
v -0.290282 -0.304209 -0.316923
v -0.180272 -0.457459 -0.303630
v -0.205598 -0.430517 -0.317784
v -0.193121 -0.429775 -0.305617
v -0.191551 -0.403967 -0.317603
v -0.182754 -0.411258 -0.306618
v -0.155923 -0.407600 -0.317627
v 0.100854 -0.393569 -0.317532
v 0.094519 -0.439603 -0.317845
v 0.117828 -0.402718 -0.299193
v 0.113008 -0.434388 -0.299406
v 0.158418 -0.370986 -0.299669
v 0.120619 -0.474593 -0.318084
v 0.156156 -0.352480 -0.317252
v 0.130650 -0.461557 -0.302134
v 0.210912 -0.363343 -0.303656
v 0.156884 -0.470484 -0.303734
v 0.211301 -0.348805 -0.317227
v 0.158185 -0.485163 -0.318156
v 0.250310 -0.351118 -0.305013
v 0.189986 -0.468828 -0.318045
v 0.244195 -0.339508 -0.317163
v 0.180420 -0.457459 -0.303630
v 0.265080 -0.329053 -0.317092
v 0.273846 -0.333830 -0.307682
v 0.290429 -0.304209 -0.316923
v 0.205746 -0.430517 -0.317784
v 0.193267 -0.429775 -0.305617
v 0.191699 -0.403967 -0.317603
v 0.182901 -0.411258 -0.306618
v 0.156071 -0.407600 -0.317627
v 0.304227 -0.398185 0.121762
v 0.317619 -0.416269 0.109309
v 0.302859 -0.423875 0.123495
v 0.317619 -0.402430 0.107813
v 0.304227 -0.398185 0.121762
v 0.317619 -0.380293 0.094207
v -0.304227 -0.398185 0.121762
v -0.317619 -0.416269 0.109309
v -0.317619 -0.402431 0.107813
v -0.302859 -0.423875 0.123495
v -0.317619 -0.380293 0.094207
v -0.304227 -0.398185 0.121762
v -0.180272 -0.457459 -0.303630
v -0.179874 -0.429042 -0.317773
v -0.193121 -0.429775 -0.305617
v -0.170248 -0.445659 -0.317887
v -0.155397 -0.454913 -0.317950
v -0.180272 -0.457459 -0.303630
v -0.156737 -0.470484 -0.303734
v 0.180420 -0.457459 -0.303630
v 0.180021 -0.429042 -0.317773
v 0.170395 -0.445659 -0.317887
v 0.193267 -0.429775 -0.305617
v 0.155544 -0.454913 -0.317950
v 0.180420 -0.457459 -0.303630
v 0.156884 -0.470484 -0.303734
v -0.179874 -0.433372 0.317450
v -0.193121 -0.433939 0.305284
v -0.182754 -0.415437 0.306538
v -0.173871 -0.423601 0.317516
v -0.182754 -0.415437 0.306538
v -0.155923 -0.411930 0.317596
v 0.174018 -0.423601 0.317516
v 0.182901 -0.415437 0.306538
v 0.180021 -0.433372 0.317450
v 0.193267 -0.433939 0.305284
v 0.156071 -0.411930 0.317596
v 0.182901 -0.415437 0.306538
v -0.156737 -0.474618 0.302847
v -0.180272 -0.461593 0.302920
v -0.155397 -0.459242 0.317273
v -0.170248 -0.449990 0.317336
v 0.156884 -0.474618 0.302847
v 0.155544 -0.459242 0.317273
v 0.180420 -0.461593 0.302920
v 0.170395 -0.449990 0.317336
v -0.100707 -0.397899 0.317692
v -0.094371 -0.443932 0.317378
v -0.117680 -0.406796 0.299230
v -0.112861 -0.438467 0.299011
v -0.158270 -0.375075 0.300138
v -0.120471 -0.478923 0.317139
v -0.156009 -0.356809 0.317972
v -0.130504 -0.465670 0.301368
v -0.210765 -0.367486 0.304229
v -0.156737 -0.474618 0.302847
v -0.211153 -0.353135 0.317997
v -0.158039 -0.489492 0.317067
v -0.250163 -0.355282 0.305753
v -0.189840 -0.473157 0.317178
v -0.244048 -0.343837 0.318060
v -0.180272 -0.461593 0.302920
v -0.264933 -0.333383 0.318131
v -0.273698 -0.338032 0.308657
v -0.290282 -0.308538 0.318301
v -0.205598 -0.434847 0.317440
v -0.193121 -0.433939 0.305284
v -0.191551 -0.408296 0.317621
v -0.182754 -0.415437 0.306538
v -0.155923 -0.411930 0.317596
v 0.094519 -0.443932 0.317378
v 0.100854 -0.397899 0.317692
v 0.117827 -0.406796 0.299230
v 0.158418 -0.375075 0.300138
v 0.113008 -0.438467 0.299011
v 0.156156 -0.356809 0.317972
v 0.120619 -0.478923 0.317139
v 0.210912 -0.367486 0.304229
v 0.130650 -0.465670 0.301368
v 0.211300 -0.353135 0.317997
v 0.156884 -0.474618 0.302847
v 0.250310 -0.355282 0.305753
v 0.158185 -0.489492 0.317067
v 0.244195 -0.343837 0.318060
v 0.189986 -0.473157 0.317178
v 0.265080 -0.333383 0.318131
v 0.273846 -0.338032 0.308657
v 0.290429 -0.308538 0.318301
v 0.180420 -0.461593 0.302920
v 0.205746 -0.434847 0.317440
v 0.193267 -0.433939 0.305284
v 0.191699 -0.408296 0.317621
v 0.182901 -0.415437 0.306538
v 0.156071 -0.411930 0.317596
v -0.180272 -0.461593 0.302920
v -0.179874 -0.433372 0.317450
v -0.170248 -0.449990 0.317336
v -0.193121 -0.433939 0.305284
v 0.180420 -0.461593 0.302920
v 0.180021 -0.433372 0.317450
v 0.193267 -0.433939 0.305284
v 0.170395 -0.449990 0.317336
vn -0.6235 -0.3475 0.7003
vn -0.6929 -0.0090 0.7210
vn -0.3682 -0.6073 0.7040
vn -0.6861 0.0985 0.7208
vn 0.6929 -0.0089 0.7209
vn 0.6235 -0.3475 0.7003
vn 0.3681 -0.6073 0.7040
vn 0.6861 0.0985 0.7208
vn -0.6925 -0.0083 0.7214
vn -0.5024 -0.5079 0.6997
vn -0.6615 -0.2212 0.7166
vn -0.4004 -0.5925 0.6991
vn -0.6523 0.2193 0.7255
vn -0.1935 -0.6702 0.7165
vn -0.5682 0.3850 0.7273
vn -0.1703 -0.6789 0.7142
vn -0.3188 0.6166 0.7198
vn -0.2089 -0.6749 0.7077
vn 0.0328 0.6563 0.7538
vn -0.2556 -0.6596 0.7068
vn -0.0219 0.6588 0.7520
vn -0.4264 -0.5653 0.7062
vn 0.3787 0.5802 0.7211
vn -0.6470 -0.2574 0.7177
vn -0.5162 -0.4791 0.7099
vn -0.6872 -0.1640 0.7077
vn 0.5783 0.3909 0.7161
vn 0.6616 -0.0399 0.7488
vn 0.6602 0.0536 0.7492
vn 0.4170 -0.5492 0.7242
vn 0.5867 -0.3873 0.7111
vn 0.3753 -0.5821 0.7213
vn 0.6925 -0.0083 0.7214
vn 0.6615 -0.2212 0.7166
vn 0.5024 -0.5080 0.6997
vn 0.4004 -0.5925 0.6991
vn 0.6523 0.2193 0.7255
vn 0.1935 -0.6702 0.7165
vn 0.5682 0.3850 0.7273
vn 0.1703 -0.6789 0.7142
vn 0.3188 0.6166 0.7199
vn 0.2089 -0.6749 0.7077
vn -0.0328 0.6563 0.7538
vn 0.2556 -0.6596 0.7068
vn 0.0219 0.6588 0.7520
vn 0.4264 -0.5652 0.7062
vn -0.3788 0.5801 0.7211
vn 0.6470 -0.2574 0.7177
vn 0.5163 -0.4791 0.7099
vn 0.6872 -0.1640 0.7077
vn -0.5783 0.3909 0.7161
vn -0.6616 -0.0399 0.7488
vn -0.6602 0.0536 0.7492
vn -0.4170 -0.5492 0.7242
vn -0.5861 -0.3864 0.7122
vn -0.3753 -0.5821 0.7213
vn -0.0686 -0.6901 0.7205
vn -0.3681 -0.6073 0.7040
vn -0.0108 -0.6956 0.7183
vn 0.0686 -0.6901 0.7205
vn 0.6235 -0.3475 0.7004
vn 0.0108 -0.6956 0.7183
vn -0.0685 0.8118 0.5799
vn -0.6861 0.0986 0.7208
vn -0.3716 0.6335 0.6787
vn -0.6929 -0.0089 0.7210
vn 0.6861 0.0986 0.7208
vn 0.0684 0.8118 0.5799
vn 0.3717 0.6335 0.6787
vn 0.6929 -0.0089 0.7210
vn 0.5660 -0.3436 0.7494
vn 0.4658 -0.0060 0.8849
vn 0.5660 0.3334 0.7540
vn 0.4248 -0.4780 0.7688
vn -0.0000 -0.3944 0.9189
vn 0.4248 0.4675 0.7752
vn -0.0000 0.3817 0.9243
vn -0.5660 0.3334 0.7540
vn -0.4248 0.4675 0.7752
vn -0.4657 -0.0060 0.8849
vn -0.6929 0.0009 -0.7210
vn -0.6235 -0.3379 -0.7050
vn -0.3681 -0.5977 -0.7122
vn -0.6861 0.1084 -0.7194
vn 0.6235 -0.3379 -0.7050
vn 0.6929 0.0009 -0.7210
vn 0.3681 -0.5977 -0.7122
vn 0.6861 0.1084 -0.7194
vn -0.5687 0.7175 0.4023
vn -0.7079 -0.0764 0.7022
vn -0.7026 -0.4657 0.5381
vn -0.6768 0.4020 0.6167
vn 0.5687 0.7175 0.4023
vn 0.7079 -0.0764 0.7022
vn 0.6768 0.4020 0.6167
vn 0.7026 -0.4657 0.5380
vn -0.6925 0.0015 -0.7214
vn -0.6615 -0.2114 -0.7196
vn -0.5024 -0.4984 -0.7065
vn -0.4004 -0.5829 -0.7071
vn -0.6523 0.2292 -0.7225
vn -0.1935 -0.6604 -0.7255
vn -0.5682 0.3949 -0.7220
vn -0.1703 -0.6691 -0.7234
vn -0.3188 0.6264 -0.7114
vn -0.2089 -0.6652 -0.7169
vn 0.0329 0.6665 -0.7448
vn -0.2557 -0.6499 -0.7157
vn -0.0219 0.6690 -0.7430
vn -0.4264 -0.5556 -0.7138
vn 0.3787 0.5899 -0.7131
vn -0.6470 -0.2476 -0.7212
vn -0.5162 -0.4694 -0.7163
vn -0.6872 -0.1543 -0.7099
vn 0.5783 0.4007 -0.7107
vn 0.6616 -0.0297 -0.7493
vn 0.6602 0.0638 -0.7484
vn 0.4170 -0.5393 -0.7316
vn 0.5861 -0.3767 -0.7173
vn 0.3753 -0.5722 -0.7292
vn 0.6925 0.0015 -0.7214
vn 0.5024 -0.4984 -0.7065
vn 0.6615 -0.2114 -0.7196
vn 0.4004 -0.5829 -0.7071
vn 0.6523 0.2292 -0.7225
vn 0.1935 -0.6604 -0.7256
vn 0.5682 0.3949 -0.7220
vn 0.1703 -0.6691 -0.7234
vn 0.3187 0.6264 -0.7114
vn 0.2089 -0.6652 -0.7169
vn -0.0329 0.6665 -0.7448
vn 0.2557 -0.6499 -0.7157
vn 0.0219 0.6690 -0.7430
vn 0.4264 -0.5556 -0.7138
vn -0.3788 0.5899 -0.7132
vn 0.6470 -0.2476 -0.7212
vn 0.5162 -0.4694 -0.7163
vn 0.6872 -0.1543 -0.7099
vn -0.5783 0.4007 -0.7107
vn -0.6616 -0.0297 -0.7493
vn -0.6602 0.0638 -0.7484
vn -0.4170 -0.5393 -0.7316
vn -0.5867 -0.3776 -0.7164
vn -0.3753 -0.5722 -0.7292
vn -0.7026 -0.4657 0.5380
vn -0.7124 -0.6127 0.3422
vn -0.7102 -0.6980 0.0924
vn -0.7079 -0.0765 0.7022
vn 0.7124 -0.6127 0.3422
vn 0.7102 -0.6979 0.0924
vn 0.7079 -0.0765 0.7022
vn -0.5205 0.3044 0.7977
vn -0.3716 0.4404 0.8173
vn -0.3879 0.4270 0.8168
vn -0.5409 0.2831 0.7920
vn 0.5409 0.2831 0.7920
vn 0.3879 0.4270 0.8168
vn 0.5205 0.3044 0.7977
vn 0.3716 0.4404 0.8173
vn -0.0686 -0.6801 -0.7299
vn -0.0108 -0.6857 -0.7278
vn 0.0686 -0.6801 -0.7299
vn 0.0108 -0.6857 -0.7278
vn -0.6999 -0.6790 0.2217
vn -0.7231 -0.2816 0.6307
vn -0.7270 -0.1323 0.6738
vn -0.7250 0.1121 0.6796
vn -0.7191 -0.4895 0.4932
vn -0.7189 0.4046 0.5652
vn -0.7145 -0.6993 0.0217
vn -0.7493 0.6095 0.2590
vn -0.7139 -0.6997 0.0272
vn -0.7353 0.6756 0.0530
vn -0.7126 -0.6944 -0.1002
vn -0.7181 0.6882 -0.1032
vn -0.7175 -0.6849 -0.1271
vn -0.7180 0.6238 -0.3087
vn -0.7139 -0.7000 0.0194
vn -0.7357 0.1131 -0.6678
vn -0.7138 -0.6973 0.0654
vn -0.7240 0.5146 -0.4594
vn -0.7210 -0.5204 0.4575
vn -0.7107 -0.6592 0.2459
vn -0.7088 -0.4384 0.5526
vn -0.7284 -0.2874 -0.6219
vn -0.7181 -0.1175 -0.6859
vn -0.7253 -0.3605 -0.5865
vn 0.6999 -0.6790 0.2217
vn 0.7270 -0.1323 0.6738
vn 0.7231 -0.2816 0.6307
vn 0.7250 0.1121 0.6796
vn 0.7191 -0.4895 0.4932
vn 0.7189 0.4046 0.5652
vn 0.7145 -0.6993 0.0217
vn 0.7493 0.6095 0.2590
vn 0.7139 -0.6997 0.0272
vn 0.7353 0.6757 0.0530
vn 0.7126 -0.6944 -0.1001
vn 0.7181 0.6882 -0.1032
vn 0.7175 -0.6849 -0.1271
vn 0.7180 0.6238 -0.3087
vn 0.7139 -0.7000 0.0194
vn 0.7357 0.1131 -0.6678
vn 0.7138 -0.6973 0.0655
vn 0.7240 0.5146 -0.4594
vn 0.7210 -0.5204 0.4575
vn 0.7107 -0.6591 0.2459
vn 0.7088 -0.4384 0.5526
vn 0.7284 -0.2874 -0.6219
vn 0.7188 -0.1171 -0.6852
vn 0.7253 -0.3605 -0.5865
vn -0.5409 -0.2938 0.7881
vn -0.5205 -0.3152 0.7935
vn -0.3879 -0.4381 0.8109
vn -0.3716 -0.4515 0.8112
vn 0.5205 -0.3152 0.7935
vn 0.3716 -0.4515 0.8112
vn 0.3879 -0.4381 0.8109
vn 0.5409 -0.2938 0.7881
vn -0.6861 0.1085 -0.7194
vn -0.0684 0.8196 -0.5688
vn -0.3717 0.6427 -0.6700
vn 0.0685 0.8196 -0.5688
vn 0.6861 0.1085 -0.7194
vn 0.3716 0.6427 -0.6700
vn -0.7126 0.7013 0.0197
vn -0.7190 0.6781 0.1523
vn -0.7228 0.6559 0.2176
vn -0.7158 0.6968 0.0457
vn 0.7190 0.6781 0.1523
vn 0.7126 0.7013 0.0197
vn 0.7228 0.6559 0.2176
vn 0.7158 0.6968 0.0457
vn -0.6999 -0.6759 -0.2309
vn -0.7270 -0.1231 -0.6755
vn -0.7231 -0.2730 -0.6345
vn -0.7250 0.1214 -0.6780
vn -0.7191 -0.4827 -0.4999
vn -0.7189 0.4123 -0.5596
vn -0.7145 -0.6989 -0.0312
vn -0.7493 0.6130 -0.2507
vn -0.7139 -0.6993 -0.0368
vn -0.7353 0.6763 -0.0438
vn -0.7126 -0.6957 0.0907
vn -0.7181 0.6867 0.1126
vn -0.7175 -0.6866 0.1177
vn -0.7180 0.6196 0.3172
vn -0.7139 -0.6996 -0.0290
vn -0.7357 0.1040 0.6692
vn -0.7138 -0.6963 -0.0749
vn -0.7240 0.5083 0.4664
vn -0.7210 -0.5141 -0.4646
vn -0.7107 -0.6557 -0.2549
vn -0.7088 -0.4309 -0.5585
vn -0.7284 -0.2959 0.6179
vn -0.7188 -0.1264 0.6836
vn -0.7253 -0.3685 0.5816
vn 0.6999 -0.6759 -0.2310
vn 0.7231 -0.2730 -0.6345
vn 0.7270 -0.1231 -0.6755
vn 0.7250 0.1214 -0.6780
vn 0.7191 -0.4827 -0.4999
vn 0.7189 0.4123 -0.5596
vn 0.7145 -0.6989 -0.0312
vn 0.7493 0.6130 -0.2507
vn 0.7139 -0.6993 -0.0368
vn 0.7353 0.6763 -0.0437
vn 0.7126 -0.6957 0.0907
vn 0.7181 0.6868 0.1126
vn 0.7175 -0.6866 0.1177
vn 0.7180 0.6196 0.3172
vn 0.7139 -0.6996 -0.0290
vn 0.7357 0.1040 0.6692
vn 0.7138 -0.6963 -0.0750
vn 0.7240 0.5083 0.4664
vn 0.7210 -0.5141 -0.4646
vn 0.7107 -0.6557 -0.2549
vn 0.7088 -0.4309 -0.5585
vn 0.7284 -0.2959 0.6180
vn 0.7181 -0.1269 0.6843
vn 0.7253 -0.3685 0.5816
vn -0.7190 0.6801 -0.1430
vn -0.7126 0.7015 -0.0101
vn -0.7228 0.6588 -0.2086
vn -0.7158 0.6974 -0.0362
vn 0.7126 0.7015 -0.0101
vn 0.7190 0.6801 -0.1430
vn 0.7228 0.6588 -0.2086
vn 0.7158 0.6974 -0.0362
vn 0.4658 0.0060 -0.8849
vn 0.4248 0.4780 -0.7688
vn 0.5660 0.3436 -0.7494
vn -0.0000 0.3944 -0.9190
vn 0.5660 -0.3334 -0.7540
vn -0.5660 0.3436 -0.7494
vn 0.4248 -0.4675 -0.7752
vn -0.0000 -0.3818 -0.9242
vn -0.4248 0.4780 -0.7688
vn -0.4658 0.0060 -0.8849
vn -0.8884 -0.3941 -0.2355
vn -0.6694 0.0118 -0.7428
vn -0.6188 -0.2515 -0.7442
vn -0.7274 0.1412 -0.6716
vn 0.8884 -0.3940 -0.2356
vn 0.6694 0.0118 -0.7428
vn 0.7274 0.1412 -0.6716
vn 0.6188 -0.2515 -0.7442
vn -0.5687 0.7229 -0.3925
vn -0.7079 -0.0669 -0.7032
vn -0.6768 0.4104 -0.6112
vn -0.7026 -0.4583 -0.5443
vn 0.5687 0.7229 -0.3925
vn 0.7079 -0.0669 -0.7032
vn 0.7026 -0.4583 -0.5444
vn 0.6768 0.4104 -0.6112
vn -0.7124 -0.6080 -0.3506
vn -0.7102 -0.6966 -0.1019
vn 0.7026 -0.4583 -0.5443
vn 0.7124 -0.6080 -0.3506
vn 0.7102 -0.6966 -0.1019
vn -0.7228 0.6559 0.2175
vn -0.7125 0.7001 0.0462
vn -0.7127 0.6997 0.0492
vn -0.7190 0.6781 0.1522
vn 0.7125 0.7001 0.0462
vn 0.7127 0.6997 0.0492
vn 0.7190 0.6781 0.1522
vn -0.7125 0.7007 -0.0366
vn -0.7127 0.7003 -0.0396
vn 0.7125 0.7007 -0.0366
vn 0.7127 0.7003 -0.0396
vn -0.7246 -0.6411 -0.2528
vn -0.7102 -0.6979 0.0923
vn -0.7161 -0.6955 -0.0590
vn 0.7246 -0.6411 -0.2528
vn 0.7102 -0.6979 0.0923
vn 0.7161 -0.6955 -0.0590
vn -0.7102 -0.6966 -0.1018
vn -0.7246 -0.6445 0.2441
vn -0.7124 -0.6080 -0.3505
vn -0.7161 -0.6962 0.0495
vn 0.7102 -0.6966 -0.1018
vn 0.7246 -0.6445 0.2440
vn 0.7161 -0.6962 0.0495
vn 0.7124 -0.6080 -0.3505
vn -0.5409 0.2938 -0.7881
vn -0.3879 0.4381 -0.8109
vn -0.5205 0.3152 -0.7935
vn -0.3716 0.4515 -0.8112
vn 0.5205 0.3152 -0.7935
vn 0.3716 0.4515 -0.8112
vn 0.3879 0.4381 -0.8109
vn 0.5409 0.2938 -0.7881
vn 0.5409 -0.2831 -0.7920
vn 0.5205 -0.3044 -0.7977
vn 0.3879 -0.4270 -0.8168
vn 0.3716 -0.4404 -0.8173
vn -0.5205 -0.3044 -0.7977
vn -0.3716 -0.4404 -0.8173
vn -0.3879 -0.4270 -0.8168
vn -0.5409 -0.2831 -0.7920
vn 0.0978 0.6771 0.7294
vn 0.0725 0.6819 0.7278
vn 0.3409 0.6192 0.7074
vn 0.1400 0.6748 0.7246
vn -0.0978 0.6771 0.7294
vn -0.0725 0.6819 0.7278
vn -0.1400 0.6748 0.7246
vn -0.3409 0.6192 0.7073
vn -0.4248 -0.4781 0.7688
vn -0.5660 -0.3436 0.7494
vn -0.0000 -0.3944 0.9190
vn -0.6912 0.6931 0.2046
vn -0.7136 0.4954 0.4953
vn -0.7158 0.6974 -0.0361
vn 0.6912 0.6931 0.2046
vn 0.7136 0.4954 0.4953
vn 0.7158 0.6974 -0.0361
vn -0.7126 0.7013 0.0196
vn -0.7136 0.5022 -0.4885
vn -0.7158 0.6968 0.0456
vn -0.6912 0.6958 -0.1952
vn 0.7158 0.6968 0.0456
vn 0.7136 0.5021 -0.4885
vn 0.7126 0.7013 0.0196
vn 0.6912 0.6958 -0.1952
vn -0.4799 0.5485 -0.6847
vn -0.1177 0.6871 -0.7170
vn -0.8245 -0.0435 -0.5642
vn -0.8490 -0.1813 -0.4963
vn -0.0125 0.7011 -0.7130
vn 0.5030 0.4906 -0.7116
vn 0.2394 0.6806 -0.6924
vn 0.6914 0.0576 -0.7202
vn 0.6391 0.2721 -0.7194
vn 0.7458 -0.0720 -0.6622
vn 0.8812 0.1213 -0.4569
vn 0.8245 -0.0435 -0.5642
vn 0.1177 0.6871 -0.7170
vn 0.4799 0.5485 -0.6847
vn 0.8490 -0.1813 -0.4963
vn 0.0125 0.7011 -0.7130
vn -0.5030 0.4906 -0.7116
vn -0.2395 0.6806 -0.6924
vn -0.6914 0.0576 -0.7202
vn -0.6391 0.2721 -0.7194
vn -0.7458 -0.0720 -0.6622
vn -0.8812 0.1213 -0.4569
vn -0.7161 -0.6962 0.0496
vn -0.7062 -0.4961 0.5051
vn -0.7246 -0.6445 0.2442
vn -0.7143 -0.2408 0.6571
vn -0.7262 0.0432 0.6861
vn -0.7218 0.2268 0.6539
vn 0.7246 -0.6445 0.2442
vn 0.7062 -0.4961 0.5051
vn 0.7161 -0.6962 0.0496
vn 0.7143 -0.2408 0.6571
vn 0.7262 0.0432 0.6861
vn 0.7218 0.2268 0.6539
vn 0.2361 -0.6751 0.6990
vn -0.0685 -0.6901 0.7205
vn 0.4932 -0.5008 0.7113
vn 0.2361 -0.6751 0.6989
vn 0.6936 -0.0458 0.7189
vn 0.6152 -0.3248 0.7183
vn -0.2361 -0.6751 0.6990
vn 0.0685 -0.6901 0.7205
vn -0.4932 -0.5008 0.7113
vn -0.6936 -0.0457 0.7189
vn -0.2361 -0.6750 0.6990
vn -0.6152 -0.3249 0.7183
vn -0.7262 0.0433 0.6861
vn -0.7218 0.2269 0.6539
vn -0.7136 0.4954 0.4954
vn 0.7218 0.2269 0.6539
vn 0.7262 0.0433 0.6861
vn 0.7136 0.4954 0.4954
vn -0.3115 -0.6257 -0.7152
vn 0.0633 -0.6536 -0.7542
vn -0.0430 -0.6603 -0.7498
vn -0.5089 -0.4668 -0.7233
vn -0.6694 0.0117 -0.7428
vn -0.3115 -0.6256 -0.7152
vn -0.6188 -0.2516 -0.7442
vn 0.3115 -0.6257 -0.7152
vn -0.0633 -0.6536 -0.7542
vn 0.5089 -0.4668 -0.7233
vn 0.0430 -0.6603 -0.7498
vn 0.6694 0.0117 -0.7428
vn 0.3116 -0.6256 -0.7152
vn 0.5089 -0.4667 -0.7233
vn 0.6188 -0.2516 -0.7442
vn -0.7099 0.6845 0.1661
vn -0.7054 0.7042 0.0808
vn -0.7099 0.6844 0.1662
vn -0.7093 0.6632 0.2390
vn 0.7099 0.6845 0.1662
vn 0.7054 0.7042 0.0808
vn 0.7093 0.6632 0.2390
vn 0.7099 0.6844 0.1662
vn 0.0978 0.6870 -0.7201
vn 0.0725 0.6918 -0.7185
vn 0.1400 0.6846 -0.7154
vn 0.3409 0.6288 -0.6988
vn -0.0978 0.6870 -0.7201
vn -0.0725 0.6918 -0.7185
vn -0.3409 0.6288 -0.6988
vn -0.1400 0.6846 -0.7154
vn -0.7125 0.7001 0.0461
vn -0.7099 0.6867 -0.1568
vn -0.7054 0.7052 -0.0712
vn -0.7093 0.6664 -0.2299
vn -0.7099 0.6866 -0.1568
vn 0.7054 0.7052 -0.0712
vn 0.7099 0.6867 -0.1568
vn 0.7093 0.6664 -0.2299
vn -0.5660 -0.3334 -0.7540
vn -0.4658 0.0061 -0.8849
vn -0.4248 -0.4675 -0.7752
vn -0.0000 -0.3818 -0.9243
vn 0.2062 0.6627 0.7199
vn 0.3108 0.6300 0.7117
vn 0.4585 0.5295 0.7137
vn 0.3684 0.6006 0.7097
vn 0.3684 0.6005 0.7097
vn 0.4585 0.5294 0.7137
vn 0.4934 0.4986 0.7127
vn -0.2062 0.6627 0.7199
vn -0.3108 0.6300 0.7117
vn -0.4585 0.5295 0.7137
vn -0.3684 0.6005 0.7097
vn -0.4934 0.4986 0.7128
vn -0.4585 0.5294 0.7137
vn -0.7246 -0.6411 -0.2529
vn -0.7062 -0.4892 -0.5118
vn -0.7161 -0.6955 -0.0591
vn -0.7143 -0.2318 -0.6603
vn -0.7262 0.0525 -0.6855
vn -0.7218 0.2357 -0.6508
vn 0.7161 -0.6955 -0.0591
vn 0.7062 -0.4892 -0.5118
vn 0.7246 -0.6411 -0.2529
vn 0.7143 -0.2318 -0.6603
vn 0.7262 0.0525 -0.6855
vn 0.7218 0.2357 -0.6507
vn -0.7218 0.2358 -0.6507
vn -0.7262 0.0526 -0.6855
vn -0.7136 0.5021 -0.4886
vn -0.4951 0.8187 0.2910
vn -0.6769 0.4020 0.6166
vn 0.7262 0.0526 -0.6855
vn 0.7218 0.2358 -0.6507
vn 0.7136 0.5021 -0.4886
vn 0.4951 0.8187 0.2910
vn 0.2361 -0.6654 -0.7081
vn -0.0685 -0.6802 -0.7298
vn 0.4932 -0.4910 -0.7181
vn 0.6936 -0.0359 -0.7195
vn 0.6152 -0.3150 -0.7227
vn -0.2361 -0.6654 -0.7081
vn 0.0686 -0.6802 -0.7299
vn 0.0108 -0.6858 -0.7278
vn -0.4932 -0.4911 -0.7181
vn -0.6936 -0.0359 -0.7195
vn -0.6152 -0.3150 -0.7227
vn 0.4872 0.5242 0.6985
vn 0.3410 0.6192 0.7073
vn 0.6676 0.2142 0.7130
vn 0.0979 0.6771 0.7294
vn -0.4872 0.5242 0.6985
vn -0.3410 0.6192 0.7073
vn -0.0979 0.6771 0.7294
vn -0.6676 0.2142 0.7130
vn -0.5687 0.7229 -0.3924
vn -0.4951 0.8226 -0.2798
vn 0.4951 0.8226 -0.2798
vn 0.6769 0.4104 -0.6111
vn 0.2062 0.6725 -0.7108
vn 0.3108 0.6396 -0.7031
vn 0.4585 0.5392 -0.7065
vn 0.3684 0.6102 -0.7014
vn 0.3684 0.6101 -0.7014
vn 0.4934 0.5082 -0.7059
vn 0.4585 0.5391 -0.7065
vn -0.1400 0.6846 -0.7153
vn -0.2062 0.6725 -0.7108
vn -0.3108 0.6396 -0.7031
vn -0.4585 0.5392 -0.7065
vn -0.3684 0.6102 -0.7014
vn -0.4585 0.5391 -0.7065
vn -0.4934 0.5082 -0.7059
vn 0.6677 0.2141 0.7130
vn 0.4872 0.5241 0.6985
vn 0.6936 -0.0457 0.7189
vn -0.6676 0.2141 0.7130
vn -0.6152 -0.3248 0.7183
vn -0.4872 0.5241 0.6985
vn 0.4872 0.5336 -0.6913
vn 0.3410 0.6288 -0.6988
vn 0.0979 0.6870 -0.7201
vn 0.6676 0.2239 -0.7100
vn -0.4872 0.5336 -0.6913
vn -0.3410 0.6288 -0.6988
vn -0.6676 0.2239 -0.7101
vn -0.0979 0.6869 -0.7201
vn -0.0685 0.8118 0.5800
vn -0.3716 0.6335 0.6786
vn 0.0882 0.8610 0.5009
vn 0.0685 0.8118 0.5799
vn -0.0882 0.8610 0.5009
vn 0.3716 0.6335 0.6787
vn 0.6676 0.2238 -0.7100
vn -0.6677 0.2238 -0.7100
vn -0.0685 0.8196 -0.5688
vn 0.0882 0.8677 -0.4892
vn -0.3716 0.6427 -0.6700
vn 0.3716 0.6427 -0.6699
vn -0.0882 0.8677 -0.4892
vn 0.4215 -0.5601 -0.7132
vn 0.5838 -0.3544 -0.7305
vn 0.5838 -0.3543 -0.7305
vn 0.6157 -0.3032 -0.7273
vn 0.4215 -0.5600 -0.7132
vn -0.4215 -0.5600 -0.7132
vn -0.5838 -0.3544 -0.7305
vn -0.5838 -0.3543 -0.7305
vn -0.6157 -0.3032 -0.7273
vn 0.6873 -0.1640 0.7077
vn -0.4799 0.5392 0.6921
vn -0.8490 -0.1881 0.4938
vn -0.8245 -0.0513 0.5636
vn 0.4799 0.5392 0.6921
vn 0.8245 -0.0513 0.5635
vn 0.8490 -0.1881 0.4938
vn -0.6470 -0.2475 -0.7212
vn -0.6873 -0.1543 -0.7098
vn 0.6873 -0.1543 -0.7098
vn 0.5163 -0.4694 -0.7163
vn 0.7210 -0.5204 0.4576
vn -0.7210 -0.5204 0.4576
vn -0.7107 -0.6592 0.2460
vn -0.1178 0.6773 0.7263
vn -0.8245 -0.0512 0.5635
vn -0.0125 0.6913 0.7224
vn 0.1178 0.6773 0.7262
vn 0.0125 0.6913 0.7225
vn -0.6925 -0.0084 0.7214
vn -0.6615 -0.2213 0.7166
vn 0.6925 -0.0084 0.7214
vn 0.6615 -0.2213 0.7166
vn -0.6523 0.2194 0.7255
vn -0.3187 0.6166 0.7199
vn 0.6523 0.2194 0.7255
vn 0.5682 0.3849 0.7273
vn 0.3187 0.6166 0.7199
vn -0.2556 -0.6597 0.7068
vn -0.1703 -0.6790 0.7142
vn -0.4264 -0.5652 0.7062
vn -0.5162 -0.4792 0.7099
vn 0.1703 -0.6790 0.7142
vn 0.2557 -0.6597 0.7068
vn 0.4264 -0.5653 0.7062
vn 0.5162 -0.4792 0.7099
vn -0.6615 -0.2115 -0.7195
vn -0.1936 -0.6604 -0.7255
vn 0.6615 -0.2115 -0.7195
vn 0.7250 0.1120 0.6796
vn 0.7189 0.4047 0.5652
vn 0.7270 -0.1322 0.6738
vn -0.7250 0.1120 0.6796
vn -0.7270 -0.1322 0.6738
vn 0.5030 0.4808 0.7182
vn -0.1177 0.6773 0.7262
vn 0.2394 0.6711 0.7016
vn 0.0125 0.6913 0.7224
vn -0.5030 0.4808 0.7182
vn 0.1177 0.6773 0.7262
vn -0.2394 0.6711 0.7016
vn 0.7191 -0.4894 0.4933
vn -0.7191 -0.4894 0.4933
vn 0.7139 -0.7000 0.0195
vn 0.7107 -0.6592 0.2459
vn -0.7139 -0.7000 0.0195
vn -0.7210 -0.5205 0.4575
vn -0.7138 -0.6973 0.0655
vn -0.1703 -0.6692 -0.7233
vn -0.2557 -0.6500 -0.7157
vn -0.5162 -0.4695 -0.7163
vn 0.2556 -0.6500 -0.7157
vn 0.1703 -0.6692 -0.7233
vn 0.5162 -0.4695 -0.7163
vn -0.4003 -0.5925 0.6991
vn 0.4001 -0.5916 0.6999
vn 0.7210 -0.5142 -0.4646
vn -0.7210 -0.5142 -0.4646
vn -0.7138 -0.6963 -0.0750
vn 0.7493 0.6095 0.2591
vn 0.7353 0.6757 0.0529
vn -0.7189 0.4047 0.5652
vn -0.7493 0.6095 0.2591
vn -0.7353 0.6757 0.0529
vn 0.0327 0.6563 0.7538
vn -0.3187 0.6166 0.7198
vn -0.0327 0.6563 0.7538
vn 0.3187 0.6166 0.7198
vn 0.7231 -0.2729 -0.6345
vn 0.7250 0.1213 -0.6780
vn -0.7250 0.1213 -0.6780
vn -0.7270 -0.1230 -0.6755
vn -0.5682 0.3948 -0.7220
vn -0.3187 0.6263 -0.7114
vn -0.3187 0.6264 -0.7114
vn 0.0328 0.6665 -0.7448
vn -0.5682 0.3949 -0.7219
vn 0.6523 0.2293 -0.7225
vn 0.5682 0.3948 -0.7220
vn 0.6925 0.0016 -0.7214
vn -0.0328 0.6665 -0.7448
vn 0.6999 -0.6759 -0.2309
vn 0.7191 -0.4895 0.4933
vn 0.7145 -0.6993 0.0218
vn 0.7139 -0.6997 0.0273
vn 0.6999 -0.6790 0.2216
vn -0.7191 -0.4895 0.4933
vn -0.7145 -0.6993 0.0218
vn -0.6999 -0.6790 0.2216
vn 0.4601 0.2667 0.8469
vn -0.0000 0.2836 0.9590
vn -0.0000 -0.0069 1.0000
vn -0.4601 0.2667 0.8469
vn -0.0000 -0.0068 1.0000
vn -0.0000 -0.2966 0.9550
vn 0.4601 -0.2782 0.8432
vn -0.4601 -0.2782 0.8432
vn 0.7492 0.6130 -0.2508
vn -0.7189 0.4124 -0.5596
vn -0.7493 0.6130 -0.2508
vn -0.7353 0.6764 -0.0437
vn -0.3544 -0.0063 0.9351
vn 0.3544 -0.0063 0.9351
vn 0.3544 -0.0064 0.9351
vn -0.4001 -0.5821 -0.7079
vn -0.1935 -0.6605 -0.7255
vn 0.4003 -0.5829 -0.7071
vn -0.3544 -0.0064 0.9351
vn 0.7145 -0.6989 -0.0313
vn -0.7145 -0.6990 -0.0313
vn 0.0633 -0.6638 0.7452
vn 0.4215 -0.5697 0.7055
vn 0.5838 -0.3643 0.7256
vn 0.6157 -0.3131 0.7231
vn -0.0430 -0.6704 0.7407
vn -0.3115 -0.6353 0.7066
vn -0.5089 -0.4766 0.7169
vn -0.6694 0.0016 0.7429
vn -0.6188 -0.2616 0.7407
vn -0.8883 -0.3973 0.2302
vn -0.7274 0.1320 0.6734
vn -0.4215 -0.5697 0.7055
vn -0.0633 -0.6638 0.7452
vn -0.5838 -0.3643 0.7256
vn -0.6156 -0.3131 0.7232
vn 0.0430 -0.6704 0.7407
vn 0.3115 -0.6353 0.7066
vn 0.5089 -0.4766 0.7169
vn 0.6694 0.0016 0.7429
vn 0.6188 -0.2616 0.7407
vn 0.8884 -0.3973 0.2301
vn 0.7274 0.1320 0.6734
vn -0.0000 0.0068 -1.0000
vn -0.0000 0.3576 -0.9339
vn 0.5293 0.3207 -0.7855
vn -0.5293 0.3207 -0.7855
vn -0.0000 -0.3448 -0.9387
vn -0.5293 -0.3099 -0.7898
vn 0.5293 -0.3099 -0.7898
vn 0.2394 0.6712 0.7016
vn 0.6914 0.0478 0.7209
vn 0.6391 0.2623 0.7230
vn -0.6914 0.0478 0.7209
vn -0.6391 0.2623 0.7230
vn 0.4246 0.0062 -0.9054
vn -0.4246 0.0062 -0.9054
vn -0.0000 0.0069 -1.0000
vn 0.7139 -0.6996 -0.0289
vn 0.7138 -0.6963 -0.0749
vn -0.7174 -0.6866 0.1177
vn -0.7126 -0.6957 0.0906
vn 0.7138 -0.6973 0.0654
vn -0.7126 -0.6944 -0.1001
vn -0.7174 -0.6850 -0.1271
vn 0.7139 -0.6993 -0.0367
vn -0.7145 -0.6990 -0.0312
vn 0.7357 0.1039 0.6693
vn 0.7180 0.6195 0.3172
vn 0.7240 0.5083 0.4663
vn -0.7357 0.1039 0.6693
vn -0.7240 0.5083 0.4663
vn -0.7180 0.6195 0.3172
vn -0.7181 0.6868 0.1126
vn -0.7353 0.6763 -0.0436
vn 0.7126 -0.6944 -0.1002
vn 0.7181 0.6882 -0.1033
vn 0.7180 0.6238 -0.3088
vn -0.7181 0.6882 -0.1033
vn -0.7357 0.1130 -0.6678
vn -0.7180 0.6238 -0.3088
vn -0.7181 -0.1268 0.6843
vn -0.7181 -0.1269 0.6843
vn 0.7239 0.5084 0.4664
vn 0.7181 -0.1268 0.6843
vn 0.7284 -0.2959 0.6179
vn 0.6391 0.2622 0.7230
vn 0.7458 -0.0810 0.6612
vn 0.8812 0.1150 0.4585
vn 0.6914 0.0477 0.7209
vn -0.7458 -0.0810 0.6612
vn -0.8812 0.1151 0.4585
vn 0.5861 -0.3865 0.7121
vn 0.4171 -0.5492 0.7242
vn 0.6616 -0.0400 0.7488
vn 0.6602 0.0536 0.7491
vn -0.6616 -0.0400 0.7488
vn -0.6602 0.0535 0.7492
vn -0.5861 -0.3865 0.7121
vn -0.4170 -0.5493 0.7242
vn 0.6912 0.6931 0.2047
vn 0.7135 0.4955 0.4954
vn 0.7247 -0.6444 0.2441
vn 0.7229 0.6587 -0.2086
vn 0.7099 0.6845 0.1661
vn 0.7093 0.6632 0.2389
vn 0.7079 -0.0670 -0.7031
vn 0.6768 0.4104 -0.6111
vn -0.6912 0.6931 0.2047
vn -0.7135 0.4955 0.4954
vn -0.7126 0.7015 -0.0102
vn -0.7229 0.6587 -0.2086
vn -0.7093 0.6632 0.2389
vn -0.7026 -0.4582 -0.5444
vn -0.7079 -0.0670 -0.7031
vn -0.5687 0.7228 -0.3925
vn -0.6768 0.4104 -0.6111
vn -0.7135 0.5022 -0.4886
vn -0.7218 0.2357 -0.6507
vn -0.7143 -0.2319 -0.6603
vn -0.7229 0.6558 0.2176
vn -0.7161 -0.6954 -0.0591
vn -0.7102 -0.6979 0.0924
vn -0.7026 -0.4656 0.5381
vn -0.5687 0.7174 0.4023
vn -0.6768 0.4021 0.6166
vn 0.7135 0.5022 -0.4886
vn 0.7143 -0.2319 -0.6603
vn 0.7247 -0.6411 -0.2529
vn 0.7229 0.6558 0.2175
vn 0.7161 -0.6954 -0.0591
vn 0.7026 -0.4656 0.5381
vn 0.5687 0.7174 0.4023
vn 0.6768 0.4021 0.6166
vn 0.0978 0.6770 0.7294
vn 0.2361 -0.6750 0.6990
vn -0.0686 -0.6900 0.7205
vn -0.0108 -0.6956 0.7184
vn -0.6234 -0.3475 0.7004
vn -0.6861 0.0987 0.7208
vn -0.0685 0.8117 0.5800
vn -0.0978 0.6770 0.7294
vn 0.0108 -0.6956 0.7184
vn 0.3682 -0.6073 0.7040
vn 0.6234 -0.3475 0.7004
vn -0.4934 0.4986 0.7127
vn 0.6861 0.0987 0.7208
vn 0.0685 0.8117 0.5800
vn -0.7239 0.5147 -0.4594
vn -0.7181 -0.1175 -0.6860
vn -0.7284 -0.2875 -0.6219
vn 0.7357 0.1130 -0.6678
vn 0.7181 -0.1175 -0.6860
vn 0.7240 0.5146 -0.4593
vn 0.7181 -0.1176 -0.6860
vn 0.7284 -0.2875 -0.6219
vn 0.3787 0.5801 0.7211
vn 0.6602 0.0537 0.7492
vn 0.0329 0.6563 0.7538
vn -0.6602 0.0537 0.7492
vn -0.3787 0.5801 0.7211
vn -0.5783 0.3910 0.7161
vn 0.0218 0.6588 0.7520
vn 0.6616 -0.0297 -0.7492
vn 0.5861 -0.3768 -0.7173
vn -0.5861 -0.3767 -0.7173
vn -0.4171 -0.5393 -0.7316
vn -0.6616 -0.0297 -0.7492
vn -0.5861 -0.3768 -0.7173
vn -0.0219 0.6690 -0.7429
vn 0.5782 0.4007 -0.7107
vn 0.0218 0.6690 -0.7429
vn -0.3787 0.5899 -0.7131
vn 0.0978 0.6869 -0.7201
vn -0.0686 -0.6802 -0.7298
vn -0.3682 -0.5977 -0.7122
vn -0.6234 -0.3379 -0.7051
vn 0.4934 0.5083 -0.7058
vn -0.0685 0.8196 -0.5689
vn 0.0882 0.8677 -0.4891
vn -0.6676 0.2239 -0.7100
vn -0.0978 0.6869 -0.7201
vn -0.4932 -0.4910 -0.7181
vn 0.0686 -0.6802 -0.7298
vn 0.6234 -0.3379 -0.7051
vn 0.0685 0.8195 -0.5689
vn -0.0882 0.8677 -0.4891
vn 0.3788 0.5899 -0.7131
vn 0.5783 0.4006 -0.7107
vn 0.6602 0.0639 -0.7484
vn -0.3787 0.5899 -0.7132
vn -0.6616 -0.0296 -0.7492
vn -0.6602 0.0639 -0.7484
vn -0.5783 0.4006 -0.7107
vt 0.375000 0.500000
vt 0.375000 0.750000
vt 0.625000 0.500000
vt 0.750000 0.500000
vt 0.500000 0.500000
vt 0.875000 0.500000
vt 0.250000 0.500000
vt 0.125000 0.500000
vt 0.625000 0.250000
vt 0.500000 0.250000
vt 0.375000 0.250000
vt 0.625000 0.750000
vt 0.500000 0.750000
vt 0.750000 0.750000
vt 0.250000 0.750000
vt 0.875000 0.750000
vt 0.125000 0.750000
vt 0.500000 0.000000
vt 0.375000 0.000000
vt 0.625000 0.000000
vt 0.500000 0.125000
vt 0.875000 0.625000
vt 0.375000 0.625000
vt 0.500000 0.625000
vt 0.750000 0.625000
vt 0.375000 0.125000
vt 0.250000 0.625000
vt 0.625000 0.625000
vt 0.625000 0.125000
vt 0.125000 0.625000
s 1
f 273/39/117 274/40/118 275/40/119
f 274/40/118 273/39/117 276/39/120
f 277/40/121 278/39/122 279/40/123
f 278/39/122 277/40/121 280/39/124
f 281/41/125 282/39/126 283/41/127
f 282/39/126 284/41/128 283/41/127
f 282/39/126 281/41/125 285/39/129
f 284/41/128 282/39/126 286/39/130
f 285/39/129 281/41/125 287/41/131
f 286/39/130 288/41/132 284/41/128
f 289/39/133 285/39/129 287/41/131
f 288/41/132 286/39/130 290/39/134
f 291/41/135 289/39/133 287/41/131
f 290/39/134 292/41/136 288/41/132
f 289/39/133 291/41/135 293/39/137
f 292/41/136 290/39/134 294/39/138
f 291/41/135 295/39/139 293/39/137
f 296/39/140 292/41/136 294/39/138
f 297/41/141 292/41/136 296/39/140
f 297/41/141 296/39/140 298/41/142
f 295/39/139 291/41/135 299/41/143
f 295/39/139 299/41/143 300/41/144
f 301/39/145 295/39/139 300/41/144
f 300/41/144 302/39/146 301/39/145
f 302/39/146 300/41/144 303/41/147
f 302/39/146 303/41/147 304/39/148
f 305/41/149 306/41/150 307/39/151
f 308/41/152 307/39/151 306/41/150
f 307/39/151 309/39/153 305/41/149
f 307/39/151 308/41/152 310/39/154
f 309/39/153 311/41/155 305/41/149
f 312/41/156 310/39/154 308/41/152
f 311/41/155 309/39/153 313/39/157
f 310/39/154 312/41/156 314/39/158
f 313/39/157 315/41/159 311/41/155
f 316/41/160 314/39/158 312/41/156
f 315/41/159 313/39/157 317/39/161
f 314/39/158 316/41/160 318/39/162
f 319/39/163 315/41/159 317/39/161
f 320/39/164 318/39/162 316/41/160
f 316/41/160 321/41/165 320/39/164
f 321/41/165 322/41/166 320/39/164
f 315/41/159 319/39/163 323/41/167
f 319/39/163 324/41/168 323/41/167
f 324/41/168 319/39/163 325/39/169
f 326/39/170 324/41/168 325/39/169
f 324/41/168 326/39/170 327/41/171
f 326/39/170 328/39/172 327/41/171
f 329/39/173 330/40/174 331/40/175
f 330/40/174 329/39/173 332/39/117
f 333/39/176 334/40/123 335/39/177
f 334/40/123 333/39/176 336/40/178
f 337/40/179 338/39/180 339/39/181
f 338/39/180 337/40/179 340/40/182
f 341/39/183 342/40/184 343/39/185
f 342/40/184 341/39/183 344/40/186
f 345/42/187 346/41/188 347/41/188
f 348/43/189 347/41/188 346/41/188
f 345/42/187 347/41/188 349/42/190
f 350/44/191 345/42/187 349/42/190
f 345/42/187 350/44/191 351/44/191
f 347/41/188 348/43/189 352/43/192
f 348/43/189 353/39/193 352/43/192
f 348/43/189 354/39/193 353/39/193
f 355/45/194 353/39/193 354/39/193
f 353/39/193 355/45/194 356/45/195
f 357/46/196 356/45/195 355/45/194
f 355/45/194 358/46/196 357/46/196
f 359/40/197 360/39/198 361/40/199
f 360/39/198 359/40/197 362/39/200
f 363/39/201 364/40/202 365/40/203
f 364/40/202 363/39/201 366/39/204
f 367/40/205 368/39/206 369/40/207
f 368/39/206 367/40/205 370/39/208
f 371/40/209 372/39/210 373/39/211
f 372/39/210 371/40/209 374/40/212
f 375/41/213 376/41/214 377/39/215
f 378/41/216 377/39/215 376/41/214
f 377/39/215 379/39/217 375/41/213
f 377/39/215 378/41/216 380/39/218
f 379/39/217 381/41/219 375/41/213
f 382/41/220 380/39/218 378/41/216
f 381/41/219 379/39/217 383/39/221
f 380/39/218 382/41/220 384/39/222
f 383/39/221 385/41/223 381/41/219
f 386/41/224 384/39/222 382/41/220
f 385/41/223 383/39/221 387/39/225
f 384/39/222 386/41/224 388/39/226
f 389/39/227 385/41/223 387/39/225
f 390/39/228 388/39/226 386/41/224
f 386/41/224 391/41/229 390/39/228
f 391/41/229 392/41/230 390/39/228
f 385/41/223 389/39/227 393/41/231
f 389/39/227 394/41/232 393/41/231
f 394/41/232 389/39/227 395/39/233
f 396/39/234 394/41/232 395/39/233
f 394/41/232 396/39/234 397/41/235
f 396/39/234 398/39/236 397/41/235
f 399/41/237 400/39/238 401/41/239
f 400/39/238 402/41/240 401/41/239
f 400/39/238 399/41/237 403/39/241
f 402/41/240 400/39/238 404/39/242
f 403/39/241 399/41/237 405/41/243
f 404/39/242 406/41/244 402/41/240
f 407/39/245 403/39/241 405/41/243
f 406/41/244 404/39/242 408/39/246
f 409/41/247 407/39/245 405/41/243
f 408/39/246 410/41/248 406/41/244
f 407/39/245 409/41/247 411/39/249
f 410/41/248 408/39/246 412/39/250
f 409/41/247 413/39/251 411/39/249
f 414/39/252 410/41/248 412/39/250
f 415/41/253 410/41/248 414/39/252
f 415/41/253 414/39/252 416/41/254
f 413/39/251 409/41/247 417/41/255
f 413/39/251 417/41/255 418/41/256
f 419/39/257 413/39/251 418/41/256
f 418/41/256 420/39/258 419/39/257
f 420/39/258 418/41/256 421/41/259
f 420/39/258 421/41/259 422/39/260
f 423/40/261 424/39/262 425/40/263
f 424/39/262 423/40/261 426/39/264
f 427/39/265 428/40/212 429/40/266
f 428/40/212 427/39/265 430/39/267
f 431/42/268 432/41/269 433/41/269
f 431/42/268 433/41/269 434/42/270
f 435/44/271 431/42/268 434/42/270
f 431/42/268 435/44/271 436/44/271
f 437/47/272 438/48/273 439/48/274
f 439/48/274 440/47/272 437/47/272
f 441/49/275 439/48/274 438/48/273
f 439/48/274 441/49/275 442/49/275
f 443/39/276 444/40/199 445/39/198
f 444/40/199 443/39/276 446/40/277
f 447/39/278 448/40/203 449/40/279
f 448/40/203 447/39/278 450/39/201
f 451/39/280 452/39/281 453/41/282
f 453/41/282 452/39/281 454/41/283
f 451/39/280 453/41/282 455/41/284
f 452/39/281 456/39/285 454/41/283
f 457/39/286 451/39/280 455/41/284
f 456/39/285 458/41/287 454/41/283
f 455/41/284 459/41/288 457/39/286
f 458/41/287 456/39/285 460/39/289
f 461/41/290 457/39/286 459/41/288
f 462/39/291 458/41/287 460/39/289
f 457/39/286 461/41/290 463/39/292
f 458/41/287 462/39/291 464/41/293
f 465/41/294 463/39/292 461/41/290
f 464/41/293 462/39/291 466/41/295
f 463/39/292 465/41/294 467/39/296
f 462/39/291 468/39/297 466/41/295
f 469/39/298 467/39/296 465/41/294
f 465/41/294 470/41/299 469/39/298
f 470/41/299 471/41/300 469/39/298
f 472/39/301 466/41/295 468/39/297
f 466/41/295 472/39/301 473/41/302
f 472/39/301 474/39/303 473/41/302
f 475/39/304 476/41/305 477/39/306
f 478/41/307 477/39/306 476/41/305
f 476/41/305 475/39/304 479/41/308
f 480/39/309 477/39/306 478/41/307
f 475/39/304 481/39/310 479/41/308
f 480/39/309 478/41/307 482/41/311
f 479/41/308 481/39/310 483/41/312
f 484/39/313 480/39/309 482/41/311
f 481/39/310 485/41/314 483/41/312
f 482/41/311 486/39/315 484/39/313
f 485/41/314 481/39/310 487/39/316
f 486/39/315 482/41/311 488/41/317
f 487/39/316 489/41/318 485/41/314
f 490/41/319 486/39/315 488/41/317
f 489/41/318 487/39/316 491/39/320
f 492/39/321 486/39/315 490/41/319
f 493/39/322 489/41/318 491/39/320
f 489/41/318 493/39/322 494/41/323
f 494/41/323 493/39/322 495/41/324
f 490/41/319 496/39/325 492/39/321
f 496/39/325 490/41/319 497/41/326
f 496/39/325 497/41/326 498/39/327
f 499/39/328 500/39/328 501/43/329
f 501/43/329 500/39/328 502/43/330
f 503/41/331 501/43/329 502/43/330
f 501/43/329 503/41/331 504/41/331
f 505/45/332 506/46/333 507/46/333
f 505/45/332 507/46/333 508/45/334
f 509/39/335 505/45/332 508/45/334
f 505/45/332 509/39/335 510/39/335
f 511/39/336 512/40/337 513/39/338
f 512/40/337 511/39/336 514/40/197
f 515/40/339 516/39/340 517/39/341
f 516/39/340 515/40/339 518/40/202
f 519/40/342 520/39/343 521/40/344
f 520/39/343 519/40/342 522/39/345
f 523/39/346 524/40/347 525/40/348
f 524/40/347 523/39/346 526/39/349
f 527/39/350 528/41/351 529/39/352
f 530/41/353 529/39/352 528/41/351
f 528/41/351 527/39/350 531/41/354
f 532/39/355 529/39/352 530/41/353
f 533/39/356 531/41/354 527/39/350
f 532/39/355 530/41/353 534/41/357
f 535/41/358 531/41/354 533/39/356
f 536/39/359 532/39/355 534/41/357
f 533/39/356 537/41/360 535/41/358
f 534/41/357 538/39/361 536/39/359
f 537/41/360 533/39/356 539/39/362
f 538/39/361 534/41/357 540/41/363
f 539/39/362 541/41/364 537/41/360
f 542/41/365 538/39/361 540/41/363
f 541/41/364 539/39/362 543/39/366
f 544/39/367 538/39/361 542/41/365
f 545/39/368 541/41/364 543/39/366
f 541/41/364 545/39/368 546/41/369
f 546/41/369 545/39/368 547/41/370
f 542/41/365 548/39/371 544/39/367
f 548/39/371 542/41/365 549/41/372
f 548/39/371 549/41/372 550/39/373
f 551/39/374 552/39/375 553/41/376
f 553/41/376 552/39/375 554/41/377
f 551/39/374 553/41/376 555/41/378
f 552/39/375 556/39/379 554/41/377
f 557/39/380 551/39/374 555/41/378
f 556/39/379 558/41/381 554/41/377
f 557/39/380 555/41/378 559/41/382
f 558/41/381 556/39/379 560/39/383
f 561/41/384 557/39/380 559/41/382
f 562/39/385 558/41/381 560/39/383
f 557/39/380 561/41/384 563/39/386
f 558/41/381 562/39/385 564/41/387
f 565/41/388 563/39/386 561/41/384
f 564/41/387 562/39/385 566/41/389
f 563/39/386 565/41/388 567/39/390
f 562/39/385 568/39/391 566/41/389
f 569/39/392 567/39/390 565/41/388
f 565/41/388 570/41/393 569/39/392
f 570/41/393 571/41/394 569/39/392
f 572/39/395 566/41/389 568/39/391
f 566/41/389 572/39/395 573/41/396
f 572/39/395 574/39/397 573/41/396
f 575/39/398 576/40/399 577/40/400
f 576/40/399 575/39/398 578/39/401
f 579/40/402 580/39/403 581/40/404
f 580/39/403 579/40/402 582/39/405
f 583/50/406 584/51/407 585/51/408
f 586/40/409 585/51/408 584/51/407
f 585/51/408 587/50/406 583/50/406
f 585/51/408 586/40/409 588/40/409
f 589/52/410 583/50/406 587/50/406
f 590/53/411 588/40/409 586/40/409
f 583/50/406 589/52/410 591/52/412
f 592/54/413 591/52/412 589/52/410
f 589/52/410 593/54/413 592/54/413
f 590/53/411 586/40/409 594/53/414
f 595/55/415 590/53/411 594/53/414
f 590/53/411 595/55/415 596/55/415
f 597/50/416 598/41/417 599/50/418
f 598/41/417 597/50/416 600/41/419
f 601/50/420 602/41/421 603/41/422
f 602/41/421 601/50/420 604/50/423
f 605/40/424 606/39/425 607/39/426
f 606/39/425 605/40/424 608/40/427
f 609/40/428 610/39/429 611/40/430
f 610/39/429 609/40/428 612/39/431
f 613/39/432 614/40/427 615/40/433
f 614/40/427 613/39/432 616/39/425
f 617/40/434 618/39/435 619/40/436
f 618/39/435 617/40/434 620/39/429
f 621/40/437 622/39/438 623/40/439
f 622/39/438 621/40/437 624/39/440
f 625/39/441 626/40/348 627/40/442
f 626/40/348 625/39/441 628/39/443
f 629/39/444 630/40/400 631/40/445
f 630/40/400 629/39/444 632/39/398
f 633/40/404 634/39/446 635/40/447
f 634/39/446 633/40/404 636/39/403
f 637/39/448 638/40/449 639/39/262
f 638/40/449 637/39/448 640/40/450
f 641/39/451 642/40/452 643/40/453
f 642/40/452 641/39/451 644/39/265
f 645/40/454 646/39/455 647/39/456
f 646/39/455 645/40/454 648/40/457
f 649/40/458 650/39/459 651/40/460
f 650/39/459 649/40/458 652/39/461
f 653/54/462 654/52/463 655/52/464
f 655/52/464 656/54/462 653/54/462
f 657/50/465 655/52/464 654/52/463
f 655/52/464 657/50/465 658/50/465
f 659/56/466 660/57/467 661/57/467
f 659/56/466 661/57/467 662/56/468
f 663/58/469 659/56/466 662/56/468
f 659/56/466 663/58/469 664/58/469
f 665/40/470 666/40/470 667/53/471
f 667/53/471 666/40/470 668/53/472
f 669/55/473 667/53/471 668/53/472
f 667/53/471 669/55/473 670/55/473
f 671/51/474 672/50/475 673/50/475
f 671/51/474 673/50/475 674/51/476
f 675/40/477 671/51/474 674/51/476
f 671/51/474 675/40/477 676/40/477
f 677/40/478 678/39/479 679/39/480
f 678/39/479 677/40/478 680/40/481
f 681/40/482 682/39/483 683/40/484
f 682/39/483 681/40/482 684/39/485
f 685/47/191 686/48/486 687/48/487
f 687/48/487 688/47/488 685/47/191
f 689/49/196 687/48/487 686/48/486
f 687/48/487 689/49/196 690/49/196
f 691/40/489 692/40/399 693/39/490
f 693/39/490 692/40/399 694/39/491
f 695/40/402 696/40/492 697/39/493
f 697/39/493 698/39/494 695/40/402
f 699/40/495 700/39/496 701/39/497
f 699/40/495 702/40/498 700/39/496
f 703/39/499 704/39/500 705/40/501
f 705/40/501 704/39/500 706/40/502
f 707/40/503 708/50/504 709/50/505
f 709/50/505 710/50/506 707/40/503
f 707/40/503 711/40/507 708/50/504
f 711/40/507 712/50/508 708/50/504
f 711/40/507 713/40/509 712/50/508
f 714/50/510 712/50/508 713/40/509
f 714/50/510 713/40/509 715/40/511
f 715/40/511 716/50/512 714/50/510
f 715/40/511 717/40/513 716/50/512
f 718/50/514 719/50/515 720/40/516
f 718/50/514 720/40/516 721/50/517
f 719/50/515 722/40/518 720/40/516
f 723/50/519 722/40/518 719/50/515
f 724/40/520 722/40/518 723/50/519
f 725/50/521 724/40/520 723/50/519
f 726/40/522 724/40/520 725/50/521
f 726/40/522 725/50/521 727/50/523
f 726/40/522 727/50/523 728/40/524
f 729/40/525 730/40/526 731/39/527
f 730/40/526 732/39/528 731/39/527
f 730/40/526 733/39/529 732/39/528
f 733/39/529 730/40/526 734/40/530
f 735/39/531 736/40/532 737/40/533
f 736/40/532 735/39/531 738/39/534
f 739/39/535 736/40/532 738/39/534
f 736/40/532 739/39/535 740/40/536
f 741/40/537 742/39/538 743/40/175
f 742/39/538 741/40/537 744/39/539
f 745/40/540 746/39/541 744/39/539
f 746/39/541 745/40/540 747/40/542
f 748/40/543 749/39/544 750/39/545
f 749/39/544 748/40/543 751/40/178
f 752/39/546 753/40/547 750/39/545
f 753/40/547 752/39/546 754/40/548
f 755/40/489 756/39/549 757/40/550
f 756/39/549 755/40/489 758/39/551
f 759/40/492 760/40/552 761/39/553
f 759/40/492 761/39/553 762/39/554
f 763/50/555 764/41/556 765/50/557
f 764/41/556 763/50/555 766/41/558
f 767/41/559 766/41/558 768/50/560
f 767/41/559 768/50/560 769/50/561
f 770/50/562 771/41/563 772/41/564
f 771/41/563 770/50/562 773/50/565
f 774/41/566 775/50/567 772/41/568
f 776/50/569 775/50/567 774/41/566
f 777/40/445 778/40/570 779/39/444
f 780/39/571 779/39/444 778/40/570
f 780/39/571 781/40/572 782/39/573
f 783/40/447 784/39/446 785/40/574
f 784/39/446 786/39/575 785/40/574
f 786/39/575 787/39/576 788/40/577
f 789/40/578 790/39/579 791/40/580
f 790/39/579 789/40/578 792/39/581
f 793/40/582 794/39/583 795/39/584
f 794/39/583 793/40/582 796/40/585
f 797/39/586 798/40/587 799/40/439
f 798/40/587 797/39/586 800/39/588
f 800/39/588 801/39/589 802/40/590
f 803/39/591 804/39/441 805/40/592
f 805/40/592 804/39/441 806/40/442
f 803/39/591 807/40/592 808/39/593
f 809/56/594 810/57/595 811/57/415
f 809/56/594 811/57/415 812/56/596
f 813/58/413 809/56/594 812/56/596
f 809/56/594 813/58/413 814/58/597
f 815/40/481 816/39/598 817/39/479
f 816/39/598 815/40/481 818/40/599
f 819/40/600 816/39/598 818/40/599
f 820/39/601 816/39/598 819/40/600
f 820/39/602 821/40/603 822/39/604
f 823/40/484 824/39/605 825/40/606
f 824/39/605 823/40/484 826/39/483
f 827/40/607 825/40/606 824/39/605
f 824/39/605 828/39/608 827/40/607
f 828/39/608 829/39/609 830/40/610
f 831/39/611 832/40/612 833/40/613
f 832/40/612 831/39/611 834/39/614
f 835/39/615 832/40/612 834/39/614
f 832/40/612 835/39/615 836/40/616
f 837/40/617 838/40/618 839/39/619
f 838/40/618 840/39/620 839/39/619
f 838/40/618 841/39/621 840/39/620
f 841/39/621 838/40/618 842/40/622
f 843/40/498 844/40/623 845/39/624
f 843/40/498 845/39/624 846/39/625
f 847/40/205 848/40/626 849/39/627
f 850/40/502 851/39/628 852/40/629
f 851/39/628 850/40/502 853/39/630
f 854/40/209 855/39/211 856/40/631
f 857/40/632 858/39/633 859/39/634
f 858/39/633 857/40/632 860/40/277
f 861/39/635 857/40/632 859/39/634
f 857/40/632 861/39/635 862/40/636
f 863/40/637 864/39/638 865/40/639
f 864/39/638 863/40/637 866/39/640
f 863/40/637 867/39/641 866/39/640
f 867/39/641 863/40/637 868/40/642
f 869/40/643 870/39/644 871/39/645
f 870/39/644 869/40/643 872/40/646
f 873/40/647 874/39/648 875/40/649
f 874/39/648 873/40/647 876/39/650
f 877/40/651 878/39/426 879/40/652
f 880/40/428 881/40/653 882/39/654
f 883/40/580 884/39/655 885/40/656
f 884/39/655 883/40/580 886/39/579
f 887/40/657 885/40/656 884/39/655
f 884/39/655 888/39/658 887/40/657
f 888/39/659 889/39/660 890/40/661
f 891/40/662 892/39/663 893/39/583
f 892/39/663 891/40/662 894/40/664
f 895/40/665 892/39/663 894/40/664
f 896/39/666 892/39/663 895/40/665
f 896/39/666 897/40/667 898/39/668
f 899/39/669 900/40/542 901/40/670
f 900/40/542 899/39/669 902/39/671
f 903/39/672 904/40/673 905/39/546
f 904/40/673 903/39/672 906/40/674
f 907/40/675 908/39/676 909/40/677
f 908/39/676 907/40/675 910/39/678
f 911/40/679 912/39/680 913/39/681
f 912/39/680 911/40/679 914/40/682
f 915/40/683 916/39/684 917/40/685
f 918/40/686 919/40/687 920/39/688
f 921/39/689 922/40/636 923/39/635
f 922/40/636 921/39/689 924/40/675
f 925/39/690 926/40/642 927/40/679
f 926/40/642 925/39/690 928/39/641
f 929/40/691 930/40/692 931/39/693
f 932/40/339 933/39/694 934/40/695
f 935/50/696 936/41/556 937/41/697
f 935/50/696 938/50/557 936/41/556
f 937/41/698 939/41/699 940/50/700
f 941/50/701 942/41/702 943/41/563
f 943/41/563 944/50/565 941/50/701
f 942/41/703 945/50/701 946/41/704
f 947/50/140 948/50/142 949/41/141
f 950/50/164 951/41/165 952/50/705
f 953/40/706 954/40/707 955/39/708
f 956/40/709 957/39/710 958/40/711
f 959/50/712 960/41/229 961/50/713
f 962/50/252 963/50/714 964/41/715
f 965/50/716 966/50/324 967/41/323
f 968/50/717 969/41/718 970/50/300
f 971/39/719 972/40/706 973/39/720
f 972/40/706 971/39/719 974/40/721
f 975/40/709 976/39/722 977/39/710
f 976/39/722 975/40/709 978/40/723
f 979/50/392 980/41/393 981/50/394
f 982/50/368 983/50/370 984/41/369
f 985/41/724 986/50/126 987/41/725
f 986/50/126 985/41/724 988/50/129
f 989/41/128 987/41/725 986/50/126
f 986/50/126 990/50/130 989/41/128
f 991/50/151 992/41/726 993/41/727
f 992/41/726 991/50/151 994/50/153
f 995/41/152 991/50/151 993/41/727
f 996/50/154 991/50/151 995/41/152
f 997/50/728 998/41/131 999/50/729
f 998/41/131 997/50/728 1000/41/125
f 1001/50/730 1002/41/731 1003/41/149
f 1002/41/731 1001/50/730 1004/50/732
f 1005/41/733 1006/41/734 1007/50/134
f 1007/50/134 1008/50/735 1005/41/733
f 1009/50/140 1005/41/733 1008/50/735
f 1005/41/733 1009/50/140 1010/41/736
f 1011/41/737 1012/41/738 1013/50/158
f 1013/50/158 1012/41/738 1014/50/739
f 1012/41/738 1015/50/164 1014/50/739
f 1015/50/164 1012/41/738 1016/41/740
f 1017/50/215 1018/41/213 1019/41/741
f 1018/41/213 1017/50/215 1020/50/217
f 1021/41/216 1017/50/215 1019/41/741
f 1022/50/742 1017/50/215 1021/41/216
f 1023/41/237 1024/50/238 1025/41/743
f 1024/50/238 1023/41/237 1026/50/241
f 1027/41/240 1025/41/743 1024/50/238
f 1024/50/238 1028/50/242 1027/41/240
f 1029/50/306 1030/41/744 1031/50/745
f 1030/41/744 1029/50/306 1032/41/746
f 1033/50/281 1034/41/747 1035/41/748
f 1034/41/747 1033/50/281 1036/50/285
f 1037/39/749 1038/40/721 1039/39/750
f 1038/40/721 1037/39/749 1040/40/751
f 1041/40/752 1042/39/753 1043/39/754
f 1042/39/753 1041/40/752 1044/40/755
f 1045/41/305 1046/50/304 1047/41/756
f 1046/50/304 1045/41/305 1048/50/306
f 1049/50/280 1050/41/282 1051/41/757
f 1050/41/282 1049/50/280 1052/50/281
f 1053/50/322 1054/41/758 1055/50/320
f 1054/41/758 1053/50/322 1056/41/759
f 1057/41/760 1058/50/761 1059/50/762
f 1058/50/761 1057/41/760 1060/41/299
f 1061/41/763 1062/41/764 1063/50/222
f 1063/50/222 1062/41/764 1064/50/226
f 1062/41/764 1065/50/228 1064/50/226
f 1065/50/228 1062/41/764 1066/41/765
f 1067/41/766 1068/41/767 1069/50/246
f 1069/50/246 1070/50/250 1067/41/766
f 1071/50/252 1067/41/766 1070/50/250
f 1067/41/766 1071/50/252 1072/41/768
f 1073/50/130 1074/50/134 1075/41/734
f 1073/50/130 1075/41/734 1076/41/769
f 1077/41/770 1078/41/737 1079/50/154
f 1080/50/158 1079/50/154 1078/41/737
f 1081/41/388 1082/50/771 1083/50/390
f 1082/50/771 1081/41/388 1084/41/393
f 1085/50/772 1086/41/364 1087/50/773
f 1086/41/364 1085/50/772 1088/41/369
f 1089/50/745 1090/41/774 1091/50/775
f 1090/41/774 1089/50/745 1092/41/307
f 1093/50/776 1094/41/777 1095/41/283
f 1094/41/777 1093/50/776 1096/50/778
f 1097/41/779 1098/50/780 1099/41/131
f 1098/50/780 1097/41/779 1100/50/137
f 1101/41/781 1102/50/782 1103/50/161
f 1102/50/782 1101/41/781 1104/41/155
f 1105/50/783 1106/41/784 1107/41/376
f 1106/41/784 1105/50/783 1108/50/379
f 1109/50/352 1110/41/785 1111/50/355
f 1110/41/785 1109/50/352 1112/41/786
f 1113/50/217 1114/41/787 1115/41/213
f 1114/41/787 1113/50/217 1116/50/788
f 1116/50/789 1117/41/790 1118/41/791
f 1117/41/790 1116/50/789 1119/50/225
f 1120/50/792 1121/41/793 1122/50/245
f 1121/41/793 1120/50/792 1123/41/794
f 1122/50/245 1124/41/795 1125/50/249
f 1124/41/795 1122/50/245 1126/41/243
f 1127/50/796 1128/41/376 1129/41/378
f 1128/41/376 1127/50/796 1130/50/375
f 1131/41/351 1132/50/350 1133/41/354
f 1132/50/350 1131/41/351 1134/50/352
f 1135/41/797 1136/50/798 1137/41/799
f 1136/50/798 1135/41/797 1138/50/800
f 1139/41/801 1140/50/802 1141/50/803
f 1140/50/802 1139/41/801 1142/41/288
f 1143/56/804 1144/58/805 1145/59/806
f 1146/60/806 1147/54/805 1148/52/807
f 1149/61/808 1150/40/809 1151/53/810
f 1152/62/808 1153/51/811 1154/40/809
f 1155/50/379 1156/41/812 1157/41/377
f 1156/41/812 1155/50/379 1158/50/383
f 1159/50/813 1160/41/814 1161/50/815
f 1160/41/814 1159/50/813 1162/41/785
f 1163/63/808 1164/52/807 1165/50/816
f 1166/57/817 1167/56/804 1168/64/808
f 1169/65/808 1170/53/810 1171/55/818
f 1172/41/819 1173/41/763 1174/50/820
f 1175/50/222 1174/50/820 1173/41/763
f 1176/50/242 1177/50/246 1178/41/767
f 1176/50/242 1178/41/767 1179/41/821
f 1180/66/808 1181/50/822 1182/51/811
f 1183/50/823 1184/41/378 1185/41/382
f 1184/41/378 1183/50/823 1186/50/796
f 1187/50/824 1188/41/354 1189/50/350
f 1188/41/354 1187/50/824 1190/41/358
f 1191/41/825 1192/39/826 1193/41/827
f 1192/39/826 1194/39/828 1193/41/827
f 1192/39/826 1191/41/825 1195/39/829
f 1196/39/830 1195/39/829 1191/41/825
f 1197/41/831 1196/39/830 1191/41/825
f 1198/41/832 1196/39/830 1197/41/831
f 1196/39/830 1198/41/832 1199/39/833
f 1198/41/832 1200/39/834 1199/39/833
f 1200/39/834 1198/41/832 1201/41/835
f 1202/39/836 1203/41/837 1204/41/838
f 1202/39/836 1204/41/838 1205/39/839
f 1203/41/837 1202/39/836 1206/39/840
f 1206/39/840 1207/39/841 1203/41/837
f 1203/41/837 1207/39/841 1208/41/842
f 1207/39/841 1209/41/843 1208/41/842
f 1209/41/843 1207/39/841 1210/39/844
f 1210/39/844 1211/39/845 1209/41/843
f 1211/39/845 1212/41/846 1209/41/843
f 1213/67/847 1214/47/848 1215/48/849
f 1216/42/850 1217/44/848 1218/63/847
f 1219/39/851 1220/43/852 1221/61/847
f 1222/45/853 1223/39/851 1224/65/847
f 1225/40/854 1226/39/855 1227/40/856
f 1226/39/855 1225/40/854 1228/39/749
f 1229/40/755 1230/39/857 1231/39/753
f 1230/39/857 1229/40/755 1232/40/858
f 1233/59/847 1234/48/849 1235/49/859
f 1236/41/860 1237/42/850 1238/66/847
f 1239/46/859 1240/45/853 1241/68/861
f 1242/43/852 1243/41/860 1244/62/847
f 1245/41/384 1246/41/862 1247/50/386
f 1248/50/863 1247/50/386 1246/41/862
f 1249/41/364 1250/50/864 1251/50/366
f 1250/50/864 1249/41/364 1252/41/865
f 1253/41/318 1254/50/316 1255/50/866
f 1254/50/316 1253/41/318 1256/41/314
f 1257/41/867 1258/41/294 1259/50/868
f 1260/50/296 1259/50/868 1258/41/294
f 1261/50/386 1262/50/380 1263/41/384
f 1262/50/380 1264/41/869 1263/41/384
f 1265/41/360 1266/50/870 1267/50/864
f 1266/50/870 1265/41/360 1268/41/358
f 1269/50/385 1270/41/871 1271/41/872
f 1270/41/871 1269/50/385 1272/50/873
f 1273/41/381 1274/50/385 1271/41/387
f 1275/50/383 1274/50/385 1273/41/381
f 1276/50/361 1277/41/874 1278/50/875
f 1277/41/874 1276/50/361 1279/41/876
f 1280/41/357 1279/41/363 1281/50/877
f 1280/41/357 1281/50/877 1282/50/878
f 1283/41/879 1284/50/310 1285/50/316
f 1284/50/310 1283/41/879 1286/41/312
f 1287/50/868 1288/50/286 1289/41/290
f 1288/50/286 1290/41/288 1289/41/290
f 1291/50/880 1292/41/319 1293/50/321
f 1292/41/319 1291/50/880 1294/41/881
f 1295/41/311 1294/41/317 1296/50/315
f 1295/41/311 1296/50/315 1297/50/775
f 1298/50/882 1299/41/883 1300/41/884
f 1299/41/883 1298/50/882 1301/50/297
f 1302/41/287 1303/50/291 1300/41/293
f 1304/50/778 1303/50/291 1302/41/287
f 1305/50/371 1306/41/874 1307/41/885
f 1305/50/371 1308/50/875 1306/41/874
f 1307/41/886 1309/41/373 1310/50/371
f 1311/50/395 1312/41/871 1313/50/887
f 1311/50/395 1314/41/888 1312/41/871
f 1314/41/396 1315/50/889 1316/41/397
f 1317/40/890 1318/39/891 1319/40/892
f 1318/39/891 1317/40/890 1320/39/893
f 1321/40/858 1322/39/894 1323/39/857
f 1322/39/894 1321/40/858 1324/40/895
f 1325/41/896 1326/50/897 1327/41/898
f 1327/41/898 1326/50/897 1328/50/899
f 1325/41/896 1329/41/148 1330/50/146
f 1331/41/900 1332/50/901 1333/50/170
f 1331/41/900 1333/50/170 1334/41/902
f 1334/41/902 1335/50/903 1336/41/172
f 1337/40/904 1338/50/535 1339/50/905
f 1338/50/535 1337/40/904 1340/40/536
f 1339/50/905 1341/40/402 1337/40/904
f 1340/40/536 1342/40/532 1338/50/535
f 1341/40/402 1339/50/905 1343/50/494
f 1338/50/535 1342/40/532 1344/50/534
f 1341/40/402 1343/50/494 1345/50/403
f 1342/40/532 1346/50/906 1344/50/534
f 1347/40/907 1341/40/402 1345/50/403
f 1346/50/906 1342/40/532 1348/40/533
f 1345/50/403 1349/50/446 1347/40/907
f 1350/40/436 1346/50/906 1348/40/533
f 1351/40/447 1347/40/907 1349/50/446
f 1352/50/461 1346/50/906 1350/40/436
f 1349/50/446 1353/40/908 1351/40/447
f 1353/40/908 1349/50/446 1354/50/575
f 1353/40/908 1354/50/575 1355/40/909
f 1350/40/436 1356/40/430 1352/50/461
f 1352/50/461 1356/40/430 1357/50/910
f 1358/40/428 1357/50/910 1356/40/430
f 1359/50/911 1357/50/910 1358/40/428
f 1359/50/911 1358/40/428 1360/50/653
f 1361/50/529 1362/40/912 1363/50/913
f 1362/40/912 1361/50/529 1364/40/530
f 1365/40/914 1363/50/913 1362/40/912
f 1366/40/526 1364/40/530 1361/50/529
f 1363/50/913 1365/40/914 1367/50/491
f 1366/40/526 1361/50/529 1368/50/528
f 1365/40/914 1369/50/398 1367/50/491
f 1370/50/455 1366/40/526 1368/50/528
f 1369/50/398 1365/40/914 1371/40/915
f 1366/40/526 1370/50/455 1372/40/525
f 1371/40/915 1373/50/444 1369/50/398
f 1374/40/433 1372/40/525 1370/50/455
f 1373/50/444 1371/40/915 1375/40/445
f 1374/40/433 1370/50/455 1376/50/456
f 1377/40/572 1373/50/444 1375/40/445
f 1373/50/444 1377/40/572 1378/50/571
f 1377/40/572 1379/40/916 1378/50/571
f 1380/40/917 1374/40/433 1376/50/456
f 1380/40/917 1376/50/456 1381/50/918
f 1382/40/919 1380/40/917 1381/50/918
f 1382/40/919 1381/50/918 1383/50/920
f 1383/50/920 1384/50/652 1382/40/919
f 1385/40/498 1386/50/624 1387/50/921
f 1386/50/624 1385/40/498 1388/40/922
f 1387/50/921 1389/40/342 1385/40/498
f 1388/40/922 1390/40/612 1386/50/624
f 1389/40/342 1387/50/921 1391/50/497
f 1386/50/624 1390/40/612 1392/50/923
f 1389/40/342 1391/50/497 1393/50/343
f 1390/40/612 1394/50/611 1392/50/923
f 1395/40/924 1389/40/342 1393/50/343
f 1394/50/611 1390/40/612 1396/40/925
f 1393/50/343 1397/50/438 1395/40/924
f 1396/40/925 1398/40/926 1394/50/611
f 1399/40/439 1395/40/924 1397/50/438
f 1394/50/611 1398/40/926 1400/50/262
f 1397/50/438 1401/40/587 1399/40/439
f 1401/40/587 1397/50/438 1402/50/588
f 1401/40/587 1402/50/588 1403/40/589
f 1398/40/926 1404/40/927 1400/50/262
f 1400/50/262 1404/40/927 1405/50/264
f 1406/40/928 1405/50/264 1404/40/927
f 1407/50/929 1405/50/264 1406/40/928
f 1407/50/929 1406/40/928 1408/50/626
f 1409/50/628 1410/40/502 1411/50/930
f 1410/40/502 1409/50/628 1412/40/622
f 1413/40/347 1411/50/930 1410/40/502
f 1414/40/618 1412/40/622 1409/50/628
f 1411/50/930 1413/40/347 1415/50/499
f 1414/40/618 1409/50/628 1416/50/931
f 1413/40/347 1417/50/346 1415/50/499
f 1418/50/932 1414/40/618 1416/50/931
f 1417/50/346 1413/40/347 1419/40/933
f 1414/40/618 1418/50/932 1420/40/934
f 1419/40/933 1421/50/441 1417/50/346
f 1422/40/452 1420/40/934 1418/50/932
f 1421/50/441 1419/40/933 1423/40/442
f 1418/50/932 1424/50/265 1422/40/452
f 1425/40/592 1421/50/441 1423/40/442
f 1421/50/441 1425/40/592 1426/50/591
f 1425/40/592 1427/40/593 1426/50/591
f 1428/40/935 1422/40/452 1424/50/265
f 1428/40/935 1424/50/265 1429/50/267
f 1430/40/936 1428/40/935 1429/50/267
f 1430/40/936 1429/50/267 1431/50/937
f 1431/50/937 1432/50/631 1430/40/936
f 1433/40/542 1434/40/670 1435/50/645
f 1436/50/644 1435/50/645 1434/40/670
f 1435/50/645 1437/50/671 1433/40/542
f 1434/40/670 1438/40/938 1436/50/644
f 1439/40/939 1433/40/542 1437/50/671
f 1438/40/938 1440/50/479 1436/50/644
f 1439/40/939 1437/50/671 1441/50/539
f 1438/40/938 1442/40/481 1440/50/479
f 1443/50/940 1439/40/939 1441/50/539
f 1442/40/481 1444/50/598 1440/50/479
f 1439/40/939 1443/50/940 1445/40/941
f 1442/40/481 1446/40/599 1444/50/598
f 1447/40/119 1445/40/941 1443/50/940
f 1448/40/600 1444/50/598 1446/40/599
f 1444/50/598 1448/40/600 1449/50/602
f 1448/40/600 1450/40/604 1449/50/602
f 1443/50/940 1451/50/942 1447/40/119
f 1452/40/182 1447/40/119 1451/50/942
f 1452/40/182 1451/50/942 1453/50/943
f 1453/50/943 1454/40/944 1452/40/182
f 1454/40/944 1453/50/943 1455/50/181
f 1455/50/181 1456/50/685 1454/40/944
f 1457/40/674 1458/40/673 1459/50/650
f 1459/50/650 1458/40/673 1460/50/546
f 1461/50/648 1457/40/674 1459/50/650
f 1462/40/547 1460/50/546 1458/40/673
f 1463/40/945 1457/40/674 1461/50/648
f 1460/50/546 1462/40/547 1464/50/545
f 1461/50/648 1465/50/483 1463/40/945
f 1462/40/547 1466/50/176 1464/50/545
f 1467/40/484 1463/40/945 1465/50/483
f 1466/50/176 1462/40/547 1468/40/946
f 1465/50/483 1469/50/605 1467/40/484
f 1468/40/946 1470/40/947 1466/50/176
f 1467/40/484 1469/50/605 1471/40/606
f 1466/50/176 1470/40/947 1472/50/948
f 1469/50/605 1473/40/607 1471/40/606
f 1473/40/607 1469/50/605 1474/50/608
f 1473/40/607 1474/50/608 1475/40/949
f 1476/40/186 1472/50/948 1470/40/947
f 1472/50/948 1476/40/186 1477/50/950
f 1476/40/186 1478/40/951 1477/50/950
f 1479/50/688 1477/50/950 1478/40/951
f 1479/50/688 1478/40/951 1480/50/687
f 1481/50/301 1482/41/883 1483/50/952
f 1481/50/301 1484/41/953 1482/41/883
f 1484/41/953 1485/50/954 1486/41/303
f 1487/50/325 1488/41/955 1489/41/956
f 1487/50/325 1490/50/957 1488/41/955
f 1489/41/958 1491/41/327 1492/50/959
f 1493/50/960 1494/41/144 1495/50/961
f 1494/41/144 1493/50/960 1496/41/143
f 1497/41/962 1496/41/143 1498/50/960
f 1499/50/137 1497/41/962 1498/50/960
f 1500/50/163 1501/41/168 1502/41/167
f 1501/41/168 1500/50/163 1503/50/963
f 1504/41/159 1505/50/964 1502/41/965
f 1506/50/966 1505/50/964 1504/41/159
f 1507/41/967 1508/50/233 1509/50/234
f 1507/41/967 1509/50/234 1510/41/235
f 1510/41/968 1511/50/234 1512/41/236
f 1513/41/969 1514/50/970 1515/41/971
f 1515/41/971 1514/50/970 1516/50/257
f 1513/41/972 1517/41/260 1518/50/258
f 1519/50/973 1520/50/227 1521/41/223
f 1521/41/223 1520/50/227 1522/41/974
f 1523/50/975 1524/41/247 1525/50/976
f 1524/41/247 1526/41/255 1525/50/976
f 1527/40/675 1528/40/636 1529/50/678
f 1529/50/678 1528/40/636 1530/50/635
f 1531/50/676 1527/40/675 1529/50/678
f 1532/40/632 1530/50/635 1528/40/636
f 1533/40/977 1527/40/675 1531/50/676
f 1530/50/635 1532/40/632 1534/50/634
f 1531/50/676 1535/50/579 1533/40/977
f 1532/40/632 1536/50/978 1534/50/634
f 1537/40/580 1533/40/977 1535/50/579
f 1536/50/978 1532/40/632 1538/40/277
f 1535/50/579 1539/50/655 1537/40/580
f 1538/40/277 1540/40/979 1536/50/978
f 1537/40/580 1539/50/655 1541/40/656
f 1536/50/978 1540/40/979 1542/50/980
f 1539/50/655 1543/40/657 1541/40/656
f 1543/40/657 1539/50/655 1544/50/659
f 1543/40/657 1544/50/659 1545/40/981
f 1546/40/197 1542/50/980 1540/40/979
f 1542/50/980 1546/40/197 1547/50/336
f 1546/40/197 1548/40/982 1547/50/336
f 1549/50/693 1547/50/336 1548/40/982
f 1549/50/693 1548/40/982 1550/50/983
f 1551/40/642 1552/40/679 1553/50/984
f 1554/50/680 1553/50/984 1552/40/679
f 1553/50/984 1555/50/641 1551/40/642
f 1552/40/679 1556/40/985 1554/50/680
f 1557/40/637 1551/40/642 1555/50/641
f 1556/40/985 1558/50/583 1554/50/680
f 1557/40/637 1555/50/641 1559/50/986
f 1556/40/985 1560/40/585 1558/50/583
f 1561/50/987 1557/40/637 1559/50/986
f 1560/40/585 1562/50/663 1558/50/583
f 1557/40/637 1561/50/987 1563/40/279
f 1560/40/585 1564/40/664 1562/50/663
f 1565/40/203 1563/40/279 1561/50/987
f 1566/40/665 1562/50/663 1564/40/664
f 1562/50/663 1566/40/665 1567/50/666
f 1566/40/665 1568/40/668 1567/50/666
f 1561/50/987 1569/50/988 1565/40/203
f 1570/40/202 1565/40/203 1569/50/988
f 1570/40/202 1569/50/988 1571/50/340
f 1571/50/340 1572/40/989 1570/40/202
f 1572/40/989 1571/50/340 1573/50/341
f 1573/50/341 1574/50/990 1572/40/989
f 1575/50/991 1576/41/967 1577/41/992
f 1576/41/967 1575/50/991 1578/50/993
f 1579/50/994 1580/41/995 1581/50/996
f 1580/41/995 1579/50/994 1582/41/997
