# Blender 5.2.0 LTS
# www.blender.org
mtllib gloriious fist.mtl
o RenderMesh_86806391690712
v -0.226168 -0.374493 0.279358
v -0.239905 -0.383651 0.279358
v -0.217010 -0.383651 0.291804
v -0.217010 -0.360756 0.279358
v 0.226168 -0.374493 -0.279357
v 0.239905 -0.383651 -0.279357
v 0.217010 -0.383651 -0.291804
v 0.217010 -0.360756 -0.279357
v 0.224668 -0.374493 0.279358
v 0.215510 -0.360756 0.279358
v 0.215510 -0.383651 0.291804
v 0.238404 -0.383651 0.279358
v -0.224669 -0.374493 -0.279357
v -0.215511 -0.360756 -0.279357
v -0.215511 -0.383651 -0.291803
v -0.238405 -0.383651 -0.279357
v -0.226168 -0.392809 0.279358
v -0.217010 -0.406546 0.279358
v -0.217010 -0.383651 0.291804
v -0.239905 -0.383651 0.279358
v 0.226168 -0.392809 -0.279357
v 0.217010 -0.406546 -0.279357
v 0.217010 -0.383651 -0.291804
v 0.239905 -0.383651 -0.279357
v 0.215510 -0.406546 0.279358
v 0.224668 -0.392809 0.279358
v 0.215510 -0.383651 0.291804
v 0.238404 -0.383651 0.279358
v -0.215511 -0.406546 -0.279357
v -0.224669 -0.392809 -0.279357
v -0.215511 -0.383651 -0.291803
v -0.238405 -0.383651 -0.279357
v -0.279358 -0.403347 -0.205091
v -0.279358 -0.417084 -0.195933
v -0.291804 -0.394189 -0.195934
v -0.279358 -0.394189 -0.218828
v 0.279357 -0.403347 0.205092
v 0.279357 -0.417084 0.195934
v 0.291804 -0.394189 0.195934
v 0.279357 -0.394189 0.218829
v -0.279358 -0.417084 0.194434
v -0.279358 -0.403347 0.203592
v -0.291804 -0.394189 0.194434
v -0.279358 -0.394189 0.217329
v 0.279357 -0.417084 -0.194434
v 0.279357 -0.403347 -0.203592
v 0.291803 -0.394189 -0.194434
v 0.279357 -0.394189 -0.217329
v -0.279358 -0.385031 -0.205091
v -0.279358 -0.394189 -0.218828
v -0.291804 -0.394189 -0.195934
v -0.279358 -0.371294 -0.195933
v 0.279357 -0.385031 0.205092
v 0.279357 -0.394189 0.218829
v 0.291804 -0.394189 0.195934
v 0.279357 -0.371294 0.195934
v -0.279358 -0.385031 0.203592
v -0.279358 -0.371294 0.194434
v -0.291804 -0.394189 0.194434
v -0.279358 -0.394189 0.217329
v 0.279357 -0.385031 -0.203592
v 0.279357 -0.371294 -0.194434
v 0.291803 -0.394189 -0.194434
v 0.279357 -0.394189 -0.217329
v -0.279358 -0.403347 0.185277
v -0.279358 -0.417084 0.194434
v -0.291804 -0.394189 0.194434
v -0.279358 -0.394189 0.171540
v 0.279357 -0.403347 -0.185277
v 0.279357 -0.417084 -0.194434
v 0.291803 -0.394189 -0.194434
v 0.279357 -0.394189 -0.171540
v -0.279358 -0.417084 -0.195933
v -0.279358 -0.403347 -0.186776
v -0.291804 -0.394189 -0.195934
v -0.279358 -0.394189 -0.173039
v 0.279357 -0.417084 0.195934
v 0.279357 -0.403347 0.186776
v 0.291804 -0.394189 0.195934
v 0.279357 -0.394189 0.173040
v -0.279358 -0.385031 0.185277
v -0.279358 -0.394189 0.171540
v -0.291804 -0.394189 0.194434
v -0.279358 -0.371294 0.194434
v 0.279357 -0.385031 -0.185277
v 0.279357 -0.394189 -0.171540
v 0.291803 -0.394189 -0.194434
v 0.279357 -0.371294 -0.194434
v -0.279358 -0.385031 -0.186776
v -0.279358 -0.371294 -0.195933
v -0.291804 -0.394189 -0.195934
v -0.279358 -0.394189 -0.173039
v 0.279357 -0.385031 0.186776
v 0.279357 -0.371294 0.195934
v 0.291804 -0.394189 0.195934
v 0.279357 -0.394189 0.173040
v 0.206352 -0.374493 0.279358
v 0.192615 -0.383651 0.279358
v 0.215510 -0.383651 0.291804
v 0.215510 -0.360756 0.279358
v -0.206353 -0.374493 -0.279357
v -0.192616 -0.383651 -0.279357
v -0.215511 -0.383651 -0.291803
v -0.215511 -0.360756 -0.279357
v -0.207852 -0.374493 0.279358
v -0.217010 -0.360756 0.279358
v -0.217010 -0.383651 0.291804
v -0.194116 -0.383651 0.279358
v 0.207852 -0.374493 -0.279357
v 0.217010 -0.360756 -0.279357
v 0.217010 -0.383651 -0.291804
v 0.194115 -0.383651 -0.279357
v 0.206352 -0.392809 0.279358
v 0.215510 -0.406546 0.279358
v 0.215510 -0.383651 0.291804
v 0.192615 -0.383651 0.279358
v -0.206353 -0.392809 -0.279357
v -0.215511 -0.406546 -0.279357
v -0.215511 -0.383651 -0.291803
v -0.192616 -0.383651 -0.279357
v -0.217010 -0.406546 0.279358
v -0.207852 -0.392809 0.279358
v -0.217010 -0.383651 0.291804
v -0.194116 -0.383651 0.279358
v 0.217010 -0.406546 -0.279357
v 0.207852 -0.392809 -0.279357
v 0.217010 -0.383651 -0.291804
v 0.194115 -0.383651 -0.279357
vn -0.4900 0.4900 0.7210
vn -0.3883 0.5824 0.7142
vn -0.5824 0.3883 0.7142
vn 0.4900 0.4900 -0.7210
vn 0.3883 0.5824 -0.7142
vn 0.5824 0.3883 -0.7142
vn 0.4900 0.4900 0.7210
vn 0.5824 0.3883 0.7142
vn 0.3883 0.5824 0.7142
vn -0.4900 0.4900 -0.7210
vn -0.5824 0.3883 -0.7142
vn -0.3883 0.5824 -0.7142
vn -0.4900 -0.4900 0.7210
vn -0.5824 -0.3883 0.7142
vn -0.3883 -0.5824 0.7142
vn 0.4900 -0.4900 -0.7210
vn 0.5824 -0.3883 -0.7142
vn 0.3883 -0.5824 -0.7142
vn 0.5824 -0.3883 0.7142
vn 0.4900 -0.4900 0.7210
vn 0.3883 -0.5824 0.7142
vn -0.5824 -0.3883 -0.7142
vn -0.4900 -0.4900 -0.7210
vn -0.3883 -0.5824 -0.7142
vn -0.7210 -0.4900 -0.4900
vn -0.7142 -0.3883 -0.5824
vn -0.7142 -0.5824 -0.3883
vn 0.7210 -0.4900 0.4900
vn 0.7142 -0.3883 0.5824
vn 0.7142 -0.5824 0.3883
vn -0.7142 -0.3883 0.5824
vn -0.7210 -0.4900 0.4900
vn -0.7142 -0.5824 0.3883
vn 0.7142 -0.3883 -0.5824
vn 0.7210 -0.4900 -0.4899
vn 0.7210 -0.4900 -0.4900
vn 0.7142 -0.5824 -0.3883
vn -0.7210 0.4900 -0.4900
vn -0.7142 0.5824 -0.3883
vn -0.7142 0.3883 -0.5824
vn 0.7210 0.4900 0.4900
vn 0.7142 0.5824 0.3883
vn 0.7142 0.3883 0.5824
vn -0.7210 0.4900 0.4900
vn -0.7142 0.3883 0.5824
vn -0.7142 0.5824 0.3883
vn 0.7210 0.4900 -0.4899
vn 0.7142 0.3883 -0.5824
vn 0.7210 0.4900 -0.4900
vn 0.7142 0.5824 -0.3883
vn 0.7142 -0.3882 0.5824
vn -0.7142 -0.3882 0.5824
vn 0.7142 0.3882 0.5824
vn -0.7142 0.3882 0.5824
vt 0.000000 0.000000
s 1
f 1/1/1 2/1/2 3/1/1
f 4/1/3 1/1/1 3/1/1
f 5/1/4 6/1/5 7/1/4
f 8/1/6 5/1/4 7/1/4
f 9/1/7 10/1/8 11/1/7
f 12/1/9 9/1/7 11/1/7
f 13/1/10 14/1/11 15/1/10
f 16/1/12 13/1/10 15/1/10
f 17/1/13 18/1/14 19/1/13
f 20/1/15 17/1/13 19/1/13
f 21/1/16 22/1/17 23/1/16
f 24/1/18 21/1/16 23/1/16
f 25/1/19 26/1/20 27/1/20
f 26/1/20 28/1/21 27/1/20
f 29/1/22 30/1/23 31/1/23
f 30/1/23 32/1/24 31/1/23
f 33/1/25 34/1/26 35/1/25
f 36/1/27 33/1/25 35/1/25
f 37/1/28 38/1/29 39/1/28
f 40/1/30 37/1/28 39/1/28
f 41/1/31 42/1/32 43/1/32
f 42/1/32 44/1/33 43/1/32
f 45/1/34 46/1/35 47/1/36
f 46/1/35 48/1/37 47/1/36
f 49/1/38 50/1/39 51/1/38
f 52/1/40 49/1/38 51/1/38
f 53/1/41 54/1/42 55/1/41
f 56/1/43 53/1/41 55/1/41
f 57/1/44 58/1/45 59/1/44
f 60/1/46 57/1/44 59/1/44
f 61/1/47 62/1/48 63/1/49
f 64/1/50 61/1/47 63/1/49
f 65/1/25 66/1/26 67/1/25
f 68/1/27 65/1/25 67/1/25
f 69/1/28 70/1/51 71/1/28
f 72/1/30 69/1/28 71/1/28
f 73/1/52 74/1/32 75/1/32
f 74/1/32 76/1/33 75/1/32
f 77/1/34 78/1/36 79/1/36
f 78/1/36 80/1/37 79/1/36
f 81/1/38 82/1/39 83/1/38
f 84/1/40 81/1/38 83/1/38
f 85/1/41 86/1/42 87/1/41
f 88/1/53 85/1/41 87/1/41
f 89/1/44 90/1/54 91/1/44
f 92/1/46 89/1/44 91/1/44
f 93/1/49 94/1/48 95/1/49
f 96/1/50 93/1/49 95/1/49
f 97/1/1 98/1/2 99/1/1
f 100/1/3 97/1/1 99/1/1
f 101/1/4 102/1/5 103/1/4
f 104/1/6 101/1/4 103/1/4
f 105/1/7 106/1/8 107/1/7
f 108/1/9 105/1/7 107/1/7
f 109/1/10 110/1/11 111/1/10
f 112/1/12 109/1/10 111/1/10
f 113/1/13 114/1/14 115/1/13
f 116/1/15 113/1/13 115/1/13
f 117/1/16 118/1/17 119/1/16
f 120/1/18 117/1/16 119/1/16
f 121/1/19 122/1/20 123/1/20
f 122/1/20 124/1/21 123/1/20
f 125/1/22 126/1/23 127/1/23
f 126/1/23 128/1/24 127/1/23
o RenderMesh_90649799071023
v 0.000000 -0.434232 0.305778
v 0.036250 -0.388920 0.305778
v 0.000000 -0.388920 0.324406
v -0.036250 -0.388920 0.305778
v 0.000000 -0.434232 0.305778
v 0.000000 -0.388920 0.324406
v 0.000000 -0.343607 -0.305778
v 0.036250 -0.388920 -0.305778
v 0.000000 -0.388920 -0.324406
v -0.036250 -0.388920 -0.305778
v 0.000000 -0.343607 -0.305778
v 0.000000 -0.388920 -0.324406
v 0.000000 -0.434232 -0.305778
v -0.036250 -0.388920 -0.305778
v 0.000000 -0.388920 -0.324406
v 0.000000 -0.343607 0.305778
v -0.036250 -0.388920 0.305778
v 0.000000 -0.388920 0.324406
v 0.036250 -0.388920 0.305778
v 0.000000 -0.343607 0.305778
v 0.000000 -0.388920 0.324406
v 0.036250 -0.388920 -0.305778
v 0.000000 -0.434232 -0.305778
v 0.000000 -0.388920 -0.324406
vn 0.4293 -0.3434 0.8353
vn -0.4293 -0.3434 0.8353
vn 0.4293 0.3434 -0.8353
vn -0.4293 0.3434 -0.8353
vn -0.4293 -0.3434 -0.8353
vn -0.4293 0.3434 0.8353
vn 0.4293 0.3434 0.8353
vn 0.4293 -0.3434 -0.8353
vt 0.000000 0.000000
s 1
f 129/2/55 130/2/55 131/2/55
f 132/2/56 133/2/56 134/2/56
f 135/2/57 136/2/57 137/2/57
f 138/2/58 139/2/58 140/2/58
f 141/2/59 142/2/59 143/2/59
f 144/2/60 145/2/60 146/2/60
f 147/2/61 148/2/61 149/2/61
f 150/2/62 151/2/62 152/2/62
o RenderMesh_116084934350794
v 0.279827 -0.455693 0.240927
v 0.279827 -0.322147 -0.240927
v 0.279827 -0.322148 0.240927
v 0.240927 -0.322148 0.279827
v 0.240927 -0.455693 0.279827
v 0.279827 -0.455693 -0.240927
v 0.240927 -0.455693 -0.279827
v 0.240927 -0.322147 -0.279827
v 0.279827 -0.455693 0.240927
v 0.258385 -0.477458 -0.219357
v 0.279827 -0.455693 -0.240927
v 0.219358 -0.477458 -0.258385
v 0.240927 -0.455693 -0.279827
v 0.258385 -0.477458 0.219358
v 0.219358 -0.477458 0.258385
v 0.240927 -0.455693 0.279827
v 0.219358 -0.300382 -0.258385
v 0.279827 -0.322147 -0.240927
v 0.240927 -0.322147 -0.279827
v 0.258385 -0.300382 -0.219357
v 0.279827 -0.322148 0.240927
v 0.258385 -0.300382 0.219358
v 0.240927 -0.322148 0.279827
v 0.219358 -0.300382 0.258385
v -0.279827 -0.322148 0.240927
v -0.258385 -0.300382 -0.219357
v -0.279827 -0.322147 -0.240927
v -0.240927 -0.322147 -0.279827
v -0.258385 -0.300382 0.219358
v -0.219357 -0.300382 -0.258385
v 0.240927 -0.322147 -0.279827
v 0.219358 -0.300382 -0.258385
v -0.240927 -0.322148 0.279827
v -0.219357 -0.300382 0.258385
v 0.240927 -0.322148 0.279827
v 0.219358 -0.300382 0.258385
v 0.240927 -0.455693 0.279827
v -0.240927 -0.455693 0.279827
v -0.219357 -0.477458 0.258385
v 0.219358 -0.477458 0.258385
v -0.258385 -0.477458 0.219358
v -0.279827 -0.455693 0.240927
v -0.258385 -0.477458 -0.219357
v -0.279827 -0.455693 -0.240927
v -0.219357 -0.477458 -0.258385
v -0.240927 -0.455693 -0.279827
v 0.240927 -0.455693 -0.279827
v 0.219358 -0.477458 -0.258385
v -0.240927 -0.322147 -0.279827
v 0.240927 -0.322147 -0.279827
v 0.240927 -0.455693 -0.279827
v -0.240927 -0.455693 -0.279827
v -0.279827 -0.455693 -0.240927
v -0.279827 -0.322147 -0.240927
v -0.279827 -0.322148 0.240927
v -0.279827 -0.455693 0.240927
v -0.240927 -0.455693 0.279827
v -0.240927 -0.322148 0.279827
v 0.240927 -0.322148 0.279827
v 0.240927 -0.455693 0.279827
v -0.219357 -0.477458 -0.258385
v 0.219358 -0.477458 -0.258385
v 0.175486 -0.477458 -0.206708
v -0.175486 -0.477458 -0.206708
v -0.206708 -0.477458 -0.175486
v -0.258385 -0.477458 -0.219357
v -0.206708 -0.477458 0.175486
v -0.258385 -0.477458 0.219358
v -0.219357 -0.477458 0.258385
v -0.175486 -0.477458 0.206708
v 0.175486 -0.477458 0.206708
v 0.219358 -0.477458 0.258385
v 0.175486 -0.300382 -0.206708
v 0.258385 -0.300382 -0.219357
v 0.219358 -0.300382 -0.258385
v 0.206708 -0.300382 -0.175486
v 0.206708 -0.300382 0.175486
v 0.258385 -0.300382 0.219358
v 0.219358 -0.300382 0.258385
v 0.175486 -0.300382 0.206708
v -0.206708 -0.300382 0.175486
v -0.219357 -0.300382 0.258385
v -0.175486 -0.300382 0.206708
v 0.175486 -0.300382 0.206708
v 0.219358 -0.300382 0.258385
v -0.258385 -0.300382 0.219358
v -0.258385 -0.300382 -0.219357
v -0.206708 -0.300382 -0.175486
v -0.175486 -0.300382 -0.206708
v -0.219357 -0.300382 -0.258385
v 0.175486 -0.300382 -0.206708
v 0.219358 -0.300382 -0.258385
v 0.175486 -0.477458 -0.206708
v 0.258385 -0.477458 -0.219357
v 0.206708 -0.477458 -0.175486
v 0.219358 -0.477458 -0.258385
v 0.206708 -0.477458 0.175486
v 0.258385 -0.477458 0.219358
v 0.219358 -0.477458 0.258385
v 0.175486 -0.477458 0.206708
v -0.175486 -0.300382 0.206708
v 0.175486 -0.300382 0.206708
v 0.175486 -0.477458 0.206708
v -0.175486 -0.477458 0.206708
v -0.206708 -0.300382 0.175486
v -0.206708 -0.477458 0.175486
v -0.206708 -0.300382 -0.175486
v -0.206708 -0.477458 -0.175486
v -0.175486 -0.300382 -0.206708
v -0.175486 -0.477458 -0.206708
v 0.175486 -0.300382 -0.206708
v 0.175486 -0.477458 -0.206708
v 0.206708 -0.300382 0.175486
v 0.206708 -0.477458 0.175486
v 0.175486 -0.300382 0.206708
v 0.175486 -0.477458 0.206708
v 0.206708 -0.477458 -0.175486
v 0.206708 -0.300382 -0.175486
v 0.175486 -0.477458 -0.206708
v 0.175486 -0.300382 -0.206708
vn 0.9239 -0.0000 0.3827
vn 0.9239 -0.0000 -0.3827
vn 0.3827 -0.0000 0.9239
vn 0.3827 -0.0000 -0.9239
vn 0.5429 -0.7970 0.2646
vn 0.6071 -0.7744 -0.1779
vn 0.5429 -0.7970 -0.2646
vn 0.1779 -0.7744 -0.6071
vn 0.2647 -0.7970 -0.5429
vn 0.6071 -0.7744 0.1779
vn 0.1779 -0.7744 0.6071
vn 0.2646 -0.7970 0.5429
vn 0.1779 0.7744 -0.6071
vn 0.5429 0.7970 -0.2646
vn 0.2646 0.7970 -0.5429
vn 0.6071 0.7744 -0.1779
vn 0.5429 0.7970 0.2646
vn 0.6071 0.7744 0.1779
vn 0.2646 0.7970 0.5429
vn 0.1779 0.7744 0.6071
vn -0.5429 0.7970 0.2646
vn -0.6071 0.7744 -0.1779
vn -0.5429 0.7970 -0.2646
vn -0.2646 0.7970 -0.5429
vn -0.6071 0.7744 0.1779
vn -0.1779 0.7744 -0.6071
vn 0.2645 0.7970 -0.5429
vn -0.2646 0.7970 0.5429
vn -0.1779 0.7744 0.6071
vn 0.2646 0.7970 0.5430
vn -0.2646 -0.7970 0.5429
vn -0.1779 -0.7744 0.6071
vn -0.6071 -0.7744 0.1779
vn -0.5429 -0.7970 0.2646
vn -0.6071 -0.7744 -0.1779
vn -0.5429 -0.7970 -0.2646
vn -0.1779 -0.7744 -0.6071
vn -0.2646 -0.7970 -0.5429
vn 0.2646 -0.7970 -0.5429
vn -0.3827 -0.0000 -0.9239
vn -0.9239 -0.0000 -0.3827
vn -0.9239 -0.0000 0.3827
vn -0.3827 -0.0000 0.9239
vn -0.0000 -1.0000 -0.0000
vn -0.0000 1.0000 -0.0000
vt 0.607623 0.250000
vt 0.392377 0.000000
vt 0.607623 0.000000
vt 0.625000 0.000000
vt 0.625000 0.250000
vt 0.392377 0.250000
vt 0.375000 0.250000
vt 0.375000 0.000000
vt 0.393880 0.250000
vt 0.606120 0.250000
vt 0.393880 0.000000
vt 0.606120 0.000000
vt 0.607623 0.750000
vt 0.393880 0.750000
vt 0.392377 0.750000
vt 0.357623 0.750000
vt 0.606120 0.750000
vt 0.356120 0.750000
vt 0.142377 0.750000
vt 0.143880 0.750000
vt 0.642377 0.750000
vt 0.643880 0.750000
vt 0.857623 0.750000
vt 0.856120 0.750000
vt 0.857623 0.500000
vt 0.642377 0.500000
vt 0.643880 0.500000
vt 0.856120 0.500000
vt 0.606120 0.500000
vt 0.607623 0.500000
vt 0.393880 0.500000
vt 0.392377 0.500000
vt 0.356120 0.500000
vt 0.357623 0.500000
vt 0.142377 0.500000
vt 0.143880 0.500000
s 1
f 153/3/63 154/4/64 155/5/63
f 153/3/63 155/5/63 156/6/65
f 156/6/65 157/7/65 153/3/63
f 154/4/64 153/3/63 158/8/64
f 154/4/64 158/8/64 159/9/66
f 159/9/66 160/10/66 154/4/64
f 161/3/67 162/11/68 163/8/69
f 164/9/70 163/8/69 162/11/68
f 163/8/69 164/9/70 165/9/71
f 162/11/68 161/3/67 166/12/72
f 161/3/67 167/7/73 166/12/72
f 167/7/73 161/3/67 168/7/74
f 169/10/75 170/4/76 171/10/77
f 170/4/76 169/10/75 172/13/78
f 173/5/79 170/4/76 172/13/78
f 173/5/79 172/13/78 174/14/80
f 174/14/80 175/6/81 173/5/79
f 175/6/81 174/14/80 176/6/82
f 177/15/83 178/16/84 179/17/85
f 178/16/84 180/18/86 179/17/85
f 178/16/84 177/15/83 181/19/87
f 180/18/86 178/16/84 182/20/88
f 183/21/89 180/18/86 182/20/88
f 183/21/89 182/20/88 184/22/75
f 185/23/90 181/19/87 177/15/83
f 181/19/87 185/23/90 186/24/91
f 187/25/92 186/24/91 185/23/90
f 186/24/91 187/25/92 188/26/82
f 189/27/74 190/28/93 191/29/94
f 189/27/74 191/29/94 192/30/73
f 190/28/93 193/31/95 191/29/94
f 193/31/95 190/28/93 194/32/96
f 194/32/96 195/33/97 193/31/95
f 194/32/96 196/34/98 195/33/97
f 196/34/98 197/35/99 195/33/97
f 197/35/99 196/34/98 198/36/100
f 199/37/101 197/35/99 198/36/100
f 197/35/99 199/37/101 200/38/70
f 201/18/102 202/21/66 203/37/66
f 201/18/102 203/37/66 204/36/102
f 201/18/102 204/36/102 205/34/103
f 205/34/103 206/17/103 201/18/102
f 207/15/104 206/17/103 205/34/103
f 207/15/104 205/34/103 208/32/104
f 207/15/104 208/32/104 209/28/105
f 209/28/105 210/23/105 207/15/104
f 211/25/65 210/23/105 209/28/105
f 211/25/65 209/28/105 212/27/65
f 213/35/106 214/38/106 215/38/106
f 213/35/106 215/38/106 216/35/106
f 217/33/106 213/35/106 216/35/106
f 213/35/106 217/33/106 218/33/106
f 219/31/106 218/33/106 217/33/106
f 218/33/106 219/31/106 220/31/106
f 220/31/106 219/31/106 221/29/106
f 221/29/106 219/31/106 222/29/106
f 223/30/106 221/29/106 222/29/106
f 221/29/106 223/30/106 224/30/106
f 225/10/107 226/13/107 227/10/107
f 226/13/107 225/10/107 228/13/107
f 229/14/107 226/13/107 228/13/107
f 226/13/107 229/14/107 230/14/107
f 229/14/107 231/6/107 230/14/107
f 231/6/107 229/14/107 232/6/107
f 233/19/107 234/24/107 235/24/107
f 234/24/107 236/26/107 235/24/107
f 234/24/107 237/26/107 236/26/107
f 234/24/107 233/19/107 238/19/107
f 239/16/107 238/19/107 233/19/107
f 239/16/107 233/19/107 240/16/107
f 241/20/107 239/16/107 240/16/107
f 239/16/107 241/20/107 242/20/107
f 243/22/107 242/20/107 241/20/107
f 242/20/107 243/22/107 244/22/107
f 245/9/106 246/11/106 247/11/106
f 246/11/106 245/9/106 248/9/106
f 246/11/106 249/12/106 247/11/106
f 246/11/106 250/12/106 249/12/106
f 251/7/106 249/12/106 250/12/106
f 249/12/106 251/7/106 252/7/106
f 253/24/66 254/26/102 255/30/102
f 253/24/66 255/30/102 256/29/66
f 253/24/66 256/29/66 257/19/64
f 257/19/64 256/29/66 258/31/64
f 259/16/63 257/19/64 258/31/64
f 259/16/63 258/31/64 260/33/63
f 259/16/63 260/33/63 261/20/65
f 261/20/65 260/33/63 262/35/65
f 263/22/105 261/20/65 262/35/65
f 263/22/105 262/35/65 264/38/105
f 265/14/103 266/12/103 267/6/102
f 267/6/102 266/12/103 268/7/102
f 265/14/103 269/11/104 266/12/103
f 265/14/103 270/13/104 269/11/104
f 270/13/104 271/9/105 269/11/104
f 272/10/105 271/9/105 270/13/104
o RenderMesh_128920822768315
v -0.162746 -0.452662 0.299796
v -0.185609 -0.428428 0.286853
v -0.171383 -0.463014 0.286853
v -0.174345 -0.427683 0.297832
v 0.185743 -0.428428 0.286853
v 0.162879 -0.452662 0.299796
v 0.171515 -0.463014 0.286853
v 0.174478 -0.427683 0.297832
v -0.119086 -0.426992 0.286853
v -0.106239 -0.403216 0.303464
v -0.122008 -0.411683 0.286853
v -0.145314 -0.391409 0.286853
v -0.101889 -0.431809 0.303467
v -0.142883 -0.374575 0.302840
v -0.127214 -0.444125 0.286853
v -0.189850 -0.380629 0.286853
v -0.117816 -0.456352 0.301172
v -0.190274 -0.367698 0.299193
v -0.140289 -0.450452 0.286853
v -0.231286 -0.366852 0.286853
v -0.141499 -0.464421 0.299782
v -0.225842 -0.356672 0.297893
v -0.162746 -0.452662 0.299796
v -0.247088 -0.341081 0.295378
v -0.254975 -0.344989 0.286853
v -0.262060 -0.314396 0.286853
v -0.153696 -0.442099 0.286853
v -0.162386 -0.427097 0.286853
v -0.174345 -0.427683 0.297832
v -0.164986 -0.410973 0.296814
v -0.156967 -0.418275 0.286853
v -0.140764 -0.407738 0.286853
v 0.119220 -0.426992 0.286853
v 0.122140 -0.411683 0.286853
v 0.106372 -0.403216 0.303464
v 0.145447 -0.391409 0.286853
v 0.102021 -0.431809 0.303467
v 0.143016 -0.374575 0.302840
v 0.127347 -0.444125 0.286853
v 0.189983 -0.380629 0.286853
v 0.117948 -0.456352 0.301172
v 0.190406 -0.367698 0.299193
v 0.140421 -0.450452 0.286853
v 0.231419 -0.366852 0.286853
v 0.141631 -0.464421 0.299782
v 0.225974 -0.356672 0.297893
v 0.162879 -0.452662 0.299796
v 0.247222 -0.341081 0.295378
v 0.255108 -0.344989 0.286853
v 0.262193 -0.314396 0.286853
v 0.153829 -0.442099 0.286853
v 0.162519 -0.427097 0.286853
v 0.174478 -0.427683 0.297832
v 0.165119 -0.410973 0.296814
v 0.157100 -0.418275 0.286853
v 0.140897 -0.407738 0.286853
v -0.141499 -0.464421 0.299782
v -0.171383 -0.463014 0.286853
v -0.142674 -0.477761 0.286853
v -0.162746 -0.452662 0.299796
v 0.141631 -0.464421 0.299782
v 0.171515 -0.463014 0.286853
v 0.162879 -0.452662 0.299796
v 0.142806 -0.477761 0.286853
v -0.172928 -0.404458 0.286853
v -0.174345 -0.427683 0.297832
v -0.164986 -0.410973 0.296814
v -0.185609 -0.428428 0.286853
v 0.174478 -0.427683 0.297832
v 0.173061 -0.404458 0.286853
v 0.165119 -0.410973 0.296814
v 0.185743 -0.428428 0.286853
v -0.015625 -0.369306 0.309080
v -0.039162 -0.388920 0.309080
v -0.032888 -0.388920 0.305778
v -0.015625 -0.408534 0.309080
v -0.013116 -0.372443 0.305778
v 0.000066 -0.347727 0.305778
v 0.000066 -0.339884 0.309080
v -0.013116 -0.405398 0.305778
v 0.000066 -0.430113 0.305778
v 0.000066 -0.437957 0.309080
v 0.015758 -0.408535 0.309080
v 0.013248 -0.405398 0.305778
v 0.033021 -0.388920 0.305778
v 0.039295 -0.388920 0.309080
v -0.185609 -0.428428 -0.286625
v -0.162746 -0.452662 -0.299567
v -0.171383 -0.463014 -0.286625
v -0.174345 -0.427683 -0.297604
v 0.162879 -0.452662 -0.299567
v 0.185743 -0.428428 -0.286625
v 0.171515 -0.463014 -0.286625
v 0.174478 -0.427683 -0.297604
v -0.286739 -0.393441 0.122056
v -0.300064 -0.419717 0.111702
v -0.286739 -0.426314 0.123711
v -0.298829 -0.396535 0.109979
v 0.286739 -0.393441 0.122056
v 0.300064 -0.419717 0.111702
v 0.298829 -0.396535 0.109979
v 0.286739 -0.426314 0.123711
v -0.119086 -0.426992 -0.286625
v -0.122008 -0.411683 -0.286625
v -0.106239 -0.403216 -0.303236
v -0.145314 -0.391409 -0.286625
v -0.101889 -0.431809 -0.303239
v -0.142883 -0.374574 -0.302611
v -0.127214 -0.444125 -0.286625
v -0.189850 -0.380629 -0.286625
v -0.117816 -0.456352 -0.300944
v -0.190274 -0.367698 -0.298965
v -0.140289 -0.450452 -0.286625
v -0.231286 -0.366851 -0.286625
v -0.141499 -0.464421 -0.299554
v -0.225842 -0.356671 -0.297665
v -0.162746 -0.452662 -0.299567
v -0.247088 -0.341081 -0.295149
v -0.254975 -0.344989 -0.286625
v -0.262060 -0.314396 -0.286625
v -0.153696 -0.442098 -0.286625
v -0.162386 -0.427096 -0.286625
v -0.174345 -0.427683 -0.297604
v -0.164986 -0.410973 -0.296586
v -0.156967 -0.418275 -0.286625
v -0.140764 -0.407738 -0.286625
v 0.119220 -0.426992 -0.286625
v 0.106372 -0.403216 -0.303236
v 0.122140 -0.411683 -0.286625
v 0.145447 -0.391409 -0.286625
v 0.102022 -0.431809 -0.303239
v 0.143016 -0.374574 -0.302611
v 0.127347 -0.444125 -0.286625
v 0.189983 -0.380629 -0.286625
v 0.117948 -0.456352 -0.300944
v 0.190406 -0.367698 -0.298966
v 0.140421 -0.450452 -0.286625
v 0.231419 -0.366851 -0.286625
v 0.141631 -0.464421 -0.299554
v 0.225974 -0.356671 -0.297665
v 0.162879 -0.452662 -0.299567
v 0.247222 -0.341081 -0.295149
v 0.255108 -0.344989 -0.286625
v 0.262193 -0.314396 -0.286625
v 0.153829 -0.442098 -0.286625
v 0.162519 -0.427096 -0.286625
v 0.174478 -0.427683 -0.297604
v 0.165119 -0.410973 -0.296586
v 0.157100 -0.418275 -0.286625
v 0.140897 -0.407738 -0.286625
v -0.286739 -0.426314 0.123711
v -0.302448 -0.441244 0.086130
v -0.286739 -0.457062 0.090320
v -0.300064 -0.419717 0.111702
v 0.302448 -0.441244 0.086130
v 0.286739 -0.426314 0.123711
v 0.286739 -0.457062 0.090320
v 0.300064 -0.419717 0.111702
v -0.033323 -0.347184 0.288889
v -0.083407 -0.388920 0.288889
v -0.039162 -0.388920 0.309080
v -0.015625 -0.369306 0.309080
v 0.000066 -0.339884 0.309080
v 0.000066 -0.284579 0.288889
v 0.000066 -0.339884 0.309080
v 0.015758 -0.369306 0.309080
v 0.033455 -0.347184 0.288889
v 0.000066 -0.284579 0.288889
v 0.039295 -0.388920 0.309080
v 0.083539 -0.388920 0.288889
v -0.141499 -0.464421 -0.299554
v -0.171383 -0.463014 -0.286625
v -0.162746 -0.452662 -0.299567
v -0.142674 -0.477761 -0.286625
v 0.141631 -0.464421 -0.299554
v 0.171515 -0.463014 -0.286625
v 0.142806 -0.477761 -0.286625
v 0.162879 -0.452662 -0.299567
v -0.306900 -0.357869 0.049335
v -0.306904 -0.387090 0.029882
v -0.286739 -0.390612 0.051271
v -0.286739 -0.413627 0.051423
v -0.286739 -0.375271 0.062337
v -0.304118 -0.422257 0.034813
v -0.306143 -0.345159 0.104335
v -0.286739 -0.427293 0.062561
v -0.286739 -0.364924 0.098374
v -0.302431 -0.443281 0.056725
v -0.286739 -0.375911 0.152893
v -0.302448 -0.441244 0.086130
v -0.301717 -0.361904 0.159992
v -0.286739 -0.424982 0.081593
v -0.286739 -0.382009 0.205540
v -0.286739 -0.412937 0.098848
v -0.300138 -0.368019 0.204773
v -0.300064 -0.419717 0.111702
v -0.297085 -0.361767 0.236142
v -0.286739 -0.370112 0.242813
v -0.286739 -0.340093 0.266299
v -0.298829 -0.396535 0.109979
v -0.286739 -0.400454 0.097412
v -0.286739 -0.380553 0.084993
v 0.306900 -0.357869 0.049335
v 0.286739 -0.390612 0.051271
v 0.306904 -0.387090 0.029882
v 0.286739 -0.413627 0.051423
v 0.286739 -0.375271 0.062337
v 0.304118 -0.422257 0.034813
v 0.306142 -0.345159 0.104335
v 0.286739 -0.427293 0.062561
v 0.286739 -0.364923 0.098374
v 0.302431 -0.443281 0.056725
v 0.286739 -0.375911 0.152893
v 0.302448 -0.441244 0.086130
v 0.301716 -0.361904 0.159992
v 0.286739 -0.424982 0.081593
v 0.286739 -0.382009 0.205540
v 0.286739 -0.412937 0.098848
v 0.300138 -0.368018 0.204773
v 0.300064 -0.419717 0.111702
v 0.297085 -0.361767 0.236142
v 0.286739 -0.370112 0.242813
v 0.286739 -0.340093 0.266299
v 0.298829 -0.396535 0.109979
v 0.286739 -0.400453 0.097412
v 0.286739 -0.380553 0.084993
v 0.000066 -0.493261 0.288889
v 0.000066 -0.437957 0.309080
v -0.033323 -0.430657 0.288889
v -0.015625 -0.408534 0.309080
v -0.039162 -0.388920 0.309080
v -0.083407 -0.388920 0.288889
v 0.033455 -0.430657 0.288889
v 0.083539 -0.388920 0.288889
v 0.039295 -0.388920 0.309080
v 0.015758 -0.408535 0.309080
v 0.000066 -0.437957 0.309080
v 0.000066 -0.493261 0.288889
v -0.174345 -0.427683 -0.297604
v -0.172928 -0.404458 -0.286625
v -0.164986 -0.410973 -0.296586
v -0.185609 -0.428428 -0.286625
v 0.173061 -0.404458 -0.286625
v 0.174478 -0.427683 -0.297604
v 0.165119 -0.410973 -0.296586
v 0.185743 -0.428428 -0.286625
v -0.286739 -0.325853 0.110603
v -0.301717 -0.361904 0.159992
v -0.286739 -0.347739 0.167066
v -0.306143 -0.345159 0.104335
v 0.301716 -0.361904 0.159992
v 0.286739 -0.325853 0.110603
v 0.286739 -0.347739 0.167066
v 0.306142 -0.345159 0.104335
v -0.306900 -0.357869 -0.049240
v -0.286739 -0.390612 -0.051176
v -0.306904 -0.387090 -0.029788
v -0.286739 -0.413627 -0.051329
v -0.286739 -0.375271 -0.062242
v -0.304118 -0.422257 -0.034718
v -0.306143 -0.345159 -0.104240
v -0.286739 -0.427293 -0.062466
v -0.286739 -0.364924 -0.098279
v -0.302431 -0.443281 -0.056630
v -0.286739 -0.375911 -0.152798
v -0.302448 -0.441244 -0.086035
v -0.301717 -0.361904 -0.159897
v -0.286739 -0.424982 -0.081498
v -0.286739 -0.382009 -0.205445
v -0.286739 -0.412937 -0.098753
v -0.300138 -0.368019 -0.204679
v -0.300064 -0.419717 -0.111607
v -0.297085 -0.361767 -0.236047
v -0.286739 -0.370112 -0.242718
v -0.286739 -0.340093 -0.266204
v -0.298829 -0.396535 -0.109884
v -0.286739 -0.400454 -0.097317
v -0.286739 -0.380553 -0.084898
v 0.306900 -0.357869 -0.049240
v 0.306904 -0.387090 -0.029788
v 0.286739 -0.390612 -0.051176
v 0.286739 -0.413627 -0.051329
v 0.286739 -0.375271 -0.062242
v 0.304118 -0.422257 -0.034718
v 0.306142 -0.345159 -0.104240
v 0.286739 -0.427293 -0.062466
v 0.286739 -0.364923 -0.098279
v 0.302431 -0.443281 -0.056631
v 0.286739 -0.375911 -0.152799
v 0.302448 -0.441244 -0.086035
v 0.301716 -0.361904 -0.159897
v 0.286739 -0.424982 -0.081498
v 0.286739 -0.382009 -0.205445
v 0.286739 -0.412937 -0.098753
v 0.300138 -0.368018 -0.204679
v 0.300064 -0.419717 -0.111607
v 0.297085 -0.361767 -0.236047
v 0.286739 -0.370112 -0.242718
v 0.286739 -0.340093 -0.266204
v 0.298829 -0.396535 -0.109884
v 0.286739 -0.400453 -0.097317
v 0.286739 -0.380553 -0.084898
v -0.301717 -0.361904 -0.159897
v -0.286739 -0.325852 -0.110508
v -0.286739 -0.347739 -0.166971
v -0.306143 -0.345159 -0.104240
v 0.286739 -0.325852 -0.110508
v 0.301716 -0.361904 -0.159897
v 0.286739 -0.347739 -0.166971
v 0.306142 -0.345159 -0.104240
v -0.032888 -0.388920 -0.305778
v -0.013116 -0.405398 -0.305778
v -0.015625 -0.408535 -0.309080
v 0.000066 -0.430114 -0.305778
v -0.039162 -0.388920 -0.309080
v 0.000066 -0.437957 -0.309080
v -0.015625 -0.369306 -0.309080
v 0.015758 -0.408535 -0.309080
v -0.013116 -0.372443 -0.305778
v 0.000066 -0.347727 -0.305778
v 0.000066 -0.339884 -0.309080
v 0.013248 -0.405398 -0.305778
v 0.033021 -0.388920 -0.305778
v 0.039295 -0.388920 -0.309080
v -0.104938 -0.358978 -0.295510
v -0.110142 -0.345533 -0.286625
v -0.101613 -0.343813 -0.294648
v -0.113132 -0.354035 -0.286625
v 0.105071 -0.358978 -0.295510
v 0.110275 -0.345533 -0.286625
v 0.113265 -0.354035 -0.286625
v 0.101746 -0.343813 -0.294648
v -0.286739 -0.393441 -0.121961
v -0.300064 -0.419717 -0.111607
v -0.298829 -0.396535 -0.109884
v -0.286739 -0.426314 -0.123616
v 0.286739 -0.393441 -0.121961
v 0.300064 -0.419717 -0.111607
v 0.286739 -0.426314 -0.123616
v 0.298829 -0.396535 -0.109884
v -0.302448 -0.441244 -0.086035
v -0.286739 -0.426314 -0.123616
v -0.286739 -0.457062 -0.090225
v -0.300064 -0.419717 -0.111607
v 0.286739 -0.426314 -0.123616
v 0.302448 -0.441244 -0.086035
v 0.286739 -0.457062 -0.090225
v 0.300064 -0.419717 -0.111607
v -0.286739 -0.347739 0.167066
v -0.300138 -0.368019 0.204773
v -0.286739 -0.353739 0.204039
v -0.301717 -0.361904 0.159992
v 0.300138 -0.368018 0.204773
v 0.286739 -0.347739 0.167066
v 0.286739 -0.353739 0.204039
v 0.301716 -0.361904 0.159992
v -0.300138 -0.368019 -0.204679
v -0.286739 -0.347739 -0.166971
v -0.286739 -0.353739 -0.203944
v -0.301717 -0.361904 -0.159897
v 0.286739 -0.347739 -0.166971
v 0.300138 -0.368018 -0.204679
v 0.286739 -0.353739 -0.203944
v 0.301716 -0.361904 -0.159897
v -0.302431 -0.443281 0.056725
v -0.286739 -0.457062 0.090320
v -0.302448 -0.441244 0.086130
v -0.286739 -0.458558 0.051175
v 0.302431 -0.443281 0.056725
v 0.286739 -0.457062 0.090320
v 0.286739 -0.458558 0.051176
v 0.302448 -0.441244 0.086130
v -0.286739 -0.457062 -0.090225
v -0.302431 -0.443281 -0.056630
v -0.302448 -0.441244 -0.086035
v -0.286739 -0.458558 -0.051080
v 0.286739 -0.457062 -0.090225
v 0.302431 -0.443281 -0.056631
v 0.286739 -0.458558 -0.051081
v 0.302448 -0.441244 -0.086035
v 0.000066 -0.339884 -0.309080
v -0.015625 -0.369306 -0.309080
v -0.033323 -0.347184 -0.288889
v 0.000066 -0.284579 -0.288889
v -0.039162 -0.388920 -0.309080
v -0.083407 -0.388920 -0.288889
v 0.033455 -0.347184 -0.288889
v 0.083539 -0.388920 -0.288889
v 0.039295 -0.388920 -0.309080
v 0.015758 -0.369306 -0.309080
v 0.000066 -0.339884 -0.309080
v 0.000066 -0.284579 -0.288889
v 0.000066 -0.493261 -0.288889
v 0.000066 -0.437957 -0.309080
v 0.033455 -0.430657 -0.288889
v 0.015758 -0.408535 -0.309080
v 0.039295 -0.388920 -0.309080
v 0.083539 -0.388920 -0.288889
v -0.033323 -0.430657 -0.288889
v -0.083407 -0.388920 -0.288889
v -0.039162 -0.388920 -0.309080
v -0.015625 -0.408535 -0.309080
v 0.000066 -0.437957 -0.309080
v 0.000066 -0.493261 -0.288889
v -0.140841 -0.357976 0.286853
v -0.190274 -0.367698 0.299193
v -0.142883 -0.374575 0.302840
v -0.190624 -0.354658 0.286853
v 0.140974 -0.357976 0.286853
v 0.190406 -0.367698 0.299193
v 0.190757 -0.354658 0.286853
v 0.143016 -0.374575 0.302840
v 0.000066 -0.347727 0.305778
v 0.013248 -0.372443 0.305778
v 0.015758 -0.369306 0.309080
v 0.000066 -0.339884 0.309080
v 0.033021 -0.388920 0.305778
v 0.039295 -0.388920 0.309080
v -0.286739 -0.341049 -0.036562
v -0.286739 -0.325852 -0.110508
v -0.306900 -0.357869 -0.049240
v -0.306143 -0.345159 -0.104240
v 0.286739 -0.325852 -0.110508
v 0.286739 -0.341049 -0.036562
v 0.306900 -0.357869 -0.049240
v 0.306142 -0.345159 -0.104240
v -0.286739 -0.325853 0.110603
v -0.306900 -0.357869 0.049335
v -0.306143 -0.345159 0.104335
v -0.286739 -0.341049 0.036657
v 0.306142 -0.345159 0.104335
v 0.306900 -0.357869 0.049335
v 0.286739 -0.325853 0.110603
v 0.286739 -0.341049 0.036657
v -0.140776 -0.328613 -0.286625
v -0.126554 -0.326121 -0.293437
v -0.136205 -0.333056 -0.292806
v -0.136511 -0.348216 -0.286625
v -0.126880 -0.319124 -0.286625
v -0.110344 -0.331532 -0.294656
v -0.104563 -0.325486 -0.286625
v -0.101613 -0.343813 -0.294648
v -0.093470 -0.342159 -0.286625
v -0.104938 -0.358978 -0.295510
v -0.096990 -0.363735 -0.286625
v 0.136337 -0.333056 -0.292806
v 0.126687 -0.326121 -0.293437
v 0.140908 -0.328613 -0.286625
v 0.136644 -0.348216 -0.286625
v 0.127013 -0.319124 -0.286625
v 0.110477 -0.331532 -0.294656
v 0.104696 -0.325486 -0.286625
v 0.101746 -0.343813 -0.294648
v 0.093603 -0.342159 -0.286625
v 0.105071 -0.358978 -0.295510
v 0.097123 -0.363735 -0.286625
v -0.286739 -0.458558 -0.051080
v -0.286739 -0.430666 -0.018669
v -0.302431 -0.443281 -0.056630
v -0.304118 -0.422257 -0.034718
v -0.306904 -0.387090 -0.029788
v -0.286739 -0.383831 -0.008953
v 0.302431 -0.443281 -0.056631
v 0.286739 -0.430666 -0.018669
v 0.286739 -0.458558 -0.051081
v 0.304118 -0.422257 -0.034718
v 0.306904 -0.387090 -0.029788
v 0.286739 -0.383831 -0.008953
v -0.108759 -0.468219 0.286853
v -0.141499 -0.464421 0.299782
v -0.142674 -0.477761 0.286853
v -0.117816 -0.456352 0.301172
v -0.108759 -0.468219 0.286853
v -0.101889 -0.431809 0.303467
v -0.085196 -0.436630 0.286853
v 0.108892 -0.468219 0.286853
v 0.141631 -0.464421 0.299782
v 0.117948 -0.456352 0.301172
v 0.142806 -0.477761 0.286853
v 0.102021 -0.431809 0.303467
v 0.108892 -0.468219 0.286853
v 0.085329 -0.436630 0.286853
v -0.286739 -0.341049 -0.036562
v -0.306904 -0.387090 -0.029788
v -0.286739 -0.383831 -0.008953
v -0.306900 -0.357869 -0.049240
v 0.286739 -0.341049 -0.036562
v 0.286739 -0.383831 -0.008953
v 0.306904 -0.387090 -0.029788
v 0.306900 -0.357869 -0.049240
v -0.110344 -0.331532 -0.294656
v -0.126082 -0.333535 -0.286625
v -0.126554 -0.326121 -0.293437
v -0.116227 -0.337848 -0.286625
v -0.110142 -0.345533 -0.286625
v -0.110344 -0.331532 -0.294656
v -0.101613 -0.343813 -0.294648
v 0.110477 -0.331532 -0.294656
v 0.126215 -0.333535 -0.286625
v 0.116360 -0.337848 -0.286625
v 0.126687 -0.326121 -0.293437
v 0.110275 -0.345533 -0.286625
v 0.110477 -0.331532 -0.294656
v 0.101746 -0.343813 -0.294648
v -0.286739 -0.353739 -0.203944
v -0.286739 -0.353028 -0.229525
v -0.300138 -0.368019 -0.204679
v -0.297085 -0.361767 -0.236047
v -0.286739 -0.353028 -0.229525
v -0.286739 -0.340093 -0.266204
v 0.286739 -0.353739 -0.203944
v 0.300138 -0.368018 -0.204679
v 0.286739 -0.353028 -0.229525
v 0.297085 -0.361767 -0.236047
v 0.286739 -0.340093 -0.266204
v 0.286739 -0.353028 -0.229525
v -0.140841 -0.357975 -0.286625
v -0.190274 -0.367698 -0.298965
v -0.190624 -0.354658 -0.286625
v -0.142883 -0.374574 -0.302611
v 0.140974 -0.357975 -0.286625
v 0.190406 -0.367698 -0.298966
v 0.143016 -0.374574 -0.302611
v 0.190757 -0.354658 -0.286625
v -0.300138 -0.368019 0.204773
v -0.286739 -0.353028 0.229620
v -0.286739 -0.353739 0.204039
v -0.297085 -0.361767 0.236142
v -0.286739 -0.340093 0.266299
v -0.286739 -0.353028 0.229620
v 0.297085 -0.361767 0.236142
v 0.300138 -0.368018 0.204773
v 0.286739 -0.353028 0.229620
v 0.286739 -0.353739 0.204039
v 0.286739 -0.353028 0.229620
v 0.286739 -0.340093 0.266299
v 0.015758 -0.369306 -0.309080
v 0.039295 -0.388920 -0.309080
v 0.033021 -0.388920 -0.305778
v 0.013248 -0.372443 -0.305778
v 0.000066 -0.347727 -0.305778
v 0.000066 -0.339884 -0.309080
v -0.190624 -0.354658 0.286853
v -0.225842 -0.356672 0.297893
v -0.190274 -0.367698 0.299193
v -0.220321 -0.346264 0.286853
v -0.239175 -0.336826 0.286853
v -0.247088 -0.341081 0.295378
v -0.239175 -0.336826 0.286853
v -0.262060 -0.314396 0.286853
v 0.190757 -0.354658 0.286853
v 0.225974 -0.356672 0.297893
v 0.220454 -0.346264 0.286853
v 0.190406 -0.367698 0.299193
v 0.239308 -0.336826 0.286853
v 0.247222 -0.341081 0.295378
v 0.262193 -0.314396 0.286853
v 0.239308 -0.336826 0.286853
v -0.302431 -0.443281 0.056725
v -0.286739 -0.430666 0.018764
v -0.286739 -0.458558 0.051175
v -0.304118 -0.422257 0.034813
v -0.306904 -0.387090 0.029882
v -0.286739 -0.383831 0.009048
v 0.286739 -0.458558 0.051176
v 0.286739 -0.430666 0.018764
v 0.302431 -0.443281 0.056725
v 0.304118 -0.422257 0.034813
v 0.306904 -0.387090 0.029882
v 0.286739 -0.383831 0.009048
v -0.286739 -0.341049 0.036657
v -0.286739 -0.383831 0.009048
v -0.306904 -0.387090 0.029882
v -0.306900 -0.357869 0.049335
v -0.286739 -0.393441 0.122056
v -0.286739 -0.380553 0.084993
v -0.298829 -0.396535 0.109979
v 0.286739 -0.341049 0.036657
v 0.306904 -0.387090 0.029882
v 0.286739 -0.383831 0.009048
v 0.306900 -0.357869 0.049335
v 0.286739 -0.393441 0.122056
v 0.298829 -0.396535 0.109979
v 0.286739 -0.380553 0.084993
v -0.108759 -0.468219 -0.286625
v -0.141499 -0.464421 -0.299554
v -0.117816 -0.456352 -0.300944
v -0.142674 -0.477761 -0.286625
v -0.101889 -0.431809 -0.303239
v -0.085196 -0.436630 -0.286625
v 0.108892 -0.468219 -0.286625
v 0.141631 -0.464421 -0.299554
v 0.142806 -0.477761 -0.286625
v 0.117948 -0.456352 -0.300944
v 0.102022 -0.431809 -0.303239
v 0.085329 -0.436630 -0.286625
v -0.090916 -0.395071 0.286853
v -0.142883 -0.374575 0.302840
v -0.106239 -0.403216 0.303464
v -0.140841 -0.357976 0.286853
v 0.091049 -0.395071 0.286853
v 0.143016 -0.374575 0.302840
v 0.140974 -0.357976 0.286853
v 0.106372 -0.403216 0.303464
v -0.286739 -0.393441 -0.121961
v -0.298829 -0.396535 -0.109884
v -0.286739 -0.380553 -0.084898
v 0.286739 -0.393441 -0.121961
v 0.286739 -0.380553 -0.084898
v 0.298829 -0.396535 -0.109884
v -0.190624 -0.354658 -0.286625
v -0.225842 -0.356671 -0.297665
v -0.220321 -0.346264 -0.286625
v -0.190274 -0.367698 -0.298965
v -0.239175 -0.336826 -0.286625
v -0.247088 -0.341081 -0.295149
v -0.262060 -0.314396 -0.286625
v -0.239175 -0.336826 -0.286625
v 0.190757 -0.354658 -0.286625
v 0.225974 -0.356671 -0.297665
v 0.190406 -0.367698 -0.298966
v 0.220454 -0.346264 -0.286625
v 0.239308 -0.336826 -0.286625
v 0.247222 -0.341081 -0.295149
v 0.239308 -0.336826 -0.286625
v 0.262193 -0.314396 -0.286625
v -0.106239 -0.403216 0.303464
v -0.085196 -0.436630 0.286853
v -0.090916 -0.395071 0.286853
v -0.101889 -0.431809 0.303467
v 0.106372 -0.403216 0.303464
v 0.085329 -0.436630 0.286853
v 0.102021 -0.431809 0.303467
v 0.091049 -0.395071 0.286853
v -0.090916 -0.395071 -0.286625
v -0.142883 -0.374574 -0.302611
v -0.140841 -0.357975 -0.286625
v -0.106239 -0.403216 -0.303236
v 0.091049 -0.395071 -0.286625
v 0.143016 -0.374574 -0.302611
v 0.106372 -0.403216 -0.303236
v 0.140974 -0.357975 -0.286625
v -0.172928 -0.404458 0.286853
v -0.164986 -0.410973 0.296814
v -0.140764 -0.407738 0.286853
v 0.173061 -0.404458 0.286853
v 0.140897 -0.407738 0.286853
v 0.165119 -0.410973 0.296814
v -0.106239 -0.403216 -0.303236
v -0.085196 -0.436630 -0.286625
v -0.101889 -0.431809 -0.303239
v -0.090916 -0.395071 -0.286625
v 0.106372 -0.403216 -0.303236
v 0.085329 -0.436630 -0.286625
v 0.091049 -0.395071 -0.286625
v 0.102022 -0.431809 -0.303239
v -0.172928 -0.404458 -0.286625
v -0.140764 -0.407738 -0.286625
v -0.164986 -0.410973 -0.296586
v 0.173061 -0.404458 -0.286625
v 0.165119 -0.410973 -0.296586
v 0.140897 -0.407738 -0.286625
v -0.136205 -0.333056 -0.292806
v -0.126082 -0.333535 -0.286625
v -0.131144 -0.337491 -0.286625
v -0.126554 -0.326121 -0.293437
v -0.136511 -0.348216 -0.286625
v -0.136205 -0.333056 -0.292806
v 0.136337 -0.333056 -0.292806
v 0.131277 -0.337491 -0.286625
v 0.126215 -0.333535 -0.286625
v 0.126687 -0.326121 -0.293437
v 0.136337 -0.333056 -0.292806
v 0.136644 -0.348216 -0.286625
v -0.247088 -0.341081 -0.278101
v -0.262060 -0.314396 -0.286625
v -0.254975 -0.344989 -0.286625
v 0.247222 -0.341081 -0.278101
v 0.255108 -0.344989 -0.286625
v 0.262193 -0.314396 -0.286625
v -0.140776 -0.328613 -0.286625
v -0.136511 -0.348216 -0.286625
v -0.136205 -0.333056 -0.280444
v 0.140908 -0.328613 -0.286625
v 0.136338 -0.333056 -0.280444
v 0.136644 -0.348216 -0.286625
v -0.247088 -0.341081 0.278329
v -0.254975 -0.344989 0.286853
v -0.262060 -0.314396 0.286853
v 0.247222 -0.341081 0.278329
v 0.262193 -0.314396 0.286853
v 0.255108 -0.344989 0.286853
v -0.276393 -0.361767 0.236142
v -0.286739 -0.340093 0.266299
v -0.286739 -0.370112 0.242813
v 0.276393 -0.361767 0.236142
v 0.286739 -0.370112 0.242813
v 0.286739 -0.340093 0.266299
v -0.126554 -0.326121 -0.279813
v -0.140776 -0.328613 -0.286625
v -0.136205 -0.333056 -0.280444
v -0.126880 -0.319124 -0.286625
v 0.140908 -0.328613 -0.286625
v 0.126687 -0.326121 -0.279813
v 0.136338 -0.333056 -0.280444
v 0.127013 -0.319124 -0.286625
v -0.276393 -0.361767 -0.236047
v -0.286739 -0.370112 -0.242718
v -0.286739 -0.340093 -0.266204
v 0.276393 -0.361767 -0.236047
v 0.286739 -0.340093 -0.266204
v 0.286739 -0.370112 -0.242718
v -0.119086 -0.426992 -0.286625
v -0.106239 -0.403217 -0.270014
v -0.122008 -0.411683 -0.286625
v -0.101888 -0.431809 -0.270011
v -0.145314 -0.391409 -0.286625
v -0.142883 -0.374574 -0.270639
v 0.106372 -0.403217 -0.270014
v 0.119220 -0.426992 -0.286625
v 0.122140 -0.411683 -0.286625
v 0.102021 -0.431809 -0.270011
v 0.145447 -0.391409 -0.286625
v 0.143016 -0.374574 -0.270639
v -0.101888 -0.431809 -0.270011
v -0.127214 -0.444125 -0.286625
v -0.117816 -0.456352 -0.272306
v -0.119086 -0.426992 -0.286625
v 0.102021 -0.431809 -0.270011
v 0.127347 -0.444125 -0.286625
v 0.119220 -0.426992 -0.286625
v 0.117948 -0.456352 -0.272306
v -0.231286 -0.366851 -0.286625
v -0.189850 -0.380629 -0.286625
v -0.190274 -0.367699 -0.274285
v -0.225842 -0.356671 -0.275586
v -0.247088 -0.341081 -0.278101
v -0.254975 -0.344989 -0.286625
v 0.189983 -0.380629 -0.286625
v 0.231419 -0.366851 -0.286625
v 0.190406 -0.367699 -0.274285
v 0.225974 -0.356671 -0.275585
v 0.247222 -0.341081 -0.278101
v 0.255108 -0.344989 -0.286625
v -0.106239 -0.403217 0.270242
v -0.119086 -0.426992 0.286853
v -0.122008 -0.411683 0.286853
v -0.101888 -0.431809 0.270239
v -0.145314 -0.391409 0.286853
v -0.142883 -0.374575 0.270867
v 0.119220 -0.426992 0.286853
v 0.106372 -0.403217 0.270242
v 0.122140 -0.411683 0.286853
v 0.102021 -0.431809 0.270239
v 0.145447 -0.391409 0.286853
v 0.143016 -0.374575 0.270867
v -0.266574 -0.387090 0.029882
v -0.286739 -0.413627 0.051423
v -0.269361 -0.422257 0.034813
v -0.286739 -0.390612 0.051271
v 0.266574 -0.387090 0.029882
v 0.286739 -0.413627 0.051423
v 0.286739 -0.390612 0.051271
v 0.269360 -0.422257 0.034813
v -0.110344 -0.331532 -0.278595
v -0.126880 -0.319124 -0.286625
v -0.126554 -0.326121 -0.279813
v -0.104563 -0.325486 -0.286625
v 0.127013 -0.319124 -0.286625
v 0.110477 -0.331532 -0.278595
v 0.126687 -0.326121 -0.279813
v 0.104696 -0.325486 -0.286625
v -0.286739 -0.390612 0.051271
v -0.266578 -0.357870 0.049334
v -0.286739 -0.375271 0.062337
v -0.266574 -0.387090 0.029882
v 0.266578 -0.357870 0.049334
v 0.286739 -0.390612 0.051271
v 0.286739 -0.375271 0.062337
v 0.266574 -0.387090 0.029882
v -0.276393 -0.361767 0.236142
v -0.286739 -0.382009 0.205540
v -0.273340 -0.368019 0.204773
v -0.286739 -0.370112 0.242813
v 0.286739 -0.382009 0.205540
v 0.276393 -0.361767 0.236142
v 0.273340 -0.368018 0.204773
v 0.286739 -0.370112 0.242813
v -0.189850 -0.380629 0.286853
v -0.231286 -0.366852 0.286853
v -0.190274 -0.367699 0.274513
v -0.225842 -0.356672 0.275813
v -0.247088 -0.341081 0.278329
v -0.254975 -0.344989 0.286853
v 0.231419 -0.366852 0.286853
v 0.189983 -0.380629 0.286853
v 0.190406 -0.367699 0.274513
v 0.225974 -0.356672 0.275813
v 0.247222 -0.341081 0.278329
v 0.255108 -0.344989 0.286853
v -0.142883 -0.374574 -0.270639
v -0.190274 -0.367699 -0.274285
v -0.189850 -0.380629 -0.286625
v -0.145314 -0.391409 -0.286625
v 0.145447 -0.391409 -0.286625
v 0.189983 -0.380629 -0.286625
v 0.143016 -0.374574 -0.270639
v 0.190406 -0.367699 -0.274285
v -0.286739 -0.382009 -0.205445
v -0.276393 -0.361767 -0.236047
v -0.273340 -0.368019 -0.204679
v -0.286739 -0.370112 -0.242718
v 0.276393 -0.361767 -0.236047
v 0.286739 -0.382009 -0.205445
v 0.273340 -0.368018 -0.204679
v 0.286739 -0.370112 -0.242718
v -0.269361 -0.422257 0.034813
v -0.286739 -0.427293 0.062561
v -0.271047 -0.443281 0.056725
v -0.286739 -0.413627 0.051423
v 0.269360 -0.422257 0.034813
v 0.286739 -0.427293 0.062561
v 0.286739 -0.413627 0.051423
v 0.271047 -0.443281 0.056725
v -0.140289 -0.450452 -0.286625
v -0.117816 -0.456352 -0.272306
v -0.127214 -0.444125 -0.286625
v -0.141499 -0.464421 -0.273696
v 0.140421 -0.450452 -0.286625
v 0.117948 -0.456352 -0.272306
v 0.141631 -0.464421 -0.273696
v 0.127347 -0.444125 -0.286625
v -0.266574 -0.387090 -0.029788
v -0.286739 -0.413627 -0.051329
v -0.286739 -0.390612 -0.051176
v -0.269361 -0.422257 -0.034718
v 0.266574 -0.387090 -0.029788
v 0.286739 -0.413627 -0.051329
v 0.269360 -0.422257 -0.034718
v 0.286739 -0.390612 -0.051176
v -0.101888 -0.431809 0.270239
v -0.127214 -0.444125 0.286853
v -0.119086 -0.426992 0.286853
v -0.117816 -0.456352 0.272535
v -0.140289 -0.450452 0.286853
v -0.127214 -0.444125 0.286853
v -0.141499 -0.464421 0.273924
v 0.102021 -0.431809 0.270239
v 0.127347 -0.444125 0.286853
v 0.117948 -0.456352 0.272535
v 0.119220 -0.426992 0.286853
v 0.140421 -0.450452 0.286853
v 0.141631 -0.464421 0.273924
v 0.127347 -0.444125 0.286853
v -0.266578 -0.357870 -0.049239
v -0.286739 -0.390612 -0.051176
v -0.286739 -0.375271 -0.062242
v -0.266574 -0.387090 -0.029788
v 0.286739 -0.390612 -0.051176
v 0.266578 -0.357870 -0.049239
v 0.286739 -0.375271 -0.062242
v 0.266574 -0.387090 -0.029788
v -0.286739 -0.375271 0.062337
v -0.267336 -0.345159 0.104335
v -0.286739 -0.364924 0.098374
v -0.266578 -0.357870 0.049334
v 0.286739 -0.375271 0.062337
v 0.267336 -0.345159 0.104335
v 0.266578 -0.357870 0.049334
v 0.286739 -0.364923 0.098374
v 0.033455 -0.347184 -0.288889
v 0.000066 -0.284579 -0.288889
v 0.000066 -0.388920 -0.257254
v 0.000066 -0.388920 -0.257254
v 0.000066 -0.284579 -0.288889
v -0.033323 -0.347184 -0.288889
v 0.000066 -0.388920 -0.257254
v 0.000066 -0.493261 -0.288889
v 0.033455 -0.430657 -0.288889
v 0.000066 -0.388920 -0.257254
v -0.033323 -0.430657 -0.288889
v 0.000066 -0.493261 -0.288889
v -0.269361 -0.422257 -0.034718
v -0.286739 -0.427293 -0.062466
v -0.286739 -0.413627 -0.051329
v -0.271047 -0.443281 -0.056630
v 0.269360 -0.422257 -0.034718
v 0.286739 -0.427293 -0.062466
v 0.271047 -0.443281 -0.056631
v 0.286739 -0.413627 -0.051329
v 0.000066 -0.388920 -0.257254
v -0.033323 -0.347184 -0.288889
v -0.083407 -0.388920 -0.288889
v 0.083539 -0.388920 -0.288889
v 0.033455 -0.347184 -0.288889
v 0.000066 -0.388920 -0.257254
v 0.000066 -0.388920 -0.257254
v 0.033455 -0.430657 -0.288889
v 0.083539 -0.388920 -0.288889
v -0.145314 -0.391409 0.286853
v -0.189850 -0.380629 0.286853
v -0.142883 -0.374575 0.270867
v -0.190274 -0.367699 0.274513
v 0.143016 -0.374575 0.270867
v 0.190406 -0.367699 0.274513
v 0.189983 -0.380629 0.286853
v 0.145447 -0.391409 0.286853
v 0.000066 -0.388920 -0.257254
v -0.083407 -0.388920 -0.288889
v -0.033323 -0.430657 -0.288889
v -0.267336 -0.345159 -0.104240
v -0.286739 -0.375271 -0.062242
v -0.286739 -0.364924 -0.098279
v -0.266578 -0.357870 -0.049239
v 0.267336 -0.345159 -0.104240
v 0.286739 -0.375271 -0.062242
v 0.266578 -0.357870 -0.049239
v 0.286739 -0.364923 -0.098279
v -0.126082 -0.333535 -0.286625
v -0.136205 -0.333056 -0.280444
v -0.131144 -0.337491 -0.286625
v -0.136511 -0.348216 -0.286625
v -0.126554 -0.326121 -0.279813
v -0.110344 -0.331532 -0.278595
v -0.116227 -0.337848 -0.286625
v -0.110142 -0.345533 -0.286625
v -0.101613 -0.343813 -0.278603
v -0.104938 -0.358978 -0.277740
v -0.113132 -0.354035 -0.286625
v 0.136338 -0.333056 -0.280444
v 0.126215 -0.333535 -0.286625
v 0.131277 -0.337491 -0.286625
v 0.136644 -0.348216 -0.286625
v 0.126687 -0.326121 -0.279813
v 0.110477 -0.331532 -0.278595
v 0.116360 -0.337848 -0.286625
v 0.110275 -0.345533 -0.286625
v 0.101746 -0.343813 -0.278603
v 0.105071 -0.358978 -0.277740
v 0.113265 -0.354035 -0.286625
v 0.000066 -0.388920 0.249746
v 0.000066 -0.284579 0.288889
v 0.033455 -0.347184 0.288889
v -0.033323 -0.347184 0.288889
v 0.000066 -0.284579 0.288889
v 0.000066 -0.388920 0.249746
v 0.000066 -0.493261 0.288889
v -0.033323 -0.430657 0.288889
v 0.000066 -0.388920 0.249746
v 0.033455 -0.430657 0.288889
v 0.000066 -0.493261 0.288889
v 0.000066 -0.388920 0.249746
v -0.104563 -0.325486 -0.286625
v -0.101613 -0.343813 -0.278603
v -0.093470 -0.342159 -0.286625
v -0.110344 -0.331532 -0.278595
v 0.104696 -0.325486 -0.286625
v 0.101746 -0.343813 -0.278603
v 0.110477 -0.331532 -0.278595
v 0.093603 -0.342159 -0.286625
v 0.000066 -0.388920 0.249746
v 0.033455 -0.347184 0.288889
v 0.083539 -0.388920 0.288889
v -0.083407 -0.388920 0.288889
v -0.033323 -0.347184 0.288889
v 0.000066 -0.388920 0.249746
v 0.083539 -0.388920 0.288889
v 0.033455 -0.430657 0.288889
v 0.000066 -0.388920 0.249746
v -0.033323 -0.430657 0.288889
v -0.083407 -0.388920 0.288889
v 0.000066 -0.388920 0.249746
v -0.286739 -0.375911 -0.152798
v -0.286739 -0.382009 -0.205445
v -0.271762 -0.361904 -0.159897
v -0.273340 -0.368019 -0.204679
v 0.286739 -0.382009 -0.205445
v 0.271762 -0.361904 -0.159897
v 0.273340 -0.368018 -0.204679
v 0.286739 -0.375911 -0.152799
v -0.286739 -0.382009 0.205540
v -0.271762 -0.361904 0.159992
v -0.273340 -0.368019 0.204773
v -0.286739 -0.375911 0.152893
v 0.286739 -0.375911 0.152893
v 0.286739 -0.382009 0.205540
v 0.271762 -0.361904 0.159992
v 0.273340 -0.368018 0.204773
v -0.271762 -0.361904 -0.159897
v -0.267336 -0.345159 -0.104240
v -0.286739 -0.375911 -0.152798
v -0.286739 -0.364924 -0.098279
v 0.286739 -0.375911 -0.152799
v 0.267336 -0.345159 -0.104240
v 0.271762 -0.361904 -0.159897
v 0.286739 -0.364923 -0.098279
v -0.271030 -0.441244 -0.086035
v -0.286739 -0.412937 -0.098753
v -0.286739 -0.424982 -0.081498
v -0.273414 -0.419716 -0.111606
v -0.286739 -0.427293 -0.062466
v -0.271030 -0.441244 -0.086035
v -0.271047 -0.443281 -0.056630
v 0.271030 -0.441244 -0.086035
v 0.286739 -0.412937 -0.098753
v 0.273414 -0.419716 -0.111606
v 0.286739 -0.424982 -0.081498
v 0.286739 -0.427293 -0.062466
v 0.271030 -0.441244 -0.086035
v 0.271047 -0.443281 -0.056631
v -0.286739 -0.375911 0.152893
v -0.267336 -0.345159 0.104335
v -0.271762 -0.361904 0.159992
v -0.286739 -0.364924 0.098374
v 0.271762 -0.361904 0.159992
v 0.267336 -0.345159 0.104335
v 0.286739 -0.375911 0.152893
v 0.286739 -0.364923 0.098374
v -0.271030 -0.441244 0.086130
v -0.286739 -0.412937 0.098848
v -0.273414 -0.419716 0.111701
v -0.286739 -0.424982 0.081593
v -0.286739 -0.427293 0.062561
v -0.271030 -0.441244 0.086130
v -0.271047 -0.443281 0.056725
v 0.271030 -0.441244 0.086130
v 0.286739 -0.412937 0.098848
v 0.286739 -0.424982 0.081593
v 0.273414 -0.419716 0.111701
v 0.286739 -0.427293 0.062561
v 0.271030 -0.441244 0.086130
v 0.271047 -0.443281 0.056725
v 0.274650 -0.396535 -0.109883
v 0.286739 -0.412937 -0.098753
v 0.286739 -0.400453 -0.097317
v 0.273414 -0.419716 -0.111606
v 0.286739 -0.380553 -0.084898
v 0.274650 -0.396535 -0.109883
v -0.274650 -0.396535 -0.109883
v -0.286739 -0.412937 -0.098753
v -0.273414 -0.419716 -0.111606
v -0.286739 -0.400454 -0.097317
v -0.274650 -0.396535 -0.109883
v -0.286739 -0.380553 -0.084898
v -0.093470 -0.342159 -0.286625
v -0.104938 -0.358978 -0.277740
v -0.096990 -0.363735 -0.286625
v -0.101613 -0.343813 -0.278603
v 0.093603 -0.342159 -0.286625
v 0.105071 -0.358978 -0.277740
v 0.101746 -0.343813 -0.278603
v 0.097123 -0.363735 -0.286625
v -0.156967 -0.418275 -0.286625
v -0.164986 -0.410973 -0.276664
v -0.162386 -0.427096 -0.286625
v -0.174345 -0.427683 -0.275646
v -0.140764 -0.407738 -0.286625
v -0.164986 -0.410973 -0.276664
v 0.162519 -0.427096 -0.286625
v 0.174478 -0.427683 -0.275647
v 0.165119 -0.410973 -0.276664
v 0.157100 -0.418275 -0.286625
v 0.165119 -0.410973 -0.276664
v 0.140897 -0.407738 -0.286625
v -0.286739 -0.341049 -0.036562
v -0.266574 -0.387090 -0.029788
v -0.266578 -0.357870 -0.049239
v -0.286739 -0.383831 -0.008953
v -0.286739 -0.325852 -0.110508
v -0.286739 -0.430666 -0.018669
v -0.267336 -0.345159 -0.104240
v -0.269361 -0.422257 -0.034718
v -0.271762 -0.361904 -0.159897
v -0.271047 -0.443281 -0.056630
v -0.286739 -0.347739 -0.166971
v -0.286739 -0.458558 -0.051080
v -0.273340 -0.368019 -0.204679
v -0.286739 -0.457062 -0.090225
v -0.286739 -0.353739 -0.203944
v -0.271030 -0.441244 -0.086035
v -0.286739 -0.353028 -0.229525
v -0.276393 -0.361767 -0.236047
v -0.286739 -0.340093 -0.266204
v -0.286739 -0.426314 -0.123616
v -0.273414 -0.419716 -0.111606
v -0.286739 -0.393441 -0.121961
v -0.274650 -0.396535 -0.109883
v -0.286739 -0.380553 -0.084898
v 0.266574 -0.387090 -0.029788
v 0.286739 -0.341049 -0.036562
v 0.266578 -0.357870 -0.049239
v 0.286739 -0.383831 -0.008953
v 0.286739 -0.325852 -0.110508
v 0.286739 -0.430666 -0.018669
v 0.267336 -0.345159 -0.104240
v 0.269360 -0.422257 -0.034718
v 0.271762 -0.361904 -0.159897
v 0.271047 -0.443281 -0.056631
v 0.286739 -0.347739 -0.166971
v 0.286739 -0.458558 -0.051081
v 0.273340 -0.368018 -0.204679
v 0.286739 -0.457062 -0.090225
v 0.286739 -0.353739 -0.203944
v 0.271030 -0.441244 -0.086035
v 0.286739 -0.353028 -0.229525
v 0.276393 -0.361767 -0.236047
v 0.286739 -0.340093 -0.266204
v 0.286739 -0.426314 -0.123616
v 0.273414 -0.419716 -0.111606
v 0.286739 -0.393441 -0.121961
v 0.274650 -0.396535 -0.109883
v 0.286739 -0.380553 -0.084898
v 0.286739 -0.341049 0.036657
v 0.266574 -0.387090 0.029882
v 0.266578 -0.357870 0.049334
v 0.286739 -0.383831 0.009048
v 0.286739 -0.325853 0.110603
v 0.286739 -0.430666 0.018764
v 0.267336 -0.345159 0.104335
v 0.269360 -0.422257 0.034813
v 0.271762 -0.361904 0.159992
v 0.271047 -0.443281 0.056725
v 0.286739 -0.347739 0.167066
v 0.286739 -0.458558 0.051176
v 0.273340 -0.368018 0.204773
v 0.286739 -0.457062 0.090320
v 0.286739 -0.353739 0.204039
v 0.271030 -0.441244 0.086130
v 0.286739 -0.353028 0.229620
v 0.276393 -0.361767 0.236142
v 0.286739 -0.340093 0.266299
v 0.286739 -0.426314 0.123711
v 0.273414 -0.419716 0.111701
v 0.286739 -0.393441 0.122056
v 0.274650 -0.396535 0.109978
v 0.286739 -0.380553 0.084993
v -0.266574 -0.387090 0.029882
v -0.286739 -0.341049 0.036657
v -0.266578 -0.357870 0.049334
v -0.286739 -0.383831 0.009048
v -0.286739 -0.325853 0.110603
v -0.286739 -0.430666 0.018764
v -0.267336 -0.345159 0.104335
v -0.269361 -0.422257 0.034813
v -0.271762 -0.361904 0.159992
v -0.271047 -0.443281 0.056725
v -0.286739 -0.347739 0.167066
v -0.286739 -0.458558 0.051175
v -0.273340 -0.368019 0.204773
v -0.286739 -0.457062 0.090320
v -0.286739 -0.353739 0.204039
v -0.271030 -0.441244 0.086130
v -0.286739 -0.353028 0.229620
v -0.276393 -0.361767 0.236142
v -0.286739 -0.340093 0.266299
v -0.286739 -0.426314 0.123711
v -0.273414 -0.419716 0.111701
v -0.286739 -0.393441 0.122056
v -0.274650 -0.396535 0.109978
v -0.286739 -0.380553 0.084993
v -0.085196 -0.436630 -0.286625
v -0.090916 -0.395071 -0.286625
v -0.106239 -0.403217 -0.270014
v -0.142883 -0.374574 -0.270639
v -0.101888 -0.431809 -0.270011
v -0.140841 -0.357975 -0.286625
v -0.108759 -0.468219 -0.286625
v -0.190274 -0.367699 -0.274285
v -0.117816 -0.456352 -0.272306
v -0.190624 -0.354658 -0.286625
v -0.141499 -0.464421 -0.273696
v -0.225842 -0.356671 -0.275586
v -0.142674 -0.477761 -0.286625
v -0.220321 -0.346264 -0.286625
v -0.171383 -0.463014 -0.286625
v -0.239175 -0.336826 -0.286625
v -0.247088 -0.341081 -0.278101
v -0.262060 -0.314396 -0.286625
v -0.162746 -0.452662 -0.273683
v -0.185609 -0.428428 -0.286625
v -0.174345 -0.427683 -0.275646
v -0.172928 -0.404458 -0.286625
v -0.164986 -0.410973 -0.276664
v -0.140764 -0.407738 -0.286625
v 0.091049 -0.395071 -0.286625
v 0.085329 -0.436630 -0.286625
v 0.106372 -0.403217 -0.270014
v 0.102021 -0.431809 -0.270011
v 0.143016 -0.374574 -0.270639
v 0.108892 -0.468219 -0.286625
v 0.140974 -0.357975 -0.286625
v 0.117948 -0.456352 -0.272306
v 0.190406 -0.367699 -0.274285
v 0.141631 -0.464421 -0.273696
v 0.190757 -0.354658 -0.286625
v 0.142806 -0.477761 -0.286625
v 0.225974 -0.356671 -0.275585
v 0.171515 -0.463014 -0.286625
v 0.220454 -0.346264 -0.286625
v 0.162879 -0.452662 -0.273683
v 0.239308 -0.336826 -0.286625
v 0.247222 -0.341081 -0.278101
v 0.262193 -0.314396 -0.286625
v 0.185743 -0.428428 -0.286625
v 0.174478 -0.427683 -0.275647
v 0.173061 -0.404458 -0.286625
v 0.165119 -0.410973 -0.276664
v 0.140897 -0.407738 -0.286625
v 0.274650 -0.396535 0.109978
v 0.286739 -0.412937 0.098848
v 0.273414 -0.419716 0.111701
v 0.286739 -0.400453 0.097412
v 0.274650 -0.396535 0.109978
v 0.286739 -0.380553 0.084993
v -0.274650 -0.396535 0.109978
v -0.286739 -0.412937 0.098848
v -0.286739 -0.400454 0.097412
v -0.273414 -0.419716 0.111701
v -0.286739 -0.380553 0.084993
v -0.274650 -0.396535 0.109978
v -0.162746 -0.452662 -0.273683
v -0.162386 -0.427096 -0.286625
v -0.174345 -0.427683 -0.275646
v -0.153696 -0.442098 -0.286625
v -0.140289 -0.450452 -0.286625
v -0.162746 -0.452662 -0.273683
v -0.141499 -0.464421 -0.273696
v 0.162879 -0.452662 -0.273683
v 0.162519 -0.427096 -0.286625
v 0.153829 -0.442098 -0.286625
v 0.174478 -0.427683 -0.275647
v 0.140421 -0.450452 -0.286625
v 0.162879 -0.452662 -0.273683
v 0.141631 -0.464421 -0.273696
v -0.162386 -0.427097 0.286853
v -0.174345 -0.427683 0.275874
v -0.164986 -0.410973 0.276892
v -0.156967 -0.418275 0.286853
v -0.164986 -0.410973 0.276892
v -0.140764 -0.407738 0.286853
v 0.157100 -0.418275 0.286853
v 0.165119 -0.410973 0.276892
v 0.162519 -0.427097 0.286853
v 0.174478 -0.427683 0.275874
v 0.140897 -0.407738 0.286853
v 0.165119 -0.410973 0.276892
v -0.141499 -0.464421 0.273924
v -0.162746 -0.452662 0.273911
v -0.140289 -0.450452 0.286853
v -0.153696 -0.442099 0.286853
v 0.141631 -0.464421 0.273924
v 0.140421 -0.450452 0.286853
v 0.162879 -0.452662 0.273911
v 0.153829 -0.442099 0.286853
v -0.090916 -0.395071 0.286853
v -0.085196 -0.436630 0.286853
v -0.106239 -0.403217 0.270242
v -0.101888 -0.431809 0.270239
v -0.142883 -0.374575 0.270867
v -0.108759 -0.468219 0.286853
v -0.140841 -0.357976 0.286853
v -0.117816 -0.456352 0.272535
v -0.190274 -0.367699 0.274513
v -0.141499 -0.464421 0.273924
v -0.190624 -0.354658 0.286853
v -0.142674 -0.477761 0.286853
v -0.225842 -0.356672 0.275813
v -0.171383 -0.463014 0.286853
v -0.220321 -0.346264 0.286853
v -0.162746 -0.452662 0.273911
v -0.239175 -0.336826 0.286853
v -0.247088 -0.341081 0.278329
v -0.262060 -0.314396 0.286853
v -0.185609 -0.428428 0.286853
v -0.174345 -0.427683 0.275874
v -0.172928 -0.404458 0.286853
v -0.164986 -0.410973 0.276892
v -0.140764 -0.407738 0.286853
v 0.085329 -0.436630 0.286853
v 0.091049 -0.395071 0.286853
v 0.106372 -0.403217 0.270242
v 0.143016 -0.374575 0.270867
v 0.102021 -0.431809 0.270239
v 0.140974 -0.357976 0.286853
v 0.108892 -0.468219 0.286853
v 0.190406 -0.367699 0.274513
v 0.117948 -0.456352 0.272535
v 0.190757 -0.354658 0.286853
v 0.141631 -0.464421 0.273924
v 0.225974 -0.356672 0.275813
v 0.142806 -0.477761 0.286853
v 0.220454 -0.346264 0.286853
v 0.171515 -0.463014 0.286853
v 0.239308 -0.336826 0.286853
v 0.247222 -0.341081 0.278329
v 0.262193 -0.314396 0.286853
v 0.162879 -0.452662 0.273911
v 0.185743 -0.428428 0.286853
v 0.174478 -0.427683 0.275874
v 0.173061 -0.404458 0.286853
v 0.165119 -0.410973 0.276892
v 0.140897 -0.407738 0.286853
v -0.162746 -0.452662 0.273911
v -0.162386 -0.427097 0.286853
v -0.153696 -0.442099 0.286853
v -0.174345 -0.427683 0.275874
v 0.162879 -0.452662 0.273911
v 0.162519 -0.427097 0.286853
v 0.174478 -0.427683 0.275874
v 0.153829 -0.442099 0.286853
vn -0.6235 -0.3427 0.7027
vn -0.6929 -0.0041 0.7210
vn -0.3682 -0.6025 0.7081
vn -0.6861 0.1035 0.7201
vn 0.6929 -0.0040 0.7210
vn 0.6235 -0.3427 0.7027
vn 0.3681 -0.6025 0.7081
vn 0.6861 0.1035 0.7201
vn -0.6925 -0.0034 0.7214
vn -0.5024 -0.5032 0.7031
vn -0.6615 -0.2163 0.7181
vn -0.4004 -0.5877 0.7031
vn -0.6523 0.2243 0.7240
vn -0.1935 -0.6653 0.7210
vn -0.5682 0.3899 0.7246
vn -0.1703 -0.6740 0.7188
vn -0.3188 0.6215 0.7156
vn -0.2089 -0.6700 0.7123
vn 0.0328 0.6614 0.7493
vn -0.2556 -0.6548 0.7112
vn -0.0219 0.6639 0.7475
vn -0.4264 -0.5604 0.7100
vn 0.3787 0.5851 0.7171
vn -0.6470 -0.2525 0.7195
vn -0.5162 -0.4743 0.7131
vn -0.6872 -0.1592 0.7088
vn 0.5783 0.3958 0.7134
vn 0.6616 -0.0348 0.7491
vn 0.6602 0.0587 0.7488
vn 0.4170 -0.5443 0.7279
vn 0.5867 -0.3825 0.7138
vn 0.3753 -0.5771 0.7253
vn 0.6925 -0.0034 0.7214
vn 0.6615 -0.2163 0.7181
vn 0.5024 -0.5032 0.7031
vn 0.4004 -0.5877 0.7031
vn 0.6523 0.2243 0.7240
vn 0.1935 -0.6653 0.7210
vn 0.5682 0.3899 0.7246
vn 0.1703 -0.6740 0.7188
vn 0.3188 0.6215 0.7156
vn 0.2089 -0.6700 0.7123
vn -0.0328 0.6614 0.7493
vn 0.2556 -0.6548 0.7112
vn 0.0219 0.6639 0.7475
vn 0.4264 -0.5604 0.7100
vn -0.3788 0.5850 0.7171
vn 0.6470 -0.2525 0.7195
vn 0.5163 -0.4743 0.7131
vn 0.6872 -0.1592 0.7088
vn -0.5783 0.3958 0.7134
vn -0.6616 -0.0348 0.7491
vn -0.6602 0.0587 0.7488
vn -0.4170 -0.5443 0.7279
vn -0.5861 -0.3815 0.7148
vn -0.3753 -0.5771 0.7253
vn -0.0686 -0.6852 0.7252
vn -0.3681 -0.6025 0.7081
vn -0.0108 -0.6907 0.7231
vn -0.6235 -0.3428 0.7027
vn 0.0686 -0.6852 0.7251
vn 0.0108 -0.6907 0.7231
vn -0.0685 0.8157 0.5744
vn -0.3716 0.6381 0.6743
vn -0.6929 -0.0040 0.7210
vn 0.0684 0.8157 0.5744
vn 0.3717 0.6381 0.6743
vn 0.5660 -0.3385 0.7517
vn 0.4658 -0.0000 0.8849
vn 0.5660 0.3385 0.7517
vn 0.4248 -0.4728 0.7720
vn -0.0000 -0.3881 0.9216
vn 0.4248 0.4728 0.7720
vn -0.0000 0.3880 0.9217
vn -0.5660 0.3385 0.7517
vn -0.4248 0.4728 0.7720
vn -0.4657 -0.0000 0.8849
vn -0.6929 -0.0040 -0.7210
vn -0.6235 -0.3427 -0.7027
vn -0.3681 -0.6025 -0.7081
vn -0.6861 0.1035 -0.7201
vn 0.6235 -0.3427 -0.7027
vn 0.6929 -0.0041 -0.7210
vn 0.3681 -0.6025 -0.7082
vn 0.6861 0.1035 -0.7201
vn -0.5687 0.7202 0.3974
vn -0.7079 -0.0717 0.7027
vn -0.7026 -0.4620 0.5412
vn -0.6768 0.4062 0.6139
vn 0.5687 0.7202 0.3974
vn 0.7079 -0.0717 0.7027
vn 0.6768 0.4062 0.6139
vn 0.7026 -0.4620 0.5412
vn -0.6925 -0.0034 -0.7214
vn -0.6615 -0.2163 -0.7181
vn -0.5024 -0.5032 -0.7031
vn -0.4004 -0.5877 -0.7031
vn -0.6523 0.2243 -0.7240
vn -0.1935 -0.6653 -0.7210
vn -0.5682 0.3899 -0.7246
vn -0.1703 -0.6740 -0.7188
vn -0.3188 0.6215 -0.7156
vn -0.2089 -0.6700 -0.7123
vn 0.0329 0.6614 -0.7493
vn -0.2557 -0.6548 -0.7112
vn -0.0219 0.6639 -0.7475
vn -0.4264 -0.5604 -0.7100
vn 0.3787 0.5850 -0.7171
vn -0.6470 -0.2525 -0.7195
vn -0.5162 -0.4743 -0.7131
vn -0.6872 -0.1592 -0.7088
vn 0.5783 0.3958 -0.7134
vn 0.6616 -0.0348 -0.7491
vn 0.6602 0.0587 -0.7488
vn 0.4170 -0.5443 -0.7279
vn 0.5861 -0.3816 -0.7148
vn 0.3753 -0.5772 -0.7253
vn 0.6925 -0.0034 -0.7214
vn 0.5024 -0.5032 -0.7031
vn 0.6615 -0.2163 -0.7181
vn 0.4004 -0.5877 -0.7031
vn 0.6523 0.2243 -0.7240
vn 0.1935 -0.6653 -0.7210
vn 0.5682 0.3899 -0.7246
vn 0.1703 -0.6740 -0.7188
vn 0.3187 0.6215 -0.7156
vn 0.2089 -0.6700 -0.7123
vn -0.0329 0.6614 -0.7493
vn 0.2557 -0.6548 -0.7112
vn 0.0219 0.6639 -0.7475
vn 0.4264 -0.5604 -0.7100
vn -0.3788 0.5850 -0.7172
vn 0.6470 -0.2525 -0.7195
vn 0.5162 -0.4743 -0.7131
vn 0.6872 -0.1592 -0.7088
vn -0.5783 0.3958 -0.7134
vn -0.6616 -0.0348 -0.7491
vn -0.6602 0.0587 -0.7488
vn -0.4170 -0.5443 -0.7279
vn -0.5867 -0.3825 -0.7138
vn -0.3753 -0.5771 -0.7253
vn -0.7124 -0.6104 0.3464
vn -0.7102 -0.6973 0.0971
vn 0.7124 -0.6104 0.3464
vn 0.7102 -0.6973 0.0971
vn -0.5205 0.3098 0.7956
vn -0.3716 0.4459 0.8143
vn -0.3879 0.4326 0.8139
vn -0.5409 0.2885 0.7901
vn 0.5409 0.2885 0.7901
vn 0.3879 0.4326 0.8139
vn 0.5205 0.3098 0.7957
vn 0.3716 0.4459 0.8143
vn -0.0686 -0.6851 -0.7252
vn -0.0108 -0.6907 -0.7231
vn 0.0686 -0.6851 -0.7252
vn 0.3681 -0.6025 -0.7081
vn 0.0108 -0.6907 -0.7231
vn -0.6999 -0.6775 0.2263
vn -0.7231 -0.2773 0.6326
vn -0.7270 -0.1277 0.6747
vn -0.7250 0.1167 0.6788
vn -0.7191 -0.4861 0.4966
vn -0.7189 0.4085 0.5624
vn -0.7145 -0.6991 0.0265
vn -0.7493 0.6113 0.2549
vn -0.7139 -0.6995 0.0320
vn -0.7353 0.6760 0.0484
vn -0.7126 -0.6950 -0.0954
vn -0.7181 0.6875 -0.1079
vn -0.7175 -0.6858 -0.1224
vn -0.7180 0.6217 -0.3130
vn -0.7139 -0.6998 0.0242
vn -0.7357 0.1085 -0.6685
vn -0.7138 -0.6968 0.0702
vn -0.7240 0.5114 -0.4629
vn -0.7210 -0.5173 0.4611
vn -0.7107 -0.6575 0.2504
vn -0.7088 -0.4347 0.5556
vn -0.7284 -0.2917 -0.6199
vn -0.7181 -0.1222 -0.6851
vn -0.7253 -0.3645 -0.5841
vn 0.6999 -0.6774 0.2263
vn 0.7270 -0.1277 0.6747
vn 0.7231 -0.2773 0.6326
vn 0.7250 0.1167 0.6788
vn 0.7191 -0.4861 0.4966
vn 0.7189 0.4085 0.5624
vn 0.7145 -0.6991 0.0265
vn 0.7493 0.6113 0.2549
vn 0.7139 -0.6995 0.0320
vn 0.7353 0.6760 0.0484
vn 0.7126 -0.6950 -0.0954
vn 0.7181 0.6875 -0.1079
vn 0.7175 -0.6858 -0.1224
vn 0.7180 0.6217 -0.3130
vn 0.7139 -0.6998 0.0242
vn 0.7357 0.1085 -0.6685
vn 0.7138 -0.6968 0.0702
vn 0.7240 0.5114 -0.4629
vn 0.7210 -0.5173 0.4611
vn 0.7107 -0.6574 0.2504
vn 0.7088 -0.4347 0.5556
vn 0.7284 -0.2917 -0.6200
vn 0.7188 -0.1218 -0.6844
vn 0.7253 -0.3645 -0.5841
vn -0.5409 -0.2885 0.7901
vn -0.5205 -0.3098 0.7957
vn -0.3879 -0.4326 0.8139
vn -0.3716 -0.4459 0.8143
vn 0.5205 -0.3098 0.7956
vn 0.3716 -0.4459 0.8143
vn 0.3879 -0.4326 0.8139
vn 0.5409 -0.2885 0.7901
vn -0.6861 0.1036 -0.7201
vn -0.0684 0.8157 -0.5744
vn -0.3717 0.6381 -0.6743
vn 0.0685 0.8157 -0.5744
vn 0.6861 0.1036 -0.7201
vn 0.3716 0.6381 -0.6743
vn 0.6929 -0.0040 -0.7210
vn -0.7126 0.7014 0.0149
vn -0.7190 0.6791 0.1476
vn -0.7228 0.6573 0.2131
vn -0.7158 0.6971 0.0409
vn 0.7190 0.6791 0.1476
vn 0.7126 0.7014 0.0149
vn 0.7228 0.6573 0.2131
vn 0.7158 0.6971 0.0409
vn -0.6999 -0.6774 -0.2263
vn -0.7270 -0.1277 -0.6747
vn -0.7231 -0.2773 -0.6326
vn -0.7250 0.1167 -0.6788
vn -0.7191 -0.4861 -0.4966
vn -0.7189 0.4085 -0.5624
vn -0.7145 -0.6991 -0.0265
vn -0.7493 0.6113 -0.2549
vn -0.7139 -0.6995 -0.0320
vn -0.7353 0.6760 -0.0484
vn -0.7126 -0.6950 0.0954
vn -0.7181 0.6875 0.1079
vn -0.7175 -0.6858 0.1224
vn -0.7180 0.6217 0.3130
vn -0.7139 -0.6998 -0.0242
vn -0.7357 0.1085 0.6685
vn -0.7138 -0.6968 -0.0702
vn -0.7240 0.5114 0.4629
vn -0.7210 -0.5173 -0.4611
vn -0.7107 -0.6574 -0.2504
vn -0.7088 -0.4347 -0.5556
vn -0.7284 -0.2917 0.6199
vn -0.7188 -0.1218 0.6844
vn -0.7253 -0.3645 0.5841
vn 0.6999 -0.6775 -0.2263
vn 0.7231 -0.2773 -0.6326
vn 0.7270 -0.1277 -0.6747
vn 0.7250 0.1167 -0.6788
vn 0.7191 -0.4861 -0.4966
vn 0.7189 0.4085 -0.5624
vn 0.7145 -0.6991 -0.0265
vn 0.7493 0.6113 -0.2549
vn 0.7139 -0.6995 -0.0320
vn 0.7353 0.6760 -0.0484
vn 0.7126 -0.6950 0.0954
vn 0.7181 0.6875 0.1079
vn 0.7175 -0.6858 0.1224
vn 0.7180 0.6217 0.3130
vn 0.7139 -0.6998 -0.0242
vn 0.7357 0.1085 0.6685
vn 0.7138 -0.6968 -0.0702
vn 0.7240 0.5114 0.4629
vn 0.7210 -0.5173 -0.4611
vn 0.7107 -0.6575 -0.2504
vn 0.7088 -0.4347 -0.5556
vn 0.7284 -0.2917 0.6200
vn 0.7181 -0.1222 0.6851
vn 0.7253 -0.3645 0.5841
vn -0.7190 0.6791 -0.1476
vn -0.7126 0.7014 -0.0149
vn -0.7228 0.6573 -0.2131
vn -0.7158 0.6971 -0.0409
vn 0.7126 0.7014 -0.0149
vn 0.7190 0.6791 -0.1476
vn 0.7228 0.6573 -0.2131
vn 0.7158 0.6971 -0.0409
vn 0.4658 -0.0000 -0.8849
vn 0.4248 0.4728 -0.7720
vn 0.5660 0.3385 -0.7517
vn -0.0000 0.3881 -0.9216
vn 0.5660 -0.3385 -0.7517
vn -0.5660 0.3385 -0.7517
vn 0.4248 -0.4728 -0.7720
vn -0.0000 -0.3881 -0.9216
vn -0.4248 0.4728 -0.7720
vn -0.4658 -0.0000 -0.8849
vn -0.8884 -0.3957 -0.2328
vn -0.6694 0.0067 -0.7429
vn -0.6188 -0.2566 -0.7425
vn -0.7274 0.1366 -0.6725
vn 0.8884 -0.3956 -0.2329
vn 0.6694 0.0068 -0.7429
vn 0.7274 0.1366 -0.6725
vn 0.6188 -0.2566 -0.7425
vn -0.5687 0.7202 -0.3974
vn -0.7079 -0.0717 -0.7027
vn -0.6768 0.4062 -0.6139
vn -0.7026 -0.4620 -0.5412
vn 0.5687 0.7202 -0.3974
vn 0.7079 -0.0717 -0.7027
vn 0.7026 -0.4620 -0.5412
vn 0.6768 0.4062 -0.6139
vn -0.7124 -0.6104 -0.3464
vn -0.7102 -0.6973 -0.0971
vn 0.7124 -0.6104 -0.3464
vn 0.7102 -0.6973 -0.0971
vn -0.7228 0.6574 0.2131
vn -0.7125 0.7004 0.0414
vn -0.7127 0.7000 0.0444
vn 0.7125 0.7004 0.0414
vn 0.7127 0.7000 0.0444
vn -0.7125 0.7004 -0.0414
vn -0.7228 0.6574 -0.2131
vn -0.7127 0.7000 -0.0444
vn 0.7125 0.7004 -0.0414
vn 0.7127 0.7000 -0.0444
vn -0.7246 -0.6428 -0.2484
vn -0.7124 -0.6104 0.3463
vn -0.7161 -0.6959 -0.0543
vn 0.7246 -0.6428 -0.2484
vn 0.7161 -0.6958 -0.0543
vn -0.7246 -0.6428 0.2484
vn -0.7124 -0.6104 -0.3463
vn -0.7161 -0.6958 0.0543
vn 0.7246 -0.6428 0.2484
vn 0.7161 -0.6959 0.0543
vn 0.7124 -0.6104 -0.3463
vn -0.5409 0.2885 -0.7901
vn -0.3879 0.4326 -0.8139
vn -0.5205 0.3098 -0.7957
vn -0.3716 0.4459 -0.8143
vn 0.5205 0.3098 -0.7956
vn 0.3716 0.4459 -0.8143
vn 0.3879 0.4326 -0.8139
vn 0.5409 0.2885 -0.7901
vn 0.5409 -0.2885 -0.7901
vn 0.5205 -0.3098 -0.7957
vn 0.3879 -0.4326 -0.8139
vn 0.3716 -0.4459 -0.8143
vn -0.5205 -0.3098 -0.7956
vn -0.3716 -0.4459 -0.8143
vn -0.3879 -0.4326 -0.8139
vn -0.5409 -0.2885 -0.7901
vn 0.0978 0.6820 0.7247
vn 0.0725 0.6869 0.7232
vn 0.3409 0.6240 0.7031
vn 0.1400 0.6797 0.7200
vn -0.0978 0.6820 0.7247
vn -0.0725 0.6869 0.7232
vn -0.1400 0.6797 0.7200
vn -0.3409 0.6240 0.7031
vn -0.4248 -0.4728 0.7720
vn -0.5660 -0.3385 0.7517
vn -0.4657 -0.0000 0.8850
vn -0.6912 0.6945 0.1999
vn -0.7126 0.7014 -0.0148
vn -0.7136 0.4988 0.4919
vn 0.6912 0.6945 0.1999
vn 0.7136 0.4988 0.4919
vn -0.7126 0.7014 0.0148
vn -0.7136 0.4988 -0.4920
vn -0.6912 0.6945 -0.1999
vn 0.7158 0.6971 0.0408
vn 0.7136 0.4988 -0.4919
vn 0.7126 0.7014 0.0148
vn 0.6912 0.6945 -0.1999
vn -0.4799 0.5438 -0.6884
vn -0.1177 0.6822 -0.7217
vn -0.8245 -0.0474 -0.5639
vn -0.8490 -0.1847 -0.4951
vn -0.0125 0.6962 -0.7177
vn 0.5030 0.4857 -0.7149
vn 0.2394 0.6759 -0.6970
vn 0.6914 0.0527 -0.7205
vn 0.6391 0.2672 -0.7212
vn 0.7458 -0.0765 -0.6617
vn 0.8812 0.1182 -0.4577
vn 0.8245 -0.0474 -0.5639
vn 0.1177 0.6822 -0.7217
vn 0.4799 0.5439 -0.6884
vn 0.8490 -0.1847 -0.4951
vn 0.0125 0.6962 -0.7177
vn -0.5030 0.4857 -0.7149
vn -0.2395 0.6759 -0.6970
vn -0.6914 0.0527 -0.7205
vn -0.6391 0.2672 -0.7212
vn -0.7458 -0.0765 -0.6617
vn -0.8812 0.1182 -0.4577
vn -0.7161 -0.6959 0.0543
vn -0.7062 -0.4927 0.5085
vn -0.7246 -0.6428 0.2486
vn -0.7143 -0.2363 0.6587
vn -0.7262 0.0479 0.6858
vn -0.7218 0.2312 0.6523
vn 0.7246 -0.6428 0.2486
vn 0.7062 -0.4927 0.5084
vn 0.7143 -0.2363 0.6587
vn 0.7262 0.0479 0.6858
vn 0.7218 0.2313 0.6523
vn 0.2361 -0.6703 0.7036
vn -0.0685 -0.6852 0.7252
vn 0.4932 -0.4960 0.7147
vn 0.2361 -0.6703 0.7035
vn 0.6936 -0.0409 0.7192
vn 0.4932 -0.4959 0.7147
vn 0.6152 -0.3199 0.7205
vn -0.2361 -0.6703 0.7036
vn 0.0685 -0.6852 0.7252
vn -0.4932 -0.4959 0.7147
vn -0.6936 -0.0408 0.7192
vn -0.6152 -0.3200 0.7205
vn -0.7218 0.2313 0.6523
vn -0.7136 0.4988 0.4920
vn 0.7136 0.4988 0.4920
vn -0.3115 -0.6305 -0.7109
vn 0.0633 -0.6587 -0.7497
vn -0.0430 -0.6654 -0.7453
vn -0.5089 -0.4717 -0.7201
vn 0.3115 -0.6305 -0.7109
vn -0.0633 -0.6587 -0.7497
vn 0.5089 -0.4717 -0.7201
vn 0.0430 -0.6654 -0.7453
vn 0.6694 0.0067 -0.7429
vn 0.3116 -0.6305 -0.7109
vn -0.7099 0.6856 0.1614
vn -0.7054 0.7047 0.0760
vn -0.7099 0.6856 0.1615
vn -0.7093 0.6648 0.2344
vn 0.7099 0.6856 0.1615
vn 0.7054 0.7047 0.0760
vn 0.7093 0.6648 0.2344
vn 0.0978 0.6820 -0.7247
vn 0.0725 0.6869 -0.7232
vn 0.1400 0.6797 -0.7200
vn 0.3409 0.6240 -0.7031
vn -0.0978 0.6820 -0.7247
vn -0.0725 0.6869 -0.7232
vn -0.3409 0.6240 -0.7031
vn -0.1400 0.6797 -0.7200
vn -0.7099 0.6856 -0.1615
vn -0.7054 0.7047 -0.0760
vn -0.7093 0.6648 -0.2344
vn 0.7054 0.7047 -0.0760
vn 0.7099 0.6856 -0.1615
vn 0.7093 0.6648 -0.2344
vn -0.5660 -0.3385 -0.7517
vn -0.4248 -0.4728 -0.7720
vn 0.2062 0.6676 0.7154
vn 0.3108 0.6348 0.7074
vn 0.4585 0.5343 0.7101
vn 0.3684 0.6054 0.7056
vn 0.3684 0.6053 0.7056
vn 0.4934 0.5034 0.7093
vn -0.2062 0.6676 0.7154
vn -0.3108 0.6348 0.7074
vn -0.4585 0.5343 0.7101
vn -0.3684 0.6054 0.7056
vn -0.3684 0.6053 0.7056
vn -0.4934 0.5034 0.7093
vn -0.7246 -0.6428 -0.2486
vn -0.7062 -0.4927 -0.5084
vn -0.7143 -0.2363 -0.6587
vn -0.7262 0.0479 -0.6858
vn -0.7218 0.2313 -0.6523
vn 0.7161 -0.6959 -0.0543
vn 0.7062 -0.4927 -0.5085
vn 0.7246 -0.6428 -0.2486
vn 0.7143 -0.2363 -0.6587
vn 0.7262 0.0479 -0.6858
vn 0.7218 0.2312 -0.6523
vn -0.4951 0.8207 0.2854
vn -0.6769 0.4062 0.6139
vn 0.7218 0.2313 -0.6523
vn 0.7136 0.4988 -0.4920
vn 0.4951 0.8207 0.2854
vn 0.2361 -0.6702 -0.7036
vn -0.0685 -0.6851 -0.7252
vn 0.4932 -0.4959 -0.7147
vn 0.6936 -0.0408 -0.7192
vn 0.6152 -0.3199 -0.7205
vn -0.2361 -0.6703 -0.7036
vn -0.4932 -0.4959 -0.7147
vn -0.6936 -0.0408 -0.7192
vn -0.6152 -0.3199 -0.7205
vn 0.4872 0.5289 0.6949
vn 0.3410 0.6240 0.7031
vn 0.6676 0.2190 0.7115
vn 0.0979 0.6820 0.7248
vn -0.4872 0.5289 0.6949
vn -0.3410 0.6240 0.7031
vn -0.0979 0.6820 0.7247
vn -0.6676 0.2191 0.7115
vn -0.4951 0.8207 -0.2854
vn 0.4951 0.8207 -0.2854
vn 0.6769 0.4062 -0.6139
vn 0.2062 0.6676 -0.7154
vn 0.3108 0.6348 -0.7074
vn 0.4585 0.5343 -0.7101
vn 0.3684 0.6054 -0.7056
vn 0.4934 0.5034 -0.7093
vn -0.2062 0.6676 -0.7154
vn -0.3108 0.6348 -0.7074
vn -0.4585 0.5343 -0.7101
vn -0.3684 0.6054 -0.7056
vn -0.4934 0.5034 -0.7093
vn 0.6677 0.2190 0.7115
vn 0.6936 -0.0408 0.7192
vn -0.6676 0.2190 0.7115
vn -0.6152 -0.3199 0.7205
vn 0.4872 0.5289 -0.6949
vn 0.3410 0.6240 -0.7031
vn 0.0979 0.6821 -0.7247
vn 0.6677 0.2191 -0.7115
vn -0.4872 0.5289 -0.6949
vn -0.3410 0.6240 -0.7031
vn -0.6676 0.2190 -0.7116
vn -0.0979 0.6820 -0.7248
vn 0.0882 0.8644 0.4951
vn 0.0685 0.8157 0.5744
vn -0.0882 0.8644 0.4951
vn 0.3716 0.6381 0.6744
vn 0.6676 0.2190 -0.7115
vn -0.6677 0.2190 -0.7115
vn -0.0685 0.8157 -0.5744
vn 0.0882 0.8644 -0.4951
vn -0.3716 0.6381 -0.6744
vn -0.0882 0.8644 -0.4951
vn 0.4215 -0.5649 -0.7094
vn 0.5838 -0.3593 -0.7281
vn -0.0430 -0.6654 -0.7452
vn 0.6157 -0.3081 -0.7252
vn -0.4215 -0.5649 -0.7094
vn -0.5838 -0.3593 -0.7281
vn -0.6157 -0.3082 -0.7253
vn 0.6873 -0.1592 0.7088
vn -0.4799 0.5439 0.6884
vn -0.8490 -0.1847 0.4951
vn -0.8245 -0.0474 0.5639
vn 0.4799 0.5439 0.6884
vn 0.8245 -0.0474 0.5639
vn 0.8490 -0.1847 0.4950
vn -0.6873 -0.1592 -0.7088
vn 0.6873 -0.1592 -0.7088
vn 0.5163 -0.4743 -0.7131
vn 0.7107 -0.6575 0.2504
vn -0.1178 0.6822 0.7216
vn -0.8245 -0.0474 0.5638
vn -0.0125 0.6962 0.7177
vn 0.1178 0.6822 0.7216
vn 0.8245 -0.0475 0.5639
vn 0.0125 0.6962 0.7177
vn -0.7107 -0.6575 -0.2504
vn -0.6615 -0.2164 0.7181
vn 0.6615 -0.2164 0.7181
vn -0.3187 0.6215 0.7156
vn -0.6925 -0.0033 0.7214
vn 0.3187 0.6215 0.7156
vn -0.1703 -0.6741 0.7188
vn 0.1703 -0.6741 0.7188
vn 0.2557 -0.6548 0.7112
vn 0.5162 -0.4743 0.7131
vn -0.6615 -0.2164 -0.7181
vn -0.1936 -0.6654 -0.7210
vn 0.6615 -0.2164 -0.7181
vn 0.7231 -0.2772 0.6326
vn 0.7270 -0.1276 0.6747
vn -0.7270 -0.1276 0.6747
vn 0.5030 0.4857 0.7149
vn -0.1177 0.6822 0.7216
vn 0.2394 0.6759 0.6970
vn -0.5030 0.4857 0.7149
vn 0.1177 0.6822 0.7216
vn -0.2394 0.6759 0.6970
vn 0.6999 -0.6775 0.2263
vn -0.6999 -0.6774 0.2263
vn -0.1703 -0.6741 -0.7188
vn 0.2556 -0.6548 -0.7112
vn 0.1703 -0.6741 -0.7188
vn -0.4003 -0.5877 0.7031
vn 0.4001 -0.5869 0.7039
vn -0.7138 -0.6968 -0.0703
vn 0.7493 0.6112 0.2549
vn 0.7353 0.6760 0.0483
vn 0.7250 0.1168 0.6788
vn -0.7493 0.6112 0.2549
vn -0.7250 0.1168 0.6788
vn -0.7353 0.6760 0.0483
vn 0.0327 0.6614 0.7493
vn -0.0327 0.6614 0.7493
vn 0.5682 0.3900 0.7246
vn 0.7231 -0.2772 -0.6326
vn -0.7270 -0.1276 -0.6747
vn -0.3187 0.6215 -0.7157
vn -0.3187 0.6215 -0.7156
vn 0.0328 0.6614 -0.7493
vn 0.6925 -0.0033 -0.7214
vn -0.0328 0.6614 -0.7493
vn 0.6999 -0.6774 -0.2263
vn -0.6999 -0.6775 -0.2263
vn -0.7145 -0.6992 0.0265
vn 0.4601 0.2724 0.8450
vn -0.0000 0.2901 0.9570
vn -0.0000 -0.0001 1.0000
vn -0.0000 -0.0000 1.0000
vn -0.4601 0.2724 0.8450
vn -0.0000 -0.2901 0.9570
vn 0.4601 -0.2724 0.8450
vn -0.0000 0.0001 1.0000
vn -0.4601 -0.2724 0.8450
vn 0.7492 0.6113 -0.2549
vn 0.7250 0.1168 -0.6788
vn 0.7353 0.6760 -0.0483
vn -0.7493 0.6112 -0.2549
vn -0.7353 0.6760 -0.0483
vn -0.3544 -0.0000 0.9351
vn 0.3544 -0.0000 0.9351
vn -0.4001 -0.5869 -0.7039
vn -0.1935 -0.6654 -0.7210
vn 0.4003 -0.5877 -0.7031
vn -0.7145 -0.6992 -0.0265
vn 0.0633 -0.6587 0.7497
vn 0.4215 -0.5649 0.7094
vn 0.5838 -0.3593 0.7281
vn 0.6157 -0.3081 0.7252
vn -0.0430 -0.6654 0.7453
vn -0.3115 -0.6305 0.7109
vn -0.5089 -0.4717 0.7201
vn -0.6694 0.0067 0.7429
vn -0.6188 -0.2565 0.7425
vn -0.8883 -0.3957 0.2329
vn -0.7274 0.1366 0.6725
vn -0.4215 -0.5649 0.7094
vn -0.0633 -0.6587 0.7497
vn -0.5838 -0.3593 0.7281
vn -0.6156 -0.3081 0.7253
vn 0.0430 -0.6654 0.7453
vn 0.3115 -0.6305 0.7109
vn 0.5089 -0.4717 0.7201
vn 0.6694 0.0067 0.7429
vn 0.6188 -0.2566 0.7425
vn 0.8884 -0.3957 0.2328
vn 0.7274 0.1366 0.6725
vn -0.0000 -0.0000 -1.0000
vn -0.0000 0.3512 -0.9363
vn 0.5293 0.3153 -0.7877
vn -0.5293 0.3153 -0.7877
vn -0.0000 -0.3512 -0.9363
vn -0.5293 -0.3153 -0.7877
vn 0.5293 -0.3153 -0.7877
vn 0.6914 0.0527 0.7205
vn 0.6391 0.2672 0.7212
vn -0.6914 0.0528 0.7205
vn -0.6391 0.2672 0.7212
vn 0.4246 -0.0000 -0.9054
vn -0.4246 -0.0000 -0.9054
vn -0.7174 -0.6858 0.1224
vn -0.7174 -0.6858 -0.1224
vn 0.7139 -0.6995 -0.0319
vn -0.7145 -0.6992 -0.0264
vn 0.7181 0.6875 0.1080
vn 0.7240 0.5115 0.4629
vn 0.7493 0.6113 -0.2548
vn 0.7180 0.6217 0.3129
vn -0.7357 0.1085 0.6686
vn -0.7240 0.5115 0.4629
vn -0.7493 0.6113 -0.2548
vn -0.7180 0.6217 0.3129
vn 0.7139 -0.6995 0.0319
vn -0.7145 -0.6992 0.0264
vn 0.7357 0.1085 -0.6686
vn 0.7240 0.5115 -0.4629
vn 0.7493 0.6113 0.2548
vn 0.7180 0.6217 -0.3129
vn -0.7181 0.6875 -0.1080
vn -0.7240 0.5115 -0.4629
vn -0.7493 0.6113 0.2548
vn -0.7180 0.6217 -0.3129
vn -0.7181 -0.1222 0.6852
vn -0.7240 0.5115 0.4628
vn 0.7239 0.5115 0.4629
vn 0.7181 -0.1222 0.6852
vn 0.7181 -0.1223 0.6851
vn 0.7284 -0.2917 0.6199
vn 0.7458 -0.0765 0.6617
vn 0.8812 0.1182 0.4577
vn -0.7458 -0.0765 0.6617
vn -0.6914 0.0527 0.7205
vn -0.8812 0.1182 0.4577
vn 0.5861 -0.3816 0.7147
vn 0.4171 -0.5443 0.7279
vn 0.6616 -0.0349 0.7490
vn 0.5861 -0.3817 0.7147
vn 0.3753 -0.5772 0.7253
vn -0.6616 -0.0349 0.7490
vn -0.5861 -0.3816 0.7147
vn -0.3753 -0.5772 0.7253
vn 0.7135 0.4988 0.4920
vn 0.7247 -0.6428 0.2485
vn 0.7229 0.6573 -0.2131
vn 0.7161 -0.6958 0.0544
vn 0.7102 -0.6973 -0.0972
vn 0.7026 -0.4620 -0.5413
vn 0.7079 -0.0718 -0.7027
vn 0.6768 0.4063 -0.6139
vn 0.4951 0.8206 -0.2854
vn -0.7135 0.4988 0.4920
vn -0.7246 -0.6428 0.2485
vn -0.7229 0.6573 -0.2131
vn -0.7102 -0.6973 -0.0972
vn -0.7026 -0.4619 -0.5412
vn -0.5687 0.7201 -0.3974
vn -0.6768 0.4063 -0.6139
vn -0.4951 0.8206 -0.2854
vn -0.7135 0.4988 -0.4920
vn -0.7246 -0.6428 -0.2485
vn -0.7229 0.6573 0.2131
vn -0.7161 -0.6958 -0.0543
vn -0.7102 -0.6973 0.0972
vn -0.7026 -0.4619 0.5412
vn -0.6768 0.4063 0.6139
vn -0.4951 0.8206 0.2854
vn 0.7135 0.4988 -0.4920
vn 0.7143 -0.2364 -0.6587
vn 0.7247 -0.6428 -0.2485
vn 0.7229 0.6573 0.2131
vn 0.7161 -0.6958 -0.0544
vn 0.7102 -0.6973 0.0970
vn 0.7026 -0.4619 0.5412
vn 0.5687 0.7201 0.3974
vn 0.6768 0.4063 0.6139
vn 0.4951 0.8206 0.2854
vn 0.6676 0.2191 0.7115
vn 0.0978 0.6820 0.7248
vn -0.0686 -0.6851 0.7252
vn -0.6234 -0.3427 0.7028
vn -0.6861 0.1036 0.7201
vn -0.0685 0.8157 0.5745
vn 0.0882 0.8644 0.4950
vn -0.2361 -0.6702 0.7036
vn -0.0978 0.6820 0.7248
vn 0.0686 -0.6851 0.7252
vn 0.3682 -0.6025 0.7081
vn 0.6234 -0.3427 0.7028
vn 0.6861 0.1036 0.7201
vn 0.0685 0.8156 0.5745
vn 0.3716 0.6381 0.6743
vn -0.0882 0.8644 0.4950
vn -0.7284 -0.2917 -0.6200
vn -0.7239 0.5115 -0.4629
vn -0.7181 -0.1222 -0.6852
vn 0.7284 -0.2917 -0.6199
vn 0.7181 -0.1222 -0.6852
vn 0.7240 0.5115 -0.4628
vn 0.7181 -0.1223 -0.6852
vn 0.3787 0.5850 0.7172
vn 0.6616 -0.0347 0.7490
vn 0.6602 0.0588 0.7488
vn 0.0329 0.6614 0.7493
vn 0.3787 0.5850 0.7171
vn -0.6616 -0.0348 0.7490
vn -0.6602 0.0588 0.7488
vn -0.3787 0.5850 0.7171
vn 0.0218 0.6639 0.7475
vn 0.6616 -0.0349 -0.7490
vn 0.5861 -0.3816 -0.7147
vn -0.5861 -0.3816 -0.7147
vn -0.4171 -0.5443 -0.7279
vn -0.6616 -0.0348 -0.7490
vn -0.5861 -0.3817 -0.7147
vn -0.3753 -0.5772 -0.7253
vn 0.3787 0.5851 -0.7171
vn 0.5782 0.3958 -0.7134
vn 0.0218 0.6639 -0.7475
vn -0.3787 0.5850 -0.7171
vn 0.6676 0.2191 -0.7115
vn 0.0978 0.6820 -0.7248
vn -0.3682 -0.6025 -0.7081
vn -0.6234 -0.3427 -0.7028
vn -0.0685 0.8157 -0.5745
vn -0.3716 0.6381 -0.6743
vn 0.0882 0.8644 -0.4950
vn -0.6676 0.2191 -0.7116
vn -0.0978 0.6820 -0.7248
vn 0.6234 -0.3427 -0.7028
vn 0.0685 0.8156 -0.5745
vn -0.0882 0.8644 -0.4950
vn 0.3788 0.5850 -0.7171
vn 0.6616 -0.0348 -0.7490
vn 0.6602 0.0588 -0.7488
vn -0.3787 0.5850 -0.7172
vn -0.6602 0.0588 -0.7488
vt 0.375000 0.500000
vt 0.375000 0.750000
vt 0.625000 0.500000
vt 0.750000 0.500000
vt 0.500000 0.500000
vt 0.875000 0.500000
vt 0.250000 0.500000
vt 0.125000 0.500000
vt 0.625000 0.250000
vt 0.500000 0.250000
vt 0.375000 0.250000
vt 0.625000 0.750000
vt 0.500000 0.750000
vt 0.750000 0.750000
vt 0.250000 0.750000
vt 0.875000 0.750000
vt 0.125000 0.750000
vt 0.500000 0.000000
vt 0.375000 0.000000
vt 0.625000 0.000000
vt 0.500000 0.125000
vt 0.875000 0.625000
vt 0.375000 0.625000
vt 0.500000 0.625000
vt 0.750000 0.625000
vt 0.375000 0.125000
vt 0.250000 0.625000
vt 0.625000 0.625000
vt 0.625000 0.125000
vt 0.125000 0.625000
s 1
f 273/39/108 274/40/109 275/40/110
f 274/40/109 273/39/108 276/39/111
f 277/40/112 278/39/113 279/40/114
f 278/39/113 277/40/112 280/39/115
f 281/41/116 282/39/117 283/41/118
f 282/39/117 284/41/119 283/41/118
f 282/39/117 281/41/116 285/39/120
f 284/41/119 282/39/117 286/39/121
f 285/39/120 281/41/116 287/41/122
f 286/39/121 288/41/123 284/41/119
f 289/39/124 285/39/120 287/41/122
f 288/41/123 286/39/121 290/39/125
f 291/41/126 289/39/124 287/41/122
f 290/39/125 292/41/127 288/41/123
f 289/39/124 291/41/126 293/39/128
f 292/41/127 290/39/125 294/39/129
f 291/41/126 295/39/130 293/39/128
f 296/39/131 292/41/127 294/39/129
f 297/41/132 292/41/127 296/39/131
f 297/41/132 296/39/131 298/41/133
f 295/39/130 291/41/126 299/41/134
f 295/39/130 299/41/134 300/41/135
f 301/39/136 295/39/130 300/41/135
f 300/41/135 302/39/137 301/39/136
f 302/39/137 300/41/135 303/41/138
f 302/39/137 303/41/138 304/39/139
f 305/41/140 306/41/141 307/39/142
f 308/41/143 307/39/142 306/41/141
f 307/39/142 309/39/144 305/41/140
f 307/39/142 308/41/143 310/39/145
f 309/39/144 311/41/146 305/41/140
f 312/41/147 310/39/145 308/41/143
f 311/41/146 309/39/144 313/39/148
f 310/39/145 312/41/147 314/39/149
f 313/39/148 315/41/150 311/41/146
f 316/41/151 314/39/149 312/41/147
f 315/41/150 313/39/148 317/39/152
f 314/39/149 316/41/151 318/39/153
f 319/39/154 315/41/150 317/39/152
f 320/39/155 318/39/153 316/41/151
f 316/41/151 321/41/156 320/39/155
f 321/41/156 322/41/157 320/39/155
f 315/41/150 319/39/154 323/41/158
f 319/39/154 324/41/159 323/41/158
f 324/41/159 319/39/154 325/39/160
f 326/39/161 324/41/159 325/39/160
f 324/41/159 326/39/161 327/41/162
f 326/39/161 328/39/163 327/41/162
f 329/39/164 330/40/165 331/40/166
f 330/40/165 329/39/164 332/39/167
f 333/39/168 334/40/114 335/39/113
f 334/40/114 333/39/168 336/40/169
f 337/40/170 338/39/111 339/39/171
f 338/39/111 337/40/170 340/40/172
f 341/39/115 342/40/173 343/39/174
f 342/40/173 341/39/115 344/40/112
f 345/42/175 346/41/176 347/41/176
f 348/43/177 347/41/176 346/41/176
f 345/42/175 347/41/176 349/42/178
f 350/44/179 345/42/175 349/42/178
f 345/42/175 350/44/179 351/44/179
f 347/41/176 348/43/177 352/43/180
f 348/43/177 353/39/181 352/43/180
f 348/43/177 354/39/181 353/39/181
f 355/45/182 353/39/181 354/39/181
f 353/39/181 355/45/182 356/45/183
f 357/46/184 356/45/183 355/45/182
f 355/45/182 358/46/184 357/46/184
f 359/40/185 360/39/186 361/40/187
f 360/39/186 359/40/185 362/39/188
f 363/39/189 364/40/190 365/40/191
f 364/40/190 363/39/189 366/39/192
f 367/40/193 368/39/194 369/40/195
f 368/39/194 367/40/193 370/39/196
f 371/40/197 372/39/198 373/39/199
f 372/39/198 371/40/197 374/40/200
f 375/41/201 376/41/202 377/39/203
f 378/41/204 377/39/203 376/41/202
f 377/39/203 379/39/205 375/41/201
f 377/39/203 378/41/204 380/39/206
f 379/39/205 381/41/207 375/41/201
f 382/41/208 380/39/206 378/41/204
f 381/41/207 379/39/205 383/39/209
f 380/39/206 382/41/208 384/39/210
f 383/39/209 385/41/211 381/41/207
f 386/41/212 384/39/210 382/41/208
f 385/41/211 383/39/209 387/39/213
f 384/39/210 386/41/212 388/39/214
f 389/39/215 385/41/211 387/39/213
f 390/39/216 388/39/214 386/41/212
f 386/41/212 391/41/217 390/39/216
f 391/41/217 392/41/218 390/39/216
f 385/41/211 389/39/215 393/41/219
f 389/39/215 394/41/220 393/41/219
f 394/41/220 389/39/215 395/39/221
f 396/39/222 394/41/220 395/39/221
f 394/41/220 396/39/222 397/41/223
f 396/39/222 398/39/224 397/41/223
f 399/41/225 400/39/226 401/41/227
f 400/39/226 402/41/228 401/41/227
f 400/39/226 399/41/225 403/39/229
f 402/41/228 400/39/226 404/39/230
f 403/39/229 399/41/225 405/41/231
f 404/39/230 406/41/232 402/41/228
f 407/39/233 403/39/229 405/41/231
f 406/41/232 404/39/230 408/39/234
f 409/41/235 407/39/233 405/41/231
f 408/39/234 410/41/236 406/41/232
f 407/39/233 409/41/235 411/39/237
f 410/41/236 408/39/234 412/39/238
f 409/41/235 413/39/239 411/39/237
f 414/39/240 410/41/236 412/39/238
f 415/41/241 410/41/236 414/39/240
f 415/41/241 414/39/240 416/41/242
f 413/39/239 409/41/235 417/41/243
f 413/39/239 417/41/243 418/41/244
f 419/39/245 413/39/239 418/41/244
f 418/41/244 420/39/246 419/39/245
f 420/39/246 418/41/244 421/41/247
f 420/39/246 421/41/247 422/39/248
f 423/40/195 424/39/249 425/40/250
f 424/39/249 423/40/195 426/39/194
f 427/39/251 428/40/200 429/40/252
f 428/40/200 427/39/251 430/39/198
f 431/42/253 432/41/254 433/41/254
f 431/42/253 433/41/254 434/42/255
f 435/44/256 431/42/253 434/42/255
f 431/42/253 435/44/256 436/44/256
f 437/47/257 438/48/258 439/48/259
f 439/48/259 440/47/257 437/47/257
f 441/49/260 439/48/259 438/48/258
f 439/48/259 441/49/260 442/49/260
f 443/39/261 444/40/187 445/39/186
f 444/40/187 443/39/261 446/40/262
f 447/39/263 448/40/264 449/40/265
f 448/40/264 447/39/263 450/39/189
f 451/39/266 452/39/267 453/41/268
f 453/41/268 452/39/267 454/41/269
f 451/39/266 453/41/268 455/41/270
f 452/39/267 456/39/271 454/41/269
f 457/39/272 451/39/266 455/41/270
f 456/39/271 458/41/273 454/41/269
f 455/41/270 459/41/274 457/39/272
f 458/41/273 456/39/271 460/39/275
f 461/41/276 457/39/272 459/41/274
f 462/39/277 458/41/273 460/39/275
f 457/39/272 461/41/276 463/39/278
f 458/41/273 462/39/277 464/41/279
f 465/41/280 463/39/278 461/41/276
f 464/41/279 462/39/277 466/41/281
f 463/39/278 465/41/280 467/39/282
f 462/39/277 468/39/283 466/41/281
f 469/39/284 467/39/282 465/41/280
f 465/41/280 470/41/285 469/39/284
f 470/41/285 471/41/286 469/39/284
f 472/39/287 466/41/281 468/39/283
f 466/41/281 472/39/287 473/41/288
f 472/39/287 474/39/289 473/41/288
f 475/39/290 476/41/291 477/39/292
f 478/41/293 477/39/292 476/41/291
f 476/41/291 475/39/290 479/41/294
f 480/39/295 477/39/292 478/41/293
f 475/39/290 481/39/296 479/41/294
f 480/39/295 478/41/293 482/41/297
f 479/41/294 481/39/296 483/41/298
f 484/39/299 480/39/295 482/41/297
f 481/39/296 485/41/300 483/41/298
f 482/41/297 486/39/301 484/39/299
f 485/41/300 481/39/296 487/39/302
f 486/39/301 482/41/297 488/41/303
f 487/39/302 489/41/304 485/41/300
f 490/41/305 486/39/301 488/41/303
f 489/41/304 487/39/302 491/39/306
f 492/39/307 486/39/301 490/41/305
f 493/39/308 489/41/304 491/39/306
f 489/41/304 493/39/308 494/41/309
f 494/41/309 493/39/308 495/41/310
f 490/41/305 496/39/311 492/39/307
f 496/39/311 490/41/305 497/41/312
f 496/39/311 497/41/312 498/39/313
f 499/39/314 500/39/314 501/43/315
f 501/43/315 500/39/314 502/43/316
f 503/41/317 501/43/315 502/43/316
f 501/43/315 503/41/317 504/41/317
f 505/45/318 506/46/319 507/46/319
f 505/45/318 507/46/319 508/45/320
f 509/39/321 505/45/318 508/45/320
f 505/45/318 509/39/321 510/39/321
f 511/39/322 512/40/323 513/39/324
f 512/40/323 511/39/322 514/40/185
f 515/40/325 516/39/326 517/39/327
f 516/39/326 515/40/325 518/40/328
f 519/40/329 520/39/330 521/40/331
f 520/39/330 519/40/329 522/39/332
f 523/39/333 524/40/334 525/40/335
f 524/40/334 523/39/333 526/39/336
f 527/39/337 528/41/338 529/39/339
f 530/41/340 529/39/339 528/41/338
f 528/41/338 527/39/337 531/41/341
f 532/39/342 529/39/339 530/41/340
f 533/39/343 531/41/341 527/39/337
f 532/39/342 530/41/340 534/41/344
f 535/41/345 531/41/341 533/39/343
f 536/39/346 532/39/342 534/41/344
f 533/39/343 537/41/347 535/41/345
f 534/41/344 538/39/348 536/39/346
f 537/41/347 533/39/343 539/39/349
f 538/39/348 534/41/344 540/41/350
f 539/39/349 541/41/351 537/41/347
f 542/41/352 538/39/348 540/41/350
f 541/41/351 539/39/349 543/39/353
f 544/39/354 538/39/348 542/41/352
f 545/39/355 541/41/351 543/39/353
f 541/41/351 545/39/355 546/41/356
f 546/41/356 545/39/355 547/41/357
f 542/41/352 548/39/358 544/39/354
f 548/39/358 542/41/352 549/41/359
f 548/39/358 549/41/359 550/39/360
f 551/39/361 552/39/362 553/41/363
f 553/41/363 552/39/362 554/41/364
f 551/39/361 553/41/363 555/41/365
f 552/39/362 556/39/366 554/41/364
f 557/39/367 551/39/361 555/41/365
f 556/39/366 558/41/368 554/41/364
f 557/39/367 555/41/365 559/41/369
f 558/41/368 556/39/366 560/39/370
f 561/41/371 557/39/367 559/41/369
f 562/39/372 558/41/368 560/39/370
f 557/39/367 561/41/371 563/39/373
f 558/41/368 562/39/372 564/41/374
f 565/41/375 563/39/373 561/41/371
f 564/41/374 562/39/372 566/41/376
f 563/39/373 565/41/375 567/39/377
f 562/39/372 568/39/378 566/41/376
f 569/39/379 567/39/377 565/41/375
f 565/41/375 570/41/380 569/39/379
f 570/41/380 571/41/381 569/39/379
f 572/39/382 566/41/376 568/39/378
f 566/41/376 572/39/382 573/41/383
f 572/39/382 574/39/384 573/41/383
f 575/39/385 576/40/386 577/40/387
f 576/40/386 575/39/385 578/39/388
f 579/40/389 580/39/390 581/40/391
f 580/39/390 579/40/389 582/39/392
f 583/50/393 584/51/394 585/51/395
f 586/40/396 585/51/395 584/51/394
f 585/51/395 587/50/393 583/50/393
f 585/51/395 586/40/396 588/40/396
f 589/52/397 583/50/393 587/50/393
f 590/53/398 588/40/396 586/40/396
f 583/50/393 589/52/397 591/52/399
f 592/54/400 591/52/399 589/52/397
f 589/52/397 593/54/400 592/54/400
f 590/53/398 586/40/396 594/53/401
f 595/55/402 590/53/398 594/53/401
f 590/53/398 595/55/402 596/55/402
f 597/50/403 598/41/404 599/50/405
f 598/41/404 597/50/403 600/41/406
f 601/50/407 602/41/408 603/41/409
f 602/41/408 601/50/407 604/50/410
f 605/40/411 606/39/412 607/39/413
f 606/39/412 605/40/411 608/40/414
f 609/40/415 610/39/416 611/40/417
f 610/39/416 609/40/415 612/39/418
f 613/39/419 614/40/414 615/40/420
f 614/40/414 613/39/419 616/39/412
f 617/40/417 618/39/421 619/40/422
f 618/39/421 617/40/417 620/39/416
f 621/40/423 622/39/424 623/40/425
f 622/39/424 621/40/423 624/39/330
f 625/39/426 626/40/335 627/40/427
f 626/40/335 625/39/426 628/39/333
f 629/39/428 630/40/429 631/40/430
f 630/40/429 629/39/428 632/39/385
f 633/40/391 634/39/431 635/40/432
f 634/39/431 633/40/391 636/39/390
f 637/39/433 638/40/250 639/39/434
f 638/40/250 637/39/433 640/40/435
f 641/39/436 642/40/252 643/40/437
f 642/40/252 641/39/436 644/39/251
f 645/40/420 646/39/438 647/39/439
f 646/39/438 645/40/420 648/40/440
f 649/40/422 650/39/441 651/40/442
f 650/39/441 649/40/422 652/39/443
f 653/54/444 654/52/445 655/52/446
f 655/52/446 656/54/444 653/54/444
f 657/50/447 655/52/446 654/52/445
f 655/52/446 657/50/447 658/50/447
f 659/56/448 660/57/449 661/57/449
f 659/56/448 661/57/449 662/56/450
f 663/58/451 659/56/448 662/56/450
f 659/56/448 663/58/451 664/58/451
f 665/40/452 666/40/452 667/53/453
f 667/53/453 666/40/452 668/53/454
f 669/55/455 667/53/453 668/53/454
f 667/53/453 669/55/455 670/55/455
f 671/51/456 672/50/457 673/50/457
f 671/51/456 673/50/457 674/51/458
f 675/40/459 671/51/456 674/51/458
f 671/51/456 675/40/459 676/40/459
f 677/40/460 678/39/461 679/39/462
f 678/39/461 677/40/460 680/40/463
f 681/40/464 682/39/465 683/40/466
f 682/39/465 681/40/464 684/39/467
f 685/47/179 686/48/468 687/48/469
f 687/48/469 688/47/179 685/47/179
f 689/49/184 687/48/469 686/48/468
f 687/48/469 689/49/184 690/49/470
f 691/40/471 692/40/472 693/39/473
f 693/39/473 692/40/472 694/39/388
f 695/40/389 696/40/474 697/39/475
f 697/39/475 698/39/392 695/40/389
f 699/40/476 700/39/477 701/39/332
f 699/40/476 702/40/478 700/39/477
f 703/39/479 704/39/480 705/40/481
f 705/40/481 704/39/480 706/40/482
f 707/40/483 708/50/484 709/50/485
f 709/50/485 710/50/486 707/40/483
f 707/40/483 711/40/487 708/50/484
f 711/40/487 712/50/488 708/50/484
f 711/40/487 713/40/489 712/50/488
f 714/50/490 712/50/488 713/40/489
f 714/50/490 713/40/489 715/40/491
f 715/40/491 716/50/492 714/50/490
f 715/40/491 717/40/493 716/50/492
f 718/50/494 719/50/495 720/40/496
f 718/50/494 720/40/496 721/50/497
f 719/50/495 722/40/498 720/40/496
f 723/50/499 722/40/498 719/50/495
f 724/40/500 722/40/498 723/50/499
f 725/50/501 724/40/500 723/50/499
f 726/40/502 724/40/500 725/50/501
f 726/40/502 725/50/501 727/50/503
f 726/40/502 727/50/503 728/40/504
f 729/40/505 730/40/506 731/39/507
f 730/40/506 732/39/508 731/39/507
f 730/40/506 733/39/509 732/39/508
f 733/39/509 730/40/506 734/40/510
f 735/39/511 736/40/512 737/40/442
f 736/40/512 735/39/511 738/39/513
f 739/39/514 736/40/512 738/39/513
f 736/40/512 739/39/514 740/40/515
f 741/40/516 742/39/517 743/40/166
f 742/39/517 741/40/516 744/39/518
f 745/40/519 746/39/520 744/39/521
f 746/39/520 745/40/519 747/40/522
f 748/40/523 749/39/524 750/39/525
f 749/39/524 748/40/523 751/40/169
f 752/39/526 753/40/523 750/39/525
f 753/40/523 752/39/526 754/40/527
f 755/40/471 756/39/509 757/40/528
f 756/39/509 755/40/471 758/39/529
f 759/40/474 760/40/515 761/39/514
f 759/40/474 761/39/514 762/39/530
f 763/50/531 764/41/532 765/50/533
f 764/41/532 763/50/531 766/41/534
f 767/41/404 766/41/534 768/50/531
f 767/41/404 768/50/531 769/50/405
f 770/50/535 771/41/536 772/41/537
f 771/41/536 770/50/535 773/50/538
f 774/41/539 775/50/540 772/41/537
f 776/50/410 775/50/540 774/41/539
f 777/40/430 778/40/541 779/39/428
f 780/39/542 779/39/428 778/40/541
f 780/39/542 781/40/543 782/39/544
f 783/40/432 784/39/431 785/40/545
f 784/39/431 786/39/546 785/40/545
f 786/39/546 787/39/547 788/40/545
f 789/40/548 790/39/549 791/40/550
f 790/39/549 789/40/548 792/39/551
f 793/40/552 794/39/553 795/39/554
f 794/39/553 793/40/552 796/40/555
f 797/39/424 798/40/556 799/40/425
f 798/40/556 797/39/424 800/39/557
f 800/39/557 801/39/558 802/40/556
f 803/39/559 804/39/426 805/40/560
f 805/40/560 804/39/426 806/40/427
f 803/39/559 807/40/560 808/39/561
f 809/56/562 810/57/402 811/57/402
f 809/56/562 811/57/402 812/56/563
f 813/58/400 809/56/562 812/56/563
f 809/56/562 813/58/400 814/58/400
f 815/40/463 816/39/564 817/39/461
f 816/39/564 815/40/463 818/40/565
f 819/40/566 816/39/564 818/40/565
f 820/39/567 816/39/564 819/40/566
f 820/39/568 821/40/566 822/39/569
f 823/40/466 824/39/570 825/40/571
f 824/39/570 823/40/466 826/39/465
f 827/40/572 825/40/571 824/39/570
f 824/39/570 828/39/573 827/40/572
f 828/39/574 829/39/575 830/40/572
f 831/39/576 832/40/577 833/40/435
f 832/40/577 831/39/576 834/39/578
f 835/39/579 832/40/577 834/39/578
f 832/40/577 835/39/579 836/40/580
f 837/40/581 838/40/582 839/39/583
f 838/40/582 840/39/584 839/39/583
f 838/40/582 841/39/585 840/39/584
f 841/39/585 838/40/582 842/40/586
f 843/40/478 844/40/580 845/39/579
f 843/40/478 845/39/579 846/39/477
f 847/40/193 848/40/587 849/39/588
f 850/40/482 851/39/585 852/40/589
f 851/39/585 850/40/482 853/39/590
f 854/40/197 855/39/199 856/40/591
f 857/40/592 858/39/593 859/39/594
f 858/39/593 857/40/592 860/40/262
f 861/39/595 857/40/592 859/39/594
f 857/40/592 861/39/595 862/40/596
f 863/40/597 864/39/263 865/40/265
f 864/39/263 863/40/597 866/39/598
f 863/40/597 867/39/599 866/39/598
f 867/39/599 863/40/597 868/40/600
f 869/40/601 870/39/602 871/39/603
f 870/39/602 869/40/601 872/40/604
f 873/40/605 874/39/606 875/40/607
f 874/39/606 873/40/605 876/39/608
f 877/40/411 878/39/413 879/40/609
f 880/40/415 881/40/610 882/39/611
f 883/40/550 884/39/612 885/40/613
f 884/39/612 883/40/550 886/39/549
f 887/40/614 885/40/613 884/39/612
f 884/39/612 888/39/615 887/40/614
f 888/39/615 889/39/616 890/40/614
f 891/40/555 892/39/617 893/39/553
f 892/39/617 891/40/555 894/40/618
f 895/40/619 892/39/617 894/40/618
f 896/39/620 892/39/617 895/40/619
f 896/39/620 897/40/619 898/39/621
f 899/39/622 900/40/522 901/40/601
f 900/40/522 899/39/622 902/39/623
f 903/39/624 904/40/625 905/39/526
f 904/40/625 903/39/624 906/40/605
f 907/40/626 908/39/627 909/40/628
f 908/39/627 907/40/626 910/39/629
f 911/40/630 912/39/631 913/39/632
f 912/39/631 911/40/630 914/40/633
f 915/40/170 916/39/171 917/40/634
f 918/40/635 919/40/636 920/39/637
f 921/39/638 922/40/596 923/39/595
f 922/40/596 921/39/638 924/40/626
f 925/39/639 926/40/600 927/40/630
f 926/40/600 925/39/639 928/39/599
f 929/40/640 930/40/641 931/39/642
f 932/40/325 933/39/327 934/40/643
f 935/50/644 936/41/532 937/41/645
f 935/50/644 938/50/646 936/41/532
f 937/41/645 939/41/647 940/50/644
f 941/50/648 942/41/649 943/41/536
f 943/41/536 944/50/538 941/50/648
f 942/41/649 945/50/648 946/41/650
f 947/50/131 948/50/133 949/41/132
f 950/50/155 951/41/156 952/50/651
f 953/40/652 954/40/653 955/39/654
f 956/40/655 957/39/656 958/40/657
f 959/50/216 960/41/217 961/50/658
f 962/50/240 963/50/659 964/41/660
f 965/50/308 966/50/310 967/41/661
f 968/50/284 969/41/285 970/50/286
f 971/39/662 972/40/652 973/39/663
f 972/40/652 971/39/662 974/40/664
f 975/40/655 976/39/665 977/39/666
f 976/39/665 975/40/655 978/40/667
f 979/50/379 980/41/380 981/50/381
f 982/50/355 983/50/357 984/41/668
f 985/41/116 986/50/117 987/41/669
f 986/50/117 985/41/116 988/50/120
f 989/41/119 987/41/669 986/50/117
f 986/50/117 990/50/121 989/41/119
f 991/50/142 992/41/140 993/41/670
f 992/41/140 991/50/142 994/50/144
f 995/41/143 991/50/142 993/41/670
f 996/50/145 991/50/142 995/41/143
f 997/50/120 998/41/122 999/50/671
f 998/41/122 997/50/120 1000/41/672
f 1001/50/144 1002/41/146 1003/41/140
f 1002/41/146 1001/50/144 1004/50/673
f 1005/41/127 1006/41/674 1007/50/125
f 1007/50/125 1008/50/129 1005/41/127
f 1009/50/131 1005/41/127 1008/50/129
f 1005/41/127 1009/50/131 1010/41/132
f 1011/41/675 1012/41/676 1013/50/149
f 1013/50/149 1012/41/676 1014/50/153
f 1012/41/676 1015/50/155 1014/50/153
f 1015/50/155 1012/41/676 1016/41/677
f 1017/50/203 1018/41/201 1019/41/678
f 1018/41/201 1017/50/203 1020/50/205
f 1021/41/204 1017/50/203 1019/41/678
f 1022/50/679 1017/50/203 1021/41/204
f 1023/41/225 1024/50/226 1025/41/680
f 1024/50/226 1023/41/225 1026/50/229
f 1027/41/228 1025/41/680 1024/50/226
f 1024/50/226 1028/50/230 1027/41/228
f 1029/50/681 1030/41/293 1031/50/295
f 1030/41/293 1029/50/681 1032/41/682
f 1033/50/267 1034/41/269 1035/41/683
f 1034/41/269 1033/50/267 1036/50/271
f 1037/39/684 1038/40/664 1039/39/685
f 1038/40/664 1037/39/684 1040/40/686
f 1041/40/667 1042/39/687 1043/39/688
f 1042/39/687 1041/40/667 1044/40/689
f 1045/41/291 1046/50/690 1047/41/294
f 1046/50/690 1045/41/291 1048/50/292
f 1049/50/691 1050/41/268 1051/41/270
f 1050/41/268 1049/50/691 1052/50/267
f 1053/50/308 1054/41/304 1055/50/306
f 1054/41/304 1053/50/308 1056/41/661
f 1057/41/280 1058/50/284 1059/50/282
f 1058/50/284 1057/41/280 1060/41/285
f 1061/41/692 1062/41/212 1063/50/210
f 1063/50/210 1062/41/212 1064/50/214
f 1062/41/212 1065/50/216 1064/50/214
f 1065/50/216 1062/41/212 1066/41/217
f 1067/41/693 1068/41/694 1069/50/234
f 1069/50/234 1070/50/238 1067/41/693
f 1071/50/240 1067/41/693 1070/50/238
f 1067/41/693 1071/50/240 1072/41/241
f 1073/50/121 1074/50/125 1075/41/674
f 1073/50/121 1075/41/674 1076/41/695
f 1077/41/696 1078/41/675 1079/50/145
f 1080/50/149 1079/50/145 1078/41/675
f 1081/41/375 1082/50/379 1083/50/377
f 1082/50/379 1081/41/375 1084/41/380
f 1085/50/355 1086/41/351 1087/50/697
f 1086/41/351 1085/50/355 1088/41/668
f 1089/50/295 1090/41/698 1091/50/699
f 1090/41/698 1089/50/295 1092/41/700
f 1093/50/271 1094/41/701 1095/41/702
f 1094/41/701 1093/50/271 1096/50/703
f 1097/41/704 1098/50/671 1099/41/122
f 1098/50/671 1097/41/704 1100/50/128
f 1101/41/705 1102/50/673 1103/50/152
f 1102/50/673 1101/41/705 1104/41/706
f 1105/50/707 1106/41/364 1107/41/363
f 1106/41/364 1105/50/707 1108/50/366
f 1109/50/339 1110/41/340 1111/50/342
f 1110/41/340 1109/50/339 1112/41/708
f 1113/50/205 1114/41/207 1115/41/201
f 1114/41/207 1113/50/205 1116/50/709
f 1116/50/710 1117/41/711 1118/41/207
f 1117/41/711 1116/50/710 1119/50/213
f 1120/50/229 1121/41/231 1122/50/233
f 1121/41/231 1120/50/229 1123/41/712
f 1122/50/233 1124/41/713 1125/50/237
f 1124/41/713 1122/50/233 1126/41/231
f 1127/50/714 1128/41/363 1129/41/365
f 1128/41/363 1127/50/714 1130/50/362
f 1131/41/338 1132/50/715 1133/41/341
f 1132/50/715 1131/41/338 1134/50/339
f 1135/41/294 1136/50/296 1137/41/298
f 1136/50/296 1135/41/294 1138/50/690
f 1139/41/270 1140/50/716 1141/50/266
f 1140/50/716 1139/41/270 1142/41/274
f 1143/56/717 1144/58/718 1145/59/719
f 1146/60/720 1147/54/718 1148/52/721
f 1149/61/720 1150/40/722 1151/53/723
f 1152/62/724 1153/51/725 1154/40/722
f 1155/50/366 1156/41/726 1157/41/727
f 1156/41/726 1155/50/366 1158/50/728
f 1159/50/342 1160/41/729 1161/50/730
f 1160/41/729 1159/50/342 1162/41/340
f 1163/63/720 1164/52/721 1165/50/731
f 1166/57/732 1167/56/717 1168/64/720
f 1169/65/720 1170/53/723 1171/55/732
f 1172/41/733 1173/41/692 1174/50/734
f 1175/50/210 1174/50/734 1173/41/692
f 1176/50/230 1177/50/234 1178/41/694
f 1176/50/230 1178/41/694 1179/41/735
f 1180/66/720 1181/50/731 1182/51/725
f 1183/50/367 1184/41/365 1185/41/369
f 1184/41/365 1183/50/367 1186/50/361
f 1187/50/736 1188/41/341 1189/50/715
f 1188/41/341 1187/50/736 1190/41/345
f 1191/41/737 1192/39/738 1193/41/739
f 1192/39/738 1194/39/740 1193/41/739
f 1192/39/738 1191/41/737 1195/39/741
f 1196/39/742 1195/39/741 1191/41/737
f 1197/41/743 1196/39/742 1191/41/737
f 1198/41/744 1196/39/742 1197/41/743
f 1196/39/742 1198/41/744 1199/39/745
f 1198/41/744 1200/39/746 1199/39/745
f 1200/39/746 1198/41/744 1201/41/747
f 1202/39/748 1203/41/749 1204/41/750
f 1202/39/748 1204/41/750 1205/39/751
f 1203/41/749 1202/39/748 1206/39/752
f 1206/39/752 1207/39/753 1203/41/749
f 1203/41/749 1207/39/753 1208/41/754
f 1207/39/753 1209/41/755 1208/41/754
f 1209/41/755 1207/39/753 1210/39/756
f 1210/39/756 1211/39/757 1209/41/755
f 1211/39/757 1212/41/758 1209/41/755
f 1213/67/759 1214/47/760 1215/48/761
f 1216/42/762 1217/44/760 1218/63/759
f 1219/39/763 1220/43/764 1221/61/759
f 1222/45/765 1223/39/763 1224/65/759
f 1225/40/686 1226/39/766 1227/40/767
f 1226/39/766 1225/40/686 1228/39/684
f 1229/40/689 1230/39/768 1231/39/687
f 1230/39/768 1229/40/689 1232/40/769
f 1233/59/759 1234/48/761 1235/49/770
f 1236/41/771 1237/42/762 1238/66/759
f 1239/46/770 1240/45/765 1241/68/759
f 1242/43/764 1243/41/771 1244/62/759
f 1245/41/371 1246/41/375 1247/50/373
f 1248/50/377 1247/50/373 1246/41/375
f 1249/41/351 1250/50/772 1251/50/353
f 1250/50/772 1249/41/351 1252/41/347
f 1253/41/304 1254/50/302 1255/50/306
f 1254/50/302 1253/41/304 1256/41/300
f 1257/41/276 1258/41/280 1259/50/773
f 1260/50/282 1259/50/773 1258/41/280
f 1261/50/373 1262/50/367 1263/41/371
f 1262/50/367 1264/41/774 1263/41/371
f 1265/41/347 1266/50/775 1267/50/772
f 1266/50/775 1265/41/347 1268/41/345
f 1269/50/776 1270/41/376 1271/41/374
f 1270/41/376 1269/50/776 1272/50/777
f 1273/41/778 1274/50/372 1271/41/779
f 1275/50/728 1274/50/372 1273/41/778
f 1276/50/348 1277/41/780 1278/50/781
f 1277/41/780 1276/50/348 1279/41/350
f 1280/41/782 1279/41/783 1281/50/348
f 1280/41/782 1281/50/348 1282/50/730
f 1283/41/300 1284/50/296 1285/50/302
f 1284/50/296 1283/41/300 1286/41/784
f 1287/50/773 1288/50/785 1289/41/276
f 1288/50/785 1290/41/274 1289/41/276
f 1291/50/301 1292/41/786 1293/50/787
f 1292/41/786 1291/50/301 1294/41/303
f 1295/41/788 1294/41/789 1296/50/301
f 1295/41/788 1296/50/301 1297/50/699
f 1298/50/790 1299/41/281 1300/41/279
f 1299/41/281 1298/50/790 1301/50/791
f 1302/41/792 1303/50/277 1300/41/793
f 1304/50/703 1303/50/277 1302/41/792
f 1305/50/358 1306/41/352 1307/41/794
f 1305/50/358 1308/50/795 1306/41/352
f 1307/41/794 1309/41/360 1310/50/358
f 1311/50/382 1312/41/376 1313/50/796
f 1311/50/382 1314/41/797 1312/41/376
f 1314/41/798 1315/50/799 1316/41/384
f 1317/40/767 1318/39/800 1319/40/801
f 1318/39/800 1317/40/767 1320/39/766
f 1321/40/769 1322/39/802 1323/39/803
f 1322/39/802 1321/40/769 1324/40/804
f 1325/41/805 1326/50/806 1327/41/807
f 1327/41/807 1326/50/806 1328/50/136
f 1325/41/808 1329/41/809 1330/50/137
f 1331/41/810 1332/50/160 1333/50/161
f 1331/41/810 1333/50/161 1334/41/811
f 1334/41/811 1335/50/161 1336/41/812
f 1337/40/474 1338/50/514 1339/50/813
f 1338/50/514 1337/40/474 1340/40/515
f 1339/50/813 1341/40/389 1337/40/474
f 1340/40/515 1342/40/512 1338/50/514
f 1341/40/389 1339/50/813 1343/50/392
f 1338/50/514 1342/40/512 1344/50/513
f 1341/40/389 1343/50/392 1345/50/390
f 1342/40/512 1346/50/814 1344/50/513
f 1347/40/815 1341/40/389 1345/50/390
f 1346/50/814 1342/40/512 1348/40/816
f 1345/50/390 1349/50/431 1347/40/815
f 1350/40/817 1346/50/814 1348/40/816
f 1351/40/432 1347/40/815 1349/50/431
f 1352/50/421 1346/50/814 1350/40/817
f 1349/50/431 1353/40/545 1351/40/432
f 1353/40/545 1349/50/431 1354/50/546
f 1353/40/545 1354/50/546 1355/40/547
f 1350/40/817 1356/40/818 1352/50/421
f 1352/50/421 1356/40/818 1357/50/819
f 1358/40/415 1357/50/819 1356/40/818
f 1359/50/820 1357/50/819 1358/40/415
f 1359/50/820 1358/40/415 1360/50/821
f 1361/50/509 1362/40/471 1363/50/822
f 1362/40/471 1361/50/509 1364/40/528
f 1365/40/386 1363/50/822 1362/40/471
f 1366/40/506 1364/40/528 1361/50/509
f 1363/50/822 1365/40/386 1367/50/388
f 1366/40/506 1361/50/509 1368/50/508
f 1365/40/386 1369/50/385 1367/50/388
f 1370/50/823 1366/40/506 1368/50/508
f 1369/50/385 1365/40/386 1371/40/824
f 1366/40/506 1370/50/823 1372/40/440
f 1371/40/824 1373/50/428 1369/50/385
f 1374/40/825 1372/40/440 1370/50/823
f 1373/50/428 1371/40/824 1375/40/430
f 1374/40/825 1370/50/823 1376/50/419
f 1377/40/543 1373/50/428 1375/40/430
f 1373/50/428 1377/40/543 1378/50/542
f 1377/40/543 1379/40/544 1378/50/542
f 1380/40/826 1374/40/825 1376/50/419
f 1380/40/826 1376/50/419 1381/50/412
f 1382/40/827 1380/40/826 1381/50/412
f 1382/40/827 1381/50/412 1383/50/828
f 1383/50/828 1384/50/829 1382/40/827
f 1385/40/478 1386/50/579 1387/50/830
f 1386/50/579 1385/40/478 1388/40/580
f 1387/50/830 1389/40/329 1385/40/478
f 1388/40/580 1390/40/577 1386/50/579
f 1389/40/329 1387/50/830 1391/50/332
f 1386/50/579 1390/40/577 1392/50/578
f 1389/40/329 1391/50/332 1393/50/330
f 1390/40/577 1394/50/831 1392/50/578
f 1395/40/832 1389/40/329 1393/50/330
f 1394/50/831 1390/40/577 1396/40/833
f 1393/50/330 1397/50/424 1395/40/832
f 1396/40/833 1398/40/834 1394/50/831
f 1399/40/425 1395/40/832 1397/50/424
f 1394/50/831 1398/40/834 1400/50/249
f 1397/50/424 1401/40/556 1399/40/425
f 1401/40/556 1397/50/424 1402/50/557
f 1401/40/556 1402/50/557 1403/40/558
f 1398/40/834 1404/40/835 1400/50/249
f 1400/50/249 1404/40/835 1405/50/194
f 1406/40/193 1405/50/194 1404/40/835
f 1407/50/836 1405/50/194 1406/40/193
f 1407/50/836 1406/40/193 1408/50/837
f 1409/50/585 1410/40/482 1411/50/838
f 1410/40/482 1409/50/585 1412/40/589
f 1413/40/334 1411/50/838 1410/40/482
f 1414/40/582 1412/40/589 1409/50/585
f 1411/50/838 1413/40/334 1415/50/336
f 1414/40/582 1409/50/585 1416/50/839
f 1413/40/334 1417/50/333 1415/50/336
f 1418/50/840 1414/40/582 1416/50/839
f 1417/50/333 1413/40/334 1419/40/841
f 1414/40/582 1418/50/840 1420/40/842
f 1419/40/841 1421/50/426 1417/50/333
f 1422/40/843 1420/40/842 1418/50/840
f 1421/50/426 1419/40/841 1423/40/427
f 1418/50/840 1424/50/251 1422/40/843
f 1425/40/560 1421/50/426 1423/40/427
f 1421/50/426 1425/40/560 1426/50/559
f 1425/40/560 1427/40/561 1426/50/559
f 1428/40/844 1422/40/843 1424/50/251
f 1428/40/844 1424/50/251 1429/50/198
f 1430/40/845 1428/40/844 1429/50/198
f 1430/40/845 1429/50/198 1431/50/846
f 1431/50/846 1432/50/847 1430/40/845
f 1433/40/522 1434/40/601 1435/50/848
f 1436/50/602 1435/50/848 1434/40/601
f 1435/50/848 1437/50/623 1433/40/522
f 1434/40/601 1438/40/849 1436/50/602
f 1439/40/516 1433/40/522 1437/50/623
f 1438/40/849 1440/50/461 1436/50/602
f 1439/40/516 1437/50/623 1441/50/521
f 1438/40/849 1442/40/463 1440/50/461
f 1443/50/850 1439/40/516 1441/50/521
f 1442/40/463 1444/50/564 1440/50/461
f 1439/40/516 1443/50/850 1445/40/166
f 1442/40/463 1446/40/565 1444/50/564
f 1447/40/110 1445/40/166 1443/50/850
f 1448/40/566 1444/50/564 1446/40/565
f 1444/50/564 1448/40/566 1449/50/567
f 1448/40/566 1450/40/569 1449/50/567
f 1443/50/850 1451/50/851 1447/40/110
f 1452/40/172 1447/40/110 1451/50/851
f 1452/40/172 1451/50/851 1453/50/852
f 1453/50/852 1454/40/853 1452/40/172
f 1454/40/853 1453/50/852 1455/50/171
f 1455/50/171 1456/50/854 1454/40/853
f 1457/40/605 1458/40/625 1459/50/608
f 1459/50/608 1458/40/625 1460/50/526
f 1461/50/606 1457/40/605 1459/50/608
f 1462/40/855 1460/50/526 1458/40/625
f 1463/40/856 1457/40/605 1461/50/606
f 1460/50/526 1462/40/855 1464/50/525
f 1461/50/606 1465/50/465 1463/40/856
f 1462/40/855 1466/50/857 1464/50/525
f 1467/40/466 1463/40/856 1465/50/465
f 1466/50/857 1462/40/855 1468/40/169
f 1465/50/465 1469/50/570 1467/40/466
f 1468/40/169 1470/40/858 1466/50/857
f 1467/40/466 1469/50/570 1471/40/571
f 1466/50/857 1470/40/858 1472/50/859
f 1469/50/570 1473/40/572 1471/40/571
f 1473/40/572 1469/50/570 1474/50/573
f 1473/40/572 1474/50/573 1475/40/575
f 1476/40/112 1472/50/859 1470/40/858
f 1472/50/859 1476/40/112 1477/50/860
f 1476/40/112 1478/40/861 1477/50/860
f 1479/50/862 1477/50/860 1478/40/861
f 1479/50/862 1478/40/861 1480/50/863
f 1481/50/864 1482/41/281 1483/50/865
f 1481/50/864 1484/41/866 1482/41/281
f 1484/41/866 1485/50/287 1486/41/289
f 1487/50/867 1488/41/305 1489/41/868
f 1487/50/867 1490/50/869 1488/41/305
f 1489/41/870 1491/41/313 1492/50/867
f 1493/50/871 1494/41/872 1495/50/873
f 1494/41/872 1493/50/871 1496/41/134
f 1497/41/874 1496/41/134 1498/50/875
f 1499/50/128 1497/41/874 1498/50/875
f 1500/50/154 1501/41/876 1502/41/158
f 1501/41/876 1500/50/154 1503/50/877
f 1504/41/150 1505/50/878 1502/41/158
f 1506/50/879 1505/50/878 1504/41/150
f 1507/41/880 1508/50/221 1509/50/222
f 1507/41/880 1509/50/222 1510/41/881
f 1510/41/881 1511/50/222 1512/41/224
f 1513/41/882 1514/50/883 1515/41/884
f 1515/41/884 1514/50/883 1516/50/245
f 1513/41/885 1517/41/886 1518/50/246
f 1519/50/213 1520/50/887 1521/41/211
f 1521/41/211 1520/50/887 1522/41/888
f 1523/50/889 1524/41/235 1525/50/890
f 1524/41/235 1526/41/243 1525/50/890
f 1527/40/626 1528/40/596 1529/50/891
f 1529/50/891 1528/40/596 1530/50/595
f 1531/50/627 1527/40/626 1529/50/891
f 1532/40/592 1530/50/595 1528/40/596
f 1533/40/892 1527/40/626 1531/50/627
f 1530/50/595 1532/40/592 1534/50/594
f 1531/50/627 1535/50/549 1533/40/892
f 1532/40/592 1536/50/261 1534/50/594
f 1537/40/550 1533/40/892 1535/50/549
f 1536/50/261 1532/40/592 1538/40/262
f 1535/50/549 1539/50/612 1537/40/550
f 1538/40/262 1540/40/893 1536/50/261
f 1537/40/550 1539/50/612 1541/40/613
f 1536/50/261 1540/40/893 1542/50/894
f 1539/50/612 1543/40/614 1541/40/613
f 1543/40/614 1539/50/612 1544/50/615
f 1543/40/614 1544/50/615 1545/40/616
f 1546/40/185 1542/50/894 1540/40/893
f 1542/50/894 1546/40/185 1547/50/322
f 1546/40/185 1548/40/895 1547/50/322
f 1549/50/896 1547/50/322 1548/40/895
f 1549/50/896 1548/40/895 1550/50/897
f 1551/40/600 1552/40/630 1553/50/898
f 1554/50/631 1553/50/898 1552/40/630
f 1553/50/898 1555/50/599 1551/40/600
f 1552/40/630 1556/40/899 1554/50/631
f 1557/40/597 1551/40/600 1555/50/599
f 1556/40/899 1558/50/553 1554/50/631
f 1557/40/597 1555/50/599 1559/50/598
f 1556/40/899 1560/40/555 1558/50/553
f 1561/50/263 1557/40/597 1559/50/598
f 1560/40/555 1562/50/617 1558/50/553
f 1557/40/597 1561/50/263 1563/40/265
f 1560/40/555 1564/40/618 1562/50/617
f 1565/40/264 1563/40/265 1561/50/263
f 1566/40/619 1562/50/617 1564/40/618
f 1562/50/617 1566/40/619 1567/50/620
f 1566/40/619 1568/40/621 1567/50/620
f 1561/50/263 1569/50/900 1565/40/264
f 1570/40/328 1565/40/264 1569/50/900
f 1570/40/328 1569/50/900 1571/50/326
f 1571/50/326 1572/40/901 1570/40/328
f 1572/40/901 1571/50/326 1573/50/327
f 1573/50/327 1574/50/902 1572/40/901
f 1575/50/903 1576/41/904 1577/41/219
f 1576/41/904 1575/50/903 1578/50/905
f 1579/50/906 1580/41/884 1581/50/907
f 1580/41/884 1579/50/906 1582/41/243
