# Blender 5.2.0 LTS
# www.blender.org
mtllib glorious handgun.mtl
o Glorious_Handgun
v 0.531310 0.288423 -0.054939
v 0.530172 0.287024 0.062597
v 0.535898 0.160601 -0.056416
v 0.534758 0.159203 0.061121
v 0.001463 0.254136 0.057084
v 0.002602 0.255535 -0.060452
v -0.007672 0.269147 -0.060390
v -0.008810 0.267749 0.057146
v 0.003792 0.222371 -0.060835
v 0.002653 0.220973 0.056701
v 0.012929 0.207359 0.056639
v 0.014067 0.208758 -0.060897
v -0.241150 0.259439 0.054797
v -0.008810 0.267749 0.057146
v -0.240011 0.260838 -0.062739
v -0.007672 0.269147 -0.060390
v 0.531310 0.288423 -0.054939
v 0.230195 0.277655 -0.057983
v 0.229055 0.276256 0.059552
v 0.530172 0.287024 0.062597
v 0.012929 0.207359 0.056639
v 0.014067 0.208758 -0.060897
v 0.211700 0.214468 0.058648
v 0.212839 0.215867 -0.058888
v 0.211700 0.214468 0.058648
v -0.266358 0.130553 0.053019
v 0.534758 0.159203 0.061121
v 0.012929 0.207359 0.056639
v 0.220973 0.228780 0.058909
v 0.002653 0.220973 0.056701
v 0.530172 0.287024 0.062597
v 0.229055 0.276256 0.059552
v 0.219783 0.261944 0.059292
v -0.241150 0.259439 0.054797
v -0.008810 0.267749 0.057146
v 0.001463 0.254136 0.057084
v -0.240011 0.260838 -0.062739
v -0.265219 0.131951 -0.064518
v -0.266358 0.130553 0.053019
v -0.241150 0.259439 0.054797
v 0.211700 0.214468 0.058648
v 0.212839 0.215867 -0.058888
v 0.220973 0.228780 0.058909
v 0.222111 0.230178 -0.058627
v 0.219783 0.261944 0.059292
v 0.220922 0.263344 -0.058245
v 0.229055 0.276256 0.059552
v 0.230195 0.277655 -0.057983
v 0.534758 0.159203 0.061121
v -0.266358 0.130553 0.053019
v 0.535898 0.160601 -0.056416
v -0.265219 0.131951 -0.064518
v 0.531310 0.288423 -0.054939
v 0.222111 0.230178 -0.058627
v 0.230195 0.277655 -0.057983
v 0.220922 0.263344 -0.058245
v 0.535898 0.160601 -0.056416
v 0.212839 0.215867 -0.058888
v -0.265219 0.131951 -0.064518
v 0.014067 0.208758 -0.060897
v 0.003792 0.222371 -0.060835
v -0.240011 0.260838 -0.062739
v -0.007672 0.269147 -0.060390
v 0.002602 0.255535 -0.060452
v 0.531277 0.293334 -0.060209
v 0.535132 0.281581 0.068147
v 0.536376 0.283109 -0.060281
v 0.530033 0.291806 0.068219
v 0.530779 0.271016 0.067980
v 0.532023 0.272545 -0.060449
v 0.501705 0.322287 0.006647
v 0.515803 0.289361 -0.016933
v 0.501754 0.322349 0.001510
v 0.515402 0.288867 0.024569
v 0.461843 0.266444 -0.061533
v 0.460592 0.264908 0.067558
v 0.451419 0.194398 -0.062492
v 0.450167 0.192861 0.066600
v 0.411677 0.264649 -0.062041
v 0.410426 0.263114 0.067050
v 0.401251 0.192604 -0.062998
v 0.400001 0.191068 0.066091
v 0.361510 0.262856 -0.062547
v 0.360259 0.261319 0.066543
v 0.351086 0.190809 -0.063506
v 0.349835 0.189273 0.065585
v 0.110420 0.153745 0.000279
v 0.115945 0.023727 -0.086187
v 0.155054 0.103845 -0.084856
v 0.153460 0.101886 0.079744
v 0.110420 0.153745 0.000279
v 0.114350 0.021768 0.078411
v -0.178070 0.216794 -0.074554
v -0.173084 0.220183 -0.068016
v -0.168484 0.207320 -0.068125
v -0.174087 0.207646 -0.074246
v -0.177314 0.199948 -0.073622
v -0.179442 0.215110 0.066996
v -0.174331 0.218652 0.060638
v -0.169731 0.205790 0.060530
v -0.175450 0.205971 0.066547
v -0.178663 0.198291 0.065678
v -0.010368 0.218096 -0.066465
v -0.016768 0.212868 -0.075595
v -0.004035 0.193918 -0.066691
v -0.012491 0.194271 -0.075797
v -0.015403 0.180244 -0.075956
v -0.214729 0.188859 -0.068792
v -0.008098 0.177076 -0.066931
v -0.224108 0.184855 -0.078873
v -0.224716 0.203201 -0.077469
v -0.216210 0.200340 -0.068670
v -0.011615 0.216566 0.062189
v -0.018189 0.211124 0.071069
v -0.005280 0.192386 0.061964
v -0.013912 0.192525 0.070909
v -0.016824 0.178499 0.070679
v -0.009345 0.175545 0.061724
v -0.215975 0.187328 0.059862
v -0.225547 0.183088 0.069661
v -0.226132 0.201463 0.068683
v -0.217455 0.198809 0.059984
v 0.151293 0.208668 -0.083644
v 0.110420 0.153745 0.000279
v 0.106542 0.285787 -0.083161
v 0.110420 0.153745 0.000279
v 0.104947 0.283827 0.081440
v 0.149699 0.206709 0.080953
v 0.228972 0.247727 -0.063681
v 0.227728 0.246198 0.064748
v 0.230162 0.214562 -0.064064
v 0.237000 0.260509 0.065008
v 0.238245 0.262038 -0.063420
v 0.228918 0.213034 0.064366
v 0.220889 0.200251 -0.064325
v 0.219645 0.198721 0.064105
v -0.178196 0.216641 -0.061659
v -0.173084 0.220183 -0.068016
v -0.168484 0.207320 -0.068125
v -0.174203 0.207502 -0.062106
v -0.177416 0.199822 -0.062976
v -0.179317 0.215262 0.054101
v -0.174331 0.218652 0.060638
v -0.169731 0.205790 0.060530
v -0.175333 0.206116 0.054407
v -0.178560 0.198417 0.055033
v -0.010368 0.218096 -0.066465
v -0.016942 0.212656 -0.057586
v -0.004035 0.193918 -0.066691
v -0.012665 0.194055 -0.057746
v -0.015577 0.180031 -0.057975
v -0.008098 0.177076 -0.066931
v -0.214729 0.188859 -0.068792
v -0.224301 0.184618 -0.058993
v -0.224886 0.202993 -0.059973
v -0.216210 0.200340 -0.068670
v -0.011615 0.216566 0.062189
v -0.018014 0.211338 0.053059
v -0.005280 0.192386 0.061964
v -0.013738 0.192740 0.052859
v -0.016650 0.178713 0.052697
v -0.009345 0.175545 0.061724
v -0.215975 0.187328 0.059862
v -0.225354 0.183323 0.049782
v -0.225963 0.201670 0.051186
v -0.217455 0.198809 0.059984
v -0.102908 0.285497 0.014811
v -0.103155 0.285195 0.040218
v -0.102097 0.262877 0.014550
v -0.102344 0.262575 0.039956
v -0.101768 0.263282 -0.019498
v -0.114849 0.303237 0.014906
v -0.115094 0.302935 0.040313
v -0.102579 0.285902 -0.019237
v -0.101521 0.263585 -0.044905
v -0.102332 0.286205 -0.044642
v -0.114273 0.303944 -0.044547
v -0.114519 0.303642 -0.019142
v 0.501754 0.322349 0.001510
v 0.458306 0.320795 0.001072
v 0.458255 0.320734 0.006207
v 0.501705 0.322287 0.006647
v -0.114849 0.303237 0.014906
v -0.214694 0.311777 0.014041
v -0.214940 0.311475 0.039448
v -0.115094 0.302935 0.040313
v -0.114273 0.303944 -0.044547
v -0.214119 0.312484 -0.045413
v -0.214364 0.312181 -0.020007
v -0.114519 0.303642 -0.019142
v -0.224899 0.281134 0.013577
v -0.102579 0.285902 -0.019237
v -0.224570 0.281539 -0.020471
v -0.102908 0.285497 0.014811
v -0.030475 0.169054 -0.076230
v -0.033678 0.178081 -0.067167
v -0.045621 0.179245 -0.067269
v -0.051058 0.171089 -0.076382
v -0.204262 0.223512 -0.075921
v -0.205803 0.230676 -0.068208
v -0.190468 0.224648 -0.074843
v -0.188147 0.230451 -0.068040
v -0.031895 0.167310 0.070395
v -0.034924 0.176551 0.061488
v -0.046867 0.177714 0.061386
v -0.052477 0.169344 0.070195
v -0.205658 0.221799 0.068014
v -0.207050 0.229146 0.060446
v -0.191845 0.222957 0.067231
v -0.189393 0.228920 0.060615
v -0.087326 0.220750 -0.077347
v -0.137604 0.185581 -0.078050
v -0.144632 0.192506 -0.068069
v -0.061049 0.240431 -0.066689
v -0.162521 0.175893 -0.078407
v -0.060205 0.231215 -0.076451
v -0.034530 0.228485 -0.076212
v -0.180928 0.167419 -0.078678
v -0.030926 0.236717 -0.066442
v -0.184095 0.176998 -0.068638
v -0.197497 0.166611 -0.078847
v -0.051366 0.198778 -0.074500
v -0.055841 0.203570 -0.067078
v -0.033466 0.199330 -0.066911
v -0.088770 0.218976 0.071639
v -0.062296 0.238900 0.061965
v -0.061639 0.229454 0.071519
v -0.139043 0.183813 0.070532
v -0.035962 0.226724 0.071712
v -0.145878 0.190976 0.060585
v -0.032173 0.235186 0.062212
v -0.163961 0.174126 0.070175
v -0.182368 0.165651 0.069888
v -0.185342 0.175469 0.060017
v -0.198937 0.164843 0.069717
v -0.052756 0.197071 0.068968
v -0.057086 0.202038 0.061576
v -0.034712 0.197800 0.061742
v 0.382974 0.263623 -0.062330
v 0.410426 0.263114 0.067050
v 0.411677 0.264649 -0.062041
v 0.381723 0.262087 0.066760
v 0.433141 0.265417 -0.061823
v 0.431891 0.263881 0.067268
v 0.461843 0.266444 -0.061533
v 0.460592 0.264908 0.067558
v 0.331557 0.260292 0.066252
v 0.361510 0.262856 -0.062547
v 0.332808 0.261829 -0.062838
v 0.360259 0.261319 0.066543
v 0.000810 0.211713 0.062140
v 0.002055 0.213242 -0.066289
v 0.209156 0.216811 0.064219
v 0.210400 0.218339 -0.064211
v 0.226737 0.278607 0.065124
v 0.227982 0.280135 -0.063305
v 0.531277 0.293334 -0.060209
v 0.530033 0.291806 0.068219
v -0.030649 0.168840 -0.058260
v -0.033678 0.178081 -0.067167
v -0.045621 0.179245 -0.067269
v -0.051231 0.170876 -0.058458
v -0.204412 0.223331 -0.060640
v -0.205803 0.230676 -0.068208
v -0.190599 0.224489 -0.061423
v -0.188147 0.230451 -0.068040
v -0.031721 0.167524 0.052424
v -0.034924 0.176551 0.061488
v -0.046867 0.177714 0.061386
v -0.052303 0.169558 0.052272
v -0.205510 0.221982 0.052734
v -0.207050 0.229146 0.060446
v -0.191716 0.223117 0.053812
v -0.189393 0.228920 0.060615
v -0.061049 0.240431 -0.066689
v -0.087524 0.220507 -0.057014
v -0.060392 0.230986 -0.057136
v -0.034716 0.228255 -0.056942
v -0.137796 0.185344 -0.058123
v -0.030926 0.236717 -0.066442
v -0.144632 0.192506 -0.068069
v -0.162714 0.175656 -0.058480
v -0.181121 0.167181 -0.058766
v -0.184095 0.176998 -0.068638
v -0.197690 0.166374 -0.058938
v -0.051510 0.198601 -0.059688
v -0.055841 0.203570 -0.067078
v -0.033466 0.199330 -0.066911
v -0.062296 0.238900 0.061965
v -0.088573 0.219218 0.051307
v -0.061452 0.229683 0.052203
v -0.035776 0.226953 0.052442
v -0.138850 0.184049 0.050604
v -0.032173 0.235186 0.062212
v -0.145878 0.190976 0.060585
v -0.163768 0.174363 0.050248
v -0.182176 0.165888 0.049976
v -0.185342 0.175469 0.060017
v -0.198745 0.165080 0.049808
v -0.052613 0.197247 0.054155
v -0.057086 0.202038 0.061576
v -0.034712 0.197800 0.061742
v 0.383799 0.284641 -0.018268
v 0.458255 0.320734 0.006207
v 0.458306 0.320795 0.001072
v 0.383397 0.284147 0.023233
v 0.153460 0.101886 0.079744
v 0.214474 0.156547 0.080986
v 0.158724 0.154328 0.099897
v 0.130049 0.128640 0.099314
v 0.111669 0.090987 0.098688
v 0.114350 0.021768 0.078411
v 0.068106 0.151123 0.095795
v 0.092195 0.172703 0.096285
v 0.088870 0.176492 0.099484
v 0.060196 0.150804 0.098901
v 0.107634 0.204333 0.096811
v 0.107250 0.214144 0.100110
v 0.104947 0.283827 0.081440
v 0.107250 0.214144 0.100110
v 0.149699 0.206709 0.080953
v 0.128282 0.177902 0.099883
v 0.158724 0.154328 0.099897
v 0.214474 0.156547 0.080986
v 0.110420 0.153745 0.000279
v 0.155054 0.103845 -0.084856
v 0.216069 0.158506 -0.083613
v 0.111347 0.100874 0.095616
v 0.093680 0.131319 0.095808
v 0.090639 0.127230 0.098916
v 0.111669 0.090987 0.098688
v 0.068106 0.151123 0.095795
v 0.060196 0.150804 0.098901
v 0.111669 0.090987 0.098688
v 0.090639 0.127230 0.098916
v 0.069599 0.098886 0.078896
v 0.114350 0.021768 0.078411
v 0.060196 0.150804 0.098901
v 0.004823 0.149047 0.078864
v -0.061639 0.229454 0.071519
v -0.088770 0.218976 0.071639
v -0.060829 0.219626 0.061750
v -0.083739 0.209752 0.061410
v -0.039867 0.217466 0.061927
v -0.112069 0.202179 0.071009
v -0.035962 0.226724 0.071712
v -0.107469 0.193260 0.060983
v -0.018189 0.211124 0.071069
v -0.132004 0.176841 0.060551
v -0.025824 0.205433 0.061919
v -0.139043 0.183813 0.070532
v -0.013912 0.192525 0.070909
v -0.158648 0.165864 0.060163
v -0.023364 0.192661 0.061792
v -0.163961 0.174126 0.070175
v -0.025076 0.182943 0.061660
v -0.179199 0.156532 0.059852
v -0.016824 0.178499 0.070679
v -0.182368 0.165651 0.069888
v -0.031895 0.167310 0.070395
v -0.199958 0.155299 0.059636
v -0.034924 0.176551 0.061488
v -0.198937 0.164843 0.069717
v -0.046867 0.177714 0.061386
v -0.218833 0.162169 0.059535
v -0.052477 0.169344 0.070195
v -0.214166 0.170472 0.069631
v -0.049861 0.181923 0.061407
v -0.234234 0.179345 0.059590
v -0.059743 0.181659 0.070279
v -0.225547 0.183088 0.069661
v -0.047350 0.190483 0.061533
v -0.052756 0.197071 0.068968
v -0.034712 0.197800 0.061742
v -0.226132 0.201463 0.068683
v -0.234052 0.204330 0.059889
v -0.219211 0.214226 0.068035
v -0.224409 0.219748 0.060166
v -0.205658 0.221799 0.068014
v -0.207050 0.229146 0.060446
v -0.191845 0.222957 0.067231
v -0.189393 0.228920 0.060615
v -0.179442 0.215110 0.066996
v -0.174331 0.218652 0.060638
v -0.169731 0.205790 0.060530
v -0.178663 0.198291 0.065678
v -0.175025 0.194817 0.060347
v 0.381723 0.262087 0.066760
v 0.371299 0.190042 0.065803
v 0.400001 0.191068 0.066091
v 0.410426 0.263114 0.067050
v 0.431891 0.263881 0.067268
v 0.421467 0.191835 0.066309
v 0.450167 0.192861 0.066600
v 0.460592 0.264908 0.067558
v 0.331557 0.260292 0.066252
v 0.321132 0.188247 0.065294
v 0.349835 0.189273 0.065585
v 0.360259 0.261319 0.066543
v 0.228918 0.213034 0.064366
v 0.209156 0.216811 0.064219
v 0.219645 0.198721 0.064105
v 0.013535 0.191351 0.062021
v 0.227728 0.246198 0.064748
v 0.000810 0.211713 0.062140
v -0.001943 0.201206 0.061987
v 0.207902 0.251748 0.064623
v 0.237000 0.260509 0.065008
v 0.226737 0.278607 0.065124
v 0.530033 0.291806 0.068219
v 0.530779 0.271016 0.067980
v 0.535132 0.281581 0.068147
v -0.093281 0.227734 0.061531
v -0.116363 0.211091 0.061110
v -0.088770 0.218976 0.071639
v -0.062296 0.238900 0.061965
v -0.112069 0.202179 0.071009
v -0.139043 0.183813 0.070532
v -0.035962 0.226724 0.071712
v -0.145878 0.190976 0.060585
v -0.032173 0.235186 0.062212
v -0.163961 0.174126 0.070175
v -0.011615 0.216566 0.062189
v -0.169146 0.182790 0.060262
v -0.018189 0.211124 0.071069
v -0.182368 0.165651 0.069888
v -0.185342 0.175469 0.060017
v -0.198937 0.164843 0.069717
v -0.016824 0.178499 0.070679
v -0.197596 0.175085 0.059894
v -0.214166 0.170472 0.069631
v -0.028271 0.159923 0.061355
v -0.208873 0.179405 0.059837
v -0.031895 0.167310 0.070395
v -0.215975 0.187328 0.059862
v -0.225547 0.183088 0.069661
v -0.226132 0.201463 0.068683
v -0.217455 0.198809 0.059984
v -0.213342 0.208476 0.060140
v -0.219211 0.214226 0.068035
v -0.203821 0.214234 0.060300
v -0.205658 0.221799 0.068014
v -0.193997 0.216363 0.060420
v -0.191845 0.222957 0.067231
v -0.184765 0.211094 0.060448
v -0.179442 0.215110 0.066996
v -0.181910 0.206070 0.060415
v -0.175450 0.205971 0.066547
v -0.182771 0.202047 0.060358
v -0.178663 0.198291 0.065678
v -0.188023 0.188159 0.060143
v 0.216069 0.158506 -0.083613
v 0.151293 0.208668 -0.083644
v 0.110420 0.153745 0.000279
v 0.383397 0.284147 0.023233
v 0.515402 0.288867 0.024569
v 0.458255 0.320734 0.006207
v 0.501705 0.322287 0.006647
v -0.103155 0.285195 0.040218
v -0.225144 0.280831 0.038984
v -0.102344 0.262575 0.039956
v -0.224334 0.258212 0.038722
v -0.115094 0.302935 0.040313
v -0.214940 0.311475 0.039448
v 0.065837 0.203710 0.080106
v 0.004823 0.149047 0.078864
v 0.060196 0.150804 0.098901
v 0.088870 0.176492 0.099484
v 0.107250 0.214144 0.100110
v 0.104947 0.283827 0.081440
v 0.128282 0.177902 0.099883
v 0.107250 0.214144 0.100110
v 0.107634 0.204333 0.096811
v 0.125302 0.173888 0.096621
v 0.150876 0.154084 0.096632
v 0.158724 0.154328 0.099897
v 0.130049 0.128640 0.099314
v 0.158724 0.154328 0.099897
v 0.150876 0.154084 0.096632
v 0.126787 0.132503 0.096142
v 0.111347 0.100874 0.095616
v 0.111669 0.090987 0.098688
v -0.224570 0.281539 -0.020471
v -0.102579 0.285902 -0.019237
v -0.114519 0.303642 -0.019142
v -0.214364 0.312181 -0.020007
v 0.110420 0.153745 0.000279
v 0.006417 0.151007 -0.085734
v 0.071193 0.100845 -0.085703
v -0.087524 0.220507 -0.057014
v -0.059582 0.221158 -0.066905
v -0.060392 0.230986 -0.057136
v -0.082492 0.211284 -0.067244
v -0.038620 0.218998 -0.066727
v -0.110821 0.203710 -0.057647
v -0.034716 0.228255 -0.056942
v -0.106222 0.194790 -0.067670
v -0.016942 0.212656 -0.057586
v -0.130757 0.178372 -0.068103
v -0.024577 0.206963 -0.066735
v -0.137796 0.185344 -0.058123
v -0.012665 0.194055 -0.057746
v -0.157402 0.167395 -0.068492
v -0.022117 0.194191 -0.066863
v -0.162714 0.175656 -0.058480
v -0.023830 0.184475 -0.066995
v -0.177952 0.158063 -0.068803
v -0.015577 0.180031 -0.057975
v -0.181121 0.167181 -0.058766
v -0.030649 0.168840 -0.058260
v -0.198712 0.156831 -0.069018
v -0.033678 0.178081 -0.067167
v -0.197690 0.166374 -0.058938
v -0.045621 0.179245 -0.067269
v -0.217586 0.163700 -0.069120
v -0.051231 0.170876 -0.058458
v -0.212920 0.172002 -0.059024
v -0.048614 0.183455 -0.067247
v -0.232988 0.180875 -0.069064
v -0.058496 0.183189 -0.058376
v -0.224301 0.184618 -0.058993
v -0.046104 0.192014 -0.067121
v -0.051510 0.198601 -0.059688
v -0.033466 0.199330 -0.066911
v -0.224886 0.202993 -0.059973
v -0.232805 0.205861 -0.068765
v -0.217965 0.215756 -0.060620
v -0.223163 0.221280 -0.068488
v -0.204412 0.223331 -0.060640
v -0.205803 0.230676 -0.068208
v -0.190599 0.224489 -0.061423
v -0.188147 0.230451 -0.068040
v -0.178196 0.216641 -0.061659
v -0.173084 0.220183 -0.068016
v -0.168484 0.207320 -0.068125
v -0.177416 0.199822 -0.062976
v -0.173779 0.196348 -0.068307
v -0.061049 0.240431 -0.066689
v -0.092036 0.229264 -0.067122
v -0.087524 0.220507 -0.057014
v -0.115116 0.212621 -0.067544
v -0.110821 0.203710 -0.057647
v -0.034716 0.228255 -0.056942
v -0.137796 0.185344 -0.058123
v -0.030926 0.236717 -0.066442
v -0.144632 0.192506 -0.068069
v -0.010368 0.218096 -0.066465
v -0.162714 0.175656 -0.058480
v -0.016942 0.212656 -0.057586
v -0.167899 0.184321 -0.068392
v -0.181121 0.167181 -0.058766
v -0.184095 0.176998 -0.068638
v -0.015577 0.180031 -0.057975
v -0.197690 0.166374 -0.058938
v -0.196351 0.176616 -0.068759
v -0.027025 0.161454 -0.067300
v -0.212920 0.172002 -0.059024
v -0.030649 0.168840 -0.058260
v -0.207626 0.180936 -0.068818
v -0.214729 0.188859 -0.068792
v -0.224301 0.184618 -0.058993
v -0.224886 0.202993 -0.059973
v -0.216210 0.200340 -0.068670
v -0.212095 0.210006 -0.068515
v -0.217965 0.215756 -0.060620
v -0.202576 0.215765 -0.068354
v -0.204412 0.223331 -0.060640
v -0.192750 0.217893 -0.068234
v -0.190599 0.224489 -0.061423
v -0.183519 0.212625 -0.068207
v -0.178196 0.216641 -0.061659
v -0.180663 0.207601 -0.068239
v -0.174203 0.207502 -0.062106
v -0.181525 0.203577 -0.068296
v -0.177416 0.199822 -0.062976
v -0.186777 0.189689 -0.068512
v 0.110420 0.153745 0.000279
v 0.067432 0.205669 -0.084492
v 0.006417 0.151007 -0.085734
v -0.224324 0.281842 -0.045876
v -0.223511 0.259222 -0.046139
v -0.223757 0.258920 -0.020732
v -0.224570 0.281539 -0.020471
v -0.224088 0.258514 0.013316
v -0.214364 0.312181 -0.020007
v -0.214119 0.312484 -0.045413
v -0.224899 0.281134 0.013577
v -0.224334 0.258212 0.038722
v -0.225144 0.280831 0.038984
v -0.214940 0.311475 0.039448
v -0.214694 0.311777 0.014041
v -0.016768 0.212868 -0.075595
v -0.024577 0.206963 -0.066735
v -0.012491 0.194271 -0.075797
v -0.232988 0.180875 -0.069064
v -0.224108 0.184855 -0.078873
v -0.224716 0.203201 -0.077469
v -0.232805 0.205861 -0.068765
v -0.018189 0.211124 0.071069
v -0.025824 0.205433 0.061919
v -0.013912 0.192525 0.070909
v -0.234234 0.179345 0.059590
v -0.225547 0.183088 0.069661
v -0.226132 0.201463 0.068683
v -0.234052 0.204330 0.059889
v -0.051058 0.171089 -0.076382
v -0.055764 0.164250 -0.067545
v -0.066560 0.184012 -0.067414
v -0.058322 0.183403 -0.076313
v -0.051366 0.198778 -0.074500
v -0.055841 0.203570 -0.067078
v -0.052477 0.169344 0.070195
v -0.057011 0.162719 0.061110
v -0.067806 0.182483 0.061239
v -0.059743 0.181659 0.070279
v -0.052756 0.197071 0.068968
v -0.057086 0.202038 0.061576
v -0.001943 0.201206 0.061987
v -0.000698 0.202734 -0.066441
v 0.000810 0.211713 0.062140
v 0.002055 0.213242 -0.066289
v 0.209156 0.216811 0.064219
v 0.210400 0.218339 -0.064211
v 0.207902 0.251748 0.064623
v 0.209146 0.253277 -0.063807
v 0.226737 0.278607 0.065124
v 0.227982 0.280135 -0.063305
v 0.110420 0.153745 0.000279
v 0.071193 0.100845 -0.085703
v 0.115945 0.023727 -0.086187
v 0.114350 0.021768 0.078411
v 0.069599 0.098886 0.078896
v 0.110420 0.153745 0.000279
v -0.016942 0.212656 -0.057586
v -0.024577 0.206963 -0.066735
v -0.012665 0.194055 -0.057746
v -0.232988 0.180875 -0.069064
v -0.224301 0.184618 -0.058993
v -0.224886 0.202993 -0.059973
v -0.232805 0.205861 -0.068765
v -0.018014 0.211338 0.053059
v -0.025824 0.205433 0.061919
v -0.013738 0.192740 0.052859
v -0.234234 0.179345 0.059590
v -0.225354 0.183323 0.049782
v -0.225963 0.201670 0.051186
v -0.234052 0.204330 0.059889
v -0.051231 0.170876 -0.058458
v -0.055764 0.164250 -0.067545
v -0.066560 0.184012 -0.067414
v -0.058496 0.183189 -0.058376
v -0.051510 0.198601 -0.059688
v -0.055841 0.203570 -0.067078
v -0.052303 0.169558 0.052272
v -0.057011 0.162719 0.061110
v -0.067806 0.182483 0.061239
v -0.059568 0.181872 0.052342
v -0.052613 0.197247 0.054155
v -0.057086 0.202038 0.061576
v 0.110420 0.153745 0.000279
v 0.106542 0.285787 -0.083161
v 0.067432 0.205669 -0.084492
v 0.065837 0.203710 0.080106
v 0.110420 0.153745 0.000279
v 0.104947 0.283827 0.081440
v 0.322383 0.189783 -0.063796
v 0.321132 0.188247 0.065294
v 0.332808 0.261829 -0.062838
v 0.331557 0.260292 0.066252
v 0.372550 0.191577 -0.063289
v 0.371299 0.190042 0.065803
v 0.382974 0.263623 -0.062330
v 0.381723 0.262087 0.066760
v 0.422717 0.193373 -0.062782
v 0.421467 0.191835 0.066309
v 0.433141 0.265417 -0.061823
v 0.431891 0.263881 0.067268
v -0.130757 0.178372 -0.068103
v -0.137604 0.185581 -0.078050
v -0.157402 0.167395 -0.068492
v -0.177952 0.158063 -0.068803
v -0.180928 0.167419 -0.078678
v -0.198712 0.156831 -0.069018
v -0.197497 0.166611 -0.078847
v -0.177314 0.199948 -0.073622
v -0.173779 0.196348 -0.068307
v -0.186777 0.189689 -0.068512
v -0.132004 0.176841 0.060551
v -0.139043 0.183813 0.070532
v -0.158648 0.165864 0.060163
v -0.179199 0.156532 0.059852
v -0.182368 0.165651 0.069888
v -0.199958 0.155299 0.059636
v -0.198937 0.164843 0.069717
v -0.178663 0.198291 0.065678
v -0.175025 0.194817 0.060347
v -0.188023 0.188159 0.060143
v -0.015403 0.180244 -0.075956
v -0.008098 0.177076 -0.066931
v -0.027025 0.161454 -0.067300
v -0.030475 0.169054 -0.076230
v -0.051058 0.171089 -0.076382
v -0.055764 0.164250 -0.067545
v -0.204262 0.223512 -0.075921
v -0.192750 0.217893 -0.068234
v -0.190468 0.224648 -0.074843
v -0.016824 0.178499 0.070679
v -0.009345 0.175545 0.061724
v -0.028271 0.159923 0.061355
v -0.031895 0.167310 0.070395
v -0.052477 0.169344 0.070195
v -0.057011 0.162719 0.061110
v -0.205658 0.221799 0.068014
v -0.193997 0.216363 0.060420
v -0.191845 0.222957 0.067231
v 0.400001 0.191068 0.066091
v 0.372550 0.191577 -0.063289
v 0.401251 0.192604 -0.062998
v 0.371299 0.190042 0.065803
v 0.450167 0.192861 0.066600
v 0.422717 0.193373 -0.062782
v 0.451419 0.194398 -0.062492
v 0.421467 0.191835 0.066309
v 0.349835 0.189273 0.065585
v 0.322383 0.189783 -0.063796
v 0.351086 0.190809 -0.063506
v 0.321132 0.188247 0.065294
v 0.220889 0.200251 -0.064325
v 0.219645 0.198721 0.064105
v 0.014778 0.192880 -0.066408
v 0.013535 0.191351 0.062021
v -0.001943 0.201206 0.061987
v -0.000698 0.202734 -0.066441
v 0.530779 0.271016 0.067980
v 0.237000 0.260509 0.065008
v 0.532023 0.272545 -0.060449
v 0.238245 0.262038 -0.063420
v -0.130757 0.178372 -0.068103
v -0.137796 0.185344 -0.058123
v -0.157402 0.167395 -0.068492
v -0.177952 0.158063 -0.068803
v -0.181121 0.167181 -0.058766
v -0.198712 0.156831 -0.069018
v -0.197690 0.166374 -0.058938
v -0.177416 0.199822 -0.062976
v -0.173779 0.196348 -0.068307
v -0.186777 0.189689 -0.068512
v -0.132004 0.176841 0.060551
v -0.138850 0.184049 0.050604
v -0.158648 0.165864 0.060163
v -0.179199 0.156532 0.059852
v -0.182176 0.165888 0.049976
v -0.199958 0.155299 0.059636
v -0.198745 0.165080 0.049808
v -0.178560 0.198417 0.055033
v -0.175025 0.194817 0.060347
v -0.188023 0.188159 0.060143
v -0.015577 0.180031 -0.057975
v -0.008098 0.177076 -0.066931
v -0.027025 0.161454 -0.067300
v -0.030649 0.168840 -0.058260
v -0.051231 0.170876 -0.058458
v -0.055764 0.164250 -0.067545
v -0.204412 0.223331 -0.060640
v -0.192750 0.217893 -0.068234
v -0.190599 0.224489 -0.061423
v -0.016650 0.178713 0.052697
v -0.009345 0.175545 0.061724
v -0.028271 0.159923 0.061355
v -0.031721 0.167524 0.052424
v -0.052303 0.169558 0.052272
v -0.057011 0.162719 0.061110
v -0.205510 0.221982 0.052734
v -0.193997 0.216363 0.060420
v -0.191716 0.223117 0.053812
v 0.383799 0.284641 -0.018268
v 0.515803 0.289361 -0.016933
v 0.515402 0.288867 0.024569
v 0.383397 0.284147 0.023233
v 0.115945 0.023727 -0.086187
v 0.113641 0.093410 -0.104859
v 0.155054 0.103845 -0.084856
v 0.132022 0.131061 -0.104233
v 0.160696 0.156749 -0.103650
v 0.216069 0.158506 -0.083613
v 0.109545 0.206679 -0.100367
v 0.094105 0.175050 -0.100891
v 0.090842 0.178914 -0.104063
v 0.109222 0.216566 -0.103437
v 0.070017 0.153471 -0.101381
v 0.062168 0.153225 -0.104646
v 0.151293 0.208668 -0.083644
v 0.216069 0.158506 -0.083613
v 0.160696 0.156749 -0.103650
v 0.130255 0.180323 -0.103664
v 0.109222 0.216566 -0.103437
v 0.106542 0.285787 -0.083161
v 0.214474 0.156547 0.080986
v 0.153460 0.101886 0.079744
v 0.110420 0.153745 0.000279
v 0.070017 0.153471 -0.101381
v 0.095590 0.133666 -0.101370
v 0.092611 0.129651 -0.104631
v 0.062168 0.153225 -0.104646
v 0.113257 0.103220 -0.101561
v 0.113641 0.093410 -0.104859
v 0.071193 0.100845 -0.085703
v 0.006417 0.151007 -0.085734
v 0.062168 0.153225 -0.104646
v 0.092611 0.129651 -0.104631
v 0.113641 0.093410 -0.104859
v 0.115945 0.023727 -0.086187
v -0.087326 0.220750 -0.077347
v -0.060205 0.231215 -0.076451
v -0.059582 0.221158 -0.066905
v -0.082492 0.211284 -0.067244
v -0.038620 0.218998 -0.066727
v -0.110629 0.203947 -0.077568
v -0.034530 0.228485 -0.076212
v -0.106222 0.194790 -0.067670
v -0.016768 0.212868 -0.075595
v -0.130757 0.178372 -0.068103
v -0.024577 0.206963 -0.066735
v -0.137604 0.185581 -0.078050
v -0.012491 0.194271 -0.075797
v -0.157402 0.167395 -0.068492
v -0.022117 0.194191 -0.066863
v -0.162521 0.175893 -0.078407
v -0.023830 0.184475 -0.066995
v -0.177952 0.158063 -0.068803
v -0.015403 0.180244 -0.075956
v -0.180928 0.167419 -0.078678
v -0.030475 0.169054 -0.076230
v -0.198712 0.156831 -0.069018
v -0.033678 0.178081 -0.067167
v -0.197497 0.166611 -0.078847
v -0.045621 0.179245 -0.067269
v -0.217586 0.163700 -0.069120
v -0.051058 0.171089 -0.076382
v -0.212727 0.172240 -0.078923
v -0.048614 0.183455 -0.067247
v -0.232988 0.180875 -0.069064
v -0.058322 0.183403 -0.076313
v -0.224108 0.184855 -0.078873
v -0.046104 0.192014 -0.067121
v -0.051366 0.198778 -0.074500
v -0.033466 0.199330 -0.066911
v -0.224716 0.203201 -0.077469
v -0.232805 0.205861 -0.068765
v -0.217812 0.215944 -0.076384
v -0.223163 0.221280 -0.068488
v -0.204262 0.223512 -0.075921
v -0.205803 0.230676 -0.068208
v -0.190468 0.224648 -0.074843
v -0.188147 0.230451 -0.068040
v -0.178070 0.216794 -0.074554
v -0.173084 0.220183 -0.068016
v -0.168484 0.207320 -0.068125
v -0.177314 0.199948 -0.073622
v -0.173779 0.196348 -0.068307
v 0.401251 0.192604 -0.062998
v 0.382974 0.263623 -0.062330
v 0.411677 0.264649 -0.062041
v 0.372550 0.191577 -0.063289
v 0.451419 0.194398 -0.062492
v 0.433141 0.265417 -0.061823
v 0.461843 0.266444 -0.061533
v 0.422717 0.193373 -0.062782
v 0.351086 0.190809 -0.063506
v 0.332808 0.261829 -0.062838
v 0.361510 0.262856 -0.062547
v 0.322383 0.189783 -0.063796
v 0.210400 0.218339 -0.064211
v 0.209146 0.253277 -0.063807
v 0.228972 0.247727 -0.063681
v 0.238245 0.262038 -0.063420
v 0.230162 0.214562 -0.064064
v 0.227982 0.280135 -0.063305
v 0.220889 0.200251 -0.064325
v 0.531277 0.293334 -0.060209
v 0.532023 0.272545 -0.060449
v 0.536376 0.283109 -0.060281
v 0.014778 0.192880 -0.066408
v 0.002055 0.213242 -0.066289
v -0.000698 0.202734 -0.066441
v -0.115116 0.212621 -0.067544
v -0.087326 0.220750 -0.077347
v -0.110629 0.203947 -0.077568
v -0.137604 0.185581 -0.078050
v -0.092036 0.229264 -0.067122
v -0.144632 0.192506 -0.068069
v -0.061049 0.240431 -0.066689
v -0.162521 0.175893 -0.078407
v -0.167899 0.184321 -0.068392
v -0.034530 0.228485 -0.076212
v -0.180928 0.167419 -0.078678
v -0.030926 0.236717 -0.066442
v -0.184095 0.176998 -0.068638
v -0.010368 0.218096 -0.066465
v -0.197497 0.166611 -0.078847
v -0.016768 0.212868 -0.075595
v -0.196351 0.176616 -0.068759
v -0.212727 0.172240 -0.078923
v -0.207626 0.180936 -0.068818
v -0.015403 0.180244 -0.075956
v -0.214729 0.188859 -0.068792
v -0.224108 0.184855 -0.078873
v -0.027025 0.161454 -0.067300
v -0.224716 0.203201 -0.077469
v -0.030475 0.169054 -0.076230
v -0.216210 0.200340 -0.068670
v -0.212095 0.210006 -0.068515
v -0.217812 0.215944 -0.076384
v -0.202576 0.215765 -0.068354
v -0.204262 0.223512 -0.075921
v -0.192750 0.217893 -0.068234
v -0.190468 0.224648 -0.074843
v -0.183519 0.212625 -0.068207
v -0.178070 0.216794 -0.074554
v -0.180663 0.207601 -0.068239
v -0.174087 0.207646 -0.074246
v -0.181525 0.203577 -0.068296
v -0.177314 0.199948 -0.073622
v -0.186777 0.189689 -0.068512
v 0.110420 0.153745 0.000279
v 0.149699 0.206709 0.080953
v 0.214474 0.156547 0.080986
v 0.515803 0.289361 -0.016933
v 0.458306 0.320795 0.001072
v 0.501754 0.322349 0.001510
v 0.383799 0.284641 -0.018268
v -0.102332 0.286205 -0.044642
v -0.223511 0.259222 -0.046139
v -0.224324 0.281842 -0.045876
v -0.101521 0.263585 -0.044905
v -0.114273 0.303944 -0.044547
v -0.214119 0.312484 -0.045413
v 0.109222 0.216566 -0.103437
v 0.090842 0.178914 -0.104063
v 0.067432 0.205669 -0.084492
v 0.106542 0.285787 -0.083161
v 0.062168 0.153225 -0.104646
v 0.006417 0.151007 -0.085734
v 0.130255 0.180323 -0.103664
v 0.160696 0.156749 -0.103650
v 0.152786 0.156430 -0.100545
v 0.127212 0.176234 -0.100557
v 0.109545 0.206679 -0.100367
v 0.109222 0.216566 -0.103437
v 0.132022 0.131061 -0.104233
v 0.113641 0.093410 -0.104859
v 0.113257 0.103220 -0.101561
v 0.128697 0.134851 -0.101035
v 0.152786 0.156430 -0.100545
v 0.160696 0.156749 -0.103650
v -0.224899 0.281134 0.013577
v -0.114849 0.303237 0.014906
v -0.102908 0.285497 0.014811
v -0.214694 0.311777 0.014041
v 0.069599 0.098886 0.078896
v 0.110420 0.153745 0.000279
v 0.004823 0.149047 0.078864
v -0.088573 0.219218 0.051307
v -0.061452 0.229683 0.052203
v -0.060829 0.219626 0.061750
v -0.083739 0.209752 0.061410
v -0.039867 0.217466 0.061927
v -0.111875 0.202417 0.051088
v -0.035776 0.226953 0.052442
v -0.107469 0.193260 0.060983
v -0.018014 0.211338 0.053059
v -0.132004 0.176841 0.060551
v -0.025824 0.205433 0.061919
v -0.138850 0.184049 0.050604
v -0.013738 0.192740 0.052859
v -0.158648 0.165864 0.060163
v -0.023364 0.192661 0.061792
v -0.163768 0.174363 0.050248
v -0.025076 0.182943 0.061660
v -0.179199 0.156532 0.059852
v -0.016650 0.178713 0.052697
v -0.182176 0.165888 0.049976
v -0.031721 0.167524 0.052424
v -0.199958 0.155299 0.059636
v -0.034924 0.176551 0.061488
v -0.198745 0.165080 0.049808
v -0.046867 0.177714 0.061386
v -0.218833 0.162169 0.059535
v -0.052303 0.169558 0.052272
v -0.213973 0.170708 0.049732
v -0.049861 0.181923 0.061407
v -0.234234 0.179345 0.059590
v -0.059568 0.181872 0.052342
v -0.225354 0.183323 0.049782
v -0.047350 0.190483 0.061533
v -0.052613 0.197247 0.054155
v -0.034712 0.197800 0.061742
v -0.225963 0.201670 0.051186
v -0.234052 0.204330 0.059889
v -0.219058 0.214412 0.052271
v -0.224409 0.219748 0.060166
v -0.205510 0.221982 0.052734
v -0.207050 0.229146 0.060446
v -0.191716 0.223117 0.053812
v -0.189393 0.228920 0.060615
v -0.179317 0.215262 0.054101
v -0.174331 0.218652 0.060638
v -0.169731 0.205790 0.060530
v -0.178560 0.198417 0.055033
v -0.175025 0.194817 0.060347
v -0.093281 0.227734 0.061531
v -0.062296 0.238900 0.061965
v -0.088573 0.219218 0.051307
v -0.116363 0.211091 0.061110
v -0.111875 0.202417 0.051088
v -0.035776 0.226953 0.052442
v -0.138850 0.184049 0.050604
v -0.032173 0.235186 0.062212
v -0.145878 0.190976 0.060585
v -0.011615 0.216566 0.062189
v -0.163768 0.174363 0.050248
v -0.018014 0.211338 0.053059
v -0.169146 0.182790 0.060262
v -0.182176 0.165888 0.049976
v -0.185342 0.175469 0.060017
v -0.016650 0.178713 0.052697
v -0.198745 0.165080 0.049808
v -0.197596 0.175085 0.059894
v -0.028271 0.159923 0.061355
v -0.213973 0.170708 0.049732
v -0.031721 0.167524 0.052424
v -0.208873 0.179405 0.059837
v -0.215975 0.187328 0.059862
v -0.225354 0.183323 0.049782
v -0.225963 0.201670 0.051186
v -0.217455 0.198809 0.059984
v -0.213342 0.208476 0.060140
v -0.219058 0.214412 0.052271
v -0.203821 0.214234 0.060300
v -0.205510 0.221982 0.052734
v -0.193997 0.216363 0.060420
v -0.191716 0.223117 0.053812
v -0.184765 0.211094 0.060448
v -0.179317 0.215262 0.054101
v -0.181910 0.206070 0.060415
v -0.175333 0.206116 0.054407
v -0.182771 0.202047 0.060358
v -0.178560 0.198417 0.055033
v -0.188023 0.188159 0.060143
v 0.004823 0.149047 0.078864
v 0.065837 0.203710 0.080106
v 0.110420 0.153745 0.000279
v -0.177405 0.296330 0.043285
v -0.177167 0.296622 0.018690
v -0.171406 0.283199 0.043186
v -0.171167 0.283491 0.018592
v -0.176449 0.269675 0.042977
v -0.176211 0.269966 0.018382
v -0.176751 0.297133 -0.024287
v -0.176513 0.297426 -0.048881
v -0.170751 0.284003 -0.024385
v -0.170514 0.284295 -0.048979
v -0.175795 0.270477 -0.024595
v -0.175557 0.270771 -0.049189
v -0.190932 0.301374 0.043214
v -0.190694 0.301667 0.018618
v -0.203823 0.295669 0.018420
v -0.177405 0.296330 0.043285
v -0.204062 0.295377 0.043015
v -0.177167 0.296622 0.018690
v -0.176751 0.297133 -0.024287
v -0.176513 0.297426 -0.048881
v -0.190040 0.302471 -0.048952
v -0.190277 0.302178 -0.024358
v -0.203169 0.296473 -0.049151
v -0.203407 0.296181 -0.024557
v 0.111303 0.095718 0.095554
v 0.154785 0.154250 0.096672
v 0.109088 0.152408 0.114179
v 0.154785 0.154250 0.096672
v 0.107219 0.209524 0.096869
v 0.109088 0.152408 0.114179
v 0.063738 0.150994 0.095751
v 0.111303 0.095718 0.095554
v 0.109088 0.152408 0.114179
v -0.176449 0.269675 0.042977
v -0.203104 0.268721 0.042707
v -0.189579 0.263676 0.042778
v -0.177405 0.296330 0.043285
v -0.171406 0.283199 0.043186
v -0.204062 0.295377 0.043015
v -0.190932 0.301374 0.043214
v -0.209105 0.281851 0.042805
v -0.175795 0.270477 -0.024595
v -0.202451 0.269525 -0.024864
v -0.188925 0.264480 -0.024793
v -0.176751 0.297133 -0.024287
v -0.170751 0.284003 -0.024385
v -0.203407 0.296181 -0.024557
v -0.190277 0.302178 -0.024358
v -0.208451 0.282655 -0.024767
v 0.107219 0.209524 0.096869
v 0.063738 0.150994 0.095751
v 0.109088 0.152408 0.114179
v -0.203823 0.295669 0.018420
v -0.204062 0.295377 0.043015
v -0.208866 0.282143 0.018211
v -0.209105 0.281851 0.042805
v -0.202867 0.269013 0.018113
v -0.203104 0.268721 0.042707
v -0.203169 0.296473 -0.049151
v -0.203407 0.296181 -0.024557
v -0.208212 0.282948 -0.049360
v -0.208451 0.282655 -0.024767
v -0.202213 0.269817 -0.049459
v -0.202451 0.269525 -0.024864
v -0.202867 0.269013 0.018113
v -0.176449 0.269675 0.042977
v -0.203104 0.268721 0.042707
v -0.176211 0.269966 0.018382
v -0.189341 0.263969 0.018184
v -0.189579 0.263676 0.042778
v -0.175795 0.270477 -0.024595
v -0.175557 0.270771 -0.049189
v -0.188925 0.264480 -0.024793
v -0.188686 0.264773 -0.049387
v -0.202213 0.269817 -0.049459
v -0.202451 0.269525 -0.024864
v 0.156695 0.156597 -0.100504
v 0.113213 0.098066 -0.101622
v 0.111346 0.155182 -0.118931
v 0.109130 0.211869 -0.100307
v 0.156695 0.156597 -0.100504
v 0.111346 0.155182 -0.118931
v 0.113213 0.098066 -0.101622
v 0.065649 0.153341 -0.101424
v 0.111346 0.155182 -0.118931
v -0.176513 0.297426 -0.048881
v -0.175557 0.270771 -0.049189
v -0.202213 0.269817 -0.049459
v -0.188686 0.264773 -0.049387
v -0.170514 0.284295 -0.048979
v -0.203169 0.296473 -0.049151
v -0.190040 0.302471 -0.048952
v -0.208212 0.282948 -0.049360
v 0.065649 0.153341 -0.101424
v 0.109130 0.211869 -0.100307
v 0.111346 0.155182 -0.118931
v -0.177167 0.296622 0.018690
v -0.176211 0.269966 0.018382
v -0.202867 0.269013 0.018113
v -0.189341 0.263969 0.018184
v -0.171167 0.283491 0.018592
v -0.203823 0.295669 0.018420
v -0.190694 0.301667 0.018618
v -0.208866 0.282143 0.018211
v 0.540694 0.191530 -0.072603
v 0.544331 0.179590 0.078058
v 0.545791 0.181384 -0.072674
v 0.539234 0.189735 0.078130
v 0.539975 0.169108 0.077892
v 0.541434 0.170901 -0.072840
v 0.481867 0.030181 -0.075093
v 0.480406 0.028388 0.075641
v 0.479038 0.038951 -0.075015
v 0.477579 0.037157 0.075717
v -0.015505 0.103754 -0.077419
v -0.022725 0.097724 -0.087114
v -0.005728 0.063543 -0.077803
v -0.015188 0.063654 -0.087448
v -0.016933 0.102000 0.070081
v -0.024338 0.095741 0.079488
v -0.007158 0.061788 0.069698
v -0.016802 0.061671 0.079156
v -0.084167 -0.021379 -0.092326
v -0.142311 -0.153061 -0.095385
v -0.075161 -0.012631 -0.079382
v -0.129409 -0.157372 -0.081630
v -0.060286 -0.051302 -0.079698
v -0.138825 -0.118042 -0.094934
v -0.072882 -0.052031 -0.092580
v -0.126736 -0.112066 -0.081064
v -0.083012 -0.082918 -0.093047
v -0.074714 -0.092644 -0.080330
v -0.085844 -0.023436 0.080674
v -0.076590 -0.014387 0.068120
v -0.061715 -0.053057 0.067803
v -0.074558 -0.054089 0.080418
v -0.144005 -0.155143 0.079472
v -0.084689 -0.084977 0.079953
v -0.130838 -0.159127 0.065871
v -0.076143 -0.094399 0.067172
v -0.140520 -0.120122 0.079923
v -0.128165 -0.113821 0.066436
v -0.240373 -0.101652 -0.095723
v -0.226909 -0.103311 -0.081931
v -0.223739 -0.141063 -0.082350
v -0.235370 -0.147878 -0.096224
v -0.118037 -0.068350 -0.080460
v -0.128192 -0.072423 -0.091701
v -0.123303 -0.043146 -0.080211
v -0.242067 -0.103732 0.079133
v -0.228337 -0.105066 0.065571
v -0.225168 -0.142818 0.065151
v -0.237064 -0.149959 0.078632
v -0.119465 -0.070105 0.067042
v -0.129836 -0.074442 0.077982
v -0.124732 -0.044902 0.067289
v -0.143166 0.083492 -0.087662
v -0.130707 0.048279 -0.079196
v -0.139383 0.048535 -0.088040
v -0.135187 0.086813 -0.078781
v -0.132136 0.046523 0.068305
v -0.144766 0.081528 0.077364
v -0.140982 0.046572 0.076984
v -0.136616 0.085057 0.068721
v 0.239406 0.030489 -0.077438
v 0.237945 0.028696 0.073295
v 0.190439 0.080196 -0.077321
v 0.188979 0.078403 0.073411
v -0.069429 0.041366 -0.078684
v -0.077733 0.036925 -0.088371
v -0.079895 0.056900 -0.088154
v -0.070874 0.053926 -0.078550
v -0.070858 0.039610 0.068817
v -0.079347 0.034943 0.078233
v -0.081508 0.054918 0.078449
v -0.072302 0.052170 0.068953
v -0.015505 0.103754 -0.077419
v -0.022909 0.097496 -0.068012
v -0.005728 0.063543 -0.077803
v -0.015373 0.063427 -0.068345
v -0.016933 0.102000 0.070081
v -0.024153 0.095968 0.060387
v -0.007158 0.061788 0.069698
v -0.016616 0.061898 0.060054
v -0.084414 -0.021683 -0.066827
v -0.142575 -0.153387 -0.068029
v -0.075161 -0.012631 -0.079382
v -0.129409 -0.157372 -0.081630
v -0.060286 -0.051302 -0.079698
v -0.139090 -0.118367 -0.067579
v -0.073129 -0.052334 -0.067081
v -0.126736 -0.112066 -0.081064
v -0.083259 -0.083222 -0.067548
v -0.074714 -0.092644 -0.080330
v -0.085597 -0.023134 0.055175
v -0.076590 -0.014387 0.068120
v -0.061715 -0.053057 0.067803
v -0.074311 -0.053785 0.054920
v -0.143740 -0.154817 0.052118
v -0.084441 -0.084673 0.054455
v -0.130838 -0.159127 0.065871
v -0.076143 -0.094399 0.067172
v -0.140255 -0.119797 0.052568
v -0.128165 -0.113821 0.066436
v -0.226909 -0.103311 -0.081931
v -0.240637 -0.101977 -0.068368
v -0.223739 -0.141063 -0.082350
v -0.235636 -0.148204 -0.068869
v -0.118037 -0.068350 -0.080460
v -0.128408 -0.072686 -0.069519
v -0.123303 -0.043146 -0.080211
v -0.241802 -0.103407 0.051779
v -0.228337 -0.105066 0.065571
v -0.225168 -0.142818 0.065151
v -0.236799 -0.149634 0.051278
v -0.119465 -0.070105 0.067042
v -0.129622 -0.074178 0.055801
v -0.124732 -0.044902 0.067289
v -0.130707 0.048279 -0.079196
v -0.135187 0.086813 -0.078781
v -0.143337 0.083283 -0.070139
v -0.139553 0.048326 -0.070517
v -0.144596 0.081736 0.059840
v -0.132136 0.046523 0.068305
v -0.140813 0.046780 0.059461
v -0.136616 0.085057 0.068721
v -0.069429 0.041366 -0.078684
v -0.077917 0.036698 -0.069269
v -0.080079 0.056672 -0.069052
v -0.070874 0.053926 -0.078550
v -0.070858 0.039610 0.068817
v -0.079163 0.035170 0.059130
v -0.081323 0.055145 0.059347
v -0.072302 0.052170 0.068953
v 0.321821 0.169005 -0.074991
v -0.271489 0.147786 -0.080991
v -0.272948 0.145992 0.069741
v 0.320361 0.167210 0.075741
v 0.356808 0.184954 -0.074463
v 0.355348 0.183160 0.076270
v 0.540694 0.191530 -0.072603
v 0.539234 0.189735 0.078130
v -0.086954 0.124164 -0.077869
v -0.084032 0.115153 -0.087501
v -0.052053 0.127361 -0.077493
v -0.054046 0.118154 -0.087175
v -0.089101 0.059646 -0.078658
v -0.079895 0.056900 -0.088154
v -0.063111 0.074247 -0.078233
v -0.088381 0.122408 0.069633
v -0.085647 0.113171 0.079102
v -0.053483 0.125606 0.070009
v -0.055659 0.116172 0.079429
v -0.090529 0.057891 0.068844
v -0.081508 0.054918 0.078449
v -0.064540 0.072493 0.069269
v -0.179576 -0.026496 -0.093311
v -0.134473 0.002152 -0.079782
v -0.135941 -0.010346 -0.092695
v -0.084167 -0.021379 -0.092326
v -0.075161 -0.012631 -0.079382
v -0.167010 -0.091295 -0.094888
v -0.166095 -0.077820 -0.081038
v -0.200251 -0.104243 -0.095365
v -0.211985 -0.097156 -0.081713
v -0.181252 -0.028554 0.079688
v -0.135903 0.000397 0.067720
v -0.137616 -0.012406 0.080304
v -0.085844 -0.023436 0.080674
v -0.076590 -0.014387 0.068120
v -0.168703 -0.093377 0.079967
v -0.167524 -0.079576 0.066462
v -0.201946 -0.106324 0.079491
v -0.213413 -0.098910 0.065788
v -0.201710 -0.165519 -0.082428
v -0.207916 -0.177475 -0.096310
v -0.166575 -0.178550 -0.095922
v -0.173422 -0.166793 -0.082168
v -0.091557 -0.073496 -0.080265
v -0.083012 -0.082918 -0.093047
v -0.106013 -0.090456 -0.093359
v -0.104529 -0.077961 -0.080444
v -0.203139 -0.167274 0.065073
v -0.209610 -0.179557 0.078545
v -0.168270 -0.180629 0.078933
v -0.174849 -0.168550 0.065332
v -0.092986 -0.075250 0.067236
v -0.084689 -0.084977 0.079953
v -0.107690 -0.092516 0.079640
v -0.105958 -0.079716 0.067057
v -0.155791 0.102335 -0.087561
v -0.152724 0.110407 -0.078670
v -0.177173 0.114195 -0.078862
v -0.175277 0.105725 -0.087709
v -0.157390 0.100370 0.077466
v -0.154153 0.108652 0.068831
v -0.178601 0.112440 0.068639
v -0.176877 0.103762 0.077317
v 0.479038 0.038951 -0.075015
v 0.239406 0.030489 -0.077438
v 0.477579 0.037157 0.075717
v 0.237945 0.028696 0.073295
v 0.190439 0.080196 -0.077321
v 0.188979 0.078403 0.073411
v 0.022096 0.074244 -0.079023
v 0.020636 0.072451 0.071710
v -0.034533 0.046736 -0.078282
v -0.053308 0.024649 -0.088280
v -0.051788 0.033950 -0.078602
v -0.069429 0.041366 -0.078684
v -0.077733 0.036925 -0.088371
v -0.035960 0.044983 0.069219
v -0.054922 0.022667 0.078322
v -0.053218 0.032195 0.068900
v -0.070858 0.039610 0.068817
v -0.079347 0.034943 0.078233
v -0.086954 0.124164 -0.077869
v -0.084218 0.114926 -0.068399
v -0.052053 0.127361 -0.077493
v -0.054231 0.117927 -0.068073
v -0.089101 0.059646 -0.078658
v -0.080079 0.056672 -0.069052
v -0.063111 0.074247 -0.078233
v -0.088381 0.122408 0.069633
v -0.085463 0.113398 0.060000
v -0.053483 0.125606 0.070009
v -0.055474 0.116398 0.060327
v -0.090529 0.057891 0.068844
v -0.081323 0.055145 0.059347
v -0.064540 0.072493 0.069269
v -0.179823 -0.026800 -0.067812
v -0.134473 0.002152 -0.079782
v -0.136188 -0.010650 -0.067197
v -0.084414 -0.021683 -0.066827
v -0.075161 -0.012631 -0.079382
v -0.167275 -0.091621 -0.067534
v -0.166095 -0.077820 -0.081038
v -0.200517 -0.104568 -0.068010
v -0.211985 -0.097156 -0.081713
v -0.181004 -0.028251 0.054190
v -0.135903 0.000397 0.067720
v -0.137369 -0.012103 0.054806
v -0.085597 -0.023134 0.055175
v -0.076590 -0.014387 0.068120
v -0.168439 -0.093051 0.052613
v -0.167524 -0.079576 0.066462
v -0.201681 -0.105997 0.052137
v -0.213413 -0.098910 0.065788
v -0.201710 -0.165519 -0.082428
v -0.208181 -0.177801 -0.068957
v -0.166840 -0.178874 -0.068568
v -0.173422 -0.166793 -0.082168
v -0.091557 -0.073496 -0.080265
v -0.083259 -0.083222 -0.067548
v -0.106260 -0.090759 -0.067860
v -0.104529 -0.077961 -0.080444
v -0.203139 -0.167274 0.065073
v -0.209345 -0.179231 0.051192
v -0.168004 -0.180304 0.051578
v -0.174849 -0.168550 0.065332
v -0.092986 -0.075250 0.067236
v -0.084441 -0.084673 0.054455
v -0.107443 -0.092212 0.054141
v -0.105958 -0.079716 0.067057
v -0.155961 0.102126 -0.070036
v -0.152724 0.110407 -0.078670
v -0.177173 0.114195 -0.078862
v -0.175448 0.105517 -0.070184
v -0.157220 0.100578 0.059941
v -0.154153 0.108652 0.068831
v -0.178601 0.112440 0.068639
v -0.176707 0.103970 0.059794
v -0.034533 0.046736 -0.078282
v -0.053495 0.024423 -0.069178
v -0.051788 0.033950 -0.078602
v -0.069429 0.041366 -0.078684
v -0.077917 0.036698 -0.069269
v -0.035960 0.044983 0.069219
v -0.054737 0.022895 0.059220
v -0.053218 0.032195 0.068900
v -0.070858 0.039610 0.068817
v -0.079163 0.035170 0.059130
v -0.225496 -0.059790 0.077948
v -0.213406 -0.016721 0.066766
v -0.236511 -0.055703 0.066078
v -0.203283 -0.022746 0.078603
v -0.175589 0.020190 0.067572
v -0.167101 0.011959 0.079365
v -0.150398 0.049567 0.068164
v -0.140626 0.042969 0.079992
v -0.113969 0.092546 0.078582
v -0.122186 0.097371 0.069007
v -0.088381 0.122408 0.069633
v -0.085647 0.113171 0.079102
v -0.053483 0.125606 0.070009
v -0.055659 0.116172 0.079429
v -0.016933 0.102000 0.070081
v -0.024338 0.095741 0.079488
v -0.007158 0.061788 0.069698
v -0.016802 0.061671 0.079156
v -0.021785 0.032175 0.069205
v -0.028966 0.038464 0.078762
v -0.056442 0.013367 0.068645
v -0.054922 0.022667 0.078322
v -0.079347 0.034943 0.078233
v -0.152745 0.078206 0.068483
v -0.144766 0.081528 0.077364
v -0.160457 0.092299 0.068576
v -0.157390 0.100370 0.077466
v -0.176877 0.103762 0.077317
v -0.174981 0.095291 0.068470
v -0.185062 0.088882 0.068296
v -0.193219 0.092187 0.077021
v -0.191660 0.066500 0.067967
v 0.440639 0.088392 0.075717
v 0.427840 0.063029 0.086003
v 0.454585 0.078455 0.086445
v 0.424727 0.079986 0.075463
v 0.450080 0.107872 0.076040
v 0.391011 0.086053 0.075209
v 0.464488 0.108140 0.085247
v 0.379213 0.074433 0.085209
v 0.446137 0.124530 0.076200
v 0.335299 0.109299 0.074946
v 0.455381 0.133367 0.084466
v 0.328124 0.099279 0.082388
v 0.431459 0.143332 0.084353
v 0.273643 0.120198 0.074478
v 0.428857 0.130800 0.076108
v 0.273499 0.109403 0.081046
v 0.402924 0.136310 0.082599
v 0.232265 0.100601 0.078745
v 0.227162 0.106572 0.073865
v 0.206747 0.082566 0.073383
v 0.409061 0.127602 0.075878
v 0.395217 0.117848 0.081604
v 0.404614 0.115877 0.075695
v 0.407660 0.096588 0.075496
v -0.255531 -0.102072 0.065343
v -0.225737 -0.059355 0.079820
v -0.235847 -0.050126 0.066151
v -0.187711 -0.017484 0.067006
v -0.242067 -0.103732 0.079133
v -0.181252 -0.028554 0.079688
v -0.237064 -0.149959 0.078632
v -0.135903 0.000397 0.067720
v -0.248695 -0.156775 0.064758
v -0.137616 -0.012406 0.080304
v -0.209610 -0.179557 0.078545
v -0.085844 -0.023436 0.080674
v -0.215818 -0.191512 0.064663
v -0.161422 -0.192385 0.065180
v -0.061715 -0.053057 0.067803
v -0.168270 -0.180629 0.078933
v -0.074558 -0.054089 0.080418
v -0.144005 -0.155143 0.079472
v -0.130838 -0.159127 0.065871
v -0.140520 -0.120122 0.079923
v -0.109173 -0.105012 0.066726
v -0.128165 -0.113821 0.066436
v -0.107690 -0.092516 0.079640
v -0.168703 -0.093377 0.079967
v -0.139992 -0.078516 0.066742
v -0.129836 -0.074442 0.077982
v -0.167524 -0.079576 0.066462
v 0.185622 0.069411 0.073272
v 0.015297 0.063388 0.071550
v 0.019952 0.054682 0.071491
v 0.020636 0.072451 0.071710
v 0.188979 0.078403 0.073411
v 0.182268 0.060420 0.073133
v 0.237945 0.028696 0.073295
v 0.234590 0.019705 0.073156
v 0.231234 0.010713 0.073015
v 0.470865 0.019175 0.075439
v 0.480406 0.028388 0.075641
v 0.477579 0.037157 0.075717
v 0.320361 0.167210 0.075741
v 0.356089 0.162531 0.076031
v 0.355348 0.183160 0.076270
v 0.539234 0.189735 0.078130
v 0.539975 0.169108 0.077892
v 0.544331 0.179590 0.078058
v 0.321102 0.146583 0.075503
v -0.272948 0.145992 0.069741
v -0.276260 0.125219 0.069462
v -0.279331 0.135436 0.069553
v -0.242067 -0.103732 0.079133
v -0.215363 -0.068259 0.066134
v -0.225737 -0.059355 0.079820
v -0.181252 -0.028554 0.079688
v -0.228337 -0.105066 0.065571
v -0.174544 -0.039322 0.066873
v -0.225168 -0.142818 0.065151
v -0.137616 -0.012406 0.080304
v -0.237064 -0.149959 0.078632
v -0.139084 -0.024903 0.067388
v -0.203139 -0.167274 0.065073
v -0.094850 -0.032183 0.067730
v -0.209610 -0.179557 0.078545
v -0.168270 -0.180629 0.078933
v -0.074558 -0.054089 0.080418
v -0.174849 -0.168550 0.065332
v -0.087154 -0.054817 0.067536
v -0.156907 -0.150832 0.065718
v -0.144005 -0.155143 0.079472
v -0.152610 -0.126098 0.066054
v -0.107690 -0.092516 0.079640
v -0.140520 -0.120122 0.079923
v -0.105958 -0.079716 0.067057
v -0.169619 -0.106851 0.066118
v -0.119465 -0.070105 0.067042
v -0.129836 -0.074442 0.077982
v -0.168703 -0.093377 0.079967
v -0.190215 -0.113411 0.065841
v -0.201946 -0.106324 0.079491
v -0.208835 -0.140524 0.065337
v 0.385935 0.119965 0.075564
v 0.402924 0.136310 0.082599
v 0.396915 0.145176 0.075970
v 0.395217 0.117848 0.081604
v 0.407660 0.096588 0.075496
v 0.431459 0.143332 0.084353
v 0.434218 0.156059 0.076460
v 0.455381 0.133367 0.084466
v 0.464781 0.142396 0.076594
v 0.479074 0.108625 0.076331
v 0.464488 0.108140 0.085247
v 0.454585 0.078455 0.086445
v 0.468738 0.068773 0.075756
v 0.431160 0.046328 0.075125
v 0.427840 0.063029 0.086003
v 0.379213 0.074433 0.085209
v 0.367616 0.063056 0.074709
v 0.328124 0.099279 0.082388
v 0.321098 0.089441 0.074572
v 0.273499 0.109403 0.081046
v 0.273487 0.098766 0.074221
v 0.237461 0.094749 0.073824
v 0.232265 0.100601 0.078745
v 0.206747 0.082566 0.073383
v -0.144766 0.081528 0.077364
v -0.136616 0.085057 0.068721
v -0.157390 0.100370 0.077466
v -0.154153 0.108652 0.068831
v -0.178601 0.112440 0.068639
v -0.176877 0.103762 0.077317
v -0.193219 0.092187 0.077021
v -0.201208 0.095698 0.068221
v -0.214251 -0.063597 0.066200
v -0.203283 -0.022746 0.078603
v -0.225496 -0.059790 0.077948
v -0.192928 -0.028490 0.066824
v -0.167101 0.011959 0.079365
v -0.158386 0.004008 0.067544
v -0.140626 0.042969 0.079992
v -0.130624 0.036651 0.068203
v -0.105567 0.087951 0.069055
v -0.113969 0.092546 0.078582
v -0.085647 0.113171 0.079102
v -0.082728 0.104159 0.069470
v -0.055659 0.116172 0.079429
v -0.057650 0.106963 0.069747
v -0.024338 0.095741 0.079488
v -0.031557 0.089710 0.069793
v -0.016802 0.061671 0.079156
v -0.026262 0.061783 0.069511
v -0.028966 0.038464 0.078762
v -0.035960 0.044983 0.069219
v -0.054922 0.022667 0.078322
v -0.053218 0.032195 0.068900
v -0.070858 0.039610 0.068817
v -0.081508 0.054918 0.078449
v -0.072302 0.052170 0.068953
v -0.064540 0.072493 0.069269
v -0.224066 -0.058036 -0.069553
v -0.211977 -0.014965 -0.080736
v -0.235082 -0.053948 -0.081424
v -0.201853 -0.020991 -0.068898
v -0.174161 0.021946 -0.079931
v -0.165672 0.013714 -0.068136
v -0.148970 0.051321 -0.079336
v -0.139197 0.044724 -0.067509
v -0.112539 0.094302 -0.068920
v -0.120758 0.099126 -0.078495
v -0.086954 0.124164 -0.077869
v -0.084218 0.114926 -0.068399
v -0.052053 0.127361 -0.077493
v -0.054231 0.117927 -0.068073
v -0.015505 0.103754 -0.077419
v -0.022909 0.097496 -0.068012
v -0.005728 0.063543 -0.077803
v -0.015373 0.063427 -0.068345
v -0.020357 0.033930 -0.078297
v -0.027537 0.040219 -0.068740
v -0.055013 0.015121 -0.078858
v -0.053495 0.024423 -0.069178
v -0.077917 0.036698 -0.069269
v -0.151316 0.079961 -0.079019
v -0.143337 0.083283 -0.070139
v -0.159028 0.094056 -0.078926
v -0.155961 0.102126 -0.070036
v -0.175448 0.105517 -0.070184
v -0.173552 0.097047 -0.079031
v -0.183633 0.090638 -0.079205
v -0.191791 0.093941 -0.070481
v -0.190230 0.068256 -0.079535
v 0.404379 0.138098 -0.067631
v 0.396673 0.119635 -0.068626
v 0.410516 0.129390 -0.074353
v 0.406070 0.117664 -0.074535
v 0.409115 0.098375 -0.074735
v 0.430312 0.132587 -0.074123
v 0.432914 0.145120 -0.065877
v 0.447593 0.126318 -0.074030
v 0.456836 0.135155 -0.065765
v 0.465942 0.109928 -0.064982
v 0.451535 0.109660 -0.074189
v 0.456041 0.080243 -0.063785
v 0.442095 0.090179 -0.074513
v 0.429296 0.064817 -0.064229
v 0.426183 0.081774 -0.074767
v 0.392466 0.087841 -0.075022
v 0.380670 0.076220 -0.065020
v 0.336754 0.111086 -0.075286
v 0.329580 0.101067 -0.067842
v 0.275099 0.121986 -0.075752
v 0.274955 0.111191 -0.069184
v 0.233720 0.102389 -0.071487
v 0.228618 0.108360 -0.076364
v 0.208202 0.084354 -0.076848
v -0.240637 -0.101977 -0.068368
v -0.224308 -0.057600 -0.067682
v -0.254100 -0.100316 -0.082159
v -0.235636 -0.148204 -0.068869
v -0.234417 -0.048371 -0.081350
v -0.247266 -0.155020 -0.082744
v -0.186284 -0.015728 -0.080496
v -0.208181 -0.177801 -0.068957
v -0.179823 -0.026800 -0.067812
v -0.214388 -0.189757 -0.082839
v -0.134473 0.002152 -0.079782
v -0.159993 -0.190630 -0.082322
v -0.136188 -0.010650 -0.067197
v -0.166840 -0.178874 -0.068568
v -0.084414 -0.021683 -0.066827
v -0.142575 -0.153387 -0.068029
v -0.129409 -0.157372 -0.081630
v -0.060286 -0.051302 -0.079698
v -0.139090 -0.118367 -0.067579
v -0.073129 -0.052334 -0.067081
v -0.126736 -0.112066 -0.081064
v -0.167275 -0.091621 -0.067534
v -0.166095 -0.077820 -0.081038
v -0.107745 -0.103256 -0.080776
v -0.106260 -0.090759 -0.067860
v -0.138563 -0.076760 -0.080759
v -0.128408 -0.072686 -0.069519
v -0.226909 -0.103311 -0.081931
v -0.213933 -0.066504 -0.081367
v -0.240637 -0.101977 -0.068368
v -0.223739 -0.141063 -0.082350
v -0.224308 -0.057600 -0.067682
v -0.235636 -0.148204 -0.068869
v -0.179823 -0.026800 -0.067812
v -0.201710 -0.165519 -0.082428
v -0.173117 -0.037567 -0.080627
v -0.208181 -0.177801 -0.068957
v -0.136188 -0.010650 -0.067197
v -0.166840 -0.178874 -0.068568
v -0.137654 -0.023149 -0.080113
v -0.173422 -0.166793 -0.082168
v -0.093421 -0.030429 -0.079771
v -0.155479 -0.149078 -0.081784
v -0.142575 -0.153387 -0.068029
v -0.073129 -0.052334 -0.067081
v -0.151181 -0.124344 -0.081448
v -0.085725 -0.053061 -0.079965
v -0.139090 -0.118367 -0.067579
v -0.168190 -0.105096 -0.081384
v -0.167275 -0.091621 -0.067534
v -0.106260 -0.090759 -0.067860
v -0.188786 -0.111655 -0.081660
v -0.200517 -0.104568 -0.068010
v -0.207406 -0.138768 -0.082165
v -0.104529 -0.077961 -0.080444
v -0.118037 -0.068350 -0.080460
v -0.128408 -0.072686 -0.069519
v 0.432616 0.048116 -0.075105
v 0.456041 0.080243 -0.063785
v 0.429296 0.064817 -0.064229
v 0.380670 0.076220 -0.065020
v 0.470193 0.070561 -0.074474
v 0.369071 0.064843 -0.075522
v 0.480530 0.110413 -0.073901
v 0.329580 0.101067 -0.067842
v 0.465942 0.109928 -0.064982
v 0.322554 0.091228 -0.075659
v 0.456836 0.135155 -0.065765
v 0.274955 0.111191 -0.069184
v 0.466235 0.144183 -0.073636
v 0.274942 0.100554 -0.076010
v 0.435673 0.157847 -0.073769
v 0.238916 0.096536 -0.076405
v 0.233720 0.102389 -0.071487
v 0.208202 0.084354 -0.076848
v 0.432914 0.145120 -0.065877
v 0.398370 0.146964 -0.074262
v 0.404379 0.138098 -0.067631
v 0.387390 0.121752 -0.074667
v 0.396673 0.119635 -0.068626
v 0.409115 0.098375 -0.074735
v -0.135187 0.086813 -0.078781
v -0.143337 0.083283 -0.070139
v -0.155961 0.102126 -0.070036
v -0.152724 0.110407 -0.078670
v -0.177173 0.114195 -0.078862
v -0.175448 0.105517 -0.070184
v -0.191791 0.093941 -0.070481
v -0.199779 0.097455 -0.079280
v -0.201853 -0.020991 -0.068898
v -0.224066 -0.058036 -0.069553
v -0.212822 -0.061842 -0.081302
v -0.191499 -0.026734 -0.080676
v -0.165672 0.013714 -0.068136
v -0.156957 0.005764 -0.079956
v -0.139197 0.044724 -0.067509
v -0.129194 0.038407 -0.079298
v -0.104137 0.089706 -0.078445
v -0.112539 0.094302 -0.068920
v -0.084218 0.114926 -0.068399
v -0.081299 0.105915 -0.078031
v -0.054231 0.117927 -0.068073
v -0.056221 0.108719 -0.077755
v -0.022909 0.097496 -0.068012
v -0.030128 0.091465 -0.077708
v -0.015373 0.063427 -0.068345
v -0.024832 0.063538 -0.077989
v -0.027537 0.040219 -0.068740
v -0.034533 0.046736 -0.078282
v -0.053495 0.024423 -0.069178
v -0.051788 0.033950 -0.078602
v -0.069429 0.041366 -0.078684
v -0.080079 0.056672 -0.069052
v -0.070874 0.053926 -0.078550
v -0.063111 0.074247 -0.078233
v -0.272948 0.145992 0.069741
v -0.271489 0.147786 -0.080991
v -0.277870 0.137230 -0.081179
v -0.279331 0.135436 0.069553
v -0.274799 0.127013 -0.081272
v -0.276260 0.125219 0.069462
v -0.077733 0.036925 -0.088371
v -0.086221 0.032258 -0.078955
v -0.089101 0.059646 -0.078658
v -0.079895 0.056900 -0.088154
v -0.079347 0.034943 0.078233
v -0.087649 0.030503 0.068546
v -0.090529 0.057891 0.068844
v -0.081508 0.054918 0.078449
v -0.139383 0.048535 -0.088040
v -0.151316 0.079961 -0.079019
v -0.143166 0.083492 -0.087662
v -0.148230 0.048585 -0.079361
v -0.159028 0.094056 -0.078926
v -0.155791 0.102335 -0.087561
v -0.140982 0.046572 0.076984
v -0.152745 0.078206 0.068483
v -0.149659 0.046829 0.068140
v -0.144766 0.081528 0.077364
v -0.160457 0.092299 0.068576
v -0.157390 0.100370 0.077466
v -0.254100 -0.100316 -0.082159
v -0.240373 -0.101652 -0.095723
v -0.235370 -0.147878 -0.096224
v -0.247266 -0.155020 -0.082744
v -0.200251 -0.104243 -0.095365
v -0.211985 -0.097156 -0.081713
v -0.207406 -0.138768 -0.082165
v -0.138563 -0.076760 -0.080759
v -0.128192 -0.072423 -0.091701
v -0.123303 -0.043146 -0.080211
v -0.255531 -0.102072 0.065343
v -0.242067 -0.103732 0.079133
v -0.237064 -0.149959 0.078632
v -0.248695 -0.156775 0.064758
v -0.139992 -0.078516 0.066742
v -0.129836 -0.074442 0.077982
v -0.124732 -0.044902 0.067289
v -0.201946 -0.106324 0.079491
v -0.213413 -0.098910 0.065788
v -0.208835 -0.140524 0.065337
v -0.093421 -0.030429 -0.079771
v -0.084167 -0.021379 -0.092326
v -0.142311 -0.153061 -0.095385
v -0.072882 -0.052031 -0.092580
v -0.151181 -0.124344 -0.081448
v -0.085725 -0.053061 -0.079965
v -0.138825 -0.118042 -0.094934
v -0.091557 -0.073496 -0.080265
v -0.083012 -0.082918 -0.093047
v -0.094850 -0.032183 0.067730
v -0.085844 -0.023436 0.080674
v -0.074558 -0.054089 0.080418
v -0.087154 -0.054817 0.067536
v -0.092986 -0.075250 0.067236
v -0.144005 -0.155143 0.079472
v -0.084689 -0.084977 0.079953
v -0.152610 -0.126098 0.066054
v -0.140520 -0.120122 0.079923
v -0.191621 0.094150 -0.088005
v -0.199779 0.097455 -0.079280
v -0.190230 0.068256 -0.079535
v -0.193219 0.092187 0.077021
v -0.201208 0.095698 0.068221
v -0.191660 0.066500 0.067967
v -0.022725 0.097724 -0.087114
v -0.030128 0.091465 -0.077708
v -0.015188 0.063654 -0.087448
v -0.024832 0.063538 -0.077989
v -0.024338 0.095741 0.079488
v -0.031557 0.089710 0.069793
v -0.016802 0.061671 0.079156
v -0.026262 0.061783 0.069511
v 0.021411 0.056477 -0.079241
v 0.015297 0.063388 0.071550
v 0.016757 0.065181 -0.079183
v 0.019952 0.054682 0.071491
v 0.020636 0.072451 0.071710
v 0.022096 0.074244 -0.079023
v -0.077917 0.036698 -0.069269
v -0.086221 0.032258 -0.078955
v -0.089101 0.059646 -0.078658
v -0.080079 0.056672 -0.069052
v -0.079163 0.035170 0.059130
v -0.087649 0.030503 0.068546
v -0.090529 0.057891 0.068844
v -0.081323 0.055145 0.059347
v 0.232695 0.012507 -0.077718
v 0.231234 0.010713 0.073015
v 0.183728 0.062214 -0.077600
v 0.182268 0.060420 0.073133
v -0.139553 0.048326 -0.070517
v -0.151316 0.079961 -0.079019
v -0.148230 0.048585 -0.079361
v -0.143337 0.083283 -0.070139
v -0.159028 0.094056 -0.078926
v -0.155961 0.102126 -0.070036
v -0.140813 0.046780 0.059461
v -0.152745 0.078206 0.068483
v -0.144596 0.081736 0.059840
v -0.149659 0.046829 0.068140
v -0.160457 0.092299 0.068576
v -0.157220 0.100578 0.059941
v -0.240637 -0.101977 -0.068368
v -0.254100 -0.100316 -0.082159
v -0.235636 -0.148204 -0.068869
v -0.247266 -0.155020 -0.082744
v -0.200517 -0.104568 -0.068010
v -0.211985 -0.097156 -0.081713
v -0.207406 -0.138768 -0.082165
v -0.138563 -0.076760 -0.080759
v -0.128408 -0.072686 -0.069519
v -0.123303 -0.043146 -0.080211
v -0.255531 -0.102072 0.065343
v -0.241802 -0.103407 0.051779
v -0.236799 -0.149634 0.051278
v -0.248695 -0.156775 0.064758
v -0.139992 -0.078516 0.066742
v -0.129622 -0.074178 0.055801
v -0.124732 -0.044902 0.067289
v -0.201681 -0.105997 0.052137
v -0.213413 -0.098910 0.065788
v -0.208835 -0.140524 0.065337
v -0.093421 -0.030429 -0.079771
v -0.084414 -0.021683 -0.066827
v -0.142575 -0.153387 -0.068029
v -0.073129 -0.052334 -0.067081
v -0.151181 -0.124344 -0.081448
v -0.085725 -0.053061 -0.079965
v -0.139090 -0.118367 -0.067579
v -0.091557 -0.073496 -0.080265
v -0.083259 -0.083222 -0.067548
v -0.094850 -0.032183 0.067730
v -0.085597 -0.023134 0.055175
v -0.074311 -0.053785 0.054920
v -0.087154 -0.054817 0.067536
v -0.092986 -0.075250 0.067236
v -0.143740 -0.154817 0.052118
v -0.084441 -0.084673 0.054455
v -0.152610 -0.126098 0.066054
v -0.140255 -0.119797 0.052568
v -0.191791 0.093941 -0.070481
v -0.199779 0.097455 -0.079280
v -0.190230 0.068256 -0.079535
v -0.193050 0.092395 0.059498
v -0.201208 0.095698 0.068221
v -0.191660 0.066500 0.067967
v -0.022909 0.097496 -0.068012
v -0.030128 0.091465 -0.077708
v -0.015373 0.063427 -0.068345
v -0.024832 0.063538 -0.077989
v -0.024153 0.095968 0.060387
v -0.031557 0.089710 0.069793
v -0.016616 0.061898 0.060054
v -0.026262 0.061783 0.069511
v 0.470865 0.019175 0.075439
v 0.472325 0.020968 -0.075294
v 0.481867 0.030181 -0.075093
v 0.480406 0.028388 0.075641
v -0.027351 0.040447 -0.087841
v -0.055013 0.015121 -0.078858
v -0.053308 0.024649 -0.088280
v -0.077733 0.036925 -0.088371
v -0.086221 0.032258 -0.078955
v -0.028966 0.038464 0.078762
v -0.056442 0.013367 0.068645
v -0.054922 0.022667 0.078322
v -0.079347 0.034943 0.078233
v -0.087649 0.030503 0.068546
v -0.159028 0.094056 -0.078926
v -0.175277 0.105725 -0.087709
v -0.173552 0.097047 -0.079031
v -0.160457 0.092299 0.068576
v -0.176877 0.103762 0.077317
v -0.174981 0.095291 0.068470
v -0.207916 -0.177475 -0.096310
v -0.214388 -0.189757 -0.082839
v -0.159993 -0.190630 -0.082322
v -0.166575 -0.178550 -0.095922
v -0.083012 -0.082918 -0.093047
v -0.074714 -0.092644 -0.080330
v -0.107745 -0.103256 -0.080776
v -0.106013 -0.090456 -0.093359
v -0.209610 -0.179557 0.078545
v -0.215818 -0.191512 0.064663
v -0.161422 -0.192385 0.065180
v -0.168270 -0.180629 0.078933
v -0.084689 -0.084977 0.079953
v -0.076143 -0.094399 0.067172
v -0.109173 -0.105012 0.066726
v -0.107690 -0.092516 0.079640
v -0.173117 -0.037567 -0.080627
v -0.135941 -0.010346 -0.092695
v -0.137654 -0.023149 -0.080113
v -0.093421 -0.030429 -0.079771
v -0.084167 -0.021379 -0.092326
v -0.168190 -0.105096 -0.081384
v -0.167010 -0.091295 -0.094888
v -0.188786 -0.111655 -0.081660
v -0.200251 -0.104243 -0.095365
v -0.174544 -0.039322 0.066873
v -0.137616 -0.012406 0.080304
v -0.139084 -0.024903 0.067388
v -0.094850 -0.032183 0.067730
v -0.085844 -0.023436 0.080674
v -0.169619 -0.106851 0.066118
v -0.168703 -0.093377 0.079967
v -0.190215 -0.113411 0.065841
v -0.201946 -0.106324 0.079491
v -0.084032 0.115153 -0.087501
v -0.081299 0.105915 -0.078031
v -0.054046 0.118154 -0.087175
v -0.056221 0.108719 -0.077755
v -0.085647 0.113171 0.079102
v -0.082728 0.104159 0.069470
v -0.055659 0.116172 0.079429
v -0.057650 0.106963 0.069747
v -0.027537 0.040219 -0.068740
v -0.055013 0.015121 -0.078858
v -0.053495 0.024423 -0.069178
v -0.077917 0.036698 -0.069269
v -0.086221 0.032258 -0.078955
v -0.028779 0.038692 0.059660
v -0.056442 0.013367 0.068645
v -0.054737 0.022895 0.059220
v -0.079163 0.035170 0.059130
v -0.087649 0.030503 0.068546
v 0.470865 0.019175 0.075439
v 0.232695 0.012507 -0.077718
v 0.472325 0.020968 -0.075294
v 0.231234 0.010713 0.073015
v 0.183728 0.062214 -0.077600
v 0.182268 0.060420 0.073133
v 0.021411 0.056477 -0.079241
v 0.019952 0.054682 0.071491
v -0.159028 0.094056 -0.078926
v -0.175448 0.105517 -0.070184
v -0.173552 0.097047 -0.079031
v -0.160457 0.092299 0.068576
v -0.176707 0.103970 0.059794
v -0.174981 0.095291 0.068470
v -0.208181 -0.177801 -0.068957
v -0.214388 -0.189757 -0.082839
v -0.159993 -0.190630 -0.082322
v -0.166840 -0.178874 -0.068568
v -0.083259 -0.083222 -0.067548
v -0.074714 -0.092644 -0.080330
v -0.107745 -0.103256 -0.080776
v -0.106260 -0.090759 -0.067860
v -0.209345 -0.179231 0.051192
v -0.215818 -0.191512 0.064663
v -0.161422 -0.192385 0.065180
v -0.168004 -0.180304 0.051578
v -0.084441 -0.084673 0.054455
v -0.076143 -0.094399 0.067172
v -0.109173 -0.105012 0.066726
v -0.107443 -0.092212 0.054141
v -0.173117 -0.037567 -0.080627
v -0.136188 -0.010650 -0.067197
v -0.137654 -0.023149 -0.080113
v -0.093421 -0.030429 -0.079771
v -0.084414 -0.021683 -0.066827
v -0.168190 -0.105096 -0.081384
v -0.167275 -0.091621 -0.067534
v -0.188786 -0.111655 -0.081660
v -0.200517 -0.104568 -0.068010
v -0.174544 -0.039322 0.066873
v -0.137369 -0.012103 0.054806
v -0.139084 -0.024903 0.067388
v -0.094850 -0.032183 0.067730
v -0.085597 -0.023134 0.055175
v -0.169619 -0.106851 0.066118
v -0.168439 -0.093051 0.052613
v -0.190215 -0.113411 0.065841
v -0.201681 -0.105997 0.052137
v -0.084218 0.114926 -0.068399
v -0.081299 0.105915 -0.078031
v -0.054231 0.117927 -0.068073
v -0.056221 0.108719 -0.077755
v -0.085463 0.113398 0.060000
v -0.082728 0.104159 0.069470
v -0.055474 0.116398 0.060327
v -0.057650 0.106963 0.069747
v 0.321102 0.146583 0.075503
v -0.276260 0.125219 0.069462
v 0.322561 0.148377 -0.075231
v -0.274799 0.127013 -0.081272
v 0.357548 0.164324 -0.074701
v 0.356089 0.162531 0.076031
v 0.541434 0.170901 -0.072840
v 0.539975 0.169108 0.077892
v -0.223838 -0.057754 -0.093170
v -0.211977 -0.014965 -0.080736
v -0.201625 -0.020710 -0.092513
v -0.235082 -0.053948 -0.081424
v -0.174161 0.021946 -0.079931
v -0.165443 0.013994 -0.091752
v -0.148970 0.051321 -0.079336
v -0.138968 0.045005 -0.091126
v -0.112355 0.094530 -0.088021
v -0.120758 0.099126 -0.078495
v -0.086954 0.124164 -0.077869
v -0.084032 0.115153 -0.087501
v -0.052053 0.127361 -0.077493
v -0.054046 0.118154 -0.087175
v -0.015505 0.103754 -0.077419
v -0.022725 0.097724 -0.087114
v -0.005728 0.063543 -0.077803
v -0.015188 0.063654 -0.087448
v -0.020357 0.033930 -0.078297
v -0.027351 0.040447 -0.087841
v -0.055013 0.015121 -0.078858
v -0.053308 0.024649 -0.088280
v -0.077733 0.036925 -0.088371
v -0.151316 0.079961 -0.079019
v -0.143166 0.083492 -0.087662
v -0.159028 0.094056 -0.078926
v -0.155791 0.102335 -0.087561
v -0.175277 0.105725 -0.087709
v -0.173552 0.097047 -0.079031
v -0.183633 0.090638 -0.079205
v -0.191621 0.094150 -0.088005
v -0.190230 0.068256 -0.079535
v 0.442095 0.090179 -0.074513
v 0.429503 0.065072 -0.085644
v 0.426183 0.081774 -0.074767
v 0.392466 0.087841 -0.075022
v 0.456248 0.080496 -0.085202
v 0.380868 0.076465 -0.085524
v 0.451535 0.109660 -0.074189
v 0.336754 0.111086 -0.075286
v 0.466118 0.110144 -0.083108
v 0.329728 0.101248 -0.083100
v 0.447593 0.126318 -0.074030
v 0.275099 0.121986 -0.075752
v 0.456993 0.135347 -0.081902
v 0.275085 0.111350 -0.082578
v 0.433071 0.145312 -0.082015
v 0.233814 0.102506 -0.081285
v 0.228618 0.108360 -0.076364
v 0.208202 0.084354 -0.076848
v 0.430312 0.132587 -0.074123
v 0.404507 0.138255 -0.080982
v 0.410516 0.129390 -0.074353
v 0.396788 0.119780 -0.080576
v 0.406070 0.117664 -0.074535
v 0.409115 0.098375 -0.074735
v -0.254100 -0.100316 -0.082159
v -0.224042 -0.057276 -0.095036
v -0.240373 -0.101652 -0.095723
v -0.235370 -0.147878 -0.096224
v -0.234417 -0.048371 -0.081350
v -0.247266 -0.155020 -0.082744
v -0.186284 -0.015728 -0.080496
v -0.207916 -0.177475 -0.096310
v -0.179576 -0.026496 -0.093311
v -0.214388 -0.189757 -0.082839
v -0.134473 0.002152 -0.079782
v -0.159993 -0.190630 -0.082322
v -0.135941 -0.010346 -0.092695
v -0.166575 -0.178550 -0.095922
v -0.084167 -0.021379 -0.092326
v -0.142311 -0.153061 -0.095385
v -0.129409 -0.157372 -0.081630
v -0.060286 -0.051302 -0.079698
v -0.138825 -0.118042 -0.094934
v -0.072882 -0.052031 -0.092580
v -0.126736 -0.112066 -0.081064
v -0.167010 -0.091295 -0.094888
v -0.166095 -0.077820 -0.081038
v -0.107745 -0.103256 -0.080776
v -0.106013 -0.090456 -0.093359
v -0.138563 -0.076760 -0.080759
v -0.128192 -0.072423 -0.091701
v 0.187084 0.071204 -0.077461
v 0.021411 0.056477 -0.079241
v 0.016757 0.065181 -0.079183
v 0.022096 0.074244 -0.079023
v 0.190439 0.080196 -0.077321
v 0.183728 0.062214 -0.077600
v 0.239406 0.030489 -0.077438
v 0.236050 0.021498 -0.077577
v 0.232695 0.012507 -0.077718
v 0.472325 0.020968 -0.075294
v 0.481867 0.030181 -0.075093
v 0.479038 0.038951 -0.075015
v 0.357548 0.164324 -0.074701
v 0.356808 0.184954 -0.074463
v 0.541434 0.170901 -0.072840
v 0.540694 0.191530 -0.072603
v 0.545791 0.181384 -0.072674
v 0.321821 0.169005 -0.074991
v 0.322561 0.148377 -0.075231
v -0.271489 0.147786 -0.080991
v -0.274799 0.127013 -0.081272
v -0.277870 0.137230 -0.081179
v -0.240373 -0.101652 -0.095723
v -0.213933 -0.066504 -0.081367
v -0.226909 -0.103311 -0.081931
v -0.223739 -0.141063 -0.082350
v -0.224042 -0.057276 -0.095036
v -0.235370 -0.147878 -0.096224
v -0.179576 -0.026496 -0.093311
v -0.201710 -0.165519 -0.082428
v -0.173117 -0.037567 -0.080627
v -0.207916 -0.177475 -0.096310
v -0.135941 -0.010346 -0.092695
v -0.166575 -0.178550 -0.095922
v -0.137654 -0.023149 -0.080113
v -0.173422 -0.166793 -0.082168
v -0.093421 -0.030429 -0.079771
v -0.155479 -0.149078 -0.081784
v -0.142311 -0.153061 -0.095385
v -0.072882 -0.052031 -0.092580
v -0.151181 -0.124344 -0.081448
v -0.085725 -0.053061 -0.079965
v -0.138825 -0.118042 -0.094934
v -0.168190 -0.105096 -0.081384
v -0.167010 -0.091295 -0.094888
v -0.106013 -0.090456 -0.093359
v -0.188786 -0.111655 -0.081660
v -0.200251 -0.104243 -0.095365
v -0.207406 -0.138768 -0.082165
v -0.104529 -0.077961 -0.080444
v -0.118037 -0.068350 -0.080460
v -0.128192 -0.072423 -0.091701
v 0.387390 0.121752 -0.074667
v 0.404507 0.138255 -0.080982
v 0.396788 0.119780 -0.080576
v 0.409115 0.098375 -0.074735
v 0.398370 0.146964 -0.074262
v 0.433071 0.145312 -0.082015
v 0.435673 0.157847 -0.073769
v 0.456993 0.135347 -0.081902
v 0.466235 0.144183 -0.073636
v 0.480530 0.110413 -0.073901
v 0.466118 0.110144 -0.083108
v 0.456248 0.080496 -0.085202
v 0.470193 0.070561 -0.074474
v 0.432616 0.048116 -0.075105
v 0.429503 0.065072 -0.085644
v 0.380868 0.076465 -0.085524
v 0.369071 0.064843 -0.075522
v 0.329728 0.101248 -0.083100
v 0.322554 0.091228 -0.075659
v 0.275085 0.111350 -0.082578
v 0.274942 0.100554 -0.076010
v 0.238916 0.096536 -0.076405
v 0.233814 0.102506 -0.081285
v 0.208202 0.084354 -0.076848
v -0.143166 0.083492 -0.087662
v -0.135187 0.086813 -0.078781
v -0.155791 0.102335 -0.087561
v -0.152724 0.110407 -0.078670
v -0.177173 0.114195 -0.078862
v -0.175277 0.105725 -0.087709
v -0.191621 0.094150 -0.088005
v -0.199779 0.097455 -0.079280
v -0.212822 -0.061842 -0.081302
v -0.201625 -0.020710 -0.092513
v -0.191499 -0.026734 -0.080676
v -0.223838 -0.057754 -0.093170
v -0.165443 0.013994 -0.091752
v -0.156957 0.005764 -0.079956
v -0.138968 0.045005 -0.091126
v -0.129194 0.038407 -0.079298
v -0.104137 0.089706 -0.078445
v -0.112355 0.094530 -0.088021
v -0.084032 0.115153 -0.087501
v -0.081299 0.105915 -0.078031
v -0.054046 0.118154 -0.087175
v -0.056221 0.108719 -0.077755
v -0.022725 0.097724 -0.087114
v -0.030128 0.091465 -0.077708
v -0.015188 0.063654 -0.087448
v -0.024832 0.063538 -0.077989
v -0.027351 0.040447 -0.087841
v -0.034533 0.046736 -0.078282
v -0.053308 0.024649 -0.088280
v -0.051788 0.033950 -0.078602
v -0.069429 0.041366 -0.078684
v -0.079895 0.056900 -0.088154
v -0.070874 0.053926 -0.078550
v -0.063111 0.074247 -0.078233
v -0.225267 -0.059509 0.054331
v -0.213406 -0.016721 0.066766
v -0.203053 -0.022466 0.054987
v -0.236511 -0.055703 0.066078
v -0.175589 0.020190 0.067572
v -0.166873 0.012240 0.055750
v -0.150398 0.049567 0.068164
v -0.140397 0.043250 0.056376
v -0.113784 0.092773 0.059480
v -0.122186 0.097371 0.069007
v -0.088381 0.122408 0.069633
v -0.085463 0.113398 0.060000
v -0.053483 0.125606 0.070009
v -0.055474 0.116398 0.060327
v -0.016933 0.102000 0.070081
v -0.024153 0.095968 0.060387
v -0.007158 0.061788 0.069698
v -0.016616 0.061898 0.060054
v -0.021785 0.032175 0.069205
v -0.028779 0.038692 0.059660
v -0.056442 0.013367 0.068645
v -0.054737 0.022895 0.059220
v -0.079163 0.035170 0.059130
v -0.152745 0.078206 0.068483
v -0.144596 0.081736 0.059840
v -0.160457 0.092299 0.068576
v -0.157220 0.100578 0.059941
v -0.176707 0.103970 0.059794
v -0.174981 0.095291 0.068470
v -0.185062 0.088882 0.068296
v -0.193050 0.092395 0.059498
v -0.191660 0.066500 0.067967
v 0.409061 0.127602 0.075878
v 0.404614 0.115877 0.075695
v 0.395333 0.117992 0.069655
v 0.407660 0.096588 0.075496
v 0.403053 0.136468 0.069249
v 0.428857 0.130800 0.076108
v 0.431614 0.143524 0.068215
v 0.446137 0.124530 0.076200
v 0.455537 0.133559 0.068328
v 0.464663 0.108357 0.067122
v 0.450080 0.107872 0.076040
v 0.454793 0.078709 0.065027
v 0.440639 0.088392 0.075717
v 0.428047 0.063284 0.064586
v 0.424727 0.079986 0.075463
v 0.391011 0.086053 0.075209
v 0.379412 0.074677 0.064707
v 0.335299 0.109299 0.074946
v 0.328273 0.099460 0.067129
v 0.273643 0.120198 0.074478
v 0.273629 0.109562 0.067653
v 0.232360 0.100719 0.068945
v 0.227162 0.106572 0.073865
v 0.206747 0.082566 0.073383
v -0.255531 -0.102072 0.065343
v -0.235847 -0.050126 0.066151
v -0.225472 -0.059030 0.052465
v -0.187711 -0.017484 0.067006
v -0.241802 -0.103407 0.051779
v -0.181004 -0.028251 0.054190
v -0.236799 -0.149634 0.051278
v -0.135903 0.000397 0.067720
v -0.248695 -0.156775 0.064758
v -0.137369 -0.012103 0.054806
v -0.209345 -0.179231 0.051192
v -0.085597 -0.023134 0.055175
v -0.215818 -0.191512 0.064663
v -0.161422 -0.192385 0.065180
v -0.061715 -0.053057 0.067803
v -0.168004 -0.180304 0.051578
v -0.074311 -0.053785 0.054920
v -0.143740 -0.154817 0.052118
v -0.130838 -0.159127 0.065871
v -0.140255 -0.119797 0.052568
v -0.109173 -0.105012 0.066726
v -0.128165 -0.113821 0.066436
v -0.107443 -0.092212 0.054141
v -0.168439 -0.093051 0.052613
v -0.139992 -0.078516 0.066742
v -0.129622 -0.074178 0.055801
v -0.167524 -0.079576 0.066462
v -0.241802 -0.103407 0.051779
v -0.225472 -0.059030 0.052465
v -0.215363 -0.068259 0.066134
v -0.181004 -0.028251 0.054190
v -0.228337 -0.105066 0.065571
v -0.174544 -0.039322 0.066873
v -0.225168 -0.142818 0.065151
v -0.137369 -0.012103 0.054806
v -0.236799 -0.149634 0.051278
v -0.139084 -0.024903 0.067388
v -0.203139 -0.167274 0.065073
v -0.094850 -0.032183 0.067730
v -0.209345 -0.179231 0.051192
v -0.168004 -0.180304 0.051578
v -0.074311 -0.053785 0.054920
v -0.174849 -0.168550 0.065332
v -0.087154 -0.054817 0.067536
v -0.156907 -0.150832 0.065718
v -0.143740 -0.154817 0.052118
v -0.152610 -0.126098 0.066054
v -0.107443 -0.092212 0.054141
v -0.140255 -0.119797 0.052568
v -0.105958 -0.079716 0.067057
v -0.169619 -0.106851 0.066118
v -0.119465 -0.070105 0.067042
v -0.129622 -0.074178 0.055801
v -0.168439 -0.093051 0.052613
v -0.190215 -0.113411 0.065841
v -0.201681 -0.105997 0.052137
v -0.208835 -0.140524 0.065337
v 0.431160 0.046328 0.075125
v 0.454793 0.078709 0.065027
v 0.468738 0.068773 0.075756
v 0.479074 0.108625 0.076331
v 0.428047 0.063284 0.064586
v 0.464663 0.108357 0.067122
v 0.379412 0.074677 0.064707
v 0.455537 0.133559 0.068328
v 0.367616 0.063056 0.074709
v 0.464781 0.142396 0.076594
v 0.328273 0.099460 0.067129
v 0.434218 0.156059 0.076460
v 0.321098 0.089441 0.074572
v 0.431614 0.143524 0.068215
v 0.273629 0.109562 0.067653
v 0.396915 0.145176 0.075970
v 0.273487 0.098766 0.074221
v 0.403053 0.136468 0.069249
v 0.237461 0.094749 0.073824
v 0.232360 0.100719 0.068945
v 0.206747 0.082566 0.073383
v 0.385935 0.119965 0.075564
v 0.395333 0.117992 0.069655
v 0.407660 0.096588 0.075496
v -0.144596 0.081736 0.059840
v -0.136616 0.085057 0.068721
v -0.157220 0.100578 0.059941
v -0.154153 0.108652 0.068831
v -0.178601 0.112440 0.068639
v -0.176707 0.103970 0.059794
v -0.193050 0.092395 0.059498
v -0.201208 0.095698 0.068221
v -0.225267 -0.059509 0.054331
v -0.203053 -0.022466 0.054987
v -0.214251 -0.063597 0.066200
v -0.192928 -0.028490 0.066824
v -0.166873 0.012240 0.055750
v -0.158386 0.004008 0.067544
v -0.140397 0.043250 0.056376
v -0.130624 0.036651 0.068203
v -0.105567 0.087951 0.069055
v -0.113784 0.092773 0.059480
v -0.085463 0.113398 0.060000
v -0.082728 0.104159 0.069470
v -0.055474 0.116398 0.060327
v -0.057650 0.106963 0.069747
v -0.024153 0.095968 0.060387
v -0.031557 0.089710 0.069793
v -0.016616 0.061898 0.060054
v -0.026262 0.061783 0.069511
v -0.028779 0.038692 0.059660
v -0.035960 0.044983 0.069219
v -0.054737 0.022895 0.059220
v -0.053218 0.032195 0.068900
v -0.070858 0.039610 0.068817
v -0.081323 0.055145 0.059347
v -0.072302 0.052170 0.068953
v -0.064540 0.072493 0.069269
v 0.568018 0.259700 -0.026454
v 0.569101 0.229410 -0.026498
v 0.569227 0.229563 -0.039355
v 0.570191 0.199129 -0.027153
v 0.568256 0.250505 -0.017467
v 0.569777 0.208106 -0.017957
v 0.567275 0.271882 0.003996
v 0.569886 0.199073 0.003154
v 0.567735 0.259034 0.003847
v 0.570349 0.186223 0.003005
v 0.567844 0.250000 0.024956
v 0.569604 0.198408 0.033453
v 0.567430 0.258978 0.034152
v 0.569366 0.207602 0.024466
v 0.568521 0.228696 0.033498
v 0.568395 0.228543 0.046354
v 0.536396 0.227548 0.033173
v 0.537242 0.206452 0.024141
v 0.537764 0.197924 0.002829
v 0.537653 0.206957 -0.018282
v 0.536977 0.228262 -0.026823
v 0.535721 0.248853 0.024632
v 0.536133 0.249356 -0.017792
v 0.535612 0.257885 0.003521
v 0.232185 0.182348 -0.051274
v 0.228978 0.267345 -0.034964
v 0.231198 0.181136 0.050617
v 0.229587 0.254714 -0.050439
v 0.228289 0.266498 0.036273
v 0.228601 0.253502 0.051454
v 0.537242 0.206452 0.024141
v 0.569366 0.207602 0.024466
v 0.537764 0.197924 0.002829
v 0.569886 0.199073 0.003154
v 0.537653 0.206957 -0.018282
v 0.569777 0.208106 -0.017957
v 0.229587 0.254714 -0.050439
v -0.008258 0.246208 -0.052845
v -0.008865 0.258839 -0.037368
v 0.228978 0.267345 -0.034964
v 0.228289 0.266498 0.036273
v -0.009556 0.257992 0.033867
v -0.009244 0.244996 0.049048
v 0.228601 0.253502 0.051454
v 0.228978 0.267345 -0.034964
v -0.008865 0.258839 -0.037368
v -0.009556 0.257992 0.033867
v 0.228289 0.266498 0.036273
v 0.567430 0.258978 0.034152
v 0.251433 0.247676 0.030957
v 0.567275 0.271882 0.003996
v 0.251277 0.260581 0.000799
v 0.568018 0.259700 -0.026454
v 0.252021 0.248397 -0.029650
v 0.537653 0.206957 -0.018282
v 0.569777 0.208106 -0.017957
v 0.536977 0.228262 -0.026823
v 0.569101 0.229410 -0.026498
v 0.536133 0.249356 -0.017792
v 0.568256 0.250505 -0.017467
v -0.009244 0.244996 0.049048
v 0.228601 0.253502 0.051454
v 0.231198 0.181136 0.050617
v -0.006648 0.172628 0.048211
v 0.567430 0.258978 0.034152
v 0.252399 0.217241 0.043158
v 0.568395 0.228543 0.046354
v 0.569604 0.198408 0.033453
v 0.251433 0.247676 0.030957
v 0.253607 0.187106 0.030257
v -0.005661 0.173842 -0.053681
v -0.006648 0.172628 0.048211
v -0.008865 0.258839 -0.037368
v -0.008258 0.246208 -0.052845
v -0.009556 0.257992 0.033867
v -0.009244 0.244996 0.049048
v 0.567844 0.250000 0.024956
v 0.535721 0.248853 0.024632
v 0.567735 0.259034 0.003847
v 0.536133 0.249356 -0.017792
v 0.568256 0.250505 -0.017467
v 0.535612 0.257885 0.003521
v 0.569604 0.198408 0.033453
v 0.253607 0.187106 0.030257
v 0.254351 0.174922 -0.000191
v 0.570349 0.186223 0.003005
v 0.570191 0.199129 -0.027153
v 0.254194 0.187826 -0.030349
v 0.536396 0.227548 0.033173
v 0.568521 0.228696 0.033498
v 0.537242 0.206452 0.024141
v 0.569366 0.207602 0.024466
v 0.567844 0.250000 0.024956
v 0.535721 0.248853 0.024632
v 0.229587 0.254714 -0.050439
v -0.005661 0.173842 -0.053681
v -0.008258 0.246208 -0.052845
v 0.232185 0.182348 -0.051274
v 0.568018 0.259700 -0.026454
v 0.570191 0.199129 -0.027153
v 0.252021 0.248397 -0.029650
v 0.254194 0.187826 -0.030349
v 0.569227 0.229563 -0.039355
v 0.253229 0.218262 -0.042551
v 0.539352 0.170749 -0.066206
v 0.538021 0.169114 0.071214
v 0.540317 0.143841 -0.066515
v 0.538986 0.142206 0.070903
v 0.541283 0.116934 -0.066827
v 0.539952 0.115299 0.070593
v 0.476998 0.034782 -0.068428
v 0.475666 0.033147 0.068993
v -0.042233 -0.217850 -0.076464
v -0.036261 -0.129349 -0.075352
v -0.043565 -0.219485 0.060957
v -0.037592 -0.130986 0.062067
v -0.018744 -0.079150 -0.074584
v -0.020075 -0.080786 0.062834
v 0.002403 -0.031140 -0.073808
v 0.001072 -0.032776 0.063610
v 0.020069 0.017745 -0.073057
v 0.018737 0.016108 0.064363
v 0.023279 0.044026 -0.072712
v 0.021948 0.042389 0.064707
v 0.021190 0.070116 -0.072422
v 0.019858 0.068481 0.064996
v 0.003938 0.151601 -0.071621
v -0.273526 0.141678 -0.074425
v -0.274858 0.140042 0.062994
v 0.002606 0.149966 0.065799
v 0.191334 0.158303 -0.069724
v 0.190002 0.156667 0.067694
v 0.243536 0.160170 -0.069197
v 0.242204 0.158535 0.068223
v 0.539352 0.170749 -0.066206
v 0.538021 0.169114 0.071214
v 0.002606 0.149966 0.065799
v -0.270194 0.113267 0.062720
v 0.006781 0.123173 0.065522
v -0.274858 0.140042 0.062994
v 0.190002 0.156667 0.067694
v -0.263705 0.086557 0.062464
v 0.193052 0.129835 0.067405
v 0.013032 0.096454 0.065263
v 0.242204 0.158535 0.068223
v -0.238066 0.059253 0.062389
v 0.019858 0.068481 0.064996
v -0.237118 0.035116 0.062110
v 0.021948 0.042389 0.064707
v 0.018737 0.016108 0.064363
v -0.241469 0.010787 0.061779
v 0.001072 -0.032776 0.063610
v -0.258387 -0.034519 0.061076
v -0.020075 -0.080786 0.062834
v -0.277590 -0.078728 0.060364
v -0.037592 -0.130986 0.062067
v -0.294446 -0.124242 0.059658
v -0.043565 -0.219485 0.060957
v -0.301874 -0.206166 0.058612
v 0.189021 0.074462 0.066707
v 0.197454 0.103049 0.067128
v 0.248829 0.104887 0.067649
v 0.237987 0.024756 0.066590
v 0.244942 0.131689 0.067930
v 0.475666 0.033147 0.068993
v 0.538021 0.169114 0.071214
v 0.539952 0.115299 0.070593
v 0.538986 0.142206 0.070903
v -0.268862 0.114902 -0.074699
v -0.270194 0.113267 0.062720
v -0.273526 0.141678 -0.074425
v -0.274858 0.140042 0.062994
v -0.263705 0.086557 0.062464
v -0.262373 0.088192 -0.074953
v -0.238066 0.059253 0.062389
v -0.236735 0.060888 -0.075030
v -0.235787 0.036750 -0.075309
v -0.237118 0.035116 0.062110
v -0.240139 0.012422 -0.075641
v -0.241469 0.010787 0.061779
v -0.257055 -0.032884 -0.076343
v -0.258387 -0.034519 0.061076
v -0.276258 -0.077093 -0.077055
v -0.277590 -0.078728 0.060364
v -0.293115 -0.122607 -0.077759
v -0.294446 -0.124242 0.059658
v -0.300544 -0.204530 -0.078806
v -0.301874 -0.206166 0.058612
v 0.239318 0.026391 -0.070828
v 0.237987 0.024756 0.066590
v 0.190351 0.076097 -0.070712
v 0.189021 0.074462 0.066707
v -0.042233 -0.217850 -0.076464
v -0.301874 -0.206166 0.058612
v -0.300544 -0.204530 -0.078806
v -0.043565 -0.219485 0.060957
v 0.475666 0.033147 0.068993
v 0.239318 0.026391 -0.070828
v 0.476998 0.034782 -0.068428
v 0.237987 0.024756 0.066590
v 0.190351 0.076097 -0.070712
v 0.189021 0.074462 0.066707
v 0.021190 0.070116 -0.072422
v 0.019858 0.068481 0.064996
v 0.539352 0.170749 -0.066206
v 0.246275 0.133325 -0.069490
v 0.243536 0.160170 -0.069197
v 0.540317 0.143841 -0.066515
v 0.194383 0.131469 -0.070014
v 0.191334 0.158303 -0.069724
v 0.250160 0.106523 -0.069771
v 0.541283 0.116934 -0.066827
v 0.476998 0.034782 -0.068428
v 0.239318 0.026391 -0.070828
v 0.190351 0.076097 -0.070712
v 0.198787 0.104684 -0.070291
v 0.014363 0.098089 -0.072155
v 0.021190 0.070116 -0.072422
v 0.008111 0.124807 -0.071898
v 0.003938 0.151601 -0.071621
v -0.268862 0.114902 -0.074699
v -0.273526 0.141678 -0.074425
v -0.262373 0.088192 -0.074953
v -0.236735 0.060888 -0.075030
v -0.235787 0.036750 -0.075309
v 0.023279 0.044026 -0.072712
v 0.020069 0.017745 -0.073057
v -0.240139 0.012422 -0.075641
v 0.002403 -0.031140 -0.073808
v -0.257055 -0.032884 -0.076343
v -0.018744 -0.079150 -0.074584
v -0.276258 -0.077093 -0.077055
v -0.036261 -0.129349 -0.075352
v -0.293115 -0.122607 -0.077759
v -0.042233 -0.217850 -0.076464
v -0.300544 -0.204530 -0.078806
v 0.282658 0.047965 0.066019
v 0.290414 0.056285 0.075264
v 0.270161 0.055665 0.065990
v 0.291232 0.036051 0.065959
v 0.298932 0.048547 0.066184
v 0.290414 0.056285 0.075264
v 0.291232 0.036051 0.065959
v 0.310845 0.057119 0.066400
v 0.282074 0.064238 0.066207
v 0.290414 0.056285 0.075264
v 0.289773 0.076733 0.066430
v 0.270161 0.055665 0.065990
v 0.289773 0.076733 0.066430
v 0.290414 0.056285 0.075264
v 0.298348 0.064820 0.066372
v 0.310845 0.057119 0.066400
v 0.283965 0.049571 -0.068842
v 0.271467 0.057270 -0.068870
v 0.291897 0.058105 -0.077733
v 0.292539 0.037655 -0.068900
v 0.300238 0.050152 -0.068676
v 0.292539 0.037655 -0.068900
v 0.291897 0.058105 -0.077733
v 0.312151 0.058724 -0.068460
v 0.283380 0.065843 -0.068654
v 0.291079 0.078339 -0.068430
v 0.291897 0.058105 -0.077733
v 0.271467 0.057270 -0.068870
v 0.291079 0.078339 -0.068430
v 0.299655 0.066425 -0.068489
v 0.291897 0.058105 -0.077733
v 0.312151 0.058724 -0.068460
v -0.143803 0.225684 0.054636
v -0.136047 0.234004 0.063881
v -0.156300 0.233384 0.054607
v -0.135229 0.213770 0.054577
v -0.127530 0.226267 0.054801
v -0.136047 0.234004 0.063881
v -0.135229 0.213770 0.054577
v -0.115617 0.234840 0.055018
v -0.144387 0.241957 0.054824
v -0.136047 0.234004 0.063881
v -0.136689 0.254453 0.055048
v -0.156300 0.233384 0.054607
v -0.136689 0.254453 0.055048
v -0.136047 0.234004 0.063881
v -0.128115 0.242539 0.054989
v -0.115617 0.234840 0.055018
v -0.142679 0.227066 -0.061497
v -0.155175 0.234767 -0.061528
v -0.134746 0.235602 -0.070389
v -0.134104 0.215152 -0.061556
v -0.126405 0.227648 -0.061333
v -0.134104 0.215152 -0.061556
v -0.134746 0.235602 -0.070389
v -0.114492 0.236221 -0.061116
v -0.143262 0.243339 -0.061309
v -0.135564 0.255835 -0.061087
v -0.134746 0.235602 -0.070389
v -0.155175 0.234767 -0.061528
v -0.135564 0.255835 -0.061087
v -0.126988 0.243921 -0.061145
v -0.134746 0.235602 -0.070389
v -0.114492 0.236221 -0.061116
vn 0.9993 0.0357 0.0101
vn 0.9427 0.3335 0.0130
vn 0.9426 0.3336 0.0130
vn 0.7973 0.6034 0.0149
vn 0.7974 0.6033 0.0149
vn 0.9426 0.3335 0.0130
vn 0.4308 0.9023 0.0149
vn -0.0359 0.9993 0.0115
vn -0.4943 0.8693 0.0055
vn 0.4307 0.9024 0.0149
vn -0.4943 0.8693 0.0056
vn -0.0097 -0.0119 0.9999
vn -0.0096 -0.0119 0.9999
vn -0.9814 0.1920 -0.0072
vn -0.9813 0.1924 -0.0073
vn -0.9640 0.2658 -0.0062
vn -0.9640 0.2657 -0.0062
vn -0.9641 0.2655 -0.0062
vn -0.9640 0.2659 -0.0062
vn -0.8386 0.5447 -0.0016
vn -0.8392 0.5438 -0.0017
vn 0.0359 -0.9993 -0.0115
vn 0.0097 0.0119 -0.9999
vn 0.0098 0.0119 -0.9999
vn 0.9356 -0.3530 0.0049
vn 0.9356 -0.3531 0.0049
vn 0.7862 -0.6179 0.0002
vn 0.7864 -0.6177 0.0002
vn 0.9977 -0.0674 0.0089
vn 0.9794 -0.2020 0.0071
vn 0.9794 -0.2018 0.0071
vn 0.9293 -0.3693 0.0047
vn 0.9292 -0.3695 0.0046
vn 0.9292 -0.3696 0.0046
vn 0.9292 -0.3695 0.0047
vn 0.9723 -0.2337 0.0066
vn 0.9722 -0.2339 0.0066
vn 0.9998 -0.0194 0.0094
vn 0.9998 -0.0195 0.0094
vn 0.9965 0.0828 0.0106
vn -0.9795 -0.2010 -0.0118
vn -0.9795 -0.2009 -0.0119
vn -0.9855 -0.1692 -0.0115
vn -0.8639 -0.5034 -0.0144
vn -0.9004 -0.4349 -0.0138
vn -0.9004 -0.4349 -0.0139
vn -0.9977 0.0671 -0.0089
vn -0.9977 0.0672 -0.0089
vn -0.9642 0.2652 -0.0062
vn -0.9642 0.2651 -0.0062
vn -0.9266 0.3760 -0.0045
vn -0.9266 0.3761 -0.0045
vn -0.9745 0.2245 -0.0068
vn -0.9959 0.0904 -0.0086
vn -0.1057 -0.9943 -0.0128
vn -0.1057 -0.9943 -0.0129
vn -0.1054 -0.9944 -0.0128
vn -0.0511 -0.9986 -0.0123
vn -0.0509 -0.9986 -0.0124
vn -0.0514 -0.9986 -0.0124
vn -0.0510 -0.9986 -0.0123
vn 0.0363 -0.9993 -0.0115
vn 0.0354 -0.9993 -0.0115
vn 0.8941 0.4476 0.0140
vn 0.9993 0.0358 0.0101
vn 0.9238 -0.3828 0.0044
vn 0.9238 -0.3829 0.0044
vn 0.9220 0.3870 0.0135
vn 0.9221 0.3868 0.0136
vn 0.9221 0.3867 0.0135
vn 0.9221 0.3868 0.0135
vn 0.9894 -0.1453 0.0079
vn 0.9893 -0.1456 0.0079
vn 0.9893 -0.1455 0.0079
vn 0.9893 -0.1457 0.0079
vn 0.5895 -0.5231 0.6155
vn 0.7220 -0.3583 0.5919
vn 0.6559 -0.4483 0.6073
vn 0.6513 -0.4258 -0.6280
vn 0.7176 -0.3366 -0.6097
vn 0.5846 -0.5000 -0.6389
vn 0.7252 -0.0604 -0.6859
vn 0.5967 0.4377 -0.6726
vn 0.4971 0.5509 -0.6704
vn 0.7260 -0.0134 -0.6876
vn 0.5963 -0.4345 -0.6750
vn 0.5834 0.4216 0.6942
vn 0.7119 -0.0769 0.6981
vn 0.4838 0.5346 0.6929
vn 0.7126 -0.0300 0.7010
vn 0.5833 -0.4506 0.6758
vn 0.7446 0.0031 -0.6675
vn 0.6642 0.3385 -0.6665
vn 0.5726 0.4687 -0.6727
vn 0.7441 0.0266 -0.6675
vn 0.6341 -0.3783 -0.6744
vn 0.5664 -0.4827 -0.6680
vn 0.6885 -0.1476 -0.7100
vn 0.6589 0.2597 -0.7060
vn 0.6003 0.3759 -0.7059
vn 0.7020 -0.0607 -0.7096
vn 0.6512 0.3224 0.6870
vn 0.7315 -0.0130 0.6817
vn 0.5590 0.4525 0.6948
vn 0.7310 0.0105 0.6823
vn 0.6210 -0.3944 0.6774
vn 0.5536 -0.4986 0.6670
vn 0.6450 0.2426 0.7246
vn 0.6747 -0.1646 0.7195
vn 0.5863 0.3588 0.7263
vn 0.6881 -0.0779 0.7214
vn 0.6227 0.4799 0.6180
vn 0.6950 0.3954 0.6005
vn 0.5509 0.5498 0.6279
vn 0.5468 0.5552 -0.6267
vn 0.6911 0.4012 -0.6012
vn 0.6188 0.4856 -0.6175
vn 0.9550 -0.2964 0.0057
vn 0.8388 -0.5445 0.0016
vn 0.9551 -0.2964 0.0057
vn 0.1843 -0.9828 -0.0099
vn 0.1842 -0.9828 -0.0099
vn 0.7119 -0.0768 0.6981
vn 0.4837 0.5347 0.6929
vn 0.5833 0.4215 0.6943
vn 0.7126 -0.0300 0.7009
vn 0.5832 -0.4506 0.6759
vn 0.5967 0.4378 -0.6725
vn 0.7252 -0.0603 -0.6859
vn 0.6511 0.3224 0.6871
vn 0.6211 -0.3940 0.6774
vn 0.5535 -0.4987 0.6670
vn 0.6449 0.2429 0.7246
vn 0.6747 -0.1644 0.7195
vn 0.5864 0.3590 0.7261
vn 0.6881 -0.0780 0.7214
vn 0.5725 0.4688 -0.6727
vn 0.6642 0.3386 -0.6665
vn 0.7441 0.0266 -0.6676
vn 0.6340 -0.3784 -0.6744
vn 0.5665 -0.4827 -0.6679
vn 0.6885 -0.1477 -0.7100
vn 0.6587 0.2599 -0.7061
vn 0.6002 0.3759 -0.7060
vn 0.9707 0.2400 0.0123
vn 0.8302 0.5573 0.0147
vn 0.9707 0.2401 0.0122
vn 0.9427 0.3334 0.0131
vn 0.8301 0.5574 0.0147
vn 0.8303 0.5571 0.0147
vn -0.0358 0.9993 0.0117
vn 0.0827 0.9965 0.0127
vn 0.0826 0.9965 0.0126
vn 0.0825 0.9965 0.0126
vn 0.0828 0.9965 0.0127
vn 0.0829 0.9965 0.0127
vn -0.0495 0.7058 -0.7067
vn 0.3083 0.6188 -0.7225
vn -0.0965 0.6941 -0.7133
vn 0.1392 0.6961 -0.7043
vn 0.1386 0.7234 -0.6764
vn -0.1762 0.7120 -0.6797
vn -0.0745 0.7312 -0.6781
vn 0.0671 0.7346 -0.6752
vn 0.2937 0.6014 0.7430
vn -0.0633 0.6887 0.7223
vn -0.1107 0.6770 0.7276
vn 0.1254 0.6792 0.7232
vn -0.1897 0.6956 0.6929
vn 0.1252 0.7070 0.6960
vn -0.0878 0.7148 0.6938
vn 0.0539 0.7183 0.6936
vn -0.2771 0.6614 -0.6970
vn -0.3382 0.6336 -0.6958
vn -0.2776 0.6693 -0.6892
vn -0.3557 0.6284 -0.6918
vn -0.0350 0.7297 -0.6829
vn -0.0663 0.7241 -0.6865
vn 0.2898 0.6719 -0.6816
vn 0.1465 0.7227 -0.6755
vn 0.0447 0.7120 -0.7008
vn -0.1435 0.6891 -0.7103
vn -0.0813 0.7074 -0.7021
vn -0.0550 0.8233 -0.5650
vn 0.1706 0.8709 -0.4608
vn -0.2882 0.7170 -0.6347
vn -0.0483 0.7132 0.6993
vn -0.3691 0.6117 0.6997
vn -0.0797 0.7076 0.7021
vn 0.2761 0.6555 0.7029
vn 0.1333 0.7064 0.6952
vn -0.3519 0.6168 0.7041
vn -0.2907 0.6446 0.7071
vn -0.2910 0.6527 0.6995
vn -0.1574 0.6721 0.7236
vn 0.0309 0.6951 0.7183
vn -0.0950 0.6906 0.7170
vn -0.0661 0.8096 0.5832
vn -0.3007 0.7018 0.6458
vn 0.1615 0.8597 0.4846
vn -0.0358 0.9993 0.0115
vn -0.1930 0.9812 0.0098
vn -0.1842 0.9828 0.0099
vn -0.1842 0.9828 0.0098
vn -0.0436 0.9990 0.0115
vn 0.2940 0.6013 0.7429
vn -0.0632 0.6887 0.7223
vn -0.1105 0.6771 0.7275
vn 0.1254 0.6792 0.7231
vn 0.1255 0.7070 0.6960
vn -0.0877 0.7148 0.6938
vn -0.1894 0.6957 0.6929
vn 0.3084 0.6188 -0.7225
vn -0.0962 0.6942 -0.7133
vn 0.1387 0.7234 -0.6764
vn -0.1761 0.7120 -0.6797
vn -0.3692 0.6117 0.6996
vn 0.2763 0.6553 0.7030
vn -0.3518 0.6169 0.7040
vn -0.1572 0.6721 0.7236
vn -0.3006 0.7018 0.6459
vn 0.1613 0.8597 0.4846
vn -0.0660 0.8097 0.5831
vn -0.0664 0.7241 -0.6865
vn 0.2899 0.6719 -0.6816
vn -0.0549 0.8233 -0.5650
vn 0.1707 0.8709 -0.4609
vn -0.4351 0.9004 0.0065
vn -0.4350 0.9004 0.0065
vn 0.4191 -0.2634 0.8689
vn 0.3124 -0.3701 0.8749
vn 0.3350 -0.3528 0.8737
vn 0.4495 -0.2383 0.8609
vn 0.3463 -0.4087 0.8444
vn 0.3695 -0.3846 0.8459
vn 0.4655 -0.2993 0.8329
vn 0.3462 -0.4087 0.8445
vn 0.4971 -0.2594 0.8280
vn 0.4320 0.2500 0.8665
vn 0.3998 0.2727 0.8751
vn 0.3095 0.3557 0.8819
vn 0.2858 0.3713 0.8835
vn 0.2858 0.3713 0.8834
vn 0.5893 -0.5235 0.6154
vn 0.6548 -0.4478 0.6089
vn 0.5172 -0.5926 0.6175
vn 0.4778 0.2753 0.8342
vn 0.3417 0.3904 0.8549
vn 0.4435 0.3125 0.8400
vn 0.3169 0.4129 0.8539
vn 0.3168 0.4129 0.8539
vn -0.4486 -0.2705 0.8518
vn -0.3264 -0.3765 0.8670
vn -0.4167 -0.2933 0.8604
vn -0.3027 -0.3922 0.8687
vn -0.3028 -0.3920 0.8687
vn 0.0413 -0.6983 0.7146
vn 0.2924 -0.6454 0.7057
vn 0.0726 -0.6963 0.7141
vn 0.3524 -0.6086 0.7109
vn -0.2676 -0.6393 0.7209
vn 0.3932 -0.5869 0.7078
vn -0.1328 -0.6925 0.7091
vn 0.3917 -0.5919 0.7044
vn -0.5182 -0.4599 0.7211
vn 0.2922 -0.6658 0.6865
vn -0.6174 -0.3138 0.7214
vn 0.3468 -0.6268 0.6977
vn -0.7023 -0.0097 0.7118
vn -0.6175 -0.3135 0.7214
vn -0.7021 -0.0176 0.7119
vn 0.2849 -0.6676 0.6879
vn 0.3467 -0.6269 0.6977
vn 0.2691 -0.6752 0.6868
vn -0.5937 0.3400 0.7293
vn 0.0905 -0.7222 0.6858
vn -0.4951 0.4835 0.7219
vn 0.1522 -0.7038 0.6939
vn -0.0636 0.6887 0.7223
vn -0.1110 0.6769 0.7277
vn -0.0993 -0.7181 0.6888
vn -0.3061 -0.6645 0.6817
vn -0.0364 -0.7274 0.6852
vn -0.4427 -0.5830 0.6813
vn 0.6628 0.0865 0.7438
vn 0.1254 0.6791 0.7232
vn 0.2944 0.6012 0.7429
vn -0.6352 -0.3556 0.6856
vn 0.6589 0.0859 0.7473
vn -0.6886 -0.2292 0.6880
vn 0.5485 -0.3744 0.7477
vn 0.4437 -0.4819 0.7556
vn 0.3197 -0.5788 0.7502
vn -0.7151 0.1562 0.6814
vn -0.5297 0.4863 0.6950
vn -0.6773 0.2591 0.6886
vn -0.4154 0.5931 0.6897
vn -0.1898 0.6956 0.6929
vn -0.0883 0.7148 0.6938
vn 0.5829 0.4219 0.6944
vn 0.0543 0.7183 0.6936
vn 0.1258 0.7069 0.6960
vn 0.4835 0.5349 0.6929
vn 0.4010 -0.6224 0.6722
vn 0.7117 -0.0774 0.6982
vn 0.5831 -0.4506 0.6760
vn -0.0097 -0.0120 0.9999
vn -0.0098 -0.0120 0.9999
vn -0.2898 0.6571 0.6959
vn -0.4230 0.5776 0.6982
vn -0.0487 0.7132 0.6993
vn -0.4125 0.5815 0.7012
vn -0.2911 0.6527 0.6995
vn 0.2770 0.6552 0.7029
vn 0.5589 0.4527 0.6948
vn 0.1334 0.7063 0.6952
vn -0.2678 0.6618 0.7002
vn 0.6509 0.3228 0.6871
vn -0.0954 0.6905 0.7170
vn -0.1576 0.6720 0.7236
vn 0.0312 0.6950 0.7183
vn 0.0945 0.6810 0.7262
vn 0.2856 0.6244 0.7270
vn 0.4220 0.5421 0.7267
vn 0.0526 -0.7693 0.6367
vn 0.6207 -0.3949 0.6774
vn 0.0996 -0.7584 0.6441
vn 0.6448 0.2431 0.7247
vn 0.5862 0.3594 0.7261
vn 0.6746 -0.1652 0.7195
vn 0.6880 -0.0786 0.7215
vn 0.5367 -0.4309 0.7255
vn 0.4140 -0.5671 0.7120
vn 0.2535 -0.6625 0.7049
vn 0.1682 -0.6977 0.6964
vn -0.0529 -0.6961 0.7160
vn -0.5354 -0.4616 0.7073
vn 0.0256 -0.7069 0.7068
vn -0.0540 -0.6960 0.7160
vn -0.4275 -0.5662 0.7047
vn -0.6861 -0.0957 0.7212
vn -0.6873 -0.0801 0.7220
vn -0.6858 0.2043 0.6985
vn -0.6784 0.2281 0.6984
vn -0.6761 0.2429 0.6956
vn 0.4738 0.6138 0.6315
vn 0.6224 0.4803 0.6180
vn 0.5507 0.5500 0.6279
vn -0.0254 0.4614 0.8868
vn -0.0254 0.4615 0.8868
vn -0.4359 0.2428 0.8666
vn -0.3294 0.3493 0.8772
vn -0.3519 0.3320 0.8752
vn -0.4661 0.2179 0.8575
vn -0.4597 -0.3323 0.8236
vn -0.4938 -0.2949 0.8180
vn -0.4939 -0.2949 0.8180
vn -0.3581 -0.4106 0.8386
vn -0.3332 -0.4330 0.8375
vn -0.4817 0.2794 0.8306
vn -0.3628 0.3884 0.8471
vn -0.3627 0.3885 0.8471
vn -0.3860 0.3644 0.8475
vn -0.5130 0.2398 0.8242
vn -0.5627 -0.5646 0.6038
vn -0.4858 -0.6288 0.6072
vn -0.6343 -0.4946 0.5942
vn 0.2925 -0.6454 0.7056
vn 0.0727 -0.6963 0.7141
vn 0.0414 -0.6983 0.7146
vn 0.3525 -0.6086 0.7109
vn -0.1327 -0.6925 0.7091
vn 0.3912 -0.5919 0.7047
vn -0.6173 -0.3140 0.7214
vn 0.3468 -0.6269 0.6977
vn 0.0902 -0.7222 0.6858
vn -0.4951 0.4834 0.7219
vn -0.1111 0.6768 0.7277
vn -0.0363 -0.7275 0.6852
vn -0.0994 -0.7181 0.6888
vn -0.4427 -0.5829 0.6814
vn 0.2945 0.6013 0.7428
vn -0.6353 -0.3555 0.6856
vn 0.6589 0.0858 0.7473
vn -0.6887 -0.2289 0.6880
vn -0.5297 0.4861 0.6951
vn -0.7150 0.1563 0.6814
vn -0.4153 0.5931 0.6897
vn -0.1900 0.6956 0.6929
vn 0.5830 0.4219 0.6943
vn 0.0541 0.7183 0.6936
vn 0.1259 0.7069 0.6960
vn 0.7117 -0.0771 0.6982
vn 0.5833 -0.4505 0.6759
vn 0.4008 -0.6225 0.6722
vn -0.0488 0.7132 0.6993
vn -0.2913 0.6526 0.6995
vn 0.5589 0.4526 0.6948
vn 0.2769 0.6551 0.7030
vn 0.6509 0.3229 0.6871
vn -0.2678 0.6617 0.7003
vn -0.0956 0.6905 0.7170
vn -0.1577 0.6720 0.7236
vn 0.0311 0.6950 0.7183
vn -0.1574 0.6720 0.7236
vn 0.6207 -0.3947 0.6775
vn 0.6448 0.2430 0.7247
vn 0.5862 0.3592 0.7262
vn 0.6747 -0.1653 0.7194
vn 0.6880 -0.0783 0.7215
vn 0.4141 -0.5671 0.7120
vn 0.1682 -0.6976 0.6964
vn -0.0532 -0.6961 0.7160
vn 0.0259 -0.7070 0.7067
vn -0.0539 -0.6960 0.7160
vn -0.6874 -0.0801 0.7219
vn -0.6761 0.2430 0.6956
vn -0.6012 0.5087 0.6162
vn -0.6667 0.4331 0.6065
vn -0.5291 0.5780 0.6213
vn -0.9893 0.1456 -0.0079
vn -0.9993 -0.0358 -0.0101
vn -0.9993 -0.0357 -0.0101
vn -0.9497 0.3130 -0.0055
vn -0.9497 0.3131 -0.0055
vn -0.9893 0.1457 -0.0079
vn -0.6883 0.0071 -0.7254
vn -0.6034 -0.2961 -0.7404
vn -0.5042 -0.4423 -0.7417
vn -0.6220 -0.3385 -0.7061
vn -0.7019 0.1721 -0.6912
vn -0.6753 -0.2119 -0.7064
vn -0.6639 0.2749 -0.6954
vn -0.7023 -0.0099 0.7118
vn -0.5183 -0.4597 0.7211
vn -0.6889 -0.2283 0.6879
vn -0.7151 0.1558 0.6814
vn -0.6354 -0.3549 0.6858
vn -0.6774 0.2587 0.6886
vn -0.7280 0.0448 -0.6842
vn -0.3080 -0.6730 -0.6724
vn -0.1403 -0.7477 -0.6491
vn -0.7265 -0.0339 -0.6863
vn -0.2882 0.7171 -0.6346
vn -0.0551 0.8233 -0.5649
vn -0.3208 -0.6888 0.6501
vn -0.7410 0.0287 0.6708
vn -0.1526 -0.7627 0.6285
vn -0.7397 -0.0501 0.6711
vn -0.0662 0.8097 0.5831
vn -0.8549 -0.5186 -0.0144
vn -0.8549 -0.5186 -0.0145
vn -0.1846 0.9828 0.0099
vn -0.1847 0.9827 0.0100
vn -0.1932 0.9811 0.0098
vn -0.9474 0.3200 -0.0054
vn -0.1844 0.9828 0.0099
vn -0.1843 0.9828 0.0099
vn -0.5628 -0.5645 0.6038
vn -0.6345 -0.4943 0.5942
vn -0.7065 -0.4093 0.5774
vn -0.6793 -0.3866 -0.6238
vn -0.6064 -0.4708 -0.6408
vn -0.5343 -0.5401 -0.6502
vn -0.7023 -0.0100 0.7118
vn -0.5183 -0.4598 0.7211
vn -0.6176 -0.3134 0.7213
vn -0.6354 -0.3551 0.6857
vn -0.6888 -0.2286 0.6880
vn -0.6774 0.2586 0.6886
vn -0.5042 -0.4424 -0.7417
vn -0.6883 0.0070 -0.7254
vn -0.7019 0.1720 -0.6912
vn -0.6639 0.2751 -0.6954
vn -0.7411 0.0286 0.6708
vn -0.7396 -0.0501 0.6711
vn -0.3006 0.7017 0.6459
vn -0.0660 0.8098 0.5829
vn -0.3080 -0.6730 -0.6725
vn -0.1403 -0.7478 -0.6490
vn -0.7280 0.0449 -0.6842
vn -0.6014 0.5086 0.6162
vn -0.7335 0.3442 0.5860
vn -0.6678 0.4337 0.6049
vn -0.6392 0.4407 -0.6302
vn -0.7057 0.3514 -0.6153
vn -0.5723 0.5152 -0.6380
vn -0.9893 0.1455 -0.0079
vn 0.2983 -0.6510 -0.6980
vn 0.3603 -0.6102 -0.7056
vn 0.3055 -0.6494 -0.6964
vn -0.0227 -0.7109 -0.7029
vn 0.1656 -0.6871 -0.7074
vn 0.1033 -0.7057 -0.7009
vn -0.0854 -0.7015 -0.7075
vn 0.4138 -0.6063 -0.6791
vn 0.3445 -0.6555 -0.6720
vn 0.5961 -0.4348 -0.6750
vn 0.2849 -0.6675 0.6879
vn 0.2921 -0.6660 0.6864
vn 0.1520 -0.7038 0.6939
vn -0.0361 -0.7275 0.6852
vn 0.0898 -0.7222 0.6858
vn -0.0988 -0.7181 0.6889
vn 0.4007 -0.6225 0.6723
vn 0.5829 -0.4508 0.6760
vn 0.3317 -0.6713 0.6628
vn 0.0651 -0.7539 -0.6537
vn 0.6339 -0.3786 -0.6744
vn 0.5662 -0.4830 -0.6679
vn 0.0650 -0.7540 -0.6536
vn -0.3077 -0.6733 -0.6723
vn 0.1116 -0.7430 -0.6599
vn -0.1404 -0.7475 -0.6493
vn -0.0388 -0.6788 -0.7333
vn 0.1816 -0.6809 -0.7095
vn 0.0399 -0.6899 -0.7228
vn 0.6207 -0.3947 0.6774
vn 0.5534 -0.4989 0.6670
vn 0.0991 -0.7586 0.6440
vn -0.3206 -0.6889 0.6501
vn 0.0525 -0.7693 0.6367
vn -0.1527 -0.7627 0.6285
vn 0.1681 -0.6977 0.6964
vn -0.0531 -0.6961 0.7160
vn 0.0260 -0.7070 0.7068
vn 0.0358 -0.9993 -0.0115
vn 0.0358 -0.9993 -0.0116
vn -0.0982 -0.9951 -0.0128
vn 0.1844 -0.9828 -0.0099
vn 0.1844 -0.9828 -0.0098
vn -0.0982 -0.9951 -0.0129
vn -0.8549 -0.5185 -0.0145
vn -0.8549 -0.5185 -0.0143
vn 0.0359 -0.9993 -0.0116
vn 0.0898 -0.7223 0.6858
vn -0.0989 -0.7181 0.6889
vn 0.3318 -0.6711 0.6629
vn -0.0851 -0.7015 -0.7076
vn 0.5960 -0.4347 -0.6751
vn 0.3445 -0.6557 -0.6719
vn 0.0526 -0.7694 0.6366
vn 0.6207 -0.3948 0.6774
vn 0.0260 -0.7070 0.7067
vn 0.0651 -0.7540 -0.6537
vn 0.5662 -0.4830 -0.6680
vn 0.0648 -0.7540 -0.6537
vn -0.3077 -0.6732 -0.6724
vn 0.1115 -0.7430 -0.6599
vn -0.0389 -0.6788 -0.7333
vn 0.0398 -0.6899 -0.7228
vn 0.4661 -0.2179 -0.8575
vn 0.4359 -0.2428 -0.8666
vn 0.3519 -0.3320 -0.8752
vn 0.3294 -0.3492 -0.8772
vn 0.3294 -0.3492 -0.8773
vn 0.5131 -0.2397 -0.8242
vn 0.3859 -0.3644 -0.8475
vn 0.4817 -0.2794 -0.8306
vn 0.5130 -0.2398 -0.8242
vn 0.3627 -0.3885 -0.8471
vn 0.4167 0.2933 -0.8604
vn 0.3028 0.3920 -0.8687
vn 0.3028 0.3921 -0.8687
vn 0.3264 0.3765 -0.8670
vn 0.4486 0.2705 -0.8518
vn 0.4486 0.2704 -0.8519
vn 0.5142 -0.5640 -0.6462
vn 0.6512 -0.4261 -0.6280
vn 0.5842 -0.5004 -0.6390
vn 0.3332 0.4331 -0.8375
vn 0.3581 0.4106 -0.8386
vn 0.4597 0.3323 -0.8236
vn 0.3332 0.4330 -0.8375
vn 0.4939 0.2950 -0.8180
vn 0.4938 0.2950 -0.8180
vn -0.3998 -0.2727 -0.8751
vn -0.2858 -0.3713 -0.8834
vn -0.2858 -0.3713 -0.8835
vn -0.3095 -0.3557 -0.8819
vn -0.4320 -0.2500 -0.8665
vn 0.3062 -0.6284 -0.7151
vn 0.0554 -0.6811 -0.7301
vn 0.0866 -0.6791 -0.7289
vn 0.3663 -0.5916 -0.7182
vn -0.2535 -0.6219 -0.7409
vn 0.4070 -0.5700 -0.7138
vn -0.1188 -0.6753 -0.7279
vn 0.4052 -0.5751 -0.7107
vn -0.5040 -0.4425 -0.7417
vn 0.3056 -0.6493 -0.6964
vn -0.6033 -0.2965 -0.7404
vn 0.3604 -0.6101 -0.7056
vn -0.6883 0.0074 -0.7254
vn -0.6882 -0.0005 -0.7255
vn 0.3602 -0.6102 -0.7056
vn 0.2983 -0.6511 -0.6979
vn 0.2824 -0.6587 -0.6974
vn -0.5795 0.3574 -0.7325
vn 0.1036 -0.7057 -0.7009
vn -0.4811 0.5006 -0.7197
vn 0.1659 -0.6871 -0.7074
vn -0.0496 0.7058 -0.7067
vn -0.0970 0.6941 -0.7133
vn -0.2928 -0.6480 -0.7031
vn -0.0857 -0.7015 -0.7075
vn -0.0234 -0.7109 -0.7029
vn -0.4293 -0.5664 -0.7035
vn 0.1392 0.6963 -0.7042
vn 0.6770 0.1041 -0.7286
vn 0.3085 0.6187 -0.7225
vn -0.6218 -0.3388 -0.7061
vn 0.6732 0.1035 -0.7322
vn -0.6752 -0.2124 -0.7064
vn 0.5629 -0.3566 -0.7456
vn 0.4583 -0.4640 -0.7580
vn 0.3343 -0.5608 -0.7574
vn -0.5162 0.5027 -0.6934
vn -0.7018 0.1726 -0.6912
vn -0.6638 0.2755 -0.6953
vn -0.4021 0.6093 -0.6834
vn -0.1769 0.7119 -0.6796
vn -0.0746 0.7311 -0.6782
vn 0.0676 0.7346 -0.6751
vn 0.5964 0.4382 -0.6725
vn 0.1390 0.7233 -0.6764
vn 0.4967 0.5511 -0.6705
vn 0.7253 -0.0609 -0.6858
vn 0.4140 -0.6062 -0.6791
vn 0.0096 0.0119 -0.9999
vn -0.4095 0.5942 -0.6923
vn -0.3990 0.5982 -0.6950
vn -0.2779 0.6692 -0.6892
vn -0.2764 0.6736 -0.6855
vn -0.3384 0.6335 -0.6958
vn -0.0353 0.7297 -0.6829
vn -0.3381 0.6336 -0.6959
vn -0.2772 0.6613 -0.6970
vn -0.2543 0.6784 -0.6893
vn -0.0814 0.7074 -0.7021
vn -0.1438 0.6891 -0.7103
vn 0.5721 0.4690 -0.6729
vn 0.2903 0.6717 -0.6816
vn 0.1468 0.7227 -0.6754
vn 0.6641 0.3388 -0.6665
vn -0.1434 0.6891 -0.7103
vn 0.0449 0.7120 -0.7008
vn 0.1084 0.6981 -0.7078
vn 0.2996 0.6415 -0.7062
vn 0.4358 0.5592 -0.7052
vn 0.6587 0.2601 -0.7060
vn 0.6000 0.3764 -0.7059
vn 0.6337 -0.3786 -0.6746
vn 0.0652 -0.7539 -0.6538
vn 0.1120 -0.7429 -0.6599
vn 0.6885 -0.1480 -0.7100
vn 0.5507 -0.4136 -0.7250
vn 0.7019 -0.0615 -0.7096
vn 0.4278 -0.5499 -0.7173
vn 0.2672 -0.6456 -0.7154
vn 0.1818 -0.6809 -0.7095
vn 0.0396 -0.6900 -0.7227
vn -0.5215 -0.4446 -0.7283
vn -0.0397 -0.6788 -0.7333
vn -0.4137 -0.5492 -0.7261
vn -0.6721 -0.0783 -0.7363
vn -0.6732 -0.0627 -0.7368
vn -0.6722 0.2210 -0.7066
vn -0.6648 0.2448 -0.7058
vn -0.6626 0.2595 -0.7026
vn 0.5465 0.5555 -0.6267
vn 0.6184 0.4861 -0.6175
vn 0.4720 0.6140 -0.6326
vn -0.0084 0.4823 -0.8759
vn -0.0084 0.4824 -0.8759
vn -0.0084 0.4823 -0.8760
vn -0.4495 0.2383 -0.8609
vn -0.3350 0.3528 -0.8737
vn -0.4191 0.2634 -0.8689
vn -0.3125 0.3701 -0.8749
vn -0.3124 0.3700 -0.8749
vn -0.4437 -0.3125 -0.8399
vn -0.3168 -0.4128 -0.8539
vn -0.3417 -0.3904 -0.8549
vn -0.4778 -0.2753 -0.8342
vn -0.4778 -0.2752 -0.8342
vn -0.4656 0.2992 -0.8329
vn -0.4970 0.2595 -0.8281
vn -0.3695 0.3845 -0.8460
vn -0.3464 0.4085 -0.8445
vn -0.3462 0.4087 -0.8445
vn -0.6061 -0.4710 -0.6409
vn -0.4596 -0.5986 -0.6561
vn -0.5341 -0.5403 -0.6502
vn 0.3062 -0.6285 -0.7150
vn 0.3664 -0.5916 -0.7182
vn 0.4070 -0.5701 -0.7137
vn -0.1188 -0.6754 -0.7278
vn 0.4054 -0.5752 -0.7105
vn 0.3057 -0.6493 -0.6964
vn -0.6033 -0.2964 -0.7404
vn 0.3602 -0.6103 -0.7056
vn -0.4812 0.5006 -0.7196
vn 0.1658 -0.6871 -0.7074
vn -0.0496 0.7057 -0.7067
vn -0.0973 0.6941 -0.7133
vn -0.0231 -0.7110 -0.7028
vn -0.2927 -0.6480 -0.7031
vn -0.0859 -0.7015 -0.7075
vn 0.1393 0.6962 -0.7042
vn 0.3087 0.6186 -0.7225
vn -0.6751 -0.2126 -0.7064
vn 0.4583 -0.4640 -0.7581
vn 0.3342 -0.5608 -0.7575
vn -0.7018 0.1724 -0.6912
vn -0.4020 0.6094 -0.6834
vn -0.1768 0.7120 -0.6796
vn -0.0747 0.7311 -0.6782
vn 0.0677 0.7346 -0.6751
vn 0.5964 0.4383 -0.6725
vn 0.4967 0.5512 -0.6704
vn 0.7252 -0.0610 -0.6858
vn 0.4139 -0.6062 -0.6791
vn -0.4096 0.5942 -0.6922
vn -0.2778 0.6692 -0.6892
vn 0.2900 0.6717 -0.6817
vn 0.1466 0.7227 -0.6754
vn -0.2543 0.6783 -0.6894
vn -0.0816 0.7074 -0.7021
vn 0.2995 0.6415 -0.7062
vn 0.6338 -0.3788 -0.6744
vn 0.0652 -0.7539 -0.6537
vn 0.4358 0.5593 -0.7052
vn 0.6000 0.3763 -0.7060
vn 0.6885 -0.1481 -0.7100
vn 0.5507 -0.4137 -0.7250
vn 0.7018 -0.0618 -0.7097
vn 0.4278 -0.5500 -0.7173
vn -0.0387 -0.6788 -0.7333
vn -0.5214 -0.4446 -0.7283
vn -0.0399 -0.6788 -0.7333
vn -0.4139 -0.5492 -0.7260
vn -0.6731 -0.0627 -0.7369
vn -0.6723 0.2210 -0.7065
vn -0.5018 0.5793 -0.6424
vn -0.6389 0.4410 -0.6303
vn -0.5719 0.5155 -0.6381
vn 0.8925 0.4508 0.0141
vn 0.8926 0.4507 0.0141
vn 0.9226 -0.3857 0.0044
vn 0.9704 -0.2413 0.0065
vn 0.9705 -0.2412 0.0067
vn 0.9507 0.3097 0.0129
vn 0.9507 0.3099 0.0129
vn 0.7137 -0.0608 -0.6978
vn 0.5853 0.4082 -0.7005
vn 0.5761 0.4233 -0.6992
vn 0.7123 -0.0925 -0.6957
vn 0.5717 0.3914 0.7211
vn 0.7000 -0.0773 0.7099
vn 0.5625 0.4063 0.7201
vn 0.6987 -0.1088 0.7071
vn 0.4690 0.5211 -0.7131
vn 0.7215 0.0264 -0.6919
vn 0.4524 0.5360 -0.7128
vn 0.6705 0.2612 -0.6944
vn 0.6637 -0.2677 -0.6985
vn 0.6552 -0.2909 -0.6972
vn 0.6614 0.2847 -0.6939
vn 0.7215 0.0255 -0.6919
vn 0.5066 -0.4870 -0.7114
vn 0.7218 0.0102 -0.6920
vn 0.4989 -0.4950 -0.7114
vn 0.7080 0.0096 0.7062
vn 0.4550 0.5038 0.7343
vn 0.4384 0.5187 0.7340
vn 0.4930 -0.5039 0.7093
vn 0.7079 0.0088 0.7062
vn 0.7083 -0.0071 0.7058
vn 0.4852 -0.5119 0.7089
vn 0.6501 -0.2845 0.7046
vn 0.6569 0.2445 0.7132
vn 0.6415 -0.3076 0.7027
vn 0.6479 0.2679 0.7131
vn 0.7205 -0.0845 -0.6883
vn 0.6579 0.2831 -0.6979
vn 0.7209 -0.0767 -0.6888
vn 0.6485 0.3060 -0.6970
vn 0.5916 0.4155 -0.6909
vn 0.5727 0.4449 -0.6885
vn 0.7042 0.1518 -0.6936
vn 0.6442 0.2663 0.7170
vn 0.7070 -0.1008 0.7000
vn 0.7074 -0.0933 0.7006
vn 0.6348 0.2893 0.7165
vn 0.5782 0.3987 0.7118
vn 0.6906 0.1350 0.7105
vn 0.5593 0.4284 0.7097
vn 0.6747 0.2600 -0.6907
vn 0.7182 0.0887 -0.6902
vn 0.6769 0.2690 -0.6851
vn 0.7046 0.0721 0.7059
vn 0.6612 0.2437 0.7095
vn 0.7046 0.0720 0.7059
vn 0.6633 0.2526 0.7044
vn 0.3695 0.9291 0.0147
vn 0.3695 0.9291 0.0146
vn 0.3695 0.9291 0.0144
vn 0.7178 -0.0527 -0.6942
vn 0.5603 0.4309 -0.7074
vn 0.5841 0.3994 -0.7066
vn 0.7173 -0.0683 -0.6934
vn 0.5464 0.4137 0.7282
vn 0.7043 -0.0692 0.7065
vn 0.5705 0.3824 0.7269
vn 0.7038 -0.0850 0.7053
vn 0.5623 0.4064 0.7202
vn 0.6987 -0.1087 0.7071
vn 0.7137 -0.0612 -0.6978
vn 0.5853 0.4083 -0.7005
vn 0.5762 0.4232 -0.6992
vn 0.4385 0.5187 0.7340
vn 0.7079 0.0096 0.7062
vn 0.4549 0.5038 0.7343
vn 0.6500 -0.2843 0.7047
vn 0.6569 0.2447 0.7132
vn 0.7083 -0.0067 0.7058
vn 0.4930 -0.5037 0.7094
vn 0.7079 0.0089 0.7062
vn 0.4853 -0.5119 0.7088
vn 0.7214 0.0262 -0.6920
vn 0.4527 0.5359 -0.7127
vn 0.5067 -0.4870 -0.7114
vn 0.7218 0.0099 -0.6920
vn 0.7215 0.0257 -0.6919
vn 0.6705 0.2611 -0.6944
vn 0.6637 -0.2676 -0.6984
vn 0.6551 -0.2910 -0.6972
vn 0.7074 -0.0932 0.7006
vn 0.6441 0.2664 0.7170
vn 0.7070 -0.1011 0.7000
vn 0.6348 0.2892 0.7165
vn 0.5593 0.4282 0.7098
vn 0.5781 0.3989 0.7118
vn 0.6906 0.1352 0.7105
vn 0.6578 0.2832 -0.6979
vn 0.7208 -0.0766 -0.6889
vn 0.5915 0.4156 -0.6909
vn 0.6634 0.2524 0.7044
vn 0.6747 0.2602 -0.6907
vn 0.7181 0.0886 -0.6903
vn 0.6768 0.2691 -0.6852
vn 0.5465 0.4136 0.7282
vn 0.7043 -0.0693 0.7065
vn 0.5704 0.3824 0.7269
vn 0.7038 -0.0847 0.7053
vn 0.5603 0.4308 -0.7074
vn 0.5841 0.3995 -0.7066
vn 0.7173 -0.0684 -0.6934
vn -0.2309 0.9729 0.0094
vn -0.2310 0.9729 0.0094
vn 0.1717 0.6932 -0.7000
vn -0.2527 0.6748 -0.6934
vn -0.2453 0.6764 -0.6945
vn 0.1789 0.6925 -0.6989
vn -0.6354 0.3167 -0.7042
vn -0.3900 0.7103 -0.5860
vn -0.6368 0.3097 -0.7061
vn -0.2662 0.6581 0.7043
vn 0.1576 0.6763 0.7196
vn -0.2589 0.6596 0.7056
vn 0.1653 0.6755 0.7186
vn -0.6490 0.3000 0.6991
vn -0.6505 0.2929 0.7007
vn -0.4014 0.6961 0.5952
vn -0.0508 0.7252 -0.6867
vn -0.3162 0.6517 -0.6894
vn -0.0194 0.7266 -0.6868
vn 0.4522 0.5361 -0.7128
vn -0.0186 0.7266 -0.6868
vn 0.4688 0.5212 -0.7131
vn -0.5525 0.4229 -0.7183
vn 0.1079 0.7061 -0.6998
vn 0.1398 0.6999 -0.7004
vn -0.5953 0.3642 -0.7162
vn -0.0332 0.7100 0.7034
vn -0.3296 0.6352 0.6985
vn -0.0645 0.7086 0.7027
vn -0.0324 0.7101 0.7034
vn 0.4383 0.5189 0.7339
vn 0.4548 0.5041 0.7342
vn 0.0941 0.6892 0.7184
vn -0.5664 0.4057 0.7174
vn 0.1260 0.6832 0.7193
vn -0.6091 0.3472 0.7130
vn 0.2974 0.6544 -0.6952
vn -0.2695 0.6631 -0.6983
vn 0.3059 0.6486 -0.6969
vn -0.2451 0.6764 -0.6945
vn -0.4927 0.5042 -0.7093
vn 0.0993 0.7104 -0.6968
vn -0.5063 0.4938 -0.7070
vn 0.1233 0.7052 -0.6982
vn -0.2833 0.6462 0.7086
vn 0.2836 0.6377 0.7162
vn 0.2925 0.6318 0.7179
vn -0.2588 0.6597 0.7056
vn -0.5200 0.4771 0.7085
vn 0.0853 0.6937 0.7152
vn -0.5064 0.4873 0.7114
vn 0.1095 0.6882 0.7172
vn 0.4018 0.5959 -0.6953
vn -0.1591 0.6951 -0.7011
vn 0.3643 0.6141 -0.7001
vn -0.1591 0.6950 -0.7012
vn -0.1730 0.6782 0.7142
vn 0.3882 0.5790 0.7170
vn 0.3506 0.5971 0.7215
vn -0.1729 0.6782 0.7142
vn -0.0366 0.9993 0.0116
vn 0.3693 0.9292 0.0146
vn -0.0354 0.9993 0.0115
vn 0.3693 0.9292 0.0148
vn -0.0358 0.9993 0.0116
vn 0.3693 0.9292 0.0147
vn -0.5317 0.5093 -0.6767
vn -0.0107 0.7153 -0.6987
vn -0.0818 0.7152 -0.6941
vn 0.5840 0.3998 -0.7065
vn 0.5600 0.4312 -0.7074
vn -0.0105 0.7153 -0.6987
vn -0.0244 0.6984 0.7153
vn -0.5448 0.4932 0.6782
vn -0.0953 0.6985 0.7092
vn -0.0243 0.6984 0.7153
vn 0.5463 0.4141 0.7281
vn 0.5700 0.3827 0.7271
vn 0.1577 0.6763 0.7196
vn -0.2588 0.6596 0.7056
vn 0.1652 0.6755 0.7186
vn -0.4014 0.6961 0.5953
vn 0.1715 0.6931 -0.7001
vn 0.1790 0.6924 -0.6989
vn -0.6354 0.3168 -0.7042
vn -0.3900 0.7102 -0.5861
vn -0.0329 0.7101 0.7033
vn -0.0642 0.7086 0.7027
vn 0.4546 0.5040 0.7344
vn -0.0323 0.7101 0.7033
vn 0.0942 0.6891 0.7185
vn -0.5664 0.4059 0.7173
vn 0.1261 0.6831 0.7194
vn -0.0193 0.7266 -0.6868
vn -0.0189 0.7267 -0.6867
vn 0.4687 0.5212 -0.7132
vn 0.4523 0.5362 -0.7127
vn -0.5525 0.4228 -0.7183
vn 0.1078 0.7063 -0.6997
vn 0.2924 0.6316 0.7180
vn -0.2829 0.6463 0.7087
vn 0.2838 0.6376 0.7162
vn 0.0856 0.6937 0.7152
vn 0.1097 0.6883 0.7171
vn -0.2696 0.6631 -0.6983
vn 0.3061 0.6486 -0.6969
vn -0.2450 0.6764 -0.6946
vn 0.0990 0.7104 -0.6968
vn -0.5062 0.4939 -0.7070
vn -0.4926 0.5042 -0.7093
vn 0.1234 0.7052 -0.6982
vn -0.1726 0.6782 0.7143
vn 0.3880 0.5791 0.7170
vn 0.3504 0.5972 0.7215
vn 0.4018 0.5958 -0.6954
vn -0.1593 0.6950 -0.7011
vn 0.3644 0.6141 -0.7001
vn -0.0954 0.6985 0.7092
vn -0.0244 0.6985 0.7152
vn -0.0241 0.6984 0.7153
vn 0.5462 0.4142 0.7281
vn 0.5601 0.4310 -0.7075
vn 0.5841 0.3997 -0.7065
vn -0.6192 0.3556 0.7001
vn -0.5678 0.4294 0.7023
vn -0.6194 0.3561 0.6997
vn -0.5573 0.4357 0.7068
vn -0.5286 0.4775 0.7019
vn -0.5287 0.4775 0.7018
vn -0.5803 0.4039 0.7071
vn -0.5804 0.4039 0.7071
vn -0.5288 0.4775 0.7017
vn -0.5438 0.4610 0.7012
vn -0.2592 0.6595 0.7056
vn -0.2667 0.6580 0.7042
vn 0.1660 0.6754 0.7185
vn 0.5622 0.4066 0.7202
vn 0.1581 0.6762 0.7196
vn 0.5714 0.3918 0.7211
vn 0.6988 -0.1095 0.7069
vn 0.5231 -0.5088 0.6838
vn 0.6999 -0.0786 0.7099
vn 0.5212 -0.5147 0.6808
vn -0.0205 -0.7159 0.6979
vn -0.5748 -0.4146 0.7055
vn -0.0210 -0.7159 0.6979
vn 0.0339 -0.7144 0.6989
vn -0.6895 -0.2449 0.6816
vn -0.4279 -0.5747 0.6976
vn -0.6910 -0.2374 0.6828
vn -0.3798 -0.6059 0.6990
vn 0.1428 -0.7010 0.6987
vn -0.4275 -0.5751 0.6975
vn 0.1441 -0.7010 0.6985
vn 0.5520 -0.4526 0.7003
vn 0.1439 -0.7010 0.6985
vn 0.5467 -0.4549 0.7030
vn 0.6694 -0.2125 0.7119
vn -0.3927 0.3631 0.8449
vn -0.0985 0.5313 0.8414
vn -0.4079 0.3468 0.8446
vn -0.0828 0.5324 0.8424
vn -0.5363 0.0417 0.8430
vn 0.1450 0.5370 0.8310
vn -0.5362 0.0339 0.8434
vn 0.1622 0.5247 0.8357
vn -0.3910 -0.3476 0.8522
vn 0.1543 0.5162 0.8425
vn 0.1381 0.5225 0.8414
vn -0.0754 -0.5471 0.8337
vn -0.0354 0.5312 0.8465
vn -0.0519 -0.5472 0.8354
vn 0.2898 -0.4319 0.8541
vn -0.2683 0.4520 0.8507
vn -0.2997 0.4284 0.8524
vn -0.4154 0.3384 0.8443
vn 0.3135 -0.4087 0.8571
vn 0.5257 -0.1253 0.8414
vn 0.5290 -0.0695 0.8458
vn 0.5424 0.0809 0.8362
vn -0.7169 0.0764 0.6930
vn -0.5662 0.4209 0.7087
vn -0.5590 0.4294 0.7093
vn -0.3297 0.6352 0.6985
vn -0.7169 0.0764 0.6929
vn -0.3297 0.6351 0.6985
vn -0.0326 0.7102 0.7033
vn -0.2835 -0.6569 0.6987
vn -0.6499 -0.2994 0.6986
vn -0.6421 -0.3151 0.6989
vn 0.4382 0.5189 0.7340
vn -0.0324 0.7100 0.7035
vn -0.0639 0.7086 0.7027
vn -0.2994 -0.6497 0.6988
vn 0.7079 0.0100 0.7062
vn 0.7083 -0.0057 0.7059
vn 0.2845 -0.6596 0.6957
vn 0.6414 -0.3081 0.7026
vn 0.2542 -0.6703 0.6972
vn 0.6498 -0.2849 0.7047
vn 0.6476 0.2686 0.7131
vn 0.1263 0.6829 0.7195
vn 0.6567 0.2451 0.7132
vn -0.7039 -0.1834 0.6862
vn -0.1394 -0.6962 0.7042
vn -0.1557 -0.6907 0.7062
vn -0.7027 -0.1911 0.6854
vn 0.0943 0.6891 0.7185
vn -0.0097 -0.0118 0.9999
vn -0.0094 -0.0119 0.9999
vn -0.0098 -0.0119 0.9999
vn 0.7074 -0.0936 0.7006
vn 0.5599 -0.4288 0.7090
vn 0.5525 -0.4378 0.7093
vn 0.3388 -0.6415 0.6882
vn 0.7070 -0.1012 0.7000
vn 0.3318 -0.6434 0.6899
vn 0.0353 -0.7297 0.6829
vn 0.2844 0.6375 0.7161
vn 0.6439 0.2671 0.7170
vn 0.6346 0.2898 0.7165
vn -0.4460 -0.5377 0.7155
vn 0.0348 -0.7297 0.6829
vn 0.0740 -0.7245 0.6853
vn 0.2931 0.6314 0.7180
vn -0.4462 -0.5377 0.7154
vn -0.7255 -0.0185 0.6879
vn -0.7253 -0.0266 0.6879
vn -0.2836 0.6461 0.7086
vn -0.6496 0.3159 0.6915
vn -0.2591 0.6595 0.7056
vn -0.6630 0.2911 0.6897
vn -0.6902 -0.2205 0.6892
vn -0.6761 -0.2534 0.6919
vn -0.1885 -0.6873 0.7015
vn -0.6900 -0.2215 0.6891
vn 0.5779 0.3992 0.7118
vn 0.0858 0.6935 0.7153
vn 0.1100 0.6883 0.7171
vn 0.5592 0.4287 0.7096
vn -0.1400 -0.6999 0.7004
vn 0.4162 -0.5918 0.6903
vn 0.5737 -0.4120 0.7079
vn 0.4081 -0.5992 0.6888
vn -0.5754 -0.0617 0.8156
vn -0.3689 0.3712 0.8521
vn -0.3525 0.3938 0.8489
vn -0.5827 -0.1793 0.7927
vn -0.5475 -0.5075 0.6653
vn 0.0120 0.5269 0.8499
vn 0.0360 0.5215 0.8525
vn 0.3651 0.3581 0.8593
vn 0.3651 0.3582 0.8593
vn 0.5272 0.0249 0.8494
vn 0.5272 0.0250 0.8494
vn 0.4055 -0.3343 0.8508
vn 0.4128 -0.3260 0.8505
vn 0.0739 -0.5427 0.8367
vn 0.0583 -0.5437 0.8373
vn -0.2020 -0.5370 0.8190
vn -0.2266 -0.5145 0.8270
vn -0.2113 -0.5067 0.8358
vn -0.1866 -0.5200 0.8335
vn -0.0277 -0.5615 0.8270
vn 0.1136 -0.5486 0.8283
vn 0.1371 -0.5407 0.8300
vn 0.1916 -0.5229 0.8306
vn 0.6633 0.2532 0.7042
vn 0.3885 0.5788 0.7170
vn 0.6611 0.2440 0.7095
vn 0.3509 0.5970 0.7214
vn -0.1734 0.6781 0.7142
vn -0.6599 0.2431 0.7109
vn -0.1733 0.6780 0.7143
vn -0.6714 0.2209 0.7074
vn 0.6056 -0.3729 0.7030
vn 0.5508 -0.4442 0.7066
vn 0.5436 -0.4525 0.7069
vn 0.5092 -0.4964 0.7031
vn 0.5822 -0.3970 0.7095
vn 0.5300 -0.4779 0.7005
vn 0.2459 -0.6762 0.6945
vn 0.2531 -0.6746 0.6934
vn -0.1718 -0.6931 0.7001
vn -0.5831 -0.4154 0.6982
vn -0.1721 -0.6930 0.7001
vn -0.5943 -0.3937 0.7013
vn -0.7074 0.1096 0.6983
vn -0.5504 0.4907 0.6755
vn -0.7127 0.0853 0.6963
vn -0.5449 0.4930 0.6782
vn -0.0248 0.6984 0.7153
vn 0.5462 0.4139 0.7283
vn -0.0238 0.6985 0.7152
vn -0.0949 0.6986 0.7092
vn 0.7041 -0.0698 0.7067
vn 0.7037 -0.0855 0.7054
vn 0.6544 -0.2598 0.7101
vn -0.6192 0.3561 0.6999
vn -0.5677 0.4295 0.7023
vn -0.6192 0.3562 0.6998
vn -0.5803 0.4039 0.7072
vn -0.5287 0.4774 0.7018
vn -0.2593 0.6595 0.7056
vn -0.2665 0.6580 0.7043
vn 0.1661 0.6754 0.7185
vn 0.5622 0.4065 0.7202
vn 0.1583 0.6762 0.7195
vn 0.5713 0.3920 0.7211
vn 0.6988 -0.1096 0.7069
vn 0.7000 -0.0785 0.7099
vn -0.0204 -0.7159 0.6979
vn 0.0340 -0.7144 0.6989
vn -0.3796 -0.6060 0.6990
vn 0.1433 -0.7010 0.6986
vn -0.4276 -0.5750 0.6975
vn 0.1438 -0.7010 0.6985
vn 0.2898 -0.4318 0.8541
vn 0.5423 0.0809 0.8363
vn -0.0754 -0.5470 0.8337
vn -0.5362 0.0418 0.8430
vn -0.4154 0.3385 0.8443
vn -0.7169 0.0767 0.6929
vn -0.7169 0.0766 0.6929
vn -0.2834 -0.6569 0.6987
vn -0.6500 -0.2994 0.6985
vn -0.2996 -0.6496 0.6987
vn -0.0331 0.7100 0.7034
vn -0.0638 0.7086 0.7027
vn 0.4382 0.5190 0.7339
vn 0.2848 -0.6595 0.6957
vn 0.6414 -0.3080 0.7027
vn 0.2543 -0.6703 0.6972
vn 0.6499 -0.2849 0.7046
vn 0.7079 0.0102 0.7062
vn 0.4384 0.5188 0.7339
vn 0.7083 -0.0056 0.7059
vn 0.6477 0.2683 0.7131
vn 0.1263 0.6830 0.7194
vn 0.6567 0.2453 0.7132
vn -0.1557 -0.6908 0.7061
vn -0.1394 -0.6961 0.7043
vn -0.7026 -0.1911 0.6854
vn 0.5595 -0.4292 0.7090
vn 0.7074 -0.0934 0.7006
vn 0.3389 -0.6416 0.6881
vn 0.6346 0.2897 0.7165
vn 0.2840 0.6375 0.7162
vn 0.6440 0.2669 0.7170
vn 0.2928 0.6315 0.7180
vn 0.0354 -0.7297 0.6829
vn 0.0738 -0.7245 0.6854
vn -0.2837 0.6461 0.7086
vn -0.6630 0.2912 0.6897
vn -0.6902 -0.2209 0.6891
vn -0.4462 -0.5376 0.7154
vn -0.7255 -0.0186 0.6880
vn -0.1883 -0.6872 0.7016
vn -0.6899 -0.2215 0.6892
vn 0.4082 -0.5991 0.6888
vn 0.4162 -0.5919 0.6902
vn 0.5736 -0.4122 0.7079
vn 0.0861 0.6936 0.7152
vn 0.1102 0.6882 0.7171
vn -0.2020 -0.5371 0.8190
vn -0.2265 -0.5145 0.8270
vn 0.5272 0.0248 0.8494
vn 0.1371 -0.5407 0.8299
vn -0.5827 -0.1792 0.7927
vn -0.5475 -0.5076 0.6652
vn 0.6633 0.2531 0.7043
vn 0.3885 0.5789 0.7169
vn 0.3513 0.5969 0.7213
vn -0.6599 0.2433 0.7109
vn -0.1739 0.6779 0.7143
vn -0.1736 0.6781 0.7142
vn -0.6714 0.2208 0.7074
vn 0.5508 -0.4441 0.7067
vn 0.5093 -0.4964 0.7030
vn 0.5301 -0.4778 0.7005
vn 0.2458 -0.6763 0.6945
vn -0.5831 -0.4156 0.6981
vn -0.1720 -0.6930 0.7001
vn -0.1720 -0.6931 0.7001
vn -0.7074 0.1097 0.6983
vn -0.7127 0.0851 0.6963
vn -0.5449 0.4929 0.6783
vn 0.5461 0.4139 0.7283
vn -0.0951 0.6986 0.7092
vn -0.8537 0.5208 -0.0021
vn -0.8537 0.5207 -0.0021
vn -0.9924 0.1227 -0.0082
vn -0.9924 0.1228 -0.0082
vn -0.9580 -0.2863 -0.0127
vn -0.6355 0.3164 -0.7043
vn -0.5611 -0.3974 -0.7261
vn -0.5775 -0.3742 -0.7256
vn -0.6368 0.3096 -0.7061
vn -0.5750 -0.4145 0.7054
vn -0.6491 0.2999 0.6991
vn -0.5914 -0.3911 0.7052
vn -0.6504 0.2928 0.7009
vn -0.7052 -0.0642 -0.7061
vn -0.6777 -0.2204 -0.7015
vn -0.6763 -0.2281 -0.7004
vn -0.6762 -0.2286 -0.7004
vn -0.4142 -0.5579 -0.7192
vn -0.3665 -0.5888 -0.7204
vn -0.7187 -0.0809 0.6906
vn -0.6911 -0.2369 0.6828
vn -0.6897 -0.2443 0.6816
vn -0.4281 -0.5747 0.6975
vn -0.6896 -0.2451 0.6815
vn -0.3801 -0.6057 0.6990
vn -0.6363 -0.2822 -0.7180
vn -0.7034 0.0926 -0.7047
vn -0.7034 0.0927 -0.7047
vn -0.6286 -0.2977 -0.7185
vn -0.5525 0.4227 -0.7184
vn -0.7789 -0.0759 -0.6225
vn -0.6892 -0.1745 -0.7032
vn -0.6904 -0.1668 -0.7040
vn -0.7450 0.3491 -0.5684
vn -0.7170 0.0761 0.6929
vn -0.6502 -0.2988 0.6985
vn -0.7170 0.0760 0.6929
vn -0.6422 -0.3146 0.6990
vn -0.7028 -0.1911 0.6852
vn -0.7561 0.3356 0.5619
vn -0.7908 -0.0905 0.6054
vn -0.5665 0.4056 0.7173
vn -0.4462 -0.5024 -0.7406
vn -0.7119 -0.0100 -0.7022
vn -0.4321 -0.5203 -0.7366
vn -0.6626 -0.2363 -0.7107
vn -0.6499 0.3071 -0.6952
vn -0.6766 -0.2043 -0.7074
vn -0.7119 -0.0092 -0.7022
vn -0.5067 0.4935 -0.7069
vn -0.7121 -0.0011 -0.7021
vn -0.4930 0.5039 -0.7093
vn -0.4461 -0.5375 0.7156
vn -0.7253 -0.0263 0.6879
vn -0.4603 -0.5199 0.7196
vn -0.5201 0.4767 0.7087
vn -0.7254 -0.0257 0.6879
vn -0.7256 -0.0176 0.6879
vn -0.5066 0.4870 0.7115
vn -0.6633 0.2910 0.6895
vn -0.6763 -0.2528 0.6919
vn -0.6901 -0.2209 0.6892
vn -0.6462 0.2600 -0.7175
vn -0.7497 -0.2404 -0.6166
vn -0.6577 0.2378 -0.7148
vn -0.6601 0.2430 0.7108
vn -0.7614 -0.2550 0.5960
vn -0.6991 0.1012 -0.7078
vn -0.5808 -0.3761 -0.7219
vn -0.5697 -0.3981 -0.7190
vn -0.6938 0.1254 -0.7091
vn -0.5945 -0.3933 0.7013
vn -0.7127 0.0845 0.6963
vn -0.5834 -0.4149 0.6982
vn -0.7075 0.1087 0.6984
vn -0.8812 -0.4725 -0.0142
vn -0.9998 0.0194 -0.0094
vn -0.9998 0.0197 -0.0094
vn -0.8627 0.5057 -0.0023
vn -0.8626 0.5059 -0.0023
vn -0.5749 -0.4145 0.7055
vn -0.6505 0.2927 0.7008
vn -0.6355 0.3166 -0.7042
vn -0.5774 -0.3741 -0.7257
vn -0.6369 0.3096 -0.7061
vn -0.3694 -0.9291 -0.0147
vn -0.3695 -0.9291 -0.0144
vn -0.3694 -0.9291 -0.0146
vn -0.7186 -0.0809 0.6907
vn -0.6911 -0.2372 0.6827
vn -0.6897 -0.2446 0.6815
vn -0.4280 -0.5747 0.6975
vn -0.6896 -0.2452 0.6814
vn -0.6777 -0.2207 -0.7014
vn -0.6763 -0.2280 -0.7004
vn -0.6762 -0.2287 -0.7004
vn -0.4142 -0.5579 -0.7191
vn -0.3664 -0.5888 -0.7205
vn -0.6501 -0.2991 0.6985
vn -0.7169 0.0761 0.6930
vn -0.5665 0.4055 0.7174
vn -0.6091 0.3472 0.7131
vn -0.7561 0.3355 0.5619
vn -0.6364 -0.2820 -0.7179
vn -0.7034 0.0924 -0.7047
vn -0.7034 0.0928 -0.7047
vn -0.6285 -0.2978 -0.7185
vn -0.6904 -0.1668 -0.7039
vn -0.7451 0.3491 -0.5683
vn -0.6893 -0.1746 -0.7031
vn -0.7789 -0.0758 -0.6226
vn -0.4463 -0.5375 0.7155
vn -0.7254 -0.0264 0.6878
vn -0.4604 -0.5197 0.7197
vn -0.6901 -0.2207 0.6892
vn -0.6633 0.2909 0.6895
vn -0.6762 -0.2527 0.6920
vn -0.5202 0.4766 0.7087
vn -0.7253 -0.0254 0.6879
vn -0.7256 -0.0180 0.6879
vn -0.7119 -0.0099 -0.7022
vn -0.4324 -0.5202 -0.7365
vn -0.4463 -0.5023 -0.7406
vn -0.5065 0.4936 -0.7070
vn -0.7121 -0.0014 -0.7021
vn -0.4931 0.5038 -0.7093
vn -0.6498 0.3074 -0.6952
vn -0.7614 -0.2550 0.5961
vn -0.6600 0.2430 0.7109
vn -0.6462 0.2599 -0.7176
vn -0.5946 -0.3932 0.7013
vn -0.7127 0.0847 0.6963
vn -0.5834 -0.4147 0.6983
vn -0.7074 0.1083 0.6984
vn -0.5696 -0.3980 -0.7191
vn -0.6991 0.1009 -0.7078
vn -0.5807 -0.3763 -0.7219
vn -0.6938 0.1252 -0.7092
vn 0.6968 -0.7173 -0.0018
vn 0.6969 -0.7172 -0.0018
vn 0.9705 -0.2412 0.0065
vn 0.9705 -0.2412 0.0064
vn 0.5344 -0.4985 -0.6826
vn -0.0070 -0.6990 -0.7151
vn 0.0481 -0.6975 -0.7150
vn -0.0072 -0.6991 -0.7150
vn -0.5773 -0.3744 -0.7256
vn -0.5609 -0.3978 -0.7261
vn -0.0206 -0.7158 0.6980
vn 0.5211 -0.5149 0.6807
vn 0.0344 -0.7144 0.6989
vn -0.5911 -0.3914 0.7053
vn -0.0213 -0.7158 0.6980
vn -0.5748 -0.4147 0.7054
vn 0.1569 -0.6842 -0.7122
vn -0.4138 -0.5582 -0.7192
vn 0.1568 -0.6842 -0.7122
vn 0.1433 -0.7011 0.6985
vn -0.4273 -0.5750 0.6977
vn 0.1431 -0.7010 0.6986
vn -0.2693 -0.6402 -0.7195
vn 0.2979 -0.6430 -0.7055
vn -0.2854 -0.6329 -0.7197
vn 0.2672 -0.6538 -0.7079
vn 0.4986 -0.4953 -0.7114
vn -0.1254 -0.6792 -0.7232
vn 0.5064 -0.4872 -0.7115
vn -0.1416 -0.6737 -0.7253
vn 0.2840 -0.6598 0.6957
vn -0.2829 -0.6571 0.6987
vn -0.2991 -0.6499 0.6987
vn 0.2537 -0.6706 0.6971
vn -0.1391 -0.6962 0.7042
vn 0.4849 -0.5122 0.7089
vn 0.4927 -0.5041 0.7093
vn -0.1555 -0.6907 0.7062
vn 0.3452 -0.6269 -0.6984
vn 0.0489 -0.7132 -0.6993
vn 0.0881 -0.7070 -0.7017
vn -0.4319 -0.5206 -0.7365
vn 0.0481 -0.7132 -0.6993
vn -0.4459 -0.5027 -0.7406
vn -0.1261 -0.6830 -0.7195
vn -0.1743 -0.6705 -0.7212
vn 0.4212 -0.5828 -0.6949
vn 0.4294 -0.5757 -0.6958
vn 0.3318 -0.6435 0.6898
vn 0.0743 -0.7235 0.6863
vn 0.0353 -0.7296 0.6829
vn -0.4461 -0.5378 0.7154
vn -0.4601 -0.5200 0.7196
vn 0.4079 -0.5993 0.6888
vn -0.1880 -0.6874 0.7015
vn -0.1398 -0.7000 0.7003
vn 0.4161 -0.5923 0.6900
vn -0.1579 -0.6762 -0.7196
vn 0.2663 -0.6581 -0.7043
vn 0.2589 -0.6596 -0.7056
vn -0.1578 -0.6763 -0.7195
vn 0.2525 -0.6748 0.6934
vn -0.1716 -0.6932 0.7000
vn 0.2451 -0.6764 0.6945
vn -0.1715 -0.6932 0.7001
vn -0.0207 -0.7159 0.6979
vn 0.5212 -0.5148 0.6807
vn 0.0343 -0.7144 0.6989
vn -0.5911 -0.3915 0.7052
vn -0.0211 -0.7159 0.6979
vn -0.5748 -0.4149 0.7054
vn 0.5344 -0.4988 -0.6824
vn 0.0480 -0.6975 -0.7150
vn -0.0073 -0.6990 -0.7151
vn -0.5772 -0.3746 -0.7256
vn -0.5610 -0.3977 -0.7260
vn 0.0357 -0.9993 -0.0116
vn -0.3693 -0.9292 -0.0144
vn 0.0365 -0.9993 -0.0116
vn -0.3693 -0.9292 -0.0146
vn -0.3692 -0.9292 -0.0146
vn 0.0354 -0.9993 -0.0116
vn 0.1432 -0.7011 0.6985
vn 0.1434 -0.7010 0.6986
vn -0.2988 -0.6500 0.6987
vn 0.2842 -0.6597 0.6957
vn -0.2827 -0.6572 0.6987
vn 0.2538 -0.6705 0.6971
vn 0.4926 -0.5042 0.7093
vn -0.1391 -0.6963 0.7042
vn 0.4849 -0.5121 0.7090
vn -0.1555 -0.6908 0.7061
vn 0.2979 -0.6432 -0.7054
vn 0.2675 -0.6538 -0.7078
vn -0.1252 -0.6791 -0.7233
vn 0.5063 -0.4873 -0.7114
vn 0.4986 -0.4954 -0.7113
vn 0.3317 -0.6435 0.6898
vn 0.0344 -0.7297 0.6829
vn -0.4601 -0.5201 0.7196
vn 0.4161 -0.5922 0.6900
vn 0.3452 -0.6271 -0.6983
vn 0.0487 -0.7132 -0.6993
vn 0.0880 -0.7070 -0.7017
vn 0.0479 -0.7132 -0.6993
vn -0.4320 -0.5206 -0.7365
vn 0.4211 -0.5829 -0.6949
vn -0.1260 -0.6832 -0.7193
vn 0.4295 -0.5758 -0.6957
vn 0.2527 -0.6748 0.6934
vn -0.1716 -0.6931 0.7001
vn 0.2450 -0.6763 0.6946
vn -0.1714 -0.6931 0.7001
vn -0.1575 -0.6763 -0.7196
vn 0.2660 -0.6582 -0.7043
vn -0.1576 -0.6764 -0.7195
vn 0.2297 -0.9732 -0.0094
vn 0.2310 -0.9729 -0.0094
vn 0.2306 -0.9730 -0.0094
vn 0.2309 -0.9729 -0.0094
vn -0.6056 0.3723 -0.7033
vn -0.5540 0.4462 -0.7028
vn -0.5436 0.4525 -0.7069
vn -0.6059 0.3729 -0.7027
vn -0.5151 0.4942 -0.7003
vn -0.5150 0.4942 -0.7004
vn -0.5666 0.4208 -0.7084
vn -0.5667 0.4208 -0.7084
vn -0.5304 0.4777 -0.7004
vn -0.2460 0.6761 -0.6945
vn -0.2531 0.6747 -0.6934
vn 0.5758 0.4235 -0.6994
vn 0.1794 0.6923 -0.6990
vn 0.1721 0.6930 -0.7001
vn 0.5851 0.4088 -0.7004
vn 0.5363 -0.4926 -0.6854
vn 0.7122 -0.0928 -0.6958
vn 0.7137 -0.0620 -0.6978
vn 0.5344 -0.4983 -0.6827
vn -0.0067 -0.6990 -0.7151
vn -0.5608 -0.3977 -0.7262
vn 0.0475 -0.6975 -0.7150
vn -0.0075 -0.6990 -0.7151
vn -0.4140 -0.5579 -0.7193
vn -0.6762 -0.2284 -0.7004
vn -0.6775 -0.2210 -0.7015
vn 0.1566 -0.6842 -0.7122
vn -0.3659 -0.5891 -0.7205
vn -0.4138 -0.5580 -0.7193
vn 0.5657 -0.4361 -0.6998
vn 0.1578 -0.6842 -0.7121
vn 0.1575 -0.6842 -0.7121
vn 0.5603 -0.4382 -0.7029
vn 0.6832 -0.1956 -0.7036
vn -0.3763 0.3832 -0.8436
vn -0.0824 0.5512 -0.8303
vn -0.0667 0.5523 -0.8310
vn 0.1609 0.5566 -0.8150
vn -0.3915 0.3669 -0.8439
vn 0.1781 0.5444 -0.8197
vn -0.5198 0.0619 -0.8520
vn 0.1705 0.5359 -0.8269
vn -0.5198 0.0541 -0.8526
vn 0.1542 0.5425 -0.8258
vn -0.3744 -0.3272 -0.8676
vn -0.0192 0.5513 -0.8341
vn -0.3743 -0.3272 -0.8677
vn -0.0192 0.5512 -0.8342
vn -0.0591 -0.5271 -0.8478
vn -0.2519 0.4721 -0.8448
vn -0.2833 0.4487 -0.8476
vn -0.3990 0.3586 -0.8439
vn -0.0356 -0.5271 -0.8491
vn 0.3064 -0.4115 -0.8584
vn 0.3301 -0.3883 -0.8604
vn 0.5420 -0.1053 -0.8337
vn 0.5453 -0.0494 -0.8368
vn 0.5584 0.1008 -0.8234
vn -0.7034 0.0934 -0.7047
vn -0.5523 0.4381 -0.7092
vn -0.7034 0.0935 -0.7047
vn -0.5453 0.4462 -0.7096
vn -0.3162 0.6517 -0.6895
vn -0.6362 -0.2827 -0.7179
vn -0.2697 -0.6400 -0.7195
vn -0.6284 -0.2982 -0.7185
vn -0.2859 -0.6328 -0.7196
vn -0.0192 0.7266 -0.6868
vn -0.0502 0.7252 -0.6867
vn 0.6549 -0.2916 -0.6972
vn 0.2985 -0.6428 -0.7055
vn 0.2678 -0.6537 -0.7078
vn 0.6635 -0.2683 -0.6985
vn 0.7218 0.0106 -0.6920
vn 0.4525 0.5357 -0.7129
vn 0.7215 0.0263 -0.6919
vn 0.1401 0.6999 -0.7004
vn 0.6613 0.2852 -0.6938
vn 0.6702 0.2621 -0.6943
vn 0.1080 0.7060 -0.6999
vn -0.1257 -0.6791 -0.7232
vn -0.6904 -0.1669 -0.7039
vn -0.1420 -0.6737 -0.7252
vn -0.6893 -0.1747 -0.7031
vn 0.0097 0.0120 -0.9999
vn 0.0097 0.0118 -0.9999
vn 0.7208 -0.0769 -0.6888
vn 0.5734 -0.4125 -0.7079
vn 0.7205 -0.0848 -0.6883
vn 0.5663 -0.4209 -0.7086
vn 0.3523 -0.6250 -0.6966
vn 0.6483 0.3066 -0.6970
vn 0.6577 0.2835 -0.6979
vn 0.2979 0.6542 -0.6952
vn 0.3453 -0.6269 -0.6984
vn 0.3067 0.6484 -0.6968
vn 0.0486 -0.7132 -0.6993
vn 0.0874 -0.7070 -0.7018
vn -0.6361 0.3325 -0.6963
vn -0.2701 0.6628 -0.6984
vn -0.2457 0.6762 -0.6946
vn -0.6497 0.3077 -0.6952
vn -0.6766 -0.2044 -0.7074
vn -0.7119 -0.0097 -0.7022
vn -0.7121 -0.0019 -0.7021
vn -0.1746 -0.6703 -0.7213
vn -0.6626 -0.2368 -0.7106
vn -0.6765 -0.2047 -0.7074
vn -0.1263 -0.6829 -0.7195
vn 0.4298 -0.5755 -0.6958
vn 0.4214 -0.5826 -0.6950
vn 0.5890 -0.3888 -0.7085
vn 0.0995 0.7104 -0.6967
vn 0.5915 0.4159 -0.6908
vn 0.1240 0.7050 -0.6983
vn 0.5727 0.4453 -0.6883
vn -0.5594 -0.0421 -0.8278
vn -0.3524 0.3915 -0.8500
vn -0.5672 -0.1602 -0.8078
vn -0.5344 -0.4916 -0.6876
vn -0.3361 0.4140 -0.8460
vn 0.0283 0.5470 -0.8367
vn 0.0524 0.5415 -0.8391
vn 0.3816 0.3785 -0.8433
vn 0.5435 0.0450 -0.8382
vn 0.4219 -0.3141 -0.8505
vn 0.4292 -0.3057 -0.8499
vn 0.0903 -0.5226 -0.8478
vn 0.0746 -0.5237 -0.8486
vn -0.1859 -0.5174 -0.8353
vn -0.2103 -0.4946 -0.8433
vn -0.1950 -0.4866 -0.8516
vn -0.1703 -0.5000 -0.8491
vn -0.0115 -0.5417 -0.8405
vn 0.1297 -0.5288 -0.8388
vn 0.1533 -0.5208 -0.8398
vn 0.2078 -0.5031 -0.8389
vn 0.4023 0.5955 -0.6954
vn 0.6767 0.2696 -0.6852
vn 0.6746 0.2608 -0.6906
vn 0.3650 0.6138 -0.7001
vn -0.6461 0.2601 -0.7176
vn -0.1598 0.6949 -0.7011
vn -0.1600 0.6949 -0.7011
vn 0.6192 -0.3563 -0.6998
vn 0.5645 -0.4272 -0.7063
vn 0.5573 -0.4357 -0.7068
vn 0.6192 -0.3562 -0.6998
vn 0.5228 -0.4797 -0.7047
vn 0.5228 -0.4796 -0.7047
vn 0.5960 -0.3801 -0.7073
vn 0.5960 -0.3801 -0.7074
vn 0.5436 -0.4612 -0.7013
vn 0.5572 -0.4357 -0.7069
vn 0.2593 -0.6595 -0.7056
vn 0.2665 -0.6581 -0.7042
vn -0.5694 -0.3985 -0.7190
vn -0.1582 -0.6762 -0.7196
vn -0.1583 -0.6762 -0.7195
vn -0.5806 -0.3767 -0.7218
vn -0.5374 0.5068 -0.6741
vn -0.6937 0.1261 -0.7092
vn -0.6990 0.1020 -0.7078
vn -0.5318 0.5091 -0.6768
vn -0.0108 0.7152 -0.6988
vn -0.0103 0.7152 -0.6989
vn 0.5601 0.4311 -0.7074
vn -0.0812 0.7153 -0.6941
vn 0.7177 -0.0535 -0.6943
vn 0.6681 -0.2430 -0.7033
vn 0.7172 -0.0692 -0.6934
vn -0.5540 0.4463 -0.7027
vn -0.6058 0.3728 -0.7029
vn -0.5152 0.4941 -0.7003
vn -0.5667 0.4208 -0.7083
vn -0.5667 0.4207 -0.7084
vn -0.5302 0.4777 -0.7005
vn -0.2532 0.6746 -0.6934
vn 0.5759 0.4236 -0.6992
vn 0.1795 0.6923 -0.6989
vn 0.1720 0.6931 -0.7001
vn 0.5852 0.4088 -0.7003
vn 0.7122 -0.0929 -0.6958
vn 0.7137 -0.0619 -0.6978
vn -0.0069 -0.6990 -0.7151
vn -0.5609 -0.3977 -0.7261
vn 0.0474 -0.6975 -0.7150
vn -0.0071 -0.6990 -0.7151
vn -0.4140 -0.5578 -0.7193
vn 0.1566 -0.6843 -0.7122
vn -0.3658 -0.5891 -0.7205
vn -0.4137 -0.5581 -0.7193
vn 0.5658 -0.4360 -0.6998
vn 0.6831 -0.1956 -0.7036
vn 0.3301 -0.3882 -0.8604
vn 0.3064 -0.4115 -0.8583
vn -0.0356 -0.5272 -0.8490
vn -0.0591 -0.5270 -0.8478
vn 0.1705 0.5360 -0.8268
vn -0.2518 0.4721 -0.8448
vn -0.2832 0.4487 -0.8476
vn -0.7034 0.0931 -0.7047
vn -0.5453 0.4463 -0.7096
vn -0.5524 0.4380 -0.7093
vn -0.7034 0.0932 -0.7047
vn -0.0195 0.7266 -0.6868
vn -0.2697 -0.6399 -0.7196
vn -0.6362 -0.2826 -0.7179
vn 0.4522 0.5362 -0.7128
vn -0.0504 0.7251 -0.6868
vn -0.2858 -0.6328 -0.7197
vn 0.4525 0.5359 -0.7128
vn 0.7214 0.0263 -0.6920
vn 0.7218 0.0108 -0.6920
vn 0.6548 -0.2913 -0.6974
vn 0.2983 -0.6428 -0.7055
vn 0.2677 -0.6537 -0.7078
vn 0.6635 -0.2685 -0.6984
vn 0.1400 0.6999 -0.7004
vn 0.6613 0.2853 -0.6938
vn 0.6704 0.2619 -0.6943
vn -0.1419 -0.6737 -0.7253
vn -0.1255 -0.6792 -0.7232
vn 0.7208 -0.0774 -0.6888
vn 0.5733 -0.4125 -0.7079
vn 0.3522 -0.6250 -0.6967
vn 0.7205 -0.0847 -0.6883
vn 0.3452 -0.6268 -0.6985
vn 0.0484 -0.7132 -0.6993
vn 0.2980 0.6542 -0.6952
vn 0.6483 0.3066 -0.6969
vn 0.6577 0.2837 -0.6979
vn 0.0480 -0.7132 -0.6993
vn 0.0873 -0.7070 -0.7018
vn 0.3067 0.6483 -0.6969
vn -0.4321 -0.5201 -0.7367
vn -0.7121 -0.0020 -0.7021
vn -0.6362 0.3325 -0.6962
vn -0.2700 0.6628 -0.6984
vn -0.2456 0.6762 -0.6946
vn -0.6496 0.3077 -0.6952
vn -0.6626 -0.2366 -0.7106
vn -0.6765 -0.2048 -0.7074
vn 0.0998 0.7103 -0.6968
vn 0.1238 0.7050 -0.6983
vn 0.5727 0.4452 -0.6883
vn -0.1263 -0.6830 -0.7194
vn 0.4216 -0.5824 -0.6950
vn 0.5874 -0.3953 -0.7062
vn 0.4297 -0.5754 -0.6959
vn 0.4219 -0.3140 -0.8505
vn 0.4293 -0.3057 -0.8499
vn 0.3815 0.3785 -0.8433
vn -0.1949 -0.4865 -0.8517
vn 0.0524 0.5418 -0.8389
vn 0.0283 0.5470 -0.8366
vn -0.3361 0.4140 -0.8459
vn 0.2077 -0.5031 -0.8389
vn -0.5344 -0.4915 -0.6877
vn 0.4022 0.5956 -0.6953
vn 0.6767 0.2697 -0.6851
vn 0.6746 0.2607 -0.6906
vn 0.3648 0.6139 -0.7001
vn -0.1598 0.6950 -0.7011
vn -0.6578 0.2378 -0.7147
vn 0.6192 -0.3560 -0.6999
vn 0.5645 -0.4273 -0.7062
vn 0.5229 -0.4797 -0.7046
vn 0.5961 -0.3801 -0.7072
vn 0.5437 -0.4611 -0.7013
vn 0.2592 -0.6595 -0.7056
vn 0.2666 -0.6581 -0.7042
vn -0.1585 -0.6762 -0.7195
vn -0.1582 -0.6762 -0.7195
vn -0.5805 -0.3768 -0.7219
vn -0.6991 0.1017 -0.7078
vn -0.5374 0.5067 -0.6741
vn -0.6936 0.1263 -0.7092
vn -0.5317 0.5091 -0.6768
vn -0.0107 0.7151 -0.6989
vn -0.0100 0.7152 -0.6989
vn -0.0815 0.7153 -0.6941
vn 0.7172 -0.0690 -0.6934
vn 0.7177 -0.0533 -0.6943
vn 0.6681 -0.2429 -0.7033
vn 0.6814 0.7317 0.0154
vn 0.6814 0.7318 0.0153
vn 0.7321 -0.6812 -0.0010
vn 0.7320 -0.6813 -0.0010
vn 0.6814 0.7317 0.0153
vn -0.7319 0.6814 0.0010
vn 0.6812 0.7319 0.0152
vn 0.6811 0.7320 0.0153
vn 0.6810 0.7321 0.0153
vn 0.6809 0.7322 0.0153
vn 0.3560 -0.2815 0.8911
vn 0.3357 0.2857 0.8976
vn -0.3530 -0.3069 0.8839
vn -0.0097 -0.0122 0.9999
vn -0.3733 0.2604 0.8904
vn -0.7320 0.6813 0.0010
vn -0.6814 -0.7318 -0.0152
vn -0.6815 -0.7317 -0.0154
vn -0.7320 0.6813 0.0009
vn -0.6814 -0.7317 -0.0153
vn -0.6815 -0.7317 -0.0155
vn -0.6810 -0.7321 -0.0154
vn -0.6811 -0.7320 -0.0153
vn 0.7319 -0.6814 -0.0010
vn 0.7319 -0.6814 -0.0011
vn -0.6812 -0.7319 -0.0154
vn -0.6811 -0.7320 -0.0152
vn 0.3733 -0.2604 -0.8904
vn 0.3529 0.3068 -0.8839
vn -0.3357 -0.2857 -0.8976
vn 0.0097 0.0117 -0.9999
vn -0.3560 0.2815 -0.8911
vn 0.9993 0.0357 0.0102
vn 0.9993 0.0359 0.0101
vn 0.1165 0.7195 0.6847
vn 0.1296 0.7350 -0.6656
vn 0.0899 0.9959 0.0124
vn 0.1827 0.0176 -0.9830
vn 0.1636 -0.0053 0.9865
vn 0.1684 -0.7244 0.6685
vn 0.1814 -0.7086 -0.6819
vn 0.1613 -0.9869 -0.0099
vn 0.9993 0.0357 0.0100
vn -0.0196 0.7381 -0.6744
vn 0.0902 0.9958 0.0127
vn 0.1298 0.7353 -0.6652
vn 0.1166 0.7193 0.6848
vn -0.0328 0.7219 0.6912
vn -0.0075 0.4608 -0.8875
vn -0.0076 0.4608 -0.8875
vn -0.0213 0.7741 -0.6327
vn -0.0213 0.7745 -0.6322
vn -0.0337 0.7592 0.6500
vn -0.0337 0.7595 0.6496
vn -0.0248 0.4395 0.8979
vn -0.0359 0.9993 0.0116
vn -0.0328 0.7218 0.6913
vn -0.0196 0.7380 -0.6745
vn 0.1167 0.7191 0.6851
vn -0.0328 0.7215 0.6916
vn 0.1635 -0.0055 0.9865
vn 0.1684 -0.7246 0.6683
vn 0.0195 -0.7377 0.6748
vn -0.0247 0.4394 0.8980
vn -0.0248 0.4394 0.8980
vn -0.0328 0.7216 0.6915
vn -0.0328 0.7215 0.6917
vn 0.0196 -0.7377 0.6748
vn -0.9993 -0.0358 -0.0100
vn 0.0328 -0.7218 -0.6913
vn 0.1815 -0.7085 -0.6820
vn 0.1613 -0.9869 -0.0101
vn 0.0196 -0.7380 0.6745
vn 0.1684 -0.7248 0.6681
vn 0.0195 -0.7380 0.6745
vn 0.0197 -0.7380 0.6745
vn 0.0328 -0.7219 -0.6912
vn 0.1827 0.0179 -0.9830
vn 0.1296 0.7352 -0.6653
vn -0.0195 0.7377 -0.6748
vn 0.0328 -0.7216 -0.6915
vn 0.1816 -0.7084 -0.6820
vn -0.0075 0.4607 -0.8875
vn -0.0074 0.4607 -0.8875
vn -0.0196 0.7377 -0.6748
vn 0.0327 -0.7215 -0.6916
vn 0.0326 -0.7215 -0.6917
vn -0.4305 -0.4637 0.7744
vn -0.3355 -0.5417 0.7707
vn -0.5152 -0.3746 0.7708
vn 0.4468 -0.4323 0.7833
vn 0.5247 -0.3374 0.7815
vn 0.3581 -0.5172 0.7774
vn -0.4620 0.4137 0.7844
vn -0.4620 0.4136 0.7845
vn -0.5402 0.3188 0.7788
vn -0.3728 0.4982 0.7828
vn 0.5000 0.3560 0.7895
vn 0.4154 0.4450 0.7934
vn 0.4153 0.4449 0.7935
vn 0.3204 0.5230 0.7898
vn -0.4154 -0.4450 -0.7933
vn -0.3205 -0.5232 -0.7896
vn -0.4153 -0.4451 -0.7934
vn -0.5000 -0.3560 -0.7894
vn 0.4620 -0.4136 -0.7845
vn 0.5403 -0.3189 -0.7787
vn 0.3728 -0.4983 -0.7827
vn -0.4468 0.4323 -0.7833
vn -0.5247 0.3373 -0.7816
vn -0.4468 0.4323 -0.7832
vn -0.3577 0.5168 -0.7778
vn 0.5151 0.3744 -0.7710
vn 0.4305 0.4637 -0.7744
vn 0.4306 0.4637 -0.7743
vn 0.3357 0.5419 -0.7705
vn -0.4306 -0.4637 0.7743
vn -0.3355 -0.5414 0.7709
vn 0.4468 -0.4323 0.7832
vn 0.5251 -0.3374 0.7813
vn 0.3578 -0.5167 0.7778
vn -0.4619 0.4136 0.7846
vn -0.5400 0.3188 0.7789
vn -0.3728 0.4982 0.7829
vn 0.4999 0.3559 0.7896
vn 0.4154 0.4450 0.7933
vn 0.4153 0.4450 0.7934
vn 0.3205 0.5233 0.7896
vn -0.3207 -0.5233 -0.7895
vn -0.5004 -0.3561 -0.7892
vn 0.4621 -0.4136 -0.7845
vn 0.5407 -0.3192 -0.7783
vn 0.4620 -0.4137 -0.7844
vn 0.3730 -0.4985 -0.7825
vn -0.4469 0.4323 -0.7832
vn -0.5257 0.3377 -0.7808
vn -0.3578 0.5169 -0.7777
vn 0.5152 0.3746 -0.7709
vn 0.3356 0.5416 -0.7708
vt 0.106704 1.116110
vt -0.106704 1.116110
vt 0.106704 0.883889
vt -0.106704 0.883889
vt -0.106704 1.090750
vt 0.106704 1.090750
vt 0.106704 1.030490
vt -0.106704 1.030490
vt -0.106704 1.005130
vt 0.106704 1.005130
vt 0.673573 1.106700
vt 0.251478 1.106700
vt 0.673573 0.893296
vt 0.251478 0.893296
vt -0.727701 0.893296
vt -0.180658 0.893296
vt -0.180658 1.106700
vt -0.727701 1.106700
vt -0.145146 1.106700
vt 0.215966 0.893296
vt 0.215966 1.106700
vt -0.145146 0.893296
vt 0.145146 1.005130
vt -0.727701 0.883889
vt 0.727701 0.883889
vt -0.215966 1.005130
vt 0.162902 1.030490
vt -0.233722 1.030490
vt 0.727701 1.116110
vt 0.180658 1.116110
vt 0.162902 1.090750
vt -0.673573 1.116110
vt -0.251478 1.116110
vt -0.233722 1.090750
vt 0.727701 1.106700
vt 0.727701 0.893296
vt -0.727701 1.116110
vt -0.162902 1.030490
vt -0.180658 1.116110
vt -0.162902 1.090750
vt -0.145146 1.005130
vt 0.215966 1.005130
vt 0.233722 1.030490
vt 0.673573 1.116110
vt 0.251478 1.116110
vt 0.233722 1.090750
vt 0.124755 1.333670
vt -0.124755 1.333670
vt 0.124755 1.284790
vt -0.124755 1.284790
vt 0.124755 1.235900
vt -0.124755 1.235900
vt 0.124755 1.091020
vt -0.124755 1.091020
vt 0.124755 0.666327
vt 0.124755 0.826515
vt -0.124755 0.666327
vt -0.124755 0.826515
vt 0.124755 0.916462
vt -0.124755 0.916462
vt 0.124755 1.002200
vt -0.124755 1.002200
vt 0.124755 1.089750
vt -0.124755 1.089750
vt 0.124755 1.137230
vt -0.124755 1.137230
vt 0.124755 1.184700
vt -0.124755 1.184700
vt 0.198534 0.875245
vt 0.702607 0.875245
vt 0.702607 1.124750
vt 0.198534 1.124750
vt -0.141911 0.875245
vt -0.141911 1.124750
vt -0.236749 0.875245
vt -0.236749 1.124750
vt -0.774165 0.875245
vt -0.774166 1.124750
vt -0.198534 1.333670
vt -0.695890 1.284790
vt -0.192705 1.284790
vt -0.702607 1.333670
vt 0.141911 1.333670
vt -0.685854 1.235900
vt 0.145699 1.284790
vt -0.183101 1.235900
vt 0.236749 1.333670
vt -0.641114 1.184700
vt -0.172538 1.184700
vt -0.640965 1.140840
vt -0.170445 1.137230
vt -0.177981 1.089750
vt -0.650443 1.096980
vt -0.213217 1.002200
vt -0.684087 1.015870
vt -0.254710 0.916462
vt -0.721807 0.936905
vt -0.289761 0.826515
vt -0.755354 0.855417
vt -0.306358 0.666327
vt -0.774166 0.707255
vt 0.134778 1.184580
vt 0.151942 1.235900
vt 0.245275 1.235900
vt 0.220387 1.091210
vt 0.239970 1.284790
vt 0.652173 1.091020
vt 0.774166 1.333670
vt 0.774166 1.235900
vt 0.774166 1.284790
vt -0.124755 1.140840
vt 0.124755 1.140840
vt -0.124755 1.096980
vt 0.124755 1.096980
vt -0.124755 1.015870
vt 0.124755 1.015870
vt -0.124755 0.936905
vt 0.124755 0.936905
vt -0.124755 0.855417
vt 0.124755 0.855417
vt -0.124755 0.707255
vt 0.124755 0.707255
vt -0.124755 1.091210
vt 0.124755 1.091210
vt -0.124755 1.184580
vt 0.124755 1.184580
vt -0.306358 0.875245
vt -0.774166 0.875245
vt -0.306358 1.124750
vt 0.652173 1.124750
vt 0.220387 0.875245
vt 0.652173 0.875245
vt 0.220387 1.124750
vt 0.134778 0.875245
vt 0.134778 1.124750
vt -0.172538 0.875245
vt -0.172538 1.124750
vt -0.774165 1.333670
vt -0.239970 1.284790
vt -0.236749 1.333670
vt -0.774165 1.284790
vt -0.145699 1.284790
vt -0.141911 1.333670
vt -0.245275 1.235900
vt -0.774165 1.235900
vt -0.652173 1.091020
vt -0.220387 1.091210
vt -0.134778 1.184580
vt -0.151942 1.235900
vt 0.183101 1.235900
vt 0.172538 1.184700
vt 0.192705 1.284790
vt 0.198534 1.333670
vt 0.695890 1.284790
vt 0.702607 1.333670
vt 0.685854 1.235900
vt 0.641114 1.184700
vt 0.640965 1.140840
vt 0.170445 1.137230
vt 0.177981 1.089750
vt 0.650443 1.096980
vt 0.213217 1.002200
vt 0.684087 1.015870
vt 0.254710 0.916462
vt 0.721807 0.936905
vt 0.289761 0.826515
vt 0.755354 0.855417
vt 0.306358 0.666327
vt 0.774166 0.707255
vt 0.115400 1.189530
vt -0.117787 1.170640
vt 0.115400 1.170640
vt -0.117787 1.189530
vt -0.117787 1.151760
vt 0.115400 1.151760
vt -0.005855 1.245380
vt 0.036484 1.184230
vt 0.003469 1.245380
vt -0.038869 1.184230
vt 0.116001 1.145230
vt -0.118387 1.145230
vt 0.116001 1.015190
vt -0.118387 1.015190
vt 0.116000 1.015190
vt 0.116000 1.145230
vt -0.004819 0.964949
vt 0.149429 0.726901
vt 0.149429 0.869731
vt -0.149429 0.869731
vt -0.149429 0.726901
vt 0.115604 1.078870
vt 0.127311 1.096540
vt 0.115604 1.102500
vt 0.126625 1.079690
vt 0.125268 1.065950
vt -0.129697 1.096540
vt -0.117991 1.078870
vt -0.117991 1.102500
vt -0.129012 1.079690
vt -0.127655 1.065950
vt 0.115604 1.043880
vt 0.131953 1.078900
vt 0.115604 1.088160
vt 0.131992 1.044880
vt 0.131928 1.019620
vt 0.115604 1.013580
vt 0.131489 1.074860
vt 0.115604 1.048370
vt 0.133651 1.041510
vt 0.115604 1.069300
vt -0.134340 1.078900
vt -0.117991 1.043880
vt -0.117991 1.088160
vt -0.134377 1.044880
vt -0.134315 1.019620
vt -0.117991 1.013580
vt -0.117991 1.048370
vt -0.133876 1.074860
vt -0.136037 1.041510
vt -0.117991 1.069300
vt 0.149429 1.060170
vt 0.149429 1.203000
vt -0.149429 1.203000
vt -0.149429 1.060170
vt 0.115400 1.126390
vt -0.117787 1.126390
vt 0.115400 1.066140
vt -0.117787 1.066140
vt 0.115400 1.040770
vt -0.117787 1.040770
vt 0.103897 1.096540
vt 0.104583 1.079690
vt 0.105941 1.065950
vt -0.106284 1.096540
vt -0.106969 1.079690
vt -0.108328 1.065950
vt 0.099255 1.078900
vt 0.099217 1.044880
vt 0.099280 1.019620
vt 0.099720 1.074860
vt 0.097559 1.041510
vt -0.101641 1.078900
vt -0.101604 1.044880
vt -0.101667 1.019620
vt -0.102107 1.074860
vt -0.099945 1.041510
vt -0.032104 1.218160
vt -0.078233 1.218160
vt -0.032104 1.177070
vt -0.078233 1.177070
vt 0.029717 1.177070
vt -0.032104 1.251120
vt -0.078233 1.251120
vt 0.029717 1.218160
vt 0.075847 1.177070
vt 0.075847 1.218160
vt 0.075847 1.251120
vt 0.029717 1.251120
vt -0.642167 0.996531
vt -0.563229 0.996531
vt -0.563229 1.005850
vt -0.642167 1.005850
vt 0.477481 1.032100
vt 0.658084 1.032100
vt 0.658084 1.078230
vt 0.477481 1.078230
vt 0.477481 0.924153
vt 0.658084 0.924153
vt 0.658084 0.970283
vt 0.477481 0.970283
vt 0.678595 1.032100
vt 0.456972 0.970283
vt 0.678595 0.970283
vt 0.456972 1.032100
vt 0.334788 0.868081
vt 0.361439 0.884396
vt 0.339845 0.884396
vt 0.371999 0.868124
vt 0.621417 0.872212
vt 0.646537 0.870524
vt 0.648725 0.884396
vt 0.616703 0.884396
vt 0.361439 1.117990
vt 0.334788 1.134310
vt 0.339845 1.117990
vt 0.371999 1.134260
vt 0.646537 1.131860
vt 0.621417 1.130170
vt 0.648725 1.117990
vt 0.616703 1.117990
vt 0.573944 0.866305
vt 0.540220 0.884396
vt 0.528101 0.866304
vt 0.434595 0.865937
vt 0.385451 0.884396
vt 0.384696 0.866860
vt 0.338287 0.866903
vt 0.331036 0.884396
vt 0.638009 0.866321
vt 0.612832 0.884396
vt 0.607893 0.866319
vt 0.378399 0.884396
vt 0.338077 0.884396
vt 0.370728 0.870948
vt 0.385451 1.117990
vt 0.434595 1.136450
vt 0.384696 1.135530
vt 0.338287 1.135480
vt 0.331036 1.117990
vt 0.540220 1.117990
vt 0.573944 1.136080
vt 0.528101 1.136080
vt 0.612832 1.117990
vt 0.638009 1.136070
vt 0.607893 1.136070
vt 0.378399 1.117990
vt 0.370728 1.131440
vt 0.338077 1.117990
vt -0.421689 0.884000
vt -0.473833 1.118390
vt -0.473833 0.883999
vt -0.421689 1.118390
vt -0.512828 0.883999
vt -0.512828 1.118390
vt -0.564971 0.883999
vt -0.564971 1.118390
vt -0.330551 1.118390
vt -0.382695 0.884000
vt -0.330551 0.884000
vt -0.382695 1.118390
vt -0.105629 1.117790
vt 0.272721 0.884600
vt 0.272721 1.117790
vt -0.105629 0.884600
vt -0.692705 0.884600
vt -0.141553 0.884600
vt -0.141553 1.117790
vt -0.692705 1.117790
vt 0.334788 0.900711
vt 0.371999 0.900668
vt 0.621417 0.896579
vt 0.646537 0.898268
vt 0.334788 1.101680
vt 0.371999 1.101720
vt 0.621417 1.105810
vt 0.646537 1.104120
vt 0.434595 0.902855
vt 0.384696 0.901931
vt 0.338287 0.901889
vt 0.573944 0.902487
vt 0.528101 0.902488
vt 0.638009 0.902471
vt 0.607893 0.902473
vt 0.370728 0.897843
vt 0.384696 1.100460
vt 0.434595 1.099530
vt 0.338287 1.100500
vt 0.528101 1.099900
vt 0.573944 1.099900
vt 0.638009 1.099920
vt 0.607893 1.099910
vt 0.370728 1.104540
vt -0.425357 0.963516
vt -0.425357 1.038870
vt -0.002587 0.869731
vt 0.111676 0.964949
vt 0.010736 0.964949
vt -0.042963 0.920200
vt -0.078763 0.853076
vt -0.078763 0.726901
vt -0.153947 0.964949
vt -0.108836 1.002540
vt -0.114563 1.009700
vt -0.168261 0.964949
vt -0.078763 1.058930
vt -0.078763 1.076820
vt -0.078763 1.203000
vt -0.002587 1.060170
vt -0.042963 1.009700
vt -0.078763 0.964949
vt -0.078763 0.870969
vt -0.108836 0.927357
vt -0.114563 0.920200
vt -0.154939 0.869731
vt -0.269201 0.964949
vt -0.384696 1.114990
vt -0.434595 1.097750
vt -0.384043 1.096910
vt -0.426253 1.080480
vt -0.346149 1.091630
vt -0.477964 1.068780
vt -0.338287 1.108370
vt -0.470383 1.052090
vt -0.307064 1.078900
vt -0.515968 1.023890
vt -0.321453 1.068880
vt -0.528101 1.037210
vt -0.300516 1.044880
vt -0.317821 1.045550
vt -0.565024 1.005710
vt -0.573944 1.021250
vt -0.321561 1.028030
vt -0.602919 0.990105
vt -0.306712 1.019620
vt -0.607893 1.007070
vt -0.334788 1.000290
vt -0.339845 1.017070
vt -0.638009 1.006670
vt -0.674465 1.002910
vt -0.640664 0.989217
vt -0.665275 1.017880
vt -0.366597 1.027780
vt -0.371999 1.005320
vt -0.361439 1.019950
vt -0.701291 1.035070
vt -0.384379 1.028130
vt -0.685103 1.041510
vt -0.361485 1.043150
vt -0.370728 1.055610
vt -0.338077 1.055610
vt -0.684991 1.074860
vt -0.671617 1.097550
vt -0.699332 1.080390
vt -0.680833 1.107740
vt -0.646537 1.110410
vt -0.648725 1.123670
vt -0.599429 1.096540
vt -0.616703 1.122110
vt -0.621417 1.111590
vt -0.590043 1.102500
vt -0.592855 1.059300
vt -0.582535 1.078870
vt -0.599131 1.065950
vt 0.421689 1.145230
vt 0.398085 1.015190
vt 0.450228 1.015190
vt 0.473833 1.145230
vt 0.512828 1.145230
vt 0.489224 1.015190
vt 0.541367 1.015190
vt 0.564971 1.145230
vt 0.330551 1.145230
vt 0.306947 1.015190
vt 0.359091 1.015190
vt 0.382695 1.145230
vt 0.141240 1.066140
vt 0.105629 1.074270
vt 0.123484 1.040770
vt -0.250961 1.040770
vt 0.141240 1.126390
vt -0.272721 1.078540
vt -0.278401 1.059660
vt 0.105629 1.137750
vt 0.158996 1.151760
vt 0.141553 1.185260
vt 0.692705 1.189530
vt 0.692705 1.151760
vt 0.701291 1.170640
vt -0.442397 1.113720
vt -0.485359 1.085020
vt -0.385451 1.131970
vt -0.540220 1.050440
vt -0.294949 1.088160
vt -0.331036 1.123280
vt -0.582969 1.037100
vt -0.612832 1.024860
vt -0.635093 1.024960
vt -0.655271 1.033530
vt -0.328857 0.986465
vt -0.667641 1.048370
vt -0.669580 1.069300
vt -0.661487 1.086570
vt -0.643839 1.096400
vt -0.625875 1.099620
vt -0.609467 1.089470
vt -0.604613 1.080170
vt -0.592788 1.079690
vt -0.606439 1.072920
vt -0.616872 1.048060
vt 0.425357 1.184230
vt 0.665177 1.184230
vt 0.563229 1.245380
vt 0.642167 1.245380
vt -0.456972 1.218160
vt -0.678595 1.218160
vt -0.456972 1.177070
vt -0.678595 1.177070
vt -0.477481 1.251120
vt -0.658084 1.273100
vt -0.154939 1.060170
vt -0.048689 1.002540
vt -0.003579 0.964949
vt -0.048689 0.927357
vt -0.640665 0.989217
vt -0.075847 1.218160
vt -0.075847 1.177070
vt -0.029717 1.177070
vt -0.029717 1.218160
vt 0.032104 1.177070
vt -0.029717 1.273100
vt -0.075847 1.273100
vt 0.032104 1.218160
vt 0.078233 1.177070
vt 0.078233 1.218160
vt 0.078233 1.273100
vt 0.032104 1.273100
vt -0.131992 1.044880
vt -0.115604 1.068880
vt -0.131953 1.078900
vt -0.115604 1.035070
vt -0.131489 1.074860
vt -0.133651 1.041510
vt -0.115604 1.080390
vt 0.117991 1.068880
vt 0.134377 1.044880
vt 0.134340 1.078900
vt 0.136037 1.041510
vt 0.133876 1.074860
vt 0.117991 1.035070
vt 0.117991 1.080390
vt -0.115604 1.029960
vt -0.131876 1.005320
vt -0.115604 0.993403
vt -0.131888 1.028130
vt -0.129052 1.055610
vt -0.115604 1.064750
vt 0.134263 1.005320
vt 0.117991 1.029960
vt 0.117991 0.993403
vt 0.134275 1.028130
vt 0.131439 1.055610
vt 0.117991 1.064750
vt -0.115400 1.059660
vt 0.117787 1.059660
vt 0.117787 1.078540
vt -0.115400 1.078540
vt -0.115400 1.074270
vt 0.117787 1.074270
vt 0.117787 1.137750
vt -0.115400 1.137750
vt 0.117787 1.185260
vt -0.115400 1.185260
vt 0.004819 0.964949
vt -0.099217 1.044880
vt -0.099255 1.078900
vt -0.099720 1.074860
vt -0.097559 1.041510
vt 0.101641 1.078900
vt 0.101604 1.044880
vt 0.102107 1.074860
vt 0.099945 1.041510
vt -0.099332 1.005320
vt -0.099320 1.028130
vt -0.102157 1.055610
vt 0.101719 1.005320
vt 0.101707 1.028130
vt 0.104544 1.055610
vt -0.116000 1.015190
vt 0.118387 1.015190
vt -0.116000 1.145230
vt 0.118387 1.145230
vt -0.116001 1.015190
vt -0.116001 1.145230
vt -0.565024 0.884396
vt -0.528101 0.866304
vt -0.515968 0.884396
vt -0.640665 0.884396
vt -0.607893 0.866319
vt -0.602919 0.884396
vt -0.638009 0.866321
vt -0.592855 0.884396
vt -0.616872 0.884396
vt -0.599131 0.874732
vt -0.528101 1.136080
vt -0.565024 1.117990
vt -0.515968 1.117990
vt -0.607893 1.136070
vt -0.640664 1.117990
vt -0.602919 1.117990
vt -0.638009 1.136070
vt -0.592855 1.117990
vt -0.599131 1.127650
vt -0.616872 1.117990
vt -0.328857 0.884396
vt -0.306713 0.868072
vt -0.293500 0.884396
vt -0.371999 0.868124
vt -0.334788 0.868081
vt -0.380820 0.884396
vt -0.625875 0.884396
vt -0.646537 0.870524
vt -0.621417 0.872212
vt -0.306712 1.134310
vt -0.328857 1.117990
vt -0.293500 1.117990
vt -0.334788 1.134310
vt -0.371999 1.134260
vt -0.380820 1.117990
vt -0.646537 1.131860
vt -0.625875 1.117990
vt -0.621417 1.130170
vt 0.450228 1.118390
vt 0.398085 0.884000
vt 0.450228 0.884000
vt 0.398085 1.118390
vt 0.541367 1.118390
vt 0.489224 0.883999
vt 0.541367 0.883999
vt 0.489224 1.118390
vt 0.359091 1.118390
vt 0.306947 0.884000
vt 0.359091 0.884000
vt 0.306947 1.118390
vt -0.250961 0.884600
vt 0.123484 0.884600
vt 0.123484 1.117790
vt -0.250961 1.117790
vt -0.278401 1.117790
vt -0.278401 0.884600
vt 0.692705 1.117790
vt 0.158996 1.117790
vt 0.692705 0.884600
vt 0.158996 0.884600
vt -0.528101 0.902488
vt -0.607893 0.902473
vt -0.638009 0.902471
vt -0.599131 0.894059
vt -0.528101 1.099900
vt -0.607893 1.099910
vt -0.638009 1.099920
vt -0.599131 1.108330
vt -0.306712 0.900720
vt -0.371999 0.900668
vt -0.334788 0.900711
vt -0.646537 0.898268
vt -0.621417 0.896579
vt -0.306713 1.101670
vt -0.371999 1.101720
vt -0.334788 1.101680
vt -0.646537 1.104120
vt -0.621417 1.105810
vt 0.425357 0.963516
vt 0.665177 0.963516
vt 0.665177 1.038870
vt 0.425357 1.038870
vt 0.078763 0.726901
vt 0.078763 0.853076
vt 0.002587 0.869731
vt 0.042963 0.920200
vt -0.010736 0.964949
vt -0.111676 0.964949
vt 0.078763 1.058930
vt 0.108836 1.002540
vt 0.114563 1.009700
vt 0.078763 1.076820
vt 0.153947 0.964949
vt 0.168261 0.964949
vt 0.002587 1.060170
vt 0.042963 1.009700
vt 0.078763 1.203000
vt 0.078763 0.964949
vt 0.108836 0.927357
vt 0.114563 0.920200
vt 0.078763 0.870969
vt 0.154939 0.869731
vt 0.269201 0.964949
vt 0.434595 1.097750
vt 0.384696 1.114990
vt 0.384043 1.096910
vt 0.426253 1.080480
vt 0.346149 1.091630
vt 0.477964 1.068780
vt 0.338287 1.108370
vt 0.470383 1.052090
vt 0.307064 1.078900
vt 0.515968 1.023890
vt 0.321453 1.068880
vt 0.528101 1.037210
vt 0.300516 1.044880
vt 0.317821 1.045550
vt 0.565024 1.005710
vt 0.573944 1.021250
vt 0.321561 1.028030
vt 0.602919 0.990105
vt 0.306713 1.019620
vt 0.607893 1.007070
vt 0.334788 1.000290
vt 0.339845 1.017070
vt 0.674465 1.002910
vt 0.638009 1.006670
vt 0.640665 0.989217
vt 0.665275 1.017880
vt 0.371999 1.005320
vt 0.366597 1.027780
vt 0.361439 1.019950
vt 0.701291 1.035070
vt 0.384379 1.028130
vt 0.685103 1.041510
vt 0.361485 1.043150
vt 0.370728 1.055610
vt 0.338077 1.055610
vt 0.671617 1.097550
vt 0.684991 1.074860
vt 0.699332 1.080390
vt 0.680833 1.107740
vt 0.646537 1.110410
vt 0.648725 1.123670
vt 0.616703 1.122110
vt 0.599429 1.096540
vt 0.621417 1.111590
vt 0.590043 1.102500
vt 0.582535 1.078870
vt 0.592855 1.059300
vt 0.599131 1.065950
vt -0.450228 1.015190
vt -0.421689 1.145230
vt -0.473833 1.145230
vt -0.398085 1.015190
vt -0.541367 1.015190
vt -0.512828 1.145230
vt -0.564971 1.145230
vt -0.489224 1.015190
vt -0.359091 1.015190
vt -0.330551 1.145230
vt -0.382695 1.145230
vt -0.306947 1.015190
vt -0.105629 1.074270
vt -0.105629 1.137750
vt -0.141240 1.126390
vt -0.158996 1.151760
vt -0.141240 1.066140
vt -0.141553 1.185260
vt -0.123484 1.040770
vt -0.692705 1.189530
vt -0.692705 1.151760
vt -0.701291 1.170640
vt 0.250961 1.040770
vt 0.272721 1.078540
vt 0.278401 1.059660
vt 0.485359 1.085020
vt 0.442397 1.113720
vt 0.540220 1.050440
vt 0.385451 1.131970
vt 0.582969 1.037100
vt 0.612832 1.024860
vt 0.294949 1.088160
vt 0.331036 1.123280
vt 0.635093 1.024960
vt 0.655271 1.033530
vt 0.667641 1.048370
vt 0.328857 0.986465
vt 0.661487 1.086570
vt 0.669580 1.069300
vt 0.643839 1.096400
vt 0.625875 1.099620
vt 0.609467 1.089470
vt 0.604613 1.080170
vt 0.592788 1.079690
vt 0.606439 1.072920
vt 0.616872 1.048060
vt -0.665177 1.184230
vt -0.563229 1.245380
vt -0.642167 1.245380
vt -0.425357 1.184230
vt 0.456972 1.218160
vt 0.678595 1.177070
vt 0.678595 1.218160
vt 0.456972 1.177070
vt 0.477481 1.251120
vt 0.658084 1.273100
vt 0.154939 1.060170
vt 0.003579 0.964949
vt 0.048689 1.002540
vt 0.048689 0.927357
vt 0.640664 0.989217
vt 0.136841 1.323950
vt -0.136841 1.305210
vt 0.136841 1.305210
vt -0.136841 1.323950
vt -0.136841 1.286470
vt 0.136841 1.286470
vt -0.136841 1.035010
vt 0.136841 1.035010
vt 0.136841 1.051110
vt -0.136841 1.051110
vt 0.133908 1.127220
vt 0.151249 1.190140
vt 0.133908 1.200810
vt 0.151249 1.127830
vt -0.151249 1.190140
vt -0.133908 1.127220
vt -0.133908 1.200810
vt -0.151249 1.127830
vt 0.133908 0.993511
vt 0.133908 0.922381
vt 0.157056 0.977957
vt 0.158741 0.806096
vt 0.133908 0.734409
vt 0.158741 0.742781
vt 0.133908 0.816440
vt 0.157056 0.866223
vt 0.157056 0.921609
vt 0.133908 0.848305
vt -0.133908 0.922381
vt -0.133908 0.993511
vt -0.157056 0.977957
vt -0.157056 0.866223
vt -0.157056 0.921609
vt -0.133908 0.848305
vt -0.133908 0.734409
vt -0.158741 0.806096
vt -0.158741 0.742781
vt -0.133908 0.816440
vt 0.133908 0.838825
vt 0.133908 0.770123
vt 0.158741 0.842424
vt 0.158741 0.758224
vt 0.133908 0.895196
vt 0.154045 0.888232
vt 0.133908 0.941268
vt -0.133908 0.770123
vt -0.133908 0.838825
vt -0.158741 0.842424
vt -0.158741 0.758224
vt -0.133908 0.895196
vt -0.133908 0.941268
vt -0.154045 0.888232
vt 0.149817 1.172150
vt 0.133908 1.107630
vt 0.149817 1.108480
vt 0.133908 1.177840
vt -0.133908 1.107630
vt -0.149817 1.172150
vt -0.149817 1.108480
vt -0.133908 1.177840
vt -0.136841 1.051300
vt 0.136841 1.051300
vt 0.136841 1.144670
vt -0.136841 1.144670
vt 0.151249 1.119780
vt 0.133908 1.091110
vt 0.151249 1.083390
vt 0.133908 1.114000
vt -0.133908 1.091110
vt -0.151249 1.119780
vt -0.151249 1.083390
vt -0.133908 1.114000
vt 0.116567 1.190140
vt 0.116567 1.127830
vt -0.116567 1.190140
vt -0.116567 1.127830
vt 0.110759 0.977957
vt 0.109075 0.806096
vt 0.109075 0.742781
vt 0.110759 0.921609
vt 0.110759 0.866223
vt -0.110759 0.977957
vt -0.110759 0.866223
vt -0.110759 0.921609
vt -0.109075 0.806096
vt -0.109075 0.742781
vt 0.109075 0.842424
vt 0.109075 0.758224
vt 0.113771 0.888232
vt -0.109075 0.842424
vt -0.109075 0.758224
vt -0.113771 0.888232
vt 0.117999 1.172150
vt 0.117999 1.108480
vt -0.117999 1.172150
vt -0.117999 1.108480
vt 0.116567 1.119780
vt 0.116567 1.083390
vt -0.116567 1.119780
vt -0.116567 1.083390
vt -0.341483 0.863159
vt 0.736397 0.863159
vt 0.736396 1.136840
vt -0.341483 1.136840
vt -0.406001 0.863159
vt -0.406001 1.136840
vt -0.740076 0.863159
vt -0.740076 1.136840
vt 0.339555 0.866092
vt 0.398548 0.848751
vt 0.403083 0.866092
vt 0.343943 0.848751
vt 0.411180 0.866092
vt 0.363075 0.866092
vt 0.394831 0.848751
vt 0.398548 1.151250
vt 0.339555 1.133910
vt 0.403083 1.133910
vt 0.343943 1.151250
vt 0.411180 1.133910
vt 0.394831 1.151250
vt 0.363075 1.133910
vt 0.500957 0.842944
vt 0.581180 0.842944
vt 0.497248 0.866092
vt 0.407739 0.842944
vt 0.390593 0.866092
vt 0.623773 0.841259
vt 0.559828 0.866092
vt 0.562616 0.841259
vt 0.644347 0.866092
vt 0.497248 1.133910
vt 0.581180 1.157060
vt 0.500957 1.157060
vt 0.407739 1.157060
vt 0.390593 1.133910
vt 0.559828 1.133910
vt 0.623773 1.158740
vt 0.562616 1.158740
vt 0.644347 1.133910
vt 0.630155 0.866092
vt 0.567507 0.841259
vt 0.642447 0.841259
vt 0.578912 0.866092
vt 0.409648 0.842944
vt 0.451872 0.842944
vt 0.424304 0.866092
vt 0.448132 0.866092
vt 0.567507 1.158740
vt 0.630155 1.133910
vt 0.642447 1.158740
vt 0.578912 1.133910
vt 0.424304 1.133910
vt 0.451872 1.157060
vt 0.409648 1.157060
vt 0.448132 1.133910
vt 0.529565 0.850183
vt 0.567425 0.866092
vt 0.523313 0.866092
vt 0.564700 0.850183
vt 0.567425 1.133910
vt 0.529565 1.149820
vt 0.523313 1.133910
vt 0.564700 1.149820
vt -0.618265 0.863159
vt -0.182931 0.863159
vt -0.618265 1.136840
vt -0.182931 1.136840
vt -0.097321 0.863159
vt 0.208504 0.863159
vt -0.097321 1.136840
vt 0.208504 1.136840
vt 0.313011 0.866092
vt 0.348693 0.848751
vt 0.345155 0.866092
vt 0.392209 0.848751
vt 0.376679 0.866092
vt 0.348693 1.151250
vt 0.313011 1.133910
vt 0.345155 1.133910
vt 0.376679 1.133910
vt 0.392209 1.151250
vt 0.398548 0.883433
vt 0.343943 0.883433
vt 0.394831 0.883433
vt 0.398548 1.116570
vt 0.343943 1.116570
vt 0.394831 1.116570
vt 0.581180 0.889241
vt 0.500957 0.889241
vt 0.407739 0.889241
vt 0.623773 0.890925
vt 0.562616 0.890925
vt 0.581180 1.110760
vt 0.500957 1.110760
vt 0.407739 1.110760
vt 0.623773 1.109070
vt 0.562616 1.109070
vt 0.642447 0.890925
vt 0.567507 0.890925
vt 0.451872 0.889241
vt 0.409648 0.889241
vt 0.567507 1.109070
vt 0.642447 1.109070
vt 0.451872 1.110760
vt 0.409648 1.110760
vt 0.529565 0.882001
vt 0.564700 0.882001
vt 0.529565 1.118000
vt 0.564700 1.118000
vt 0.348693 0.883433
vt 0.392209 0.883433
vt 0.348693 1.116570
vt 0.392209 1.116570
vt -0.663507 0.921039
vt -0.638984 0.998153
vt -0.683444 0.928923
vt -0.620791 0.986812
vt -0.567965 1.062670
vt -0.552885 1.047430
vt -0.520348 1.114340
vt -0.502829 1.101980
vt -0.451277 1.190160
vt -0.466048 1.199250
vt -0.403083 1.242480
vt -0.398548 1.225740
vt -0.343943 1.229240
vt -0.274776 1.200810
vt -0.339555 1.246020
vt -0.288444 1.190140
vt -0.276988 1.127830
vt -0.288125 1.074440
vt -0.259657 1.127220
vt -0.300568 1.086510
vt -0.352231 1.042560
vt -0.392209 1.083390
vt -0.348693 1.059540
vt -0.507885 1.172150
vt -0.535816 1.192530
vt -0.522741 1.166450
vt -0.529565 1.207160
vt -0.564700 1.214570
vt -0.580681 1.187920
vt -0.561973 1.198900
vt -0.595107 1.194630
vt -0.594109 1.147740
vt 0.554579 1.146460
vt 0.529901 1.101500
vt 0.579432 1.127750
vt 0.525160 1.132240
vt 0.572975 1.181190
vt 0.464380 1.145440
vt 0.599300 1.180940
vt 0.442408 1.125330
vt 0.566907 1.211670
vt 0.364811 1.191230
vt 0.584401 1.227280
vt 0.351281 1.173680
vt 0.541647 1.246910
vt 0.253653 1.215010
vt 0.535961 1.224170
vt 0.252813 1.195570
vt 0.489388 1.235990
vt 0.177389 1.182240
vt 0.168431 1.193300
vt 0.129827 1.151070
vt 0.499835 1.219650
vt 0.474192 1.202980
vt 0.491004 1.198670
vt 0.495275 1.163470
vt -0.720971 0.846024
vt -0.663881 0.921883
vt -0.681875 0.938997
vt -0.592415 0.995103
vt -0.696399 0.842424
vt -0.581180 0.974863
vt -0.497248 1.024180
vt -0.642447 0.702741
vt -0.690332 0.758224
vt -0.712129 0.746325
vt -0.407739 0.977957
vt -0.500957 1.001330
vt -0.654739 0.681164
vt -0.366123 0.922381
vt -0.389257 0.921609
vt -0.556100 0.676051
vt -0.521823 0.742781
vt -0.567507 0.698111
vt -0.498443 0.734409
vt -0.490644 0.816440
vt -0.562616 0.856453
vt -0.513220 0.806096
vt -0.509804 0.881268
vt -0.455613 0.831193
vt -0.451872 0.854037
vt -0.490909 0.888232
vt -0.559828 0.881131
vt 0.090648 1.128580
vt -0.218783 1.128700
vt -0.210904 1.112600
vt -0.208504 1.144800
vt 0.097321 1.144670
vt 0.083975 1.112480
vt 0.182931 1.051300
vt 0.176257 1.035210
vt 0.169583 1.019110
vt 0.604919 1.018920
vt 0.622831 1.035010
vt 0.618265 1.051110
vt 0.341483 1.297280
vt 0.406001 1.286470
vt 0.406001 1.323950
vt 0.740076 1.323950
vt 0.740076 1.286470
vt 0.748663 1.305210
vt 0.341483 1.259810
vt -0.736396 1.297280
vt -0.743756 1.259810
vt -0.748663 1.278540
vt -0.645888 0.904768
vt -0.671828 0.838825
vt -0.569945 0.954624
vt -0.630155 0.724319
vt -0.668535 0.770123
vt -0.424883 0.962404
vt -0.504667 0.978484
vt -0.412393 0.920839
vt -0.545203 0.751152
vt -0.578912 0.720169
vt -0.535796 0.795751
vt -0.565404 0.831777
vt -0.472013 0.895196
vt -0.448132 0.876881
vt -0.623773 0.835119
vt -0.638749 0.773225
vt -0.603200 0.821211
vt 0.457379 1.207300
vt 0.478941 1.252330
vt 0.547333 1.269650
vt 0.601895 1.242880
vt 0.625624 1.180680
vt 0.604284 1.109040
vt 0.534641 1.070750
vt 0.420436 1.105230
vt 0.337753 1.156120
vt 0.251973 1.176130
vt 0.186348 1.171180
vt -0.493029 1.177840
vt -0.523313 1.221790
vt -0.567425 1.230250
vt -0.609533 1.201340
vt -0.643569 0.913155
vt -0.602596 0.975471
vt -0.537805 1.032190
vt -0.485309 1.089620
vt -0.436507 1.181070
vt -0.394013 1.209000
vt -0.348329 1.212460
vt -0.302111 1.179460
vt -0.294319 1.128450
vt -0.313011 1.098590
vt -0.376679 1.091110
vt -0.345155 1.076510
vt -0.394831 1.119780
vt -0.378481 1.114000
vt -0.363075 1.150370
vt -0.567967 1.062670
vt -0.466049 1.199250
vt 0.599299 1.180940
vt -0.498444 0.734409
vt -0.545204 0.751152
vt 0.136841 1.297280
vt -0.136841 1.297280
vt -0.136841 1.278540
vt 0.136841 1.278540
vt -0.136841 1.259810
vt 0.136841 1.259810
vt -0.133908 1.125560
vt -0.133908 1.075680
vt 0.133908 1.125560
vt 0.133908 1.075680
vt -0.133908 1.166450
vt -0.133908 1.109320
vt -0.133908 1.192530
vt -0.149817 1.207160
vt 0.133908 1.166450
vt 0.133908 1.109320
vt 0.133908 1.192530
vt 0.149817 1.207160
vt -0.133908 0.846024
vt -0.133908 0.746325
vt -0.133908 0.849027
vt -0.158741 0.835119
vt -0.133908 0.773225
vt -0.133908 0.881268
vt 0.133908 0.846024
vt 0.133908 0.746325
vt 0.133908 0.881268
vt 0.133908 0.849027
vt 0.133908 0.773225
vt 0.158741 0.835119
vt -0.133908 0.962404
vt -0.133908 0.795751
vt -0.133908 0.884141
vt -0.133908 0.920839
vt 0.133908 0.962404
vt 0.133908 0.884141
vt 0.133908 0.920839
vt 0.133908 0.795751
vt -0.149817 1.194630
vt -0.133908 1.147740
vt -0.133908 1.201340
vt 0.149817 1.194630
vt 0.133908 1.201340
vt 0.133908 1.147740
vt -0.133908 1.179460
vt -0.133908 1.128450
vt 0.133908 1.179460
vt 0.133908 1.128450
vt -0.136841 1.112600
vt 0.136841 1.128700
vt -0.136841 1.128700
vt 0.136841 1.112600
vt 0.136841 1.144800
vt -0.136841 1.144800
vt -0.136841 1.019110
vt 0.136841 1.019110
vt -0.136841 1.112480
vt 0.136841 1.112480
vt -0.117999 1.207160
vt 0.117999 1.207160
vt -0.109075 0.835119
vt 0.109075 0.835119
vt -0.117999 1.194630
vt 0.117999 1.194630
vt 0.604919 1.136840
vt 0.604919 0.863159
vt 0.622831 0.863159
vt 0.622831 1.136840
vt -0.300568 0.848751
vt -0.352231 0.866092
vt -0.348693 0.848751
vt -0.407739 0.866092
vt -0.392209 0.848751
vt -0.352231 1.133910
vt -0.300568 1.151250
vt -0.348693 1.151250
vt -0.407739 1.133910
vt -0.392209 1.151250
vt -0.564700 0.850183
vt -0.535816 0.866092
vt -0.561973 0.866092
vt -0.561973 1.133910
vt -0.535816 1.133910
vt -0.564700 1.149820
vt -0.642447 0.841259
vt -0.556100 0.866092
vt -0.654739 0.866092
vt -0.567507 0.841259
vt -0.394992 0.866092
vt -0.455613 0.866092
vt -0.409648 0.842944
vt -0.451872 0.842944
vt -0.556100 1.133910
vt -0.642447 1.158740
vt -0.654739 1.133910
vt -0.567507 1.158740
vt -0.455613 1.133910
vt -0.394992 1.133910
vt -0.409648 1.157060
vt -0.451872 1.157060
vt -0.569945 0.866092
vt -0.500957 0.842944
vt -0.504667 0.866092
vt -0.424883 0.866092
vt -0.407739 0.842944
vt -0.562616 0.841259
vt -0.565404 0.866092
vt -0.603200 0.866092
vt -0.623773 0.841259
vt -0.569945 1.133910
vt -0.504667 1.133910
vt -0.500957 1.157060
vt -0.424883 1.133910
vt -0.407739 1.157060
vt -0.603200 1.133910
vt -0.565404 1.133910
vt -0.562616 1.158740
vt -0.623773 1.158740
vt -0.343943 0.848751
vt -0.394013 0.866092
vt -0.398548 0.848751
vt -0.348329 0.866092
vt -0.394013 1.133910
vt -0.343943 1.151250
vt -0.398548 1.151250
vt -0.348329 1.133910
vt -0.300568 0.883433
vt -0.348693 0.883433
vt -0.392209 0.883433
vt -0.300568 1.116570
vt -0.348693 1.116570
vt -0.392209 1.116570
vt 0.169583 0.863159
vt 0.169583 1.136840
vt 0.083975 0.863159
vt 0.083975 1.136840
vt -0.210904 0.863159
vt -0.210904 1.136840
vt -0.564700 0.882001
vt -0.564700 1.118000
vt -0.642447 0.890925
vt -0.567507 0.890925
vt -0.409648 0.889241
vt -0.451872 0.889241
vt -0.642447 1.109070
vt -0.567507 1.109070
vt -0.409648 1.110760
vt -0.451872 1.110760
vt -0.500957 0.889241
vt -0.407739 0.889241
vt -0.562616 0.890925
vt -0.623773 0.890925
vt -0.500957 1.110760
vt -0.407739 1.110760
vt -0.562616 1.109070
vt -0.623773 1.109070
vt -0.343943 0.883433
vt -0.398548 0.883433
vt -0.343943 1.116570
vt -0.398548 1.116570
vt 0.341483 1.136840
vt -0.743756 1.136840
vt 0.341483 0.863159
vt -0.743756 0.863159
vt 0.406001 0.863159
vt 0.406001 1.136840
vt 0.740076 0.863159
vt 0.740076 1.136840
vt 0.663507 0.921039
vt 0.638984 0.998153
vt 0.620791 0.986812
vt 0.683444 0.928923
vt 0.567967 1.062670
vt 0.552885 1.047430
vt 0.520348 1.114340
vt 0.502829 1.101980
vt 0.451277 1.190160
vt 0.466049 1.199250
vt 0.403083 1.242480
vt 0.398548 1.225740
vt 0.274776 1.200810
vt 0.343943 1.229240
vt 0.339555 1.246020
vt 0.288444 1.190140
vt 0.288125 1.074440
vt 0.276988 1.127830
vt 0.259657 1.127220
vt 0.300568 1.086510
vt 0.352231 1.042560
vt 0.392209 1.083390
vt 0.348693 1.059540
vt 0.535816 1.192530
vt 0.507885 1.172150
vt 0.522741 1.166450
vt 0.564700 1.214570
vt 0.529565 1.207160
vt 0.580681 1.187920
vt 0.561973 1.198900
vt 0.595107 1.194630
vt 0.594109 1.147740
vt -0.554579 1.146460
vt -0.529901 1.101500
vt -0.525160 1.132240
vt -0.464380 1.145440
vt -0.579432 1.127750
vt -0.442408 1.125330
vt -0.572975 1.181190
vt -0.364811 1.191230
vt -0.599299 1.180940
vt -0.351281 1.173680
vt -0.566907 1.211670
vt -0.253653 1.215010
vt -0.584401 1.227280
vt -0.252813 1.195570
vt -0.541647 1.246910
vt -0.177389 1.182240
vt -0.168431 1.193300
vt -0.129827 1.151070
vt -0.535961 1.224170
vt -0.489388 1.235990
vt -0.499835 1.219650
vt -0.474192 1.202980
vt -0.491004 1.198670
vt -0.495275 1.163470
vt 0.720971 0.846024
vt 0.663881 0.921883
vt 0.696399 0.842424
vt 0.681875 0.938997
vt 0.592415 0.995103
vt 0.690332 0.758224
vt 0.642447 0.702741
vt 0.712129 0.746325
vt 0.581180 0.974863
vt 0.654739 0.681164
vt 0.497248 1.024180
vt 0.407739 0.977957
vt 0.500957 1.001330
vt 0.521823 0.742781
vt 0.556100 0.676051
vt 0.567507 0.698111
vt 0.498444 0.734409
vt 0.389257 0.921609
vt 0.366123 0.922381
vt 0.562616 0.856453
vt 0.490644 0.816440
vt 0.513220 0.806096
vt 0.559828 0.881131
vt 0.455613 0.831193
vt 0.509804 0.881268
vt 0.451872 0.854037
vt 0.490909 0.888232
vt -0.090648 1.128580
vt 0.210904 1.112600
vt 0.218783 1.128700
vt 0.208504 1.144800
vt -0.097321 1.144670
vt -0.083975 1.112480
vt -0.182931 1.051300
vt -0.176257 1.035210
vt -0.169583 1.019110
vt -0.604919 1.018920
vt -0.622831 1.035010
vt -0.618265 1.051110
vt -0.406001 1.286470
vt -0.406001 1.323950
vt -0.740076 1.286470
vt -0.740076 1.323950
vt -0.748663 1.305210
vt -0.341483 1.297280
vt -0.341483 1.259810
vt 0.736397 1.297280
vt 0.743756 1.259810
vt 0.748663 1.278540
vt 0.645888 0.904768
vt 0.671828 0.838825
vt 0.668535 0.770123
vt 0.630155 0.724319
vt 0.569945 0.954624
vt 0.424883 0.962404
vt 0.504667 0.978484
vt 0.545204 0.751152
vt 0.578912 0.720169
vt 0.535796 0.795751
vt 0.412393 0.920839
vt 0.565404 0.831777
vt 0.623773 0.835119
vt 0.603200 0.821211
vt 0.638749 0.773225
vt 0.472013 0.895196
vt 0.448132 0.876881
vt -0.457379 1.207300
vt -0.478941 1.252330
vt -0.547333 1.269650
vt -0.601895 1.242880
vt -0.625624 1.180680
vt -0.604284 1.109040
vt -0.534641 1.070750
vt -0.420436 1.105230
vt -0.337753 1.156120
vt -0.251973 1.176130
vt -0.186348 1.171180
vt 0.493029 1.177840
vt 0.523313 1.221790
vt 0.567425 1.230250
vt 0.609533 1.201340
vt 0.643569 0.913155
vt 0.602596 0.975471
vt 0.537805 1.032190
vt 0.485309 1.089620
vt 0.436507 1.181070
vt 0.394013 1.209000
vt 0.348329 1.212460
vt 0.302111 1.179460
vt 0.294319 1.128450
vt 0.313011 1.098590
vt 0.376679 1.091110
vt 0.345155 1.076510
vt 0.394831 1.119780
vt 0.363075 1.150370
vt 0.378481 1.114000
vt 0.567965 1.062670
vt 0.466048 1.199250
vt -0.599300 1.180940
vt 0.498443 0.734409
vt 0.545203 0.751152
vt -0.040210 1.185810
vt -0.084866 1.185810
vt -0.084866 1.161590
vt -0.040210 1.161590
vt -0.084866 1.137380
vt -0.040210 1.137380
vt 0.082478 1.185810
vt 0.037822 1.185810
vt 0.037822 1.161590
vt 0.082478 1.161590
vt 0.037822 1.137380
vt 0.082478 1.137380
vt 0.292197 1.084870
vt 0.292197 1.040210
vt 0.316411 1.040210
vt 0.267984 1.084870
vt 0.316411 1.084870
vt 0.267984 1.040210
vt 0.267984 0.962178
vt 0.267984 0.917522
vt 0.292197 0.917522
vt 0.292197 0.962178
vt 0.316411 0.917522
vt 0.316411 0.962178
vt 0.243739 0.804165
vt 0.326441 0.907543
vt 0.243739 0.907543
vt 0.243739 1.010920
vt 0.161036 0.907543
vt -0.267984 1.137380
vt -0.316411 1.137380
vt -0.292197 1.127350
vt -0.267984 1.185810
vt -0.257953 1.161590
vt -0.316411 1.185810
vt -0.292197 1.195840
vt -0.326441 1.161590
vt 0.084866 1.185810
vt 0.040210 1.185810
vt 0.040210 1.161590
vt 0.084866 1.161590
vt 0.040210 1.137380
vt 0.084866 1.137380
vt -0.037822 1.185810
vt -0.082478 1.185810
vt -0.082478 1.161590
vt -0.037822 1.161590
vt -0.082478 1.137380
vt -0.037822 1.137380
vt -0.316411 1.084870
vt -0.316411 1.040210
vt -0.292197 1.040210
vt -0.267984 1.040210
vt -0.267984 1.084870
vt -0.292197 1.084870
vt -0.267984 0.917522
vt -0.267984 0.962178
vt -0.292197 0.962178
vt -0.292197 0.917522
vt -0.316411 0.962178
vt -0.316411 0.917522
vt -0.326441 0.907543
vt -0.243739 0.804165
vt -0.243739 0.907543
vt -0.243739 1.010920
vt -0.161036 0.907543
vt 0.267984 1.185810
vt 0.267984 1.137380
vt 0.316411 1.137380
vt 0.292197 1.127350
vt 0.257953 1.161590
vt 0.316411 1.185810
vt 0.292197 1.195840
vt 0.326441 1.161590
vt 0.055021 1.048530
vt 0.054468 0.993515
vt 0.077812 0.993515
vt 0.055021 0.938493
vt 0.038515 1.032030
vt 0.038515 0.955000
vt -0.000000 1.071330
vt -0.000000 0.939047
vt -0.000000 1.047980
vt -0.000000 0.915703
vt -0.038513 1.032030
vt -0.055020 0.938493
vt -0.055020 1.048530
vt -0.038513 0.955000
vt -0.054467 0.993515
vt -0.077811 0.993515
vt 0.092501 0.929547
vt 0.064672 1.084300
vt -0.092501 0.929547
vt 0.092501 1.061020
vt -0.064672 1.084300
vt -0.092501 1.061020
vt -0.523421 1.038510
vt -0.465067 1.000000
vt -0.465067 1.038510
vt -0.523421 1.000000
vt -0.465067 0.961485
vt -0.523421 0.961485
vt 0.091322 0.907499
vt 0.523421 0.907499
vt 0.523421 0.935328
vt 0.091322 0.935328
vt 0.091322 1.064670
vt 0.523421 1.064670
vt 0.523421 1.092500
vt 0.091322 1.092500
vt 0.050653 1.055020
vt -0.523421 1.055020
vt 0.050653 1.000000
vt -0.523421 0.944979
vt 0.050653 0.944979
vt 0.465067 0.955000
vt 0.523421 0.955000
vt 0.465067 0.993515
vt 0.523421 0.993515
vt 0.465067 1.032030
vt 0.523421 1.032030
vt -0.091322 1.061020
vt -0.523421 1.061020
vt -0.091322 0.929547
vt -0.523421 0.929547
vt 0.523421 1.048530
vt -0.050651 0.993513
vt 0.523421 0.938493
vt -0.050653 1.048530
vt -0.050651 0.938493
vt 0.523421 1.000000
vt 0.523421 1.038510
vt 0.465067 1.038510
vt 0.465067 1.000000
vt 0.523421 0.961485
vt 0.465067 0.961485
vt -0.050651 1.000000
vt 0.523421 1.055020
vt -0.050651 1.055020
vt 0.523421 0.944979
vt -0.050653 0.944979
vt -0.465067 0.993515
vt -0.523421 0.993515
vt -0.465067 0.955000
vt -0.523421 0.955000
vt -0.523421 1.032030
vt -0.465067 1.032030
vt 0.091322 1.061020
vt 0.523421 0.929547
vt 0.523421 1.061020
vt 0.091322 0.929547
vt 0.050653 1.048530
vt -0.523421 1.048530
vt 0.050653 0.993513
vt -0.523421 0.938493
vt 0.050653 0.938493
vt 57.988899 -47.011101
vt 58.000000 -47.000000
vt 57.972301 -47.000000
vt 58.000000 -47.027699
vt 58.011101 -47.011101
vt 58.027699 -47.000000
vt 57.988899 -46.988899
vt 58.000000 -46.972301
vt 58.011101 -46.988899
vt 5.988910 -29.011101
vt 6.000000 -29.000000
vt 5.972280 -29.000000
vt 6.000000 -29.027700
vt 6.011090 -29.011101
vt 6.027720 -29.000000
vt 5.988910 -28.988899
vt 6.000000 -28.972300
vt 6.011090 -28.988899
s 1
usemtl Meshpart1Mtl.001
f 1/1/1 2/2/1 3/3/1
f 3/3/1 2/2/1 4/4/1
f 5/5/2 6/6/3 7/1/4
f 7/1/4 8/2/5 5/5/2
f 6/6/3 5/5/2 9/7/3
f 9/7/3 5/5/2 10/8/6
f 9/7/3 10/8/6 11/9/7
f 11/9/7 12/10/7 9/7/3
f 13/11/8 14/12/8 15/13/8
f 16/14/8 15/13/8 14/12/8
f 17/15/8 18/16/8 19/17/8
f 17/15/8 19/17/8 20/18/8
f 23/19/9 22/20/10 21/21/10
f 22/20/10 23/19/9 24/22/11
f 25/23/12 26/24/12 27/25/12
f 26/24/12 25/23/12 28/26/12
f 25/23/12 27/25/12 29/27/12
f 26/24/12 28/26/12 30/28/12
f 29/27/12 27/25/12 31/29/12
f 29/27/12 31/29/12 32/30/12
f 29/27/12 32/30/12 33/31/13
f 30/28/12 34/32/12 26/24/12
f 34/32/12 30/28/12 35/33/12
f 30/28/12 36/34/12 35/33/12
f 37/2/14 38/4/15 39/3/14
f 37/2/14 39/3/14 40/1/14
f 42/9/9 41/10/11 43/7/16
f 43/7/16 44/8/17 42/9/9
f 44/8/17 43/7/16 45/6/18
f 45/6/18 46/5/19 44/8/17
f 46/5/19 45/6/18 47/1/20
f 47/1/20 48/2/21 46/5/19
f 49/35/22 50/18/22 51/36/22
f 52/15/22 51/36/22 50/18/22
f 53/37/23 54/38/23 55/39/23
f 54/38/23 56/40/24 55/39/23
f 54/38/23 53/37/23 57/24/23
f 57/24/23 58/41/23 54/38/23
f 59/25/23 58/41/23 57/24/23
f 58/41/23 59/25/23 60/42/23
f 59/25/23 61/43/23 60/42/23
f 62/44/23 61/43/23 59/25/23
f 63/45/23 61/43/23 62/44/23
f 61/43/23 63/45/23 64/46/23
f 2563/47/1 2564/48/1 2565/49/1
f 2565/49/1 2564/48/1 2566/50/1
f 2565/49/1 2566/50/1 2567/51/25
f 2567/51/25 2566/50/1 2568/52/26
f 2567/51/25 2568/52/26 2569/53/27
f 2569/53/27 2568/52/26 2570/54/28
f 2571/55/29 2572/56/30 2573/57/29
f 2572/56/30 2574/58/31 2573/57/29
f 2574/58/31 2572/56/30 2575/59/32
f 2575/59/32 2576/60/33 2574/58/31
f 2576/60/33 2575/59/32 2577/61/34
f 2577/61/34 2578/62/35 2576/60/33
f 2578/62/35 2577/61/34 2579/63/36
f 2579/63/36 2580/64/37 2578/62/35
f 2580/64/37 2579/63/36 2581/65/38
f 2581/65/38 2582/66/39 2580/64/37
f 2582/66/39 2581/65/38 2583/67/40
f 2583/67/40 2584/68/40 2582/66/39
f 2585/69/8 2586/70/8 2587/71/8
f 2585/69/8 2587/71/8 2588/72/8
f 2585/69/8 2588/72/8 2589/73/8
f 2589/73/8 2588/72/8 2590/74/8
f 2590/74/8 2591/75/8 2589/73/8
f 2591/75/8 2590/74/8 2592/76/8
f 2593/77/8 2591/75/8 2592/76/8
f 2593/77/8 2592/76/8 2594/78/8
f 2595/79/12 2596/80/12 2597/81/12
f 2596/80/12 2595/79/12 2598/82/12
f 2597/81/12 2599/83/12 2595/79/12
f 2600/84/12 2597/81/12 2596/80/12
f 2599/83/12 2597/81/12 2601/85/12
f 2597/81/12 2600/84/12 2602/86/12
f 2602/86/12 2601/85/12 2597/81/12
f 2601/85/12 2603/87/12 2599/83/12
f 2604/88/12 2602/86/12 2600/84/12
f 2602/86/12 2604/88/12 2605/89/12
f 2606/90/12 2605/89/12 2604/88/12
f 2606/90/12 2607/91/12 2605/89/12
f 2606/90/12 2608/92/12 2607/91/12
f 2608/92/12 2606/90/12 2609/93/12
f 2609/93/12 2610/94/12 2608/92/12
f 2610/94/12 2609/93/12 2611/95/12
f 2611/95/12 2612/96/12 2610/94/12
f 2612/96/12 2611/95/12 2613/97/12
f 2613/97/12 2614/98/12 2612/96/12
f 2614/98/12 2613/97/12 2615/99/12
f 2615/99/12 2616/100/12 2614/98/12
f 2616/100/12 2615/99/12 2617/101/12
f 2605/89/12 2618/102/12 2602/86/12
f 2619/103/12 2602/86/12 2618/102/12
f 2601/85/12 2602/86/12 2619/103/12
f 2618/102/12 2620/104/12 2619/103/12
f 2620/104/12 2618/102/12 2621/105/12
f 2619/103/12 2622/106/12 2601/85/12
f 2622/106/12 2619/103/12 2620/104/12
f 2603/87/12 2601/85/12 2622/106/12
f 2621/105/12 2623/107/12 2620/104/12
f 2622/106/12 2624/108/12 2603/87/12
f 2625/109/12 2620/104/12 2623/107/12
f 2624/108/12 2622/106/12 2626/110/12
f 2626/110/12 2620/104/12 2625/109/12
f 2620/104/12 2626/110/12 2622/106/12
f 2627/50/41 2628/49/42 2629/48/43
f 2629/48/43 2628/49/42 2630/47/43
f 2627/50/41 2631/51/44 2628/49/42
f 2632/52/44 2631/51/44 2627/50/41
f 2632/52/44 2633/67/45 2631/51/44
f 2634/68/46 2633/67/45 2632/52/44
f 2635/111/47 2633/67/45 2634/68/46
f 2633/67/45 2635/111/47 2636/112/48
f 2637/113/49 2636/112/48 2635/111/47
f 2636/112/48 2637/113/49 2638/114/50
f 2639/115/51 2638/114/50 2637/113/49
f 2638/114/50 2639/115/51 2640/116/52
f 2641/117/51 2640/116/52 2639/115/51
f 2640/116/52 2641/117/51 2642/118/52
f 2643/119/53 2642/118/52 2641/117/51
f 2642/118/52 2643/119/53 2644/120/53
f 2645/121/54 2644/120/53 2643/119/53
f 2644/120/53 2645/121/54 2646/122/54
f 2647/123/55 2648/124/56 2649/125/55
f 2649/125/55 2648/124/56 2650/126/57
f 2651/127/58 2652/78/59 2653/128/60
f 2652/78/59 2651/127/58 2654/129/61
f 2655/130/62 2656/131/55 2657/132/63
f 2656/131/55 2655/130/62 2658/133/55
f 2659/134/55 2660/135/56 2661/136/63
f 2661/136/63 2660/135/56 2662/137/63
f 2663/138/23 2664/139/23 2665/140/23
f 2664/139/23 2663/138/23 2666/141/23
f 2667/142/23 2665/140/23 2664/139/23
f 2665/140/23 2667/142/23 2668/143/23
f 2666/141/23 2669/144/23 2664/139/23
f 2669/144/23 2666/141/23 2670/145/23
f 2671/146/23 2669/144/23 2670/145/23
f 2669/144/23 2671/146/23 2672/147/23
f 2669/144/23 2672/147/23 2673/148/23
f 2674/149/23 2664/139/23 2669/144/23
f 2669/144/23 2673/148/23 2674/149/23
f 2664/139/23 2674/149/23 2667/142/23
f 2673/148/23 2675/150/23 2674/149/23
f 2675/150/23 2667/142/23 2674/149/23
f 2675/150/23 2673/148/23 2676/151/23
f 2677/152/23 2668/143/23 2667/142/23
f 2667/142/23 2675/150/23 2677/152/23
f 2668/143/23 2677/152/23 2678/153/23
f 2679/154/23 2678/153/23 2677/152/23
f 2678/153/23 2679/154/23 2680/155/23
f 2677/152/23 2681/156/23 2679/154/23
f 2681/156/23 2677/152/23 2675/150/23
f 2681/156/23 2675/150/23 2682/157/23
f 2682/157/23 2675/150/23 2676/151/23
f 2676/151/23 2683/158/23 2682/157/23
f 2683/158/23 2676/151/23 2684/159/23
f 2685/160/23 2683/158/23 2684/159/23
f 2683/158/23 2685/160/23 2686/161/23
f 2686/161/23 2685/160/23 2687/162/23
f 2686/161/23 2687/162/23 2688/163/23
f 2689/164/23 2688/163/23 2687/162/23
f 2688/163/23 2689/164/23 2690/165/23
f 2691/166/23 2690/165/23 2689/164/23
f 2690/165/23 2691/166/23 2692/167/23
f 2693/168/23 2692/167/23 2691/166/23
f 2692/167/23 2693/168/23 2694/169/23
usemtl Meshpart2Mtl.004
f 65/170/64 66/171/65 67/172/1
f 66/171/65 65/170/64 68/173/64
f 69/174/66 67/172/1 66/171/65
f 67/172/1 69/174/66 70/175/67
f 71/176/68 72/177/69 73/178/70
f 74/179/71 72/177/69 71/176/68
f 75/180/72 76/181/73 77/182/73
f 77/182/73 76/181/73 78/183/74
f 79/180/73 80/181/73 81/184/73
f 81/184/73 80/181/73 82/183/75
f 83/185/73 84/181/75 85/184/75
f 85/184/75 84/181/75 86/183/75
f 87/186/76 88/187/77 89/188/78
f 90/189/79 92/190/80 91/186/81
f 95/191/82 93/192/83 94/193/84
f 93/192/83 95/191/82 96/194/85
f 97/195/86 96/194/85 95/191/82
f 98/196/87 100/197/88 99/198/89
f 100/197/88 98/196/87 101/199/90
f 100/197/88 101/199/90 102/200/91
f 105/201/92 104/202/93 103/203/94
f 104/202/93 105/201/92 106/204/95
f 107/205/96 106/204/95 105/201/92
f 105/201/92 109/206/97 107/205/96
f 111/207/98 108/208/99 110/209/100
f 108/208/99 111/207/98 112/210/101
f 114/211/102 115/212/103 113/213/104
f 115/212/103 114/211/102 116/214/105
f 115/212/103 116/214/105 117/215/106
f 118/216/107 115/212/103 117/215/106
f 119/217/108 121/218/109 120/219/110
f 121/218/109 119/217/108 122/220/111
f 123/221/112 125/222/113 124/186/114
f 126/186/115 127/223/116 128/224/117
f 129/225/118 130/226/118 131/227/118
f 129/225/118 132/174/119 130/226/118
f 133/175/119 132/174/119 129/225/118
f 131/227/118 130/226/118 134/228/120
f 131/227/118 134/228/120 135/229/121
f 135/229/121 134/228/120 136/230/122
f 139/191/123 138/193/124 137/231/125
f 139/191/123 137/231/125 140/232/126
f 141/233/127 139/191/123 140/232/126
f 142/234/128 143/198/84 144/197/129
f 145/235/85 142/234/128 144/197/129
f 144/197/129 146/236/86 145/235/85
f 149/201/103 147/203/104 148/237/130
f 149/201/103 148/237/130 150/238/105
f 151/239/131 149/201/103 150/238/105
f 149/201/103 151/239/131 152/206/132
f 153/208/133 155/240/134 154/241/135
f 153/208/133 156/210/136 155/240/134
f 157/213/137 159/212/92 158/242/138
f 160/243/139 158/242/138 159/212/92
f 159/212/92 161/244/140 160/243/139
f 161/244/140 159/212/92 162/216/141
f 165/245/142 163/217/143 164/246/144
f 163/217/143 165/245/142 166/220/101
f 167/247/145 168/248/2 169/249/1
f 169/249/1 168/248/2 170/250/1
f 171/251/1 167/247/145 169/249/1
f 172/252/146 168/248/2 167/247/145
f 168/248/2 172/252/146 173/253/146
f 167/247/145 171/251/1 174/254/147
f 175/255/1 174/254/147 171/251/1
f 176/256/148 174/254/147 175/255/1
f 177/257/149 174/254/147 176/256/148
f 174/254/147 177/257/149 178/258/150
f 179/259/151 180/260/8 181/261/8
f 179/259/151 181/261/8 182/262/151
f 183/263/152 184/264/153 185/265/152
f 183/263/152 185/265/152 186/266/154
f 187/267/152 188/268/152 189/269/155
f 187/267/152 189/269/155 190/270/156
f 191/271/8 192/272/8 193/273/8
f 192/272/8 191/271/8 194/274/8
f 195/275/157 197/276/158 196/277/159
f 197/276/158 195/275/157 198/278/160
f 201/279/161 199/280/162 200/281/163
f 200/281/163 202/282/164 201/279/161
f 205/283/165 203/284/166 204/285/167
f 203/284/166 205/283/165 206/286/168
f 207/287/169 209/288/170 208/289/171
f 210/290/172 208/289/171 209/288/170
f 215/291/173 213/292/174 212/293/175
f 211/294/176 214/295/177 216/296/178
f 217/297/179 216/296/178 214/295/177
f 214/295/177 219/298/180 217/297/179
f 221/299/181 220/300/182 218/301/183
f 223/302/184 224/303/185 222/304/186
f 226/305/187 225/306/188 227/307/189
f 227/307/189 229/308/190 226/305/187
f 231/309/191 226/305/187 229/308/190
f 230/310/192 232/311/193 228/312/194
f 234/313/195 235/314/196 233/315/197
f 237/316/198 236/317/199 238/318/200
f 239/319/201 240/320/8 241/321/201
f 240/320/8 239/319/201 242/322/8
f 243/323/8 244/324/8 245/325/8
f 245/325/8 244/324/8 246/326/8
f 247/327/8 248/328/8 249/329/8
f 248/328/8 247/327/8 250/330/8
f 253/331/202 252/332/203 251/333/204
f 252/332/203 253/331/202 254/334/202
f 257/335/205 256/336/203 255/337/203
f 257/335/205 255/337/203 258/338/205
f 261/276/206 259/339/207 260/277/208
f 259/339/207 261/276/206 262/340/209
f 265/341/210 264/281/211 263/342/212
f 264/281/211 265/341/210 266/282/172
f 267/343/157 269/283/213 268/285/214
f 269/283/213 267/343/157 270/344/160
f 272/289/163 273/345/215 271/346/216
f 273/345/215 272/289/163 274/290/164
f 275/295/187 276/347/217 277/348/189
f 278/349/218 275/295/187 277/348/189
f 275/295/187 278/349/218 280/298/191
f 281/292/219 282/350/193 279/351/194
f 284/300/220 285/352/196 283/353/197
f 286/354/221 288/303/222 287/302/223
f 291/355/224 290/356/176 289/305/177
f 289/305/177 292/357/225 291/355/224
f 292/357/225 289/305/177 294/309/180
f 293/358/175 296/359/173 295/310/174
f 299/360/181 298/313/182 297/361/183
f 300/362/186 301/316/226 302/318/227
f 303/363/228 304/261/228 305/260/229
f 304/261/228 303/363/228 306/364/228
f 307/365/230 308/366/231 309/367/231
f 307/365/230 309/367/231 310/368/232
f 311/369/233 307/365/230 310/368/232
f 307/365/230 311/369/233 312/370/233
f 313/371/234 314/372/235 315/373/236
f 315/373/236 316/374/237 313/371/234
f 317/375/238 315/373/236 314/372/235
f 315/373/236 317/375/238 318/376/238
f 319/377/239 320/376/239 321/378/240
f 321/378/240 320/376/239 322/379/241
f 323/367/242 321/378/240 322/379/241
f 321/378/240 323/367/242 324/366/243
f 325/380/244 326/365/245 327/366/246
f 328/381/247 329/382/248 330/383/249
f 330/383/249 331/369/247 328/381/247
f 332/371/250 330/383/249 329/382/248
f 330/383/249 332/371/250 333/374/251
f 334/369/252 335/383/253 336/384/254
f 336/384/254 337/370/252 334/369/252
f 338/374/255 336/384/254 335/383/253
f 336/384/254 338/374/255 339/385/256
f 340/386/257 341/387/258 342/388/259
f 342/388/259 341/387/258 343/389/260
f 344/390/261 340/386/257 342/388/259
f 341/387/258 345/391/262 343/389/260
f 340/386/257 344/390/261 346/392/263
f 343/389/260 345/391/262 347/393/264
f 344/390/261 348/394/265 346/392/263
f 345/391/262 349/395/266 347/393/264
f 348/394/265 344/390/261 350/396/267
f 349/395/266 345/391/262 351/397/268
f 352/398/269 350/396/270 354/399/271
f 353/400/272 351/397/273 355/401/274
f 356/402/275 352/398/269 354/399/271
f 355/401/274 357/403/276 353/400/272
f 352/398/269 356/402/275 358/404/277
f 357/403/276 355/401/274 359/405/278
f 356/402/275 360/406/279 358/404/277
f 360/406/279 356/402/275 362/407/280
f 363/408/281 365/409/282 361/410/283
f 365/409/282 363/408/281 367/411/284
f 368/412/285 366/413/286 364/414/287
f 367/411/284 369/415/288 365/409/282
f 366/413/286 368/412/285 370/416/289
f 369/415/288 367/411/284 371/417/290
f 372/418/291 370/416/289 368/412/285
f 373/419/292 370/416/289 372/418/291
f 373/419/292 372/418/291 374/420/293
f 375/421/294 377/422/295 376/423/296
f 378/424/297 376/423/296 377/422/295
f 379/425/298 378/424/297 377/422/295
f 380/426/299 378/424/297 379/425/298
f 383/427/300 382/428/301 381/429/302
f 384/430/303 382/428/301 383/427/300
f 387/431/304 385/432/305 386/433/306
f 388/434/12 389/435/13 390/436/13
f 390/436/13 391/437/12 388/434/12
f 392/438/12 393/439/12 394/440/12
f 394/440/12 395/441/12 392/438/12
f 396/442/12 397/443/12 398/444/12
f 398/444/12 399/445/12 396/442/12
f 400/446/12 401/447/12 402/448/12
f 403/449/12 402/448/12 401/447/12
f 401/447/12 400/446/12 404/450/12
f 401/447/12 405/451/307 403/449/12
f 405/451/307 406/452/308 403/449/12
f 407/453/12 401/447/12 404/450/12
f 408/454/12 407/453/12 404/450/12
f 407/453/12 408/454/12 409/455/12
f 408/454/12 410/456/12 409/455/12
f 411/457/12 410/456/12 408/454/12
f 410/456/12 411/457/12 412/458/13
f 413/459/309 414/460/310 415/387/217
f 416/461/311 413/459/309 415/387/217
f 415/387/217 414/460/310 417/391/312
f 414/460/310 418/397/313 417/391/312
f 418/397/313 414/460/310 420/462/192
f 419/392/314 423/463/315 421/464/316
f 422/401/193 420/462/219 424/465/317
f 423/463/315 419/392/314 425/394/318
f 424/465/317 426/405/319 422/401/193
f 426/405/319 424/465/317 427/466/320
f 428/408/321 427/466/195 430/467/322
f 430/467/322 431/411/323 428/408/321
f 431/411/323 430/467/322 433/468/324
f 432/469/325 429/404/326 434/406/327
f 435/470/328 431/411/323 433/468/324
f 431/411/323 435/470/328 436/417/329
f 437/421/330 438/471/331 439/472/332
f 440/422/333 437/421/330 439/472/332
f 441/473/334 440/422/333 439/472/332
f 441/473/334 442/425/335 440/422/333
f 443/474/336 442/425/335 441/473/334
f 445/475/337 444/429/338 443/474/339
f 446/427/340 444/429/338 445/475/337
f 446/427/340 445/475/337 447/476/341
f 448/477/342 446/427/340 447/476/341
f 449/478/343 448/477/342 447/476/341
f 448/477/342 449/478/343 450/433/344
f 450/433/344 449/478/343 451/479/345
f 452/366/346 453/378/347 454/380/348
f 455/480/349 456/481/350 457/482/350
f 456/481/350 458/483/349 457/482/350
f 459/484/12 460/485/12 461/486/12
f 462/487/12 461/486/12 460/485/12
f 460/485/12 459/484/12 463/488/12
f 460/485/12 463/488/12 464/489/12
f 465/490/351 466/385/352 467/374/352
f 465/490/351 467/374/352 468/373/353
f 469/376/354 465/490/351 468/373/353
f 465/490/351 469/376/354 470/377/354
f 471/379/355 472/376/356 473/375/357
f 471/379/355 473/375/357 474/491/358
f 475/492/359 471/379/355 474/491/358
f 471/379/355 475/492/359 476/367/359
f 477/368/360 478/367/361 479/492/362
f 477/368/360 479/492/362 480/493/363
f 481/381/364 477/368/360 480/493/363
f 477/368/360 481/381/364 482/369/364
f 483/485/12 484/484/12 485/488/12
f 483/485/12 485/488/12 486/489/12
f 487/380/365 488/385/366 489/384/367
f 490/387/368 491/388/369 492/386/370
f 491/388/369 490/387/368 493/389/371
f 494/390/261 492/386/370 491/388/369
f 495/391/262 493/389/371 490/387/368
f 492/386/370 494/390/261 496/392/372
f 493/389/371 495/391/262 497/393/373
f 498/394/265 496/392/372 494/390/261
f 499/395/266 497/393/373 495/391/262
f 498/394/265 494/390/261 500/396/374
f 495/391/262 501/397/375 499/395/266
f 502/398/269 500/396/270 504/399/271
f 501/397/273 505/401/274 503/400/272
f 506/402/275 502/398/269 504/399/271
f 507/403/376 503/400/272 505/401/274
f 502/398/269 506/402/275 508/404/377
f 505/401/274 509/405/278 507/403/376
f 506/402/275 510/406/279 508/404/377
f 506/402/275 512/407/378 510/406/279
f 515/409/282 511/494/379 513/408/380
f 515/409/282 513/408/380 517/411/381
f 518/412/285 516/413/286 514/414/382
f 517/411/381 519/415/383 515/409/282
f 516/413/286 518/412/285 520/416/384
f 519/415/383 517/411/381 521/417/385
f 522/418/291 520/416/384 518/412/285
f 520/416/384 522/418/291 523/419/292
f 522/418/291 524/420/293 523/419/292
f 527/422/386 526/423/296 525/421/387
f 526/423/296 527/422/386 528/424/388
f 529/425/389 528/424/388 527/422/386
f 528/424/388 529/425/389 530/426/299
f 533/427/390 532/428/391 531/429/392
f 532/428/391 533/427/390 534/430/303
f 535/432/393 536/433/394 537/431/395
f 538/461/396 539/459/309 540/387/217
f 541/460/310 540/387/217 539/459/309
f 540/387/217 541/460/310 542/391/312
f 544/397/397 542/391/312 541/460/310
f 541/460/310 546/462/192 544/397/397
f 547/463/398 545/464/316 543/392/399
f 547/463/398 543/392/399 549/394/400
f 546/462/219 550/465/401 548/401/193
f 551/405/402 548/401/193 550/465/401
f 550/465/401 552/466/403 551/405/402
f 555/467/322 554/408/404 552/466/405
f 557/411/323 554/408/404 555/467/322
f 553/404/406 558/406/327 556/469/325
f 557/411/323 555/467/322 559/468/324
f 560/470/407 557/411/323 559/468/324
f 557/411/323 560/470/407 561/417/408
f 564/472/332 562/421/409 563/471/410
f 562/421/409 564/472/332 565/422/411
f 566/473/334 565/422/411 564/472/332
f 565/422/411 566/473/334 567/425/412
f 568/474/413 567/425/412 566/473/334
f 570/475/337 569/429/414 568/474/415
f 569/429/414 570/475/337 571/427/340
f 572/476/341 571/427/340 570/475/337
f 571/427/340 572/476/341 573/477/416
f 574/478/343 573/477/416 572/476/341
f 573/477/416 574/478/343 575/433/344
f 574/478/343 576/479/417 575/433/344
f 577/380/418 578/490/419 579/385/420
f 580/495/421 581/496/422 582/497/422
f 580/495/421 582/497/422 583/498/54
f 583/498/54 582/497/422 584/499/423
f 580/495/421 583/498/54 585/500/424
f 586/501/425 580/495/421 585/500/424
f 583/498/54 584/499/423 587/502/54
f 587/502/54 584/499/423 588/503/423
f 587/502/54 588/503/423 589/504/426
f 587/502/54 589/504/426 590/505/424
f 591/506/425 587/502/54 590/505/424
f 594/507/427 593/508/428 592/509/429
f 595/510/430 597/511/431 596/512/432
f 595/510/430 598/513/433 597/511/431
f 600/514/270 601/515/434 599/516/435
f 603/517/436 604/518/437 602/519/438
f 605/520/439 602/519/438 604/518/437
f 608/521/440 606/522/441 607/523/442
f 606/522/441 608/521/440 609/524/443
f 610/525/444 609/524/443 608/521/440
f 608/521/440 611/526/445 610/525/444
f 612/527/446 614/528/447 613/529/448
f 614/528/447 612/527/446 615/530/449
f 615/530/449 616/531/221 614/528/447
f 617/532/450 614/528/447 616/531/221
f 619/533/451 618/534/452 620/535/453
f 620/535/453 621/536/454 619/533/451
f 623/537/455 622/538/455 624/539/456
f 624/539/456 625/540/456 623/537/455
f 625/540/456 624/539/456 626/541/457
f 626/541/457 627/542/458 625/540/456
f 628/543/459 629/189/460 630/190/461
f 631/187/462 632/188/463 633/543/464
f 636/544/465 634/545/466 635/508/467
f 639/546/437 637/510/468 638/547/469
f 637/510/468 639/546/437 640/513/470
f 641/548/471 643/549/472 642/514/428
f 644/519/430 646/550/473 645/551/432
f 646/550/473 644/519/430 647/520/474
f 650/521/475 649/523/448 648/552/446
f 650/521/475 648/552/446 651/553/476
f 652/554/477 650/521/475 651/553/476
f 650/521/475 652/554/477 653/526/478
f 654/555/479 655/529/480 656/528/481
f 657/556/443 654/555/479 656/528/481
f 656/528/481 658/557/444 657/556/443
f 658/557/444 656/528/481 659/532/445
f 660/543/482 661/223/483 662/224/484
f 663/221/485 665/222/486 664/543/487
f 666/558/421 667/559/426 668/560/426
f 668/560/426 667/559/426 669/561/421
f 670/558/426 671/559/426 672/560/426
f 672/560/426 671/559/426 673/561/421
f 674/562/488 675/559/426 676/563/426
f 676/563/426 675/559/426 677/561/488
f 680/564/489 679/565/490 678/566/491
f 683/567/492 682/568/493 681/569/494
f 682/568/493 683/567/492 684/570/495
f 686/571/496 687/572/497 685/573/498
f 689/574/273 690/575/499 688/576/500
f 692/577/501 693/578/502 691/579/503
f 693/578/502 692/577/501 694/580/504
f 696/581/505 695/582/506 697/583/507
f 700/584/508 698/585/509 699/586/510
f 700/584/511 702/587/512 701/588/513
f 700/584/511 703/589/514 702/587/512
f 705/590/515 704/591/516 706/592/517
f 707/593/518 709/594/325 708/595/519
f 710/596/520 711/597/521 709/594/522
f 712/598/523 709/594/522 711/597/521
f 713/599/524 714/600/525 715/601/526
f 716/602/527 717/603/22 718/604/22
f 717/603/22 716/602/527 719/605/527
f 720/606/528 721/607/527 722/608/527
f 721/607/527 720/606/528 723/609/528
f 724/610/527 725/611/527 726/612/527
f 725/611/527 724/610/527 727/613/527
f 730/614/529 728/615/530 729/616/531
f 730/614/529 729/616/531 731/617/532
f 730/614/529 731/617/532 732/618/533
f 732/618/533 733/619/534 730/614/529
f 734/620/22 735/621/535 736/622/22
f 737/623/535 736/622/22 735/621/535
f 740/564/499 738/566/500 739/624/273
f 743/567/502 741/569/536 742/625/501
f 743/567/502 742/625/501 744/626/537
f 745/627/506 747/572/538 746/571/505
f 749/628/490 748/576/491 750/575/489
f 751/579/494 753/578/492 752/629/493
f 754/630/539 752/629/493 753/578/492
f 755/631/540 756/581/496 757/583/541
f 760/584/542 759/586/519 758/632/543
f 762/633/521 760/584/522 761/634/520
f 760/584/522 762/633/521 763/589/523
f 764/635/524 765/590/525 766/636/544
f 769/594/545 767/637/509 768/595/546
f 769/594/547 771/638/548 770/639/549
f 771/638/548 769/594/547 772/598/514
f 774/600/550 773/640/516 775/641/551
f 776/642/22 777/643/22 778/644/22
f 776/642/22 778/644/22 779/645/22
f 780/646/552 781/647/552 782/648/553
f 782/648/553 781/647/552 783/649/554
f 784/650/555 782/648/553 783/649/554
f 782/648/553 784/650/555 785/651/556
f 786/652/557 787/653/558 788/654/559
f 788/654/559 789/655/560 786/652/557
f 790/656/561 788/654/559 787/653/558
f 788/654/559 790/656/561 791/657/561
f 792/658/562 793/651/563 794/650/564
f 792/658/562 794/650/564 795/659/565
f 796/655/566 792/658/562 795/659/565
f 792/658/562 796/655/566 797/660/567
f 798/651/568 799/648/569 800/661/570
f 801/656/571 802/662/572 803/663/573
f 803/663/573 804/657/574 801/656/571
f 805/664/575 803/663/573 802/662/572
f 803/663/573 805/664/575 806/647/576
f 807/665/577 808/666/578 809/657/579
f 807/665/577 809/657/579 810/663/580
f 811/647/581 807/665/577 810/663/580
f 807/665/577 811/647/581 812/646/581
f 813/667/582 814/668/583 815/669/584
f 813/667/582 815/669/584 816/670/585
f 814/668/583 817/671/586 815/669/584
f 816/670/585 818/672/587 813/667/582
f 817/671/586 814/668/583 819/673/588
f 818/672/587 816/670/585 820/674/589
f 821/675/590 817/671/586 819/673/588
f 822/676/591 818/672/587 820/674/589
f 817/671/586 821/675/590 823/677/592
f 818/672/587 822/676/591 824/678/593
f 823/677/428 825/679/594 827/680/595
f 824/678/596 826/681/597 828/682/598
f 825/679/594 829/683/599 827/680/595
f 830/684/600 828/682/598 826/681/597
f 825/679/594 831/685/601 829/683/599
f 828/682/598 830/684/600 832/686/602
f 833/687/603 829/683/599 831/685/601
f 829/683/599 833/687/603 835/688/604
f 838/689/605 836/690/606 834/691/607
f 836/690/606 838/689/605 840/692/608
f 839/693/609 841/694/610 837/695/611
f 842/696/612 840/692/608 838/689/605
f 843/697/613 841/694/610 839/693/609
f 840/692/608 842/696/612 844/698/614
f 843/697/613 845/699/615 841/694/610
f 843/697/613 846/700/616 845/699/615
f 846/700/616 847/701/617 845/699/615
f 850/702/618 848/703/619 849/704/620
f 849/704/620 851/705/621 850/702/618
f 852/706/622 850/702/618 851/705/621
f 851/705/621 853/707/623 852/706/622
f 855/708/624 856/709/625 854/710/626
f 856/709/625 855/708/624 857/711/627
f 858/712/628 860/713/629 859/714/86
f 861/715/23 862/716/23 863/717/630
f 862/716/23 861/715/23 864/718/23
f 865/719/23 866/720/23 867/721/23
f 866/720/23 865/719/23 868/722/23
f 869/723/23 870/724/23 871/725/23
f 870/724/23 869/723/23 872/726/23
f 873/727/23 874/728/23 875/729/23
f 876/730/23 875/729/23 874/728/23
f 877/731/23 873/727/23 875/729/23
f 876/730/23 874/728/23 878/732/23
f 873/727/23 877/731/23 879/733/23
f 878/732/23 880/734/23 876/730/23
f 880/734/23 881/735/23 876/730/23
f 881/735/23 880/734/23 882/736/23
f 879/733/23 883/737/23 873/727/23
f 884/738/23 873/727/23 883/737/23
f 884/738/23 883/737/23 885/739/23
f 886/740/631 887/667/176 888/672/632
f 889/678/633 886/740/631 888/672/632
f 887/667/176 886/740/631 890/741/634
f 886/740/631 889/678/633 891/742/635
f 892/743/636 887/667/176 890/741/634
f 891/742/637 893/682/638 894/744/639
f 896/686/640 894/744/639 893/682/638
f 894/744/639 896/686/640 898/745/641
f 899/746/642 895/673/643 897/747/644
f 895/673/643 899/746/642 901/675/645
f 898/745/646 900/690/647 902/748/648
f 903/692/649 902/748/648 900/690/647
f 902/748/648 903/692/649 904/749/650
f 903/692/649 906/750/651 904/749/650
f 903/692/649 907/698/652 906/750/651
f 905/685/653 908/751/654 910/687/655
f 909/703/656 912/752/657 911/753/658
f 909/703/656 913/702/659 912/752/657
f 912/752/657 913/702/659 914/754/660
f 913/702/659 915/706/661 914/754/660
f 915/706/661 916/755/515 914/754/660
f 917/710/662 918/756/663 916/755/664
f 918/756/663 917/710/662 919/709/665
f 920/757/666 918/756/663 919/709/665
f 919/709/665 921/758/667 920/757/666
f 921/758/667 922/759/668 920/757/666
f 923/714/669 922/759/668 921/758/667
f 923/714/669 924/760/670 922/759/668
f 925/661/671 926/658/672 927/651/673
f 928/761/674 929/762/675 930/763/676
f 929/762/675 928/761/674 931/764/674
f 932/765/23 933/766/23 934/767/23
f 933/766/23 932/765/23 935/768/23
f 934/767/23 936/769/23 932/765/23
f 936/769/23 934/767/23 937/770/23
f 938/655/677 939/654/678 940/771/679
f 940/771/679 941/660/677 938/655/677
f 942/657/680 940/771/679 939/654/678
f 940/771/679 942/657/680 943/666/681
f 944/659/682 945/650/683 946/772/683
f 944/659/682 946/772/683 947/773/684
f 948/652/685 944/659/682 947/773/684
f 944/659/682 948/652/685 949/655/686
f 950/649/687 951/647/688 952/664/688
f 950/649/687 952/664/688 953/774/689
f 954/772/690 950/649/687 953/774/689
f 950/649/687 954/772/690 955/650/691
f 956/767/23 957/769/23 958/765/23
f 957/769/23 956/767/23 959/770/23
f 960/665/692 962/666/693 961/661/694
f 963/667/695 964/668/583 965/669/584
f 963/667/695 965/669/584 966/670/696
f 964/668/583 967/671/586 965/669/584
f 966/670/696 968/672/697 963/667/695
f 967/671/586 964/668/583 969/673/698
f 968/672/697 966/670/696 970/674/699
f 967/671/586 969/673/698 971/675/590
f 972/676/700 968/672/697 970/674/699
f 973/677/701 967/671/586 971/675/590
f 974/678/490 968/672/697 972/676/700
f 973/677/428 975/679/594 977/680/595
f 978/682/598 974/678/702 976/681/597
f 975/679/594 979/683/599 977/680/595
f 978/682/598 976/681/597 980/684/600
f 979/683/599 975/679/594 981/685/703
f 982/686/704 978/682/598 980/684/600
f 983/687/705 979/683/599 981/685/703
f 983/687/705 985/688/706 979/683/599
f 984/775/707 988/689/708 986/690/709
f 986/690/709 988/689/708 990/692/608
f 989/693/710 991/694/610 987/695/711
f 988/689/708 992/696/612 990/692/608
f 991/694/610 989/693/710 993/697/613
f 990/692/608 992/696/612 994/698/712
f 993/697/613 995/699/615 991/694/610
f 995/699/615 993/697/613 996/700/713
f 995/699/615 996/700/713 997/701/714
f 999/704/620 1000/702/618 998/703/715
f 1000/702/618 999/704/620 1001/705/716
f 1001/705/716 1002/706/717 1000/702/618
f 1002/706/717 1001/705/716 1003/707/718
f 1005/708/719 1006/709/720 1004/710/626
f 1006/709/720 1005/708/719 1007/711/721
f 1009/714/86 1008/712/722 1010/713/723
f 1011/741/634 1012/743/636 1013/667/176
f 1013/667/176 1014/740/724 1011/741/634
f 1014/740/724 1013/667/176 1015/672/632
f 1017/678/725 1014/740/724 1015/672/632
f 1019/742/635 1014/740/724 1017/678/725
f 1016/673/726 1018/747/727 1020/746/642
f 1022/675/645 1016/673/726 1020/746/642
f 1019/742/637 1021/682/638 1023/744/728
f 1023/744/728 1021/682/638 1024/686/729
f 1025/745/641 1023/744/728 1024/686/729
f 1025/745/182 1027/690/647 1028/748/648
f 1027/690/647 1030/692/730 1028/748/648
f 1031/687/655 1026/685/731 1029/751/732
f 1028/748/648 1030/692/730 1032/749/733
f 1030/692/730 1033/750/651 1032/749/733
f 1033/750/651 1030/692/730 1034/698/734
f 1035/703/735 1037/752/736 1036/753/737
f 1037/752/736 1035/703/735 1038/702/738
f 1038/702/738 1039/754/660 1037/752/736
f 1039/754/660 1038/702/738 1040/706/661
f 1040/706/661 1041/755/739 1039/754/660
f 1042/710/551 1043/756/740 1041/755/741
f 1043/756/740 1042/710/551 1044/709/742
f 1044/709/742 1045/757/666 1043/756/740
f 1045/757/666 1044/709/742 1046/758/743
f 1046/758/743 1047/759/744 1045/757/666
f 1047/759/744 1046/758/743 1048/714/669
f 1047/759/744 1048/714/669 1049/760/670
f 1050/666/745 1051/771/746 1052/661/747
f 1157/776/748 1158/777/65 1159/778/1
f 1158/777/65 1157/776/748 1160/779/749
f 1161/780/750 1159/778/1 1158/777/65
f 1159/778/1 1161/780/750 1162/781/750
f 1164/782/751 1163/783/752 1165/784/753
f 1165/784/753 1166/785/754 1164/782/751
f 1169/786/755 1168/787/756 1167/788/757
f 1168/787/756 1169/786/755 1170/789/758
f 1172/790/759 1173/791/760 1171/792/761
f 1173/791/760 1172/790/759 1174/793/762
f 1177/794/763 1179/795/764 1175/796/765
f 1180/797/766 1178/798/767 1176/799/768
f 1178/798/767 1180/797/766 1182/800/769
f 1179/795/770 1183/801/771 1181/802/772
f 1183/801/771 1179/795/770 1184/803/773
f 1187/804/774 1186/805/775 1185/806/776
f 1190/807/777 1187/804/778 1188/808/779
f 1187/804/778 1190/807/777 1192/809/780
f 1191/810/781 1193/811/782 1189/812/783
f 1191/810/781 1194/813/784 1193/811/782
f 1196/814/785 1197/815/786 1195/816/787
f 1198/817/788 1195/816/787 1197/815/786
f 1199/818/789 1200/819/790 1201/820/791
f 1204/821/792 1203/822/793 1202/823/794
f 1202/823/794 1205/824/795 1204/821/792
f 1206/825/796 1208/826/797 1207/827/798
f 1209/828/799 1210/829/800 1211/830/800
f 1210/829/800 1209/828/799 1212/831/801
f 1213/832/802 1214/833/803 1215/834/804
f 1214/833/803 1213/832/802 1216/835/805
f 1218/836/806 1217/837/807 1219/838/807
f 1219/838/807 1220/839/808 1218/836/806
f 1223/840/809 1221/841/810 1222/842/811
f 1221/841/810 1223/840/809 1224/843/812
f 1225/844/813 1227/845/814 1226/846/815
f 1227/845/814 1225/844/813 1228/847/816
f 1230/848/759 1231/786/760 1229/788/817
f 1231/786/760 1230/848/759 1232/849/818
f 1235/791/819 1234/850/820 1233/792/821
f 1234/850/820 1235/791/819 1236/851/758
f 1237/852/822 1241/795/823 1239/794/824
f 1240/798/825 1242/853/826 1238/854/783
f 1242/853/826 1240/798/825 1244/800/784
f 1243/855/827 1245/856/828 1241/795/829
f 1246/803/830 1241/795/829 1245/856/828
f 1249/804/831 1247/857/832 1248/805/763
f 1252/858/833 1250/859/834 1249/804/835
f 1249/804/835 1254/809/773 1252/858/833
f 1255/860/836 1253/810/837 1251/861/838
f 1253/810/837 1255/860/836 1256/813/769
f 1258/862/839 1259/815/840 1257/814/841
f 1259/815/840 1258/862/839 1260/863/842
f 1262/864/843 1261/818/844 1263/820/845
f 1266/821/846 1264/865/847 1265/822/785
f 1264/865/847 1266/821/846 1267/866/788
f 1269/867/790 1270/826/791 1268/825/848
f 1271/829/804 1272/831/849 1273/868/803
f 1271/829/804 1273/868/803 1274/869/804
f 1275/870/850 1276/832/851 1277/871/800
f 1276/832/851 1275/870/850 1278/835/852
f 1279/841/853 1281/872/854 1280/873/855
f 1279/841/853 1282/843/856 1281/872/854
f 1285/874/809 1283/844/857 1284/875/858
f 1283/844/857 1285/874/809 1286/847/859
f 1287/876/860 1288/877/8 1289/878/8
f 1287/876/860 1289/878/8 1290/879/861
f 1287/876/860 1290/879/861 1291/880/860
f 1291/880/860 1290/879/861 1292/881/860
f 1291/880/860 1292/881/860 1293/882/201
f 1293/882/201 1292/881/860 1294/883/201
f 1297/884/862 1296/885/863 1295/886/864
f 1296/885/863 1297/884/862 1298/887/865
f 1299/888/866 1301/889/867 1300/890/868
f 1303/891/869 1304/892/870 1302/893/871
f 1304/892/870 1303/891/869 1305/894/872
f 1306/895/873 1307/896/874 1308/897/875
f 1311/898/876 1309/899/877 1310/900/878
f 1312/901/879 1310/900/880 1313/902/881
f 1316/903/882 1315/904/883 1314/905/884
f 1315/904/883 1316/903/882 1317/906/885
f 1319/907/886 1318/908/887 1320/909/888
f 1319/907/889 1321/910/890 1322/911/891
f 1324/912/892 1325/913/893 1323/914/894
f 1324/912/892 1326/915/895 1325/913/893
f 1327/916/896 1329/917/897 1328/918/898
f 1329/917/897 1327/916/896 1330/919/899
f 1332/920/900 1333/921/901 1331/922/902
f 1331/922/902 1333/921/901 1334/923/903
f 1337/924/904 1335/925/905 1336/926/906
f 1335/925/905 1337/924/904 1338/927/907
f 1339/928/908 1341/929/909 1340/930/910
f 1342/931/911 1341/929/909 1339/928/908
f 1343/932/912 1345/933/913 1344/934/914
f 1343/932/912 1346/935/915 1345/933/913
f 1349/936/916 1347/937/917 1348/938/918
f 1347/937/917 1349/936/916 1350/939/919
f 1351/940/920 1352/941/921 1353/942/922
f 1352/941/921 1354/943/921 1353/942/922
f 1355/944/923 1357/945/924 1356/946/925
f 1357/945/924 1358/947/922 1356/946/925
f 1359/948/926 1360/949/927 1361/950/928
f 1363/951/929 1362/952/930 1360/949/931
f 1365/953/932 1364/954/933 1366/955/934
f 1365/953/935 1367/956/936 1368/957/937
f 1370/958/869 1371/884/938 1369/886/939
f 1371/884/938 1370/958/869 1372/959/940
f 1373/888/873 1374/960/874 1375/889/941
f 1378/892/942 1377/961/863 1376/893/864
f 1377/961/863 1378/892/942 1379/962/943
f 1380/895/944 1382/897/945 1381/963/868
f 1384/900/946 1383/964/887 1385/965/947
f 1387/902/948 1384/900/949 1386/966/890
f 1389/904/950 1390/967/951 1388/968/952
f 1390/967/951 1389/904/950 1391/906/895
f 1392/969/877 1393/907/953 1394/970/876
f 1393/907/954 1396/911/955 1395/971/956
f 1399/972/957 1398/912/958 1397/973/884
f 1398/912/958 1399/972/957 1400/915/885
f 1402/974/959 1403/975/960 1401/916/961
f 1401/916/961 1403/975/960 1404/919/907
f 1405/922/908 1407/976/962 1406/977/910
f 1407/976/962 1405/922/908 1408/923/963
f 1411/978/964 1410/979/965 1409/925/896
f 1411/978/964 1409/925/896 1412/927/966
f 1415/980/967 1413/928/968 1414/981/969
f 1413/928/968 1415/980/967 1416/931/970
f 1419/933/971 1417/982/972 1418/934/973
f 1417/982/972 1419/933/971 1420/983/971
f 1421/984/974 1423/936/975 1422/938/976
f 1423/936/975 1421/984/974 1424/985/915
f 1425/948/933 1427/950/977 1426/986/978
f 1426/986/979 1428/952/980 1429/987/937
f 1430/954/926 1431/988/927 1432/955/928
f 1433/956/981 1431/988/931 1434/989/982
f 1435/990/983 1436/991/984 1437/992/985
f 1436/991/984 1435/990/983 1438/993/986
f 1438/993/986 1439/994/987 1436/991/984
f 1439/994/987 1438/993/986 1440/995/988
f 1440/995/988 1441/996/989 1439/994/987
f 1441/996/989 1440/995/988 1442/997/990
f 1442/997/990 1443/998/991 1441/996/989
f 1444/999/992 1441/996/989 1443/998/991
f 1443/998/991 1445/1000/993 1444/999/992
f 1445/1000/993 1443/998/991 1446/1001/994
f 1448/1002/995 1449/1003/996 1447/1004/997
f 1449/1003/996 1448/1002/995 1450/1005/998
f 1452/1006/999 1453/1007/1000 1451/1008/1001
f 1453/1007/1000 1452/1006/999 1454/1009/1002
f 1454/1009/1002 1455/1010/1003 1453/1007/1000
f 1457/1011/1004 1455/1010/1005 1456/1012/1006
f 1459/1013/1007 1460/1014/1008 1458/1015/1009
f 1461/1016/1010 1462/1017/1011 1460/1014/1012
f 1462/1017/1013 1464/1018/1014 1463/1019/1015
f 1464/1018/1014 1462/1017/1013 1465/1020/1016
f 1464/1018/1014 1465/1020/1016 1466/1021/1017
f 1467/1022/1018 1468/1023/1019 1469/1024/1020
f 1468/1023/1019 1467/1022/1018 1470/1025/1021
f 1471/1026/1022 1467/1022/1018 1469/1024/1020
f 1472/1027/1023 1468/1023/1019 1470/1025/1021
f 1469/1024/1020 1473/1028/1024 1471/1026/1022
f 1468/1023/1019 1472/1027/1023 1474/1029/1025
f 1473/1028/1024 1475/1030/1026 1471/1026/1022
f 1476/1031/1027 1474/1029/1025 1472/1027/1023
f 1473/1028/1024 1477/1032/1026 1475/1030/1026
f 1474/1029/1025 1476/1031/1027 1478/1033/1028
f 1479/1034/1029 1475/1030/1026 1477/1032/1026
f 1480/1035/1030 1478/1033/1028 1476/1031/1027
f 1475/1030/1026 1479/1034/1029 1481/1036/1031
f 1478/1033/1028 1480/1035/1030 1482/1037/1030
f 1483/1038/1032 1481/1036/1031 1479/1034/1029
f 1484/1039/1033 1482/1037/1030 1480/1035/1030
f 1480/1035/1030 1485/1040/1034 1484/1039/1033
f 1485/1040/1034 1486/1041/1035 1484/1039/1033
f 1481/1036/1031 1483/1038/1032 1487/1042/1036
f 1488/1043/1037 1487/1042/1036 1483/1038/1032
f 1487/1042/1036 1488/1043/1037 1489/1044/1038
f 1488/1043/1037 1490/1045/1039 1489/1044/1038
f 1491/1046/1040 1492/1047/1041 1493/1048/1042
f 1492/1047/1041 1494/1049/1043 1493/1048/1042
f 1492/1047/1041 1491/1046/1040 1495/1050/1044
f 1494/1049/1043 1492/1047/1041 1496/1051/1045
f 1498/1052/1046 1494/1049/1043 1496/1051/1045
f 1501/1053/1047 1497/1054/1048 1499/1055/1049
f 1502/1056/1050 1498/1052/1051 1500/1057/1052
f 1499/1055/1049 1503/1058/1053 1501/1053/1047
f 1505/1059/1054 1502/1056/776 1507/1060/1055
f 1504/1061/1056 1508/1062/1057 1506/1063/1058
f 1508/1062/1057 1504/1061/1056 1509/1064/1059
f 1512/1065/1060 1514/1066/1061 1510/1067/1062
f 1515/1068/1063 1511/1069/1064 1513/1070/1065
f 1515/1068/1063 1513/1070/1065 1516/1071/1066
f 1514/1066/1061 1512/1065/1060 1517/1072/1067
f 1518/1073/12 1519/1074/12 1520/1075/12
f 1518/1073/12 1521/1076/12 1519/1074/12
f 1521/1076/12 1518/1073/12 1522/1077/12
f 1518/1073/12 1520/1075/12 1523/1078/1068
f 1518/1073/12 1524/1079/12 1522/1077/12
f 1523/1078/1068 1525/1080/307 1518/1073/12
f 1524/1079/12 1518/1073/12 1525/1080/307
f 1525/1080/307 1523/1078/1068 1526/1081/307
f 1527/1082/12 1525/1080/307 1526/1081/307
f 1525/1080/307 1527/1082/12 1528/1083/1068
f 1528/1083/1068 1524/1079/12 1525/1080/307
f 1524/1079/12 1528/1083/1068 1529/1084/1068
f 1530/1085/12 1531/1086/12 1532/1087/12
f 1533/1088/13 1532/1087/12 1531/1086/12
f 1531/1086/12 1534/1089/13 1533/1088/13
f 1533/1088/13 1534/1089/13 1535/1090/1069
f 1531/1086/12 1530/1085/12 1536/1091/12
f 1537/1092/12 1536/1091/12 1530/1085/12
f 1536/1091/12 1537/1092/12 1538/1093/12
f 1538/1093/12 1537/1092/12 1539/1094/1070
f 1540/1050/1071 1541/1095/1072 1542/1047/1073
f 1541/1095/1072 1543/1051/1074 1542/1047/1073
f 1541/1095/1072 1540/1050/1071 1544/1096/1075
f 1543/1051/1074 1541/1095/1072 1545/1097/1076
f 1545/1097/1076 1547/1057/1077 1543/1051/1074
f 1550/1098/1078 1546/1099/1079 1548/1054/1080
f 1551/1100/1081 1547/1057/1082 1549/1101/1083
f 1548/1054/1080 1552/1053/1084 1550/1098/1078
f 1551/1100/1085 1556/1102/1086 1554/1060/1087
f 1553/1063/1088 1557/1103/1089 1555/1104/1090
f 1553/1063/1088 1558/1062/1091 1557/1103/1089
f 1558/1062/1091 1559/1105/1092 1557/1103/1089
f 1561/1067/1093 1563/1106/1094 1559/1105/1095
f 1564/1107/1096 1560/1070/1097 1562/1108/1098
f 1560/1070/1097 1564/1107/1096 1565/1071/1099
f 1563/1106/1094 1561/1067/1093 1566/1066/1100
f 1568/1109/1101 1569/1110/1102 1567/1111/1103
f 1570/1112/1104 1571/1038/1105 1572/1113/1106
f 1571/1038/1105 1570/1112/1104 1573/1043/1107
f 1570/1112/1104 1574/1045/1108 1573/1043/1107
f 1575/1034/1109 1572/1113/1106 1571/1038/1105
f 1572/1113/1106 1575/1034/1109 1576/1114/1110
f 1577/1032/1111 1576/1114/1110 1575/1034/1109
f 1576/1114/1110 1577/1032/1111 1578/1115/1112
f 1579/1116/1113 1578/1115/1112 1577/1032/1111
f 1579/1116/1113 1577/1032/1111 1580/1028/1114
f 1581/1024/1115 1579/1116/1113 1580/1028/1114
f 1579/1116/1113 1581/1024/1115 1582/1117/1116
f 1581/1024/1115 1583/1118/1117 1582/1117/1116
f 1583/1118/1117 1581/1024/1115 1584/1023/1118
f 1585/1029/1119 1583/1118/1117 1584/1023/1118
f 1583/1118/1117 1585/1029/1119 1586/1119/1120
f 1587/1033/1121 1586/1119/1120 1585/1029/1119
f 1586/1119/1120 1587/1033/1121 1588/1120/1122
f 1589/1037/1123 1588/1120/1122 1587/1033/1121
f 1588/1120/1122 1589/1037/1123 1590/1121/1123
f 1591/1122/1124 1590/1121/1123 1589/1037/1123
f 1589/1037/1123 1592/1039/1125 1591/1122/1124
f 1592/1039/1125 1593/1041/1126 1591/1122/1124
f 1595/1123/1127 1596/1016/1128 1594/1013/1129
f 1596/1016/1128 1595/1123/1127 1597/1124/1130
f 1598/1125/1131 1600/1020/1132 1599/1017/1133
f 1600/1020/1132 1598/1125/1131 1601/1126/1134
f 1602/1127/1135 1603/993/1136 1604/990/1135
f 1603/993/1136 1602/1127/1135 1605/1128/1137
f 1605/1128/1137 1606/995/1138 1603/993/1136
f 1606/995/1138 1605/1128/1137 1607/1129/1138
f 1607/1129/1138 1608/997/1139 1606/995/1138
f 1608/997/1139 1607/1129/1138 1609/1130/1139
f 1609/1130/1139 1610/1131/1140 1608/997/1139
f 1611/998/1137 1608/997/1139 1610/1131/1140
f 1610/1131/1140 1612/1001/1141 1611/998/1137
f 1612/1001/1141 1610/1131/1140 1613/1132/1142
f 1615/1133/1143 1616/1005/1144 1614/1002/1145
f 1616/1005/1144 1615/1133/1143 1617/1134/1146
f 1619/1135/1147 1620/1009/1148 1618/1006/1149
f 1620/1009/1148 1619/1135/1147 1621/1136/1150
f 1621/1136/1150 1622/1012/1151 1620/1009/1148
f 1624/1137/1152 1622/1012/1153 1623/1138/1154
f 1625/1139/1155 1626/1140/1156 1627/1141/1157
f 1628/990/1158 1629/991/1159 1630/992/1160
f 1629/991/1159 1628/990/1158 1631/993/986
f 1631/993/986 1632/1142/988 1629/991/1159
f 1632/1142/988 1631/993/986 1633/995/988
f 1633/995/988 1634/996/1161 1632/1142/988
f 1634/996/1161 1633/995/988 1635/997/990
f 1635/997/990 1636/998/1162 1634/996/1161
f 1637/1143/992 1634/996/1161 1636/998/1162
f 1636/998/1162 1638/1000/1163 1637/1143/992
f 1638/1000/1163 1636/998/1162 1639/1001/1164
f 1641/1002/1165 1642/1003/1166 1640/1004/1167
f 1642/1003/1166 1641/1002/1165 1643/1005/1168
f 1645/1006/1169 1646/1007/1000 1644/1008/1170
f 1646/1007/1000 1645/1006/1169 1647/1009/1002
f 1647/1009/1002 1648/1010/1171 1646/1007/1000
f 1650/1011/1004 1648/1010/1005 1649/1012/1172
f 1652/1013/1007 1653/1014/1008 1651/1015/1009
f 1654/1016/1173 1655/1017/1174 1653/1014/1175
f 1655/1017/1013 1657/1018/1014 1656/1019/1176
f 1657/1018/1014 1655/1017/1013 1658/1020/1016
f 1657/1018/1014 1658/1020/1016 1659/1021/1017
f 1660/1038/1177 1661/1043/1037 1662/1042/1036
f 1662/1042/1036 1661/1043/1037 1663/1044/1038
f 1663/1044/1038 1661/1043/1037 1664/1045/1178
f 1665/1036/1031 1660/1038/1177 1662/1042/1036
f 1666/1034/1179 1660/1038/1177 1665/1036/1031
f 1665/1036/1031 1667/1030/1026 1666/1034/1179
f 1667/1030/1026 1668/1032/1026 1666/1034/1179
f 1667/1030/1026 1669/1144/1024 1668/1032/1026
f 1669/1144/1024 1667/1030/1026 1670/1026/1180
f 1670/1026/1180 1671/1024/1020 1669/1144/1024
f 1671/1024/1020 1670/1026/1180 1672/1022/1018
f 1672/1022/1018 1673/1023/1019 1671/1024/1020
f 1673/1023/1019 1672/1022/1018 1674/1025/1021
f 1673/1023/1019 1674/1025/1021 1675/1027/1023
f 1676/1029/1025 1673/1023/1019 1675/1027/1023
f 1676/1029/1025 1675/1027/1023 1677/1031/1027
f 1678/1033/1028 1676/1029/1025 1677/1031/1027
f 1677/1031/1027 1679/1035/1030 1678/1033/1028
f 1680/1037/1030 1678/1033/1028 1679/1035/1030
f 1679/1035/1030 1681/1039/1033 1680/1037/1030
f 1681/1039/1033 1679/1035/1030 1682/1040/1034
f 1681/1039/1033 1682/1040/1034 1683/1041/1181
f 1684/1050/1182 1685/1047/1041 1686/1046/1183
f 1688/1048/1042 1686/1046/1183 1685/1047/1041
f 1685/1047/1041 1690/1049/1043 1688/1048/1042
f 1689/1055/1049 1691/1053/1184 1687/1054/1185
f 1690/1049/1043 1685/1047/1041 1692/1051/1043
f 1691/1053/1184 1689/1055/1049 1693/1058/1186
f 1692/1051/1043 1694/1052/1187 1690/1049/1043
f 1696/1057/1188 1698/1056/1189 1694/1052/1051
f 1695/1061/1190 1699/1062/1191 1697/1063/1192
f 1699/1062/1191 1695/1061/1190 1700/1145/1193
f 1701/1059/1194 1698/1056/1195 1703/1060/1196
f 1704/1065/1197 1705/1066/1198 1702/1067/1199
f 1705/1066/1198 1704/1065/1197 1706/1072/1067
f 1708/1070/1200 1709/1068/1063 1707/1069/1201
f 1709/1068/1063 1708/1070/1200 1710/1071/1202
f 1711/1096/1075 1712/1095/1203 1713/1050/1204
f 1715/1047/1073 1713/1050/1204 1712/1095/1203
f 1712/1095/1203 1717/1051/1205 1715/1047/1073
f 1716/1054/1206 1718/1098/1207 1714/1099/1208
f 1717/1051/1205 1712/1095/1203 1719/1097/1076
f 1718/1098/1207 1716/1054/1206 1720/1053/1209
f 1719/1097/1076 1721/1057/1210 1717/1051/1205
f 1725/1100/1081 1721/1057/1082 1723/1101/1211
f 1722/1063/1212 1726/1146/1089 1724/1104/1163
f 1726/1146/1089 1722/1063/1212 1727/1062/1213
f 1727/1062/1213 1729/1105/1214 1726/1146/1089
f 1728/1060/1087 1725/1100/1215 1730/1102/1216
f 1731/1067/1093 1732/1106/1217 1729/1105/1218
f 1732/1106/1217 1731/1067/1093 1733/1066/1100
f 1735/1111/1219 1736/1109/1220 1737/1110/1221
f 1739/1107/1096 1734/1070/1222 1738/1108/1223
f 1734/1070/1222 1739/1107/1096 1740/1071/1099
f 1741/1118/1117 1742/1024/1115 1743/1023/1118
f 1741/1118/1117 1743/1023/1118 1744/1029/1224
f 1742/1024/1115 1741/1118/1117 1745/1117/1116
f 1746/1119/1225 1741/1118/1117 1744/1029/1224
f 1745/1117/1116 1747/1116/1113 1742/1024/1115
f 1748/1033/1121 1746/1119/1225 1744/1029/1224
f 1742/1024/1115 1747/1116/1113 1749/1144/1226
f 1750/1120/1122 1746/1119/1225 1748/1033/1121
f 1747/1116/1113 1751/1032/1111 1749/1144/1226
f 1748/1033/1121 1752/1037/1123 1750/1120/1122
f 1751/1032/1111 1747/1116/1113 1753/1115/1112
f 1754/1121/1123 1750/1120/1122 1752/1037/1123
f 1751/1032/1111 1753/1115/1112 1755/1114/1110
f 1752/1037/1123 1756/1122/1124 1754/1121/1123
f 1756/1122/1124 1752/1037/1123 1757/1039/1227
f 1756/1122/1124 1757/1039/1227 1758/1041/1126
f 1759/1034/1109 1751/1032/1111 1755/1114/1110
f 1755/1114/1110 1760/1113/1106 1759/1034/1109
f 1759/1034/1109 1760/1113/1106 1761/1038/1105
f 1760/1113/1106 1762/1112/1104 1761/1038/1105
f 1761/1038/1105 1762/1112/1104 1763/1043/1228
f 1763/1043/1228 1762/1112/1104 1764/1045/1229
f 1765/1123/1230 1767/1016/1231 1766/1013/1129
f 1767/1016/1231 1765/1123/1230 1768/1124/1232
f 1771/1020/1233 1770/1017/1234 1769/1125/1235
f 1769/1125/1235 1772/1126/1236 1771/1020/1233
f 1773/993/1237 1774/990/1135 1775/1127/1135
f 1773/993/1237 1775/1127/1135 1776/1128/1137
f 1777/995/1238 1773/993/1237 1776/1128/1137
f 1777/995/1238 1776/1128/1137 1778/1129/1138
f 1778/1129/1138 1779/997/1139 1777/995/1238
f 1779/997/1139 1778/1129/1138 1780/1130/1139
f 1781/1131/1239 1779/997/1139 1780/1130/1139
f 1779/997/1139 1781/1131/1239 1782/998/1137
f 1783/1001/1240 1782/998/1137 1781/1131/1239
f 1783/1001/1240 1781/1131/1239 1784/1132/1142
f 1787/1005/1241 1785/1002/1242 1786/1133/1243
f 1787/1005/1241 1786/1133/1243 1788/1134/1146
f 1790/1135/1244 1791/1009/1148 1789/1006/1245
f 1790/1135/1244 1792/1136/1246 1791/1009/1148
f 1792/1136/1246 1793/1012/1151 1791/1009/1148
f 1795/1137/1247 1793/1012/935 1794/1138/1248
f 1797/1140/1156 1798/1141/1157 1796/1139/1155
f 1799/1147/1249 1800/1148/1250 1801/1149/1251
f 1801/1149/1251 1802/1150/1252 1799/1147/1249
f 1802/1150/1252 1801/1149/1251 1803/1151/1253
f 1803/1151/1253 1804/1152/1253 1802/1150/1252
f 1807/1153/1254 1805/846/1255 1806/1154/1256
f 1805/846/1255 1807/1153/1254 1808/845/1257
f 1809/842/1258 1811/1155/1259 1810/1156/1260
f 1811/1155/1259 1809/842/1258 1812/840/1261
f 1813/834/1262 1814/1157/1263 1815/833/1264
f 1814/1157/1263 1813/834/1262 1816/1158/1262
f 1815/833/1265 1817/1159/1266 1818/1160/1267
f 1819/830/1268 1820/1161/1269 1821/1162/1268
f 1820/1161/1269 1819/830/1268 1822/828/1270
f 1823/1163/1271 1822/828/1272 1824/1164/1273
f 1827/824/1274 1825/1165/1275 1826/823/1276
f 1825/1165/1275 1827/824/1274 1828/1166/1277
f 1830/1167/885 1829/1168/1278 1831/1169/1279
f 1833/827/1280 1832/1170/1281 1834/826/1282
f 1835/1171/1283 1837/817/1284 1836/816/1285
f 1835/1171/1283 1838/1172/1286 1837/817/1284
f 1840/819/1287 1841/820/1288 1839/1173/1063
f 1843/1174/895 1844/1175/1289 1842/1176/1290
f 1846/806/1291 1848/808/1292 1845/1177/1293
f 1851/811/1294 1847/812/1295 1849/1178/1296
f 1848/808/1297 1852/1179/1298 1850/1180/1299
f 1852/1179/1298 1848/808/1297 1853/807/1300
f 1854/1181/1301 1856/802/1302 1855/796/1303
f 1858/1182/1304 1856/802/1305 1857/1183/1306
f 1856/802/1305 1858/1182/1304 1860/801/1307
f 1859/799/1308 1862/797/1309 1861/1184/1310
f 1863/1185/1311 1865/1186/1312 1864/1187/1313
f 1866/1188/1314 1867/1189/1236 1868/1190/1315
f 1871/793/1316 1870/1191/1317 1869/790/1318
f 1870/1191/1317 1871/793/1316 1872/1192/1319
f 1874/1193/1320 1875/789/1321 1873/787/1322
f 1875/789/1321 1874/1193/1320 1876/1194/1323
f 1877/1195/1324 1878/1196/1325 1879/1197/1326
f 1878/1196/1325 1877/1195/1324 1880/1198/1324
f 1881/1199/1327 1879/1197/1326 1878/1196/1325
f 1879/1197/1326 1881/1199/1327 1882/1200/1328
f 1883/875/1329 1885/1153/1259 1884/1154/1260
f 1885/1153/1259 1883/875/1329 1886/874/1330
f 1889/1155/1331 1887/873/1255 1888/1156/1332
f 1887/873/1255 1889/1155/1331 1890/872/1333
f 1891/1201/1334 1892/1202/1335 1893/1203/1336
f 1893/1203/1336 1892/1202/1335 1894/1204/1334
f 1895/871/1337 1896/1157/1338 1897/1158/1268
f 1896/1157/1338 1895/871/1337 1898/870/1339
f 1899/1159/1340 1898/870/1341 1900/1205/1273
f 1901/869/1262 1902/1161/1342 1903/868/1343
f 1902/1161/1342 1901/869/1262 1904/1162/1262
f 1903/868/1344 1905/1163/1345 1906/1206/1346
f 1908/1165/1285 1909/866/1347 1907/865/1348
f 1909/866/1347 1908/1165/1285 1910/1166/1286
f 1911/1207/1349 1912/1167/1350 1913/1169/1289
f 1914/1170/1063 1915/867/1287 1916/826/1351
f 1919/863/1352 1917/1171/1353 1918/862/1354
f 1917/1171/1353 1919/863/1352 1920/1172/1355
f 1921/1173/1356 1923/820/1357 1922/864/1358
f 1924/1208/1278 1926/1175/1359 1925/1174/885
f 1927/1177/1360 1930/859/1361 1928/857/1362
f 1931/1178/1363 1929/861/1364 1933/860/1365
f 1934/1179/1366 1930/859/1367 1932/1180/1368
f 1930/859/1367 1934/1179/1366 1935/858/1307
f 1938/855/1369 1936/1181/1370 1937/852/1371
f 1938/855/1297 1940/1182/1372 1939/1183/1373
f 1942/856/1374 1940/1182/1372 1938/855/1297
f 1941/854/1375 1943/1184/1296 1944/853/1294
f 1946/1187/1236 1947/1186/1376 1945/1209/1377
f 1949/1189/1313 1948/1210/1378 1950/1190/1312
f 1952/1191/1379 1953/851/1380 1951/850/1381
f 1952/1191/1379 1954/1192/1382 1953/851/1380
f 1955/848/1383 1957/849/1384 1956/1193/1385
f 1956/1193/1385 1957/849/1384 1958/1194/1386
f 1959/1211/1387 1960/1212/1388 1961/1213/1389
f 1961/1213/1389 1962/1214/1390 1959/1211/1387
f 1963/1215/1391 1964/1216/1392 1965/1217/1393
f 1964/1216/1394 1967/1218/1395 1966/1219/1396
f 1969/1220/1397 1968/1221/1398 1970/1222/1399
f 1972/1223/1400 1969/1220/1401 1971/1224/1402
f 1974/1225/1403 1973/1226/1404 1975/1227/1405
f 1978/1228/1406 1976/1229/1407 1977/1230/1408
f 1979/1231/1409 1981/1232/1410 1980/1233/1411
f 1981/1232/1410 1979/1231/1409 1982/1234/1412
f 1984/1235/1413 1985/1236/1414 1983/1237/1415
f 1986/1238/1416 1983/1237/1415 1985/1236/1414
f 1989/1239/1417 1987/1240/1418 1988/1241/1419
f 1987/1240/1418 1989/1239/1417 1990/1242/1420
f 1993/1243/1421 1992/1244/1422 1991/1245/1423
f 1993/1243/1421 1991/1245/1423 1994/1246/1424
f 1995/1247/1425 1996/1248/1426 1997/1249/1427
f 1998/1250/1428 1996/1248/1429 1999/1251/1430
f 2001/1252/1431 2000/1253/1432 2002/1254/1433
f 2003/1255/1434 2001/1252/1431 2002/1254/1433
f 2004/1256/1435 2006/1257/1436 2005/1258/1437
f 2005/1258/1082 2007/1259/1438 2008/1260/1439
f 2011/1261/1440 2009/1262/1441 2010/1263/1442
f 2010/1263/1442 2012/1264/1443 2011/1261/1440
f 2015/1265/1444 2014/1266/1445 2013/1267/1446
f 2014/1266/1445 2015/1265/1444 2016/1268/1447
f 2018/1269/1448 2019/1270/1449 2017/1271/1450
f 2019/1270/1449 2018/1269/1448 2020/1272/1451
f 2022/1216/1452 2021/1273/1453 2023/1274/1454
f 2025/1218/1455 2022/1216/1456 2024/1275/1457
f 2026/1276/1458 2027/1220/1392 2028/1277/1459
f 2027/1220/1460 2030/1223/1461 2029/1278/1462
f 2031/1211/1463 2032/1279/1464 2033/1212/1465
f 2032/1279/1464 2031/1211/1463 2034/1280/1466
f 2035/1281/1467 2036/1282/1467 2037/1283/1468
f 2037/1283/1468 2036/1282/1467 2038/1284/1468
f 2041/1227/1469 2039/1226/1407 2040/1285/1470
f 2043/1286/1405 2042/1229/1404 2044/1228/1405
f 2046/1233/1471 2047/1232/1472 2045/1287/1473
f 2045/1287/1473 2047/1232/1472 2048/1288/1474
f 2049/1289/1475 2051/1236/1476 2050/1235/1477
f 2051/1236/1476 2049/1289/1475 2052/1290/1478
f 2053/1291/1409 2055/1239/1479 2054/1241/1411
f 2053/1291/1409 2056/1292/1480 2055/1239/1479
f 2059/1243/1481 2057/1293/1482 2058/1244/1483
f 2057/1293/1482 2059/1243/1481 2060/1294/1416
f 2062/1295/1077 2061/1247/1484 2063/1249/1436
f 2062/1295/1485 2064/1250/1438 2065/1296/1486
f 2067/1297/1442 2068/1254/1440 2066/1253/1441
f 2068/1254/1440 2067/1297/1442 2069/1298/1487
f 2070/1256/1488 2071/1299/1489 2072/1257/1490
f 2071/1299/1491 2074/1300/1430 2073/1259/1492
f 2077/1261/1493 2076/1301/1494 2075/1262/1432
f 2076/1301/1494 2077/1261/1493 2078/1302/1495
f 2080/1266/1496 2081/1303/1497 2079/1304/1498
f 2080/1266/1496 2082/1268/1499 2081/1303/1497
f 2085/1305/1500 2084/1269/1501 2083/1306/1446
f 2084/1269/1501 2085/1305/1500 2086/1272/1502
f 2087/1307/1503 2088/1308/22 2089/1309/1504
f 2090/1310/22 2089/1309/1504 2088/1308/22
f 2087/1307/1503 2089/1309/1504 2091/1311/1505
f 2091/1311/1505 2092/1312/1506 2087/1307/1503
f 2091/1311/1505 2093/1313/22 2092/1312/1506
f 2093/1313/22 2094/1314/22 2092/1312/1506
f 2095/1315/1507 2096/1316/1508 2097/1317/1509
f 2096/1316/1508 2095/1315/1507 2098/1318/1510
f 2099/1319/1511 2097/1317/1509 2096/1316/1508
f 2097/1317/1509 2099/1319/1511 2100/1320/1512
f 2101/1321/1513 2100/1320/1512 2099/1319/1511
f 2100/1320/1512 2101/1321/1513 2102/1322/1514
f 2103/1323/1511 2102/1322/1514 2101/1321/1513
f 2103/1323/1511 2101/1321/1513 2104/1324/1515
f 2105/1325/1516 2103/1323/1511 2104/1324/1515
f 2103/1323/1511 2105/1325/1516 2106/1326/1517
f 2109/1327/1518 2108/1328/1519 2107/1329/1520
f 2108/1328/1519 2109/1327/1518 2110/1330/1521
f 2113/1331/1522 2112/1332/1523 2111/1333/1524
f 2112/1332/1523 2113/1331/1522 2114/1334/1525
f 2115/1335/1526 2114/1334/1525 2113/1331/1522
f 2117/1336/1527 2116/1337/1528 2115/1335/1529
f 2120/1338/1530 2119/1339/1531 2118/1340/1532
f 2122/1341/1533 2121/1342/1534 2120/1338/1535
f 2124/1343/1536 2122/1341/1537 2123/1344/1538
f 2122/1341/1537 2124/1343/1536 2125/1345/1539
f 2124/1343/1536 2126/1346/1540 2125/1345/1539
f 2127/1347/1541 2128/1348/1542 2129/1349/1543
f 2128/1348/1542 2130/1350/1544 2129/1349/1543
f 2131/1351/1545 2128/1348/1542 2127/1347/1541
f 2130/1350/1544 2128/1348/1542 2132/1352/1546
f 2131/1351/1545 2127/1347/1541 2133/1353/1547
f 2132/1352/1546 2134/1354/1548 2130/1350/1544
f 2135/1355/1549 2131/1351/1545 2133/1353/1547
f 2134/1354/1548 2132/1352/1546 2136/1356/1550
f 2137/1357/1551 2135/1355/1549 2133/1353/1547
f 2136/1356/1550 2138/1358/1552 2134/1354/1548
f 2135/1355/1549 2137/1357/1551 2139/1359/1553
f 2138/1358/1552 2136/1356/1550 2140/1360/1554
f 2137/1357/1551 2141/1361/1555 2139/1359/1553
f 2140/1360/1554 2142/1362/1556 2138/1358/1552
f 2143/1363/1557 2138/1358/1552 2142/1362/1556
f 2143/1363/1557 2142/1362/1556 2144/1364/1558
f 2141/1361/1555 2137/1357/1551 2145/1365/1559
f 2145/1365/1559 2146/1366/1560 2141/1361/1555
f 2146/1366/1560 2145/1365/1559 2147/1367/1561
f 2147/1367/1561 2148/1368/1562 2146/1366/1560
f 2148/1368/1562 2147/1367/1561 2149/1369/1563
f 2148/1368/1562 2149/1369/1563 2150/1370/1564
f 2151/1371/1565 2152/1372/1566 2153/1373/1567
f 2152/1372/1566 2151/1371/1565 2155/1374/1568
f 2155/1374/1568 2157/1375/1569 2152/1372/1566
f 2154/1376/1570 2158/1377/1571 2156/1378/1572
f 2152/1372/1566 2157/1375/1569 2159/1379/877
f 2160/1380/1573 2156/1378/1572 2158/1377/1571
f 2157/1375/1569 2161/1381/1574 2159/1379/877
f 2161/1381/880 2165/1382/879 2163/1383/1575
f 2166/1384/1576 2162/1385/1577 2164/1386/1578
f 2167/1387/1579 2162/1385/1577 2166/1384/1576
f 2170/1388/1580 2165/1382/1581 2168/1389/1582
f 2172/1390/1583 2171/1391/1584 2169/1392/1585
f 2173/1393/1586 2171/1391/1584 2172/1390/1583
f 2174/1394/1587 2176/1395/1588 2175/1396/1589
f 2175/1396/1589 2176/1395/1588 2177/1397/1590
f 2178/1398/23 2179/1399/23 2180/1400/23
f 2181/1401/23 2178/1398/23 2180/1400/23
f 2181/1401/23 2182/1402/1591 2178/1398/23
f 2179/1399/23 2178/1398/23 2183/1403/1592
f 2184/1404/1592 2178/1398/23 2182/1402/1591
f 2185/1405/23 2183/1403/1592 2178/1398/23
f 2178/1398/23 2184/1404/1592 2185/1405/23
f 2183/1403/1592 2185/1405/23 2186/1406/1591
f 2185/1405/23 2187/1407/1592 2186/1406/1591
f 2185/1405/23 2188/1408/23 2187/1407/1592
f 2184/1404/1592 2188/1408/23 2185/1405/23
f 2184/1404/1592 2189/1409/1591 2188/1408/23
f 2190/1410/23 2191/1411/23 2192/1412/23
f 2191/1411/23 2193/1413/23 2192/1412/23
f 2192/1412/23 2193/1413/23 2194/1414/630
f 2191/1411/23 2190/1410/23 2195/1415/23
f 2196/1416/1591 2195/1415/23 2190/1410/23
f 2195/1415/23 2196/1416/1591 2197/1417/23
f 2197/1417/23 2196/1416/1591 2198/1418/23
f 2197/1417/23 2198/1418/23 2199/1419/23
f 2200/1373/1593 2201/1420/1594 2202/1421/1595
f 2201/1420/1594 2200/1373/1593 2204/1372/1596
f 2204/1372/1596 2206/1379/1597 2201/1420/1594
f 2205/1376/1598 2203/1422/1599 2207/1423/1600
f 2201/1420/1594 2206/1379/1597 2208/1424/1601
f 2209/1377/1602 2205/1376/1598 2207/1423/1600
f 2206/1379/1597 2210/1383/1603 2208/1424/1601
f 2210/1383/1429 2214/1425/1428 2212/1426/1604
f 2215/1427/1605 2211/1386/1606 2213/1428/1607
f 2216/1384/1608 2211/1386/1606 2215/1427/1605
f 2215/1427/1605 2218/1429/1609 2216/1384/1608
f 2214/1425/1293 2217/1388/1610 2219/1430/1611
f 2221/1431/1612 2220/1392/1613 2218/1429/1614
f 2222/1390/1615 2220/1392/1613 2221/1431/1612
f 2225/1432/1616 2224/1433/1617 2226/1434/1618
f 2223/1396/1619 2228/1435/1620 2227/1436/1621
f 2228/1435/1620 2223/1396/1619 2229/1397/1622
f 2230/1437/1623 2231/1366/1624 2232/1368/1625
f 2230/1437/1623 2232/1368/1625 2233/1370/1626
f 2231/1366/1624 2230/1437/1623 2234/1438/1627
f 2234/1438/1627 2235/1361/1628 2231/1366/1624
f 2235/1361/1628 2234/1438/1627 2236/1439/1629
f 2236/1439/1629 2237/1359/1630 2235/1361/1628
f 2237/1359/1630 2236/1439/1629 2238/1440/1630
f 2239/1441/1631 2237/1359/1630 2238/1440/1630
f 2237/1359/1630 2239/1441/1631 2240/1355/1631
f 2239/1441/1631 2241/1351/1632 2240/1355/1631
f 2241/1351/1632 2239/1441/1631 2242/1442/1633
f 2242/1442/1633 2243/1443/1634 2241/1351/1632
f 2241/1351/1632 2243/1443/1634 2244/1348/1635
f 2243/1443/1634 2245/1352/1636 2244/1348/1635
f 2245/1352/1636 2243/1443/1634 2246/1444/1637
f 2246/1444/1637 2247/1356/1638 2245/1352/1636
f 2247/1356/1638 2246/1444/1637 2248/1445/1639
f 2248/1445/1639 2249/1360/1640 2247/1356/1638
f 2249/1360/1640 2248/1445/1639 2250/1446/1640
f 2250/1446/1640 2251/1447/1641 2249/1360/1640
f 2252/1362/1642 2249/1360/1640 2251/1447/1641
f 2252/1362/1642 2251/1447/1641 2253/1364/1643
f 2256/1342/1644 2255/1448/1645 2254/1339/1646
f 2255/1448/1645 2256/1342/1644 2257/1449/1647
f 2260/1345/1648 2258/1450/1649 2259/1341/1650
f 2258/1450/1649 2260/1345/1648 2261/1451/1313
f 2262/1452/1651 2263/1317/1652 2264/1453/1653
f 2263/1317/1652 2262/1452/1651 2265/1315/1654
f 2266/1320/1655 2264/1453/1653 2263/1317/1652
f 2264/1453/1653 2266/1320/1655 2267/1454/1656
f 2268/1322/1657 2267/1454/1656 2266/1320/1655
f 2267/1454/1656 2268/1322/1657 2269/1455/1658
f 2270/1456/1659 2269/1455/1658 2268/1322/1657
f 2270/1456/1659 2268/1322/1657 2271/1323/1660
f 2272/1326/1661 2270/1456/1659 2271/1323/1660
f 2270/1456/1659 2272/1326/1661 2273/1457/1662
f 2276/1330/1663 2275/1458/1664 2274/1328/1665
f 2275/1458/1664 2276/1330/1663 2277/1459/1666
f 2280/1334/1667 2279/1460/1668 2278/1332/1669
f 2279/1460/1668 2280/1334/1667 2281/1461/1670
f 2282/1337/1671 2281/1461/1670 2280/1334/1667
f 2282/1337/1672 2284/1462/1673 2283/1463/1674
f 2285/1464/1675 2287/1465/1676 2286/1466/1677
f 2288/1315/1507 2289/1316/1678 2290/1317/1509
f 2289/1316/1678 2288/1315/1507 2291/1318/1679
f 2292/1467/1511 2290/1317/1509 2289/1316/1678
f 2290/1317/1509 2292/1467/1511 2293/1320/1680
f 2294/1321/1681 2293/1320/1680 2292/1467/1511
f 2293/1320/1680 2294/1321/1681 2295/1322/1682
f 2296/1323/1511 2295/1322/1682 2294/1321/1681
f 2296/1323/1511 2294/1321/1681 2297/1468/1683
f 2298/1325/1607 2296/1323/1511 2297/1468/1683
f 2296/1323/1511 2298/1325/1607 2299/1326/1684
f 2302/1327/1685 2301/1328/1686 2300/1329/1687
f 2301/1328/1686 2302/1327/1685 2303/1330/1688
f 2306/1331/1522 2305/1332/1689 2304/1333/1690
f 2305/1332/1689 2306/1331/1522 2307/1334/1525
f 2308/1335/1691 2307/1334/1525 2306/1331/1522
f 2310/1336/1692 2309/1337/1693 2308/1335/1694
f 2313/1338/1695 2312/1339/1531 2311/1340/1532
f 2315/1341/1696 2314/1342/1697 2313/1338/1698
f 2317/1343/1699 2315/1341/1538 2316/1344/1538
f 2315/1341/1538 2317/1343/1699 2318/1345/1539
f 2317/1343/1699 2319/1346/1700 2318/1345/1539
f 2320/1367/1701 2321/1369/1563 2322/1368/1562
f 2321/1369/1563 2323/1370/1564 2322/1368/1562
f 2320/1367/1701 2322/1368/1562 2324/1366/1702
f 2324/1366/1702 2325/1365/1703 2320/1367/1701
f 2324/1366/1702 2326/1361/1704 2325/1365/1703
f 2327/1357/1553 2325/1365/1703 2326/1361/1704
f 2326/1361/1704 2328/1359/1553 2327/1357/1553
f 2329/1469/1549 2327/1357/1553 2328/1359/1553
f 2327/1357/1553 2329/1469/1549 2330/1353/1547
f 2331/1351/1545 2330/1353/1547 2329/1469/1549
f 2330/1353/1547 2331/1351/1545 2332/1347/1541
f 2333/1348/1542 2332/1347/1541 2331/1351/1545
f 2332/1347/1541 2333/1348/1542 2334/1349/1543
f 2335/1350/1544 2334/1349/1543 2333/1348/1542
f 2333/1348/1542 2336/1352/1546 2335/1350/1544
f 2337/1354/1705 2335/1350/1544 2336/1352/1546
f 2336/1352/1546 2338/1356/1550 2337/1354/1705
f 2339/1358/1552 2337/1354/1705 2338/1356/1550
f 2339/1358/1552 2338/1356/1550 2340/1360/1554
f 2341/1362/1706 2339/1358/1552 2340/1360/1554
f 2339/1358/1552 2341/1362/1706 2342/1363/1707
f 2341/1362/1706 2343/1364/1558 2342/1363/1707
f 2344/1371/1708 2345/1374/1709 2346/1372/1710
f 2347/1375/877 2346/1372/1710 2345/1374/1709
f 2344/1371/1708 2346/1372/1710 2348/1373/1711
f 2346/1372/1710 2347/1375/877 2349/1379/877
f 2351/1381/1712 2349/1379/877 2347/1375/877
f 2354/1377/1713 2352/1378/1572 2350/1376/1714
f 2355/1382/1715 2353/1383/1716 2351/1381/880
f 2352/1378/1572 2354/1377/1713 2356/1380/1717
f 2355/1382/1718 2358/1389/1719 2360/1388/1720
f 2361/1384/1721 2357/1385/1722 2359/1386/1723
f 2357/1385/1722 2361/1384/1721 2362/1470/1724
f 2367/1390/1725 2365/1391/1726 2363/1392/1727
f 2368/1395/1588 2366/1396/1728 2364/1394/1729
f 2366/1396/1728 2368/1395/1588 2369/1397/1590
f 2365/1391/1726 2367/1390/1725 2370/1393/1586
f 2371/1373/1730 2372/1372/1596 2373/1420/1731
f 2374/1379/1732 2373/1420/1731 2372/1372/1596
f 2371/1373/1730 2373/1420/1731 2375/1421/1733
f 2373/1420/1731 2374/1379/1732 2376/1424/1734
f 2378/1383/1735 2376/1424/1734 2374/1379/1732
f 2381/1423/1736 2379/1376/1737 2377/1422/1738
f 2378/1383/1739 2382/1425/1428 2380/1426/1740
f 2379/1376/1737 2381/1423/1736 2383/1377/1741
f 2382/1425/1742 2385/1388/1369 2387/1430/1743
f 2388/1471/1744 2384/1386/1745 2386/1428/1746
f 2384/1386/1745 2388/1471/1744 2389/1384/1747
f 2390/1429/1296 2389/1384/1747 2388/1471/1744
f 2394/1431/1612 2392/1392/1748 2390/1429/1749
f 2391/1396/1750 2395/1435/1620 2393/1436/1751
f 2391/1396/1750 2396/1397/1752 2395/1435/1620
f 2392/1392/1748 2394/1431/1612 2397/1390/1753
f 2398/1433/1754 2400/1434/1755 2399/1432/1756
f 2401/1443/1634 2402/1351/1757 2403/1442/1758
f 2404/1441/1631 2403/1442/1758 2402/1351/1757
f 2402/1351/1757 2401/1443/1634 2405/1348/1635
f 2404/1441/1631 2402/1351/1757 2406/1469/1631
f 2407/1352/1636 2405/1348/1635 2401/1443/1634
f 2408/1359/1759 2404/1441/1631 2406/1469/1631
f 2401/1443/1634 2409/1444/1637 2407/1352/1636
f 2404/1441/1631 2408/1359/1759 2410/1440/1630
f 2411/1356/1760 2407/1352/1636 2409/1444/1637
f 2412/1439/1761 2410/1440/1630 2408/1359/1759
f 2409/1444/1637 2413/1445/1639 2411/1356/1760
f 2408/1359/1759 2414/1361/1762 2412/1439/1761
f 2415/1360/1640 2411/1356/1760 2413/1445/1639
f 2416/1438/1763 2412/1439/1761 2414/1361/1762
f 2415/1360/1640 2413/1445/1639 2417/1446/1640
f 2416/1438/1763 2414/1361/1762 2418/1366/1624
f 2419/1447/1641 2415/1360/1640 2417/1446/1640
f 2415/1360/1640 2419/1447/1641 2420/1362/1642
f 2419/1447/1641 2421/1364/1764 2420/1362/1642
f 2418/1366/1624 2422/1437/1623 2416/1438/1763
f 2418/1366/1624 2423/1368/1625 2422/1437/1623
f 2423/1368/1625 2424/1370/1765 2422/1437/1623
f 2427/1342/1766 2426/1448/1767 2425/1339/1768
f 2426/1448/1767 2427/1342/1766 2428/1449/1769
f 2431/1345/1648 2429/1450/1770 2430/1341/1650
f 2432/1451/1771 2429/1450/1770 2431/1345/1648
f 2433/1315/1772 2434/1317/1773 2435/1452/1651
f 2436/1453/1660 2435/1452/1651 2434/1317/1773
f 2434/1317/1773 2437/1320/1655 2436/1453/1660
f 2436/1453/1660 2437/1320/1655 2438/1454/1774
f 2437/1320/1655 2439/1322/1775 2438/1454/1774
f 2440/1455/1657 2438/1454/1774 2439/1322/1775
f 2439/1322/1775 2441/1456/1776 2440/1455/1657
f 2441/1456/1776 2439/1322/1775 2442/1323/1660
f 2442/1323/1660 2443/1326/1777 2441/1456/1776
f 2441/1456/1776 2443/1326/1777 2444/1457/1778
f 2446/1458/1779 2445/1328/1780 2447/1330/1663
f 2448/1459/1781 2446/1458/1779 2447/1330/1663
f 2449/1332/1782 2451/1334/1783 2450/1460/1784
f 2450/1460/1784 2451/1334/1783 2452/1461/1785
f 2451/1334/1783 2453/1337/1786 2452/1461/1785
f 2453/1337/1787 2455/1462/981 2454/1463/1788
f 2457/1466/1789 2456/1464/1790 2458/1465/1791
usemtl Meshpart3Mtl.001
f 1054/1472/1792 1053/1473/1793 1055/1474/1
f 1055/1474/1 1056/1475/1 1054/1472/1792
f 1056/1475/1 1055/1474/1 1057/1476/1794
f 1057/1476/1794 1058/1477/1795 1056/1475/1
f 1060/1478/1792 1059/1479/1796 1061/1480/65
f 1061/1480/65 1062/1481/1 1060/1478/1792
f 1062/1481/1 1061/1480/65 1063/1482/1795
f 1063/1482/1795 1064/1483/1794 1062/1481/1
f 1065/1484/8 1066/1485/8 1067/1486/1797
f 1066/1485/8 1065/1484/8 1068/1487/1798
f 1067/1486/1797 1069/1488/1797 1065/1484/8
f 1068/1487/1798 1070/1489/1799 1066/1485/8
f 1071/1490/1800 1072/1491/1801 1073/1492/8
f 1073/1492/8 1074/1493/201 1071/1490/1800
f 1074/1493/201 1073/1492/8 1075/1494/1797
f 1075/1494/1797 1076/1495/1797 1074/1493/201
f 1077/1496/1802 1078/1497/1802 1079/1498/1802
f 1080/1497/1803 1081/1499/1803 1082/1498/1803
f 1083/1500/1804 1084/1496/1804 1085/1498/1804
f 1086/1501/12 1087/1502/12 1088/1503/1805
f 1087/1502/12 1086/1501/12 1089/1504/12
f 1089/1504/12 1086/1501/12 1090/1505/13
f 1087/1502/12 1089/1504/12 1091/1506/12
f 1091/1506/12 1089/1504/12 1092/1507/12
f 1087/1502/12 1091/1506/12 1093/1508/12
f 1094/1501/12 1095/1502/12 1096/1503/12
f 1095/1502/12 1094/1501/12 1097/1504/12
f 1097/1504/12 1094/1501/12 1098/1505/12
f 1095/1502/12 1097/1504/12 1099/1506/12
f 1099/1506/12 1097/1504/12 1100/1507/12
f 1095/1502/12 1099/1506/12 1101/1508/12
f 1102/1499/1806 1103/1500/1806 1104/1498/1806
f 1106/1509/1807 1105/1510/1807 1107/1511/422
f 1107/1511/422 1108/1512/422 1106/1509/1807
f 1108/1512/422 1107/1511/422 1109/1513/1808
f 1109/1513/1808 1110/1514/1809 1108/1512/422
f 1112/1515/1810 1111/1516/1807 1113/1517/423
f 1113/1517/423 1114/1518/423 1112/1515/1810
f 1114/1518/423 1113/1517/423 1115/1519/1811
f 1115/1519/1811 1116/1520/1812 1114/1518/423
f 1119/1521/1813 1117/1522/1814 1121/1523/527
f 1120/1524/1815 1118/1525/1815 1122/1526/527
f 1121/1523/527 1122/1526/527 1119/1521/1813
f 1122/1526/527 1121/1523/527 1120/1524/1815
f 1124/1527/1815 1123/1528/1816 1125/1529/535
f 1125/1529/535 1126/1530/22 1124/1527/1815
f 1126/1530/22 1125/1529/535 1128/1531/1817
f 1128/1531/1817 1127/1532/1818 1126/1530/22
f 1129/1533/1819 1130/1534/1819 1131/1535/1819
f 1132/1536/1820 1133/1533/1820 1134/1535/1820
f 1135/1534/1821 1136/1537/1821 1137/1535/1821
f 1138/1538/23 1139/1539/23 1140/1540/23
f 1139/1539/23 1141/1541/1822 1140/1540/23
f 1139/1539/23 1138/1538/23 1142/1542/23
f 1143/1543/23 1138/1538/23 1140/1540/23
f 1138/1538/23 1143/1543/23 1144/1544/1591
f 1143/1543/23 1140/1540/23 1145/1545/630
f 1146/1537/1823 1147/1536/1823 1148/1535/1823
f 1149/1538/23 1150/1539/23 1151/1540/23
f 1150/1539/23 1152/1541/23 1151/1540/23
f 1150/1539/23 1149/1538/23 1153/1542/23
f 1154/1543/23 1149/1538/23 1151/1540/23
f 1149/1538/23 1154/1543/23 1155/1544/1822
f 1154/1543/23 1151/1540/23 1156/1545/630
f 2459/1546/1 2460/1547/1824 2461/1548/1824
f 2462/1549/65 2461/1548/1824 2460/1547/1824
f 2460/1547/1824 2459/1546/1 2463/1550/1
f 2462/1549/65 2460/1547/1824 2464/1551/1
f 2465/1552/1 2463/1550/1 2459/1546/1
f 2466/1553/65 2462/1549/65 2464/1551/1
f 2463/1550/1 2465/1552/1 2467/1554/1
f 2462/1549/65 2466/1553/65 2468/1555/1825
f 2465/1552/1 2469/1556/1 2467/1554/1
f 2466/1553/65 2470/1557/1 2468/1555/1825
f 2465/1552/1 2471/1558/1 2469/1556/1
f 2470/1557/1 2466/1553/65 2472/1559/1
f 2471/1558/1 2473/1560/1824 2469/1556/1
f 2473/1560/1824 2470/1557/1 2472/1559/1
f 2473/1560/1824 2471/1558/1 2474/1561/1824
f 2470/1557/1 2473/1560/1824 2474/1561/1824
f 2478/1551/1826 2476/1559/1827 2477/1553/1828
f 2478/1551/1826 2475/1560/1829 2476/1559/1827
f 2475/1560/1829 2478/1551/1826 2479/1547/1830
f 2481/1550/1831 2475/1560/1829 2479/1547/1830
f 2475/1560/1829 2481/1550/1831 2480/1556/1832
f 2480/1556/1832 2481/1550/1831 2482/1554/1833
f 2483/1562/65 2484/1563/65 2485/1564/65
f 2484/1563/65 2483/1562/65 2486/1565/1
f 2485/1564/65 2484/1563/65 2487/1566/1
f 2485/1564/65 2487/1566/1 2488/1567/1834
f 2490/1568/1835 2491/1569/1836 2489/1570/1837
f 2491/1569/1836 2490/1568/1835 2492/1571/8
f 2492/1571/8 2493/1572/1838 2491/1569/1836
f 2493/1572/1838 2492/1571/8 2494/1573/1839
f 2495/1574/1840 2496/1575/1841 2497/1576/1842
f 2495/1574/1840 2497/1576/1842 2498/1577/1843
f 2499/1578/1844 2500/1579/1845 2501/1580/1846
f 2499/1578/1844 2501/1580/1846 2502/1581/1846
f 2503/1577/8 2504/1576/8 2505/1579/8
f 2503/1577/8 2505/1579/8 2506/1578/8
f 2509/1571/1847 2508/1582/1848 2507/1583/1848
f 2509/1571/1847 2510/1584/8 2508/1582/1848
f 2511/1585/1849 2510/1584/8 2509/1571/1847
f 2511/1585/1849 2512/1586/1849 2510/1584/8
f 2513/1587/1850 2514/1588/1851 2515/1589/1852
f 2514/1588/1851 2516/1590/12 2515/1589/1852
f 2515/1589/1852 2516/1590/12 2517/1591/1853
f 2516/1590/12 2518/1592/1854 2517/1591/1853
f 2520/1593/1855 2519/1594/1856 2521/1595/12
f 2522/1596/12 2521/1595/12 2519/1594/1856
f 2523/1597/1857 2524/1598/12 2525/1590/12
f 2524/1598/12 2526/1599/1854 2525/1590/12
f 2524/1598/12 2523/1597/1857 2527/1600/1858
f 2526/1599/1854 2524/1598/12 2528/1601/1859
f 2529/1564/423 2530/1562/423 2531/1566/423
f 2529/1564/423 2531/1566/423 2532/1567/1860
f 2530/1562/423 2533/1563/423 2531/1566/423
f 2533/1563/423 2530/1562/423 2534/1565/423
f 2537/1602/528 2535/1603/1861 2536/1604/1862
f 2540/1605/1863 2537/1602/528 2536/1604/1862
f 2539/1606/1864 2537/1602/528 2540/1605/1863
f 2538/1607/1865 2539/1606/1864 2540/1605/1863
f 2543/1608/22 2541/1609/1866 2542/1610/1867
f 2543/1608/22 2544/1602/22 2541/1609/1866
f 2543/1608/22 2545/1611/1861 2544/1602/22
f 2545/1611/1861 2543/1608/22 2546/1612/1868
f 2547/1613/1869 2548/1614/23 2549/1615/1870
f 2548/1614/23 2550/1616/1871 2549/1615/1870
f 2551/1617/1872 2548/1614/23 2547/1613/1869
f 2552/1618/1873 2551/1617/1872 2547/1613/1869
f 2553/1619/1874 2554/1620/23 2555/1621/1875
f 2554/1620/23 2553/1619/1874 2556/1622/23
f 2559/1623/1871 2557/1624/1876 2561/1614/23
f 2562/1625/23 2558/1626/1877 2560/1627/1878
f 2559/1623/1871 2561/1614/23 2562/1625/23
f 2562/1625/23 2561/1614/23 2558/1626/1877
usemtl Meshpart8Mtl.001
f 2695/1628/1879 2696/1629/1879 2697/1630/1880
f 2698/1631/1881 2696/1629/1879 2695/1628/1879
f 2699/1632/1882 2700/1629/1882 2701/1631/1883
f 2702/1633/1884 2700/1629/1882 2699/1632/1882
f 2703/1634/1885 2704/1629/1886 2705/1635/1887
f 2706/1630/1888 2704/1629/1886 2703/1634/1885
f 2707/1635/1889 2708/1629/1890 2709/1636/1891
f 2709/1636/1891 2708/1629/1890 2710/1633/1892
f 2711/1632/1893 2712/1633/1894 2713/1629/1895
f 2714/1631/1896 2711/1632/1893 2713/1629/1895
f 2715/1628/1897 2716/1631/1898 2717/1629/1897
f 2718/1630/1899 2715/1628/1897 2717/1629/1897
f 2719/1636/1900 2720/1635/1901 2721/1629/1902
f 2722/1633/1903 2719/1636/1900 2721/1629/1902
f 2723/1635/1904 2724/1634/1905 2725/1629/1906
f 2724/1634/1905 2726/1630/1907 2725/1629/1906
f 2727/1637/1908 2728/1638/1879 2729/1639/1909
f 2730/1640/1881 2728/1638/1879 2727/1637/1908
f 2731/1641/1910 2732/1638/1882 2733/1640/1911
f 2734/1642/1912 2732/1638/1882 2731/1641/1910
f 2735/1643/1886 2736/1638/1913 2737/1644/1914
f 2738/1639/1915 2736/1638/1913 2735/1643/1886
f 2739/1644/1916 2740/1638/1917 2741/1645/1918
f 2741/1645/1918 2740/1638/1917 2742/1642/1919
f 2743/1641/1893 2744/1642/1920 2745/1638/1893
f 2746/1640/1921 2743/1641/1893 2745/1638/1893
f 2747/1637/1922 2748/1640/1923 2749/1638/1924
f 2750/1639/1925 2747/1637/1922 2749/1638/1924
f 2751/1645/1926 2752/1644/1927 2753/1638/1900
f 2754/1642/1928 2751/1645/1926 2753/1638/1900
f 2755/1644/1929 2756/1643/1905 2757/1638/1905
f 2756/1643/1905 2758/1639/1930 2757/1638/1905
