# Blender 5.2.0 LTS
# www.blender.org
mtllib GLORIOUS AS.mtl
o RenderMesh_72571499318117
v 0.138850 -0.201693 0.087981
v 0.159234 -0.185762 0.087981
v 0.123459 -0.188464 0.106230
v 0.126161 -0.224238 0.087981
v 0.138850 -0.201693 -0.087982
v 0.123459 -0.188464 -0.106231
v 0.159234 -0.185762 -0.087982
v 0.126161 -0.224238 -0.087982
v -0.762658 0.023168 0.098940
v -0.774617 0.005230 0.098940
v -0.762658 -0.006729 0.112261
v -0.792555 -0.006729 0.098940
v -0.762658 0.023168 -0.098942
v -0.762658 -0.006729 -0.112261
v -0.774617 0.005230 -0.098942
v -0.792555 -0.006729 -0.098942
v -0.792555 -0.006729 0.098940
v -0.774617 -0.018688 0.098940
v -0.762658 -0.006729 0.112261
v -0.762658 -0.036626 0.098940
v -0.792555 -0.006729 -0.098942
v -0.762658 -0.006729 -0.112261
v -0.774617 -0.018688 -0.098942
v -0.762658 -0.036626 -0.098942
v 0.136688 -0.173074 0.087981
v 0.120758 -0.152690 0.087981
v 0.123459 -0.188464 0.106230
v 0.159234 -0.185762 0.087981
v 0.136688 -0.173074 -0.087982
v 0.123459 -0.188464 -0.106231
v 0.120758 -0.152690 -0.087982
v 0.159234 -0.185762 -0.087982
v -0.732761 -0.006729 0.098940
v -0.750699 0.005230 0.098940
v -0.762658 -0.006729 0.112261
v -0.762658 0.023168 0.098940
v -0.732761 -0.006729 -0.098942
v -0.762658 -0.006729 -0.112261
v -0.750699 0.005230 -0.098942
v -0.762658 0.023168 -0.098942
v 0.110230 -0.203854 0.087981
v 0.126161 -0.224238 0.087981
v 0.123459 -0.188464 0.106230
v 0.087684 -0.191166 0.087981
v 0.110230 -0.203854 -0.087982
v 0.123459 -0.188464 -0.106231
v 0.126161 -0.224238 -0.087982
v 0.087684 -0.191166 -0.087982
v -0.762658 -0.036626 0.098940
v -0.750699 -0.018688 0.098940
v -0.762658 -0.006729 0.112261
v -0.732761 -0.006729 0.098940
v -0.762658 -0.036626 -0.098942
v -0.762658 -0.006729 -0.112261
v -0.750699 -0.018688 -0.098942
v -0.732761 -0.006729 -0.098942
v 0.120758 -0.152690 0.087981
v 0.108068 -0.175234 0.087981
v 0.123459 -0.188464 0.106230
v 0.087684 -0.191166 0.087981
v 0.120758 -0.152690 -0.087982
v 0.123459 -0.188464 -0.106231
v 0.108068 -0.175234 -0.087982
v 0.087684 -0.191166 -0.087982
vn 0.5071 -0.4359 0.7436
vn 0.4162 -0.5325 0.7370
vn 0.5890 -0.3315 0.7370
vn 0.5071 -0.4359 -0.7436
vn 0.4162 -0.5325 -0.7370
vn 0.5890 -0.3315 -0.7370
vn -0.5211 0.3474 0.7796
vn -0.4375 0.4375 0.7856
vn -0.3474 0.5211 0.7796
vn -0.5210 0.3473 -0.7797
vn -0.4375 0.4375 -0.7856
vn -0.3473 0.5210 -0.7797
vn -0.3474 -0.5211 0.7796
vn -0.4375 -0.4375 0.7856
vn -0.5211 -0.3474 0.7796
vn -0.3473 -0.5210 -0.7797
vn -0.4375 -0.4375 -0.7856
vn -0.5210 -0.3473 -0.7797
vn 0.4359 0.5071 0.7436
vn 0.5325 0.4162 0.7370
vn 0.3315 0.5890 0.7370
vn 0.4359 0.5071 -0.7436
vn 0.5325 0.4162 -0.7370
vn 0.3315 0.5890 -0.7370
vn 0.3474 0.5211 0.7796
vn 0.4375 0.4375 0.7856
vn 0.5211 0.3474 0.7796
vn 0.3473 0.5210 -0.7797
vn 0.4375 0.4375 -0.7856
vn 0.5210 0.3474 -0.7797
vn -0.4358 -0.5071 0.7436
vn -0.5325 -0.4162 0.7370
vn -0.3315 -0.5890 0.7370
vn -0.4358 -0.5071 -0.7436
vn -0.5325 -0.4162 -0.7370
vn -0.3315 -0.5890 -0.7370
vn 0.5211 -0.3474 0.7796
vn 0.4375 -0.4375 0.7856
vn 0.3474 -0.5210 0.7796
vn 0.5210 -0.3473 -0.7797
vn 0.4375 -0.4375 -0.7856
vn 0.3473 -0.5210 -0.7797
vn -0.5890 0.3315 0.7370
vn -0.5070 0.4358 0.7436
vn -0.4162 0.5325 0.7370
vn -0.5890 0.3315 -0.7370
vn -0.5070 0.4358 -0.7436
vn -0.4162 0.5325 -0.7370
vt 0.000000 0.000000
s 1
f 1/1/1 2/1/2 3/1/1
f 4/1/3 1/1/1 3/1/1
f 5/1/4 6/1/4 7/1/5
f 8/1/6 6/1/4 5/1/4
f 9/1/7 10/1/8 11/1/8
f 10/1/8 12/1/9 11/1/8
f 13/1/10 14/1/11 15/1/11
f 15/1/11 14/1/11 16/1/12
f 17/1/13 18/1/14 19/1/14
f 18/1/14 20/1/15 19/1/14
f 21/1/16 22/1/17 23/1/17
f 23/1/17 22/1/17 24/1/18
f 25/1/19 26/1/20 27/1/19
f 28/1/21 25/1/19 27/1/19
f 29/1/22 30/1/22 31/1/23
f 32/1/24 30/1/22 29/1/22
f 33/1/25 34/1/26 35/1/26
f 34/1/26 36/1/27 35/1/26
f 37/1/28 38/1/29 39/1/29
f 39/1/29 38/1/29 40/1/30
f 41/1/31 42/1/32 43/1/31
f 44/1/33 41/1/31 43/1/31
f 45/1/34 46/1/34 47/1/35
f 48/1/36 46/1/34 45/1/34
f 49/1/37 50/1/38 51/1/38
f 50/1/38 52/1/39 51/1/38
f 53/1/40 54/1/41 55/1/41
f 55/1/41 54/1/41 56/1/42
f 57/1/43 58/1/44 59/1/44
f 58/1/44 60/1/45 59/1/44
f 61/1/46 62/1/47 63/1/47
f 63/1/47 62/1/47 64/1/48
o RenderMesh_102626632494517
v 0.424442 -0.532450 -0.153848
v 0.490261 -0.464901 -0.169284
v 0.485607 -0.463753 -0.142212
v 0.430157 -0.533687 -0.180658
v 0.578164 -0.397484 -0.135803
v 0.578642 -0.398055 -0.163391
v -0.787594 -0.043417 -0.174487
v -0.711039 -0.110660 -0.186884
v -0.709553 -0.108533 -0.159435
v -0.783356 -0.043117 -0.201672
v -0.663606 -0.176791 -0.156205
v -0.666376 -0.179409 -0.183477
v -0.460909 -0.005178 -0.129802
v -0.460909 -0.005178 0.128976
v -0.440318 0.003455 0.128976
v -0.440318 0.003455 -0.129802
v -0.469439 -0.026020 -0.129802
v -0.469439 -0.026020 0.128976
v -0.460909 -0.046862 -0.129802
v -0.460909 -0.046862 0.128976
v -0.440318 -0.055495 -0.129802
v -0.440318 -0.055495 0.128976
v -0.419727 -0.046862 -0.129802
v -0.419727 -0.046862 0.128976
v -0.411198 -0.026020 -0.129802
v -0.411198 -0.026020 0.128976
v -0.419727 -0.005178 -0.129802
v -0.419727 -0.005178 0.128976
v -0.440318 0.003455 -0.129802
v -0.440318 0.003455 0.128976
v -0.000159 -0.147024 0.153213
v 0.084205 -0.075657 0.132215
v 0.102984 -0.132191 0.149896
v 0.145055 0.002439 0.114774
v 0.064497 -0.013096 0.119382
v 0.172948 -0.057201 0.128947
v 0.199567 -0.110162 0.149351
v 0.216617 0.026895 0.111860
v 0.252227 -0.026415 0.126752
v 0.286583 -0.072371 0.149060
v 0.276144 0.063284 0.110577
v 0.319266 0.021147 0.124544
v 0.360978 -0.013039 0.146570
v 0.325912 0.106428 0.111810
v 0.375093 0.075548 0.124025
v 0.422548 0.052276 0.144247
v 0.369667 0.149144 0.115414
v 0.422396 0.125062 0.126114
v 0.472940 0.106638 0.144022
v 0.411895 0.186991 0.116543
v 0.466027 0.168033 0.125478
v 0.517097 0.152853 0.140255
v 0.455730 0.215352 0.110273
v 0.509982 0.203828 0.116576
v 0.559602 0.195166 0.127460
v 0.496983 0.233896 0.090026
v 0.550396 0.228659 0.094699
v 0.598477 0.226451 0.103880
v 0.529355 0.245727 0.045377
v 0.580832 0.241913 0.052525
v 0.628526 0.242199 0.061761
v 0.550735 0.247913 -0.013534
v 0.599230 0.242239 -0.004192
v 0.646384 0.240332 0.004363
v 0.562569 0.237435 -0.066124
v 0.607835 0.228175 -0.060445
v 0.652644 0.222048 -0.058036
v 0.568430 0.211440 -0.106841
v 0.612746 0.199520 -0.107664
v 0.656486 0.190819 -0.113833
v 0.570102 0.165993 -0.136768
v 0.617565 0.156267 -0.142010
v 0.663865 0.149811 -0.154928
v 0.569476 0.103680 -0.152563
v 0.622718 0.098983 -0.160201
v 0.673760 0.096295 -0.177493
v 0.570159 0.028035 -0.151054
v 0.629878 0.026383 -0.159674
v 0.686861 0.025699 -0.178769
v 0.572294 -0.060866 -0.142312
v 0.638344 -0.061367 -0.150439
v 0.701508 -0.061209 -0.169127
v 0.574870 -0.171562 -0.138053
v 0.647228 -0.164180 -0.144903
v 0.715478 -0.163340 -0.161552
v 0.663922 -0.289067 -0.144195
v 0.578164 -0.397484 -0.135803
v 0.730917 -0.294882 -0.157802
v 0.693106 -0.399555 -0.146545
v 0.671026 -0.464854 -0.141678
v 0.744908 -0.451504 -0.155770
v 0.732893 -0.533911 -0.151262
v -0.438183 0.097316 -0.120438
v -0.438183 0.034941 0.119612
v -0.438183 0.097316 0.119612
v 0.045862 0.097316 0.119612
v 0.045862 0.097316 -0.120439
v -0.438183 0.034941 -0.120438
v 0.045862 0.034941 0.119612
v 0.045862 0.034941 -0.120439
v 0.215021 0.230114 -0.069552
v -0.932762 0.230114 0.068725
v 0.215021 0.230114 0.068725
v -0.932762 0.230114 -0.069552
v -0.436363 0.175164 0.138639
v -0.408873 0.109903 0.143366
v -0.358033 0.141255 0.148688
v -0.364311 0.035050 0.154663
v -0.460126 0.080459 0.143881
v -0.321428 0.078898 0.150978
v -0.279409 0.123824 0.152194
v -0.270551 0.004029 0.159206
v -0.238937 0.060598 0.153658
v -0.207999 0.117974 0.151856
v -0.185689 -0.015014 0.160249
v -0.167190 0.049866 0.153902
v -0.148182 0.116497 0.150683
v -0.104134 -0.022781 0.158056
v -0.099506 0.046035 0.151872
v -0.093579 0.117984 0.148868
v -0.019510 -0.020087 0.152801
v -0.028289 0.049149 0.147586
v -0.036566 0.122421 0.146242
v 0.024660 0.129619 0.143968
v 0.045279 0.057606 0.142829
v 0.065259 -0.009913 0.146741
v 0.088730 0.139380 0.143349
v 0.117291 0.070107 0.139498
v 0.145118 0.005585 0.142151
v 0.147390 0.151661 0.144848
v 0.181736 0.088138 0.138176
v 0.215820 0.029716 0.139267
v 0.193505 0.166579 0.148376
v 0.234066 0.113114 0.139010
v 0.274623 0.065237 0.138040
v 0.231289 0.184747 0.152465
v 0.277681 0.143339 0.141753
v 0.324051 0.107234 0.139316
v 0.266900 0.206560 0.155166
v 0.317655 0.176309 0.145356
v 0.368112 0.149711 0.142953
v 0.302895 0.231037 0.153995
v 0.357811 0.209398 0.145950
v 0.411489 0.190009 0.143935
v 0.340811 0.256322 0.144146
v 0.400364 0.239822 0.137462
v 0.456996 0.225925 0.135222
v 0.381683 0.278428 0.112053
v 0.442317 0.264266 0.107783
v 0.499277 0.253712 0.106538
v 0.424865 0.293277 0.048819
v 0.479637 0.279569 0.049390
v 0.532286 0.269739 0.051894
v 0.463491 0.298559 -0.026994
v 0.509360 0.283698 -0.020850
v 0.555376 0.272355 -0.014343
v 0.490127 0.290763 -0.094127
v 0.529033 0.273855 -0.083605
v 0.569272 0.259862 -0.075463
v 0.574769 0.228409 -0.125746
v 0.537204 0.243012 -0.134086
v 0.501294 0.259833 -0.147926
v 0.496330 0.198754 -0.187166
v 0.534075 0.186377 -0.170566
v 0.573532 0.175512 -0.161979
v 0.481887 0.119267 -0.207744
v 0.525508 0.112280 -0.189015
v 0.570597 0.106307 -0.179979
v 0.517631 0.030060 -0.188137
v 0.465567 0.034361 -0.208193
v 0.570535 0.026631 -0.178607
v 0.511957 -0.060054 -0.179876
v 0.451467 -0.056741 -0.200502
v 0.572712 -0.062521 -0.169847
v 0.507485 -0.163238 -0.176238
v 0.441208 -0.160683 -0.196558
v 0.575464 -0.172163 -0.165637
v 0.495056 -0.288683 -0.176539
v 0.430041 -0.293843 -0.194396
v 0.578642 -0.398055 -0.163391
v 0.468145 -0.399459 -0.178079
v 0.418015 -0.451095 -0.189449
v 0.490261 -0.464901 -0.169284
v 0.430157 -0.533687 -0.180658
v -0.729243 0.061971 -0.194616
v -0.703788 -0.044114 -0.194662
v -0.783356 -0.043117 -0.201672
v -0.711039 -0.110660 -0.186884
v -0.784518 0.165764 -0.180885
v -0.668305 -0.095315 -0.194156
v -0.666376 -0.179409 -0.183477
v -0.687562 0.055908 -0.195209
v -0.693633 0.166980 -0.165666
v -0.738625 0.169260 -0.172593
v -0.781107 0.243682 -0.143304
v -0.733630 0.238541 -0.131481
v -0.685682 0.234939 -0.117180
v -0.769559 0.279503 -0.087887
v -0.720259 0.277623 -0.078706
v -0.669738 0.278943 -0.066219
v -0.751308 0.290990 -0.028801
v -0.700975 0.293315 -0.023942
v -0.649025 0.300165 -0.015651
v -0.728574 0.286817 0.019447
v -0.677333 0.290151 0.023891
v -0.625112 0.297439 0.033667
v -0.701523 0.270060 0.055250
v -0.648711 0.272759 0.061673
v -0.595756 0.278209 0.075337
v -0.668105 0.241464 0.081080
v -0.612757 0.244729 0.088941
v -0.557419 0.250424 0.103932
v -0.619444 0.198069 0.102826
v -0.562390 0.205443 0.110010
v -0.505206 0.215398 0.123411
v -0.548214 0.139628 0.125087
v -0.492287 0.156165 0.128864
v -0.460909 -0.046862 -0.129802
v -0.419727 -0.046862 -0.129802
v -0.440318 -0.055495 -0.129802
v -0.411198 -0.026020 -0.129802
v -0.440318 0.003455 -0.129802
v -0.419727 -0.005178 -0.129802
v -0.460909 -0.005178 -0.129802
v -0.469439 -0.026020 -0.129802
v 0.160468 -0.043418 -0.129802
v 0.210179 -0.022576 -0.129802
v 0.189588 -0.072893 -0.129802
v 0.168997 -0.064260 -0.129802
v 0.210179 -0.064260 -0.129802
v 0.218709 -0.043418 -0.129802
v 0.168997 -0.022576 -0.129802
v 0.189588 -0.013942 -0.129802
v -0.932762 0.230114 -0.069552
v 0.215021 0.230114 -0.069552
v -0.932762 0.167741 -0.095406
v 0.215021 0.167741 -0.095406
v -0.440318 -0.055495 0.128976
v -0.419727 -0.046862 0.128976
v -0.460909 -0.046862 0.128976
v -0.411198 -0.026020 0.128976
v -0.440318 0.003455 0.128976
v -0.419727 -0.005178 0.128976
v -0.460909 -0.005178 0.128976
v -0.469439 -0.026020 0.128976
v 0.160468 -0.043418 0.128976
v 0.210179 -0.022576 0.128976
v 0.168997 -0.022576 0.128976
v 0.189588 -0.013942 0.128976
v 0.189588 -0.072893 0.128976
v 0.168997 -0.064260 0.128976
v 0.210179 -0.064260 0.128976
v 0.218709 -0.043418 0.128976
v -0.438183 0.097316 -0.120438
v 0.045862 0.097316 -0.120439
v -0.438183 0.034941 -0.120438
v 0.045862 0.034941 -0.120439
v -0.932762 0.230114 0.068725
v 0.215022 0.167741 0.094580
v 0.215021 0.230114 0.068725
v -0.932762 0.167741 0.094581
v -0.438183 0.097316 0.119612
v 0.045862 0.034941 0.119612
v 0.045862 0.097316 0.119612
v -0.438183 0.034941 0.119612
v -0.786084 0.228602 -0.122063
v -0.821408 0.264441 -0.080341
v -0.833196 0.235728 -0.130407
v -0.867870 0.274972 -0.080635
v -0.879350 0.244568 -0.135984
v -0.880650 0.177561 -0.177351
v -0.836708 0.171235 -0.165920
v -0.789272 0.159469 -0.154721
v -0.845397 0.062733 -0.188290
v -0.886318 0.060068 -0.203288
v -0.787594 -0.043417 -0.174487
v -0.869721 -0.043777 -0.199791
v -0.906242 -0.093870 -0.213338
v -0.863802 -0.110005 -0.193937
v -0.908780 -0.178529 -0.208942
v 0.045862 0.034941 0.119612
v 0.045862 0.034941 -0.120439
v 0.045862 0.097316 0.119612
v 0.045862 0.097316 -0.120439
v 0.355704 -0.006307 0.172475
v 0.422548 0.052276 0.144247
v 0.416684 0.058005 0.170290
v 0.472940 0.106638 0.144022
v 0.360978 -0.013039 0.146570
v 0.467733 0.112345 0.170244
v 0.286583 -0.072371 0.149060
v 0.517097 0.152853 0.140255
v 0.282846 -0.065027 0.175097
v 0.513479 0.160979 0.166026
v 0.199567 -0.110162 0.149351
v 0.559602 0.195166 0.127460
v 0.197598 -0.102868 0.175648
v 0.557600 0.209410 0.149987
v 0.102984 -0.132191 0.149896
v 0.598477 0.226451 0.103880
v 0.102442 -0.125488 0.176470
v 0.597273 0.248243 0.117163
v -0.000159 -0.147024 0.153213
v 0.628526 0.242199 0.061761
v 0.000224 -0.141055 0.180003
v 0.628367 0.266893 0.065296
v -0.108572 -0.152242 0.157280
v 0.648033 0.264895 0.000238
v -0.107751 -0.146840 0.184206
v 0.646384 0.240332 0.004363
v -0.220492 -0.137186 0.186493
v 0.655500 0.244514 -0.069500
v -0.221604 -0.142388 0.159530
v 0.652644 0.222048 -0.058036
v -0.336706 -0.105621 0.186546
v 0.656486 0.190819 -0.113833
v -0.338308 -0.111168 0.159699
v 0.657074 0.208815 -0.132897
v -0.453822 -0.047984 0.183272
v 0.663865 0.149811 -0.154928
v -0.455881 -0.054731 0.156805
v 0.659866 0.160338 -0.179533
v -0.564428 0.029843 0.170205
v 0.673760 0.096295 -0.177493
v -0.566764 0.021238 0.144439
v 0.667107 0.098758 -0.203925
v -0.662787 0.107181 0.118448
v 0.686861 0.025699 -0.178769
v -0.660077 0.117216 0.143524
v 0.679989 0.023537 -0.205162
v -0.736500 0.183215 0.091099
v 0.701508 -0.061209 -0.169127
v -0.732990 0.194496 0.115388
v 0.695369 -0.063795 -0.195700
v -0.783299 0.230006 0.075197
v 0.715478 -0.163340 -0.161552
v -0.778851 0.245463 0.096253
v 0.710221 -0.164834 -0.188464
v -0.811156 0.255652 0.059778
v 0.730917 -0.294882 -0.157802
v -0.806527 0.276586 0.073793
v 0.726265 -0.295728 -0.184889
v -0.831359 0.273330 0.028049
v 0.744908 -0.451504 -0.155770
v -0.826808 0.297266 0.033680
v 0.740753 -0.452018 -0.182966
v 0.728844 -0.534360 -0.178482
v 0.732893 -0.533911 -0.151262
v -0.849757 0.281617 -0.021198
v -0.844978 0.305943 -0.023649
v -0.867870 0.274972 -0.080635
v -0.862875 0.297130 -0.091910
v -0.879350 0.244568 -0.135984
v -0.874033 0.260631 -0.156212
v -0.874574 0.185459 -0.202621
v -0.880650 0.177561 -0.177351
v -0.879265 0.062196 -0.229625
v -0.886318 0.060068 -0.203288
v -0.906242 -0.093870 -0.213338
v -0.897598 -0.094789 -0.239160
v -0.899887 -0.179731 -0.234641
v -0.908780 -0.178529 -0.208942
v -0.769559 0.279503 -0.087887
v -0.798951 0.296205 -0.027941
v -0.751308 0.290990 -0.028801
v -0.778181 0.290066 0.023896
v -0.728574 0.286817 0.019447
v -0.816827 0.286716 -0.091552
v -0.781107 0.243682 -0.143304
v -0.826808 0.297266 0.033680
v -0.844978 0.305943 -0.023649
v -0.806527 0.276586 0.073793
v -0.862875 0.297130 -0.091910
v -0.754096 0.271945 0.060900
v -0.778851 0.245463 0.096253
v -0.701523 0.270060 0.055250
v -0.723472 0.242248 0.085101
v -0.732990 0.194496 0.115388
v -0.668105 0.241464 0.081080
v -0.676280 0.194993 0.105999
v -0.660077 0.117216 0.143524
v -0.619444 0.198069 0.102826
v -0.604143 0.127193 0.131306
v -0.564428 0.029843 0.170205
v -0.548214 0.139628 0.125087
v -0.512070 0.054196 0.154125
v -0.453822 -0.047984 0.183272
v -0.460126 0.080459 0.143881
v -0.408634 -0.007005 0.166518
v -0.336706 -0.105621 0.186546
v -0.364311 0.035050 0.154663
v -0.303292 -0.051198 0.171003
v -0.220492 -0.137186 0.186493
v -0.270551 0.004029 0.159206
v -0.203344 -0.076976 0.171808
v -0.107751 -0.146840 0.184206
v -0.185689 -0.015014 0.160249
v -0.106591 -0.086376 0.169543
v -0.104134 -0.022781 0.158056
v -0.019510 -0.020087 0.152801
v -0.009893 -0.082590 0.164467
v 0.000224 -0.141055 0.180003
v 0.065259 -0.009913 0.146741
v 0.084170 -0.069946 0.159078
v 0.147390 0.151661 0.144848
v 0.193505 0.166579 0.148376
v 0.193147 0.170016 0.121043
v 0.230400 0.189006 0.125291
v 0.147105 0.153831 0.117356
v 0.231289 0.184747 0.152465
v 0.088730 0.139380 0.143349
v 0.265217 0.210452 0.127971
v 0.088167 0.140376 0.115780
v 0.266900 0.206560 0.155166
v 0.024660 0.129619 0.143968
v 0.300235 0.232401 0.126599
v 0.023723 0.129720 0.116389
v 0.302895 0.231037 0.153995
v -0.036566 0.122421 0.146242
v 0.340811 0.256322 0.144146
v -0.037693 0.121944 0.118675
v 0.336775 0.250770 0.117624
v -0.093579 0.117984 0.148868
v 0.381683 0.278428 0.112053
v -0.094520 0.117207 0.121301
v 0.376308 0.261461 0.092774
v -0.148692 0.115646 0.123104
v 0.424865 0.293277 0.048819
v -0.148182 0.116497 0.150683
v 0.419094 0.270597 0.039446
v -0.208043 0.117331 0.124266
v 0.463491 0.298559 -0.026994
v -0.207999 0.117974 0.151856
v 0.456302 0.274938 -0.030352
v -0.278750 0.123616 0.124605
v 0.490127 0.290763 -0.094127
v -0.279409 0.123824 0.152194
v 0.480026 0.268540 -0.088979
v -0.356062 0.141239 0.121177
v 0.501294 0.259833 -0.147926
v -0.358033 0.141255 0.148688
v 0.489542 0.243940 -0.131264
v -0.436363 0.175164 0.138639
v 0.496330 0.198754 -0.187166
v -0.432799 0.174732 0.111334
v 0.485837 0.191475 -0.163543
v -0.505206 0.215398 0.123411
v 0.472993 0.118144 -0.182040
v -0.500281 0.213811 0.096427
v 0.481887 0.119267 -0.207744
v -0.557419 0.250424 0.103932
v 0.457807 0.036381 -0.182098
v -0.551497 0.245123 0.077796
v 0.465567 0.034361 -0.208193
v -0.595756 0.278209 0.075337
v 0.444434 -0.054776 -0.174143
v -0.589779 0.264720 0.053129
v 0.451467 -0.056741 -0.200502
v -0.625112 0.297439 0.033667
v 0.434753 -0.159684 -0.169949
v -0.620255 0.275909 0.020915
v 0.441208 -0.160683 -0.196558
v -0.649025 0.300165 -0.015651
v 0.423984 -0.292873 -0.167667
v -0.646265 0.275424 -0.015407
v 0.430041 -0.293843 -0.194396
v -0.669738 0.278943 -0.066219
v 0.412242 -0.449876 -0.162654
v -0.671183 0.257181 -0.052904
v 0.418015 -0.451095 -0.189449
v 0.430157 -0.533687 -0.180658
v 0.424442 -0.532450 -0.153848
v -0.685682 0.234939 -0.117180
v -0.690429 0.219538 -0.096158
v -0.697240 0.158143 -0.140181
v -0.693633 0.166980 -0.165666
v -0.688390 0.053682 -0.167735
v -0.687562 0.055908 -0.195209
v -0.668305 -0.095315 -0.194156
v -0.665959 -0.093094 -0.166792
v -0.666376 -0.179409 -0.183477
v -0.663606 -0.176791 -0.156205
v -0.802787 0.271684 -0.025816
v -0.773063 0.257459 -0.075669
v -0.752664 0.266227 -0.026333
v -0.781613 0.266109 0.017435
v -0.849757 0.281617 -0.021198
v -0.831359 0.273330 0.028049
v -0.811156 0.255652 0.059778
v -0.728802 0.262868 0.011901
v -0.757533 0.251825 0.045106
v -0.783299 0.230006 0.075197
v -0.701245 0.250888 0.037639
v -0.726373 0.228102 0.062622
v -0.736500 0.183215 0.091099
v -0.667162 0.229261 0.057045
v -0.678314 0.184549 0.081049
v -0.662787 0.107181 0.118448
v -0.618160 0.190321 0.076636
v -0.605729 0.118209 0.105626
v -0.566764 0.021238 0.144439
v -0.547174 0.133564 0.098343
v -0.513550 0.046625 0.127883
v -0.455881 -0.054731 0.156805
v -0.459614 0.075475 0.116845
v -0.410018 -0.013015 0.139779
v -0.338308 -0.111168 0.159699
v -0.364318 0.031103 0.127413
v -0.304453 -0.056185 0.143993
v -0.221604 -0.142388 0.159530
v -0.270908 0.000714 0.131856
v -0.204307 -0.081611 0.144712
v -0.108572 -0.152242 0.157280
v -0.186348 -0.018073 0.132868
v -0.107496 -0.091121 0.142467
v -0.105140 -0.025800 0.130684
v -0.020624 -0.023196 0.125445
v -0.010564 -0.087752 0.137477
v 0.578164 -0.397484 -0.135803
v 0.667724 -0.465286 -0.169024
v 0.671026 -0.464854 -0.141678
v 0.578642 -0.398055 -0.163391
v 0.732893 -0.533911 -0.151262
v 0.728844 -0.534360 -0.178482
v -0.827805 0.251387 -0.150996
v -0.874033 0.260631 -0.156212
v -0.874574 0.185459 -0.202621
v -0.830184 0.178499 -0.191284
v -0.784518 0.165764 -0.180885
v -0.838079 0.065099 -0.214509
v -0.879265 0.062196 -0.229625
v -0.783356 -0.043117 -0.201672
v -0.862529 -0.043705 -0.226185
v -0.897598 -0.094789 -0.239160
v -0.855564 -0.110867 -0.219926
v -0.899887 -0.179731 -0.234641
v 0.215022 0.167741 0.094580
v -0.932762 0.167741 0.094581
v -0.932762 0.167741 -0.095406
v 0.215021 0.167741 -0.095406
v -0.704272 -0.043409 -0.167079
v -0.787594 -0.043417 -0.174487
v -0.709553 -0.108533 -0.159435
v -0.665959 -0.093094 -0.166792
v -0.663606 -0.176791 -0.156205
v -0.688390 0.053682 -0.167735
v -0.730095 0.059309 -0.167192
v -0.789272 0.159469 -0.154721
v -0.697240 0.158143 -0.140181
v -0.741611 0.161358 -0.146636
v -0.786084 0.228602 -0.122063
v -0.738263 0.223518 -0.110094
v -0.690429 0.219538 -0.096158
v -0.773063 0.257459 -0.075669
v -0.722794 0.256175 -0.064978
v -0.671183 0.257181 -0.052904
v -0.752664 0.266227 -0.026333
v -0.699895 0.268582 -0.021000
v -0.646265 0.275424 -0.015407
v -0.728802 0.262868 0.011901
v -0.674132 0.266982 0.014444
v -0.620255 0.275909 0.020915
v -0.701245 0.250888 0.037639
v -0.644486 0.255823 0.042004
v -0.589779 0.264720 0.053129
v -0.667162 0.229261 0.057045
v -0.608027 0.235762 0.063745
v -0.551497 0.245123 0.077796
v -0.618160 0.190321 0.076636
v -0.558090 0.201454 0.083197
v -0.500281 0.213811 0.096427
v -0.547174 0.133564 0.098343
v -0.489004 0.153856 0.101632
v -0.432799 0.174732 0.111334
v -0.459614 0.075475 0.116845
v -0.406859 0.108280 0.115919
v -0.356062 0.141239 0.121177
v -0.364318 0.031103 0.127413
v -0.320621 0.077608 0.123430
v -0.278750 0.123616 0.124605
v -0.270908 0.000714 0.131856
v -0.238907 0.059233 0.126099
v -0.208043 0.117331 0.124266
v -0.186348 -0.018073 0.132868
v -0.167670 0.048415 0.126354
v -0.148692 0.115646 0.123104
v -0.105140 -0.025800 0.130684
v -0.100478 0.044661 0.124337
v -0.094520 0.117207 0.121301
v -0.020624 -0.023196 0.125445
v -0.029493 0.047982 0.120049
v -0.037693 0.121944 0.118675
v 0.023723 0.129720 0.116389
v 0.044275 0.056867 0.115263
v 0.064497 -0.013096 0.119382
v 0.088167 0.140376 0.115780
v 0.116692 0.070035 0.111906
v 0.145055 0.002439 0.114774
v 0.147105 0.153831 0.117356
v 0.181479 0.088967 0.110593
v 0.216617 0.026895 0.111860
v 0.193147 0.170016 0.121043
v 0.233893 0.115050 0.111495
v 0.276144 0.063284 0.110577
v 0.230400 0.189006 0.125291
v 0.277261 0.146183 0.114338
v 0.325912 0.106428 0.111810
v 0.265217 0.210452 0.127971
v 0.316650 0.178873 0.117925
v 0.369667 0.149144 0.115414
v 0.300235 0.232401 0.126599
v 0.355783 0.208990 0.118448
v 0.411895 0.186991 0.116543
v 0.336775 0.250770 0.117624
v 0.396760 0.230908 0.112012
v 0.455730 0.215352 0.110273
v 0.376308 0.261461 0.092774
v 0.437670 0.245366 0.090585
v 0.496983 0.233896 0.090026
v 0.419094 0.270597 0.039446
v 0.474502 0.256304 0.041416
v 0.529355 0.245727 0.045377
v 0.456302 0.274938 -0.030352
v 0.502630 0.259796 -0.022507
v 0.550735 0.247913 -0.013534
v 0.480026 0.268540 -0.088979
v 0.519650 0.251739 -0.076532
v 0.562569 0.237435 -0.066124
v 0.568430 0.211440 -0.106841
v 0.526883 0.227089 -0.116303
v 0.489542 0.243940 -0.131264
v 0.485837 0.191475 -0.163543
v 0.525431 0.178433 -0.146272
v 0.570102 0.165993 -0.136768
v 0.472993 0.118144 -0.182040
v 0.518603 0.110538 -0.162594
v 0.569476 0.103680 -0.152563
v 0.511777 0.031742 -0.161394
v 0.457807 0.036381 -0.182098
v 0.570159 0.028035 -0.151054
v 0.506665 -0.058302 -0.152993
v 0.444434 -0.054776 -0.174143
v 0.572294 -0.060866 -0.142312
v 0.502606 -0.162466 -0.149200
v 0.434753 -0.159684 -0.169949
v 0.574870 -0.171562 -0.138053
v 0.490493 -0.288021 -0.149429
v 0.423984 -0.292873 -0.167667
v 0.578164 -0.397484 -0.135803
v 0.463469 -0.398348 -0.151010
v 0.412242 -0.449876 -0.162654
v 0.485607 -0.463753 -0.142212
v 0.424442 -0.532450 -0.153848
v 0.168997 -0.022576 -0.129802
v 0.168997 -0.022576 0.128976
v 0.189588 -0.013942 0.128976
v 0.189588 -0.013942 -0.129802
v 0.160468 -0.043418 -0.129802
v 0.160468 -0.043418 0.128976
v 0.168997 -0.064260 -0.129802
v 0.168997 -0.064260 0.128976
v 0.189588 -0.072893 -0.129802
v 0.189588 -0.072893 0.128976
v 0.210179 -0.064260 -0.129802
v 0.210179 -0.064260 0.128976
v 0.218709 -0.043418 -0.129802
v 0.218709 -0.043418 0.128976
v 0.210179 -0.022576 -0.129802
v 0.210179 -0.022576 0.128976
v 0.189588 -0.013942 -0.129802
v 0.189588 -0.013942 0.128976
v 0.102442 -0.125488 0.176470
v 0.145118 0.005585 0.142151
v 0.171724 -0.051018 0.155647
v 0.197598 -0.102868 0.175648
v 0.215820 0.029716 0.139267
v 0.249463 -0.020205 0.153299
v 0.282846 -0.065027 0.175097
v 0.274623 0.065237 0.138040
v 0.315166 0.026671 0.151059
v 0.355704 -0.006307 0.172475
v 0.324051 0.107234 0.139316
v 0.370380 0.079968 0.150666
v 0.416684 0.058005 0.170290
v 0.368112 0.149711 0.142953
v 0.418072 0.129201 0.152894
v 0.467733 0.112345 0.170244
v 0.411489 0.190009 0.143935
v 0.463103 0.174370 0.151967
v 0.513479 0.160979 0.166026
v 0.456996 0.225925 0.135222
v 0.508758 0.216366 0.140383
v 0.557600 0.209410 0.149987
v 0.499277 0.253712 0.106538
v 0.550112 0.249174 0.110339
v 0.597273 0.248243 0.117163
v 0.532286 0.269739 0.051894
v 0.581390 0.266377 0.057627
v 0.628367 0.266893 0.065296
v 0.555376 0.272355 -0.014343
v 0.601632 0.266867 -0.007235
v 0.648033 0.264895 0.000238
v 0.569272 0.259862 -0.075463
v 0.611721 0.250730 -0.071291
v 0.655500 0.244514 -0.069500
v 0.574769 0.228409 -0.125746
v 0.615094 0.217503 -0.126571
v 0.657074 0.208815 -0.132897
v 0.573532 0.175512 -0.161979
v 0.615843 0.167169 -0.166749
v 0.659866 0.160338 -0.179533
v 0.570597 0.106307 -0.179979
v 0.618121 0.102025 -0.187105
v 0.667107 0.098758 -0.203925
v 0.570535 0.026631 -0.178607
v 0.624842 0.024649 -0.186620
v 0.679989 0.023537 -0.205162
v 0.572712 -0.062521 -0.169847
v 0.633907 -0.063580 -0.177475
v 0.695369 -0.063795 -0.195700
v 0.575464 -0.172163 -0.165637
v 0.643524 -0.165318 -0.172158
v 0.710221 -0.164834 -0.188464
v 0.660637 -0.289667 -0.171540
v 0.578642 -0.398055 -0.163391
v 0.726265 -0.295728 -0.184889
v 0.689672 -0.400099 -0.173868
v 0.667724 -0.465286 -0.169024
v 0.740753 -0.452018 -0.182966
v 0.728844 -0.534360 -0.178482
v -0.908780 -0.178529 -0.208942
v -0.855564 -0.110867 -0.219926
v -0.863802 -0.110005 -0.193937
v -0.899887 -0.179731 -0.234641
v -0.787594 -0.043417 -0.174487
v -0.783356 -0.043117 -0.201672
vn 0.7250 -0.6676 0.1691
vn 0.6600 -0.7407 0.1252
vn 0.7250 -0.6676 0.1692
vn 0.5869 -0.8057 0.0804
vn -0.6606 -0.7507 -0.0084
vn -0.7501 -0.6595 0.0495
vn -0.7589 -0.6488 0.0556
vn -0.6605 -0.7507 -0.0084
vn -0.8312 -0.5447 0.1116
vn -0.7114 0.7028 -0.0000
vn -0.0005 1.0000 -0.0005
vn -0.0005 1.0000 -0.0004
vn -1.0000 0.0005 -0.0004
vn -0.7114 -0.7028 -0.0000
vn -0.0005 -1.0000 -0.0005
vn -0.0005 -1.0000 -0.0004
vn 0.7114 -0.7028 -0.0000
vn 1.0000 0.0005 -0.0004
vn 0.7114 0.7028 -0.0003
vn 0.7114 0.7028 -0.0000
vn -0.0169 -0.2642 -0.9643
vn 0.0016 -0.2524 -0.9676
vn 0.0245 -0.2959 -0.9549
vn 0.0213 -0.2195 -0.9754
vn -0.0213 -0.2075 -0.9780
vn 0.0548 -0.2725 -0.9606
vn 0.0884 -0.3209 -0.9430
vn 0.0758 -0.2150 -0.9737
vn 0.1245 -0.2734 -0.9538
vn 0.1673 -0.3225 -0.9317
vn 0.1282 -0.1837 -0.9746
vn 0.1842 -0.2421 -0.9526
vn 0.2361 -0.2941 -0.9261
vn 0.1577 -0.1353 -0.9782
vn 0.2115 -0.1939 -0.9580
vn 0.2634 -0.2505 -0.9316
vn 0.1513 -0.1128 -0.9820
vn 0.1953 -0.1812 -0.9639
vn 0.2357 -0.2499 -0.9391
vn 0.1043 -0.1828 -0.9776
vn 0.1330 -0.2742 -0.9524
vn 0.1659 -0.3518 -0.9213
vn 0.0308 -0.3984 -0.9167
vn 0.0571 -0.5325 -0.8445
vn 0.0946 -0.5992 -0.7950
vn -0.0346 -0.7771 -0.6284
vn 0.0148 -0.8463 -0.5325
vn 0.0511 -0.8894 -0.4542
vn -0.0631 -0.9765 -0.2060
vn -0.0243 -0.9862 -0.1640
vn 0.0054 -0.9925 -0.1222
vn -0.1330 -0.9893 0.0604
vn -0.0995 -0.9901 0.0992
vn -0.0669 -0.9892 0.1303
vn -0.2057 -0.9201 0.3332
vn -0.1640 -0.9192 0.3581
vn -0.1200 -0.9175 0.3792
vn -0.1701 -0.7502 0.6390
vn -0.1020 -0.7531 0.6499
vn -0.0212 -0.7542 0.6563
vn -0.0134 -0.4600 0.8878
vn 0.0756 -0.4701 0.8794
vn 0.1839 -0.4443 0.8768
vn 0.1132 -0.1345 0.9844
vn 0.2065 -0.1308 0.9697
vn 0.2989 -0.1002 0.9490
vn 0.1384 0.0643 0.9883
vn 0.2251 0.0781 0.9712
vn 0.3085 0.0958 0.9464
vn 0.1188 0.0806 0.9897
vn 0.1990 0.0975 0.9751
vn 0.2764 0.1143 0.9542
vn 0.0947 0.0309 0.9950
vn 0.1667 0.0503 0.9847
vn 0.2379 0.0662 0.9690
vn 0.1481 0.0264 0.9886
vn 0.0915 0.0168 0.9957
vn 0.2111 0.0372 0.9768
vn 0.1558 0.0243 0.9875
vn 0.1492 0.0189 0.9886
vn 0.1887 0.0230 0.9818
vn 0.1840 0.0200 0.9827
vn -0.7114 0.7028 -0.0005
vn 0.7114 0.7028 -0.0004
vn 0.7114 -0.7028 -0.0004
vn -0.1624 0.0189 0.9866
vn -0.0914 0.0719 0.9932
vn -0.0892 0.0005 0.9960
vn -0.0356 0.1130 0.9930
vn -0.0814 0.1431 0.9864
vn -0.0366 0.0578 0.9977
vn -0.0301 0.0092 0.9995
vn -0.0028 0.0979 0.9952
vn -0.0016 0.0611 0.9981
vn 0.0017 0.0287 0.9996
vn 0.0214 0.0904 0.9957
vn 0.0216 0.0645 0.9977
vn 0.0236 0.0385 0.9990
vn 0.0467 0.0864 0.9952
vn 0.0444 0.0612 0.9971
vn 0.0433 0.0341 0.9985
vn 0.0584 0.0816 0.9950
vn 0.0552 0.0514 0.9971
vn 0.0510 0.0211 0.9985
vn 0.0422 -0.0049 0.9991
vn 0.0455 0.0330 0.9984
vn 0.0488 0.0708 0.9963
vn 0.0258 -0.0449 0.9987
vn 0.0269 0.0027 0.9996
vn 0.0280 0.0503 0.9983
vn 0.0126 -0.0968 0.9952
vn 0.0116 -0.0363 0.9993
vn 0.0104 0.0200 0.9997
vn 0.0158 -0.1529 0.9881
vn 0.0082 -0.0860 0.9963
vn -0.0027 -0.0244 0.9997
vn 0.0399 -0.1894 0.9811
vn 0.0192 -0.1260 0.9918
vn -0.0071 -0.0698 0.9975
vn 0.0771 -0.1721 0.9820
vn 0.0454 -0.1141 0.9924
vn 0.0104 -0.0623 0.9980
vn 0.1210 -0.0611 0.9908
vn 0.0925 0.0178 0.9956
vn 0.0617 0.0819 0.9947
vn 0.1820 0.2410 0.9533
vn 0.1601 0.3839 0.9094
vn 0.1385 0.4908 0.8602
vn 0.2317 0.7135 0.6612
vn 0.1977 0.7828 0.5900
vn 0.1682 0.8498 0.4995
vn 0.2402 0.9210 0.3067
vn 0.2127 0.9413 0.2623
vn 0.1864 0.9581 0.2175
vn 0.2983 0.9486 0.1054
vn 0.2772 0.9593 0.0542
vn 0.2524 0.9676 0.0066
vn 0.4205 0.8890 -0.1814
vn 0.3879 0.8915 -0.2342
vn 0.3522 0.8922 -0.2828
vn 0.3737 0.6634 -0.6483
vn 0.4405 0.6606 -0.6079
vn 0.4998 0.6454 -0.5777
vn 0.4614 0.3069 -0.8324
vn 0.3837 0.3422 -0.8577
vn 0.2924 0.3599 -0.8860
vn 0.3983 0.0474 -0.9160
vn 0.3119 0.0766 -0.9470
vn 0.2132 0.0932 -0.9726
vn 0.2649 -0.0747 -0.9614
vn 0.3489 -0.0893 -0.9329
vn 0.1732 -0.0621 -0.9829
vn 0.2390 -0.0769 -0.9680
vn 0.3171 -0.0862 -0.9445
vn 0.1589 -0.0653 -0.9851
vn 0.2209 -0.0339 -0.9747
vn 0.2917 -0.0446 -0.9555
vn 0.1515 -0.0221 -0.9882
vn 0.2068 -0.0296 -0.9779
vn 0.2735 -0.0424 -0.9609
vn 0.1372 -0.0341 -0.9900
vn 0.2122 -0.0490 -0.9760
vn 0.2617 -0.0541 -0.9636
vn 0.2112 -0.0512 -0.9761
vn 0.2584 -0.0543 -0.9645
vn 0.0389 0.1184 -0.9922
vn 0.0225 -0.0309 -0.9993
vn 0.0706 0.0005 -0.9975
vn -0.0674 -0.0947 -0.9932
vn 0.0929 0.2839 -0.9543
vn -0.1067 -0.0989 -0.9894
vn -0.1262 -0.1161 -0.9852
vn 0.0378 0.0980 -0.9945
vn 0.1612 0.3851 -0.9087
vn 0.1326 0.3448 -0.9293
vn 0.1953 0.6111 -0.7671
vn 0.2031 0.6362 -0.7443
vn 0.2067 0.6549 -0.7269
vn 0.1303 0.8728 -0.4703
vn 0.1089 0.8789 -0.4644
vn 0.0622 0.8920 -0.4477
vn -0.0035 0.9926 -0.1214
vn -0.0441 0.9943 -0.0975
vn -0.1112 0.9937 -0.0137
vn -0.0771 0.9707 0.2275
vn -0.1334 0.9397 0.3150
vn -0.2042 0.8821 0.4246
vn -0.1133 0.8080 0.5782
vn -0.1825 0.7113 0.6788
vn -0.2631 0.5735 0.7758
vn -0.1433 0.5166 0.8442
vn -0.2114 0.3906 0.8960
vn -0.2669 0.2306 0.9357
vn -0.1494 0.2741 0.9500
vn -0.1944 0.1759 0.9650
vn -0.2230 0.0695 0.9723
vn -0.1238 0.1826 0.9754
vn -0.1492 0.1020 0.9835
vn -0.0005 0.0005 -1.0000
vn -0.0006 0.0006 -1.0000
vn -0.0006 0.3830 -0.9238
vn -0.0005 0.3830 -0.9238
vn -0.0005 0.0005 1.0000
vn -0.0006 0.0006 1.0000
vn -0.0005 0.3830 0.9238
vn -0.0004 0.3830 0.9238
vn -0.2345 -0.6600 0.7137
vn -0.1913 -0.9083 0.3719
vn -0.2355 -0.6568 0.7163
vn -0.2084 -0.9042 0.3728
vn -0.2311 -0.6683 0.7071
vn -0.2739 -0.3355 0.9013
vn -0.2913 -0.3112 0.9046
vn -0.3165 -0.2626 0.9115
vn -0.3275 -0.1021 0.9393
vn -0.3192 -0.0915 0.9433
vn -0.3089 -0.0273 0.9507
vn -0.3248 -0.0027 0.9458
vn -0.3869 0.0400 0.9213
vn -0.3689 0.0379 0.9287
vn -0.3981 0.0538 0.9157
vn 0.6509 -0.6951 0.3054
vn 0.6989 -0.6502 0.2980
vn 0.7031 -0.6486 0.2914
vn 0.6513 -0.6946 0.3055
vn 0.7031 -0.6486 0.2915
vn 0.4983 -0.8139 0.2986
vn 0.7189 -0.6149 0.3241
vn 0.4989 -0.8135 0.2987
vn 0.7187 -0.6157 0.3232
vn 0.3045 -0.9122 0.2740
vn 0.7429 -0.5110 0.4323
vn 0.3053 -0.9118 0.2747
vn 0.7427 -0.5138 0.4295
vn 0.1857 -0.9517 0.2445
vn 0.8096 -0.2969 0.5064
vn 0.8085 -0.2998 0.5064
vn 0.1039 -0.9706 0.2173
vn 0.9123 -0.0911 0.3992
vn 0.1039 -0.9705 0.2174
vn 0.9117 -0.0921 0.4003
vn -0.0114 -0.9796 0.2007
vn 0.9778 -0.0412 0.2053
vn -0.0114 -0.9796 0.2006
vn 0.9771 -0.0403 0.2089
vn -0.1684 -0.9653 0.1997
vn 0.9949 -0.0449 0.0902
vn 0.9945 -0.0459 0.0946
vn -0.3439 -0.9135 0.2172
vn 0.9989 0.0304 0.0361
vn -0.3440 -0.9135 0.2172
vn 0.9984 0.0507 0.0266
vn -0.5020 -0.8266 0.2545
vn 0.9854 0.1561 -0.0676
vn -0.5019 -0.8266 0.2544
vn 0.9822 0.1668 -0.0868
vn -0.6275 -0.7211 0.2936
vn 0.9621 0.1907 -0.1948
vn -0.6295 -0.7191 0.2945
vn 0.9616 0.1888 -0.1993
vn -0.7121 -0.6209 0.3278
vn 0.9568 0.1562 -0.2454
vn -0.7109 -0.6227 0.3268
vn -0.7324 -0.5557 0.3934
vn 0.9642 0.1298 -0.2312
vn -0.7328 -0.5569 0.3910
vn 0.9640 0.1298 -0.2320
vn -0.7403 -0.4448 0.5040
vn 0.9728 0.1169 -0.2000
vn -0.7403 -0.4468 0.5022
vn -0.8265 -0.1945 0.5283
vn 0.9799 0.0995 -0.1728
vn -0.8238 -0.2006 0.5303
vn 0.9799 0.0994 -0.1728
vn -0.9083 0.0636 0.4135
vn 0.9875 -0.0324 -0.1542
vn -0.9080 0.0627 0.4142
vn 0.9876 -0.0305 -0.1542
vn 0.9781 -0.1495 -0.1445
vn -0.9337 0.2095 0.2903
vn -0.9343 0.2133 0.2858
vn -0.9520 0.2735 0.1376
vn -0.9542 0.2745 0.1192
vn -0.9753 0.2101 -0.0684
vn -0.9769 0.1938 -0.0903
vn -0.9727 0.1062 -0.2061
vn -0.9732 0.1083 -0.2027
vn -0.9596 0.1144 -0.2570
vn -0.9603 0.1125 -0.2551
vn -0.9503 0.0727 -0.3026
vn -0.9501 0.0718 -0.3037
vn -0.9465 0.0103 -0.3227
vn -0.9464 0.0103 -0.3227
vn 0.1629 0.9198 -0.3570
vn 0.1578 0.9850 -0.0701
vn 0.1083 0.9931 -0.0445
vn 0.1416 0.9667 0.2131
vn 0.0872 0.9595 0.2678
vn 0.1914 0.9068 -0.3757
vn 0.2357 0.6552 -0.7178
vn 0.1881 0.9627 0.1942
vn 0.1963 0.9776 -0.0754
vn 0.1963 0.8543 0.4814
vn 0.2083 0.9031 -0.3754
vn 0.1465 0.8317 0.5356
vn 0.1933 0.6526 0.7326
vn 0.0830 0.7835 0.6159
vn 0.1283 0.6056 0.7854
vn 0.1554 0.4892 0.8582
vn 0.0570 0.5345 0.8432
vn 0.0907 0.4555 0.8856
vn 0.1209 0.4378 0.8909
vn 0.0307 0.4015 0.9154
vn 0.0708 0.3941 0.9163
vn 0.1053 0.3773 0.9201
vn 0.0254 0.3452 0.9382
vn 0.0667 0.3335 0.9404
vn 0.0929 0.2978 0.9501
vn 0.0288 0.2884 0.9571
vn 0.0626 0.2651 0.9622
vn 0.0724 0.2459 0.9666
vn 0.0332 0.2310 0.9724
vn 0.0529 0.2204 0.9740
vn 0.0507 0.2301 0.9718
vn 0.0344 0.1936 0.9805
vn 0.0442 0.2055 0.9777
vn 0.0376 0.2396 0.9701
vn 0.0377 0.1776 0.9834
vn 0.0410 0.2096 0.9769
vn 0.0454 0.1786 0.9829
vn 0.0431 0.1915 0.9805
vn 0.0300 0.2291 0.9729
vn 0.0169 0.2641 0.9643
vn 0.0213 0.2077 0.9780
vn -0.0016 0.2524 0.9676
vn -0.2724 0.9588 0.0806
vn -0.3918 0.9124 0.1185
vn -0.3870 0.9146 0.1167
vn -0.4880 0.8612 0.1423
vn -0.2694 0.9598 0.0789
vn -0.4899 0.8600 0.1432
vn -0.1864 0.9816 0.0419
vn -0.5330 0.8350 0.1369
vn -0.1853 0.9818 0.0418
vn -0.1390 0.9902 0.0109
vn -0.5240 0.8498 0.0567
vn -0.1390 0.9902 0.0110
vn -0.5250 0.8488 0.0628
vn -0.1012 0.9948 -0.0106
vn -0.5209 0.8444 -0.1254
vn -0.1013 0.9948 -0.0110
vn -0.5235 0.8366 -0.1617
vn -0.0549 0.9982 -0.0243
vn -0.6257 0.6952 -0.3539
vn -0.6583 0.6513 -0.3774
vn -0.0015 0.9996 -0.0278
vn -0.7874 0.4441 -0.4275
vn -0.7955 0.4308 -0.4261
vn 0.0549 0.9983 -0.0207
vn -0.8548 0.3318 -0.3990
vn 0.0559 0.9982 -0.0209
vn -0.8551 0.3309 -0.3991
vn 0.1528 0.9883 -0.0040
vn -0.8765 0.3054 -0.3722
vn -0.8757 0.3064 -0.3733
vn 0.3096 0.9507 0.0198
vn -0.8918 0.2888 -0.3481
vn 0.3078 0.9513 0.0198
vn -0.8906 0.2900 -0.3502
vn 0.4444 0.8950 0.0383
vn -0.9085 0.2610 -0.3265
vn 0.4467 0.8938 0.0392
vn -0.9076 0.2630 -0.3274
vn 0.5163 0.8560 0.0242
vn -0.9262 0.2117 -0.3120
vn 0.5190 0.8545 0.0224
vn -0.9268 0.2107 -0.3109
vn 0.5673 0.8205 -0.0707
vn -0.9450 0.1488 -0.2911
vn 0.5733 0.8148 -0.0865
vn -0.9451 0.1489 -0.2911
vn 0.6624 0.7082 -0.2442
vn -0.9592 0.1009 -0.2642
vn 0.6819 0.6786 -0.2728
vn -0.9591 0.1018 -0.2641
vn 0.7896 0.4516 -0.4155
vn -0.9675 0.0793 -0.2400
vn 0.8025 0.4125 -0.4311
vn 0.8813 0.0996 -0.4618
vn -0.9720 0.0715 -0.2238
vn 0.8862 0.0738 -0.4573
vn -0.9720 0.0714 -0.2239
vn 0.9428 -0.1886 -0.2748
vn -0.9765 -0.0500 -0.2098
vn 0.9428 -0.1887 -0.2748
vn -0.9764 -0.0471 -0.2107
vn -0.9662 -0.1635 -0.1992
vn -0.9662 -0.1636 -0.1992
vn 0.9755 -0.2198 -0.0092
vn 0.9735 -0.2275 -0.0248
vn 0.9933 -0.0739 0.0894
vn 0.9944 -0.0546 0.0902
vn 0.9953 0.0903 0.0344
vn 0.9952 0.0931 0.0301
vn 0.9952 0.0758 -0.0614
vn 0.9954 0.0130 -0.0946
vn 0.9954 0.0131 -0.0946
vn -0.1567 -0.9853 0.0682
vn -0.1597 -0.9263 0.3413
vn -0.1043 -0.9939 0.0357
vn -0.1406 -0.9671 -0.2120
vn -0.1963 -0.9776 0.0754
vn -0.1870 -0.9639 -0.1897
vn -0.1951 -0.8577 -0.4757
vn -0.0833 -0.9581 -0.2742
vn -0.1465 -0.8298 -0.5384
vn -0.1954 -0.6476 -0.7365
vn -0.0811 -0.7730 -0.6292
vn -0.1263 -0.6000 -0.7900
vn -0.1566 -0.4862 -0.8597
vn -0.0560 -0.5256 -0.8489
vn -0.0896 -0.4535 -0.8867
vn -0.1209 -0.4370 -0.8913
vn -0.0308 -0.3997 -0.9161
vn -0.0708 -0.3932 -0.9167
vn -0.1043 -0.3764 -0.9205
vn -0.0239 -0.3444 -0.9385
vn -0.0667 -0.3326 -0.9407
vn -0.0929 -0.2978 -0.9501
vn -0.0288 -0.2884 -0.9571
vn -0.0626 -0.2651 -0.9622
vn -0.0724 -0.2459 -0.9666
vn -0.0332 -0.2311 -0.9724
vn -0.0529 -0.2204 -0.9740
vn -0.0507 -0.2301 -0.9718
vn -0.0344 -0.1926 -0.9807
vn -0.0442 -0.2055 -0.9777
vn -0.0376 -0.2396 -0.9701
vn -0.0377 -0.1776 -0.9834
vn -0.0409 -0.2097 -0.9769
vn -0.0453 -0.1786 -0.9829
vn -0.0431 -0.1915 -0.9805
vn -0.0300 -0.2280 -0.9732
vn -0.5925 -0.8043 0.0452
vn -0.6677 -0.7404 0.0776
vn -0.6672 -0.7409 0.0777
vn -0.7347 -0.6694 0.1101
vn 0.2355 0.6568 -0.7164
vn 0.2310 0.6714 -0.7042
vn 0.2727 0.3406 -0.8998
vn 0.2923 0.3164 -0.9025
vn 0.3205 0.2634 -0.9099
vn 0.3297 0.1043 -0.9383
vn 0.3182 0.0926 -0.9435
vn 0.3099 0.0263 -0.9504
vn 0.3248 0.0027 -0.9458
vn 0.3879 -0.0400 -0.9208
vn 0.3702 -0.0379 -0.9282
vn 0.3994 -0.0527 -0.9152
vn -0.0214 0.0320 0.9993
vn -0.0717 -0.0038 0.9974
vn 0.0652 0.0958 0.9933
vn 0.1045 0.0989 0.9896
vn 0.1240 0.1182 0.9852
vn -0.0345 -0.0968 0.9947
vn -0.0410 -0.1152 0.9925
vn -0.1016 -0.2839 0.9534
vn -0.1590 -0.3818 0.9105
vn -0.1347 -0.3415 0.9302
vn -0.1986 -0.6043 0.7716
vn -0.2041 -0.6350 0.7450
vn -0.2068 -0.6501 0.7311
vn -0.1364 -0.8663 0.4805
vn -0.1079 -0.8784 0.4655
vn -0.0541 -0.8896 0.4534
vn 0.0034 -0.9919 0.1267
vn 0.0471 -0.9939 0.1001
vn 0.1201 -0.9927 0.0057
vn 0.0780 -0.9727 -0.2184
vn 0.1334 -0.9397 -0.3150
vn 0.2073 -0.8786 -0.4303
vn 0.1103 -0.8123 -0.5728
vn 0.1815 -0.7086 -0.6819
vn 0.2622 -0.5644 -0.7828
vn 0.1382 -0.5099 -0.8491
vn 0.2094 -0.3865 -0.8982
vn 0.2616 -0.2242 -0.9388
vn 0.1450 -0.2721 -0.9513
vn 0.1923 -0.1759 -0.9654
vn 0.2207 -0.0716 -0.9727
vn 0.1216 -0.1837 -0.9754
vn 0.1481 -0.1042 -0.9835
vn 0.1613 -0.0210 -0.9867
vn 0.0803 -0.1441 -0.9863
vn 0.0914 -0.0730 -0.9931
vn 0.0903 -0.0016 -0.9959
vn 0.0355 -0.1131 -0.9929
vn 0.0369 -0.0579 -0.9976
vn 0.0301 -0.0092 -0.9995
vn 0.0030 -0.0980 -0.9952
vn 0.0015 -0.0610 -0.9981
vn -0.0016 -0.0287 -0.9996
vn -0.0214 -0.0914 -0.9956
vn -0.0225 -0.0644 -0.9977
vn -0.0236 -0.0384 -0.9990
vn -0.0467 -0.0866 -0.9951
vn -0.0443 -0.0611 -0.9971
vn -0.0433 -0.0352 -0.9984
vn -0.0585 -0.0817 -0.9949
vn -0.0553 -0.0525 -0.9971
vn -0.0510 -0.0211 -0.9985
vn -0.0422 0.0049 -0.9991
vn -0.0455 -0.0330 -0.9984
vn -0.0488 -0.0708 -0.9963
vn -0.0258 0.0439 -0.9987
vn -0.0269 -0.0038 -0.9996
vn -0.0280 -0.0514 -0.9983
vn -0.0137 0.0968 -0.9952
vn -0.0116 0.0353 -0.9993
vn -0.0094 -0.0211 -0.9997
vn -0.0169 0.1519 -0.9883
vn -0.0071 0.0850 -0.9964
vn 0.0038 0.0222 -0.9997
vn -0.0399 0.1884 -0.9813
vn -0.0181 0.1249 -0.9920
vn 0.0082 0.0677 -0.9977
vn -0.0749 0.1722 -0.9822
vn -0.0443 0.1141 -0.9925
vn -0.0072 0.0623 -0.9980
vn -0.1154 0.0686 -0.9909
vn -0.0881 -0.0124 -0.9960
vn -0.0553 -0.0698 -0.9960
vn -0.1746 -0.2176 -0.9603
vn -0.1590 -0.3797 -0.9113
vn -0.1363 -0.4937 -0.8589
vn -0.2397 -0.7185 -0.6529
vn -0.1988 -0.7839 -0.5882
vn -0.1687 -0.8644 -0.4737
vn -0.2441 -0.9229 -0.2977
vn -0.2135 -0.9428 -0.2560
vn -0.1873 -0.9595 -0.2103
vn -0.2965 -0.9490 -0.1072
vn -0.2753 -0.9597 -0.0560
vn -0.2496 -0.9683 -0.0119
vn -0.4206 -0.8893 0.1797
vn -0.3867 -0.8931 0.2297
vn -0.3501 -0.8950 0.2765
vn -0.3721 -0.6590 0.6536
vn -0.4406 -0.6587 0.6099
vn -0.5011 -0.6417 0.5807
vn -0.4608 -0.3030 0.8342
vn -0.3806 -0.3381 0.8607
vn -0.2872 -0.3528 0.8905
vn -0.3961 -0.0474 0.9170
vn -0.3087 -0.0745 0.9482
vn -0.2089 -0.0900 0.9738
vn -0.2616 0.0747 0.9623
vn -0.3476 0.0892 0.9334
vn -0.1710 0.0632 0.9832
vn -0.2380 0.0769 0.9682
vn -0.3161 0.0863 0.9448
vn -0.1569 0.0664 0.9854
vn -0.2199 0.0340 0.9749
vn -0.2908 0.0446 0.9558
vn -0.1492 0.0221 0.9886
vn -0.2057 0.0296 0.9782
vn -0.2735 0.0424 0.9609
vn -0.1362 0.0341 0.9901
vn -0.2112 0.0491 0.9762
vn -0.2608 0.0542 0.9639
vn -0.2099 0.0512 0.9764
vn -0.2584 0.0543 0.9645
vn -0.7114 0.7028 -0.0004
vn 0.7114 -0.7028 -0.0003
vn -0.0245 0.2959 0.9549
vn -0.0202 0.2205 0.9752
vn -0.0549 0.2725 0.9606
vn -0.0884 0.3209 0.9430
vn -0.0757 0.2160 0.9734
vn -0.1245 0.2733 0.9538
vn -0.1683 0.3224 0.9315
vn -0.1281 0.1848 0.9744
vn -0.1852 0.2431 0.9522
vn -0.2373 0.2953 0.9255
vn -0.1577 0.1364 0.9780
vn -0.2126 0.1949 0.9575
vn -0.2635 0.2518 0.9312
vn -0.1524 0.1128 0.9819
vn -0.1954 0.1822 0.9636
vn -0.2345 0.2510 0.9391
vn -0.1021 0.1870 0.9770
vn -0.1319 0.2795 0.9510
vn -0.1638 0.3550 0.9204
vn -0.0253 0.4212 0.9066
vn -0.0559 0.5396 0.8401
vn -0.0893 0.6052 0.7910
vn 0.0345 0.7877 0.6151
vn -0.0128 0.8456 0.5336
vn -0.0511 0.8870 0.4590
vn 0.0621 0.9755 0.2113
vn 0.0233 0.9856 0.1676
vn -0.0084 0.9921 0.1249
vn 0.1320 0.9895 -0.0586
vn 0.0994 0.9900 -0.1001
vn 0.0669 0.9891 -0.1311
vn 0.2047 0.9201 -0.3341
vn 0.1621 0.9184 -0.3609
vn 0.1191 0.9168 -0.3811
vn 0.1660 0.7485 -0.6421
vn 0.0999 0.7533 -0.6501
vn 0.0233 0.7541 -0.6563
vn 0.0070 0.4600 -0.8879
vn -0.0778 0.4721 -0.8781
vn -0.1817 0.4516 -0.8735
vn -0.1176 0.1367 -0.9836
vn -0.2087 0.1340 -0.9688
vn -0.3009 0.1066 -0.9477
vn -0.1427 -0.0621 -0.9878
vn -0.2283 -0.0769 -0.9706
vn -0.3098 -0.0948 -0.9461
vn -0.1220 -0.0805 -0.9893
vn -0.2012 -0.0975 -0.9747
vn -0.2775 -0.1143 -0.9539
vn -0.0969 -0.0308 -0.9948
vn -0.1678 -0.0502 -0.9845
vn -0.2381 -0.0662 -0.9690
vn -0.1492 -0.0264 -0.9885
vn -0.0925 -0.0168 -0.9956
vn -0.2111 -0.0372 -0.9768
vn -0.1558 -0.0243 -0.9875
vn -0.1503 -0.0189 -0.9885
vn -0.1886 -0.0231 -0.9818
vn -0.1840 -0.0200 -0.9827
vn 0.7762 -0.5652 0.2795
vn 0.7153 -0.6627 0.2216
vn 0.7140 -0.6644 0.2207
vn 0.6404 -0.7517 0.1580
vt 0.000000 0.000000
vt 0.875000 1.000000
vt 0.875000 0.500000
vt 1.000000 0.500000
vt 1.000000 1.000000
vt 0.750000 1.000000
vt 0.750000 0.500000
vt 0.625000 1.000000
vt 0.625000 0.500000
vt 0.500000 1.000000
vt 0.500000 0.500000
vt 0.375000 1.000000
vt 0.375000 0.500000
vt 0.250000 1.000000
vt 0.250000 0.500000
vt 0.125000 1.000000
vt 0.125000 0.500000
vt 0.000000 1.000000
vt 0.000000 0.500000
vt 0.625000 0.750000
vt 0.875000 0.750000
vt 0.375000 0.750000
vt 0.125000 0.750000
vt 0.419706 0.080294
vt 0.080294 0.080294
vt 0.250000 0.010000
vt 0.010000 0.250000
vt 0.250000 0.490000
vt 0.080294 0.419706
vt 0.419706 0.419706
vt 0.490000 0.250000
vt 0.750000 0.010000
vt 0.580294 0.080294
vt 0.919706 0.080294
vt 0.510000 0.250000
vt 0.750000 0.490000
vt 0.580294 0.419706
vt 0.919706 0.419706
vt 0.990000 0.250000
vt 0.375000 0.250000
vt 0.625000 0.250000
vt 0.375000 0.000000
vt 0.625000 0.000000
s 1
f 65/2/49 66/2/50 67/2/50
f 66/2/50 65/2/49 68/2/51
f 69/2/52 67/2/50 66/2/50
f 69/2/52 66/2/50 70/2/52
f 71/2/53 72/2/54 73/2/55
f 72/2/54 71/2/53 74/2/56
f 75/2/57 73/2/55 72/2/54
f 75/2/57 72/2/54 76/2/57
f 77/3/58 78/4/58 79/5/59
f 79/5/59 80/6/60 77/3/58
f 78/4/58 77/3/58 81/7/61
f 81/7/61 82/8/61 78/4/58
f 82/8/61 81/7/61 83/9/62
f 83/9/62 84/10/62 82/8/61
f 84/10/62 83/9/62 85/11/63
f 85/11/63 86/12/64 84/10/62
f 86/12/64 85/11/63 87/13/65
f 87/13/65 88/14/65 86/12/64
f 88/14/65 87/13/65 89/15/66
f 89/15/66 90/16/66 88/14/65
f 90/16/66 89/15/66 91/17/67
f 91/17/67 92/18/68 90/16/66
f 92/18/68 91/17/67 93/19/60
f 93/19/60 94/20/59 92/18/68
f 95/2/69 96/2/70 97/2/71
f 98/2/72 96/2/70 99/2/73
f 100/2/74 97/2/71 96/2/70
f 96/2/70 98/2/72 100/2/74
f 97/2/71 100/2/74 101/2/75
f 102/2/76 100/2/74 98/2/72
f 103/2/77 101/2/75 100/2/74
f 103/2/77 100/2/74 102/2/76
f 104/2/78 101/2/75 103/2/77
f 105/2/79 103/2/77 102/2/76
f 106/2/80 104/2/78 103/2/77
f 106/2/80 103/2/77 105/2/79
f 107/2/81 104/2/78 106/2/80
f 108/2/82 106/2/80 105/2/79
f 109/2/83 107/2/81 106/2/80
f 109/2/83 106/2/80 108/2/82
f 110/2/84 107/2/81 109/2/83
f 108/2/82 111/2/85 109/2/83
f 109/2/83 112/2/86 110/2/84
f 111/2/85 112/2/86 109/2/83
f 113/2/87 110/2/84 112/2/86
f 111/2/85 114/2/88 112/2/86
f 112/2/86 115/2/89 113/2/87
f 114/2/88 115/2/89 112/2/86
f 115/2/89 116/2/90 113/2/87
f 114/2/88 117/2/91 115/2/89
f 115/2/89 118/2/92 116/2/90
f 117/2/91 118/2/92 115/2/89
f 118/2/92 119/2/93 116/2/90
f 117/2/91 120/2/94 118/2/92
f 118/2/92 121/2/95 119/2/93
f 120/2/94 121/2/95 118/2/92
f 121/2/95 122/2/96 119/2/93
f 120/2/94 123/2/97 121/2/95
f 121/2/95 124/2/98 122/2/96
f 123/2/97 124/2/98 121/2/95
f 124/2/98 125/2/99 122/2/96
f 123/2/97 126/2/100 124/2/98
f 124/2/98 127/2/101 125/2/99
f 126/2/100 127/2/101 124/2/98
f 127/2/101 128/2/102 125/2/99
f 127/2/101 126/2/100 129/2/103
f 128/2/102 127/2/101 130/2/104
f 129/2/103 130/2/104 127/2/101
f 128/2/102 130/2/104 131/2/105
f 130/2/104 129/2/103 132/2/106
f 131/2/105 130/2/104 133/2/107
f 130/2/104 132/2/106 133/2/107
f 131/2/105 133/2/107 134/2/108
f 133/2/107 132/2/106 135/2/109
f 134/2/108 133/2/107 136/2/110
f 133/2/107 135/2/109 136/2/110
f 136/2/110 137/2/111 134/2/108
f 136/2/110 135/2/109 138/2/112
f 137/2/111 136/2/110 139/2/113
f 136/2/110 138/2/112 139/2/113
f 139/2/113 140/2/114 137/2/111
f 139/2/113 138/2/112 141/2/115
f 140/2/114 139/2/113 142/2/116
f 139/2/113 141/2/115 142/2/116
f 142/2/116 143/2/117 140/2/114
f 142/2/116 141/2/115 144/2/118
f 142/2/116 145/2/119 143/2/117
f 142/2/116 144/2/118 145/2/119
f 145/2/119 146/2/120 143/2/117
f 144/2/118 147/2/121 145/2/119
f 145/2/119 148/2/122 146/2/120
f 145/2/119 147/2/121 148/2/122
f 148/2/122 149/2/123 146/2/120
f 147/2/121 150/2/124 148/2/122
f 148/2/122 150/2/124 149/2/123
f 150/2/124 147/2/121 151/2/125
f 150/2/124 152/2/126 149/2/123
f 151/2/125 153/2/127 150/2/124
f 150/2/124 153/2/127 152/2/126
f 153/2/127 151/2/125 154/2/128
f 155/2/129 152/2/126 153/2/127
f 154/2/128 155/2/129 153/2/127
f 155/2/129 154/2/128 156/2/130
f 157/21/131 158/14/62 159/10/131
f 160/4/132 157/21/131 159/10/131
f 157/21/131 160/4/132 161/22/132
f 158/14/62 157/21/131 162/23/62
f 162/23/62 163/18/133 158/14/62
f 163/18/133 162/23/62 164/24/133
f 165/22/60 166/10/60 167/4/60
f 166/10/60 165/22/60 168/21/60
f 169/2/134 170/2/135 171/2/136
f 172/2/137 170/2/135 173/2/138
f 174/2/139 171/2/136 170/2/135
f 170/2/135 172/2/137 174/2/139
f 171/2/136 174/2/139 175/2/140
f 176/2/141 174/2/139 172/2/137
f 177/2/142 175/2/140 174/2/139
f 174/2/139 176/2/141 177/2/142
f 175/2/140 177/2/142 178/2/143
f 179/2/144 177/2/142 176/2/141
f 180/2/145 178/2/143 177/2/142
f 177/2/142 179/2/144 180/2/145
f 178/2/143 180/2/145 181/2/146
f 182/2/147 180/2/145 179/2/144
f 183/2/148 181/2/146 180/2/145
f 180/2/145 182/2/147 183/2/148
f 181/2/146 183/2/148 184/2/149
f 185/2/150 183/2/148 182/2/147
f 186/2/151 184/2/149 183/2/148
f 183/2/148 185/2/150 186/2/151
f 184/2/149 186/2/151 187/2/152
f 186/2/151 188/2/153 187/2/152
f 185/2/150 189/2/154 186/2/151
f 188/2/153 186/2/151 189/2/154
f 189/2/154 185/2/150 190/2/155
f 189/2/154 191/2/156 188/2/153
f 190/2/155 192/2/157 189/2/154
f 191/2/156 189/2/154 192/2/157
f 192/2/157 190/2/155 193/2/158
f 192/2/157 194/2/159 191/2/156
f 193/2/158 195/2/160 192/2/157
f 194/2/159 192/2/157 195/2/160
f 195/2/160 193/2/158 196/2/161
f 195/2/160 197/2/162 194/2/159
f 196/2/161 198/2/163 195/2/160
f 197/2/162 195/2/160 198/2/163
f 198/2/163 196/2/161 199/2/164
f 198/2/163 200/2/165 197/2/162
f 199/2/164 201/2/166 198/2/163
f 200/2/165 198/2/163 201/2/166
f 201/2/166 199/2/164 202/2/167
f 201/2/166 203/2/168 200/2/165
f 202/2/167 204/2/169 201/2/166
f 201/2/166 204/2/169 203/2/168
f 202/2/167 205/2/170 204/2/169
f 204/2/169 206/2/171 203/2/168
f 205/2/170 207/2/172 204/2/169
f 204/2/169 207/2/172 206/2/171
f 205/2/170 208/2/173 207/2/172
f 209/2/174 206/2/171 207/2/172
f 210/2/175 207/2/172 208/2/173
f 207/2/172 210/2/175 209/2/174
f 208/2/173 211/2/176 210/2/175
f 212/2/177 209/2/174 210/2/175
f 213/2/178 210/2/175 211/2/176
f 210/2/175 213/2/178 212/2/177
f 211/2/176 214/2/179 213/2/178
f 212/2/177 213/2/178 215/2/180
f 213/2/178 214/2/179 216/2/181
f 215/2/180 213/2/178 216/2/181
f 216/2/181 214/2/179 217/2/182
f 215/2/180 216/2/181 218/2/183
f 217/2/182 219/2/184 216/2/181
f 218/2/183 216/2/181 219/2/184
f 219/2/184 217/2/182 220/2/185
f 219/2/184 221/2/186 218/2/183
f 220/2/185 222/2/187 219/2/184
f 221/2/186 219/2/184 222/2/187
f 222/2/187 220/2/185 223/2/188
f 224/2/189 222/2/187 223/2/188
f 225/2/190 221/2/186 222/2/187
f 222/2/187 224/2/189 225/2/190
f 221/2/186 225/2/190 226/2/191
f 227/2/192 226/2/191 225/2/190
f 228/2/193 225/2/190 224/2/189
f 228/2/193 227/2/192 225/2/190
f 229/2/194 228/2/193 224/2/189
f 230/2/195 227/2/192 228/2/193
f 231/2/196 228/2/193 229/2/194
f 230/2/195 228/2/193 231/2/196
f 232/2/197 231/2/196 229/2/194
f 233/2/198 230/2/195 231/2/196
f 233/2/198 231/2/196 232/2/197
f 230/2/195 233/2/198 234/2/199
f 235/2/200 233/2/198 232/2/197
f 236/2/201 234/2/199 233/2/198
f 236/2/201 233/2/198 235/2/200
f 234/2/199 236/2/201 237/2/202
f 238/2/203 236/2/201 235/2/200
f 239/2/204 237/2/202 236/2/201
f 239/2/204 236/2/201 238/2/203
f 237/2/202 239/2/204 240/2/205
f 241/2/206 239/2/204 238/2/203
f 242/2/207 240/2/205 239/2/204
f 242/2/207 239/2/204 241/2/206
f 240/2/205 242/2/207 243/2/208
f 241/2/206 244/2/209 242/2/207
f 243/2/208 242/2/207 245/2/210
f 245/2/210 242/2/207 244/2/209
f 246/2/211 243/2/208 245/2/210
f 244/2/209 247/2/212 245/2/210
f 247/2/212 246/2/211 245/2/210
f 246/2/211 247/2/212 248/2/213
f 249/2/214 250/2/215 251/2/216
f 252/2/217 251/2/216 250/2/215
f 253/2/218 249/2/214 251/2/216
f 254/2/219 252/2/217 250/2/215
f 252/2/217 254/2/219 255/2/220
f 256/2/221 254/2/219 250/2/215
f 256/2/221 250/2/215 249/2/214
f 249/2/214 257/2/222 256/2/221
f 249/2/214 253/2/218 258/2/223
f 257/2/222 249/2/214 258/2/223
f 259/2/224 258/2/223 253/2/218
f 260/2/225 257/2/222 258/2/223
f 258/2/223 259/2/224 260/2/225
f 257/2/222 260/2/225 261/2/226
f 262/2/227 260/2/225 259/2/224
f 263/2/228 261/2/226 260/2/225
f 260/2/225 262/2/227 263/2/228
f 261/2/226 263/2/228 264/2/229
f 265/2/230 263/2/228 262/2/227
f 266/2/231 264/2/229 263/2/228
f 263/2/228 265/2/230 266/2/231
f 264/2/229 266/2/231 267/2/232
f 268/2/233 266/2/231 265/2/230
f 269/2/234 267/2/232 266/2/231
f 266/2/231 268/2/233 269/2/234
f 267/2/232 269/2/234 270/2/235
f 271/2/236 269/2/234 268/2/233
f 272/2/237 270/2/235 269/2/234
f 269/2/234 271/2/236 272/2/237
f 270/2/235 272/2/237 273/2/238
f 274/2/239 272/2/237 271/2/236
f 275/2/240 273/2/238 272/2/237
f 272/2/237 274/2/239 275/2/240
f 273/2/238 275/2/240 276/2/241
f 277/2/242 275/2/240 274/2/239
f 278/2/243 276/2/241 275/2/240
f 275/2/240 277/2/242 278/2/243
f 276/2/241 278/2/243 279/2/244
f 280/2/245 278/2/243 277/2/242
f 281/2/246 279/2/244 278/2/243
f 278/2/243 280/2/245 281/2/246
f 279/2/244 281/2/246 169/2/134
f 173/2/138 281/2/246 280/2/245
f 170/2/135 169/2/134 281/2/246
f 281/2/246 173/2/138 170/2/135
f 282/25/247 283/26/247 284/27/247
f 282/25/247 285/28/247 283/26/247
f 285/28/247 282/25/247 286/29/247
f 285/28/247 286/29/247 287/30/247
f 286/29/247 282/25/247 288/31/247
f 288/31/247 282/25/247 289/32/248
f 290/32/247 291/30/247 292/27/247
f 290/32/247 292/27/247 293/25/247
f 291/30/247 294/26/247 292/27/247
f 294/26/247 291/30/247 295/28/247
f 291/30/247 290/32/247 296/31/247
f 291/30/247 296/31/247 297/29/247
f 298/21/249 299/9/250 300/23/250
f 301/13/250 300/23/250 299/9/250
f 302/33/251 303/34/251 304/35/251
f 305/36/251 304/35/251 303/34/251
f 304/35/251 305/36/251 306/37/251
f 306/37/251 305/36/251 307/38/251
f 304/35/251 306/37/251 308/39/251
f 304/35/251 308/39/251 309/40/252
f 310/40/251 311/38/251 312/39/251
f 312/39/251 311/38/251 313/37/251
f 314/33/251 311/38/251 310/40/251
f 314/33/251 310/40/251 315/35/251
f 311/38/251 314/33/251 316/34/251
f 311/38/251 316/34/251 317/36/251
f 318/21/247 319/9/247 320/23/247
f 321/13/247 320/23/247 319/9/247
f 322/10/253 323/41/254 324/42/253
f 323/41/254 322/10/253 325/14/254
f 326/10/251 327/41/251 328/42/251
f 327/41/251 326/10/251 329/14/251
f 330/2/255 331/2/256 332/2/257
f 333/2/258 332/2/257 331/2/256
f 332/2/257 333/2/258 334/2/259
f 334/2/259 335/2/260 332/2/257
f 332/2/257 336/2/261 330/2/255
f 332/2/257 335/2/260 336/2/261
f 330/2/255 336/2/261 337/2/262
f 335/2/260 338/2/263 336/2/261
f 336/2/261 338/2/263 337/2/262
f 338/2/263 335/2/260 339/2/264
f 340/2/265 337/2/262 338/2/263
f 341/2/266 338/2/263 339/2/264
f 340/2/265 338/2/263 341/2/266
f 339/2/264 342/2/267 341/2/266
f 343/2/268 340/2/265 341/2/266
f 342/2/267 343/2/268 341/2/266
f 343/2/268 342/2/267 344/2/269
f 345/41/133 346/43/133 347/42/132
f 347/42/132 346/43/133 348/44/132
f 349/2/270 350/2/271 351/2/271
f 352/2/272 351/2/271 350/2/271
f 350/2/271 349/2/270 353/2/273
f 351/2/271 352/2/272 354/2/274
f 349/2/270 355/2/275 353/2/273
f 356/2/276 354/2/274 352/2/272
f 349/2/270 357/2/277 355/2/275
f 354/2/274 356/2/276 358/2/278
f 357/2/277 359/2/279 355/2/275
f 360/2/280 358/2/278 356/2/276
f 357/2/277 361/2/281 359/2/279
f 358/2/278 360/2/280 362/2/282
f 361/2/281 363/2/283 359/2/279
f 364/2/284 362/2/282 360/2/280
f 361/2/281 365/2/283 363/2/283
f 362/2/282 364/2/284 366/2/285
f 365/2/283 367/2/286 363/2/283
f 368/2/287 366/2/285 364/2/284
f 365/2/283 369/2/288 367/2/286
f 366/2/285 368/2/287 370/2/289
f 369/2/288 371/2/290 367/2/286
f 368/2/287 372/2/291 370/2/289
f 369/2/288 373/2/292 371/2/290
f 372/2/291 368/2/287 374/2/293
f 375/2/294 371/2/290 373/2/292
f 374/2/293 376/2/295 372/2/291
f 371/2/290 375/2/294 377/2/294
f 376/2/295 374/2/293 378/2/296
f 379/2/297 377/2/294 375/2/294
f 380/2/298 376/2/295 378/2/296
f 377/2/294 379/2/297 381/2/299
f 376/2/295 380/2/298 382/2/300
f 383/2/301 381/2/299 379/2/297
f 384/2/302 382/2/300 380/2/298
f 381/2/299 383/2/301 385/2/303
f 382/2/300 384/2/302 386/2/304
f 387/2/305 385/2/303 383/2/301
f 388/2/306 386/2/304 384/2/302
f 385/2/303 387/2/305 389/2/307
f 386/2/304 388/2/306 390/2/308
f 387/2/305 391/2/309 389/2/307
f 392/2/310 390/2/308 388/2/306
f 391/2/309 387/2/305 393/2/311
f 390/2/308 392/2/310 394/2/310
f 393/2/311 395/2/312 391/2/309
f 396/2/313 394/2/310 392/2/310
f 395/2/312 393/2/311 397/2/314
f 394/2/310 396/2/313 398/2/315
f 397/2/314 399/2/316 395/2/312
f 400/2/317 398/2/315 396/2/313
f 399/2/316 397/2/314 401/2/318
f 398/2/315 400/2/317 402/2/317
f 401/2/318 403/2/319 399/2/316
f 404/2/320 402/2/317 400/2/317
f 403/2/319 401/2/318 405/2/321
f 402/2/317 404/2/320 406/2/322
f 407/2/323 403/2/319 405/2/321
f 408/2/324 406/2/322 404/2/320
f 405/2/321 409/2/325 407/2/323
f 406/2/322 408/2/324 410/2/326
f 408/2/324 411/2/327 410/2/326
f 408/2/324 412/2/327 411/2/327
f 413/2/328 407/2/323 409/2/325
f 409/2/325 414/2/329 413/2/328
f 414/2/329 415/2/330 413/2/328
f 414/2/329 416/2/331 415/2/330
f 416/2/331 417/2/332 415/2/330
f 417/2/332 416/2/331 418/2/333
f 419/2/334 417/2/332 418/2/333
f 417/2/332 419/2/334 420/2/335
f 421/2/336 420/2/335 419/2/334
f 420/2/335 421/2/336 422/2/337
f 423/2/338 422/2/337 421/2/336
f 423/2/338 421/2/336 424/2/339
f 425/2/340 423/2/338 424/2/339
f 423/2/338 425/2/340 426/2/341
f 427/2/342 428/2/343 429/2/344
f 430/2/345 429/2/344 428/2/343
f 429/2/344 430/2/345 431/2/346
f 428/2/343 427/2/342 432/2/347
f 433/2/348 432/2/347 427/2/342
f 428/2/343 434/2/349 430/2/345
f 434/2/349 428/2/343 435/2/350
f 432/2/347 435/2/350 428/2/343
f 436/2/351 430/2/345 434/2/349
f 435/2/350 432/2/347 437/2/352
f 430/2/345 436/2/351 438/2/353
f 438/2/353 431/2/346 430/2/345
f 439/2/354 438/2/353 436/2/351
f 431/2/346 438/2/353 440/2/355
f 438/2/353 439/2/354 441/2/356
f 441/2/356 440/2/355 438/2/353
f 442/2/357 441/2/356 439/2/354
f 440/2/355 441/2/356 443/2/358
f 441/2/356 442/2/357 444/2/359
f 444/2/359 443/2/358 441/2/356
f 445/2/360 444/2/359 442/2/357
f 443/2/358 444/2/359 446/2/361
f 444/2/359 445/2/360 447/2/362
f 447/2/362 446/2/361 444/2/359
f 448/2/363 447/2/362 445/2/360
f 446/2/361 447/2/362 449/2/364
f 447/2/362 448/2/363 450/2/365
f 450/2/365 449/2/364 447/2/362
f 451/2/366 450/2/365 448/2/363
f 449/2/364 450/2/365 452/2/367
f 450/2/365 451/2/366 453/2/368
f 453/2/368 452/2/367 450/2/365
f 454/2/369 453/2/368 451/2/366
f 452/2/367 453/2/368 455/2/370
f 453/2/368 454/2/369 456/2/371
f 456/2/371 455/2/370 453/2/368
f 457/2/372 456/2/371 454/2/369
f 455/2/370 456/2/371 458/2/373
f 456/2/371 457/2/372 459/2/374
f 459/2/374 458/2/373 456/2/371
f 460/2/375 459/2/374 457/2/372
f 458/2/373 459/2/374 461/2/376
f 462/2/377 461/2/376 459/2/374
f 459/2/374 460/2/375 462/2/377
f 461/2/376 462/2/377 463/2/378
f 462/2/377 464/2/379 463/2/378
f 460/2/375 465/2/380 462/2/377
f 464/2/379 462/2/377 465/2/380
f 465/2/380 460/2/375 466/2/381
f 465/2/380 467/2/382 464/2/379
f 466/2/381 468/2/383 465/2/380
f 467/2/382 465/2/380 468/2/383
f 469/2/384 470/2/385 471/2/386
f 470/2/385 472/2/387 471/2/386
f 469/2/384 471/2/386 473/2/388
f 470/2/385 474/2/389 472/2/387
f 475/2/390 469/2/384 473/2/388
f 474/2/389 476/2/391 472/2/387
f 475/2/390 473/2/388 477/2/392
f 478/2/391 476/2/391 474/2/389
f 477/2/392 479/2/393 475/2/390
f 478/2/391 480/2/394 476/2/391
f 479/2/393 477/2/392 481/2/395
f 480/2/394 478/2/391 482/2/396
f 481/2/395 483/2/397 479/2/393
f 484/2/398 480/2/394 482/2/396
f 483/2/397 481/2/395 485/2/399
f 480/2/394 484/2/398 486/2/400
f 485/2/399 487/2/401 483/2/397
f 488/2/402 486/2/400 484/2/398
f 487/2/401 485/2/399 489/2/401
f 486/2/400 488/2/402 490/2/403
f 491/2/404 487/2/401 489/2/401
f 492/2/405 490/2/403 488/2/402
f 487/2/401 491/2/404 493/2/404
f 490/2/403 492/2/405 494/2/406
f 495/2/407 493/2/404 491/2/404
f 496/2/408 494/2/406 492/2/405
f 493/2/404 495/2/407 497/2/409
f 494/2/406 496/2/408 498/2/410
f 499/2/411 497/2/409 495/2/407
f 500/2/412 498/2/410 496/2/408
f 497/2/409 499/2/411 501/2/411
f 498/2/410 500/2/412 502/2/413
f 503/2/414 501/2/411 499/2/411
f 504/2/415 502/2/413 500/2/412
f 501/2/411 503/2/414 505/2/416
f 502/2/413 504/2/415 506/2/417
f 507/2/418 505/2/416 503/2/414
f 508/2/419 506/2/417 504/2/415
f 507/2/418 503/2/414 509/2/420
f 506/2/417 508/2/419 510/2/421
f 511/2/422 507/2/418 509/2/420
f 508/2/419 512/2/423 510/2/421
f 511/2/422 509/2/420 513/2/424
f 512/2/423 508/2/419 514/2/425
f 515/2/426 511/2/422 513/2/424
f 516/2/427 512/2/423 514/2/425
f 515/2/426 513/2/424 517/2/428
f 516/2/427 514/2/425 518/2/429
f 519/2/430 515/2/426 517/2/428
f 520/2/431 516/2/427 518/2/429
f 517/2/428 521/2/432 519/2/430
f 520/2/431 518/2/429 522/2/433
f 523/2/434 519/2/430 521/2/432
f 524/2/435 520/2/431 522/2/433
f 521/2/432 525/2/436 523/2/434
f 524/2/435 522/2/433 526/2/435
f 525/2/436 527/2/437 523/2/434
f 528/2/438 524/2/435 526/2/435
f 527/2/437 525/2/436 529/2/439
f 528/2/438 526/2/435 530/2/440
f 529/2/439 531/2/441 527/2/437
f 532/2/442 528/2/438 530/2/440
f 531/2/441 529/2/439 533/2/443
f 532/2/442 530/2/440 534/2/444
f 535/2/445 532/2/442 534/2/444
f 532/2/442 535/2/445 536/2/446
f 537/2/447 531/2/441 533/2/443
f 537/2/447 533/2/443 538/2/448
f 539/2/449 537/2/447 538/2/448
f 537/2/447 539/2/449 540/2/450
f 541/2/451 540/2/450 539/2/449
f 540/2/450 541/2/451 542/2/452
f 541/2/451 543/2/453 542/2/452
f 541/2/451 544/2/453 543/2/453
f 544/2/453 545/2/454 543/2/453
f 544/2/453 546/2/455 545/2/454
f 547/2/456 548/2/457 549/2/458
f 548/2/457 547/2/456 331/2/256
f 331/2/256 330/2/255 548/2/457
f 549/2/458 550/2/459 547/2/456
f 551/2/460 331/2/256 547/2/456
f 547/2/456 552/2/461 551/2/460
f 552/2/461 547/2/456 550/2/459
f 331/2/256 551/2/460 333/2/258
f 550/2/459 553/2/462 552/2/461
f 550/2/459 549/2/458 554/2/463
f 553/2/462 550/2/459 555/2/464
f 554/2/463 555/2/464 550/2/459
f 555/2/464 556/2/465 553/2/462
f 555/2/464 554/2/463 557/2/466
f 556/2/465 555/2/464 558/2/467
f 557/2/466 558/2/467 555/2/464
f 558/2/467 559/2/468 556/2/465
f 558/2/467 557/2/466 560/2/469
f 559/2/468 558/2/467 561/2/470
f 560/2/469 561/2/470 558/2/467
f 561/2/470 562/2/471 559/2/468
f 561/2/470 560/2/469 563/2/472
f 562/2/471 561/2/470 564/2/473
f 563/2/472 564/2/473 561/2/470
f 564/2/473 565/2/474 562/2/471
f 564/2/473 563/2/472 566/2/475
f 565/2/474 564/2/473 567/2/476
f 566/2/475 567/2/476 564/2/473
f 567/2/476 568/2/477 565/2/474
f 567/2/476 566/2/475 569/2/478
f 568/2/477 567/2/476 570/2/479
f 569/2/478 570/2/479 567/2/476
f 570/2/479 571/2/480 568/2/477
f 570/2/479 569/2/478 572/2/481
f 571/2/480 570/2/479 573/2/482
f 572/2/481 573/2/482 570/2/479
f 573/2/482 574/2/483 571/2/480
f 573/2/482 572/2/481 575/2/484
f 574/2/483 573/2/482 576/2/485
f 575/2/484 576/2/485 573/2/482
f 576/2/485 577/2/486 574/2/483
f 576/2/485 575/2/484 578/2/487
f 578/2/487 579/2/488 576/2/485
f 577/2/486 576/2/485 579/2/488
f 579/2/488 578/2/487 580/2/489
f 581/2/490 579/2/488 580/2/489
f 582/2/491 577/2/486 579/2/488
f 579/2/488 581/2/490 582/2/491
f 577/2/486 582/2/491 95/2/69
f 99/2/73 582/2/491 581/2/490
f 96/2/70 95/2/69 582/2/491
f 582/2/491 99/2/73 96/2/70
f 583/2/492 584/2/493 585/2/494
f 584/2/493 583/2/492 586/2/492
f 587/2/495 585/2/494 584/2/493
f 587/2/495 584/2/493 588/2/495
f 432/2/347 433/2/348 589/2/496
f 589/2/496 437/2/352 432/2/347
f 437/2/352 589/2/496 590/2/497
f 589/2/496 591/2/498 590/2/497
f 433/2/348 592/2/499 589/2/496
f 591/2/498 589/2/496 592/2/499
f 592/2/499 433/2/348 593/2/500
f 594/2/501 591/2/498 592/2/499
f 593/2/500 594/2/501 592/2/499
f 591/2/498 594/2/501 595/2/502
f 593/2/500 596/2/503 594/2/501
f 595/2/502 594/2/501 597/2/504
f 597/2/504 594/2/501 596/2/503
f 598/2/505 595/2/502 597/2/504
f 596/2/503 599/2/506 597/2/504
f 599/2/506 598/2/505 597/2/504
f 598/2/505 599/2/506 600/2/507
f 601/18/64 602/14/64 603/23/64
f 601/18/64 603/23/64 604/24/64
f 605/2/508 606/2/509 607/2/510
f 607/2/510 608/2/511 605/2/508
f 608/2/511 607/2/510 609/2/512
f 608/2/511 610/2/513 605/2/508
f 606/2/509 605/2/508 611/2/514
f 611/2/514 605/2/508 610/2/513
f 611/2/514 612/2/515 606/2/509
f 613/2/516 611/2/514 610/2/513
f 612/2/515 611/2/514 614/2/517
f 614/2/517 611/2/514 613/2/516
f 614/2/517 615/2/518 612/2/515
f 613/2/516 616/2/519 614/2/517
f 615/2/518 614/2/517 616/2/519
f 616/2/519 613/2/516 617/2/520
f 616/2/519 618/2/521 615/2/518
f 617/2/520 619/2/522 616/2/519
f 618/2/521 616/2/519 619/2/522
f 619/2/522 617/2/520 620/2/523
f 619/2/522 621/2/524 618/2/521
f 620/2/523 622/2/525 619/2/522
f 621/2/524 619/2/522 622/2/525
f 622/2/525 620/2/523 623/2/526
f 622/2/525 624/2/527 621/2/524
f 623/2/526 625/2/528 622/2/525
f 624/2/527 622/2/525 625/2/528
f 625/2/528 623/2/526 626/2/529
f 625/2/528 627/2/530 624/2/527
f 626/2/529 628/2/531 625/2/528
f 627/2/530 625/2/528 628/2/531
f 628/2/531 626/2/529 629/2/532
f 628/2/531 630/2/533 627/2/530
f 629/2/532 631/2/534 628/2/531
f 630/2/533 628/2/531 631/2/534
f 631/2/534 629/2/532 632/2/535
f 631/2/534 633/2/536 630/2/533
f 632/2/535 634/2/537 631/2/534
f 633/2/536 631/2/534 634/2/537
f 634/2/537 632/2/535 635/2/538
f 634/2/537 636/2/539 633/2/536
f 635/2/538 637/2/540 634/2/537
f 636/2/539 634/2/537 637/2/540
f 637/2/540 635/2/538 638/2/541
f 637/2/540 639/2/542 636/2/539
f 638/2/541 640/2/543 637/2/540
f 639/2/542 637/2/540 640/2/543
f 640/2/543 638/2/541 641/2/544
f 640/2/543 642/2/545 639/2/542
f 641/2/544 643/2/546 640/2/543
f 642/2/545 640/2/543 643/2/546
f 643/2/546 641/2/544 644/2/547
f 643/2/546 645/2/548 642/2/545
f 644/2/547 646/2/549 643/2/546
f 645/2/548 643/2/546 646/2/549
f 646/2/549 644/2/547 647/2/550
f 646/2/549 648/2/551 645/2/548
f 647/2/550 649/2/552 646/2/549
f 648/2/551 646/2/549 649/2/552
f 649/2/552 647/2/550 650/2/553
f 649/2/552 651/2/554 648/2/551
f 650/2/553 652/2/555 649/2/552
f 651/2/554 649/2/552 652/2/555
f 652/2/555 650/2/553 653/2/556
f 652/2/555 654/2/557 651/2/554
f 653/2/556 655/2/558 652/2/555
f 654/2/557 652/2/555 655/2/558
f 655/2/558 653/2/556 656/2/559
f 657/2/560 655/2/558 656/2/559
f 658/2/561 654/2/557 655/2/558
f 655/2/558 657/2/560 658/2/561
f 654/2/557 658/2/561 659/2/562
f 660/2/563 658/2/561 657/2/560
f 661/2/564 659/2/562 658/2/561
f 658/2/561 660/2/563 661/2/564
f 659/2/562 661/2/564 662/2/565
f 663/2/566 661/2/564 660/2/563
f 664/2/567 662/2/565 661/2/564
f 661/2/564 663/2/566 664/2/567
f 665/2/568 662/2/565 664/2/567
f 666/2/569 664/2/567 663/2/566
f 667/2/570 665/2/568 664/2/567
f 667/2/570 664/2/567 666/2/569
f 668/2/571 665/2/568 667/2/570
f 669/2/572 667/2/570 666/2/569
f 670/2/573 668/2/571 667/2/570
f 669/2/572 670/2/573 667/2/570
f 671/2/574 668/2/571 670/2/573
f 672/2/575 670/2/573 669/2/572
f 673/2/576 671/2/574 670/2/573
f 672/2/575 673/2/576 670/2/573
f 673/2/576 674/2/577 671/2/574
f 672/2/575 675/2/578 673/2/576
f 673/2/576 676/2/579 674/2/577
f 675/2/578 676/2/579 673/2/576
f 676/2/579 677/2/580 674/2/577
f 675/2/578 678/2/581 676/2/579
f 676/2/579 679/2/582 677/2/580
f 678/2/581 679/2/582 676/2/579
f 679/2/582 680/2/583 677/2/580
f 679/2/582 678/2/581 681/2/584
f 680/2/583 679/2/582 682/2/585
f 681/2/584 682/2/585 679/2/582
f 682/2/585 683/2/586 680/2/583
f 681/2/584 684/2/587 682/2/585
f 682/2/585 685/2/588 683/2/586
f 684/2/587 685/2/588 682/2/585
f 685/2/588 686/2/589 683/2/586
f 684/2/587 687/2/590 685/2/588
f 685/2/588 688/2/591 686/2/589
f 687/2/590 688/2/591 685/2/588
f 688/2/591 689/2/592 686/2/589
f 687/2/590 690/2/593 688/2/591
f 688/2/591 691/2/594 689/2/592
f 690/2/593 691/2/594 688/2/591
f 691/2/594 692/2/595 689/2/592
f 691/2/594 693/2/596 692/2/595
f 690/2/593 694/2/597 691/2/594
f 693/2/596 691/2/594 694/2/597
f 694/2/597 690/2/593 695/2/598
f 694/2/597 695/2/598 696/2/599
f 693/2/596 694/2/597 697/2/600
f 694/2/597 696/2/599 697/2/600
f 693/2/596 697/2/600 698/2/601
f 699/2/602 697/2/600 696/2/599
f 698/2/601 697/2/600 700/2/603
f 697/2/600 699/2/602 700/2/603
f 698/2/601 700/2/603 701/2/604
f 699/2/602 702/2/605 700/2/603
f 701/2/604 700/2/603 702/2/605
f 702/2/605 699/2/602 703/2/606
f 701/2/604 702/2/605 704/2/607
f 703/2/606 705/2/608 702/2/605
f 704/2/607 702/2/605 705/2/608
f 705/2/608 703/2/606 706/2/609
f 704/2/607 705/2/608 707/2/610
f 706/2/609 708/2/611 705/2/608
f 707/2/610 705/2/608 708/2/611
f 708/2/611 706/2/609 709/2/612
f 707/2/610 708/2/611 710/2/613
f 709/2/612 711/2/614 708/2/611
f 711/2/614 710/2/613 708/2/611
f 711/2/614 709/2/612 712/2/615
f 710/2/613 711/2/614 713/2/616
f 714/2/617 711/2/614 712/2/615
f 713/2/616 711/2/614 714/2/617
f 712/2/615 715/2/618 714/2/617
f 716/2/619 713/2/616 714/2/617
f 715/2/618 716/2/619 714/2/617
f 716/2/619 715/2/618 717/2/620
f 718/3/58 719/4/621 720/5/59
f 720/5/59 721/6/60 718/3/58
f 719/4/621 718/3/58 722/7/61
f 722/7/61 723/8/61 719/4/621
f 723/8/61 722/7/61 724/9/62
f 724/9/62 725/10/62 723/8/61
f 725/10/62 724/9/62 726/11/63
f 726/11/63 727/12/64 725/10/62
f 727/12/64 726/11/63 728/13/622
f 728/13/622 729/14/65 727/12/64
f 729/14/65 728/13/622 730/15/66
f 730/15/66 731/16/66 729/14/65
f 731/16/66 730/15/66 732/17/68
f 732/17/68 733/18/68 731/16/66
f 733/18/68 732/17/68 734/19/60
f 734/19/60 735/20/59 733/18/68
f 468/2/383 466/2/381 736/2/623
f 468/2/383 737/2/624 467/2/382
f 736/2/623 738/2/625 468/2/383
f 737/2/624 468/2/383 738/2/625
f 738/2/625 736/2/623 739/2/626
f 738/2/625 740/2/627 737/2/624
f 739/2/626 741/2/628 738/2/625
f 740/2/627 738/2/625 741/2/628
f 741/2/628 739/2/626 742/2/629
f 741/2/628 743/2/630 740/2/627
f 742/2/629 744/2/631 741/2/628
f 743/2/630 741/2/628 744/2/631
f 742/2/629 745/2/632 744/2/631
f 744/2/631 746/2/633 743/2/630
f 745/2/632 747/2/634 744/2/631
f 744/2/631 747/2/634 746/2/633
f 745/2/632 748/2/635 747/2/634
f 747/2/634 749/2/636 746/2/633
f 748/2/635 750/2/637 747/2/634
f 747/2/634 750/2/637 749/2/636
f 748/2/635 751/2/638 750/2/637
f 752/2/639 749/2/636 750/2/637
f 753/2/640 750/2/637 751/2/638
f 750/2/637 753/2/640 752/2/639
f 751/2/638 754/2/641 753/2/640
f 755/2/642 752/2/639 753/2/640
f 756/2/643 753/2/640 754/2/641
f 753/2/640 756/2/643 755/2/642
f 754/2/641 757/2/644 756/2/643
f 758/2/645 755/2/642 756/2/643
f 759/2/646 756/2/643 757/2/644
f 756/2/643 759/2/646 758/2/645
f 757/2/644 760/2/647 759/2/646
f 758/2/645 759/2/646 761/2/648
f 759/2/646 760/2/647 762/2/649
f 761/2/648 759/2/646 762/2/649
f 762/2/649 760/2/647 763/2/650
f 762/2/649 764/2/651 761/2/648
f 763/2/650 765/2/652 762/2/649
f 764/2/651 762/2/649 765/2/652
f 765/2/652 763/2/650 766/2/653
f 765/2/652 767/2/654 764/2/651
f 766/2/653 768/2/655 765/2/652
f 767/2/654 765/2/652 768/2/655
f 768/2/655 766/2/653 769/2/656
f 768/2/655 770/2/657 767/2/654
f 769/2/656 771/2/658 768/2/655
f 770/2/657 768/2/655 771/2/658
f 771/2/658 769/2/656 772/2/659
f 773/2/660 770/2/657 771/2/658
f 774/2/661 771/2/658 772/2/659
f 774/2/661 773/2/660 771/2/658
f 775/2/662 774/2/661 772/2/659
f 776/2/663 773/2/660 774/2/661
f 777/2/664 774/2/661 775/2/662
f 777/2/664 776/2/663 774/2/661
f 778/2/665 777/2/664 775/2/662
f 779/2/666 776/2/663 777/2/664
f 780/2/667 777/2/664 778/2/665
f 780/2/667 779/2/666 777/2/664
f 781/2/668 780/2/667 778/2/665
f 782/2/669 779/2/666 780/2/667
f 783/2/670 780/2/667 781/2/668
f 783/2/670 782/2/669 780/2/667
f 781/2/668 784/2/671 783/2/670
f 785/2/672 782/2/669 783/2/670
f 786/2/673 783/2/670 784/2/671
f 783/2/670 786/2/673 785/2/672
f 784/2/671 787/2/674 786/2/673
f 788/2/675 785/2/672 786/2/673
f 788/2/675 786/2/673 787/2/674
f 785/2/672 788/2/675 789/2/676
f 787/2/674 790/2/677 788/2/675
f 791/2/678 789/2/676 788/2/675
f 790/2/677 791/2/678 788/2/675
f 789/2/676 791/2/678 792/2/679
f 790/2/677 793/2/680 791/2/678
f 793/2/680 792/2/679 791/2/678
f 792/2/679 793/2/680 794/2/681
f 795/2/682 796/2/683 797/2/684
f 796/2/683 795/2/682 798/2/682
f 799/2/685 797/2/684 796/2/683
f 799/2/685 796/2/683 800/2/685
o RenderMesh_106853496696929
v -1.941853 0.158092 0.040542
v -1.941853 0.174885 0.000001
v -1.941853 0.158523 0.000001
v -1.941853 0.158092 -0.040540
v -1.941853 0.146522 0.028972
v -1.941853 0.117551 0.057335
v -1.941853 0.117551 0.040972
v -1.941853 0.146522 -0.028970
v -1.941853 0.117551 -0.057333
v -1.941853 0.117551 -0.040970
v -1.941853 0.077011 -0.040540
v -1.941853 0.088580 -0.028970
v -1.941853 0.060218 0.000001
v -1.941853 0.076580 0.000001
v -1.941853 0.088580 0.028972
v -1.941853 0.077011 0.040542
v -1.941853 0.117551 0.040972
v -1.941853 0.117551 0.057335
v -1.756531 0.076580 0.000001
v -1.756531 0.117551 0.040972
v -1.756531 0.146522 0.028972
v -1.756531 0.088580 0.028972
v -1.756531 0.146522 -0.028970
v -1.756531 0.158523 0.000001
v -1.756531 0.117551 -0.040970
v -1.756531 0.088580 -0.028970
v -1.288754 0.148779 -0.031227
v -1.738895 0.148779 -0.031226
v -1.288754 0.161713 0.000001
v -1.738895 0.161713 0.000001
v -1.738895 0.117551 -0.044161
v -1.288754 0.148779 0.031228
v -1.288754 0.117551 -0.044162
v -1.738895 0.148779 0.031228
v -1.738895 0.086324 -0.031226
v -1.288754 0.117551 0.044162
v -1.288754 0.086324 -0.031227
v -1.738895 0.117551 0.044163
v -1.288754 0.073389 0.000001
v -1.288754 0.086324 0.031228
v -1.738895 0.073389 0.000001
v -1.738895 0.086324 0.031228
v -1.300687 0.073242 0.000001
v -1.300687 0.117237 -0.043994
v -1.300687 0.086128 -0.031109
v -1.300687 0.086128 0.031110
v -1.300687 0.148347 0.031110
v -1.300687 0.117237 0.043996
v -1.300687 0.148347 -0.031109
v -1.300687 0.161233 0.000001
v -1.300687 0.161233 0.000001
v -1.259889 0.184797 0.000000
v -1.300687 0.148347 -0.031109
v -1.300687 0.148347 0.031110
v -1.259889 0.165009 -0.047771
v -1.259889 0.165009 0.047772
v -1.259889 0.117237 -0.067559
v -1.259889 0.117237 0.067560
v -1.300687 0.117237 -0.043994
v -1.300687 0.117237 0.043996
v -1.300687 0.086128 -0.031109
v -1.300687 0.086128 0.031110
v -1.259889 0.069466 -0.047771
v -1.259889 0.069466 0.047772
v -1.259889 0.049678 0.000000
v -1.300687 0.073242 0.000001
v -1.266834 0.021703 0.000001
v -1.266834 0.117237 -0.095534
v -1.266834 0.049684 -0.067553
v -1.266834 0.184791 -0.067553
v -1.266834 0.212772 0.000001
v -1.266834 0.184791 0.067554
v -1.266834 0.117237 0.095536
v -1.266834 0.049684 0.067554
v -1.226791 0.187588 0.107055
v -1.226791 -0.051172 0.062406
v -1.226791 -0.026758 0.107055
v -1.226791 -0.051172 -0.062406
v -1.226791 0.187588 -0.107055
v -1.226791 -0.026758 -0.107055
v -1.226791 0.290479 -0.062406
v -1.226791 0.290479 0.062406
v -1.176422 0.359562 -0.002268
v -1.183098 0.321193 0.008945
v -1.176422 0.359562 0.002269
v -1.183098 0.321193 -0.008944
v -1.205458 0.320168 0.027210
v -1.205458 0.280579 -0.027209
v -1.205458 0.280579 0.027210
v -1.205458 0.320168 -0.027209
v -1.205458 0.267012 -0.027209
v -1.205458 0.267012 0.027210
v -1.205458 0.429276 -0.049750
v -1.205458 0.435813 0.000001
v -1.205458 0.449884 0.000001
v -1.205458 0.429276 0.049751
v -1.205458 0.419327 -0.039801
v -1.205458 0.419327 0.039802
v -1.205458 0.379526 -0.056286
v -1.205458 0.379526 0.056287
v -1.205458 0.379526 -0.070358
v -1.205458 0.379526 0.070359
v -1.205458 0.339725 -0.039801
v -1.205458 0.339725 0.039802
v -1.205458 0.329775 -0.049750
v -1.205458 0.329775 0.049751
v -1.205458 0.323239 0.000001
v -1.205458 0.309168 0.000001
v -1.133508 0.248101 -0.055921
v -1.133508 0.282183 -0.021668
v -1.133508 0.269672 -0.049325
v -1.133508 0.248101 0.055300
v -1.133508 0.282183 0.021048
v -1.133508 0.269672 0.048705
v 1.025928 0.272594 0.112640
v 1.025928 0.272594 -0.112640
v 0.944085 0.272594 0.112640
v 0.944085 0.272594 -0.112640
v 1.059716 0.208094 0.112640
v 1.059716 0.208094 -0.112640
v 1.033005 0.119896 -0.112640
v 1.033005 0.119896 0.112640
v 1.013386 -0.032802 -0.112640
v 1.013386 -0.032802 0.112640
v 1.033005 -0.185500 -0.112640
v 1.033005 -0.185500 0.112640
v 1.059716 -0.273698 -0.112640
v 1.059716 -0.273698 0.112640
v 1.025928 -0.338197 0.112640
v 1.025928 -0.338197 -0.112640
v 0.944085 -0.338197 -0.112640
v 0.944085 -0.338197 0.112640
v 0.919251 -0.305913 0.112640
v 0.919251 -0.305913 -0.112640
v -0.885683 0.046328 -0.123388
v -0.875499 0.085168 -0.147003
v -0.860454 0.046833 -0.147853
v -0.895587 0.071906 -0.123388
v -0.915687 0.102037 -0.123388
v -0.906833 0.121161 -0.143806
v -0.885683 0.046328 0.123388
v -0.875499 0.085168 0.147003
v -0.895586 0.071906 0.123388
v -0.860454 0.046833 0.147853
v -0.915687 0.102037 0.123388
v -0.906833 0.121161 0.143807
v 0.885657 -0.190804 0.134851
v 0.883056 -0.243152 0.119230
v 0.906659 -0.200125 0.119230
v 0.862054 -0.233832 0.134851
v 0.885657 -0.190804 -0.134852
v 0.883056 -0.243152 -0.119231
v 0.862054 -0.233832 -0.134852
v 0.906659 -0.200125 -0.119231
v -0.998585 0.092782 0.107753
v -1.000163 0.047180 0.123388
v -1.013527 0.092218 0.123388
v -0.998585 0.092782 -0.107753
v -1.013527 0.092218 -0.123388
v -1.000163 0.047180 -0.123388
v 0.941961 -0.114808 -0.134852
v 0.906659 -0.200125 -0.119231
v 0.885657 -0.190804 -0.134852
v 0.958731 -0.130515 -0.119232
v 0.906659 -0.200125 0.119230
v 0.941961 -0.114808 0.134851
v 0.885657 -0.190804 0.134851
v 0.958731 -0.130515 0.119230
v 0.819673 -0.027248 0.123063
v 0.825270 -0.026569 0.119230
v 0.825340 -0.008614 0.119230
v 0.819673 -0.027248 -0.123064
v 0.825340 -0.008614 -0.119231
v 0.825270 -0.026569 -0.119231
v 0.862765 -0.288580 -0.135195
v 0.883056 -0.243152 -0.119231
v 0.884785 -0.280421 -0.119231
v 0.862054 -0.233832 -0.134852
v 0.898898 -0.295698 -0.119231
v 0.862765 -0.288580 -0.135195
v 0.890440 -0.316413 -0.134442
v 0.862054 -0.233832 0.134851
v 0.862765 -0.288580 0.135193
v 0.883056 -0.243152 0.119230
v 0.884785 -0.280421 0.119230
v 0.862765 -0.288580 0.135193
v 0.898898 -0.295698 0.119230
v 0.890440 -0.316413 0.134441
v -1.043774 0.002397 -0.095928
v -0.981882 -0.056420 -0.123388
v -0.978268 -0.029823 -0.095928
v -1.065840 -0.012886 -0.123388
v -1.081175 0.058631 -0.095928
v -1.105621 0.051462 -0.123388
v -1.092255 0.130852 -0.095928
v -1.117684 0.139444 -0.123388
v -0.981882 -0.056420 0.123388
v -1.065840 -0.012886 0.123388
v -1.043774 0.002397 0.095928
v -0.978268 -0.029823 0.095928
v -1.081175 0.058631 0.095928
v -1.105621 0.051462 0.123388
v -1.092255 0.130852 0.095928
v -1.117684 0.139444 0.123388
v 0.825270 -0.026569 -0.119231
v 0.830823 -0.035929 -0.119231
v 0.824569 -0.040399 -0.124458
v 0.819673 -0.027248 -0.123064
v 0.819673 -0.027248 0.123063
v 0.824569 -0.040399 0.124457
v 0.825270 -0.026569 0.119230
v 0.830823 -0.035929 0.119230
v -1.078737 0.198802 -0.123388
v -1.092255 0.130852 -0.095928
v -1.058874 0.180749 -0.095928
v -1.117684 0.139444 -0.123388
v -0.961155 0.233116 -0.095928
v -0.964871 0.259700 -0.123388
v -1.117684 0.139444 0.123388
v -1.078737 0.214597 0.123388
v -1.058874 0.196544 0.095928
v -1.092255 0.130852 0.095928
v -0.964871 0.259700 0.123388
v -0.961155 0.233116 0.095928
v 0.993781 0.154260 0.119230
v 0.994882 0.049644 0.092786
v 0.960224 0.131314 0.091596
v 1.033763 0.048412 0.119230
v 0.994882 0.049644 -0.092787
v 0.993781 0.154260 -0.119231
v 0.960224 0.131314 -0.091597
v 1.033763 0.048412 -0.119232
v -0.960090 0.150122 -0.123388
v -0.987826 0.118903 -0.105166
v -0.956243 0.131736 -0.103886
v -1.000824 0.130326 -0.123388
v -1.013527 0.092218 -0.123388
v -0.998585 0.092782 -0.107753
v -0.960090 0.150122 0.123388
v -0.987825 0.118903 0.105166
v -1.000824 0.130326 0.123388
v -0.956243 0.131736 0.103886
v -1.013527 0.092218 0.123388
v -0.998585 0.092782 0.107753
v 1.033763 0.048412 -0.119232
v 0.990169 -0.038160 -0.092787
v 1.024285 -0.056849 -0.119232
v 0.994882 0.049644 -0.092787
v 0.948738 -0.109194 -0.092787
v 0.978305 -0.134474 -0.119232
v 0.748570 0.009439 -0.141537
v 0.767364 -0.045527 -0.119231
v 0.734723 -0.048860 -0.141537
v 0.777296 -0.006415 -0.119231
v 0.799429 0.023117 -0.119231
v 0.779098 0.048870 -0.141537
v 0.779098 0.048870 -0.141537
v 0.833221 0.035437 -0.119231
v 0.836274 0.062523 -0.137761
v 0.748570 0.009439 0.141535
v 0.767364 -0.045527 0.119230
v 0.777296 -0.006415 0.119230
v 0.734723 -0.048860 0.141535
v 0.799429 0.023117 0.119230
v 0.779098 0.048870 0.141535
v 0.833221 0.035437 0.119230
v 0.779098 0.048870 0.141535
v 0.836274 0.062523 0.137760
v 0.907307 -0.001085 0.119230
v 0.881555 0.032803 0.103228
v 0.901137 0.045866 0.119230
v 0.889248 -0.001437 0.106952
v 0.881555 0.032803 -0.103229
v 0.889248 -0.001437 -0.106953
v 0.907307 -0.001085 -0.119231
v 0.901137 0.045866 -0.119231
v 0.402385 -0.457645 -0.106206
v 0.402385 -0.457645 0.106202
v 0.337980 -0.504475 0.106202
v 0.411079 -0.357613 -0.106206
v 0.337980 -0.504475 -0.106206
v 0.411079 -0.357613 0.106202
v 0.086419 -0.523472 -0.106206
v 0.249441 -0.157328 -0.106206
v 0.086419 -0.523472 0.106202
v 0.061898 -0.514428 0.106202
v 0.061898 -0.514428 -0.106206
v 0.249441 -0.157328 0.106202
v 0.245465 -0.113589 -0.106206
v 0.245465 -0.113589 0.106202
v 0.278877 -0.055797 -0.106206
v 0.278877 -0.055797 0.106202
v 0.978763 -0.300436 0.119230
v 0.929727 -0.321893 0.104020
v 0.960171 -0.294076 0.105873
v 0.933428 -0.343960 0.119230
v 0.962446 -0.266747 0.107577
v 0.978763 -0.300436 0.119230
v 0.978276 -0.260168 0.119230
v 0.962446 -0.266747 0.107577
v 0.933737 -0.232151 0.119230
v 0.978763 -0.300436 -0.119231
v 0.929727 -0.321893 -0.104021
v 0.933428 -0.343960 -0.119231
v 0.960171 -0.294076 -0.105874
v 0.978763 -0.300436 -0.119231
v 0.962446 -0.266747 -0.107579
v 0.978276 -0.260168 -0.119231
v 0.933737 -0.232151 -0.119231
v 0.962446 -0.266747 -0.107579
v 0.820357 -0.113029 0.119230
v 0.757777 -0.106308 0.141535
v 0.810849 -0.144432 0.141535
v 0.781034 -0.083163 0.119230
v 0.734723 -0.048860 0.141535
v 0.767364 -0.045527 0.119230
v 0.820357 -0.113029 -0.119231
v 0.757777 -0.106308 -0.141537
v 0.781034 -0.083163 -0.119231
v 0.810849 -0.144432 -0.141537
v 0.734723 -0.048860 -0.141537
v 0.767364 -0.045527 -0.119231
v -0.885683 0.046328 -0.123388
v -0.874150 0.013137 -0.150848
v -0.899412 0.025316 -0.123388
v -0.860454 0.046833 -0.147853
v -0.874150 0.013137 -0.150848
v -0.919620 -0.024759 -0.150848
v -0.935464 -0.001618 -0.123388
v -0.978268 -0.029823 -0.150848
v -0.974033 -0.002100 -0.123388
v 0.595548 0.147337 -0.127702
v 0.548344 0.173598 -0.119231
v 0.598692 0.159393 -0.119231
v 0.630310 0.159028 -0.119231
v 0.633305 0.139331 -0.132775
v 0.676084 0.162184 -0.119231
v 0.686898 0.145451 -0.132775
v 0.744202 0.189816 -0.119231
v 0.755686 0.168937 -0.135430
v 0.830784 0.215466 -0.119231
v 0.832849 0.181686 -0.142238
v 0.915080 0.165734 -0.144234
v 0.931500 0.198645 -0.119231
v 0.960224 0.131314 -0.146867
v 0.993781 0.154260 -0.119231
v 0.994882 0.049644 -0.145676
v 1.033763 0.048412 -0.119232
v 0.990169 -0.038160 -0.145676
v 1.024285 -0.056849 -0.119232
v 0.948738 -0.109194 -0.145676
v 0.978305 -0.134474 -0.119232
v 0.888756 -0.171299 -0.119231
v 0.880912 -0.139439 -0.141537
v 0.595548 0.147337 0.127701
v 0.598692 0.159393 0.119230
v 0.548344 0.173598 0.119230
v 0.630310 0.159028 0.119230
v 0.633305 0.139331 0.132774
v 0.676084 0.162184 0.119230
v 0.686898 0.145451 0.132774
v 0.744202 0.189816 0.119230
v 0.755686 0.168937 0.135429
v 0.830784 0.215466 0.119230
v 0.832849 0.181686 0.142237
v 0.915080 0.165734 0.144233
v 0.931500 0.198645 0.119230
v 0.960224 0.131314 0.146865
v 0.993781 0.154260 0.119230
v 0.994882 0.049644 0.145675
v 1.033763 0.048412 0.119230
v 0.990169 -0.038160 0.145675
v 1.024285 -0.056849 0.119230
v 0.948738 -0.109194 0.145675
v 0.978305 -0.134474 0.119230
v 0.888756 -0.171299 0.119230
v 0.880912 -0.139439 0.141535
v -0.885683 0.046328 0.123388
v -0.874149 0.013137 0.150848
v -0.860454 0.046833 0.147853
v -0.899412 0.025316 0.123388
v -0.919620 -0.024759 0.150848
v -0.874149 0.013137 0.150848
v -0.935464 -0.001618 0.123388
v -0.978268 -0.029823 0.150848
v -0.974032 -0.002100 0.123388
v 0.906659 -0.200125 0.119230
v 0.883056 -0.243152 0.119230
v 0.885657 -0.190804 0.103610
v 0.862054 -0.233832 0.103610
v 0.883056 -0.243152 -0.119231
v 0.906659 -0.200125 -0.119231
v 0.885657 -0.190804 -0.103611
v 0.862054 -0.233832 -0.103611
v 0.381209 0.245831 0.107055
v 0.381209 0.290479 -0.062406
v 0.381209 0.290479 0.062406
v 0.381209 0.245831 -0.107055
v 0.381209 -0.096361 0.107055
v 0.381209 -0.096361 -0.107055
v 0.381209 -0.141010 -0.062406
v 0.381209 -0.141010 0.062406
v 0.941961 -0.114808 0.103610
v 0.906659 -0.200125 0.119230
v 0.885657 -0.190804 0.103610
v 0.958731 -0.130515 0.119230
v 0.906659 -0.200125 -0.119231
v 0.958731 -0.130515 -0.119232
v 0.941961 -0.114808 -0.103611
v 0.885657 -0.190804 -0.103611
v -0.431004 -0.187372 -0.108144
v -0.431004 -0.187372 0.108144
v -0.425544 -0.155842 0.108144
v -0.425544 -0.155842 -0.108144
v 0.990169 -0.038160 0.092786
v 1.033763 0.048412 0.119230
v 1.024285 -0.056849 0.119230
v 0.994882 0.049644 0.092786
v 0.948738 -0.109194 0.092786
v 0.978305 -0.134474 0.119230
v 0.888756 -0.171299 0.119230
v 0.948738 -0.109194 0.092786
v 0.880912 -0.139439 0.096925
v 0.306002 0.329775 0.049751
v 0.357179 0.379526 0.070358
v 0.306002 0.379526 0.070358
v 0.357179 0.329775 0.049751
v 0.306002 0.309168 -0.000000
v 0.357179 0.309168 -0.000000
v 0.306002 0.329775 -0.049751
v 0.357179 0.329775 -0.049751
v 0.306002 0.379526 -0.070358
v 0.357179 0.379526 -0.070358
v 0.306002 0.429277 -0.049751
v 0.357179 0.429277 -0.049751
v 0.306002 0.449884 -0.000000
v 0.357179 0.449884 -0.000000
v 0.306002 0.429277 0.049751
v 0.357179 0.429277 0.049751
v 0.306002 0.379526 0.070358
v 0.357179 0.379526 0.070358
v -1.205458 0.379526 0.070359
v -1.205458 0.329775 0.049751
v -1.143484 0.379526 0.070359
v -1.143484 0.329775 0.049751
v -1.205458 0.309168 0.000001
v -1.143484 0.309168 0.000001
v -1.205458 0.329775 -0.049750
v -1.143484 0.329775 -0.049750
v -1.205458 0.379526 -0.070358
v -1.143484 0.379526 -0.070358
v -1.205458 0.429276 -0.049750
v -1.143484 0.429276 -0.049750
v -1.205458 0.449884 0.000001
v -1.143484 0.449884 0.000001
v -1.205458 0.429276 0.049751
v -1.143484 0.429276 0.049751
v -1.205458 0.379526 0.070359
v -1.143484 0.379526 0.070359
v -1.205458 0.379526 0.056287
v -1.143484 0.339725 0.039802
v -1.205458 0.339725 0.039802
v -1.143484 0.379526 0.056287
v -1.205458 0.323239 0.000001
v -1.143484 0.323239 0.000001
v -1.205458 0.339725 -0.039801
v -1.143484 0.339725 -0.039801
v -1.205458 0.379526 -0.056286
v -1.143484 0.379526 -0.056286
v -1.205458 0.419327 -0.039801
v -1.143484 0.419327 -0.039801
v -1.143484 0.435813 0.000001
v -1.205458 0.435813 0.000001
v -1.143484 0.419327 0.039802
v -1.205458 0.419327 0.039802
v -1.143484 0.379526 0.056287
v -1.205458 0.379526 0.056287
v 0.357179 0.309168 -0.000000
v 0.357179 0.339725 -0.039801
v 0.357179 0.323240 -0.000000
v 0.357179 0.339725 0.039801
v 0.357179 0.329775 -0.049751
v 0.357179 0.329775 0.049751
v 0.357179 0.379526 -0.056287
v 0.357179 0.379526 0.056287
v 0.357179 0.379526 -0.070358
v 0.357179 0.379526 0.070358
v 0.357179 0.429277 -0.049751
v 0.357179 0.429277 0.049751
v 0.357179 0.419327 -0.039801
v 0.357179 0.419327 0.039801
v 0.357179 0.435813 -0.000000
v 0.357179 0.449884 -0.000000
v 0.357179 0.319155 0.027209
v 0.357179 0.280406 0.027209
v 0.357179 0.319155 -0.027209
v 0.357179 0.280406 -0.027209
v -1.171885 0.359562 0.002269
v -1.171885 0.359562 -0.002268
v -1.176422 0.359562 0.002269
v -1.176422 0.359562 -0.002268
v 0.283269 -0.346624 -0.094720
v 0.268069 -0.348376 -0.094720
v 0.265050 -0.337111 -0.104951
v 0.289388 -0.335120 -0.106150
v 0.248874 -0.362484 -0.094720
v 0.265050 -0.337111 -0.104951
v 0.289388 -0.335120 0.106150
v 0.265050 -0.337111 0.104950
v 0.283269 -0.346624 0.094720
v 0.268069 -0.348376 0.094720
v 0.265050 -0.337111 0.104950
v 0.248874 -0.362484 0.094720
v 0.738406 0.079290 -0.119231
v 0.678947 0.050291 -0.119231
v 0.677398 0.069700 -0.139086
v 0.728753 0.091046 -0.134743
v 0.795394 0.130344 -0.119231
v 0.738406 0.079290 -0.119231
v 0.577566 0.089866 0.133458
v 0.582789 0.102804 0.119230
v 0.521929 0.136775 0.119230
v 0.628584 0.067880 0.139086
v 0.627035 0.087290 0.119230
v 0.678947 0.050291 0.119230
v 0.738406 0.079290 0.119230
v 0.677398 0.069700 0.139086
v 0.728753 0.091046 0.134742
v 0.738406 0.079290 0.119230
v 0.795394 0.130344 0.119230
v 0.577566 0.089866 -0.133458
v 0.521929 0.136775 -0.119231
v 0.582789 0.102804 -0.119231
v 0.628584 0.067880 -0.139086
v 0.627035 0.087290 -0.119231
v -0.961155 0.233116 0.150848
v -0.880906 0.182646 0.123388
v -0.863221 0.204413 0.150848
v -0.957732 0.205280 0.123388
v -0.788807 0.124190 0.150848
v -0.806541 0.102916 0.123388
v -0.719139 0.038034 0.123388
v -0.698019 0.056486 0.150848
v -0.622607 -0.002104 0.123388
v -0.616931 0.024648 0.150848
v 0.931500 0.198645 0.119230
v 0.960224 0.131314 0.091596
v 0.915080 0.165734 0.094228
v 0.993781 0.154260 0.119230
v 0.960224 0.131314 -0.091597
v 0.931500 0.198645 -0.119231
v 0.915080 0.165734 -0.094229
v 0.993781 0.154260 -0.119231
v 0.842323 -0.052264 -0.126165
v 0.830823 -0.035929 -0.119231
v 0.843434 -0.042126 -0.119231
v 0.824569 -0.040399 -0.124458
v 0.830823 -0.035929 0.119230
v 0.842323 -0.052264 0.126164
v 0.843434 -0.042126 0.119230
v 0.824569 -0.040399 0.124457
v 0.907307 -0.001085 0.119230
v 0.880516 -0.046288 0.119230
v 0.889248 -0.001437 0.106952
v 0.872084 -0.038035 0.111209
v 0.842323 -0.052264 0.112297
v 0.841213 -0.062403 0.119230
v -1.226791 0.290479 0.062406
v -1.122791 0.290479 0.062406
v -1.122791 0.290479 -0.062406
v -1.226791 0.290479 -0.062406
v 0.277209 0.290479 0.062406
v 0.381209 0.290479 0.062406
v 0.381209 0.290479 -0.062406
v 0.277209 0.290479 -0.062406
v 0.880516 -0.046288 -0.119231
v 0.907307 -0.001085 -0.119231
v 0.889248 -0.001437 -0.106953
v 0.872084 -0.038035 -0.111211
v 0.842323 -0.052264 -0.112299
v 0.841213 -0.062403 -0.119231
v 0.277237 0.282183 -0.021669
v -1.133508 0.269672 -0.049325
v -1.133508 0.282183 -0.021668
v 0.277237 0.269672 -0.049326
v 0.277237 0.282183 0.021047
v -1.133508 0.282183 0.021048
v 0.277237 0.269672 0.048704
v -1.133508 0.269672 0.048705
v 0.301938 -0.433120 0.094720
v 0.315623 -0.393616 0.080902
v 0.330528 -0.398712 0.094720
v 0.293407 -0.417623 0.079202
v 0.255717 -0.423533 0.076384
v 0.252961 -0.444254 0.094720
v 0.301938 -0.433120 -0.094720
v 0.330528 -0.398712 -0.094720
v 0.315623 -0.393616 -0.080903
v 0.293407 -0.417623 -0.079202
v 0.255717 -0.423533 -0.076385
v 0.252961 -0.444254 -0.094720
v -0.961155 0.233116 -0.150848
v -0.847611 0.200187 -0.150848
v -0.957732 0.205280 -0.123388
v -0.861957 0.176088 -0.123388
v -0.758436 0.097949 -0.150848
v -0.779556 0.079498 -0.123388
v -0.626256 0.004850 -0.123388
v -0.616896 0.030546 -0.150848
v -0.521279 0.001848 -0.123388
v -0.616896 0.030546 -0.150848
v -0.523583 0.021282 -0.142550
v -0.098501 -0.244952 0.108144
v -0.431004 -0.187372 0.108144
v -0.098501 -0.244952 -0.108144
v -0.431004 -0.187372 -0.108144
v 0.839326 0.089608 0.119230
v 0.901137 0.045866 0.119230
v 0.836274 0.062523 0.100701
v 0.881555 0.032803 0.103228
v 0.901137 0.045866 -0.119231
v 0.836274 0.062523 -0.100702
v 0.881555 0.032803 -0.103229
v 0.839326 0.089608 -0.119231
v 0.221847 -0.277091 -0.094720
v 0.228126 -0.350345 -0.094720
v 0.209110 -0.344112 -0.112274
v 0.207108 -0.274960 -0.107783
v 0.207109 -0.274960 0.107783
v 0.209110 -0.344112 0.112274
v 0.221847 -0.277091 0.094720
v 0.228126 -0.350345 0.094720
v 0.888756 -0.171299 -0.119231
v 0.948738 -0.109194 -0.092787
v 0.880912 -0.139439 -0.096927
v 0.978305 -0.134474 -0.119232
v 0.582789 0.102804 0.119230
v 0.577566 0.089866 0.105003
v 0.521929 0.136775 0.119230
v 0.582789 0.102804 -0.119231
v 0.521929 0.136775 -0.119231
v 0.577566 0.089866 -0.105004
v -0.906833 0.121161 -0.143806
v -0.952994 0.111835 -0.123388
v -0.956243 0.131736 -0.142890
v -0.915687 0.102037 -0.123388
v 0.515746 0.170732 0.079200
v 0.767080 0.170732 0.079200
v 0.767080 0.170732 -0.079200
v 0.515746 0.170732 -0.079200
v -0.906833 0.121161 0.143807
v -0.956243 0.131736 0.142890
v -0.952994 0.111835 0.123388
v -0.915687 0.102037 0.123388
v 0.738406 0.079290 0.119230
v 0.728753 0.091046 0.103719
v 0.795394 0.130344 0.119230
v 0.677398 0.069700 0.099375
v 0.678947 0.050291 0.119230
v 0.738406 0.079290 -0.119231
v 0.795394 0.130344 -0.119231
v 0.728753 0.091046 -0.103720
v 0.677398 0.069700 -0.099376
v 0.678947 0.050291 -0.119231
v 0.697712 0.128719 -0.119231
v 0.755686 0.168937 -0.135430
v 0.767171 0.148060 -0.119231
v 0.686898 0.145451 -0.132775
v 0.211793 -0.235422 -0.094720
v 0.221847 -0.277091 -0.094720
v 0.207108 -0.274960 -0.107783
v 0.199857 -0.240756 -0.106189
v 0.181741 -0.211470 -0.103110
v 0.186271 -0.203047 -0.094720
v 0.697712 0.128719 0.119230
v 0.755686 0.168937 0.135429
v 0.686898 0.145451 0.132774
v 0.767171 0.148060 0.119230
v 0.199857 -0.240756 0.106188
v 0.207109 -0.274960 0.107783
v 0.211793 -0.235422 0.094720
v 0.221847 -0.277091 0.094720
v 0.181741 -0.211470 0.103110
v 0.186271 -0.203047 0.094720
v 0.381209 -0.141010 0.062406
v 0.277209 -0.141010 0.062406
v 0.277209 -0.141010 -0.062406
v 0.381209 -0.096361 0.107055
v 0.277209 -0.096361 0.107055
v 0.381209 -0.141010 -0.062406
v 0.277209 -0.096361 -0.107055
v 0.381209 -0.096361 -0.107055
v -0.874150 0.013137 -0.150848
v -0.836709 0.047527 -0.123388
v -0.849781 0.001884 -0.123388
v -0.904091 -0.046652 -0.123388
v -0.860454 0.046833 -0.147853
v -0.919620 -0.024759 -0.150848
v -0.856547 0.098339 -0.123388
v -0.981882 -0.056420 -0.123388
v -0.875499 0.085168 -0.147003
v -0.978268 -0.029823 -0.150848
v -0.906833 0.121161 -0.143806
v -1.043774 0.002397 -0.150848
v -0.899661 0.139412 -0.123388
v -1.065840 -0.012886 -0.123388
v -0.960090 0.150122 -0.123388
v -1.081175 0.058631 -0.150848
v -0.956243 0.131736 -0.142890
v -1.105621 0.051462 -0.123388
v -0.987826 0.118903 -0.141610
v -1.092255 0.130852 -0.150848
v -1.000824 0.130326 -0.123388
v -1.117684 0.139444 -0.123388
v -1.013527 0.092218 -0.123388
v -0.998585 0.092782 -0.139023
v -1.000163 0.047180 -0.123388
v -1.078737 0.198802 -0.123388
v -1.058874 0.180749 -0.150848
v -0.961155 0.233116 -0.150848
v -0.964871 0.259700 -0.123388
v -0.847611 0.200187 -0.150848
v -0.834263 0.223474 -0.123388
v -0.738518 0.115942 -0.123388
v -0.758436 0.097949 -0.150848
v -0.616896 0.030546 -0.150848
v -0.608347 0.055284 -0.123388
v -0.523583 0.021282 -0.142550
v -0.526096 0.039843 -0.123388
v -0.447985 0.040881 -0.123388
v 0.675849 0.089109 -0.119231
v 0.628584 0.067880 -0.139086
v 0.627035 0.087290 -0.119231
v 0.677398 0.069700 -0.139086
v 0.277237 0.248102 -0.055921
v -1.133508 0.269672 -0.049325
v 0.277237 0.269672 -0.049326
v -1.133508 0.248101 -0.055921
v 0.675849 0.089109 0.119230
v 0.628584 0.067880 0.139086
v 0.677398 0.069700 0.139086
v 0.627035 0.087290 0.119230
v 0.628584 0.067880 0.099375
v 0.582789 0.102804 0.119230
v 0.627035 0.087290 0.119230
v 0.577566 0.089866 0.105003
v 0.628584 0.067880 -0.099376
v 0.582789 0.102804 -0.119231
v 0.577566 0.089866 -0.105004
v 0.627035 0.087290 -0.119231
v -0.874149 0.013137 0.150848
v -0.836709 0.047527 0.123388
v -0.860454 0.046833 0.147853
v -0.849781 0.001884 0.123388
v -0.856547 0.098339 0.123388
v -0.904091 -0.046652 0.123388
v -0.875499 0.085168 0.147003
v -0.919620 -0.024759 0.150848
v -0.906833 0.121161 0.143807
v -0.981882 -0.056420 0.123388
v -0.899661 0.139412 0.123388
v -0.978268 -0.029823 0.150848
v -0.960090 0.150122 0.123388
v -1.043774 0.002397 0.150848
v -0.956243 0.131736 0.142890
v -1.065840 -0.012886 0.123388
v -0.987825 0.118903 0.141610
v -1.081175 0.058631 0.150848
v -1.000824 0.130326 0.123388
v -1.105621 0.051462 0.123388
v -1.013527 0.092218 0.123388
v -0.998585 0.092782 0.139024
v -1.000163 0.047180 0.123388
v -1.092255 0.130852 0.150848
v -1.117684 0.139444 0.123388
v -1.058874 0.196544 0.150848
v -1.078737 0.214597 0.123388
v -0.964871 0.259700 0.123388
v -0.961155 0.233116 0.150848
v -0.863221 0.204413 0.150848
v -0.846643 0.225523 0.123388
v -0.772175 0.144830 0.123388
v -0.788807 0.124190 0.150848
v -0.698019 0.056486 0.150848
v -0.678100 0.074479 0.123388
v -0.616931 0.024648 0.150848
v -0.611925 0.050340 0.123388
v -0.523583 0.021282 0.142550
v -0.526096 0.039843 0.123388
v -0.447985 0.040881 0.123388
v -1.133508 0.248101 0.055300
v 0.277237 0.248102 0.055300
v -1.133508 0.269672 0.048705
v 0.277237 0.269672 0.048704
v -1.122791 0.187588 -0.107055
v -1.122791 -0.026758 -0.107055
v -1.226791 -0.026758 -0.107055
v -1.226791 0.187588 -0.107055
v -1.226791 0.290479 -0.062406
v -1.122791 0.290479 -0.062406
v -1.226791 0.187588 0.107055
v -1.122791 -0.026758 0.107055
v -1.122791 0.187588 0.107055
v -1.226791 -0.026758 0.107055
v -1.122791 0.290479 0.062406
v -1.226791 0.290479 0.062406
v 0.381209 0.245831 -0.107055
v 0.381209 -0.096361 -0.107055
v 0.277209 -0.096361 -0.107055
v 0.277209 0.245831 -0.107055
v 0.277209 0.290479 -0.062406
v 0.381209 0.290479 -0.062406
v 0.841052 -0.224512 0.119230
v 0.840747 -0.296740 0.119230
v 0.862054 -0.233832 0.134851
v 0.862765 -0.288580 0.135193
v 0.881981 -0.337128 0.119230
v 0.890440 -0.316413 0.134441
v 0.929727 -0.321893 0.134441
v 0.933428 -0.343960 0.119230
v 0.978763 -0.300436 0.119230
v 0.960171 -0.294076 0.132589
v 0.962446 -0.266747 0.130884
v 0.978276 -0.260168 0.119230
v 0.933737 -0.232151 0.119230
v 0.840747 -0.296740 -0.119231
v 0.862054 -0.233832 -0.134852
v 0.862765 -0.288580 -0.135195
v 0.841052 -0.224512 -0.119231
v 0.881981 -0.337128 -0.119231
v 0.890440 -0.316413 -0.134442
v 0.929727 -0.321893 -0.134442
v 0.933428 -0.343960 -0.119231
v 0.978763 -0.300436 -0.119231
v 0.960171 -0.294076 -0.132590
v 0.962446 -0.266747 -0.130885
v 0.978276 -0.260168 -0.119231
v 0.933737 -0.232151 -0.119231
v 0.919251 -0.305913 -0.112640
v 0.919251 0.240309 -0.112640
v 1.013386 -0.032802 -0.112640
v 1.033005 0.119896 -0.112640
v 1.033005 -0.185500 -0.112640
v 1.059716 0.208094 -0.112640
v 1.025928 0.272594 -0.112640
v 0.944085 0.272594 -0.112640
v 1.059716 -0.273698 -0.112640
v 1.025928 -0.338197 -0.112640
v 0.944085 -0.338197 -0.112640
v 0.277209 0.245831 0.107055
v 0.381209 -0.096361 0.107055
v 0.381209 0.245831 0.107055
v 0.277209 -0.096361 0.107055
v 0.381209 0.290479 0.062406
v 0.277209 0.290479 0.062406
v 0.919251 -0.305913 0.112640
v 1.025928 -0.338197 0.112640
v 1.059716 -0.273698 0.112640
v 0.944085 -0.338197 0.112640
v 1.033005 -0.185500 0.112640
v 1.013386 -0.032802 0.112640
v 0.919251 0.240309 0.112640
v 1.033005 0.119896 0.112640
v 1.059716 0.208094 0.112640
v 1.025928 0.272594 0.112640
v 0.944085 0.272594 0.112640
v -0.431004 -0.187372 -0.108144
v -0.093041 -0.213422 -0.108144
v -0.098501 -0.244952 -0.108144
v -0.425544 -0.155842 -0.108144
v 0.059569 -0.483580 -0.106206
v 0.086419 -0.523472 -0.106206
v 0.061898 -0.514428 -0.106206
v 0.067213 -0.474420 -0.106206
v 0.334188 -0.454258 -0.106206
v 0.337980 -0.504475 -0.106206
v 0.402385 -0.457645 -0.106206
v 0.334188 -0.454258 -0.106206
v 0.364873 -0.424047 -0.106206
v 0.337980 -0.504475 -0.106206
v 0.411079 -0.357613 -0.106206
v 0.361888 -0.368402 -0.106206
v 0.249441 -0.157328 -0.106206
v 0.200251 -0.168116 -0.106206
v 0.245465 -0.113589 -0.106206
v 0.196067 -0.103799 -0.106206
v 0.224108 -0.063649 -0.106206
v 0.278877 -0.055797 -0.106206
v -0.431004 -0.187372 0.108144
v -0.098501 -0.244952 0.108144
v -0.093041 -0.213422 0.108144
v -0.425544 -0.155842 0.108144
v 0.334188 -0.454258 0.106202
v 0.067213 -0.474420 0.106202
v 0.086419 -0.523472 0.106202
v 0.337980 -0.504475 0.106202
v 0.059569 -0.483580 0.106202
v 0.061898 -0.514428 0.106202
v 0.337980 -0.504475 0.106202
v 0.402385 -0.457645 0.106202
v 0.334188 -0.454258 0.106202
v 0.364873 -0.424047 0.106202
v 0.411079 -0.357613 0.106202
v 0.361888 -0.368402 0.106202
v 0.249441 -0.157328 0.106202
v 0.200251 -0.168116 0.106202
v 0.245465 -0.113589 0.106202
v 0.196067 -0.103799 0.106202
v 0.224108 -0.063649 0.106202
v 0.278877 -0.055797 0.106202
v 0.830784 0.215466 0.119230
v 0.915080 0.165734 0.094228
v 0.832849 0.181686 0.096224
v 0.931500 0.198645 0.119230
v 0.830784 0.215466 -0.119231
v 0.915080 0.165734 -0.094229
v 0.931500 0.198645 -0.119231
v 0.832849 0.181686 -0.096225
v 0.078513 -0.401855 -0.099689
v 0.104165 -0.486564 -0.099689
v 0.065874 -0.489456 -0.099689
v 0.116805 -0.398963 -0.099689
v 0.005015 -0.064728 -0.099689
v -0.042848 -0.068343 -0.099689
v 0.005015 -0.064728 0.099685
v 0.078513 -0.401855 0.099685
v 0.116805 -0.398963 0.099685
v -0.042848 -0.068343 0.099685
v 0.104165 -0.486564 0.099685
v 0.065874 -0.489456 0.099685
v 0.255717 -0.423533 0.076384
v 0.207577 -0.416111 0.094720
v 0.224012 -0.403195 0.076384
v 0.252961 -0.444254 0.094720
v 0.207577 -0.416111 -0.094720
v 0.255717 -0.423533 -0.113056
v 0.252961 -0.444254 -0.094720
v 0.301938 -0.433120 -0.094720
v 0.224012 -0.403196 -0.113056
v 0.293407 -0.417623 -0.110238
v 0.209110 -0.344112 -0.112274
v 0.315623 -0.393616 -0.108538
v 0.190093 -0.337880 -0.094720
v 0.330528 -0.398712 -0.094720
v 0.207108 -0.274960 -0.107783
v 0.328206 -0.357940 -0.094720
v 0.192369 -0.272829 -0.094720
v 0.313017 -0.362112 -0.108538
v 0.199857 -0.240756 -0.106189
v 0.295507 -0.323616 -0.094720
v 0.187921 -0.246089 -0.094720
v 0.289388 -0.335120 -0.106150
v 0.177213 -0.219894 -0.094720
v 0.181741 -0.211470 -0.103110
v 0.150075 -0.190085 -0.094720
v 0.262032 -0.325844 -0.094720
v 0.265050 -0.337111 -0.104951
v 0.248874 -0.362484 -0.094720
v 0.207577 -0.416111 0.094720
v 0.255717 -0.423533 0.113055
v 0.224012 -0.403196 0.113055
v 0.209110 -0.344112 0.112274
v 0.252961 -0.444254 0.094720
v 0.190094 -0.337880 0.094720
v 0.301938 -0.433120 0.094720
v 0.207109 -0.274960 0.107783
v 0.293407 -0.417623 0.110237
v 0.192369 -0.272829 0.094720
v 0.315623 -0.393616 0.108537
v 0.199857 -0.240756 0.106188
v 0.330528 -0.398712 0.094720
v 0.187921 -0.246089 0.094720
v 0.328206 -0.357940 0.094720
v 0.177213 -0.219894 0.094720
v 0.181741 -0.211470 0.103110
v 0.150075 -0.190085 0.094720
v 0.313017 -0.362112 0.108537
v 0.295507 -0.323616 0.094720
v 0.289388 -0.335120 0.106150
v 0.262032 -0.325844 0.094720
v 0.265050 -0.337111 0.104950
v 0.248874 -0.362484 0.094720
v 0.255717 -0.423533 -0.076385
v 0.207577 -0.416111 -0.094720
v 0.252961 -0.444254 -0.094720
v 0.224012 -0.403195 -0.076385
v 0.224012 -0.403196 -0.113056
v 0.258473 -0.402813 -0.094720
v 0.255717 -0.423533 -0.113056
v 0.240448 -0.390280 -0.094720
v 0.228126 -0.350345 -0.094720
v 0.224012 -0.403196 -0.113056
v 0.209110 -0.344112 -0.112274
v 0.258473 -0.402813 0.094720
v 0.224012 -0.403196 0.113055
v 0.255717 -0.423533 0.113055
v 0.240448 -0.390280 0.094720
v 0.224012 -0.403196 0.113055
v 0.228126 -0.350345 0.094720
v 0.209110 -0.344112 0.112274
v 0.767080 -0.049268 -0.079200
v 0.515746 -0.049268 -0.079200
v 0.767080 0.170732 -0.079200
v 0.515746 0.170732 -0.079200
v 0.515746 0.170732 0.079200
v 0.767080 -0.049268 0.079200
v 0.767080 0.170732 0.079200
v 0.515746 -0.049268 0.079200
v 0.636300 0.119634 -0.119231
v 0.686898 0.145451 -0.132775
v 0.697712 0.128719 -0.119231
v 0.633305 0.139331 -0.132775
v 0.880912 -0.139439 0.096925
v 0.820357 -0.113029 0.119230
v 0.873069 -0.107580 0.119230
v 0.810849 -0.144432 0.096925
v 0.757777 -0.106308 0.096925
v 0.781034 -0.083163 0.119230
v 0.734723 -0.048860 0.096925
v 0.767364 -0.045527 0.119230
v 0.748570 0.009439 0.096925
v 0.777296 -0.006415 0.119230
v 0.799429 0.023117 0.119230
v 0.779098 0.048870 0.096925
v 0.833221 0.035437 0.119230
v 0.836274 0.062523 0.100701
v 0.861973 0.019740 0.119230
v 0.881555 0.032803 0.103228
v 0.871190 -0.001789 0.119230
v 0.889248 -0.001437 0.106952
v 0.863653 -0.029782 0.119230
v 0.872084 -0.038035 0.111209
v 0.843434 -0.042126 0.119230
v 0.842323 -0.052264 0.112297
v 0.830823 -0.035929 0.119230
v 0.824569 -0.040399 0.114004
v 0.825270 -0.026569 0.119230
v 0.819673 -0.027248 0.115398
v 0.825340 -0.008614 0.119230
v 0.636300 0.119634 0.119230
v 0.686898 0.145451 0.132774
v 0.633305 0.139331 0.132774
v 0.697712 0.128719 0.119230
v 0.820357 -0.113029 -0.119231
v 0.880912 -0.139439 -0.096927
v 0.873069 -0.107580 -0.119231
v 0.810849 -0.144432 -0.096927
v 0.757777 -0.106308 -0.096927
v 0.781034 -0.083163 -0.119231
v 0.734723 -0.048860 -0.096926
v 0.767364 -0.045527 -0.119231
v 0.748570 0.009439 -0.096926
v 0.777296 -0.006415 -0.119231
v 0.799429 0.023117 -0.119231
v 0.779098 0.048870 -0.096926
v 0.833221 0.035437 -0.119231
v 0.836274 0.062523 -0.100702
v 0.861973 0.019740 -0.119231
v 0.881555 0.032803 -0.103229
v 0.871190 -0.001789 -0.119231
v 0.889248 -0.001437 -0.106953
v 0.863653 -0.029782 -0.119231
v 0.872084 -0.038035 -0.111211
v 0.843434 -0.042126 -0.119231
v 0.842323 -0.052264 -0.112299
v 0.830823 -0.035929 -0.119231
v 0.824569 -0.040399 -0.114005
v 0.825270 -0.026569 -0.119231
v 0.819673 -0.027248 -0.115399
v 0.825340 -0.008614 -0.119231
v -0.622607 -0.002104 0.123388
v -0.523583 0.021282 0.142550
v -0.616931 0.024648 0.150848
v -0.521279 0.001848 0.123388
v 0.677398 0.069700 0.139086
v 0.628584 0.067880 0.139086
v 0.630133 0.048471 0.119230
v 0.678947 0.050291 0.119230
v 0.630133 0.048471 -0.119231
v 0.677398 0.069700 -0.139086
v 0.678947 0.050291 -0.119231
v 0.628584 0.067880 -0.139086
v -1.171885 0.359562 -0.002268
v -1.165209 0.321193 -0.008944
v -1.183098 0.321193 -0.008944
v -1.176422 0.359562 -0.002268
v -1.183098 0.321193 0.008945
v -1.171885 0.359562 0.002269
v -1.176422 0.359562 0.002269
v -1.165209 0.321193 0.008945
v -1.731145 0.117551 0.057335
v -1.941853 0.117551 0.057335
v -1.941853 0.077011 0.040542
v -1.731145 0.077011 0.040542
v -1.941853 0.060218 0.000001
v -1.731145 0.060218 0.000001
v -1.941853 0.077011 -0.040540
v -1.731145 0.077011 -0.040540
v -1.941853 0.117551 -0.057333
v -1.731145 0.117551 -0.057333
v -1.941853 0.158092 -0.040540
v -1.731145 0.158092 -0.040540
v -1.941853 0.174885 0.000001
v -1.731145 0.174885 0.000001
v -1.941853 0.158092 0.040542
v -1.731145 0.158092 0.040542
v -1.941853 0.117551 0.057335
v -1.731145 0.117551 0.057335
v 0.289388 -0.335120 -0.106150
v 0.313017 -0.362112 -0.108538
v 0.297828 -0.366284 -0.094720
v 0.283269 -0.346624 -0.094720
v 0.767080 -0.049268 0.079200
v 0.515746 -0.049268 0.079200
v 0.515746 -0.049268 -0.079200
v 0.767080 -0.049268 -0.079200
v 0.313017 -0.362112 0.108537
v 0.289388 -0.335120 0.106150
v 0.297828 -0.366284 0.094720
v 0.283269 -0.346624 0.094720
v -1.122791 -0.051172 0.062406
v -1.226791 -0.051172 0.062406
v -1.226791 -0.051172 -0.062406
v -1.122791 -0.026758 0.107055
v -1.226791 -0.026758 0.107055
v -1.122791 -0.051172 -0.062406
v -1.226791 -0.026758 -0.107055
v -1.122791 -0.026758 -0.107055
v 0.888756 -0.171299 0.119230
v 0.810849 -0.144432 0.096925
v 0.880912 -0.139439 0.096925
v 0.801341 -0.175836 0.119230
v 0.810849 -0.144432 -0.096927
v 0.888756 -0.171299 -0.119231
v 0.880912 -0.139439 -0.096927
v 0.801341 -0.175836 -0.119231
v 0.078513 -0.401855 0.099685
v 0.065874 -0.489456 -0.099689
v 0.065874 -0.489456 0.099685
v 0.078513 -0.401855 -0.099689
v -0.042848 -0.068343 0.099685
v -0.042848 -0.068343 -0.099689
v 0.295507 -0.323616 0.094720
v 0.313017 -0.362112 0.080902
v 0.289388 -0.335119 0.083290
v 0.328206 -0.357940 0.094720
v 0.315623 -0.393616 0.080902
v 0.313017 -0.362112 0.080902
v 0.330528 -0.398712 0.094720
v 0.598692 0.159393 0.119230
v 0.595548 0.147337 0.110761
v 0.548344 0.173598 0.119230
v 0.630310 0.159028 0.119230
v 0.595548 0.147337 0.110761
v 0.633305 0.139331 0.105686
v 0.598692 0.159393 -0.119231
v 0.548344 0.173598 -0.119231
v 0.595548 0.147337 -0.110761
v 0.630310 0.159028 -0.119231
v 0.595548 0.147337 -0.110761
v 0.633305 0.139331 -0.105687
v 0.295507 -0.323616 -0.094720
v 0.313017 -0.362112 -0.080903
v 0.328206 -0.357940 -0.094720
v 0.289388 -0.335119 -0.083290
v 0.315623 -0.393616 -0.080903
v 0.313017 -0.362112 -0.080903
v 0.330528 -0.398712 -0.094720
v -1.205458 0.320168 -0.027209
v -1.143484 0.280579 -0.027209
v -1.205458 0.280579 -0.027209
v -1.143484 0.320168 -0.027209
v -1.143484 0.267012 -0.027209
v -1.205458 0.267012 -0.027209
v -1.143484 0.320168 0.027210
v -1.205458 0.320168 0.027210
v -1.205458 0.280579 0.027210
v -1.143484 0.280579 0.027210
v -1.205458 0.267012 0.027210
v -1.143484 0.267012 0.027210
v 0.306002 0.280406 -0.027209
v 0.306002 0.319155 -0.027209
v 0.357179 0.280406 -0.027209
v 0.357179 0.319155 -0.027209
v 0.357179 0.319155 0.027209
v 0.306002 0.319155 0.027209
v 0.306002 0.280406 0.027209
v 0.357179 0.280406 0.027209
v 0.890440 -0.316413 0.104020
v 0.929727 -0.321893 0.104020
v 0.881981 -0.337128 0.119230
v 0.933428 -0.343960 0.119230
v 0.881981 -0.337128 -0.119231
v 0.929727 -0.321893 -0.104021
v 0.890440 -0.316413 -0.104021
v 0.933428 -0.343960 -0.119231
v 0.767171 0.148060 0.119230
v 0.832849 0.181686 0.142237
v 0.755686 0.168937 0.135429
v 0.834915 0.147906 0.119230
v 0.767171 0.148060 -0.119231
v 0.832849 0.181686 -0.142238
v 0.834915 0.147906 -0.119231
v 0.755686 0.168937 -0.135430
v 0.116805 -0.398963 0.099685
v 0.005015 -0.064728 -0.099689
v 0.005015 -0.064728 0.099685
v 0.116805 -0.398963 -0.099689
v 0.104165 -0.486564 0.099685
v 0.104165 -0.486564 -0.099689
v 0.926026 -0.299827 0.119230
v 0.890440 -0.316413 0.134441
v 0.929727 -0.321893 0.134441
v 0.898898 -0.295698 0.119230
v 0.890440 -0.316413 -0.134442
v 0.926026 -0.299827 -0.119231
v 0.929727 -0.321893 -0.134442
v 0.898898 -0.295698 -0.119231
v 0.181741 -0.211470 0.103110
v 0.186271 -0.203047 0.094720
v 0.150075 -0.190085 0.094720
v 0.181741 -0.211470 -0.103110
v 0.150075 -0.190085 -0.094720
v 0.186271 -0.203047 -0.094720
v 0.719102 0.102803 0.119230
v 0.728753 0.091046 0.134742
v 0.795394 0.130344 0.119230
v 0.677398 0.069700 0.139086
v 0.675849 0.089109 0.119230
v 0.719102 0.102803 -0.119231
v 0.795394 0.130344 -0.119231
v 0.728753 0.091046 -0.134743
v 0.677398 0.069700 -0.139086
v 0.675849 0.089109 -0.119231
v 0.810849 -0.144432 0.141535
v 0.801341 -0.175836 0.119230
v 0.734520 -0.129452 0.119230
v 0.757777 -0.106308 0.141535
v 0.702082 -0.052192 0.119230
v 0.734723 -0.048860 0.141535
v 0.719844 0.025293 0.119230
v 0.748570 0.009439 0.141535
v 0.779098 0.048870 0.141535
v 0.758765 0.074623 0.119230
v 0.839326 0.089608 0.119230
v 0.836274 0.062523 0.137760
v 0.901137 0.045866 0.119230
v 0.881555 0.032803 0.135233
v 0.907307 -0.001085 0.119230
v 0.889248 -0.001437 0.131509
v 0.880516 -0.046288 0.119230
v 0.872084 -0.038035 0.127251
v 0.842323 -0.052264 0.126164
v 0.841213 -0.062403 0.119230
v 0.818313 -0.044869 0.119230
v 0.824569 -0.040399 0.124457
v 0.814077 -0.027928 0.119230
v 0.819673 -0.027248 0.123063
v 0.825340 -0.008614 0.119230
v 0.630310 0.159028 0.119230
v 0.676084 0.162184 0.119230
v 0.633305 0.139331 0.105686
v 0.686898 0.145451 0.105687
v 0.675849 0.089109 0.119230
v 0.628584 0.067880 0.099375
v 0.627035 0.087290 0.119230
v 0.677398 0.069700 0.099375
v 0.810849 -0.144432 -0.141537
v 0.801341 -0.175836 -0.119231
v 0.734520 -0.129452 -0.119231
v 0.757777 -0.106308 -0.141537
v 0.702082 -0.052192 -0.119231
v 0.734723 -0.048860 -0.141537
v 0.719844 0.025293 -0.119231
v 0.748570 0.009439 -0.141537
v 0.779098 0.048870 -0.141537
v 0.758765 0.074623 -0.119231
v 0.839326 0.089608 -0.119231
v 0.836274 0.062523 -0.137761
v 0.901137 0.045866 -0.119231
v 0.881555 0.032803 -0.135235
v 0.907307 -0.001085 -0.119231
v 0.889248 -0.001437 -0.131511
v 0.880516 -0.046288 -0.119231
v 0.872084 -0.038035 -0.127253
v 0.842323 -0.052264 -0.126165
v 0.841213 -0.062403 -0.119231
v 0.818313 -0.044869 -0.119231
v 0.824569 -0.040399 -0.124458
v 0.814077 -0.027928 -0.119231
v 0.819673 -0.027248 -0.123064
v 0.825340 -0.008614 -0.119231
v 0.628584 0.067880 -0.099376
v 0.675849 0.089109 -0.119231
v 0.627035 0.087290 -0.119231
v 0.677398 0.069700 -0.099376
v 0.676084 0.162184 -0.119231
v 0.630310 0.159028 -0.119231
v 0.633305 0.139331 -0.105687
v 0.686898 0.145451 -0.105688
v -0.098501 -0.244952 0.108144
v -0.093041 -0.213422 -0.108144
v -0.093041 -0.213422 0.108144
v -0.098501 -0.244952 -0.108144
v -0.523583 0.021282 0.104226
v -0.526096 0.039843 0.123388
v -0.447985 0.040881 0.123388
v -0.523583 0.021282 -0.104226
v -0.447985 0.040881 -0.123388
v -0.526096 0.039843 -0.123388
v 0.258473 -0.402813 0.094720
v 0.224012 -0.403195 0.076384
v 0.240448 -0.390280 0.094720
v 0.228126 -0.350345 0.094720
v 0.255717 -0.423533 0.076384
v 0.209110 -0.344112 0.077166
v 0.284876 -0.402127 0.094720
v 0.221847 -0.277091 0.094720
v 0.293407 -0.417623 0.079202
v 0.207108 -0.274960 0.081657
v 0.300718 -0.388522 0.094720
v 0.211793 -0.235422 0.094720
v 0.315623 -0.393616 0.080902
v 0.199857 -0.240756 0.083251
v 0.313017 -0.362112 0.080902
v 0.181741 -0.211470 0.086330
v 0.186271 -0.203047 0.094720
v 0.150075 -0.190085 0.094720
v 0.297828 -0.366284 0.094720
v 0.289388 -0.335119 0.083290
v 0.283269 -0.346624 0.094720
v 0.265050 -0.337110 0.084489
v 0.268069 -0.348376 0.094720
v 0.248874 -0.362484 0.094720
v 0.258473 -0.402813 -0.094720
v 0.224012 -0.403195 -0.076385
v 0.255717 -0.423533 -0.076385
v 0.240448 -0.390280 -0.094720
v 0.284876 -0.402127 -0.094720
v 0.228126 -0.350345 -0.094720
v 0.293407 -0.417623 -0.079202
v 0.209110 -0.344112 -0.077166
v 0.300718 -0.388522 -0.094720
v 0.221847 -0.277091 -0.094720
v 0.315623 -0.393616 -0.080903
v 0.207108 -0.274960 -0.081657
v 0.313017 -0.362112 -0.080903
v 0.211793 -0.235422 -0.094720
v 0.297828 -0.366284 -0.094720
v 0.199857 -0.240756 -0.083252
v 0.289388 -0.335119 -0.083290
v 0.181741 -0.211470 -0.086330
v 0.186271 -0.203047 -0.094720
v 0.150075 -0.190085 -0.094720
v 0.283269 -0.346624 -0.094720
v 0.265050 -0.337110 -0.084490
v 0.268069 -0.348376 -0.094720
v 0.248874 -0.362484 -0.094720
v -0.523583 0.021282 -0.142550
v -0.447985 0.040881 -0.123388
v -0.521279 0.001848 -0.123388
v -0.523583 0.021282 0.142550
v -0.521279 0.001848 0.123388
v -0.447985 0.040881 0.123388
v 0.628584 0.067880 0.099375
v 0.677398 0.069700 0.099375
v 0.630133 0.048471 0.119230
v 0.678947 0.050291 0.119230
v -0.885683 0.046328 0.123388
v -0.874150 0.013136 0.095928
v -0.899412 0.025316 0.123388
v -0.919620 -0.024759 0.095928
v -0.860454 0.046834 0.098924
v -0.935464 -0.001618 0.123388
v -0.875499 0.085168 0.099773
v -0.978268 -0.029823 0.095928
v -0.895586 0.071906 0.123388
v -0.974032 -0.002100 0.123388
v -0.915687 0.102037 0.123388
v -1.020456 0.017980 0.123388
v -0.906833 0.121161 0.102970
v -1.043774 0.002397 0.095928
v -0.952994 0.111835 0.123388
v -1.055513 0.065697 0.123388
v -0.956243 0.131736 0.103886
v -1.081175 0.058631 0.095928
v -0.973880 0.105692 0.123388
v -1.065838 0.121436 0.123388
v -0.987825 0.118903 0.105166
v -1.092255 0.130852 0.095928
v -0.982259 0.092674 0.123388
v -0.998585 0.092782 0.107753
v -1.000163 0.047180 0.123388
v -1.038435 0.177341 0.123388
v -1.058874 0.196544 0.095928
v -0.961155 0.233116 0.095928
v -0.957732 0.205280 0.123388
v -0.880906 0.182646 0.123388
v -0.863221 0.204413 0.095928
v -0.788807 0.124190 0.095928
v -0.806541 0.102916 0.123388
v -0.719139 0.038034 0.123388
v -0.698019 0.056486 0.095928
v -0.622607 -0.002104 0.123388
v -0.616931 0.024648 0.095928
v -0.523583 0.021282 0.104226
v -0.521279 0.001848 0.123388
v -0.447985 0.040881 0.123388
v -0.874150 0.013136 -0.095928
v -0.885683 0.046328 -0.123388
v -0.899412 0.025316 -0.123388
v -0.860454 0.046834 -0.098923
v -0.919620 -0.024759 -0.095928
v -0.875499 0.085168 -0.099773
v -0.935464 -0.001618 -0.123388
v -0.895587 0.071906 -0.123388
v -0.978268 -0.029823 -0.095928
v -0.915687 0.102037 -0.123388
v -0.974033 -0.002100 -0.123388
v -0.906833 0.121161 -0.102969
v -1.020456 0.017980 -0.123388
v -0.952994 0.111835 -0.123388
v -1.043774 0.002397 -0.095928
v -0.956243 0.131736 -0.103886
v -1.055513 0.065697 -0.123388
v -0.973880 0.105692 -0.123388
v -1.081175 0.058631 -0.095928
v -0.987826 0.118903 -0.105166
v -1.065838 0.121436 -0.123388
v -0.982259 0.092674 -0.123388
v -0.998585 0.092782 -0.107753
v -1.000163 0.047180 -0.123388
v -1.092255 0.130852 -0.095928
v -1.058874 0.180749 -0.095928
v -1.038435 0.161545 -0.123388
v -0.957732 0.205280 -0.123388
v -0.961155 0.233116 -0.095928
v -0.847611 0.200187 -0.095928
v -0.861957 0.176088 -0.123388
v -0.758436 0.097949 -0.095928
v -0.779556 0.079498 -0.123388
v -0.626256 0.004850 -0.123388
v -0.616896 0.030546 -0.095928
v -0.521279 0.001848 -0.123388
v -0.523583 0.021282 -0.104226
v -0.447985 0.040881 -0.123388
v 0.677398 0.069700 -0.099376
v 0.628584 0.067880 -0.099376
v 0.630133 0.048471 -0.119231
v 0.678947 0.050291 -0.119231
v -0.611925 0.050340 0.123388
v -0.523583 0.021282 0.104226
v -0.616931 0.024648 0.095928
v -0.526096 0.039843 0.123388
v 0.862765 -0.288580 0.103267
v 0.883056 -0.243152 0.119230
v 0.884785 -0.280421 0.119230
v 0.862054 -0.233832 0.103610
v 0.898898 -0.295698 0.119230
v 0.890440 -0.316413 0.104020
v 0.926026 -0.299827 0.119230
v 0.929727 -0.321893 0.104020
v 0.941580 -0.287716 0.119230
v 0.960171 -0.294076 0.105873
v 0.946616 -0.273325 0.119230
v 0.962446 -0.266747 0.107577
v 0.933737 -0.232151 0.119230
v 0.883056 -0.243152 -0.119231
v 0.862765 -0.288580 -0.103269
v 0.884785 -0.280421 -0.119231
v 0.862054 -0.233832 -0.103611
v 0.898898 -0.295698 -0.119231
v 0.890440 -0.316413 -0.104021
v 0.926026 -0.299827 -0.119231
v 0.929727 -0.321893 -0.104021
v 0.941580 -0.287716 -0.119231
v 0.960171 -0.294076 -0.105874
v 0.946616 -0.273325 -0.119231
v 0.962446 -0.266747 -0.107579
v 0.933737 -0.232151 -0.119231
v 0.633305 0.139331 0.132774
v 0.592402 0.135280 0.119230
v 0.636300 0.119634 0.119230
v 0.595548 0.147337 0.127701
v 0.880912 -0.139439 0.141535
v 0.919173 -0.083915 0.119230
v 0.873069 -0.107580 0.119230
v 0.948738 -0.109194 0.145675
v 0.820357 -0.113029 0.119230
v 0.880912 -0.139439 0.141535
v 0.810849 -0.144432 0.141535
v 0.592402 0.135280 -0.119231
v 0.633305 0.139331 -0.132775
v 0.636300 0.119634 -0.119231
v 0.595548 0.147337 -0.127702
v 0.297828 -0.366284 0.094720
v 0.300718 -0.388522 0.094720
v 0.313017 -0.362112 0.108537
v 0.315623 -0.393616 0.108537
v 0.313017 -0.362112 -0.108538
v 0.315623 -0.393616 -0.108538
v 0.300718 -0.388522 -0.094720
v 0.297828 -0.366284 -0.094720
v -1.941853 0.146522 0.028972
v -1.756531 0.146522 0.028972
v -1.941853 0.117551 0.040972
v -1.756531 0.117551 0.040972
v -1.756531 0.158523 0.000001
v -1.941853 0.158523 0.000001
v -1.756531 0.146522 -0.028970
v -1.941853 0.146522 -0.028970
v -1.756531 0.117551 -0.040970
v -1.941853 0.117551 -0.040970
v -1.756531 0.088580 -0.028970
v -1.941853 0.088580 -0.028970
v -1.756531 0.076580 0.000001
v -1.941853 0.076580 0.000001
v -1.756531 0.088580 0.028972
v -1.941853 0.088580 0.028972
v -1.756531 0.117551 0.040972
v -1.941853 0.117551 0.040972
v 0.832849 0.181686 0.096224
v 0.755686 0.168937 0.103032
v 0.830784 0.215466 0.119230
v 0.744202 0.189816 0.119230
v 0.830784 0.215466 -0.119231
v 0.744202 0.189816 -0.119231
v 0.755686 0.168937 -0.103034
v 0.832849 0.181686 -0.096225
v -0.523583 0.021282 -0.104226
v -0.608347 0.055284 -0.123388
v -0.616896 0.030546 -0.095928
v -0.526096 0.039843 -0.123388
v 0.192369 -0.272829 0.094720
v 0.199857 -0.240756 0.083251
v 0.207108 -0.274960 0.081657
v 0.187921 -0.246089 0.094720
v 0.177213 -0.219894 0.094720
v 0.181741 -0.211470 0.086330
v 0.177213 -0.219894 0.094720
v 0.150075 -0.190085 0.094720
v 0.192369 -0.272829 -0.094720
v 0.199857 -0.240756 -0.083252
v 0.187921 -0.246089 -0.094720
v 0.207108 -0.274960 -0.081657
v 0.177213 -0.219894 -0.094720
v 0.181741 -0.211470 -0.086330
v 0.150075 -0.190085 -0.094720
v 0.177213 -0.219894 -0.094720
v 0.059569 -0.483580 0.106202
v 0.059569 -0.483580 -0.106206
v 0.061898 -0.514428 0.106202
v 0.061898 -0.514428 -0.106206
v 0.067213 -0.474420 0.106202
v 0.067213 -0.474420 -0.106206
v 0.207577 -0.416111 0.094720
v 0.209110 -0.344112 0.077166
v 0.224012 -0.403195 0.076384
v 0.190094 -0.337880 0.094720
v 0.207577 -0.416111 -0.094720
v 0.209110 -0.344112 -0.077166
v 0.190093 -0.337880 -0.094720
v 0.224012 -0.403195 -0.076385
v 0.755686 0.168937 0.103032
v 0.686898 0.145451 0.105687
v 0.744202 0.189816 0.119230
v 0.676084 0.162184 0.119230
v 0.744202 0.189816 -0.119231
v 0.676084 0.162184 -0.119231
v 0.686898 0.145451 -0.105688
v 0.755686 0.168937 -0.103034
v 0.881555 0.032803 0.135233
v 0.836274 0.062523 0.137760
v 0.861973 0.019740 0.119230
v 0.833221 0.035437 0.119230
v 0.628584 0.067880 0.139086
v 0.572343 0.076928 0.119230
v 0.630133 0.048471 0.119230
v 0.577566 0.089866 0.133458
v 0.833221 0.035437 -0.119231
v 0.836274 0.062523 -0.137761
v 0.861973 0.019740 -0.119231
v 0.881555 0.032803 -0.135235
v 0.572343 0.076928 -0.119231
v 0.628584 0.067880 -0.139086
v 0.630133 0.048471 -0.119231
v 0.577566 0.089866 -0.133458
v 0.834915 0.147906 -0.119231
v 0.915080 0.165734 -0.144234
v 0.898660 0.132824 -0.119231
v 0.832849 0.181686 -0.142238
v 0.926670 0.108368 -0.119231
v 0.960224 0.131314 -0.146867
v 0.915080 0.165734 0.144233
v 0.834915 0.147906 0.119230
v 0.898660 0.132824 0.119230
v 0.832849 0.181686 0.142237
v 0.926670 0.108368 0.119230
v 0.960224 0.131314 0.146865
v 0.842323 -0.052264 0.126164
v 0.872084 -0.038035 0.127251
v 0.843434 -0.042126 0.119230
v 0.863653 -0.029782 0.119230
v 0.728753 0.091046 0.103719
v 0.719102 0.102803 0.119230
v 0.795394 0.130344 0.119230
v 0.677398 0.069700 0.099375
v 0.719102 0.102803 0.119230
v 0.675849 0.089109 0.119230
v 0.843434 -0.042126 -0.119231
v 0.863653 -0.029782 -0.119231
v 0.872084 -0.038035 -0.127253
v 0.842323 -0.052264 -0.126165
v 0.728753 0.091046 -0.103720
v 0.795394 0.130344 -0.119231
v 0.719102 0.102803 -0.119231
v 0.719102 0.102803 -0.119231
v 0.677398 0.069700 -0.099376
v 0.675849 0.089109 -0.119231
v -0.973880 0.105692 -0.123388
v -0.956243 0.131736 -0.142890
v -0.952994 0.111835 -0.123388
v -0.987826 0.118903 -0.141610
v 0.592402 0.135280 -0.119231
v 0.548344 0.173598 -0.119231
v 0.595548 0.147337 -0.127702
v -0.973880 0.105692 0.123388
v -0.956243 0.131736 0.142890
v -0.987825 0.118903 0.141610
v -0.952994 0.111835 0.123388
v 0.592402 0.135280 0.119230
v 0.595548 0.147337 0.127701
v 0.548344 0.173598 0.119230
v 0.190094 -0.337880 0.094720
v 0.207108 -0.274960 0.081657
v 0.209110 -0.344112 0.077166
v 0.192369 -0.272829 0.094720
v 0.255717 -0.423533 -0.113056
v 0.284876 -0.402127 -0.094720
v 0.293407 -0.417623 -0.110238
v 0.258473 -0.402813 -0.094720
v 0.207108 -0.274960 -0.081657
v 0.190093 -0.337880 -0.094720
v 0.209110 -0.344112 -0.077166
v 0.192369 -0.272829 -0.094720
v 0.255717 -0.423533 0.113055
v 0.284876 -0.402127 0.094720
v 0.258473 -0.402813 0.094720
v 0.293407 -0.417623 0.110237
v 0.919173 -0.083915 -0.119231
v 0.880912 -0.139439 -0.141537
v 0.873069 -0.107580 -0.119231
v 0.948738 -0.109194 -0.145676
v 0.880912 -0.139439 -0.141537
v 0.820357 -0.113029 -0.119231
v 0.810849 -0.144432 -0.141537
v 0.990169 -0.038160 -0.145676
v 0.948738 -0.109194 -0.145676
v 0.956053 -0.019471 -0.119232
v -0.847611 0.200187 -0.095928
v -0.964871 0.259700 -0.123388
v -0.961155 0.233116 -0.095928
v -0.834263 0.223474 -0.123388
v -0.738518 0.115942 -0.123388
v -0.758436 0.097949 -0.095928
v -0.616896 0.030546 -0.095928
v -0.608347 0.055284 -0.123388
v 0.293407 -0.417623 0.110237
v 0.300718 -0.388522 0.094720
v 0.284876 -0.402127 0.094720
v 0.315623 -0.393616 0.108537
v 0.300718 -0.388522 -0.094720
v 0.293407 -0.417623 -0.110238
v 0.284876 -0.402127 -0.094720
v 0.315623 -0.393616 -0.108538
v -0.964871 0.259700 0.123388
v -0.846643 0.225523 0.123388
v -0.863221 0.204413 0.095928
v -0.961155 0.233116 0.095928
v -0.772175 0.144830 0.123388
v -0.788807 0.124190 0.095928
v -0.698019 0.056486 0.095928
v -0.678100 0.074479 0.123388
v -0.616931 0.024648 0.095928
v -0.611925 0.050340 0.123388
v 0.277209 -0.096361 0.107055
v 0.277209 0.245831 0.107055
v 0.277209 0.245831 -0.107055
v 0.277209 0.290479 -0.062406
v 0.277209 0.290479 0.062406
v 0.277209 -0.096361 -0.107055
v 0.277209 -0.141010 -0.062406
v 0.277209 -0.141010 0.062406
v 0.572343 0.076928 -0.119231
v 0.521929 0.136775 -0.119231
v 0.577566 0.089866 -0.133458
v 0.572343 0.076928 0.119230
v 0.577566 0.089866 0.133458
v 0.521929 0.136775 0.119230
v 0.262032 -0.325844 0.094720
v 0.289388 -0.335119 0.083290
v 0.265050 -0.337110 0.084489
v 0.295507 -0.323616 0.094720
v 0.262032 -0.325844 -0.094720
v 0.289388 -0.335119 -0.083290
v 0.295507 -0.323616 -0.094720
v 0.265050 -0.337110 -0.084490
v 0.306002 0.429277 -0.049751
v 0.306002 0.435813 -0.000000
v 0.306002 0.449884 -0.000000
v 0.306002 0.429277 0.049751
v 0.306002 0.419327 -0.039801
v 0.306002 0.419327 0.039801
v 0.306002 0.379526 -0.056287
v 0.306002 0.379526 0.056287
v 0.306002 0.379526 -0.070358
v 0.306002 0.379526 0.070358
v 0.306002 0.329775 -0.049751
v 0.306002 0.329775 0.049751
v 0.306002 0.339725 -0.039801
v 0.306002 0.339725 0.039801
v 0.306002 0.309168 -0.000000
v 0.306002 0.323240 -0.000000
v 0.306002 0.319155 0.027209
v 0.306002 0.280406 -0.027209
v 0.306002 0.280406 0.027209
v 0.306002 0.319155 -0.027209
v 0.862765 -0.288580 0.103267
v 0.881981 -0.337128 0.119230
v 0.840747 -0.296740 0.119230
v 0.890440 -0.316413 0.104020
v 0.881981 -0.337128 -0.119231
v 0.862765 -0.288580 -0.103269
v 0.840747 -0.296740 -0.119231
v 0.890440 -0.316413 -0.104021
v 0.262032 -0.325844 0.094720
v 0.265050 -0.337110 0.084489
v 0.248874 -0.362484 0.094720
v 0.262032 -0.325844 -0.094720
v 0.248874 -0.362484 -0.094720
v 0.265050 -0.337110 -0.084490
v 0.361888 -0.368402 0.106202
v 0.364873 -0.424047 -0.106206
v 0.364873 -0.424047 0.106202
v 0.361888 -0.368402 -0.106206
v 0.334188 -0.454258 -0.106206
v 0.200251 -0.168116 0.106202
v 0.334188 -0.454258 0.106202
v 0.067213 -0.474420 0.106202
v 0.067213 -0.474420 -0.106206
v 0.200251 -0.168116 -0.106206
v 0.196067 -0.103799 0.106202
v 0.196067 -0.103799 -0.106206
v 0.224108 -0.063649 0.106202
v 0.224108 -0.063649 -0.106206
v 0.925190 -0.099102 -0.119231
v 0.885657 -0.190804 -0.134852
v 0.864654 -0.181485 -0.119231
v 0.941961 -0.114808 -0.134852
v 0.885657 -0.190804 0.134851
v 0.925190 -0.099102 0.119230
v 0.864654 -0.181485 0.119230
v 0.941961 -0.114808 0.134851
v 0.946616 -0.273325 0.119230
v 0.962446 -0.266747 0.130884
v 0.933737 -0.232151 0.119230
v 0.946616 -0.273325 -0.119231
v 0.933737 -0.232151 -0.119231
v 0.962446 -0.266747 -0.130885
v 0.871190 -0.001789 0.119230
v 0.881555 0.032803 0.135233
v 0.861973 0.019740 0.119230
v 0.889248 -0.001437 0.131509
v 0.871190 -0.001789 -0.119231
v 0.881555 0.032803 -0.135235
v 0.889248 -0.001437 -0.131511
v 0.861973 0.019740 -0.119231
v 0.306002 0.339725 0.039801
v 0.306002 0.379526 0.056287
v 0.357179 0.339725 0.039801
v 0.357179 0.379526 0.056287
v 0.306002 0.323240 -0.000000
v 0.357179 0.323240 -0.000000
v 0.306002 0.339725 -0.039801
v 0.357179 0.339725 -0.039801
v 0.306002 0.379526 -0.056287
v 0.357179 0.379526 -0.056287
v 0.306002 0.419327 -0.039801
v 0.357179 0.419327 -0.039801
v 0.357179 0.435813 -0.000000
v 0.306002 0.435813 -0.000000
v 0.357179 0.419327 0.039801
v 0.306002 0.419327 0.039801
v 0.357179 0.379526 0.056287
v 0.306002 0.379526 0.056287
v 0.572343 0.076928 0.119230
v 0.628584 0.067880 0.099375
v 0.630133 0.048471 0.119230
v 0.577566 0.089866 0.105003
v 0.521929 0.136775 0.119230
v 0.572343 0.076928 -0.119231
v 0.630133 0.048471 -0.119231
v 0.628584 0.067880 -0.099376
v 0.577566 0.089866 -0.105004
v 0.521929 0.136775 -0.119231
v 0.702082 -0.052192 0.119230
v 0.719844 0.025293 0.119230
v 0.734723 -0.048860 0.096925
v 0.748570 0.009439 0.096925
v 0.779098 0.048870 0.096925
v 0.758765 0.074623 0.119230
v 0.779098 0.048870 0.096925
v 0.839326 0.089608 0.119230
v 0.836274 0.062523 0.100701
v 0.864654 -0.181485 -0.119231
v 0.862054 -0.233832 -0.134852
v 0.841052 -0.224512 -0.119231
v 0.885657 -0.190804 -0.134852
v 0.862054 -0.233832 0.134851
v 0.864654 -0.181485 0.119230
v 0.841052 -0.224512 0.119230
v 0.885657 -0.190804 0.134851
v 0.824569 -0.040399 0.114004
v 0.842323 -0.052264 0.112297
v 0.818313 -0.044869 0.119230
v 0.841213 -0.062403 0.119230
v 0.719844 0.025293 -0.119231
v 0.734723 -0.048860 -0.096926
v 0.748570 0.009439 -0.096926
v 0.702082 -0.052192 -0.119231
v 0.779098 0.048870 -0.096926
v 0.758765 0.074623 -0.119231
v 0.839326 0.089608 -0.119231
v 0.779098 0.048870 -0.096926
v 0.836274 0.062523 -0.100702
v 0.734520 -0.129452 0.119230
v 0.702082 -0.052192 0.119230
v 0.757777 -0.106308 0.096925
v 0.734723 -0.048860 0.096925
v 0.810849 -0.144432 0.096925
v 0.801341 -0.175836 0.119230
v 0.818313 -0.044869 -0.119231
v 0.841213 -0.062403 -0.119231
v 0.842323 -0.052264 -0.112299
v 0.824569 -0.040399 -0.114005
v 0.702082 -0.052192 -0.119231
v 0.734520 -0.129452 -0.119231
v 0.757777 -0.106308 -0.096927
v 0.734723 -0.048860 -0.096926
v 0.810849 -0.144432 -0.096927
v 0.801341 -0.175836 -0.119231
v 0.889248 -0.001437 -0.131511
v 0.872084 -0.038035 -0.127253
v 0.863653 -0.029782 -0.119231
v 0.871190 -0.001789 -0.119231
v 0.863653 -0.029782 0.119230
v 0.889248 -0.001437 0.131509
v 0.871190 -0.001789 0.119230
v 0.872084 -0.038035 0.127251
v 0.595548 0.147337 0.110761
v 0.592402 0.135280 0.119230
v 0.548344 0.173598 0.119230
v 0.633305 0.139331 0.105686
v 0.636300 0.119634 0.119230
v 0.686898 0.145451 0.105687
v 0.697712 0.128719 0.119230
v 0.755686 0.168937 0.103032
v 0.767171 0.148060 0.119230
v 0.832849 0.181686 0.096224
v 0.834915 0.147906 0.119230
v 0.915080 0.165734 0.094228
v 0.898660 0.132824 0.119230
v 0.926670 0.108368 0.119230
v 0.960224 0.131314 0.091596
v 0.956002 0.050877 0.119230
v 0.994882 0.049644 0.092786
v 0.956053 -0.019471 0.119230
v 0.990169 -0.038160 0.092786
v 0.919173 -0.083915 0.119230
v 0.948738 -0.109194 0.092786
v 0.595548 0.147337 -0.110761
v 0.548344 0.173598 -0.119231
v 0.592402 0.135280 -0.119231
v 0.633305 0.139331 -0.105687
v 0.636300 0.119634 -0.119231
v 0.686898 0.145451 -0.105688
v 0.697712 0.128719 -0.119231
v 0.755686 0.168937 -0.103034
v 0.767171 0.148060 -0.119231
v 0.832849 0.181686 -0.096225
v 0.834915 0.147906 -0.119231
v 0.915080 0.165734 -0.094229
v 0.898660 0.132824 -0.119231
v 0.926670 0.108368 -0.119231
v 0.960224 0.131314 -0.091597
v 0.956002 0.050877 -0.119231
v 0.994882 0.049644 -0.092787
v 0.956053 -0.019471 -0.119232
v 0.990169 -0.038160 -0.092787
v 0.919173 -0.083915 -0.119231
v 0.948738 -0.109194 -0.092787
v 0.929727 -0.321893 0.134441
v 0.941580 -0.287716 0.119230
v 0.926026 -0.299827 0.119230
v 0.960171 -0.294076 0.132589
v 0.941580 -0.287716 -0.119231
v 0.929727 -0.321893 -0.134442
v 0.926026 -0.299827 -0.119231
v 0.960171 -0.294076 -0.132590
v -0.836709 0.047527 0.123388
v -0.849781 0.001884 0.123388
v -0.874150 0.013136 0.095928
v -0.860454 0.046834 0.098924
v -0.904091 -0.046652 0.123388
v -0.874150 0.013136 0.095928
v -0.919620 -0.024759 0.095928
v -0.981882 -0.056420 0.123388
v -0.978268 -0.029823 0.095928
v -0.860454 0.046834 -0.098923
v -0.874150 0.013136 -0.095928
v -0.836709 0.047527 -0.123388
v -0.849781 0.001884 -0.123388
v -0.874150 0.013136 -0.095928
v -0.904091 -0.046652 -0.123388
v -0.919620 -0.024759 -0.095928
v -0.981882 -0.056420 -0.123388
v -0.978268 -0.029823 -0.095928
v 0.956002 0.050877 0.119230
v 0.956053 -0.019471 0.119230
v 0.994882 0.049644 0.145675
v 0.990169 -0.038160 0.145675
v 0.948738 -0.109194 0.145675
v 0.919173 -0.083915 0.119230
v 0.956053 -0.019471 0.119230
v 0.956002 0.050877 -0.119231
v 0.960224 0.131314 -0.146867
v 0.994882 0.049644 -0.145676
v 0.926670 0.108368 -0.119231
v 0.956002 0.050877 0.119230
v 0.960224 0.131314 0.146865
v 0.926670 0.108368 0.119230
v 0.994882 0.049644 0.145675
v -1.038435 0.177341 0.123388
v -1.092255 0.130852 0.150848
v -1.065838 0.121436 0.123388
v -1.058874 0.196544 0.150848
v -0.961155 0.233116 0.150848
v -0.957732 0.205280 0.123388
v -0.856547 0.098339 0.123388
v -0.836709 0.047527 0.123388
v -0.860454 0.046834 0.098924
v -0.875499 0.085168 0.099773
v -0.906833 0.121161 0.102970
v -0.899661 0.139412 0.123388
v -0.960090 0.150122 0.123388
v -0.956243 0.131736 0.103886
v -0.875499 0.085168 -0.099773
v -0.860454 0.046834 -0.098923
v -0.856547 0.098339 -0.123388
v -0.836709 0.047527 -0.123388
v -0.906833 0.121161 -0.102969
v -0.899661 0.139412 -0.123388
v -0.960090 0.150122 -0.123388
v -0.956243 0.131736 -0.103886
v -1.058874 0.180749 -0.150848
v -1.065838 0.121436 -0.123388
v -1.092255 0.130852 -0.150848
v -1.038435 0.161545 -0.123388
v -0.957732 0.205280 -0.123388
v -0.961155 0.233116 -0.150848
v 0.956053 -0.019471 -0.119232
v 0.994882 0.049644 -0.145676
v 0.990169 -0.038160 -0.145676
v 0.956002 0.050877 -0.119231
v -0.978268 -0.029823 -0.150848
v -1.020456 0.017980 -0.123388
v -0.974033 -0.002100 -0.123388
v -1.043774 0.002397 -0.150848
v -1.055513 0.065697 -0.123388
v -1.081175 0.058631 -0.150848
v -1.065838 0.121436 -0.123388
v -1.092255 0.130852 -0.150848
v -0.978268 -0.029823 0.150848
v -1.020456 0.017980 0.123388
v -1.043774 0.002397 0.150848
v -0.974032 -0.002100 0.123388
v -1.055513 0.065697 0.123388
v -1.081175 0.058631 0.150848
v -1.065838 0.121436 0.123388
v -1.092255 0.130852 0.150848
v 0.946616 -0.273325 0.119230
v 0.960171 -0.294076 0.132589
v 0.962446 -0.266747 0.130884
v 0.941580 -0.287716 0.119230
v 0.960171 -0.294076 -0.132590
v 0.946616 -0.273325 -0.119231
v 0.962446 -0.266747 -0.130885
v 0.941580 -0.287716 -0.119231
v -0.998585 0.092782 -0.139023
v -0.987826 0.118903 -0.141610
v -0.982259 0.092674 -0.123388
v -0.973880 0.105692 -0.123388
v -0.987825 0.118903 0.141610
v -0.998585 0.092782 0.139024
v -0.982259 0.092674 0.123388
v -0.973880 0.105692 0.123388
v 0.818313 -0.044869 0.119230
v 0.814077 -0.027928 0.119230
v 0.824569 -0.040399 0.114004
v 0.819673 -0.027248 0.115398
v 0.925190 -0.099102 0.119230
v 0.885657 -0.190804 0.103610
v 0.864654 -0.181485 0.119230
v 0.941961 -0.114808 0.103610
v 0.814077 -0.027928 -0.119231
v 0.818313 -0.044869 -0.119231
v 0.824569 -0.040399 -0.114005
v 0.819673 -0.027248 -0.115399
v 0.819673 -0.027248 0.115398
v 0.814077 -0.027928 0.119230
v 0.825340 -0.008614 0.119230
v 0.885657 -0.190804 -0.103611
v 0.941961 -0.114808 -0.103611
v 0.925190 -0.099102 -0.119231
v 0.864654 -0.181485 -0.119231
v 0.819673 -0.027248 -0.115399
v 0.825340 -0.008614 -0.119231
v 0.814077 -0.027928 -0.119231
v 0.864654 -0.181485 0.119230
v 0.862054 -0.233832 0.103610
v 0.841052 -0.224512 0.119230
v 0.885657 -0.190804 0.103610
v 0.864654 -0.181485 -0.119231
v 0.862054 -0.233832 -0.103611
v 0.885657 -0.190804 -0.103611
v 0.841052 -0.224512 -0.119231
v -0.998585 0.092782 -0.139023
v -0.982259 0.092674 -0.123388
v -1.000163 0.047180 -0.123388
v -0.998585 0.092782 0.139024
v -1.000163 0.047180 0.123388
v -0.982259 0.092674 0.123388
v 0.840747 -0.296740 0.119230
v 0.862054 -0.233832 0.103610
v 0.862765 -0.288580 0.103267
v 0.841052 -0.224512 0.119230
v 0.862054 -0.233832 -0.103611
v 0.840747 -0.296740 -0.119231
v 0.862765 -0.288580 -0.103269
v 0.841052 -0.224512 -0.119231
v 0.919251 0.240309 -0.112640
v 0.919251 0.240309 0.112640
v 0.944085 0.272594 0.112640
v 0.944085 0.272594 -0.112640
v 0.919251 -0.305913 0.112640
v 0.919251 -0.305913 -0.112640
v -1.165209 0.321193 0.008945
v -1.171885 0.359562 -0.002268
v -1.171885 0.359562 0.002269
v -1.165209 0.321193 -0.008944
v -1.122791 0.187588 0.107055
v -1.122791 0.290479 -0.062406
v -1.122791 0.290479 0.062406
v -1.122791 0.187588 -0.107055
v -1.122791 -0.051172 -0.062406
v -1.122791 -0.026758 -0.107055
v -1.122791 -0.051172 0.062406
v -1.122791 -0.026758 0.107055
v -1.143484 0.320168 0.027210
v -1.143484 0.280579 0.027210
v -1.143484 0.320168 -0.027209
v -1.143484 0.280579 -0.027209
v -1.143484 0.267012 0.027210
v -1.143484 0.267012 -0.027209
v -1.143484 0.309168 0.000001
v -1.143484 0.329775 -0.049750
v -1.143484 0.323239 0.000001
v -1.143484 0.329775 0.049751
v -1.143484 0.339725 -0.039801
v -1.143484 0.339725 0.039802
v -1.143484 0.379526 -0.070358
v -1.143484 0.379526 0.070359
v -1.143484 0.379526 -0.056286
v -1.143484 0.379526 0.056287
v -1.143484 0.429276 -0.049750
v -1.143484 0.429276 0.049751
v -1.143484 0.419327 -0.039801
v -1.143484 0.419327 0.039802
v -1.143484 0.435813 0.000001
v -1.143484 0.449884 0.000001
v -1.266834 0.212772 0.000001
v -1.219651 0.212772 0.000000
v -1.266834 0.184791 -0.067553
v -1.219651 0.184791 -0.067553
v -1.219651 0.184791 0.067554
v -1.219651 0.117237 -0.095534
v -1.266834 0.184791 0.067554
v -1.266834 0.117237 -0.095534
v -1.219651 0.117237 0.095535
v -1.266834 0.049684 -0.067553
v -1.266834 0.117237 0.095536
v -1.219651 0.049684 -0.067553
v -1.219651 0.049684 0.067554
v -1.219651 0.021703 0.000000
v -1.266834 0.049684 0.067554
v -1.266834 0.021703 0.000001
v -1.731145 0.077011 0.040542
v -1.731145 0.077011 -0.040540
v -1.731145 0.158092 -0.040540
v -1.731145 0.117551 -0.057333
v -1.731145 0.060218 0.000001
v -1.731145 0.158092 0.040542
v -1.731145 0.117551 0.057335
v -1.731145 0.174885 0.000001
vn -1.0000 0.0005 -0.0005
vn -0.6391 0.7691 -0.0005
vn -0.5615 0.0005 -0.8274
vn -0.6024 -0.5515 -0.5770
vn -0.6024 0.5516 -0.5770
vn -0.6024 -0.5516 0.5770
vn -0.6391 -0.7691 -0.0005
vn -0.5615 0.0004 0.8274
vn -0.6024 0.5516 0.5770
vn -0.0005 0.6913 -0.7226
vn -0.0005 1.0000 -0.0005
vn -0.0005 0.0005 -1.0000
vn -0.0005 0.6913 0.7226
vn -0.0005 -0.6913 -0.7226
vn -0.0005 0.0005 1.0000
vn -0.0005 -1.0000 -0.0005
vn -0.0005 -0.6913 0.7226
vn -0.4999 0.8661 -0.0004
vn -0.4998 0.8661 -0.0004
vn -0.5000 0.6114 -0.6133
vn -0.5000 0.6114 0.6133
vn -0.4997 0.5896 -0.6345
vn -0.4997 0.5896 0.6345
vn -0.4998 0.0004 -0.8661
vn -0.4999 0.0004 0.8661
vn -0.4997 0.0005 -0.8662
vn -0.4998 0.0004 0.8661
vn -0.5000 -0.6114 -0.6133
vn -0.5000 -0.6114 0.6134
vn -0.4997 -0.5896 -0.6346
vn -0.4997 -0.5896 0.6345
vn -0.4997 -0.8662 -0.0005
vn -0.4999 -0.8661 -0.0004
vn -1.0000 0.0003 -0.0003
vn -1.0000 0.0004 -0.0004
vn -0.9852 0.1714 -0.0003
vn -0.9852 0.1714 -0.0000
vn -0.9852 0.1714 -0.0005
vn 0.5175 0.8557 -0.0005
vn 0.5177 0.8556 -0.0000
vn -0.4419 0.8971 -0.0005
vn 0.9955 0.0943 -0.0004
vn 0.9955 0.0942 -0.0003
vn 0.9778 -0.2097 -0.0005
vn 1.0000 0.0005 -0.0005
vn 0.9778 0.2096 -0.0005
vn 0.9778 0.2096 -0.0004
vn 0.9955 -0.0942 -0.0003
vn 0.9955 -0.0943 -0.0005
vn 0.5175 -0.8557 -0.0005
vn 0.5175 -0.8557 -0.0006
vn -0.4419 -0.8971 -0.0003
vn -0.4419 -0.8971 -0.0005
vn -0.9467 -0.3221 -0.0005
vn -0.6797 0.0659 -0.7305
vn -0.6291 -0.3368 -0.7005
vn -0.6805 0.0600 -0.7303
vn -0.6305 -0.3336 -0.7008
vn -0.4031 -0.5653 -0.7197
vn -0.3856 -0.5772 -0.7199
vn -0.6797 0.0659 0.7305
vn -0.6291 -0.3368 0.7005
vn -0.6305 -0.3336 0.7008
vn -0.6805 0.0600 0.7303
vn -0.4031 -0.5653 0.7197
vn -0.3856 -0.5771 0.7199
vn 0.4773 -0.3024 0.8251
vn 0.5533 -0.1158 0.8249
vn 0.4742 -0.3081 0.8248
vn 0.5444 -0.1421 0.8267
vn 0.4773 -0.3024 -0.8251
vn 0.5533 -0.1158 -0.8249
vn 0.5444 -0.1421 -0.8267
vn 0.4742 -0.3081 -0.8248
vn -0.7255 0.0620 -0.6854
vn -0.7033 -0.2087 -0.6796
vn -0.7254 0.0063 -0.6883
vn -0.7255 0.0620 0.6854
vn -0.7254 0.0063 0.6883
vn -0.7033 -0.2087 0.6796
vn 0.4557 -0.3394 -0.8229
vn 0.4741 -0.3081 -0.8248
vn 0.4556 -0.3394 -0.8229
vn 0.4741 -0.3081 0.8248
vn 0.4557 -0.3394 0.8229
vn 0.4556 -0.3394 0.8229
vn 0.5351 0.1617 0.8292
vn 0.5369 0.1509 0.8300
vn 0.5652 -0.0022 0.8249
vn 0.5351 0.1617 -0.8292
vn 0.5652 -0.0022 -0.8249
vn 0.5369 0.1509 -0.8300
vn 0.5282 0.2115 -0.8223
vn 0.5534 -0.1157 -0.8249
vn 0.5243 0.2213 -0.8223
vn 0.5445 -0.1421 -0.8267
vn 0.2711 0.4958 -0.8250
vn 0.5282 0.2116 -0.8224
vn 0.5242 0.2214 -0.8223
vn 0.2564 0.5024 -0.8257
vn 0.5445 -0.1421 0.8267
vn 0.5282 0.2115 0.8223
vn 0.5534 -0.1157 0.8249
vn 0.5243 0.2213 0.8223
vn 0.5282 0.2116 0.8223
vn 0.2711 0.4958 0.8250
vn 0.5242 0.2214 0.8223
vn 0.2564 0.5024 0.8257
vn -0.4732 -0.5524 0.6862
vn -0.1275 -0.7192 0.6831
vn -0.1353 -0.7175 0.6833
vn -0.5000 -0.5264 0.6877
vn -0.6831 -0.2583 0.6831
vn -0.6867 -0.2497 0.6827
vn -0.6969 0.1430 0.7027
vn -0.6911 0.1646 0.7038
vn -0.1275 -0.7192 -0.6830
vn -0.5000 -0.5264 -0.6877
vn -0.4732 -0.5524 -0.6862
vn -0.1353 -0.7175 -0.6833
vn -0.6831 -0.2583 -0.6831
vn -0.6867 -0.2497 -0.6827
vn -0.7107 0.1021 -0.6960
vn -0.7049 0.1313 -0.6971
vn 0.5369 0.1510 -0.8300
vn 0.3815 0.4245 -0.8211
vn 0.3896 0.4160 -0.8217
vn 0.5350 0.1618 -0.8292
vn 0.5350 0.1618 0.8292
vn 0.3896 0.4159 0.8217
vn 0.5369 0.1510 0.8300
vn 0.3815 0.4245 0.8211
vn -0.4882 0.5273 0.6954
vn -0.6969 0.1432 0.7027
vn -0.4782 0.5368 0.6951
vn -0.0728 0.7057 0.7047
vn -0.0807 0.7053 0.7043
vn -0.7049 0.1315 -0.6971
vn -0.4802 0.5193 -0.7069
vn -0.4644 0.5338 -0.7067
vn -0.0406 0.7215 -0.6912
vn -0.0210 0.7224 -0.6911
vn 0.4462 0.3435 -0.8264
vn 0.5641 0.0972 -0.8200
vn 0.4403 0.3513 -0.8263
vn 0.5672 0.0728 -0.8203
vn 0.5641 0.0972 0.8200
vn 0.4462 0.3435 0.8264
vn 0.4403 0.3513 0.8263
vn 0.5672 0.0728 0.8203
vn -0.0992 0.7157 0.6913
vn -0.5253 0.4862 0.6983
vn -0.0797 0.7179 0.6915
vn -0.5370 0.4734 0.6982
vn -0.7254 0.0064 0.6883
vn -0.7255 0.0621 0.6854
vn -0.0992 0.7157 -0.6913
vn -0.5253 0.4862 -0.6983
vn -0.5370 0.4735 -0.6982
vn -0.0797 0.7179 -0.6915
vn -0.7254 0.0064 -0.6883
vn -0.7255 0.0621 -0.6854
vn 0.5418 -0.1549 0.8261
vn 0.5329 -0.1793 0.8270
vn 0.3504 -0.4315 0.8313
vn 0.3690 -0.4139 0.8322
vn 0.5104 -0.2466 -0.8238
vn 0.5641 0.0337 -0.8250
vn 0.5640 0.0395 -0.8248
vn 0.5136 -0.2409 -0.8235
vn 0.3269 -0.4607 -0.8252
vn 0.3385 -0.4508 -0.8259
vn 0.3385 -0.4509 -0.8259
vn -0.0473 -0.5585 -0.8282
vn 0.3268 -0.4607 -0.8252
vn -0.0337 -0.5594 -0.8282
vn 0.5103 -0.2466 0.8239
vn 0.5642 0.0336 0.8250
vn 0.5137 -0.2409 0.8235
vn 0.5640 0.0395 0.8248
vn 0.3269 -0.4607 0.8252
vn 0.3385 -0.4508 0.8259
vn -0.0473 -0.5585 0.8282
vn 0.3385 -0.4509 0.8259
vn 0.3268 -0.4607 0.8252
vn -0.0337 -0.5595 0.8282
vn 0.5652 -0.1050 -0.8182
vn 0.4791 0.2916 -0.8279
vn 0.4802 0.2896 -0.8280
vn 0.5606 -0.1314 -0.8176
vn 0.4792 0.2915 0.8279
vn 0.5605 -0.1314 0.8176
vn 0.5652 -0.1050 0.8182
vn 0.4802 0.2896 0.8280
vn 0.8707 -0.4918 -0.0004
vn 0.3445 -0.9388 -0.0006
vn 0.9565 0.2918 -0.0006
vn 0.3446 -0.9388 -0.0004
vn 0.9565 0.2918 -0.0007
vn -0.1382 -0.9904 -0.0005
vn 0.9268 0.3756 -0.0004
vn -0.1383 -0.9904 -0.0004
vn -0.7984 -0.6021 -0.0005
vn 0.9766 -0.2153 -0.0003
vn 0.9765 -0.2153 -0.0004
vn 0.7917 -0.6109 -0.0005
vn 0.7917 -0.6109 -0.0000
vn 0.5311 -0.2155 -0.8194
vn 0.1969 -0.5240 -0.8287
vn 0.5220 -0.2417 -0.8180
vn 0.1608 -0.5329 -0.8308
vn 0.4996 0.2554 -0.8278
vn 0.4960 0.2643 -0.8272
vn 0.4959 0.2644 -0.8272
vn 0.4996 0.2555 -0.8278
vn 0.3407 0.5416 -0.7685
vn 0.5311 -0.2155 0.8194
vn 0.1969 -0.5240 0.8287
vn 0.1608 -0.5329 0.8308
vn 0.5220 -0.2418 0.8180
vn 0.5312 -0.2155 0.8194
vn 0.4996 0.2554 0.8277
vn 0.5220 -0.2417 0.8180
vn 0.4959 0.2643 0.8272
vn 0.4959 0.2644 0.8272
vn 0.3407 0.5416 0.7685
vn 0.4996 0.2555 0.8278
vn 0.1480 0.5319 0.8338
vn 0.4431 0.3503 0.8252
vn 0.1511 0.5303 0.8343
vn 0.4566 0.3335 0.8248
vn 0.5640 0.0396 0.8248
vn 0.5641 0.0338 0.8250
vn 0.1481 0.5319 -0.8338
vn 0.4431 0.3503 -0.8252
vn 0.4566 0.3335 -0.8248
vn 0.1510 0.5303 -0.8343
vn 0.5640 0.0396 -0.8248
vn 0.5642 0.0338 -0.8250
vn -0.6797 0.0660 -0.7305
vn -0.5490 0.4560 -0.7005
vn -0.5329 0.4742 -0.7009
vn -0.6805 0.0601 -0.7303
vn -0.5489 0.4561 -0.7005
vn -0.2710 0.6528 -0.7074
vn -0.5328 0.4743 -0.7008
vn -0.2301 0.6698 -0.7060
vn 0.1333 0.7086 -0.6929
vn 0.1391 0.7075 -0.6929
vn 0.0718 0.5586 -0.8264
vn 0.1527 0.5412 -0.8269
vn 0.0777 0.5577 -0.8264
vn -0.0210 0.5759 -0.8172
vn -0.0279 0.5769 -0.8163
vn -0.1217 0.5604 -0.8193
vn -0.1490 0.5506 -0.8213
vn -0.1901 0.5361 -0.8225
vn -0.1842 0.5388 -0.8221
vn -0.0356 0.5631 -0.8256
vn -0.0279 0.5631 -0.8259
vn 0.2116 0.5264 -0.8235
vn 0.2174 0.5243 -0.8233
vn 0.4402 0.3513 -0.8263
vn 0.4462 0.3436 -0.8264
vn 0.5640 0.0972 -0.8200
vn 0.5418 -0.1549 -0.8261
vn 0.5329 -0.1793 -0.8270
vn 0.3504 -0.4315 -0.8313
vn 0.3689 -0.4139 -0.8322
vn 0.1255 -0.5652 -0.8153
vn 0.0719 0.5586 0.8263
vn 0.0777 0.5577 0.8264
vn 0.1529 0.5408 0.8271
vn -0.0210 0.5759 0.8172
vn -0.0279 0.5769 0.8163
vn -0.1217 0.5604 0.8193
vn -0.1490 0.5506 0.8213
vn -0.1900 0.5360 0.8225
vn -0.1842 0.5388 0.8221
vn -0.0356 0.5631 0.8256
vn -0.0279 0.5631 0.8259
vn 0.2116 0.5264 0.8235
vn 0.2173 0.5244 0.8233
vn 0.4402 0.3513 0.8263
vn 0.4462 0.3436 0.8263
vn 0.1255 -0.5652 0.8153
vn 0.1256 -0.5652 0.8153
vn -0.6797 0.0660 0.7305
vn -0.5490 0.4560 0.7005
vn -0.6805 0.0601 0.7303
vn -0.5329 0.4742 0.7009
vn -0.2710 0.6528 0.7074
vn -0.5489 0.4561 0.7005
vn -0.5328 0.4743 0.7008
vn -0.2301 0.6698 0.7060
vn 0.1333 0.7086 0.6929
vn 0.1391 0.7075 0.6929
vn -0.9854 0.1705 -0.0005
vn 0.3690 -0.4139 -0.8322
vn 0.1256 -0.5652 -0.8153
vn 0.3504 -0.4316 -0.8313
vn -0.0005 0.0004 1.0000
vn -0.0005 -0.6913 0.7225
vn -0.0005 -0.6913 -0.7225
vn -0.0005 0.6913 -0.7225
vn -0.0005 0.6913 0.7225
vn -0.0000 0.0005 -1.0000
vn -0.2603 -0.5897 -0.7645
vn 0.2370 -0.6311 -0.7386
vn 0.1724 -0.6543 -0.7363
vn -0.2985 -0.5712 -0.7646
vn 0.2371 -0.6311 -0.7386
vn 0.4058 -0.5523 -0.7282
vn 0.1725 -0.6542 -0.7363
vn -0.2985 -0.5712 0.7646
vn 0.1724 -0.6543 0.7363
vn -0.2604 -0.5897 0.7645
vn 0.2371 -0.6316 0.7381
vn 0.2371 -0.6310 0.7386
vn 0.1725 -0.6542 0.7363
vn 0.4057 -0.5523 0.7282
vn 0.4059 -0.5945 -0.6941
vn 0.1667 -0.6953 -0.6992
vn 0.1823 -0.6923 -0.6982
vn 0.3894 -0.6074 -0.6924
vn 0.4766 -0.5320 -0.6998
vn 0.2818 0.6666 0.6901
vn 0.2928 0.6603 0.6916
vn 0.3493 0.6258 0.6974
vn 0.0836 0.7109 0.6983
vn 0.1148 0.7088 0.6960
vn 0.1667 -0.6953 0.6992
vn 0.4059 -0.5945 0.6941
vn 0.1823 -0.6923 0.6982
vn 0.3894 -0.6074 0.6924
vn 0.4766 -0.5320 0.6998
vn 0.2818 0.6666 -0.6901
vn 0.3493 0.6258 -0.6974
vn 0.2927 0.6603 -0.6916
vn 0.0836 0.7110 -0.6982
vn 0.1148 0.7088 -0.6960
vn 0.0307 -0.7077 0.7058
vn -0.3600 -0.6054 0.7099
vn -0.3776 -0.5935 0.7108
vn 0.0131 -0.7085 0.7056
vn -0.4704 -0.5241 0.7100
vn -0.4694 -0.5252 0.7098
vn -0.3601 -0.6142 0.7022
vn -0.3386 -0.6298 0.6991
vn -0.1236 -0.7002 0.7032
vn -0.1256 -0.7000 0.7030
vn 0.2175 0.5243 -0.8233
vn 0.2175 0.5243 0.8233
vn 0.4462 0.3436 0.8264
vn -0.0180 0.5527 -0.8332
vn -0.0307 0.5525 -0.8329
vn -0.0180 0.5527 0.8332
vn -0.0307 0.5525 0.8329
vn 0.3896 0.4160 0.8217
vn 0.5652 -0.1051 -0.8182
vn 0.3874 -0.4392 -0.8105
vn 0.5605 -0.1315 -0.8176
vn 0.3836 -0.4422 -0.8107
vn -0.0639 -0.5426 -0.8376
vn -0.0708 -0.5416 -0.8376
vn -0.0005 0.8125 0.5829
vn -0.0004 0.8125 0.5829
vn -0.0004 0.8125 -0.5829
vn -0.0005 0.8125 -0.5829
vn -0.0005 0.9181 0.3962
vn -0.0005 0.9181 -0.3962
vn 0.3874 -0.4392 0.8105
vn 0.5652 -0.1051 0.8182
vn 0.5606 -0.1315 0.8176
vn 0.3836 -0.4422 0.8107
vn -0.0639 -0.5426 0.8376
vn -0.0708 -0.5416 0.8376
vn -0.0005 0.9769 -0.2135
vn -0.0003 0.9112 -0.4120
vn -0.0005 0.9769 -0.2136
vn -0.0005 0.9769 0.2136
vn -0.0004 0.9112 0.4119
vn 0.3444 -0.5662 -0.7489
vn 0.6208 -0.2057 -0.7565
vn 0.6216 -0.2037 -0.7564
vn 0.3425 -0.5672 -0.7490
vn -0.1216 -0.6424 -0.7567
vn -0.1050 -0.6453 -0.7567
vn 0.3444 -0.5662 0.7489
vn 0.6216 -0.2037 0.7564
vn 0.6207 -0.2057 0.7566
vn 0.3425 -0.5672 0.7490
vn -0.1216 -0.6424 0.7567
vn -0.1050 -0.6453 0.7567
vn 0.0738 -0.6894 -0.7206
vn -0.3767 -0.5906 -0.7137
vn 0.0689 -0.6896 -0.7209
vn -0.3817 -0.5869 -0.7140
vn -0.4205 -0.5690 -0.7067
vn -0.4391 -0.5534 -0.7078
vn -0.1725 -0.6891 -0.7038
vn -0.1646 -0.6911 -0.7038
vn 0.1558 -0.6921 -0.7048
vn -0.1724 -0.6892 -0.7038
vn -0.1645 -0.6911 -0.7038
vn 0.1460 -0.6941 -0.7049
vn -0.1705 -0.9854 -0.0005
vn -0.1705 -0.9854 -0.0006
vn 0.1159 0.5556 -0.8234
vn 0.4801 0.2897 -0.8280
vn 0.1305 0.5525 -0.8232
vn 0.4801 0.2897 0.8280
vn 0.1305 0.5525 0.8232
vn 0.4791 0.2916 0.8279
vn 0.1159 0.5556 0.8234
vn 0.6706 0.1070 -0.7341
vn 0.6812 0.1411 -0.7183
vn 0.6805 0.1158 -0.7235
vn 0.6676 0.1187 -0.7350
vn 0.6676 0.1187 0.7350
vn 0.6805 0.1158 0.7235
vn 0.6706 0.1070 0.7341
vn 0.6812 0.1411 0.7183
vn 0.3504 -0.4316 0.8313
vn 0.3689 -0.4139 0.8322
vn 0.2928 0.6603 -0.6916
vn -0.3855 -0.5772 -0.7199
vn 0.0180 -0.6996 -0.7143
vn 0.0327 -0.6989 -0.7145
vn -0.3855 -0.5772 0.7199
vn 0.0327 -0.6989 0.7145
vn 0.0180 -0.6996 0.7143
vn -0.4030 -0.5653 0.7197
vn 0.3895 -0.6074 0.6924
vn 0.1237 -0.5636 -0.8168
vn 0.0914 -0.5673 -0.8184
vn 0.0721 -0.5722 -0.8169
vn 0.1099 -0.5671 -0.8163
vn 0.6034 0.2917 -0.7422
vn 0.6053 0.2878 -0.7421
vn 0.4197 0.5085 -0.7518
vn 0.3767 0.5369 -0.7548
vn 0.1237 -0.5636 0.8168
vn 0.0914 -0.5673 0.8184
vn 0.1099 -0.5671 0.8163
vn 0.0719 -0.5713 0.8176
vn 0.6053 0.2878 0.7421
vn 0.6034 0.2917 0.7421
vn 0.4197 0.5085 0.7518
vn 0.3767 0.5369 0.7548
vn -0.0005 -0.9181 0.3963
vn -0.0005 -0.9181 -0.3963
vn -0.0005 -0.3668 0.9303
vn -0.0005 -0.3668 -0.9303
vn 0.5893 -0.4057 -0.6986
vn 0.7087 0.0308 -0.7048
vn 0.6064 -0.3787 -0.6992
vn 0.3044 -0.6532 -0.6933
vn 0.7089 0.0229 -0.7049
vn 0.2700 -0.6695 -0.6920
vn 0.6024 0.4040 -0.6884
vn -0.1274 -0.7192 -0.6830
vn 0.6072 0.3971 -0.6882
vn 0.3464 0.6319 -0.6934
vn 0.3240 0.6436 -0.6934
vn -0.6969 0.1431 -0.7028
vn -0.6911 0.1646 -0.7038
vn -0.7254 0.0064 -0.6882
vn -0.4882 0.5274 -0.6954
vn -0.4782 0.5368 -0.6951
vn -0.0728 0.7057 -0.7048
vn -0.0806 0.7053 -0.7043
vn 0.3833 0.6040 -0.6988
vn 0.3777 0.6082 -0.6981
vn 0.4248 0.5849 -0.6910
vn 0.4430 0.5700 -0.6920
vn 0.2291 0.6922 -0.6844
vn 0.2232 0.6941 -0.6844
vn 0.0678 0.7195 -0.6911
vn 0.0679 0.7195 -0.6911
vn -0.0095 0.7176 -0.6964
vn -0.1304 0.7069 -0.6952
vn 0.0835 0.7110 -0.6983
vn 0.1148 0.7088 -0.6961
vn -0.1177 0.7085 -0.6958
vn -0.0004 0.2926 -0.9562
vn -0.0003 0.2926 -0.9562
vn -0.1304 0.7061 0.6961
vn 0.0835 0.7110 0.6983
vn -0.1177 0.7085 0.6958
vn 0.1147 0.7088 0.6961
vn 0.5893 -0.4057 0.6987
vn 0.7087 0.0308 0.7048
vn 0.7089 0.0229 0.7050
vn 0.6064 -0.3787 0.6992
vn 0.6024 0.4040 0.6884
vn 0.3044 -0.6532 0.6933
vn 0.6072 0.3971 0.6882
vn 0.2701 -0.6695 0.6920
vn 0.3464 0.6318 0.6934
vn -0.1274 -0.7192 0.6830
vn 0.3240 0.6436 0.6934
vn -0.0796 0.7179 0.6915
vn -0.5370 0.4735 0.6982
vn -0.7107 0.1021 0.6960
vn -0.7049 0.1314 0.6971
vn -0.4644 0.5338 0.7067
vn -0.4802 0.5193 0.7069
vn -0.0406 0.7215 0.6912
vn -0.0210 0.7224 0.6912
vn 0.3700 0.6182 0.6935
vn 0.3843 0.6079 0.6948
vn 0.4825 0.5342 0.6941
vn 0.4802 0.5362 0.6942
vn 0.3609 0.6305 0.6872
vn 0.3384 0.6461 0.6842
vn 0.1783 0.7088 0.6825
vn 0.1774 0.7090 0.6826
vn 0.0434 0.7195 0.6931
vn 0.0425 0.7195 0.6932
vn -0.0095 0.7176 0.6964
vn -0.0004 0.2926 0.9562
vn -0.0005 0.2927 0.9562
vn -0.0005 0.2008 -0.9796
vn -0.0005 -0.4784 -0.8781
vn -0.0005 0.2008 0.9796
vn -0.0004 -0.4784 0.8781
vn -0.0005 -0.4784 0.8781
vn -0.0005 0.3667 -0.9303
vn -0.0005 -0.3667 -0.9303
vn -0.0005 0.3668 -0.9303
vn -0.0005 0.9181 -0.3963
vn -0.5440 0.1500 0.8255
vn -0.5201 -0.2144 0.8267
vn -0.5524 0.1265 0.8239
vn -0.5162 -0.2232 0.8269
vn -0.2437 -0.5114 0.8241
vn -0.2565 -0.5066 0.8232
vn 0.1968 -0.5240 0.8287
vn 0.1607 -0.5329 0.8308
vn 0.4996 0.2554 0.8278
vn -0.5201 -0.2144 -0.8267
vn -0.5524 0.1265 -0.8239
vn -0.5162 -0.2232 -0.8269
vn -0.5440 0.1500 -0.8255
vn -0.2437 -0.5114 -0.8241
vn -0.2565 -0.5066 -0.8232
vn 0.1968 -0.5240 -0.8287
vn 0.1607 -0.5329 -0.8308
vn 0.4959 0.2643 -0.8272
vn -0.0004 0.0004 -1.0000
vn -0.0005 0.3667 0.9303
vn -0.0005 -0.3667 0.9303
vn -0.0005 0.3668 0.9303
vn -0.0005 0.9181 0.3963
vn -0.0004 0.0004 1.0000
vn -0.0356 0.5630 -0.8257
vn -0.0278 0.5631 -0.8259
vn -0.0356 0.5630 0.8257
vn 0.2174 0.5243 0.8233
vn -0.0278 0.5631 0.8259
vn 0.2456 0.0601 -0.9675
vn 0.2114 0.0160 -0.9773
vn 0.2456 0.0600 0.9675
vn 0.2114 0.0161 0.9773
vn -0.1217 -0.6424 -0.7567
vn -0.5419 -0.3905 -0.7442
vn -0.5486 -0.3816 -0.7440
vn -0.1051 -0.6453 -0.7567
vn -0.5419 -0.3904 -0.7442
vn -0.5486 -0.3815 -0.7440
vn -0.6827 -0.0855 -0.7257
vn 0.6208 -0.2056 -0.7565
vn -0.6789 -0.0484 -0.7326
vn 0.6216 -0.2036 -0.7564
vn -0.6687 -0.0308 -0.7429
vn 0.6105 0.2566 -0.7493
vn -0.6687 -0.0474 -0.7420
vn 0.6003 0.2809 -0.7488
vn -0.6510 -0.1968 -0.7331
vn 0.2438 0.6102 -0.7538
vn -0.6521 -0.1929 -0.7332
vn 0.2233 0.6180 -0.7538
vn -0.5830 -0.3573 -0.7297
vn -0.5661 -0.3805 -0.7312
vn -0.5035 -0.4588 -0.7321
vn -0.3844 0.5846 -0.7145
vn -0.4666 0.5418 -0.6991
vn -0.7891 0.2839 -0.5448
vn -0.5419 -0.3904 0.7442
vn -0.5486 -0.3815 0.7440
vn -0.6827 -0.0855 0.7257
vn -0.6789 -0.0484 0.7327
vn -0.6687 -0.0308 0.7429
vn -0.6687 -0.0474 0.7420
vn 0.6208 -0.2056 0.7566
vn -0.6510 -0.1968 0.7331
vn 0.6216 -0.2036 0.7564
vn -0.6521 -0.1929 0.7332
vn 0.6105 0.2566 0.7493
vn -0.5830 -0.3572 0.7297
vn -0.5661 -0.3805 0.7312
vn -0.5035 -0.4588 0.7321
vn 0.6003 0.2809 0.7488
vn 0.2438 0.6102 0.7538
vn 0.2232 0.6180 0.7538
vn -0.3844 0.5846 0.7145
vn -0.4666 0.5418 0.6991
vn -0.7891 0.2837 0.5448
vn -0.1217 -0.6424 0.7567
vn -0.5419 -0.3905 0.7442
vn -0.1051 -0.6453 0.7567
vn -0.5485 -0.3815 0.7440
vn 0.5415 0.4010 -0.7389
vn 0.1882 0.6386 -0.7462
vn 0.1715 0.6424 -0.7469
vn 0.5478 0.3934 -0.7384
vn 0.5478 0.3933 -0.7384
vn 0.5416 0.4009 -0.7389
vn 0.1882 0.6386 0.7461
vn 0.5415 0.4010 0.7389
vn 0.1715 0.6424 0.7469
vn 0.5478 0.3934 0.7384
vn 0.5416 0.4009 0.7389
vn 0.5478 0.3933 0.7384
vn 0.6812 0.1412 0.7183
vn -0.0473 -0.5730 -0.8182
vn 0.1236 -0.5636 -0.8168
vn -0.0776 -0.5710 -0.8172
vn -0.1636 0.5485 -0.8200
vn 0.1480 0.5319 -0.8338
vn -0.1647 0.5488 -0.8196
vn 0.5641 0.0396 -0.8248
vn 0.5103 -0.2466 -0.8239
vn -0.0474 -0.5585 -0.8282
vn -0.0337 -0.5595 -0.8282
vn -0.4158 -0.3865 -0.8233
vn -0.4185 -0.3824 -0.8238
vn -0.5624 -0.0308 -0.8263
vn -0.5601 -0.0532 -0.8267
vn -0.4528 0.3453 -0.8220
vn -0.4510 0.3474 -0.8222
vn -0.0308 0.5525 -0.8329
vn -0.0181 0.5527 -0.8332
vn 0.5651 -0.0022 -0.8250
vn -0.0473 -0.5730 0.8182
vn -0.0776 -0.5710 0.8172
vn 0.1236 -0.5636 0.8168
vn -0.1636 0.5485 0.8200
vn -0.1647 0.5488 0.8196
vn 0.1510 0.5303 0.8343
vn 0.5641 0.0337 0.8250
vn 0.5136 -0.2409 0.8235
vn -0.0474 -0.5585 0.8282
vn -0.4158 -0.3865 0.8233
vn -0.4185 -0.3824 0.8238
vn -0.5624 -0.0308 0.8263
vn -0.5601 -0.0532 0.8267
vn -0.4528 0.3453 0.8220
vn -0.4509 0.3473 0.8222
vn -0.0308 0.5525 0.8329
vn -0.0181 0.5527 0.8332
vn 0.5651 -0.0022 0.8250
vn -0.1236 -0.7002 0.7031
vn 0.1735 -0.6875 0.7051
vn -0.1255 -0.7001 0.7030
vn 0.1783 -0.6864 0.7050
vn 0.1822 -0.6923 0.6982
vn -0.1733 -0.6988 0.6940
vn -0.1353 -0.7040 0.6972
vn 0.1666 -0.6953 0.6992
vn -0.1353 -0.7040 -0.6972
vn 0.1822 -0.6923 -0.6982
vn 0.1666 -0.6953 -0.6992
vn -0.1733 -0.6988 -0.6940
vn -0.0003 0.1714 -0.9852
vn -0.0005 0.1714 -0.9852
vn -0.0003 0.1714 0.9852
vn -0.0005 0.1714 0.9852
vn -0.2986 -0.5711 -0.7646
vn -0.6297 -0.2301 -0.7420
vn -0.6218 -0.2535 -0.7410
vn -0.2604 -0.5896 -0.7645
vn -0.6297 -0.2301 0.7420
vn -0.2986 -0.5711 0.7646
vn -0.6218 -0.2535 0.7410
vn -0.2604 -0.5896 0.7645
vn -0.0005 -0.9678 0.2516
vn -0.0005 -0.9678 -0.2516
vn -0.0005 -0.4784 0.8782
vn -0.0004 -0.4784 0.8782
vn -0.0005 -0.4784 -0.8782
vn -0.1498 -0.5336 -0.8324
vn -0.1528 -0.5327 -0.8324
vn -0.1499 -0.5336 0.8323
vn -0.1528 -0.5327 0.8324
vn -0.9947 -0.1030 -0.0004
vn -0.9897 0.1430 -0.0004
vn -0.9947 -0.1029 -0.0003
vn -0.8270 -0.5622 -0.0005
vn -0.8270 -0.5622 -0.0000
vn 0.6105 0.2567 -0.7493
vn 0.6003 0.2808 -0.7488
vn 0.0777 0.5576 -0.8264
vn 0.0719 0.5586 -0.8263
vn 0.1529 0.5408 -0.8271
vn -0.0278 0.5769 -0.8163
vn 0.0777 0.5576 0.8264
vn 0.1527 0.5412 0.8269
vn 0.0718 0.5586 0.8263
vn 0.6105 0.2567 0.7493
vn 0.2233 0.6180 0.7538
vn 0.6003 0.2808 0.7488
vn -0.2564 -0.5066 -0.8232
vn -0.2437 -0.5114 -0.8240
vn -0.2437 -0.5114 0.8240
vn -0.2564 -0.5066 0.8232
vn 0.0718 -0.5713 0.8176
vn -0.0581 -0.5720 0.8182
vn -0.0650 -0.5711 0.8183
vn 0.0718 -0.5713 -0.8176
vn -0.0581 -0.5720 -0.8182
vn -0.0650 -0.5711 -0.8183
vn 0.9960 0.0894 -0.0004
vn 0.8142 0.5806 -0.0005
vn 0.9897 -0.1430 -0.0003
vn 0.9897 -0.1430 -0.0004
vn -0.1646 0.5418 0.8242
vn 0.2563 0.5025 0.8257
vn -0.1324 0.5477 0.8261
vn 0.2563 0.5025 -0.8257
vn -0.1646 0.5418 -0.8242
vn -0.1324 0.5477 -0.8261
vn 0.4196 0.5086 0.7518
vn 0.3767 0.5370 0.7548
vn 0.2237 0.6248 0.7481
vn 0.4196 0.5086 -0.7518
vn 0.2237 0.6248 -0.7481
vn 0.3767 0.5370 -0.7549
vn -0.2359 0.6930 0.6813
vn -0.2379 0.6922 0.6814
vn -0.2496 0.6911 0.6784
vn -0.1305 0.7069 0.6952
vn -0.2359 0.6930 -0.6813
vn -0.2495 0.6910 -0.6785
vn -0.2379 0.6922 -0.6814
vn -0.1305 0.7069 -0.6952
vn -0.1499 -0.5336 0.8324
vn -0.4362 -0.3590 0.8251
vn -0.4478 -0.3452 0.8248
vn -0.5620 -0.0483 0.8257
vn -0.5621 -0.0445 0.8259
vn -0.5096 0.2467 0.8243
vn -0.5125 0.2409 0.8242
vn -0.2769 0.4830 0.8307
vn -0.2944 0.4712 0.8315
vn 0.1158 0.5556 0.8233
vn 0.4802 0.2897 0.8280
vn 0.3874 -0.4392 0.8106
vn -0.0640 -0.5426 0.8376
vn -0.0708 -0.5417 0.8376
vn -0.4772 -0.3131 0.8211
vn -0.4745 -0.3191 0.8204
vn -0.5781 0.0611 0.8137
vn -0.5788 0.0923 0.8103
vn -0.5605 0.3269 0.7609
vn -0.1216 0.5603 -0.8193
vn -0.1490 0.5507 -0.8213
vn -0.1499 -0.5336 -0.8324
vn -0.4362 -0.3590 -0.8251
vn -0.4478 -0.3452 -0.8248
vn -0.5621 -0.0483 -0.8257
vn -0.5621 -0.0444 -0.8259
vn -0.5096 0.2467 -0.8243
vn -0.5125 0.2409 -0.8242
vn -0.2769 0.4830 -0.8307
vn -0.2944 0.4712 -0.8315
vn 0.1158 0.5556 -0.8233
vn 0.4802 0.2897 -0.8280
vn 0.5606 -0.1315 -0.8176
vn -0.0640 -0.5426 -0.8376
vn -0.0708 -0.5417 -0.8376
vn -0.4772 -0.3131 -0.8211
vn -0.4745 -0.3191 -0.8204
vn -0.5781 0.0611 -0.8137
vn -0.5788 0.0923 -0.8103
vn -0.5607 0.3270 -0.7607
vn 0.1148 0.7088 0.6961
vn -0.1216 0.5604 0.8193
vn -0.0278 0.5769 0.8163
vn -0.1490 0.5507 0.8213
vn 0.9854 -0.1705 -0.0003
vn 0.9854 -0.1705 -0.0006
vn 0.0434 0.7195 -0.6931
vn 0.0425 0.7195 -0.6932
vn 0.0679 0.7195 0.6912
vn 0.1881 0.6386 -0.7462
vn -0.2477 0.6132 -0.7501
vn 0.6706 0.1068 -0.7341
vn -0.2517 0.6114 -0.7502
vn -0.5986 0.2321 -0.7667
vn -0.5985 0.2330 -0.7665
vn 0.2233 0.6249 -0.7481
vn -0.2604 -0.5897 -0.7645
vn 0.1725 -0.6543 -0.7363
vn 0.2369 -0.6306 -0.7391
vn 0.4060 -0.5524 -0.7280
vn 0.1881 0.6386 0.7462
vn -0.2477 0.6132 0.7501
vn -0.2517 0.6114 0.7502
vn -0.5986 0.2321 0.7667
vn 0.6706 0.1068 0.7341
vn -0.5985 0.2330 0.7665
vn -0.6296 -0.2301 0.7420
vn 0.6034 0.2917 0.7422
vn 0.2233 0.6249 0.7481
vn 0.1725 -0.6543 0.7363
vn 0.2369 -0.6306 0.7391
vn 0.4060 -0.5524 0.7281
vn 0.1461 -0.6941 -0.7049
vn 0.3405 -0.6394 -0.6894
vn 0.1784 -0.6864 0.7050
vn 0.3405 -0.6394 0.6894
vn -0.5490 0.4561 -0.7005
vn -0.5328 0.4742 -0.7008
vn 0.1392 0.7075 -0.6929
vn 0.4420 0.5622 -0.6990
vn 0.4752 0.5319 -0.7009
vn 0.0181 -0.6996 -0.7143
vn 0.6611 0.2770 -0.6973
vn 0.6678 0.2633 -0.6962
vn 0.4284 -0.5427 -0.7225
vn 0.6992 -0.0845 -0.7099
vn 0.4351 -0.5376 -0.7222
vn 0.6921 -0.1206 -0.7116
vn 0.6424 -0.3161 -0.6981
vn 0.6455 -0.3093 -0.6983
vn 0.6665 -0.2623 -0.6978
vn 0.4500 -0.5233 -0.7236
vn 0.4645 -0.5095 -0.7244
vn 0.0308 -0.7077 -0.7058
vn 0.0132 -0.7085 -0.7056
vn -0.3600 -0.6054 -0.7099
vn -0.3776 -0.5935 -0.7107
vn -0.4704 -0.5241 -0.7100
vn -0.4694 -0.5252 -0.7098
vn -0.3601 -0.6142 -0.7022
vn -0.3386 -0.6298 -0.6991
vn -0.1236 -0.7002 -0.7032
vn -0.1255 -0.7000 -0.7030
vn 0.1735 -0.6875 -0.7051
vn 0.1783 -0.6864 -0.7050
vn -0.5490 0.4561 0.7005
vn -0.5328 0.4742 0.7008
vn 0.1392 0.7075 0.6929
vn -0.3856 -0.5772 0.7199
vn 0.4420 0.5622 0.6990
vn 0.0181 -0.6996 0.7143
vn 0.4752 0.5319 0.7009
vn 0.6611 0.2771 0.6973
vn 0.4284 -0.5427 0.7225
vn 0.6678 0.2633 0.6962
vn 0.4351 -0.5376 0.7222
vn 0.6822 -0.1314 0.7193
vn 0.6424 -0.3161 0.6981
vn 0.6455 -0.3093 0.6983
vn 0.6665 -0.2623 0.6978
vn 0.6748 -0.1588 0.7207
vn 0.4761 -0.5181 0.7106
vn 0.4674 -0.5270 0.7097
vn 0.0689 -0.6896 0.7209
vn 0.0738 -0.6894 0.7206
vn -0.3767 -0.5906 0.7136
vn -0.3817 -0.5869 0.7140
vn -0.4205 -0.5690 0.7067
vn -0.4391 -0.5534 0.7078
vn -0.1724 -0.6892 0.7038
vn -0.1645 -0.6911 0.7038
vn 0.1558 -0.6921 0.7048
vn 0.1461 -0.6941 0.7049
vn 0.1774 0.7090 -0.6826
vn 0.0435 0.7195 -0.6931
vn 0.1783 0.7088 -0.6825
vn 0.2564 0.5025 -0.8257
vn -0.4833 0.3377 -0.8077
vn -0.4999 0.3074 -0.8097
vn -0.5709 0.0093 -0.8210
vn -0.5680 -0.0112 -0.8230
vn -0.5377 -0.1686 -0.8261
vn 0.5533 -0.1157 0.8249
vn 0.5282 0.2116 0.8224
vn 0.5242 0.2213 0.8223
vn 0.2564 0.5026 0.8256
vn -0.4833 0.3377 0.8077
vn -0.4999 0.3074 0.8097
vn -0.5709 0.0093 0.8210
vn -0.5680 -0.0112 0.8230
vn -0.5381 -0.1683 0.8259
vn -0.0777 -0.5710 0.8172
vn -0.2915 -0.5162 0.8053
vn -0.0474 -0.5730 0.8182
vn -0.3044 -0.5096 0.8048
vn -0.1637 0.5484 0.8200
vn -0.3815 0.4089 0.8290
vn -0.3962 0.3924 0.8301
vn -0.1646 0.5486 0.8197
vn -0.2915 -0.5162 -0.8053
vn -0.0777 -0.5710 -0.8172
vn -0.0474 -0.5730 -0.8182
vn -0.3044 -0.5096 -0.8048
vn -0.6297 -0.2300 0.7420
vn -0.6297 -0.2300 -0.7420
vn -0.6024 -0.5516 -0.5770
vn -0.5616 0.0005 -0.8274
vn -0.6392 -0.7690 -0.0005
vn -0.5616 0.0005 0.8274
vn -0.6024 0.5516 0.5769
vn -0.6392 0.7690 -0.0005
vn -0.5616 0.0004 -0.8274
vn -0.1841 0.5388 -0.8221
vn -0.0357 0.5630 -0.8257
vn -0.0357 0.5630 0.8257
vn -0.1901 0.5361 0.8225
vn -0.1841 0.5388 0.8221
vn 0.2232 0.6941 0.6844
vn 0.2291 0.6922 0.6844
vn -0.5831 -0.3572 -0.7297
vn -0.5036 -0.4585 -0.7322
vn -0.5831 -0.3572 0.7297
vn -0.5036 -0.4585 0.7322
vn -0.5830 -0.3573 0.7297
vn -0.9522 0.3054 -0.0006
vn -0.9522 0.3054 -0.0005
vn -0.4580 0.8890 -0.0005
vn -0.5420 -0.3904 -0.7442
vn -0.5420 -0.3904 0.7442
vn -0.6789 -0.0484 0.7326
vn -0.1491 0.5506 -0.8213
vn -0.1217 0.5603 -0.8193
vn -0.1217 0.5603 0.8193
vn -0.1491 0.5506 0.8213
vn -0.0338 -0.5595 0.8282
vn -0.4157 -0.3865 0.8233
vn -0.1734 -0.6988 0.6939
vn -0.4497 -0.5923 0.6685
vn -0.1354 -0.7040 0.6972
vn -0.4627 -0.5829 0.6679
vn -0.0338 -0.5595 -0.8282
vn -0.4497 -0.5923 -0.6685
vn -0.1734 -0.6988 -0.6939
vn -0.1354 -0.7040 -0.6972
vn -0.4627 -0.5829 -0.6679
vn -0.2615 -0.4989 -0.8263
vn -0.2574 -0.5016 -0.8259
vn -0.0582 -0.5720 -0.8182
vn -0.4547 -0.3473 -0.8201
vn -0.4604 -0.3404 -0.8199
vn -0.2617 -0.4986 0.8264
vn -0.2574 -0.5016 0.8259
vn -0.0582 -0.5720 0.8182
vn -0.4547 -0.3473 0.8201
vn -0.4604 -0.3404 0.8198
vn -0.4509 0.3474 0.8222
vn -0.4527 0.3454 0.8220
vn -0.2495 0.6910 -0.6784
vn -0.4527 0.3454 -0.8220
vn -0.4509 0.3474 -0.8222
vn -0.2495 0.6910 0.6784
vn 0.4283 -0.5427 -0.7225
vn 0.0328 -0.6989 -0.7145
vn 0.4351 -0.5377 -0.7222
vn -0.2916 -0.5162 -0.8053
vn -0.3970 -0.4558 -0.7966
vn -0.3044 -0.5096 -0.8047
vn 0.4283 -0.5427 0.7225
vn 0.0328 -0.6989 0.7145
vn 0.4351 -0.5377 0.7222
vn -0.2916 -0.5162 0.8053
vn -0.3044 -0.5096 0.8047
vn -0.3970 -0.4558 0.7966
vn -0.6789 -0.0483 -0.7327
vn 0.1714 0.6424 -0.7469
vn -0.2517 0.6115 -0.7502
vn 0.1881 0.6387 -0.7461
vn -0.6789 -0.0483 0.7327
vn 0.1714 0.6424 0.7469
vn -0.2477 0.6133 0.7500
vn -0.3815 0.4089 -0.8290
vn -0.1638 0.5489 -0.8197
vn -0.3962 0.3924 -0.8301
vn -0.1637 0.5489 -0.8197
vn -0.5361 0.1677 -0.8274
vn -0.3963 0.3923 -0.8301
vn -0.3816 0.4089 -0.8290
vn -0.5466 0.1373 -0.8260
vn 0.3833 0.6040 0.6987
vn -0.0806 0.7053 0.7043
vn -0.0727 0.7057 0.7047
vn 0.3777 0.6082 0.6981
vn 0.4245 0.5847 0.6913
vn 0.4430 0.5699 0.6921
vn 0.2229 0.6934 0.6852
vn -0.2518 0.6114 0.7502
vn -0.2478 0.6132 0.7500
vn -0.5984 0.2331 0.7665
vn -0.2478 0.6132 -0.7500
vn -0.5985 0.2331 -0.7665
vn -0.0405 0.7215 -0.6912
vn 0.3843 0.6079 -0.6948
vn 0.3700 0.6182 -0.6935
vn -0.0209 0.7224 -0.6911
vn 0.4823 0.5341 -0.6944
vn 0.4802 0.5362 -0.6942
vn 0.3610 0.6305 -0.6871
vn 0.3384 0.6461 -0.6842
vn -0.4498 -0.5923 -0.6685
vn -0.5780 -0.4869 -0.6549
vn -0.4628 -0.5829 -0.6679
vn -0.4498 -0.5923 0.6685
vn -0.4628 -0.5829 0.6679
vn -0.5780 -0.4869 0.6549
vn -0.3843 0.5846 -0.7145
vn 0.2232 0.6180 -0.7538
vn -0.4665 0.5418 -0.6991
vn 0.2437 0.6102 -0.7538
vn -0.3843 0.5846 0.7145
vn -0.4665 0.5418 0.6991
vn -0.5162 -0.2232 -0.8268
vn -0.2438 -0.5114 -0.8240
vn -0.5201 -0.2144 -0.8268
vn -0.2438 -0.5114 0.8240
vn -0.5162 -0.2233 0.8269
vn -0.5201 -0.2144 0.8268
vn -0.7892 0.2834 -0.5449
vn -0.7891 0.2839 0.5448
vn -0.9337 -0.3581 -0.0006
vn -0.9325 0.3611 -0.0004
vn -0.9326 0.3610 -0.0005
vn -0.4139 0.9103 -0.0005
vn -0.9314 -0.3639 -0.0006
vn -0.4139 0.9103 -0.0004
vn -0.4579 0.8890 -0.0005
vn -0.9314 -0.3639 -0.0005
vn -0.9631 0.2692 -0.0004
vn -0.8198 0.5727 -0.0003
vn -0.8198 0.5727 -0.0005
vn -0.4567 0.3375 -0.8231
vn -0.4743 0.3072 -0.8250
vn -0.4774 0.3015 -0.8253
vn -0.4743 0.3072 0.8250
vn -0.4567 0.3375 0.8231
vn -0.4774 0.3015 0.8253
vn -0.5709 0.0092 0.8210
vn -0.5680 -0.0113 0.8230
vn -0.5378 -0.1685 0.8260
vn -0.5709 0.0092 -0.8210
vn -0.5381 -0.1683 -0.8259
vn -0.5680 -0.0113 -0.8229
vn -0.4185 -0.3823 0.8238
vn -0.4158 -0.3864 0.8233
vn -0.4185 -0.3823 -0.8238
vn -0.5601 -0.0533 -0.8267
vn -0.4158 -0.3864 -0.8233
vn -0.0005 0.0004 -1.0000
vn -0.0000 0.0004 -1.0000
vn -0.5620 -0.0483 -0.8257
vn -0.2944 0.4711 -0.8315
vn -0.2768 0.4830 -0.8307
vn 0.1158 0.5556 -0.8234
vn 0.1304 0.5526 -0.8232
vn -0.5440 0.1501 -0.8255
vn -0.5440 0.1501 0.8256
vn -0.4744 -0.3191 -0.8204
vn -0.0709 -0.5416 -0.8376
vn -0.5621 -0.0444 0.8258
vn -0.2944 0.4711 0.8315
vn 0.1304 0.5526 0.8232
vn -0.5620 -0.0484 -0.8257
vn -0.5621 -0.0445 -0.8259
vn -0.1529 -0.5327 -0.8324
vn -0.0709 -0.5416 0.8376
vn -0.4744 -0.3191 0.8204
vn -0.5620 -0.0484 0.8257
vn -0.1528 -0.5326 0.8324
vn -0.4509 0.3473 -0.8222
vn -0.5624 -0.0307 -0.8263
vn -0.5624 -0.0307 0.8263
vn -0.3971 -0.4557 -0.7966
vn 0.1099 -0.5672 -0.8162
vn -0.2614 -0.4989 -0.8263
vn -0.4548 -0.3473 -0.8201
vn -0.4604 -0.3403 -0.8199
vn -0.5586 -0.1334 -0.8186
vn -0.5653 -0.1031 -0.8184
vn -0.5467 0.1373 -0.8260
vn -0.5361 0.1676 -0.8273
vn -0.3816 0.4090 -0.8290
vn -0.3962 0.3923 -0.8301
vn 0.1099 -0.5672 0.8162
vn -0.4548 -0.3473 0.8201
vn -0.4605 -0.3403 0.8198
vn -0.5586 -0.1334 0.8186
vn -0.5653 -0.1031 0.8184
vn -0.5466 0.1373 0.8261
vn -0.5361 0.1676 0.8273
vn -0.3962 0.3923 0.8301
vn -0.1325 0.5477 0.8262
vn -0.1647 0.5418 0.8242
vn -0.4832 0.3377 -0.8077
vn -0.1325 0.5477 -0.8261
vn -0.1647 0.5418 -0.8242
vn 0.7087 0.0307 -0.7048
vn 0.5893 -0.4057 -0.6987
vn -0.1274 -0.7192 -0.6831
vn 0.7087 0.0307 0.7048
vn 0.2700 -0.6695 0.6920
vn -0.1274 -0.7192 0.6831
vn -0.5573 -0.1334 0.8195
vn -0.5466 0.1372 0.8260
vn -0.3963 0.3923 0.8301
vn -0.3816 0.4089 0.8290
vn -0.5466 0.1373 0.8260
vn -0.4605 -0.3403 -0.8198
vn -0.4543 -0.3470 0.8205
vn 0.4500 -0.5233 0.7236
vn 0.6921 -0.1207 0.7116
vn 0.6992 -0.0846 0.7099
vn 0.4645 -0.5095 0.7244
vn 0.0308 -0.7077 0.7058
vn 0.0132 -0.7085 0.7056
vn 0.7089 0.0230 -0.7050
vn 0.3464 0.6318 -0.6934
vn -0.0991 0.7157 -0.6913
vn -0.0796 0.7179 -0.6915
vn 0.7089 0.0230 0.7050
vn -0.0991 0.7157 0.6913
vn 0.4761 -0.5181 -0.7105
vn 0.6822 -0.1314 -0.7193
vn 0.6748 -0.1588 -0.7207
vn 0.4674 -0.5270 -0.7097
vn 0.1334 0.7086 -0.6929
vn 0.6611 0.2771 -0.6973
vn 0.6822 -0.1313 -0.7193
vn 0.6748 -0.1587 -0.7207
vn 0.1334 0.7086 0.6929
vn 0.6992 -0.0845 0.7099
vn 0.6921 -0.1206 0.7116
vn -0.4999 0.3073 0.8097
vn -0.5680 -0.0112 0.8229
vn -0.4833 0.3376 0.8077
vn -0.4999 0.3073 -0.8097
vn -0.5680 -0.0112 -0.8229
vn -0.4833 0.3376 -0.8077
vn 0.6422 -0.3159 0.6984
vn -0.4773 -0.3131 -0.8211
vn -0.5781 0.0610 -0.8137
vn -0.4745 -0.3190 -0.8204
vn -0.5781 0.0610 0.8137
vn -0.4745 -0.3190 0.8204
vn -0.5604 0.3269 -0.7610
vn -0.5607 0.3269 0.7608
vn -0.5440 0.1501 -0.8256
vn 0.6666 -0.2623 0.6978
vn -0.5201 -0.2143 -0.8268
vn -0.5524 0.1264 -0.8239
vn -0.5163 -0.2231 -0.8269
vn -0.5524 0.1264 0.8239
vn -0.5201 -0.2143 0.8268
vn -0.5163 -0.2232 0.8268
vn -0.9467 0.3221 -0.0006
vn -0.9467 0.3221 -0.0005
vn -0.4419 0.8970 -0.0005
vn 0.9852 0.1714 -0.0003
vn 0.9852 0.1714 -0.0006
vn 1.0000 0.0004 -0.0004
vt 0.125000 1.000000
vt 0.250000 1.000000
vt 0.375000 1.000000
vt 0.000000 1.000000
vt 0.500000 1.000000
vt 0.625000 1.000000
vt 0.750000 1.000000
vt 0.875000 1.000000
vt 1.000000 1.000000
vt 0.490000 0.250000
vt 0.250000 0.490000
vt 0.080294 0.419706
vt 0.419706 0.419706
vt 0.080294 0.080294
vt 0.010000 0.250000
vt 0.250000 0.010000
vt 0.419706 0.080294
vt 0.000000 0.000000
vt 0.595313 0.000000
vt 0.375000 0.052133
vt 0.404686 0.000000
vt 0.375000 0.197867
vt 0.595314 0.250000
vt 0.404686 0.250000
vt 0.625000 0.197867
vt 0.625000 0.052133
vt 0.625000 0.750000
vt 0.375000 0.500000
vt 0.625000 0.500000
vt 0.375000 0.750000
vt 0.058000 0.250000
vt 0.114236 0.114236
vt 0.114236 0.385765
vt 0.250000 0.058000
vt 0.250000 0.442000
vt 0.385765 0.114236
vt 0.385765 0.385765
vt 0.442000 0.250000
vt 0.375000 0.570532
vt 0.445532 0.500000
vt 0.375000 0.679468
vt 0.445532 0.750000
vt 0.708316 0.750000
vt 0.708316 0.500000
vt 0.836196 0.750000
vt 0.836196 0.500000
vt 0.598600 0.750000
vt 0.598600 0.500000
vt 0.562500 0.500000
vt 0.562500 0.750000
vt 0.500000 0.500000
vt 0.500000 0.750000
vt 0.437500 0.500000
vt 0.437500 0.750000
vt 0.401400 0.500000
vt 0.401400 0.750000
vt 0.291684 0.750000
vt 0.291684 0.500000
vt 0.163804 0.500000
vt 0.163804 0.750000
vt 0.125000 0.750000
vt 0.125000 0.500000
vt 0.875000 0.500000
vt 0.875000 0.750000
vt 0.161426 0.500000
vt 0.161426 0.750000
vt 0.625000 0.250000
vt 0.375000 0.250000
vt 0.595314 0.750000
vt 0.625000 0.552133
vt 0.625000 0.697867
vt 0.595313 0.500000
vt 0.404686 0.750000
vt 0.404686 0.500000
vt 0.375000 0.552133
vt 0.375000 0.697867
vt 1.000000 0.500000
vt 0.750000 0.500000
vt 0.250000 0.500000
vt 0.000000 0.500000
vt 1.000000 0.809342
vt 0.875000 0.690658
vt 0.875000 0.809342
vt 1.000000 0.690658
vt 0.750000 0.809342
vt 0.750000 0.690658
vt 0.625000 0.809342
vt 0.625000 0.690658
vt 0.500000 0.809342
vt 0.500000 0.690658
vt 0.375000 0.809342
vt 0.375000 0.690658
vt 0.250000 0.690658
vt 0.250000 0.809342
vt 0.125000 0.690658
vt 0.125000 0.809342
vt 0.000000 0.690658
vt 0.000000 0.809342
vt 0.990000 0.250000
vt 0.885764 0.114236
vt 0.942000 0.250000
vt 0.885765 0.385765
vt 0.919706 0.080294
vt 0.919706 0.419706
vt 0.750000 0.058000
vt 0.750000 0.442000
vt 0.750000 0.010000
vt 0.750000 0.490000
vt 0.580294 0.080294
vt 0.580294 0.419706
vt 0.614236 0.114236
vt 0.614235 0.385764
vt 0.558000 0.250000
vt 0.510000 0.250000
vt 0.625000 0.000000
vt 0.875000 0.697867
vt 0.875000 0.552133
vt 0.125000 0.570532
vt 0.125000 0.679468
vt 0.125000 0.697867
vt 0.125000 0.552133
vt 0.445532 0.250000
vt 0.445532 1.000000
vt 0.595314 0.500000
vt 0.595313 0.250000
vt 0.595314 1.000000
vt 0.595313 0.750000
vt 0.404686 1.000000
vt 0.388214 0.250000
vt 0.611786 0.250000
vt 0.625000 0.416684
vt 0.625000 0.288804
vt 0.375000 0.416684
vt 0.375000 0.288804
vt 0.388214 1.000000
vt 0.375000 0.833316
vt 0.375000 0.961196
vt 0.611786 1.000000
vt 0.625000 0.833316
vt 0.625000 0.961196
vt 0.599880 0.250000
vt 0.375000 0.286426
vt 0.428931 0.250000
vt 0.625000 0.266966
vt 0.625000 0.983034
vt 0.375000 0.963574
vt 0.599880 1.000000
vt 0.428931 1.000000
vt 0.599880 0.000000
vt 0.428931 0.000000
vt 0.858034 0.750000
vt 0.858034 0.500000
vt 0.611786 0.000000
vt 0.388214 0.000000
vt 0.375000 0.000000
s 1
f 801/45/686 802/46/686 803/46/686
f 804/47/686 803/46/686 802/46/686
f 801/45/686 803/46/686 805/45/686
f 805/45/686 806/48/686 801/45/686
f 806/48/686 805/45/686 807/48/686
f 803/46/686 804/47/686 808/47/686
f 809/49/686 808/47/686 804/47/686
f 808/47/686 809/49/686 810/49/686
f 811/50/686 810/49/686 809/49/686
f 810/49/686 811/50/686 812/50/686
f 813/51/686 812/50/686 811/50/686
f 812/50/686 813/51/686 814/51/686
f 813/51/686 815/52/686 814/51/686
f 813/51/686 816/52/686 815/52/686
f 817/53/686 815/52/686 816/52/686
f 816/52/686 818/53/686 817/53/686
f 819/54/687 820/55/688 821/56/689
f 820/55/688 819/54/687 822/57/690
f 819/54/687 821/56/689 823/58/691
f 823/58/691 821/56/689 824/59/692
f 825/60/693 819/54/687 823/58/691
f 819/54/687 825/60/693 826/61/694
f 827/62/695 828/62/695 829/62/696
f 830/62/696 829/62/696 828/62/695
f 827/62/695 831/62/697 828/62/695
f 829/62/696 830/62/696 832/62/698
f 831/62/697 827/62/695 833/62/697
f 834/62/698 832/62/698 830/62/696
f 833/62/697 835/62/699 831/62/697
f 834/62/698 836/62/700 832/62/698
f 835/62/699 833/62/697 837/62/699
f 836/62/700 834/62/698 838/62/700
f 839/62/701 835/62/699 837/62/699
f 838/62/700 840/62/702 836/62/700
f 835/62/699 839/62/701 841/62/701
f 840/62/702 838/62/700 842/62/702
f 839/62/701 842/62/702 841/62/701
f 842/62/702 839/62/701 840/62/702
f 843/62/686 844/62/686 845/62/686
f 846/62/686 844/62/686 843/62/686
f 844/62/686 846/62/686 847/62/686
f 847/62/686 846/62/686 848/62/686
f 844/62/686 847/62/686 849/62/686
f 849/62/686 847/62/686 850/62/686
f 851/62/703 852/62/704 853/62/705
f 854/62/706 852/62/704 851/62/703
f 852/62/704 855/62/707 853/62/705
f 852/62/704 854/62/706 856/62/708
f 857/62/709 853/62/705 855/62/707
f 854/62/706 858/62/710 856/62/708
f 853/62/705 857/62/709 859/62/711
f 858/62/710 854/62/706 860/62/712
f 857/62/709 861/62/713 859/62/711
f 862/62/714 858/62/710 860/62/712
f 861/62/713 857/62/709 863/62/715
f 858/62/710 862/62/714 864/62/716
f 865/62/717 861/62/713 863/62/715
f 862/62/714 865/62/717 864/62/716
f 861/62/713 865/62/717 866/62/718
f 865/62/717 862/62/714 866/62/718
f 867/62/719 868/62/686 869/62/686
f 868/62/686 867/62/719 870/62/686
f 870/62/686 867/62/719 871/62/686
f 867/62/719 872/62/686 871/62/686
f 867/62/719 873/62/686 872/62/686
f 873/62/686 867/62/719 874/62/686
f 875/63/720 876/64/686 877/65/686
f 875/63/720 878/66/686 876/64/686
f 878/66/686 875/63/720 879/67/686
f 878/66/686 879/67/686 880/68/686
f 875/63/720 881/69/686 879/67/686
f 881/69/686 875/63/720 882/70/686
f 883/71/721 884/72/722 885/73/723
f 884/72/722 883/71/721 886/74/721
f 887/73/686 888/71/686 889/73/686
f 888/71/686 887/73/686 890/71/686
f 891/71/686 889/73/686 888/71/686
f 889/73/686 891/71/686 892/73/686
f 893/58/686 894/75/686 895/59/686
f 896/56/686 895/59/686 894/75/686
f 894/75/686 893/58/686 897/76/686
f 896/56/686 894/75/686 898/77/686
f 893/58/686 899/78/686 897/76/686
f 900/79/686 896/56/686 898/77/686
f 899/78/686 893/58/686 901/60/686
f 896/56/686 900/79/686 902/55/686
f 901/60/686 903/80/686 899/78/686
f 904/81/686 902/55/686 900/79/686
f 903/80/686 901/60/686 905/61/686
f 906/57/686 902/55/686 904/81/686
f 905/61/686 907/82/686 903/80/686
f 907/82/686 906/57/686 904/81/686
f 907/82/686 905/61/686 908/54/686
f 906/57/686 907/82/686 908/54/686
f 909/73/686 910/83/686 911/84/686
f 912/71/686 910/83/686 909/73/686
f 910/83/686 912/71/686 913/85/686
f 913/85/686 912/71/686 914/86/686
f 915/87/724 916/88/725 917/89/726
f 917/89/726 916/88/725 918/90/726
f 919/91/727 916/88/725 915/87/724
f 916/88/725 919/91/727 920/92/728
f 919/91/727 921/93/729 920/92/728
f 922/94/729 921/93/729 919/91/727
f 922/94/729 923/95/730 921/93/729
f 922/94/729 924/96/730 923/95/730
f 924/96/730 925/97/731 923/95/730
f 924/96/730 926/98/732 925/97/731
f 926/98/732 927/99/733 925/97/731
f 928/100/734 927/99/733 926/98/732
f 927/99/733 928/100/734 929/101/735
f 929/101/735 930/102/736 927/99/733
f 929/101/735 931/103/737 930/102/736
f 932/104/738 931/103/737 929/101/735
f 933/105/739 931/103/737 932/104/738
f 931/103/737 933/105/739 934/106/739
f 935/107/740 936/108/741 937/108/742
f 936/108/741 935/107/740 938/107/743
f 936/108/741 938/107/743 939/107/744
f 940/108/745 936/108/741 939/107/744
f 941/107/746 942/108/747 943/107/748
f 942/108/747 941/107/746 944/108/749
f 945/107/750 943/107/748 942/108/747
f 942/108/747 946/108/751 945/107/750
f 947/108/752 948/73/753 949/107/754
f 948/73/753 947/108/752 950/71/755
f 951/108/756 952/73/757 953/71/758
f 952/73/757 951/108/756 954/107/759
f 955/106/760 956/105/761 957/105/762
f 958/106/763 959/105/764 960/105/765
f 961/108/766 962/107/767 963/108/756
f 962/107/767 961/108/766 964/107/768
f 965/107/769 966/108/770 967/108/752
f 966/108/770 965/107/769 968/107/771
f 969/72/772 970/74/773 971/72/774
f 972/72/775 973/72/776 974/74/777
f 975/71/778 976/73/779 977/73/780
f 975/71/778 978/71/781 976/73/779
f 979/73/782 980/71/783 977/73/784
f 980/71/783 979/73/782 981/71/785
f 982/71/786 983/71/787 984/73/788
f 984/73/788 983/71/787 985/73/789
f 986/71/790 987/73/791 985/73/792
f 987/73/791 986/71/790 988/71/793
f 989/106/794 990/105/795 991/106/796
f 990/105/795 989/106/794 992/105/797
f 989/106/794 993/106/798 992/105/797
f 994/105/799 992/105/797 993/106/798
f 995/106/800 994/105/799 993/106/798
f 994/105/799 995/106/800 996/105/801
f 997/105/802 998/105/803 999/106/804
f 997/105/802 999/106/804 1000/106/805
f 1001/106/806 999/106/804 998/105/803
f 998/105/803 1002/105/807 1001/106/806
f 1002/105/807 1003/106/808 1001/106/806
f 1002/105/807 1004/105/809 1003/106/808
f 1005/74/810 1006/74/811 1007/72/812
f 1007/72/812 1008/72/813 1005/74/810
f 1009/72/814 1010/72/815 1011/74/816
f 1010/72/815 1012/74/817 1011/74/816
f 1013/105/818 1014/106/819 1015/106/820
f 1014/106/819 1013/105/818 1016/105/801
f 1017/106/821 1013/105/818 1015/106/820
f 1018/105/822 1013/105/818 1017/106/821
f 1019/105/823 1020/105/824 1021/106/825
f 1019/105/823 1021/106/825 1022/106/808
f 1023/105/826 1021/106/825 1020/105/824
f 1021/106/825 1023/105/826 1024/106/827
f 1025/73/828 1026/71/829 1027/71/830
f 1026/71/829 1025/73/828 1028/73/831
f 1029/71/832 1030/73/833 1031/71/834
f 1030/73/833 1029/71/832 1032/73/835
f 1033/105/836 1034/106/837 1035/106/838
f 1034/106/837 1033/105/836 1036/105/839
f 1034/106/837 1036/105/839 1037/105/840
f 1038/106/841 1034/106/837 1037/105/840
f 1039/105/842 1040/106/843 1041/105/844
f 1040/106/843 1039/105/842 1042/106/845
f 1043/105/846 1041/105/844 1040/106/843
f 1043/105/846 1040/106/843 1044/106/847
f 1045/73/835 1046/71/848 1047/73/849
f 1046/71/848 1045/73/835 1048/71/832
f 1049/71/850 1047/73/849 1046/71/848
f 1047/73/849 1049/71/850 1050/73/851
f 1051/72/852 1052/74/853 1053/72/854
f 1052/74/853 1051/72/852 1054/74/855
f 1051/72/852 1055/74/856 1054/74/855
f 1055/74/856 1051/72/852 1056/72/857
f 1057/72/858 1058/74/859 1055/74/860
f 1058/74/859 1057/72/858 1059/72/861
f 1060/72/862 1061/74/863 1062/74/864
f 1061/74/863 1060/72/862 1063/72/865
f 1064/74/866 1060/72/862 1062/74/864
f 1060/72/862 1064/74/866 1065/72/867
f 1066/74/868 1067/72/869 1064/74/870
f 1068/72/871 1067/72/869 1066/74/868
f 1069/73/872 1070/71/873 1071/73/874
f 1070/71/873 1069/73/872 1072/71/875
f 1073/71/876 1074/71/877 1075/73/878
f 1073/71/876 1075/73/878 1076/73/879
f 1077/72/880 1078/74/880 1079/74/881
f 1078/74/880 1077/72/880 1080/72/882
f 1079/74/881 1081/72/883 1077/72/880
f 1080/72/882 1082/74/884 1078/74/880
f 1079/74/881 1083/109/885 1081/72/883
f 1082/74/884 1080/72/882 1084/72/886
f 1079/74/881 1085/110/887 1083/109/885
f 1086/105/888 1083/109/885 1085/110/887
f 1083/109/885 1086/105/888 1087/106/888
f 1088/74/886 1082/74/884 1084/72/886
f 1088/74/886 1084/72/886 1089/72/889
f 1089/72/889 1090/74/890 1088/74/886
f 1090/74/890 1089/72/889 1091/72/891
f 1091/72/891 1092/74/892 1090/74/890
f 1093/74/893 1094/72/894 1095/72/895
f 1094/72/894 1093/74/893 1096/74/896
f 1097/72/897 1098/74/893 1095/72/895
f 1099/74/898 1098/74/893 1097/72/897
f 1099/74/899 1100/72/900 1101/74/901
f 1102/74/902 1103/72/903 1104/74/904
f 1103/72/903 1102/74/902 1105/72/905
f 1106/74/906 1107/72/907 1105/72/908
f 1107/72/907 1106/74/906 1108/74/909
f 1108/74/910 1109/74/911 1110/72/912
f 1111/74/913 1112/72/914 1113/72/915
f 1112/72/914 1111/74/913 1114/74/916
f 1114/74/916 1115/72/917 1112/72/914
f 1115/72/917 1114/74/916 1116/74/918
f 1117/74/919 1118/72/920 1119/74/921
f 1118/72/920 1117/74/919 1120/72/922
f 1121/72/923 1119/74/921 1118/72/920
f 1119/74/921 1121/72/923 1122/74/924
f 1123/107/925 1124/108/926 1125/107/927
f 1124/108/926 1123/107/925 1126/108/928
f 1127/108/929 1128/108/930 1125/107/931
f 1125/107/931 1128/108/930 1129/107/932
f 1129/107/932 1128/108/930 1130/108/933
f 1131/107/934 1129/107/932 1130/108/933
f 1132/72/935 1133/72/936 1134/73/937
f 1135/73/938 1132/72/935 1134/73/937
f 1132/72/935 1135/73/938 1136/72/939
f 1137/73/940 1136/72/939 1135/73/938
f 1136/72/939 1137/73/940 1138/72/941
f 1139/73/942 1138/72/941 1137/73/940
f 1138/72/941 1139/73/942 1140/72/943
f 1141/73/944 1140/72/943 1139/73/942
f 1140/72/943 1141/73/944 1142/72/945
f 1143/72/946 1142/72/945 1141/73/944
f 1141/73/944 1144/73/947 1143/72/946
f 1144/73/947 1145/72/948 1143/72/946
f 1144/73/947 1146/73/949 1145/72/948
f 1146/73/949 1147/72/950 1145/72/948
f 1147/72/950 1146/73/949 1148/73/831
f 1148/73/831 1149/72/951 1147/72/950
f 1149/72/951 1148/73/831 1150/73/952
f 1151/72/953 1149/72/951 1150/73/952
f 1150/73/952 1152/73/954 1151/72/953
f 1153/73/955 1151/72/953 1152/73/954
f 1151/72/953 1153/73/955 1154/72/955
f 1155/72/956 1156/73/957 1157/72/958
f 1155/72/956 1158/73/959 1156/73/957
f 1158/73/959 1155/72/956 1159/72/960
f 1159/72/960 1160/73/961 1158/73/959
f 1160/73/961 1159/72/960 1161/72/962
f 1161/72/962 1162/73/963 1160/73/961
f 1162/73/963 1161/72/962 1163/72/964
f 1163/72/964 1164/73/965 1162/73/963
f 1164/73/965 1163/72/964 1165/72/966
f 1164/73/965 1165/72/966 1166/72/967
f 1167/73/968 1164/73/965 1166/72/967
f 1168/72/969 1167/73/968 1166/72/967
f 1167/73/968 1168/72/969 1169/73/970
f 1170/72/832 1169/73/970 1168/72/969
f 1169/73/970 1170/72/832 1171/73/835
f 1170/72/832 1172/72/848 1171/73/835
f 1173/73/849 1171/73/835 1172/72/848
f 1172/72/848 1174/72/850 1173/73/849
f 1175/73/851 1173/73/849 1174/72/850
f 1174/72/850 1176/73/971 1175/73/851
f 1176/73/971 1174/72/850 1177/72/972
f 1178/107/973 1179/108/974 1180/108/975
f 1179/108/974 1178/107/973 1181/107/976
f 1182/108/977 1183/108/978 1181/107/979
f 1182/108/977 1181/107/979 1184/107/980
f 1185/108/981 1182/108/977 1184/107/980
f 1185/108/981 1184/107/980 1186/107/982
f 1187/111/759 1188/73/757 1189/112/756
f 1190/72/758 1189/112/756 1188/73/757
f 1191/73/753 1192/111/754 1193/112/752
f 1191/73/753 1193/112/752 1194/72/755
f 1195/113/730 1196/114/730 1197/115/730
f 1196/114/730 1195/113/730 1198/116/730
f 1198/116/730 1195/113/730 1199/117/730
f 1199/117/730 1200/118/730 1198/116/730
f 1199/117/730 1201/119/730 1200/118/730
f 1201/119/730 1199/117/730 1202/120/730
f 1203/112/766 1204/111/767 1205/112/756
f 1204/111/767 1203/112/766 1206/111/766
f 1207/111/754 1208/111/771 1209/112/771
f 1207/111/754 1209/112/771 1210/112/752
f 1211/48/983 1212/62/983 1213/62/983
f 1213/62/983 1214/48/983 1211/48/983
f 1215/71/951 1216/73/831 1217/73/952
f 1216/73/831 1215/71/951 1218/71/829
f 1217/73/952 1219/71/953 1215/71/951
f 1219/71/953 1217/73/952 1220/73/984
f 1220/73/954 1221/73/985 1222/71/986
f 1222/71/986 1221/73/985 1223/71/985
f 1224/52/702 1225/121/700 1226/53/987
f 1225/121/700 1224/52/702 1227/107/988
f 1224/52/702 1228/51/701 1227/107/988
f 1227/107/988 1228/51/701 1229/122/701
f 1228/51/701 1230/50/989 1229/122/701
f 1229/122/701 1230/50/989 1231/73/699
f 1230/50/989 1232/49/697 1231/73/699
f 1231/73/699 1232/49/697 1233/95/697
f 1234/47/695 1233/95/697 1232/49/697
f 1233/95/697 1234/47/695 1235/72/990
f 1236/46/696 1235/72/990 1234/47/695
f 1236/46/696 1237/123/696 1235/72/990
f 1238/45/991 1237/123/696 1236/46/696
f 1238/45/991 1239/106/698 1237/123/696
f 1238/45/991 1240/48/700 1239/106/698
f 1239/106/698 1240/48/700 1241/124/700
f 1242/53/987 1243/52/702 1244/121/987
f 1244/121/987 1243/52/702 1245/107/702
f 1243/52/702 1246/51/701 1245/107/702
f 1245/107/702 1246/51/701 1247/122/701
f 1246/51/701 1248/50/699 1247/122/701
f 1247/122/701 1248/50/699 1249/73/699
f 1248/50/699 1250/49/697 1249/73/699
f 1249/73/699 1250/49/697 1251/95/697
f 1252/47/695 1251/95/697 1250/49/697
f 1251/95/697 1252/47/695 1253/72/695
f 1254/46/696 1253/72/695 1252/47/695
f 1254/46/696 1255/123/696 1253/72/695
f 1256/45/698 1255/123/696 1254/46/696
f 1256/45/698 1257/106/698 1255/123/696
f 1258/48/700 1257/106/698 1256/45/698
f 1257/106/698 1258/48/700 1259/124/700
f 1260/125/697 1261/126/695 1262/127/695
f 1261/126/695 1260/125/697 1263/128/992
f 1261/126/695 1264/129/696 1262/127/695
f 1264/129/696 1261/126/695 1265/130/696
f 1265/130/696 1266/131/698 1264/129/696
f 1266/131/698 1265/130/696 1267/132/698
f 1268/133/700 1266/131/698 1267/132/698
f 1269/134/700 1268/133/700 1267/132/698
f 1270/135/702 1268/133/700 1269/134/700
f 1271/136/702 1270/135/702 1269/134/700
f 1272/137/701 1270/135/702 1271/136/702
f 1273/138/701 1270/135/702 1272/137/701
f 1274/139/699 1273/138/701 1272/137/701
f 1273/138/701 1274/139/699 1275/140/699
f 1276/141/697 1275/140/699 1274/139/699
f 1275/140/699 1276/141/697 1277/142/992
f 1278/143/730 1279/144/730 1280/145/730
f 1281/146/730 1278/143/730 1280/145/730
f 1279/144/730 1278/143/730 1282/147/730
f 1283/148/730 1278/143/730 1281/146/730
f 1282/147/730 1284/149/730 1279/144/730
f 1285/150/730 1283/148/730 1281/146/730
f 1284/149/730 1282/147/730 1286/151/730
f 1283/148/730 1285/150/730 1287/152/730
f 1288/153/730 1284/149/730 1286/151/730
f 1285/150/730 1289/154/730 1287/152/730
f 1284/149/730 1288/153/730 1290/155/730
f 1289/154/730 1285/150/730 1291/156/730
f 1288/153/730 1292/157/730 1290/155/730
f 1292/157/730 1289/154/730 1291/156/730
f 1288/153/730 1293/158/730 1292/157/730
f 1289/154/730 1292/157/730 1293/158/730
f 1294/111/730 1295/111/730 1296/159/730
f 1295/111/730 1297/159/730 1296/159/730
f 1298/107/696 1299/108/696 1300/73/696
f 1300/73/696 1299/108/696 1301/71/696
f 1302/73/993 1303/73/994 1304/71/995
f 1302/73/993 1304/71/995 1305/71/996
f 1303/73/997 1306/73/998 1307/71/999
f 1308/71/1000 1309/71/1001 1310/73/1002
f 1310/73/1002 1309/71/1001 1311/73/1003
f 1311/73/1004 1312/71/1005 1313/73/1006
f 1314/105/1007 1315/105/1008 1316/106/1009
f 1314/105/1007 1316/106/1009 1317/106/1010
f 1317/106/1010 1318/106/1011 1319/105/1007
f 1320/72/1012 1321/73/1013 1322/72/1014
f 1320/72/1012 1323/72/1015 1321/73/1013
f 1324/73/1016 1321/73/1013 1323/72/1015
f 1325/105/1017 1326/105/1018 1327/106/1019
f 1327/106/1019 1326/105/1018 1328/106/1020
f 1328/106/1020 1329/105/1018 1330/106/1021
f 1331/72/1022 1332/72/1023 1333/73/1024
f 1334/72/1025 1331/72/1022 1333/73/1024
f 1333/73/1024 1335/73/1026 1334/72/1025
f 1336/108/1027 1337/107/1028 1338/108/1029
f 1337/107/1028 1336/108/1027 1339/107/1030
f 1337/107/1028 1340/108/1031 1338/108/1029
f 1340/108/1031 1337/107/1028 1341/107/1032
f 1342/107/1033 1340/108/1031 1341/107/1032
f 1343/108/1034 1340/108/1031 1342/107/1033
f 1343/108/1034 1342/107/1033 1344/107/1035
f 1345/108/1036 1343/108/1034 1344/107/1035
f 1346/73/1037 1347/71/948 1348/71/946
f 1347/71/948 1346/73/1037 1349/73/949
f 1350/71/969 1351/73/1038 1352/71/967
f 1351/73/1038 1350/71/969 1353/73/1039
f 1354/72/1040 1355/74/811 1356/74/1041
f 1355/74/811 1354/72/1040 1357/72/812
f 1358/74/817 1359/72/1042 1360/74/1043
f 1361/72/1044 1359/72/1042 1358/74/817
f 1362/73/1045 1363/73/1046 1364/71/1047
f 1364/71/1047 1363/73/1046 1365/71/1048
f 1363/73/1046 1366/71/1049 1365/71/1048
f 1366/71/1049 1363/73/1046 1367/73/1050
f 1368/160/1051 1369/115/1052 1370/114/1053
f 1368/160/1051 1370/114/1053 1371/161/1054
f 1372/160/1055 1373/115/1055 1374/114/1056
f 1372/160/1055 1374/114/1056 1375/161/1056
f 1376/73/1057 1377/73/1058 1378/71/1059
f 1376/73/1057 1378/71/1059 1379/71/1060
f 1380/71/1061 1376/73/1057 1379/71/1060
f 1376/73/1057 1380/71/1061 1381/73/1062
f 1382/162/1063 1383/72/1064 1384/83/1065
f 1383/72/1064 1382/162/1063 1385/106/1064
f 1384/83/1065 1386/163/1066 1382/162/1063
f 1386/163/1066 1384/83/1065 1387/85/1066
f 1387/85/1066 1388/105/1067 1386/163/1066
f 1388/105/1067 1387/85/1066 1389/74/1067
f 1390/74/1068 1391/72/1069 1392/74/1070
f 1391/72/1069 1390/74/1068 1393/72/1071
f 1390/74/1068 1394/72/1072 1393/72/1071
f 1394/72/1072 1390/74/1068 1395/74/1073
f 1396/74/1074 1397/74/1075 1398/72/1076
f 1396/74/1074 1398/72/1076 1399/72/1077
f 1400/72/1078 1396/74/1074 1399/72/1077
f 1396/74/1074 1400/72/1078 1401/74/1079
f 1402/108/1080 1403/108/1081 1404/107/1082
f 1404/107/1082 1403/108/1081 1405/107/1083
f 1406/108/1084 1405/107/1083 1403/108/1081
f 1405/107/1083 1406/108/1084 1407/107/1085
f 1408/107/1086 1407/107/1085 1406/108/1084
f 1406/108/1084 1409/108/1087 1408/107/1086
f 1410/107/1088 1408/107/1089 1411/108/1090
f 1410/107/1088 1411/108/1090 1412/108/1091
f 1413/62/1092 1414/62/1092 1415/48/1092
f 1414/62/1092 1416/48/1093 1415/48/1092
f 1417/73/1094 1418/73/1095 1419/71/1096
f 1419/71/1096 1418/73/1095 1420/71/873
f 1421/73/1097 1422/71/1098 1423/71/1099
f 1421/73/1097 1424/73/1100 1422/71/1098
f 1425/73/1101 1426/73/1102 1427/71/1103
f 1427/71/1103 1428/71/1104 1425/73/1101
f 1429/71/1105 1430/71/1106 1431/73/1107
f 1430/71/1106 1432/73/1108 1431/73/1107
f 1433/73/972 1434/71/1109 1435/71/972
f 1434/71/1109 1433/73/972 1436/73/1110
f 1437/73/1111 1438/71/1022 1439/73/1023
f 1440/73/1013 1441/73/1014 1442/71/1012
f 1443/108/1112 1444/107/1113 1445/108/1114
f 1444/107/1113 1443/108/1112 1446/107/744
f 1447/108/696 1448/71/696 1449/73/696
f 1447/108/696 1449/73/696 1450/107/696
f 1451/108/1115 1452/108/1116 1453/107/1117
f 1451/108/1115 1453/107/1117 1454/107/1118
f 1455/47/1007 1456/50/1010 1457/47/1011
f 1455/47/1007 1458/50/1009 1456/50/1010
f 1458/50/1009 1455/47/1007 1459/47/1008
f 1460/47/1018 1461/47/1021 1462/50/1119
f 1463/50/1019 1460/47/1018 1462/50/1119
f 1460/47/1018 1463/50/1019 1464/47/1017
f 1465/74/1120 1466/72/1121 1467/74/1122
f 1466/72/1121 1465/74/1120 1468/72/1123
f 1469/73/1124 1470/73/1101 1471/71/1104
f 1469/73/1124 1471/71/1104 1472/71/1125
f 1473/71/1126 1469/73/1124 1472/71/1125
f 1469/73/1124 1473/71/1126 1474/73/1127
f 1475/74/1128 1476/72/1129 1477/72/1130
f 1476/72/1129 1475/74/1128 1478/74/1131
f 1479/71/1132 1480/71/1105 1481/73/1133
f 1480/71/1105 1482/73/1107 1481/73/1133
f 1481/73/1133 1483/71/1134 1479/71/1132
f 1483/71/1134 1481/73/1133 1484/73/1135
f 1485/120/1136 1486/164/1136 1487/165/1137
f 1488/74/1138 1486/164/1136 1485/120/1136
f 1488/74/1138 1489/105/1138 1486/164/1136
f 1485/120/1136 1487/165/1137 1490/119/1137
f 1491/106/1139 1490/119/1137 1487/165/1137
f 1490/119/1137 1491/106/1139 1492/72/1139
f 1493/50/1140 1494/47/1141 1495/47/1142
f 1495/47/1142 1496/47/1143 1493/50/1140
f 1494/47/1141 1493/50/1140 1497/50/1144
f 1493/50/1140 1496/47/1143 1498/50/1145
f 1497/50/1144 1499/47/1146 1494/47/1141
f 1496/47/1143 1500/47/1147 1498/50/1145
f 1499/47/1146 1497/50/1144 1501/50/1148
f 1498/50/1145 1500/47/1147 1502/50/805
f 1499/47/1146 1501/50/1148 1503/50/1149
f 1500/47/1147 1504/50/804 1502/50/805
f 1505/47/1150 1499/47/1146 1503/50/1149
f 1504/50/804 1500/47/1147 1506/47/803
f 1503/50/1149 1507/47/842 1505/47/1150
f 1506/47/803 1508/50/806 1504/50/804
f 1507/47/842 1503/50/1149 1509/50/845
f 1508/50/806 1506/47/803 1510/47/807
f 1507/47/842 1509/50/845 1511/50/843
f 1510/47/807 1512/50/1151 1508/50/806
f 1513/47/844 1507/47/842 1511/50/843
f 1512/50/1151 1510/47/807 1514/47/1152
f 1511/50/843 1515/47/1153 1513/47/844
f 1515/47/1153 1511/50/843 1516/50/760
f 1515/47/1153 1516/50/760 1517/50/761
f 1518/47/1154 1512/50/1151 1514/47/1152
f 1512/50/1151 1518/47/1154 1519/50/1155
f 1518/47/1154 1520/50/1156 1519/50/1155
f 1520/50/1156 1518/47/1154 1521/47/1157
f 1521/47/1157 1522/50/1158 1520/50/1156
f 1522/50/1158 1521/47/1157 1523/47/1159
f 1524/47/1160 1522/50/1158 1523/47/1159
f 1522/50/1158 1524/47/1160 1525/50/1161
f 1526/50/1162 1525/50/1161 1524/47/1160
f 1524/47/1160 1527/47/1163 1526/50/1162
f 1527/47/1163 1528/50/1164 1526/50/1162
f 1527/47/1163 1529/47/1165 1528/50/1164
f 1529/47/1165 1530/47/1166 1528/50/1164
f 1531/111/1167 1532/72/1168 1533/73/1169
f 1532/72/1168 1531/111/1167 1534/112/1170
f 1535/111/1171 1536/84/1171 1537/166/1172
f 1536/84/1171 1535/111/1171 1538/73/1171
f 1539/111/1173 1540/72/1174 1541/112/1175
f 1540/72/1174 1539/111/1173 1542/73/1176
f 1543/71/1025 1544/73/1111 1545/73/1026
f 1544/73/1111 1543/71/1025 1546/71/1022
f 1547/71/1015 1548/73/1013 1549/71/1012
f 1548/73/1013 1547/71/1015 1550/73/1016
f 1551/50/1177 1552/47/1178 1553/50/1179
f 1552/47/1178 1551/50/1177 1554/47/1180
f 1555/47/1181 1553/50/1179 1552/47/1178
f 1556/47/1182 1554/47/1180 1551/50/1177
f 1553/50/1179 1555/47/1181 1557/50/1183
f 1556/47/1182 1551/50/1177 1558/50/1184
f 1559/50/1185 1557/50/1183 1555/47/1181
f 1558/50/1184 1560/47/1186 1556/47/1182
f 1555/47/1181 1561/47/1187 1559/50/1185
f 1558/50/1184 1562/50/796 1560/47/1186
f 1563/47/836 1559/50/1185 1561/47/1187
f 1564/50/794 1560/47/1186 1562/50/796
f 1559/50/1185 1563/47/836 1565/50/1188
f 1560/47/1186 1564/50/794 1566/47/797
f 1567/50/837 1565/50/1188 1563/47/836
f 1568/50/798 1566/47/797 1564/50/794
f 1563/47/836 1569/47/1189 1567/50/837
f 1566/47/797 1568/50/798 1570/47/799
f 1571/47/840 1567/50/837 1569/47/1189
f 1567/50/837 1571/47/840 1572/50/763
f 1571/47/840 1573/50/765 1572/50/763
f 1574/50/1190 1570/47/799 1568/50/798
f 1570/47/799 1574/50/1190 1575/47/1191
f 1576/50/1192 1575/47/1191 1574/50/1190
f 1575/47/1191 1576/50/1192 1577/47/1193
f 1576/50/1192 1578/47/1194 1577/47/1193
f 1576/50/1192 1579/50/1195 1578/47/1194
f 1580/50/1196 1578/47/1194 1579/50/1195
f 1578/47/1194 1580/50/1196 1581/47/1197
f 1580/50/1196 1582/47/1198 1581/47/1197
f 1582/47/1198 1580/50/1196 1583/50/1199
f 1584/50/1200 1582/47/1198 1583/50/1199
f 1585/47/1201 1582/47/1198 1584/50/1200
f 1584/50/1200 1586/50/1202 1585/47/1201
f 1585/47/1201 1586/50/1202 1587/47/1203
f 1588/50/1204 1587/47/1203 1586/50/1202
f 1587/47/1203 1588/50/1204 1589/47/1205
f 1589/47/1205 1588/50/1204 1590/47/1206
f 1591/71/1207 1592/50/1207 1593/86/1208
f 1594/167/1207 1593/86/1208 1592/50/1207
f 1595/168/1209 1596/118/1210 1597/68/1210
f 1597/68/1210 1598/169/1209 1595/168/1209
f 1595/168/1209 1598/169/1209 1599/111/1054
f 1595/168/1209 1599/111/1054 1600/73/1054
f 1601/170/1211 1602/117/1212 1603/171/1211
f 1602/117/1212 1601/170/1211 1604/172/1213
f 1605/71/1051 1601/170/1211 1603/171/1211
f 1606/50/1051 1601/170/1211 1605/71/1051
f 1607/168/1214 1608/118/1215 1609/68/1215
f 1609/68/1215 1610/169/1216 1607/168/1214
f 1611/111/1217 1607/168/1214 1610/169/1216
f 1611/111/1217 1612/73/1217 1607/168/1214
f 1613/74/1218 1614/74/1219 1615/71/1220
f 1615/71/1220 1614/74/1219 1616/71/1221
f 1617/74/1222 1616/71/1221 1614/74/1219
f 1616/71/1221 1617/74/1222 1618/71/1223
f 1617/74/1222 1619/71/1224 1618/71/1223
f 1619/71/1224 1617/74/1222 1620/74/1225
f 1620/74/1225 1621/74/902 1619/71/1224
f 1619/71/1224 1621/74/902 1622/71/908
f 1621/74/902 1623/71/1226 1622/71/908
f 1623/71/1226 1621/74/902 1624/74/909
f 1623/71/1226 1624/74/909 1625/71/911
f 1626/74/1227 1627/71/1228 1628/71/1229
f 1626/74/1227 1629/74/1230 1627/71/1228
f 1628/71/1229 1630/74/1231 1626/74/1227
f 1628/71/1229 1631/71/1232 1630/74/1231
f 1632/71/1233 1630/74/1231 1631/71/1232
f 1630/74/1231 1632/71/1233 1633/74/1234
f 1634/74/893 1633/74/1234 1632/71/1233
f 1634/74/893 1632/71/1233 1635/71/895
f 1636/71/897 1634/74/893 1635/71/895
f 1634/74/893 1636/71/897 1637/74/1235
f 1636/71/897 1638/71/901 1637/74/1235
f 1639/173/1236 1640/174/1236 1641/95/697
f 1641/95/697 1640/174/1236 1642/93/697
f 1639/173/1236 1641/95/697 1643/97/697
f 1640/174/1236 1644/92/697 1642/93/697
f 1644/92/697 1640/174/1236 1645/175/697
f 1645/175/697 1640/174/1236 1646/176/697
f 1647/99/697 1639/173/1236 1643/97/697
f 1639/173/1236 1647/99/697 1648/177/697
f 1639/173/1236 1648/177/697 1649/178/697
f 1650/170/1237 1651/117/1238 1652/171/1239
f 1651/117/1238 1650/170/1237 1653/172/1238
f 1650/170/1237 1652/171/1239 1654/71/1240
f 1650/170/1237 1654/71/1240 1655/50/1240
f 1656/179/1241 1657/180/700 1658/100/700
f 1657/180/700 1656/179/1241 1659/181/700
f 1658/100/700 1660/98/700 1656/179/1241
f 1661/96/700 1656/179/1241 1660/98/700
f 1662/182/1241 1656/179/1241 1661/96/700
f 1663/94/700 1662/182/1241 1661/96/700
f 1664/91/700 1662/182/1241 1663/94/700
f 1665/183/700 1662/182/1241 1664/91/700
f 1662/182/1241 1665/183/700 1666/184/700
f 1667/48/697 1668/48/697 1669/48/697
f 1668/48/697 1667/48/697 1670/48/697
f 1671/185/697 1672/186/697 1673/187/697
f 1674/188/697 1672/186/697 1671/185/697
f 1675/73/697 1672/186/697 1674/188/697
f 1672/186/697 1675/73/697 1676/72/697
f 1677/72/697 1678/73/697 1679/73/697
f 1678/73/697 1677/72/697 1680/72/697
f 1679/73/697 1681/72/697 1677/72/697
f 1681/72/697 1679/73/697 1682/73/697
f 1682/73/697 1683/72/697 1681/72/697
f 1683/72/697 1682/73/697 1684/73/697
f 1684/73/697 1685/72/697 1683/72/697
f 1685/72/697 1684/73/697 1686/73/697
f 1687/73/697 1685/72/697 1686/73/697
f 1685/72/697 1687/73/697 1688/72/697
f 1689/62/700 1690/62/700 1691/62/700
f 1691/62/700 1692/62/700 1689/62/700
f 1693/71/700 1694/189/700 1695/190/700
f 1693/71/700 1695/190/700 1696/74/700
f 1695/190/700 1694/189/700 1697/191/700
f 1695/190/700 1697/191/700 1698/192/700
f 1699/74/700 1700/74/700 1701/71/700
f 1701/71/700 1700/74/700 1702/71/700
f 1703/74/700 1702/71/700 1700/74/700
f 1703/74/700 1704/71/700 1702/71/700
f 1703/74/700 1705/74/700 1704/71/700
f 1706/71/700 1704/71/700 1705/74/700
f 1707/74/700 1706/71/700 1705/74/700
f 1707/74/700 1708/71/700 1706/71/700
f 1707/74/700 1709/71/700 1708/71/700
f 1709/71/700 1707/74/700 1710/74/700
f 1711/73/1242 1712/71/946 1713/71/1243
f 1712/71/946 1711/73/1242 1714/73/947
f 1715/73/1244 1716/71/967 1717/73/1245
f 1716/71/967 1715/73/1244 1718/71/1246
f 1719/73/697 1720/73/697 1721/73/697
f 1720/73/697 1719/73/697 1722/73/697
f 1719/73/697 1723/73/1247 1722/73/697
f 1723/73/1247 1719/73/697 1724/73/1248
f 1725/71/1249 1726/71/700 1727/71/700
f 1726/71/700 1725/71/1249 1728/71/1250
f 1729/71/700 1727/71/700 1726/71/700
f 1726/71/700 1730/71/700 1729/71/700
f 1731/72/1251 1732/74/1252 1733/72/1253
f 1734/74/1254 1732/74/1252 1731/72/1251
f 1735/74/1255 1736/71/1072 1737/74/1073
f 1738/74/1068 1737/74/1073 1736/71/1072
f 1736/71/1072 1735/74/1255 1739/71/1256
f 1738/74/1068 1736/71/1072 1740/71/1071
f 1741/71/1257 1739/71/1256 1735/74/1255
f 1742/71/1258 1738/74/1068 1740/71/1071
f 1735/74/1255 1743/74/1259 1741/71/1257
f 1738/74/1068 1742/71/1258 1744/74/1260
f 1745/71/1261 1741/71/1257 1743/74/1259
f 1746/74/1262 1744/74/1260 1742/71/1258
f 1743/74/1259 1747/74/1263 1745/71/1261
f 1742/71/1258 1748/71/1264 1746/74/1262
f 1749/71/1265 1745/71/1261 1747/74/1263
f 1750/74/1266 1746/74/1262 1748/71/1264
f 1749/71/1265 1747/74/1263 1751/74/1267
f 1750/74/1266 1748/71/1264 1752/71/1268
f 1753/74/1269 1749/71/1265 1751/74/1267
f 1749/71/1265 1753/74/1269 1754/71/1270
f 1753/74/1269 1755/74/1271 1754/71/1270
f 1752/71/1268 1756/74/1272 1750/74/1266
f 1752/71/1268 1757/71/1273 1756/74/1272
f 1757/71/1273 1758/71/1274 1756/74/1272
f 1759/74/1275 1760/71/1078 1761/71/1276
f 1759/74/1275 1761/71/1276 1762/71/1277
f 1760/71/1078 1759/74/1275 1763/74/1079
f 1764/74/1278 1759/74/1275 1762/71/1277
f 1763/74/1079 1765/74/1074 1760/71/1078
f 1766/71/1279 1764/74/1278 1762/71/1277
f 1760/71/1078 1765/74/1074 1767/71/1077
f 1768/74/1280 1764/74/1278 1766/71/1279
f 1765/74/1074 1769/71/1281 1767/71/1077
f 1768/74/1280 1766/71/1279 1770/71/1282
f 1769/71/1281 1765/74/1074 1771/74/1283
f 1772/74/1284 1768/74/1280 1770/71/1282
f 1773/74/1285 1769/71/1281 1771/74/1283
f 1770/71/1282 1774/74/1286 1772/74/1284
f 1774/74/1286 1770/71/1282 1775/71/1287
f 1774/74/1286 1775/71/1287 1776/74/1288
f 1777/71/1289 1769/71/1281 1773/74/1285
f 1773/74/1285 1778/74/1290 1777/71/1289
f 1777/71/1289 1778/74/1290 1779/71/1291
f 1778/74/1290 1780/74/1292 1779/71/1291
f 1779/71/1291 1780/74/1292 1781/71/1293
f 1781/71/1293 1780/74/1292 1782/71/1294
f 1783/72/1295 1784/74/1296 1785/74/1297
f 1784/74/1296 1783/72/1295 1786/72/1298
f 1787/71/1299 1788/73/1300 1789/71/1301
f 1788/73/1300 1787/71/1299 1790/73/1302
f 1791/73/1102 1790/73/1303 1792/71/1304
f 1792/71/1304 1793/71/1103 1791/73/1102
f 1794/73/1305 1795/71/1306 1796/71/1307
f 1795/71/1306 1794/73/1305 1797/73/1308
f 1798/71/1309 1797/73/1310 1799/73/1311
f 1800/71/1106 1798/71/1309 1799/73/1311
f 1801/72/697 1802/112/697 1803/73/697
f 1802/112/697 1804/111/697 1803/73/697
f 1805/50/700 1806/74/700 1807/71/700
f 1806/74/700 1805/50/700 1808/47/700
f 1809/74/1312 1810/72/1123 1811/74/1313
f 1810/72/1123 1809/74/1312 1812/72/1314
f 1813/71/1315 1814/74/1316 1815/74/1317
f 1814/74/1316 1813/71/1315 1816/71/922
f 1814/74/1316 1816/71/922 1817/71/920
f 1818/74/921 1814/74/1316 1817/71/920
f 1817/71/920 1819/71/1318 1818/74/921
f 1818/74/921 1819/71/1318 1820/74/853
f 1819/71/1318 1821/71/1319 1820/74/853
f 1820/74/853 1821/71/1319 1822/74/855
f 1821/71/1319 1823/74/860 1822/74/855
f 1823/74/860 1821/71/1319 1824/71/858
f 1824/71/858 1825/74/1320 1823/74/860
f 1825/74/1320 1824/71/858 1826/71/1321
f 1826/71/1321 1827/74/1322 1825/74/1320
f 1827/74/1322 1826/71/1321 1828/71/1323
f 1828/71/1323 1829/74/1324 1827/74/1322
f 1829/74/1324 1828/71/1323 1830/71/1325
f 1830/71/1325 1831/74/1326 1829/74/1324
f 1831/74/1326 1830/71/1325 1832/71/1327
f 1832/71/1327 1833/74/1328 1831/74/1326
f 1833/74/1328 1832/71/1327 1834/71/1329
f 1834/71/1329 1835/74/811 1833/74/1328
f 1835/74/811 1834/71/1329 1836/71/812
f 1836/71/812 1837/74/810 1835/74/811
f 1837/74/810 1836/71/812 1838/71/775
f 1837/74/810 1838/71/775 1839/74/1330
f 1840/74/1331 1841/72/1130 1842/72/1332
f 1841/72/1130 1840/74/1331 1843/74/1333
f 1844/74/913 1845/71/1334 1846/74/1335
f 1845/71/1334 1844/74/913 1847/71/1336
f 1848/71/914 1847/71/1336 1844/74/913
f 1844/74/913 1849/74/916 1848/71/914
f 1850/71/917 1848/71/914 1849/74/916
f 1850/71/917 1849/74/916 1851/74/1337
f 1851/74/1337 1852/71/862 1850/71/917
f 1852/71/862 1851/74/1337 1853/74/1338
f 1854/74/870 1852/71/862 1853/74/1338
f 1852/71/862 1854/74/870 1855/71/869
f 1856/74/1339 1855/71/869 1854/74/870
f 1855/71/869 1856/74/1339 1857/71/871
f 1858/74/1340 1857/71/871 1856/74/1339
f 1857/71/871 1858/74/1340 1859/71/1341
f 1860/74/1342 1859/71/1341 1858/74/1340
f 1859/71/1341 1860/74/1342 1861/71/1343
f 1862/74/1344 1861/71/1343 1860/74/1342
f 1861/71/1343 1862/74/1344 1863/71/1345
f 1864/74/1346 1863/71/1345 1862/74/1344
f 1863/71/1345 1864/74/1346 1865/71/1347
f 1866/74/817 1865/71/1347 1864/74/1346
f 1865/71/1347 1866/74/817 1867/71/1044
f 1868/74/816 1867/71/1044 1866/74/817
f 1867/71/1044 1868/74/816 1869/71/772
f 1868/74/816 1870/74/1348 1869/71/772
f 1871/107/1349 1872/108/1350 1873/108/1351
f 1872/108/1350 1871/107/1349 1874/107/1352
f 1875/106/1353 1876/72/1354 1877/74/1355
f 1875/106/1353 1877/74/1355 1878/105/1356
f 1879/74/1357 1880/106/1358 1881/105/1359
f 1880/106/1358 1879/74/1357 1882/72/1360
f 1883/50/1361 1884/47/1362 1885/74/1361
f 1885/74/1361 1886/71/1361 1883/50/1361
f 1887/72/1363 1888/111/1363 1889/73/1363
f 1888/111/1363 1887/72/1363 1890/112/1364
f 1891/121/700 1892/53/700 1893/52/702
f 1891/121/700 1893/52/702 1894/107/988
f 1895/51/701 1894/107/988 1893/52/702
f 1894/107/988 1895/51/701 1896/122/701
f 1897/50/989 1896/122/701 1895/51/701
f 1896/122/701 1897/50/989 1898/73/699
f 1898/73/699 1897/50/989 1899/49/697
f 1898/73/699 1899/49/697 1900/95/697
f 1901/47/990 1900/95/697 1899/49/697
f 1900/95/697 1901/47/990 1902/72/695
f 1903/46/696 1902/72/695 1901/47/990
f 1903/46/696 1904/123/696 1902/72/695
f 1905/45/698 1904/123/696 1903/46/696
f 1905/45/698 1906/106/991 1904/123/696
f 1907/48/700 1906/106/991 1905/45/698
f 1906/106/991 1907/48/700 1908/124/700
f 1909/71/1365 1910/71/1366 1911/73/1367
f 1909/71/1365 1911/73/1367 1912/73/1368
f 1913/74/701 1914/105/701 1915/106/701
f 1913/74/701 1915/106/701 1916/72/701
f 1917/71/1369 1918/71/1370 1919/73/1371
f 1919/73/1371 1918/71/1370 1920/73/1372
f 1921/120/1373 1922/164/1373 1923/165/1374
f 1924/74/1375 1922/164/1373 1921/120/1373
f 1924/74/1375 1925/105/1376 1922/164/1373
f 1921/120/1373 1923/165/1374 1926/119/1374
f 1926/119/1374 1923/165/1374 1927/106/1377
f 1926/119/1374 1927/106/1377 1928/72/1377
f 1929/73/955 1930/71/1378 1931/71/955
f 1930/71/1378 1929/73/955 1932/73/1379
f 1933/71/1380 1934/73/971 1935/71/971
f 1934/73/971 1933/71/1380 1936/73/1381
f 1937/71/1382 1938/73/1383 1939/71/1383
f 1938/73/1383 1937/71/1382 1940/73/1384
f 1941/71/1385 1940/73/1384 1937/71/1382
f 1940/73/1384 1941/71/1385 1942/73/1386
f 1943/74/1266 1944/72/1264 1945/72/1268
f 1944/72/1264 1943/74/1266 1946/74/1387
f 1946/74/1262 1947/72/1258 1948/72/1388
f 1947/72/1258 1946/74/1262 1949/74/1260
f 1950/73/1389 1951/71/1390 1952/73/1391
f 1953/73/938 1954/71/935 1950/73/1389
f 1954/71/935 1953/73/938 1955/71/1392
f 1956/73/1393 1957/73/1394 1958/71/956
f 1959/73/959 1956/73/1393 1960/71/1395
f 1959/73/959 1960/71/1395 1961/71/960
f 1962/74/1290 1963/72/1289 1964/74/1396
f 1963/72/1289 1962/74/1290 1965/72/1397
f 1966/72/1281 1964/74/1285 1967/72/1398
f 1964/74/1285 1966/72/1281 1968/74/1283
f 1969/71/697 1970/50/697 1971/71/697
f 1970/50/697 1969/71/697 1972/50/697
f 1973/50/697 1971/71/697 1970/50/697
f 1973/50/697 1974/71/697 1971/71/697
f 1975/111/700 1976/73/700 1977/73/700
f 1975/111/700 1977/73/700 1978/111/700
f 1978/111/700 1977/73/700 1979/73/700
f 1978/111/700 1979/73/700 1980/111/700
f 1981/71/697 1982/71/697 1983/50/697
f 1983/50/697 1982/71/697 1984/50/697
f 1985/111/700 1986/73/700 1987/73/700
f 1985/111/700 1987/73/700 1988/111/700
f 1989/72/1399 1990/72/1233 1991/74/1400
f 1992/74/1234 1991/74/1400 1990/72/1233
f 1993/74/1401 1994/72/1224 1995/72/1402
f 1994/72/1224 1993/74/1401 1996/74/1225
f 1997/74/1403 1998/72/1404 1999/72/1129
f 1998/72/1404 1997/74/1403 2000/74/1405
f 2001/74/1406 2002/72/1407 2003/74/1408
f 2002/72/1407 2001/74/1406 2004/72/1121
f 2005/71/1409 2006/73/1410 2007/71/1410
f 2006/73/1410 2005/71/1409 2008/73/1409
f 2009/71/1411 2008/73/1409 2005/71/1409
f 2008/73/1409 2009/71/1411 2010/73/1412
f 2011/73/1413 2012/71/1414 2013/71/1415
f 2012/71/1414 2011/73/1413 2014/73/791
f 2015/71/1416 2016/73/1417 2017/71/1418
f 2016/73/1417 2015/71/1416 2018/73/782
f 2019/71/1419 2020/73/1420 2021/71/1421
f 2022/71/1422 2023/71/1423 2024/73/1424
f 2025/111/1425 2026/112/1426 2027/111/1427
f 2025/111/1425 2028/112/1175 2026/112/1426
f 2028/112/1175 2025/111/1425 2029/111/1428
f 2030/111/1429 2031/111/1430 2032/112/1431
f 2033/112/1170 2030/111/1429 2032/112/1431
f 2030/111/1429 2033/112/1170 2034/111/1432
f 2035/72/1433 1176/73/971 1177/72/972
f 1176/73/971 2035/72/1433 2036/73/1381
f 2035/72/1433 2037/73/1434 2036/73/1381
f 2037/73/1434 2035/72/1433 2038/72/1435
f 2038/72/1435 2039/73/1436 2037/73/1434
f 2039/73/1436 2038/72/1435 2040/72/1437
f 2040/72/1437 2041/73/1438 2039/73/1436
f 2041/73/1438 2040/72/1437 2042/72/1439
f 2043/72/1440 2041/73/1438 2042/72/1439
f 2041/73/1438 2043/72/1440 2044/73/1441
f 2043/72/1440 2045/73/1442 2044/73/1441
f 2045/73/1442 2043/72/1440 2046/72/1098
f 2046/72/1098 2047/73/1443 2045/73/1442
f 2047/73/1443 2046/72/1098 2048/72/1099
f 2048/72/1099 2049/73/878 2047/73/1443
f 2049/73/878 2048/72/1099 2050/72/1059
f 2050/72/1059 2051/73/1444 2049/73/878
f 2051/73/1444 2050/72/1059 2052/72/1060
f 2053/72/1445 2051/73/1444 2052/72/1060
f 2054/73/1446 2051/73/1444 2053/72/1445
f 2053/72/1445 2055/73/1447 2054/73/1446
f 2055/73/1447 2053/72/1445 2056/72/1448
f 2056/72/1448 2057/73/1449 2055/73/1447
f 2057/73/1449 2056/72/1448 2058/72/1450
f 2057/73/1449 2058/72/1450 2059/73/1451
f 2060/73/938 2061/73/1452 2062/71/1392
f 2063/71/1453 2062/71/1392 2061/73/1452
f 2064/107/1167 2065/71/1168 2066/73/1169
f 2065/71/1168 2064/107/1167 2067/108/1170
f 1153/73/955 2068/72/1454 1154/72/955
f 1153/73/955 2069/73/1379 2068/72/1454
f 2070/73/1455 2068/72/1454 2069/73/1379
f 2068/72/1454 2070/73/1455 2071/72/1456
f 2072/73/1457 2071/72/1456 2070/73/1455
f 2071/72/1456 2072/73/1457 2073/72/1458
f 2074/73/1459 2073/72/1458 2072/73/1457
f 2073/72/1458 2074/73/1459 2075/72/1460
f 2074/73/1459 2076/72/1461 2075/72/1460
f 2076/72/1461 2074/73/1459 2077/73/1462
f 2078/73/1463 2076/72/1461 2077/73/1462
f 2076/72/1461 2078/73/1463 2079/72/1096
f 2080/73/1464 2079/72/1096 2078/73/1463
f 2079/72/1096 2080/73/1464 2081/72/873
f 2082/73/872 2081/72/873 2080/73/1464
f 2081/72/873 2082/73/872 2083/72/1465
f 2084/73/1046 2083/72/1465 2082/73/872
f 2083/72/1465 2084/73/1046 2085/72/1048
f 2086/72/1466 2085/72/1048 2084/73/1046
f 2084/73/1046 2087/73/1467 2086/72/1466
f 2088/73/1468 2086/72/1466 2087/73/1467
f 2086/72/1466 2088/73/1468 2089/72/1469
f 2090/73/1470 2089/72/1469 2088/73/1468
f 2089/72/1469 2090/73/1470 2091/72/1471
f 2090/73/1470 2092/73/1472 2091/72/1471
f 2093/71/1174 2094/107/1173 2095/73/1473
f 2094/107/1173 2093/71/1174 2096/108/1175
f 2097/73/1474 2098/73/959 2099/71/1475
f 2099/71/1475 2100/71/1476 2097/73/1474
f 2101/62/1477 2102/48/1478 2103/62/1478
f 2102/48/1478 2101/62/1477 2104/48/1478
f 2105/106/1479 2106/105/1480 2107/106/1166
f 2108/106/1481 2109/106/1206 2110/105/1481
f 2111/73/1482 2112/72/1304 2113/73/1302
f 2112/72/1304 2114/73/1102 2113/73/1302
f 2115/72/1301 2112/72/1304 2111/73/1482
f 2114/73/1102 2112/72/1304 2116/72/1103
f 2115/72/1301 2111/73/1482 2117/73/1483
f 2116/72/1103 2118/73/1484 2114/73/1102
f 2119/72/1485 2115/72/1301 2117/73/1483
f 2118/73/1484 2116/72/1103 2120/72/1104
f 2121/73/1486 2119/72/1485 2117/73/1483
f 2120/72/1104 2122/73/1124 2118/73/1484
f 2119/72/1485 2121/73/1486 2123/72/1487
f 2122/73/1124 2120/72/1104 2124/72/1125
f 2121/73/1486 2125/72/1366 2123/72/1487
f 2124/72/1125 2126/72/1422 2122/73/1124
f 2127/73/1127 2122/73/1124 2126/72/1422
f 2127/73/1127 2126/72/1422 2128/73/1488
f 2125/72/1366 2121/73/1486 2129/73/1367
f 2129/73/1367 2130/72/996 2125/72/1366
f 2130/72/996 2129/73/1367 2131/73/1489
f 2131/73/1489 2132/72/1490 2130/72/996
f 2132/72/1490 2131/73/1489 2133/73/1491
f 2132/72/1490 2133/73/1491 2134/72/1492
f 2135/73/1493 2136/72/1309 2137/72/1307
f 2136/72/1309 2135/73/1493 2138/73/1308
f 2139/73/1494 2135/73/1493 2137/72/1307
f 2140/73/1108 2136/72/1309 2138/73/1308
f 2137/72/1307 2141/72/1495 2139/73/1494
f 2136/72/1309 2140/73/1108 2142/72/1106
f 2141/72/1495 2143/73/1496 2139/73/1494
f 2144/73/1497 2142/72/1106 2140/73/1108
f 2141/72/1495 2145/72/1498 2143/73/1496
f 2142/72/1106 2144/73/1497 2146/72/1105
f 2147/72/1499 2143/73/1496 2145/72/1498
f 2148/73/1500 2146/72/1105 2144/73/1497
f 2143/73/1496 2147/72/1499 2149/73/1371
f 2146/72/1105 2148/73/1500 2150/72/1132
f 2151/72/1000 2149/73/1371 2147/72/1499
f 2152/72/1419 2150/72/1132 2148/73/1500
f 2148/73/1500 2153/73/1135 2152/72/1419
f 2153/73/1135 2154/73/1501 2152/72/1419
f 2149/73/1371 2151/72/1000 2155/73/1002
f 2156/72/1502 2155/73/1002 2151/72/1000
f 2155/73/1002 2156/72/1502 2157/73/1503
f 2156/72/1502 2158/72/1504 2157/73/1503
f 2159/108/1505 2160/108/1506 2161/107/1088
f 2162/108/1350 2163/107/1507 2164/108/1508
f 2165/71/1360 2166/50/1358 2167/74/1357
f 2168/47/1359 2167/74/1357 2166/50/1358
f 2169/111/925 2170/112/1509 2171/111/1510
f 2172/112/930 2171/111/1510 2170/112/1509
f 2170/112/1509 2169/111/925 2173/112/928
f 2171/111/1510 2172/112/930 2174/111/932
f 2175/112/741 2173/112/928 2169/111/925
f 2176/112/933 2174/111/932 2172/112/930
f 2175/112/741 2169/111/925 2177/111/743
f 2174/111/932 2176/112/933 2178/111/1511
f 2179/111/744 2175/112/741 2177/111/743
f 2176/112/933 2180/111/1512 2178/111/1511
f 2175/112/741 2179/111/744 2181/112/745
f 2180/111/1512 2176/112/933 2182/112/1513
f 2183/111/1514 2181/112/745 2179/111/744
f 2184/111/1515 2180/111/1512 2182/112/1513
f 2181/112/745 2183/111/1514 2185/112/1114
f 2182/112/1513 2186/112/1516 2184/111/1515
f 2187/111/1517 2185/112/1114 2183/111/1514
f 2186/112/1516 2188/111/1518 2184/111/1515
f 2185/112/1114 2187/111/1517 2189/112/1519
f 2186/112/1516 2190/112/1520 2188/111/1518
f 2191/111/1521 2189/112/1519 2187/111/1517
f 2189/112/1519 2191/111/1521 2192/112/1522
f 2191/111/1521 2193/112/1523 2192/112/1522
f 2190/112/1520 2194/111/1524 2188/111/1518
f 2190/112/1520 2195/112/1525 2194/111/1524
f 2196/112/1526 2194/111/1524 2195/112/1525
f 2194/111/1524 2196/112/1526 2197/111/1527
f 2198/111/1528 2197/111/1527 2196/112/1526
f 2196/112/1526 2199/112/1529 2198/111/1528
f 2200/112/1530 2198/111/1528 2199/112/1529
f 2198/111/1528 2200/112/1530 2201/111/1531
f 2200/112/1530 2202/111/1532 2201/111/1531
f 2202/111/1532 2200/112/1530 2203/112/1533
f 2203/112/1533 2204/111/1534 2202/111/1532
f 2204/111/1534 2203/112/1533 2205/112/1535
f 2205/112/1535 2206/112/1536 2204/111/1534
f 2207/111/1537 2204/111/1534 2206/112/1536
f 2207/111/1537 2206/112/1536 2208/111/1506
f 2209/112/1538 2210/111/973 2211/111/1539
f 2210/111/973 2209/112/1538 2212/112/975
f 2211/111/1539 2213/112/977 2209/112/1538
f 2210/111/973 2212/112/975 2214/112/747
f 2213/112/977 2211/111/1539 2215/111/980
f 2216/111/748 2210/111/973 2214/112/747
f 2215/111/980 2217/112/981 2213/112/977
f 2214/112/747 2218/111/750 2216/111/748
f 2217/112/981 2215/111/980 2219/111/1540
f 2218/111/750 2214/112/747 2220/112/1541
f 2221/111/1542 2217/112/981 2219/111/1540
f 2220/112/1541 2222/111/1543 2218/111/750
f 2223/112/1544 2217/112/981 2221/111/1542
f 2222/111/1543 2220/112/1541 2224/112/1116
f 2221/111/1542 2225/111/1545 2223/112/1544
f 2224/112/1116 2226/111/1546 2222/111/1543
f 2227/112/1547 2223/112/1544 2225/111/1545
f 2226/111/1546 2224/112/1116 2228/112/1548
f 2225/111/1545 2229/111/1549 2227/112/1547
f 2228/112/1548 2230/111/1550 2226/111/1546
f 2230/111/1550 2228/112/1548 2231/112/1551
f 2230/111/1550 2231/112/1551 2232/112/1552
f 2233/112/1553 2227/112/1547 2229/111/1549
f 2229/111/1549 2234/112/1554 2233/112/1553
f 2234/112/1554 2229/111/1549 2235/111/1555
f 2236/111/1556 2234/112/1554 2235/111/1555
f 2237/112/1557 2234/112/1554 2236/111/1556
f 2236/111/1556 2238/112/1558 2237/112/1557
f 2238/112/1558 2236/111/1556 2239/111/1559
f 2239/111/1559 2240/112/1560 2238/112/1558
f 2240/112/1560 2239/111/1559 2241/111/1561
f 2242/111/1562 2240/112/1560 2241/111/1561
f 2240/112/1560 2242/111/1562 2243/112/1563
f 2244/111/1564 2243/112/1563 2242/111/1562
f 2243/112/1563 2244/111/1564 2245/112/1565
f 2244/111/1564 2246/111/1508 2245/112/1565
f 2247/50/1353 2248/71/1354 2249/74/1355
f 2247/50/1353 2249/74/1355 2250/47/1356
f 2251/105/1566 2252/106/1567 2253/106/1568
f 2252/106/1567 2251/105/1566 2254/105/1480
f 2255/72/783 2256/73/779 2257/73/780
f 2256/73/779 2255/72/783 2258/72/781
f 2259/73/782 2255/72/783 2257/73/780
f 2255/72/783 2259/73/782 2260/72/1569
f 2259/73/782 2261/73/1417 2260/72/1569
f 2262/72/1418 2260/72/1569 2261/73/1417
f 2263/73/1570 2262/72/1418 2261/73/1417
f 2262/72/1418 2263/73/1570 2264/72/1571
f 2265/73/1572 2264/72/1571 2263/73/1570
f 2264/72/1571 2265/73/1572 2266/72/1573
f 2266/72/1573 2265/73/1572 2267/72/1574
f 2268/73/1575 2269/72/1576 2270/73/1577
f 2269/72/1576 2268/73/1575 2271/72/786
f 2269/72/1576 2272/73/791 2270/73/1577
f 2272/73/791 2269/72/1576 2273/72/1578
f 2273/72/1578 2274/73/1413 2272/73/791
f 2274/73/1413 2273/72/1578 2275/72/1415
f 2274/73/1413 2275/72/1415 2276/73/1579
f 2275/72/1415 2277/72/1580 2276/73/1579
f 2277/72/1580 2278/73/1581 2276/73/1579
f 2278/73/1581 2277/72/1580 2279/72/1582
f 2279/72/1582 2280/72/1583 2278/73/1581
f 2281/72/1584 2282/74/1585 2283/74/1586
f 2282/74/1585 2281/72/1584 2284/72/1587
f 2285/72/1588 2286/74/1589 2287/74/1335
f 2286/74/1589 2285/72/1588 2288/72/1590
f 2289/74/913 2290/72/1334 2287/74/1591
f 2290/72/1334 2289/74/913 2291/72/1336
f 2292/74/1592 2293/72/1593 2294/74/1594
f 2293/72/1593 2292/74/1592 2295/72/1595
f 2296/73/1371 2297/73/1496 2298/71/1596
f 2298/71/1596 2297/73/1496 2299/71/1498
f 2300/71/1597 2301/71/1487 2302/73/1486
f 2302/73/1486 2303/73/1367 2300/71/1597
f 2304/45/699 2305/45/1598 2306/48/992
f 2307/48/1599 2306/48/992 2305/45/1598
f 2305/45/1598 2304/45/699 2308/46/1600
f 2309/46/701 2308/46/1600 2304/45/699
f 2308/46/1600 2309/46/701 2310/47/691
f 2311/47/702 2310/47/691 2309/46/701
f 2310/47/691 2311/47/702 2312/49/1601
f 2313/49/700 2312/49/1601 2311/47/702
f 2312/49/1601 2313/49/700 2314/50/1602
f 2315/50/698 2314/50/1602 2313/49/700
f 2315/50/698 2316/51/1603 2314/50/1602
f 2316/51/1603 2315/50/698 2317/51/696
f 2317/51/696 2318/52/690 2316/51/1603
f 2318/52/690 2317/51/696 2319/52/695
f 2318/52/690 2319/52/695 2320/53/1604
f 2321/53/697 2320/53/1604 2319/52/695
f 2322/71/945 2323/71/1605 2324/73/1606
f 2323/71/1605 2325/73/942 2324/73/1606
f 2326/73/1607 2327/73/1608 2328/71/1609
f 2326/73/1607 2328/71/1609 2329/71/966
f 2330/106/1481 2331/105/1610 2332/106/1611
f 2331/105/1610 2330/106/1481 2333/105/1481
f 2334/74/1263 2335/72/1265 2336/72/1261
f 2335/72/1265 2334/74/1263 2337/74/1267
f 2337/74/1267 2338/74/1612 2335/72/1265
f 2339/72/1270 2335/72/1265 2338/74/1612
f 2339/72/1270 2340/74/1269 2341/72/1613
f 2342/74/1280 2343/72/1282 2344/74/1284
f 2343/72/1282 2342/74/1280 2345/72/1279
f 2346/74/1614 2344/74/1284 2343/72/1282
f 2343/72/1282 2347/72/1287 2346/74/1614
f 2347/72/1287 2348/72/1615 2349/74/1616
f 2350/193/1617 2351/185/1618 2352/194/888
f 2352/194/888 2351/185/1618 2353/187/888
f 2351/185/1618 2350/193/1617 2354/159/1619
f 2354/159/1619 2355/111/1619 2351/185/1618
f 2356/74/1620 2357/72/1257 2358/72/1256
f 2357/72/1257 2356/74/1620 2359/74/1259
f 2360/74/1621 2361/72/1277 2362/74/1622
f 2361/72/1277 2360/74/1621 2363/72/1276
f 2364/71/943 2365/71/1623 2366/73/942
f 2365/71/1623 2367/73/1624 2366/73/942
f 2368/73/1608 2369/73/1625 2370/71/1626
f 2370/71/1626 2371/71/964 2368/73/1608
f 2372/72/1341 2373/72/1627 2374/74/1628
f 2374/74/1628 2373/72/1627 2375/74/1339
f 2376/72/1629 2377/74/1630 2378/74/1631
f 2377/74/1630 2376/72/1629 2379/72/1632
f 2380/74/1320 2381/72/1633 2382/74/1322
f 2381/72/1633 2383/72/1323 2382/74/1322
f 2384/74/1634 2385/72/1635 2386/74/1636
f 2385/72/1635 2384/74/1634 2387/72/1637
f 2388/74/1408 2389/72/1638 2390/74/1639
f 2389/72/1638 2388/74/1408 2391/72/1640
f 2389/72/1638 2392/74/1641 2390/74/1639
f 2389/72/1638 2393/72/1642 2392/74/1641
f 2394/72/1643 2395/74/1405 2396/74/1644
f 2395/74/1405 2394/72/1643 2397/72/1645
f 2398/74/1646 2394/72/1643 2396/74/1644
f 2394/72/1643 2398/74/1646 2399/72/1647
f 2400/72/1347 2401/72/1648 2402/74/1346
f 2402/74/1346 2401/72/1648 2403/74/1649
f 2404/108/1431 2405/107/1429 2406/108/1650
f 2407/108/1170 2408/107/1429 2404/108/1431
f 2408/107/1429 2407/108/1170 2409/107/1432
f 2410/74/1328 2411/74/1651 2412/72/1652
f 2412/72/1652 2413/72/1329 2410/74/1328
f 2414/108/1426 2415/108/1653 2416/107/1425
f 2417/107/1425 2418/108/1175 2414/108/1426
f 2418/108/1175 2417/107/1425 2419/107/1428
f 2420/107/1654 2421/108/1655 2422/107/1514
f 2421/108/1655 2420/107/1654 2423/108/1656
f 2424/74/1657 2425/74/1658 2426/72/1659
f 2427/107/1660 2428/108/1661 2429/108/1662
f 2428/108/1661 2427/107/1660 2430/107/1543
f 2431/74/1663 2432/72/1664 2433/74/1665
f 2434/74/1666 2435/72/1261 2436/72/1257
f 2435/72/1261 2434/74/1666 2437/74/1263
f 2438/71/1667 2439/73/1483 2440/71/1668
f 2439/73/1483 2438/71/1667 2441/73/1669
f 2442/72/1279 2443/74/1670 2444/72/1277
f 2443/74/1670 2442/72/1279 2445/74/1280
f 2446/71/1671 2447/73/1672 2448/73/1493
f 2447/73/1672 2446/71/1671 2449/71/1495
f 2450/74/1673 2451/72/1674 2452/74/1317
f 2451/72/1674 2450/74/1673 2453/72/1675
f 2454/72/1676 2455/74/1316 2452/74/1317
f 2454/72/1676 2456/72/922 2455/74/1316
f 2457/72/1677 2458/72/1678 2450/74/1679
f 2450/74/1679 2459/74/1680 2457/72/1677
f 2460/106/1681 2461/105/1682 2462/106/1683
f 2461/105/1682 2460/106/1681 2463/105/1684
f 2460/106/1681 2464/105/1685 2463/105/1684
f 2464/105/1685 2460/106/1681 2465/106/1686
f 2466/106/1611 2464/105/1685 2465/106/1686
f 2464/105/1685 2466/106/1611 2467/105/1687
f 2468/71/1688 2469/73/1496 2470/73/1689
f 2469/73/1496 2468/71/1688 2471/71/1690
f 2472/73/1486 2473/71/1485 2474/73/1691
f 2473/71/1485 2472/73/1486 2475/71/1692
f 2476/105/1693 2477/105/1694 2478/106/1695
f 2476/105/1693 2478/106/1695 2479/106/1696
f 2480/105/1697 2478/106/1695 2477/105/1694
f 2478/106/1695 2480/105/1697 2481/106/1698
f 2480/105/1697 2482/106/1699 2481/106/1698
f 2482/106/1699 2480/105/1697 2483/105/1700
f 2483/105/1700 2484/106/1568 2482/106/1699
f 2484/106/1568 2483/105/1700 2485/105/1566
f 2486/65/686 2487/63/686 2488/67/686
f 2487/63/686 2489/69/686 2488/67/686
f 2489/69/686 2487/63/686 2490/70/686
f 2491/68/686 2486/65/686 2488/67/686
f 2492/66/686 2486/65/686 2491/68/686
f 2486/65/686 2492/66/686 2493/64/686
f 2494/74/1701 2495/74/1702 2496/72/1703
f 2497/74/1704 2498/72/1705 2499/74/1706
f 2500/74/1707 2501/72/1708 2502/72/1709
f 2501/72/1708 2500/74/1707 2503/74/1710
f 2504/74/1711 2505/72/1291 2506/74/1290
f 2505/72/1291 2504/74/1711 2507/72/1712
f 2508/58/686 2509/75/686 2510/59/686
f 2511/56/686 2510/59/686 2509/75/686
f 2509/75/686 2508/58/686 2512/76/686
f 2511/56/686 2509/75/686 2513/77/686
f 2508/58/686 2514/78/686 2512/76/686
f 2515/79/686 2511/56/686 2513/77/686
f 2514/78/686 2508/58/686 2516/60/686
f 2511/56/686 2515/79/686 2517/55/686
f 2518/61/686 2514/78/686 2516/60/686
f 2515/79/686 2519/57/686 2517/55/686
f 2514/78/686 2518/61/686 2520/80/686
f 2519/57/686 2515/79/686 2521/81/686
f 2522/54/686 2520/80/686 2518/61/686
f 2521/81/686 2522/54/686 2519/57/686
f 2520/80/686 2522/54/686 2523/82/686
f 2522/54/686 2521/81/686 2523/82/686
f 2524/73/686 2525/71/686 2526/73/686
f 2525/71/686 2524/73/686 2527/71/686
f 2528/72/1713 2529/74/1714 2530/74/1715
f 2529/74/1714 2528/72/1713 2531/72/1232
f 2532/74/1716 2533/72/1717 2534/74/1718
f 2533/72/1717 2532/74/1716 2535/72/1223
f 2536/74/1707 2537/72/1273 2538/74/1719
f 2539/74/1292 2540/74/1720 2541/72/1293
f 2542/71/1721 2543/73/1722 2544/71/1723
f 2543/73/1722 2542/71/1721 2545/73/1721
f 2546/73/1724 2544/71/1723 2543/73/1722
f 2547/71/1725 2545/73/1721 2542/71/1721
f 2544/71/1723 2546/73/1724 2548/71/1726
f 2549/195/1727 2548/71/1726 2546/73/1724
f 2549/195/1727 2546/73/1724 2550/196/1727
f 2545/73/1721 2547/71/1725 2551/73/1728
f 2552/71/1729 2551/73/1728 2547/71/1725
f 2551/73/1728 2552/71/1729 2553/73/1729
f 2554/71/1730 2553/73/1729 2552/71/1729
f 2553/73/1729 2554/71/1730 2555/73/1731
f 2556/47/1732 2557/50/1733 2558/47/1734
f 2557/50/1733 2556/47/1732 2559/50/1732
f 2560/50/1735 2561/47/1736 2562/47/1737
f 2561/47/1736 2560/50/1735 2563/50/1736
f 2564/73/1738 2565/71/1739 2566/73/1740
f 2567/73/1741 2568/73/1742 2569/71/1743
f 2570/74/1342 2571/72/1744 2572/74/1745
f 2571/72/1744 2570/74/1342 2573/72/1343
f 2574/74/1324 2575/72/1746 2576/72/1747
f 2575/72/1746 2574/74/1324 2577/74/1748
f 2578/127/695 2579/125/697 2580/126/695
f 2580/126/695 2579/125/697 2581/128/992
f 2580/126/695 2582/129/696 2578/127/695
f 2582/129/696 2580/126/695 2583/130/696
f 2583/130/696 2584/131/698 2582/129/696
f 2584/131/698 2583/130/696 2585/132/698
f 2586/133/700 2584/131/698 2585/132/698
f 2587/134/700 2586/133/700 2585/132/698
f 2588/135/702 2586/133/700 2587/134/700
f 2589/136/702 2588/135/702 2587/134/700
f 2590/137/701 2588/135/702 2589/136/702
f 2591/138/701 2588/135/702 2590/137/701
f 2592/139/699 2591/138/701 2590/137/701
f 2593/140/699 2591/138/701 2592/139/699
f 2594/141/1749 2593/140/699 2592/139/699
f 2595/142/1750 2593/140/699 2594/141/1749
f 2596/74/1634 2597/71/1635 2598/74/1636
f 2599/71/1637 2597/71/1635 2596/74/1634
f 2599/71/1637 2596/74/1634 2600/71/1702
f 2601/74/1630 2602/74/1631 2603/71/1629
f 2603/71/1629 2604/71/1632 2601/74/1630
f 2604/71/1632 2605/71/1706 2601/74/1630
f 2606/73/1751 2607/73/1459 2608/71/1458
f 2608/71/1458 2607/73/1459 2609/71/1460
f 2607/73/1459 2610/71/1461 2609/71/1460
f 2610/71/1461 2607/73/1459 2611/73/1752
f 2612/71/1753 2611/73/1462 2613/73/1754
f 2614/71/1755 2612/71/1753 2613/73/1754
f 2615/47/1734 2616/71/1228 2617/74/1756
f 2616/71/1228 2615/47/1734 2618/50/1733
f 2619/71/1220 2620/47/1737 2621/74/1757
f 2620/47/1737 2619/71/1220 2622/50/1735
f 2623/71/1758 2624/71/1466 2625/73/1468
f 2624/71/1466 2626/73/1759 2625/73/1468
f 2627/73/1438 2628/71/1760 2629/71/1439
f 2628/71/1760 2627/73/1438 2630/73/1436
f 2631/71/1440 2627/73/1438 2629/71/1439
f 2627/73/1438 2631/71/1440 2632/73/1761
f 2633/73/1442 2632/73/1441 2634/71/1440
f 2633/73/1442 2634/71/1440 2635/71/1762
f 2636/73/1455 2637/73/1763 2638/71/1456
f 2638/71/1456 2637/73/1763 2639/71/1764
f 2638/71/1456 2640/71/1454 2636/73/1455
f 2640/71/1454 2641/73/1765 2636/73/1455
f 2642/73/1447 2643/73/1766 2644/71/1445
f 2642/73/1447 2644/71/1445 2645/71/1767
f 2646/73/1768 2647/73/1434 2648/71/1435
f 2646/73/1768 2648/71/1435 2649/71/1437
f 2650/71/1380 2648/71/1435 2647/73/1434
f 2647/73/1434 2651/73/1769 2650/71/1380
f 2652/72/1325 2653/72/1770 2654/74/1326
f 2652/72/1325 2654/74/1326 2655/74/1771
f 2656/74/1344 2657/72/1343 2658/74/1772
f 2659/72/1345 2657/72/1343 2656/74/1344
f 2660/71/1595 2661/74/1657 2662/71/1773
f 2663/71/1593 2661/74/1657 2660/71/1595
f 2661/74/1657 2663/71/1593 2664/74/1594
f 2663/71/1593 2665/71/1774 2664/74/1594
f 2666/74/1120 2664/74/1594 2665/71/1774
f 2666/74/1120 2665/71/1774 2667/71/1121
f 2668/74/1406 2666/74/1120 2667/71/1121
f 2667/71/1121 2669/71/1640 2668/74/1406
f 2670/74/1408 2668/74/1406 2669/71/1640
f 2669/71/1640 2671/71/1775 2670/74/1408
f 2670/74/1408 2671/71/1775 2672/74/1639
f 2671/71/1775 2673/74/1776 2672/74/1639
f 2673/74/1776 2671/71/1775 2674/71/1777
f 2674/71/1777 2675/74/1778 2673/74/1776
f 2675/74/1778 2674/71/1777 2676/71/1779
f 2676/71/1779 2677/74/1780 2675/74/1778
f 2677/74/1780 2676/71/1779 2678/71/1781
f 2678/71/1781 2679/74/1782 2677/74/1780
f 2679/74/1782 2678/71/1781 2680/71/1783
f 2680/71/1783 1813/71/1315 2679/74/1782
f 2679/74/1782 1813/71/1315 1815/74/1317
f 2681/71/1587 2682/71/1665 2683/74/1663
f 2684/71/1584 2681/71/1587 2683/74/1663
f 2684/71/1584 2683/74/1663 2685/74/1586
f 2686/71/1784 2684/71/1584 2685/74/1586
f 2685/74/1586 2687/74/1128 2686/71/1784
f 2688/71/1129 2686/71/1784 2687/74/1128
f 2687/74/1128 2689/74/1403 2688/71/1129
f 2690/71/1404 2688/71/1129 2689/74/1403
f 2690/71/1404 2689/74/1403 2691/74/1405
f 2692/71/1643 2690/71/1404 2691/74/1405
f 2692/71/1643 2691/74/1405 2693/74/1644
f 2694/74/1785 2692/71/1643 2693/74/1644
f 2692/71/1643 2694/74/1785 2695/71/1786
f 2696/74/1787 2695/71/1786 2694/74/1785
f 2695/71/1786 2696/74/1787 2697/71/1788
f 2698/74/1789 2697/71/1788 2696/74/1787
f 2697/71/1788 2698/74/1789 2699/71/1790
f 2700/74/1589 2699/71/1790 2698/74/1789
f 2699/71/1790 2700/74/1589 2701/71/1791
f 2700/74/1589 1845/71/1334 2701/71/1791
f 1845/71/1334 2700/74/1589 1846/74/1335
f 2702/71/1792 2703/73/1579 2704/73/1793
f 2703/73/1579 2702/71/1792 2705/71/1580
f 2706/73/1794 2707/71/1795 2708/73/1796
f 2707/71/1795 2706/73/1794 2709/71/1571
f 2710/105/1797 2711/105/1142 2712/106/1798
f 2710/105/1797 2712/106/1798 2713/106/1144
f 2714/105/1143 2715/106/1798 2711/105/1142
f 2715/106/1798 2714/105/1143 2716/106/1145
f 2717/105/1799 2716/106/1145 2714/105/1143
f 2716/106/1145 2717/105/1799 2718/106/805
f 2719/106/1179 2720/106/1177 2721/105/1800
f 2720/106/1177 2722/105/1180 2721/105/1800
f 2723/106/1177 2724/105/1182 2722/105/1180
f 2724/105/1182 2723/106/1177 2725/106/1801
f 2725/106/1801 2726/105/1802 2724/105/1182
f 2726/105/1802 2725/106/1801 2727/106/796
f 2728/74/1803 2729/74/1804 2730/72/1788
f 2731/72/1790 2730/72/1788 2729/74/1804
f 2732/72/1805 2731/72/1790 2733/74/1806
f 2734/74/1807 2733/74/1806 2731/72/1790
f 2735/74/1778 2736/72/1808 2737/72/1779
f 2736/72/1808 2735/74/1778 2738/74/1776
f 2739/74/1787 2740/72/1786 2741/74/1809
f 2740/72/1786 2739/74/1787 2742/72/1788
f 2743/107/1810 2744/108/1811 2745/107/1812
f 2744/108/1811 2743/107/1810 2746/108/1813
f 2747/108/1814 2746/108/1813 2743/107/1810
f 2747/108/1814 2743/107/1810 2748/107/1815
f 2749/105/1146 2750/105/1141 2751/106/1816
f 2749/105/1146 2751/106/1816 2752/106/1148
f 2753/106/1817 2749/105/1146 2752/106/1148
f 2749/105/1146 2753/106/1817 2754/105/1150
f 2755/105/1818 2754/105/1150 2753/106/1817
f 2755/105/1818 2753/106/1817 2756/106/1819
f 2757/106/1183 2758/106/1820 2759/105/1181
f 2758/106/1820 2760/105/1178 2759/105/1181
f 2759/105/1181 2761/106/1185 2757/106/1183
f 2761/106/1185 2759/105/1181 2762/105/1187
f 2762/105/1187 2763/105/1821 2761/106/1185
f 2764/106/1188 2761/106/1185 2763/105/1821
f 2765/108/1822 2766/107/1823 2767/108/1824
f 2766/107/1823 2765/108/1822 2768/107/1825
f 2765/108/1822 2769/107/1082 2768/107/1825
f 2769/107/1082 2765/108/1822 2770/108/1080
f 2771/74/1680 2772/72/1779 2773/72/1781
f 2772/72/1779 2771/74/1680 2774/74/1778
f 2775/108/1826 2776/107/1512 2777/107/1511
f 2776/107/1512 2775/108/1826 2778/108/1513
f 2778/108/1513 2779/107/1827 2776/107/1512
f 2779/107/1827 2778/108/1513 2780/108/1516
f 2780/108/1516 2781/107/1828 2779/107/1827
f 2781/107/1828 2780/108/1516 2782/108/1829
f 2783/108/1830 2784/107/1542 2785/108/1544
f 2784/107/1542 2783/108/1830 2786/107/1540
f 2787/107/1545 2785/108/1544 2784/107/1542
f 2785/108/1544 2787/107/1545 2788/108/1547
f 2789/107/1831 2788/108/1547 2787/107/1545
f 2788/108/1547 2789/107/1831 2790/108/1832
f 2791/73/1581 2792/71/1833 2793/71/1834
f 2792/71/1833 2791/73/1581 2794/73/1835
f 2795/71/1836 2796/73/1572 2797/71/1837
f 2796/73/1572 2795/71/1836 2798/73/1838
f 2799/108/1522 2800/108/1519 2801/107/1521
f 2800/108/1519 2802/107/1517 2801/107/1521
f 2803/108/1548 2804/108/1551 2805/107/1839
f 2803/108/1548 2805/107/1839 2806/107/1546
f 2807/73/1840 2808/73/1841 2809/71/1842
f 2809/71/1842 2808/73/1841 2810/71/1471
f 2811/105/1732 2812/106/1733 2813/105/1734
f 2812/106/1733 2811/105/1732 2814/106/1732
f 2815/73/1843 2816/73/1447 2817/71/1844
f 2815/73/1843 2817/71/1844 2818/71/1450
f 2819/71/1471 2820/73/1470 2821/71/1845
f 2822/106/1735 2823/106/1736 2824/105/1736
f 2822/106/1735 2824/105/1736 2825/105/1737
f 2826/71/1450 2827/71/1846 2828/73/1449
f 2829/105/1734 2830/72/1228 2831/74/1847
f 2830/72/1228 2829/105/1734 2832/106/1733
f 2833/105/1737 2834/72/1220 2835/106/1735
f 2834/72/1220 2833/105/1737 2836/74/1757
f 2837/108/1522 2838/107/1521 2839/107/1523
f 2840/108/1551 2841/107/1848 2842/107/1550
f 2843/74/1849 2844/72/1850 2845/72/1851
f 2844/72/1850 2843/74/1849 2846/74/1230
f 2847/72/1852 2848/74/1853 2849/72/1854
f 2848/74/1853 2847/72/1852 2850/74/1218
f 2851/174/1855 2852/197/1856 2853/159/1857
f 2853/159/1857 2854/111/1857 2851/174/1855
f 2855/198/739 2852/197/1856 2851/174/1855
f 2855/198/739 2851/174/1855 2856/173/739
f 2857/112/1858 2858/159/1858 2859/111/1859
f 2858/159/1858 2857/112/1858 2860/199/1859
f 2861/113/1860 2862/114/730 2863/115/730
f 2862/114/730 2861/113/1860 2864/116/730
f 2861/113/1860 2865/119/730 2864/116/730
f 2864/116/730 2865/119/730 2866/118/730
f 2865/119/730 2861/113/1860 2867/120/730
f 2867/120/730 2861/113/1860 2868/117/730
f 2869/111/730 2870/111/730 2871/159/730
f 2870/111/730 2872/159/730 2871/159/730
f 2872/159/730 2870/111/730 2873/111/730
f 2873/111/730 2874/159/730 2872/159/730
f 2875/143/730 2876/147/730 2877/145/730
f 2877/145/730 2878/148/730 2875/143/730
f 2877/145/730 2876/147/730 2879/144/730
f 2878/148/730 2877/145/730 2880/146/730
f 2881/151/730 2879/144/730 2876/147/730
f 2880/146/730 2882/152/730 2878/148/730
f 2879/144/730 2881/151/730 2883/149/730
f 2882/152/730 2880/146/730 2884/150/730
f 2885/153/730 2883/149/730 2881/151/730
f 2884/150/730 2886/154/730 2882/152/730
f 2883/149/730 2885/153/730 2887/155/730
f 2886/154/730 2884/150/730 2888/156/730
f 2885/153/730 2889/157/730 2887/155/730
f 2889/157/730 2886/154/730 2888/156/730
f 2885/153/730 2890/158/730 2889/157/730
f 2886/154/730 2889/157/730 2890/158/730
f 2891/62/696 2892/62/696 2893/62/695
f 2892/62/696 2894/62/695 2893/62/695
f 2895/62/698 2892/62/696 2891/62/696
f 2896/62/697 2893/62/695 2894/62/695
f 2897/62/698 2895/62/698 2891/62/696
f 2893/62/695 2896/62/697 2898/62/697
f 2897/62/698 2899/62/700 2895/62/698
f 2896/62/697 2900/62/699 2898/62/697
f 2899/62/700 2897/62/698 2901/62/700
f 2900/62/699 2896/62/697 2902/62/989
f 2901/62/700 2903/62/702 2899/62/700
f 2904/62/701 2900/62/699 2902/62/989
f 2903/62/702 2901/62/700 2905/62/988
f 2900/62/699 2904/62/701 2906/62/701
f 2903/62/702 2906/62/701 2904/62/701
f 2906/62/701 2903/62/702 2905/62/988
f 2907/107/730 2908/73/730 2909/72/730
f 2908/73/730 2910/95/730 2909/72/730
f 2908/73/730 2907/107/730 2911/122/730
f 2909/72/730 2912/106/730 2907/107/730
f 2907/107/730 2912/106/730 2913/124/730
f 2912/106/730 2909/72/730 2914/123/730
o RenderMesh_128979720175391
v 0.620608 0.209407 0.093600
v 0.620608 0.209407 -0.093600
v 0.548608 0.255487 0.067392
v 0.548608 0.255487 -0.067392
v 0.332608 0.255487 0.067392
v 0.332608 0.255487 -0.067392
v 0.543144 -0.055680 -0.093600
v 0.543144 -0.055680 0.093600
v 0.532608 -0.088054 0.072788
v 0.532608 -0.088054 -0.072788
v -0.652481 0.224347 0.069719
v -0.652481 0.224347 -0.069719
v -0.652481 0.169375 0.090750
v -0.652481 0.169375 -0.090750
v -0.652481 0.229495 0.067750
v -0.652481 0.229495 -0.067750
v -1.159545 0.252448 -0.058968
v -1.159545 0.158538 0.099792
v -1.159545 0.252448 0.058968
v -1.159545 0.158538 -0.099792
v -1.159545 0.020680 0.099792
v -1.159545 0.020680 -0.099792
v -1.090711 -0.051320 -0.099792
v -1.090711 -0.051320 0.099792
v -0.540037 -0.051320 0.099792
v -0.540037 -0.051320 -0.099792
v -0.000620 -0.083156 -0.092277
v 0.107222 -0.403832 -0.092277
v -0.000620 -0.083156 0.092274
v 0.107222 -0.403832 0.092274
v 0.094583 -0.491432 -0.092277
v 0.094583 -0.491432 0.092274
v 0.324328 -0.474083 -0.092277
v 0.324328 -0.474083 0.092274
v 0.378873 -0.431454 -0.092277
v 0.378873 -0.431454 0.092274
v 0.374536 -0.374017 -0.092277
v 0.374536 -0.374017 0.092274
v 0.234909 -0.182388 -0.092277
v 0.234909 -0.182388 0.092274
v 0.220999 -0.125674 -0.092277
v 0.220999 -0.125674 0.092274
v 0.236530 -0.076364 -0.092277
v 0.236530 -0.076364 0.092274
v 0.277228 0.158538 0.099792
v 0.277227 0.158538 -0.099792
v 0.277227 0.252448 0.058968
v 0.277228 0.252448 -0.058968
v 0.277227 0.020680 -0.099792
v 0.277228 0.020680 0.099792
v -0.425554 -0.159988 -0.108144
v -0.425554 -0.159988 0.108144
v -0.425554 -0.103988 0.108144
v -0.425554 -0.103988 -0.108144
v 0.277228 0.252448 -0.058968
v -0.471203 0.252448 -0.058968
v 0.277227 0.252448 0.058968
v -0.471203 0.252448 0.058968
v -1.159545 0.252448 0.058968
v -1.159545 0.252448 -0.058968
v -0.425554 -0.103988 -0.108144
v -0.425554 -0.103988 0.108144
v -0.541327 -0.079988 0.108144
v -0.541327 -0.079988 -0.108144
v 0.042949 -0.121568 0.108144
v -0.093051 -0.121568 0.108144
v 0.042949 -0.121568 -0.108144
v -0.093051 -0.121568 -0.108144
v 0.277227 -0.097568 -0.108144
v 0.277228 -0.097568 0.108144
v -0.471203 0.169375 0.090750
v -0.471203 0.169375 -0.090750
v -0.545754 0.169375 0.090750
v -0.545754 0.169375 -0.090750
v 0.208552 0.169375 -0.090750
v 0.208552 0.169375 0.090750
v -0.652481 0.169375 0.090750
v -0.911237 0.169375 -0.090750
v -0.911237 0.169375 0.090750
v -0.652481 0.169375 -0.090750
v 0.532608 -0.088054 0.072788
v 0.332608 -0.088054 0.072788
v 0.332608 -0.088054 -0.072788
v 0.532608 -0.088054 -0.072788
v -0.093051 -0.121568 0.108144
v -0.425554 -0.159988 0.108144
v -0.093051 -0.217568 0.108144
v -0.425554 -0.103988 0.108144
v -0.541327 -0.007988 0.108144
v -0.541327 -0.079988 0.108144
v -0.517327 0.023223 0.108144
v 0.277228 0.023223 0.108144
v 0.042949 -0.121568 0.108144
v 0.277228 -0.097568 0.108144
v -0.093051 -0.121568 -0.108144
v -0.517327 0.023223 -0.108144
v 0.277227 0.023223 -0.108144
v 0.042949 -0.121568 -0.108144
v 0.277227 -0.097568 -0.108144
v -0.425554 -0.103988 -0.108144
v -0.541327 -0.007988 -0.108144
v -0.541327 -0.079988 -0.108144
v -0.425554 -0.159988 -0.108144
v -0.093051 -0.217568 -0.108144
v 0.208552 0.169375 -0.090750
v -0.471203 0.158538 -0.099792
v -0.471203 0.169375 -0.090750
v -0.545754 0.169375 -0.090750
v 0.277227 0.158538 -0.099792
v 0.208552 0.229495 -0.067750
v 0.277228 0.252448 -0.058968
v -0.471203 0.252448 -0.058968
v -0.471203 0.229495 -0.067750
v -0.545754 0.229495 -0.067750
v -0.652481 0.224347 -0.069719
v -0.652481 0.229495 -0.067750
v -0.652481 0.169375 -0.090750
v -0.911237 0.229495 -0.067749
v -1.159545 0.252448 -0.058968
v -1.159545 0.158538 -0.099792
v -0.911237 0.169375 -0.090750
v -1.090711 -0.051320 -0.099792
v -1.159545 0.020680 -0.099792
v -0.540037 -0.051320 -0.099792
v -0.471203 0.020680 -0.099792
v 0.277227 0.020680 -0.099792
v -0.471203 0.158538 0.099792
v 0.277228 0.020680 0.099792
v 0.277228 0.158538 0.099792
v -0.471203 0.020680 0.099792
v -0.540037 -0.051320 0.099792
v 0.208552 0.169375 0.090750
v 0.208552 0.229495 0.067750
v 0.277227 0.252448 0.058968
v -0.471203 0.169375 0.090750
v -0.471203 0.252448 0.058968
v -0.471203 0.229495 0.067750
v -0.545754 0.229495 0.067750
v -0.545754 0.169375 0.090750
v -0.652481 0.229495 0.067750
v -0.652481 0.224347 0.069719
v -0.911237 0.229495 0.067750
v -0.652481 0.169375 0.090750
v -1.159545 0.252448 0.058968
v -0.911237 0.169375 0.090750
v -1.159545 0.158538 0.099792
v -1.090711 -0.051320 0.099792
v -1.159545 0.020680 0.099792
v 0.332608 0.255487 -0.067392
v 0.548608 0.255487 -0.067392
v 0.332608 0.209407 -0.093600
v 0.620608 0.209407 -0.093600
v 0.543144 -0.055680 -0.093600
v 0.332608 -0.055680 -0.093600
v 0.532608 -0.088054 -0.072788
v 0.332608 -0.088054 -0.072788
v 0.332608 0.209407 0.093600
v 0.548608 0.255487 0.067392
v 0.332608 0.255487 0.067392
v 0.620608 0.209407 0.093600
v 0.543144 -0.055680 0.093600
v 0.332608 -0.055680 0.093600
v 0.532608 -0.088054 0.072788
v 0.332608 -0.088054 0.072788
v 0.324328 -0.474083 -0.092277
v 0.374536 -0.374017 -0.092277
v 0.378873 -0.431454 -0.092277
v 0.107222 -0.403832 -0.092277
v 0.094583 -0.491432 -0.092277
v 0.234909 -0.182388 -0.092277
v 0.083617 -0.079472 -0.092277
v -0.000620 -0.083156 -0.092277
v 0.220999 -0.125674 -0.092277
v 0.236530 -0.076364 -0.092277
v 0.107222 -0.403832 0.092274
v 0.324328 -0.474083 0.092274
v 0.374536 -0.374017 0.092274
v 0.378873 -0.431454 0.092274
v 0.094583 -0.491432 0.092274
v 0.234909 -0.182388 0.092274
v 0.083617 -0.079472 0.092274
v -0.000620 -0.083156 0.092274
v 0.220999 -0.125674 0.092274
v 0.236530 -0.076364 0.092274
v 0.788604 0.228735 0.056160
v 0.952752 0.171135 0.093600
v 0.952752 0.228735 0.056160
v 0.716604 0.171135 0.093600
v 0.952752 -0.064064 0.093600
v 0.680604 -0.064064 0.093600
v 0.856455 -0.277210 0.093600
v 0.952752 -0.299265 0.093600
v 0.788604 0.228735 -0.056160
v 0.952752 0.171135 -0.093600
v 0.716604 0.171135 -0.093600
v 0.952752 0.228735 -0.056160
v 0.952752 -0.064064 -0.093600
v 0.680604 -0.064064 -0.093600
v 0.856455 -0.277210 -0.093600
v 0.952752 -0.299265 -0.093600
v -0.471203 0.020680 0.099792
v 0.277227 0.020680 -0.099792
v 0.277228 0.020680 0.099792
v -0.471203 0.020680 -0.099792
v -0.517327 0.023223 0.108144
v 0.277228 0.023223 0.108144
v 0.277227 0.023223 -0.108144
v 0.277228 -0.097568 0.108144
v 0.277227 -0.097568 -0.108144
v -0.517327 0.023223 -0.108144
v -0.541327 -0.007988 -0.108144
v -0.541327 -0.007988 0.108144
v -0.541327 -0.079988 -0.108144
v -0.541327 -0.079988 0.108144
v -0.093051 -0.121568 -0.108144
v -0.093051 -0.121568 0.108144
v -0.093051 -0.217568 0.108144
v -0.093051 -0.217568 -0.108144
v 0.208552 0.169375 -0.090750
v 0.208552 0.169375 0.090750
v 0.208552 0.229495 0.067750
v 0.208552 0.229495 -0.067750
v -0.471203 0.229495 0.067750
v -0.471203 0.229495 -0.067750
v -0.545754 0.229495 -0.067750
v -0.545754 0.229495 0.067750
v -0.911237 0.229495 -0.067749
v -0.652481 0.229495 0.067750
v -0.911237 0.229495 0.067750
v -0.652481 0.229495 -0.067750
v -0.540037 -0.051320 0.099792
v -0.471203 0.020680 -0.099792
v -0.471203 0.020680 0.099792
v -0.540037 -0.051320 -0.099792
v 0.332608 0.255487 -0.067392
v 0.332608 0.209407 0.093600
v 0.332608 0.255487 0.067392
v 0.332608 0.209407 -0.093600
v 0.332608 -0.055680 0.093600
v 0.332608 -0.055680 -0.093600
v 0.332608 -0.088054 -0.072788
v 0.332608 -0.088054 0.072788
v -0.545754 0.169375 0.090750
v -0.545754 0.229495 -0.067750
v -0.545754 0.229495 0.067750
v -0.545754 0.169375 -0.090750
v 0.788604 0.228735 -0.056160
v 0.716604 0.171135 0.093600
v 0.788604 0.228735 0.056160
v 0.952752 0.228735 -0.056160
v 0.952752 0.228735 0.056160
v 0.716604 0.171135 -0.093600
v 0.680604 -0.064064 0.093600
v 0.680604 -0.064064 -0.093600
v 0.856455 -0.277210 0.093600
v 0.856455 -0.277210 -0.093600
v 0.952752 -0.299265 0.093600
v 0.952752 -0.299265 -0.093600
v -0.911237 0.169375 0.090750
v -0.911237 0.229495 -0.067749
v -0.911237 0.229495 0.067750
v -0.911237 0.169375 -0.090750
vn 0.9816 0.1911 -0.0000
vn 0.3172 0.9484 -0.0000
vn -0.0000 1.0000 -0.0000
vn 0.9590 -0.2834 -0.0000
vn -1.0000 -0.0000 -0.0000
vn -0.9415 -0.3370 -0.0000
vn -0.4218 -0.9067 -0.0000
vn -0.0000 -1.0000 -0.0000
vn -0.9478 -0.3188 -0.0000
vn -0.9963 -0.0861 -0.0000
vn -0.8509 -0.5253 -0.0000
vn 0.3753 -0.9269 -0.0000
vn 0.9378 -0.3472 -0.0000
vn 0.9452 0.3264 -0.0000
vn 0.9116 0.4110 -0.0000
vn 0.9995 -0.0302 -0.0000
vn 0.9995 -0.0303 -0.0000
vn 0.9538 -0.3004 -0.0000
vn 1.0000 -0.0000 -0.0000
vn -0.2030 -0.9792 -0.0000
vn 0.0510 -0.9987 -0.0000
vn 0.1019 -0.9948 -0.0000
vn -0.0000 -0.0000 1.0000
vn -0.0000 -0.0000 -1.0000
vn -0.0062 0.4523 -0.8919
vn -0.0003 0.2156 -0.9765
vn -0.0007 0.4390 -0.8985
vn 0.0032 0.4027 -0.9153
vn -0.0030 0.2221 -0.9750
vn -0.0062 0.4522 -0.8919
vn -0.0007 0.4389 -0.8985
vn 0.0032 0.4029 -0.9152
vn 0.0023 0.3905 -0.9206
vn 0.0048 0.4255 -0.9050
vn 0.0032 0.4028 -0.9153
vn 0.0048 0.4255 -0.9049
vn 0.0024 0.2093 -0.9779
vn 0.0048 0.4256 -0.9049
vn -0.0003 0.2156 0.9765
vn -0.0030 0.2221 0.9750
vn -0.0062 0.4523 0.8919
vn -0.0062 0.4522 0.8919
vn -0.0007 0.4390 0.8985
vn -0.0007 0.4389 0.8985
vn 0.0032 0.4029 0.9152
vn 0.0032 0.4027 0.9153
vn 0.0048 0.4255 0.9050
vn 0.0023 0.3905 0.9206
vn 0.0048 0.4255 0.9049
vn 0.0032 0.4028 0.9153
vn 0.0048 0.4256 0.9049
vn 0.0024 0.2093 0.9779
vn -0.0000 0.4944 -0.8692
vn -0.0000 0.2422 -0.9702
vn -0.0000 0.1458 -0.9893
vn -0.0000 -0.2019 -0.9794
vn -0.0000 -0.2643 -0.9644
vn -0.0000 -0.5408 -0.8412
vn -0.0000 0.2422 0.9702
vn -0.0000 0.4944 0.8692
vn -0.0000 0.1458 0.9893
vn -0.0000 -0.2019 0.9794
vn -0.0000 -0.2643 0.9644
vn -0.0000 -0.5408 0.8412
vn -0.0000 0.5450 0.8384
vn -0.0000 0.2664 0.9639
vn -0.0000 0.1381 0.9904
vn -0.0000 0.5450 -0.8384
vn -0.0000 0.2664 -0.9639
vn -0.0000 0.1381 -0.9904
vn -0.4819 0.8763 -0.0000
vn 0.8137 0.5813 -0.0000
vn 0.8137 0.5812 -0.0000
vn -0.4819 0.8762 -0.0000
vn -0.9548 0.2973 -0.0000
vn -0.8784 -0.4779 -0.0000
vn 0.7228 -0.6910 -0.0000
vn -0.3869 0.9221 -0.0000
vn -0.9121 0.4100 -0.0000
vn -0.9726 -0.2326 -0.0000
vn -0.5482 -0.8364 -0.0000
vn -0.2233 -0.9748 -0.0000
vt 0.000000 0.000000
s 1
f 2915/200/1861 2916/200/1861 2917/200/1862
f 2917/200/1862 2916/200/1861 2918/200/1862
f 2919/200/1863 2917/200/1862 2918/200/1862
f 2919/200/1863 2918/200/1862 2920/200/1863
f 2915/200/1861 2921/200/1864 2916/200/1861
f 2922/200/1864 2921/200/1864 2915/200/1861
f 2921/200/1864 2922/200/1864 2923/200/1864
f 2921/200/1864 2923/200/1864 2924/200/1864
f 2925/200/1865 2926/200/1865 2927/200/1865
f 2927/200/1865 2926/200/1865 2928/200/1865
f 2929/200/1865 2926/200/1865 2925/200/1865
f 2926/200/1865 2929/200/1865 2930/200/1865
f 2931/200/1865 2932/200/1865 2933/200/1865
f 2934/200/1865 2932/200/1865 2931/200/1865
f 2932/200/1865 2934/200/1865 2935/200/1866
f 2935/200/1866 2934/200/1865 2936/200/1866
f 2935/200/1866 2936/200/1866 2937/200/1867
f 2937/200/1867 2938/200/1867 2935/200/1866
f 2939/200/1868 2938/200/1867 2937/200/1867
f 2939/200/1868 2937/200/1867 2940/200/1868
f 2941/200/1869 2942/200/1870 2943/200/1869
f 2944/200/1870 2943/200/1869 2942/200/1870
f 2944/200/1870 2942/200/1870 2945/200/1871
f 2945/200/1871 2946/200/1871 2944/200/1870
f 2946/200/1871 2945/200/1871 2947/200/1872
f 2948/200/1872 2946/200/1871 2947/200/1872
f 2948/200/1872 2947/200/1872 2949/200/1873
f 2949/200/1873 2950/200/1873 2948/200/1872
f 2950/200/1873 2949/200/1873 2951/200/1874
f 2951/200/1874 2952/200/1874 2950/200/1873
f 2952/200/1874 2951/200/1874 2953/200/1875
f 2954/200/1875 2952/200/1874 2953/200/1875
f 2954/200/1875 2953/200/1875 2955/200/1876
f 2955/200/1876 2956/200/1877 2954/200/1875
f 2956/200/1877 2955/200/1876 2957/200/1878
f 2957/200/1878 2958/200/1878 2956/200/1877
f 2959/200/1879 2960/200/1879 2961/200/1879
f 2961/200/1879 2960/200/1879 2962/200/1879
f 2960/200/1879 2959/200/1879 2963/200/1879
f 2959/200/1879 2964/200/1879 2963/200/1879
f 2965/200/1865 2966/200/1865 2967/200/1865
f 2967/200/1865 2968/200/1865 2965/200/1865
f 2969/200/1863 2970/200/1863 2971/200/1863
f 2972/200/1863 2971/200/1863 2970/200/1863
f 2970/200/1863 2973/200/1863 2972/200/1863
f 2973/200/1863 2970/200/1863 2974/200/1863
f 2975/200/1880 2976/200/1880 2977/200/1880
f 2977/200/1880 2978/200/1880 2975/200/1880
f 2979/200/1881 2980/200/1868 2981/200/1881
f 2980/200/1868 2982/200/1868 2981/200/1881
f 2979/200/1881 2981/200/1881 2983/200/1882
f 2984/200/1882 2979/200/1881 2983/200/1882
f 2985/200/1863 2986/200/1863 2987/200/1863
f 2987/200/1863 2986/200/1863 2988/200/1863
f 2986/200/1863 2985/200/1863 2989/200/1863
f 2985/200/1863 2990/200/1863 2989/200/1863
f 2991/200/1863 2992/200/1863 2993/200/1863
f 2992/200/1863 2991/200/1863 2994/200/1863
f 2995/200/1868 2996/200/1868 2997/200/1868
f 2995/200/1868 2997/200/1868 2998/200/1868
f 2999/200/1883 3000/200/1883 3001/200/1883
f 3000/200/1883 2999/200/1883 3002/200/1883
f 3002/200/1883 3003/200/1883 3004/200/1883
f 3003/200/1883 3002/200/1883 3005/200/1883
f 3002/200/1883 2999/200/1883 3005/200/1883
f 3006/200/1883 3005/200/1883 2999/200/1883
f 3006/200/1883 2999/200/1883 3007/200/1883
f 3006/200/1883 3007/200/1883 3008/200/1883
f 3009/200/1884 3010/200/1884 3011/200/1884
f 3011/200/1884 3012/200/1884 3009/200/1884
f 3012/200/1884 3011/200/1884 3013/200/1884
f 3014/200/1884 3010/200/1884 3009/200/1884
f 3010/200/1884 3014/200/1884 3015/200/1884
f 3015/200/1884 3014/200/1884 3016/200/1884
f 3009/200/1884 3017/200/1884 3014/200/1884
f 3018/200/1884 3017/200/1884 3009/200/1884
f 3019/200/1885 3020/200/1886 3021/200/1887
f 3020/200/1886 3022/200/1888 3021/200/1887
f 3023/200/1889 3020/200/1886 3019/200/1885
f 3024/200/1890 3023/200/1889 3019/200/1885
f 3023/200/1889 3024/200/1890 3025/200/1885
f 3026/200/1891 3025/200/1885 3024/200/1890
f 3024/200/1890 3027/200/1891 3026/200/1891
f 3027/200/1891 3028/200/1892 3026/200/1891
f 3022/200/1888 3029/200/1893 3028/200/1892
f 3030/200/1894 3028/200/1892 3029/200/1893
f 3028/200/1892 3030/200/1894 3026/200/1891
f 3022/200/1888 3031/200/1895 3029/200/1893
f 3020/200/1886 3031/200/1895 3022/200/1888
f 3032/200/1896 3026/200/1891 3030/200/1894
f 3026/200/1891 3032/200/1896 3033/200/1896
f 3034/200/1897 3033/200/1896 3032/200/1896
f 3020/200/1886 3035/200/1898 3031/200/1895
f 3034/200/1897 3032/200/1896 3035/200/1898
f 3035/200/1898 3020/200/1886 3034/200/1897
f 3034/200/1897 3036/200/1884 3037/200/1884
f 3036/200/1884 3034/200/1897 3038/200/1884
f 3020/200/1886 3038/200/1884 3034/200/1897
f 3038/200/1884 3020/200/1886 3039/200/1884
f 3020/200/1886 3023/200/1889 3039/200/1884
f 3040/200/1884 3039/200/1884 3023/200/1889
f 3041/200/1899 3042/200/1883 3043/200/1900
f 3042/200/1883 3041/200/1899 3044/200/1883
f 3041/200/1899 3045/200/1883 3044/200/1883
f 3041/200/1899 3043/200/1900 3046/200/1901
f 3043/200/1900 3047/200/1902 3046/200/1901
f 3047/200/1902 3043/200/1900 3048/200/1901
f 3046/200/1901 3049/200/1903 3041/200/1899
f 3048/200/1901 3050/200/1904 3047/200/1902
f 3051/200/1904 3047/200/1902 3050/200/1904
f 3050/200/1904 3052/200/1905 3051/200/1904
f 3049/200/1903 3053/200/1906 3041/200/1899
f 3050/200/1904 3054/200/1907 3052/200/1905
f 3052/200/1905 3054/200/1907 3055/200/1908
f 3055/200/1908 3053/200/1906 3052/200/1905
f 3050/200/1904 3056/200/1909 3054/200/1907
f 3053/200/1906 3055/200/1908 3057/200/1910
f 3057/200/1910 3041/200/1899 3053/200/1906
f 3056/200/1909 3050/200/1904 3058/200/1909
f 3059/200/1911 3041/200/1899 3057/200/1910
f 3056/200/1909 3058/200/1909 3060/200/1912
f 3056/200/1909 3060/200/1912 3059/200/1911
f 3041/200/1899 3059/200/1911 3060/200/1912
f 3060/200/1912 3045/200/1883 3041/200/1899
f 3045/200/1883 3060/200/1912 3061/200/1883
f 3061/200/1883 3060/200/1912 3062/200/1883
f 3063/200/1913 3064/200/1913 3065/200/1914
f 3066/200/1915 3065/200/1914 3064/200/1913
f 3067/200/1916 3065/200/1914 3066/200/1915
f 3065/200/1914 3067/200/1916 3068/200/1917
f 3069/200/1918 3068/200/1917 3067/200/1916
f 3069/200/1918 3070/200/1918 3068/200/1917
f 3071/200/1919 3072/200/1920 3073/200/1920
f 3072/200/1920 3071/200/1919 3074/200/1921
f 3071/200/1919 3075/200/1922 3074/200/1921
f 3075/200/1922 3071/200/1919 3076/200/1923
f 3076/200/1923 3077/200/1924 3075/200/1922
f 3077/200/1924 3076/200/1923 3078/200/1924
f 3079/200/1884 3080/200/1884 3081/200/1884
f 3082/200/1884 3080/200/1884 3079/200/1884
f 3082/200/1884 3079/200/1884 3083/200/1884
f 3080/200/1884 3082/200/1884 3084/200/1884
f 3085/200/1884 3084/200/1884 3082/200/1884
f 3082/200/1884 3086/200/1884 3085/200/1884
f 3084/200/1884 3085/200/1884 3087/200/1884
f 3085/200/1884 3088/200/1884 3087/200/1884
f 3089/200/1883 3090/200/1883 3091/200/1883
f 3091/200/1883 3090/200/1883 3092/200/1883
f 3090/200/1883 3089/200/1883 3093/200/1883
f 3094/200/1883 3089/200/1883 3091/200/1883
f 3095/200/1883 3089/200/1883 3094/200/1883
f 3089/200/1883 3095/200/1883 3096/200/1883
f 3095/200/1883 3094/200/1883 3097/200/1883
f 3095/200/1883 3097/200/1883 3098/200/1883
f 3099/200/1925 3100/200/1926 3101/200/1925
f 3100/200/1926 3099/200/1925 3102/200/1927
f 3102/200/1927 3103/200/1883 3100/200/1926
f 3103/200/1883 3102/200/1927 3104/200/1883
f 3105/200/1883 3103/200/1883 3104/200/1883
f 3103/200/1883 3105/200/1883 3106/200/1883
f 3107/200/1928 3108/200/1929 3109/200/1930
f 3108/200/1929 3107/200/1928 3110/200/1928
f 3111/200/1884 3109/200/1930 3108/200/1929
f 3109/200/1930 3111/200/1884 3112/200/1884
f 3113/200/1884 3112/200/1884 3111/200/1884
f 3111/200/1884 3114/200/1884 3113/200/1884
f 3115/200/1868 3116/200/1868 3117/200/1868
f 3116/200/1868 3115/200/1868 3118/200/1868
f 3119/200/1931 3120/200/1932 3121/200/1933
f 3121/200/1933 3120/200/1932 3122/200/1879
f 3122/200/1879 3123/200/1879 3121/200/1933
f 3119/200/1931 3121/200/1933 3124/200/1934
f 3119/200/1931 3124/200/1934 3125/200/1935
f 3125/200/1935 3126/200/1935 3119/200/1931
f 3126/200/1935 3125/200/1935 3127/200/1865
f 3127/200/1865 3128/200/1865 3126/200/1935
f 3129/200/1879 3130/200/1879 3131/200/1879
f 3131/200/1879 3132/200/1879 3129/200/1879
f 3133/200/1865 3134/200/1865 3135/200/1936
f 3133/200/1865 3135/200/1936 3136/200/1936
f 3135/200/1936 3137/200/1868 3136/200/1936
f 3138/200/1868 3136/200/1936 3137/200/1868
f 3137/200/1868 3139/200/1868 3138/200/1868
f 3140/200/1868 3139/200/1868 3137/200/1868
f 3141/200/1868 3142/200/1868 3143/200/1868
f 3142/200/1868 3141/200/1868 3144/200/1868
f 3145/200/1937 3146/200/1937 3147/200/1937
f 3146/200/1937 3145/200/1937 3148/200/1937
f 3149/200/1865 3150/200/1865 3151/200/1865
f 3152/200/1865 3150/200/1865 3149/200/1865
f 3152/200/1865 3153/200/1865 3150/200/1865
f 3154/200/1865 3153/200/1865 3152/200/1865
f 3153/200/1865 3154/200/1865 3155/200/1865
f 3153/200/1865 3155/200/1865 3156/200/1865
f 3157/200/1879 3158/200/1879 3159/200/1879
f 3157/200/1879 3160/200/1879 3158/200/1879
f 3161/200/1938 3162/200/1939 3163/200/1938
f 3163/200/1938 3164/200/1863 3161/200/1938
f 3164/200/1863 3163/200/1938 3165/200/1863
f 3166/200/1939 3162/200/1939 3161/200/1938
f 3162/200/1939 3166/200/1939 3167/200/1940
f 3167/200/1940 3166/200/1939 3168/200/1940
f 3167/200/1940 3168/200/1940 3169/200/1941
f 3169/200/1941 3168/200/1940 3170/200/1941
f 3170/200/1941 3171/200/1942 3169/200/1941
f 3171/200/1942 3170/200/1941 3172/200/1942
f 3173/200/1879 3174/200/1879 3175/200/1879
f 3173/200/1879 3176/200/1879 3174/200/1879
