# Blender 5.2.0 LTS
# www.blender.org
mtllib glorious wildcat.mtl
o 130080779240508
v -1.532793 -0.523853 0.115209
v -1.532791 0.114966 0.115209
v -1.532791 -0.523853 -0.115209
v -1.532791 0.114966 -0.115209
v -1.532791 0.172756 -0.062241
v -1.532791 0.172756 0.062241
v -1.441885 -0.540418 -0.125973
v -1.441885 -0.540418 0.125973
v -1.443205 -0.482385 -0.125973
v -1.443205 -0.482385 0.125973
v 1.532793 0.243312 0.036313
v 1.532793 0.206999 0.069223
v 1.532793 0.206999 0.051354
v 1.532793 0.170687 0.036313
v 1.532793 0.255947 0.048948
v 1.532793 0.158051 0.048948
v 1.532793 0.276222 -0.000000
v 1.532793 0.155645 -0.000000
v 1.532793 0.258353 -0.000000
v 1.532793 0.137776 -0.000000
v 1.532793 0.243312 -0.036313
v 1.532793 0.158051 -0.048948
v 1.532793 0.255947 -0.048948
v 1.532793 0.170687 -0.036313
v 1.532793 0.206999 -0.069223
v 1.532793 0.206999 -0.051354
v 1.512681 0.271339 -0.064340
v 1.532793 0.276222 -0.000000
v 1.532793 0.255947 -0.048948
v 1.532793 0.206999 -0.069223
v 1.512681 0.297990 -0.000000
v 1.512681 0.206999 -0.090991
v 1.512681 0.271339 0.064340
v 1.512681 0.142659 -0.064340
v 1.532793 0.255947 0.048948
v 1.532793 0.158051 -0.048948
v 1.532793 0.206999 0.069223
v 1.512681 0.116009 -0.000000
v 1.512681 0.206999 0.090991
v 1.532793 0.137776 -0.000000
v 1.512681 0.142659 0.064340
v 1.532793 0.158051 0.048948
v 1.532793 0.243312 -0.036313
v 1.532793 0.258353 -0.000000
v 1.427958 0.206999 -0.000000
v 1.532793 0.243312 0.036313
v 1.532793 0.206999 -0.051354
v 1.532793 0.206999 0.051354
v 1.532793 0.170687 -0.036313
v 1.532793 0.170687 0.036313
v 1.532793 0.155645 -0.000000
v -1.486853 0.161450 0.140000
v -1.532791 0.172756 0.062241
v -1.532791 0.114966 0.115209
v -1.486853 -0.569917 0.140000
v -1.532793 -0.523853 0.115209
v -1.412791 -0.569917 0.140000
v -1.412791 0.161686 0.140000
v -1.486853 0.218820 0.087106
v -1.532791 0.172756 -0.062241
v -1.412791 0.218820 0.087170
v -1.486853 0.218820 -0.087106
v -1.412791 0.218820 -0.087170
v -1.412791 0.161686 -0.140000
v -1.486853 0.161450 -0.140000
v -1.412791 -0.569917 -0.140000
v -1.532791 0.114966 -0.115209
v -1.486853 -0.569917 -0.140000
v -1.532791 -0.523853 -0.115209
v 1.114978 0.434223 -0.046800
v 1.114978 0.434223 0.046800
v 1.133923 0.434223 -0.046800
v 1.133923 0.434223 0.046800
v 1.193923 0.376322 -0.046800
v 1.193923 0.376322 0.046800
v 1.193923 0.288170 -0.046800
v 1.193923 0.288170 0.046800
v 1.193923 0.374474 -0.047101
v 1.193923 0.288170 -0.078301
v 1.193923 0.374474 -0.078301
v 1.193923 0.288170 -0.047101
v 1.163923 0.404223 -0.078301
v 1.163923 0.404223 -0.047101
v 1.124978 0.404223 -0.047101
v 1.124978 0.404223 -0.078301
v 1.193923 0.374474 0.047101
v 1.193923 0.288170 0.078301
v 1.193923 0.288170 0.047101
v 1.193923 0.374474 0.078301
v 1.163923 0.404223 0.078301
v 1.163923 0.404223 0.047101
v 1.124978 0.404223 0.047101
v 1.124978 0.404223 0.078301
v 1.226463 0.070148 0.141259
v 1.226463 0.070148 -0.141259
v 1.240834 0.098804 -0.141259
v 1.240834 0.098804 0.141259
v 1.226463 0.127461 -0.141259
v 1.226463 0.127461 0.141259
v -1.532791 -0.523853 -0.115209
v -1.486853 -0.569917 0.140000
v -1.532793 -0.523853 0.115209
v -1.486853 -0.569917 -0.140000
v -1.412791 -0.569917 0.140000
v -1.412791 -0.569917 -0.140000
v 1.080496 0.475033 0.001572
v 1.086786 0.437086 -0.007862
v 1.080496 0.475033 -0.001572
v 1.086786 0.437086 0.007862
v 1.124190 0.288170 -0.087697
v 1.124190 0.404223 -0.087697
v 1.123645 0.404223 -0.026502
v 1.123645 0.288170 -0.026502
v 1.123645 0.404223 0.026502
v 1.124190 0.288170 0.087697
v 1.123645 0.288170 0.026502
v 1.124190 0.404223 0.087697
v 1.102924 0.425027 -0.000000
v 1.102924 0.283814 -0.027577
v 1.102924 0.436450 -0.027577
v 1.102924 0.283814 -0.000000
v 1.102924 0.283814 0.027577
v 1.102924 0.436450 0.027577
v 1.102924 0.437028 -0.000000
v 1.102924 0.446166 -0.022062
v 1.102924 0.446166 0.022062
v 1.102924 0.451086 -0.033941
v 1.102924 0.451086 0.033941
v 1.102924 0.442601 -0.042426
v 1.102924 0.442601 0.042426
v 1.102924 0.485028 -0.060000
v 1.102924 0.485028 0.060000
v 1.102924 0.485028 -0.048000
v 1.102924 0.506241 -0.051213
v 1.102924 0.501998 -0.040971
v 1.102924 0.485028 0.048000
v 1.102924 0.506241 0.051213
v 1.102924 0.501998 0.040971
v -0.633770 0.238735 -0.141452
v -0.633770 0.238735 0.141452
v -0.633770 0.306605 -0.087844
v -0.633770 0.306605 0.087844
v -0.633770 -0.003150 -0.141452
v -0.633770 -0.003150 0.141452
v -0.524745 0.374474 -0.088900
v -0.524745 0.288170 -0.088900
v -0.525288 0.288170 -0.027705
v -0.525288 0.374474 -0.027705
v -0.494749 0.404223 -0.088377
v -0.495293 0.404223 -0.027181
v -0.425810 0.404223 -0.087697
v -0.426354 0.404223 -0.026502
v -0.525288 0.374474 0.027705
v -0.525288 0.288170 0.027705
v -0.524745 0.374474 0.088900
v -0.524745 0.288170 0.088900
v -0.494749 0.404223 0.088377
v -0.495293 0.404223 0.027181
v -0.425810 0.404223 0.087697
v -0.426354 0.404223 0.026502
v -0.561312 0.006427 -0.141259
v -0.561312 0.006427 0.141259
v -0.561312 0.066171 -0.141259
v -0.561312 0.066171 0.141259
v -0.495715 0.533605 -0.000000
v -0.495715 0.527977 0.042842
v -0.495715 0.545722 -0.000000
v -0.495715 0.527977 -0.042842
v -0.495715 0.519408 0.034274
v -0.495715 0.519408 -0.034274
v -0.495715 0.485134 0.060588
v -0.495715 0.485134 -0.060588
v -0.495715 0.485134 0.048470
v -0.495715 0.485134 -0.048470
v -0.495715 0.450861 0.034274
v -0.495715 0.450861 -0.034274
v -0.495715 0.442292 0.042842
v -0.495715 0.442292 -0.042842
v -0.495715 0.436081 0.027847
v -0.495715 0.436081 -0.027847
v -0.495715 0.436664 -0.000000
v -0.495715 0.424547 -0.000000
v -0.495715 0.285463 0.027847
v -0.495715 0.285463 -0.027847
v -0.495715 0.285463 -0.000000
v -0.758610 0.067133 -0.125973
v -0.605881 0.067321 0.125973
v -0.605881 0.067321 -0.125973
v -0.758611 0.067133 0.125973
v -0.978413 -0.002837 -0.125973
v -0.978413 -0.002837 0.125973
v -1.197260 -0.003532 -0.125973
v -1.197260 -0.003532 0.125973
v -1.287472 -0.082673 -0.125973
v -1.287472 -0.082673 0.125973
v -1.288928 -0.381924 -0.125973
v -1.288928 -0.381924 0.125973
v -1.258698 -0.456329 -0.125973
v -1.258698 -0.456329 0.125973
v -1.280346 -0.484582 -0.125973
v -1.280346 -0.484582 0.125973
v -1.443205 -0.482385 -0.125973
v -1.443205 -0.482385 0.125973
v -0.435021 0.434223 -0.046800
v -0.435021 0.288170 -0.046800
v -0.435021 0.288170 0.046800
v -0.435021 0.434223 0.046800
v -0.425021 0.404223 -0.078301
v -0.425021 0.346197 -0.078301
v -0.425021 0.346197 -0.047101
v -0.425021 0.404223 -0.047101
v -0.425021 0.288170 -0.047101
v -0.425021 0.288170 -0.078301
v -0.425021 0.346197 0.078301
v -0.425021 0.404223 0.078301
v -0.425021 0.346197 0.047101
v -0.425021 0.404223 0.047101
v -0.425021 0.288170 0.047101
v -0.425021 0.288170 0.078301
v -0.421991 0.297852 0.076834
v -0.421991 0.340445 -0.030046
v -0.421991 0.297852 -0.077610
v -0.421991 0.324809 -0.068452
v -0.421991 0.340445 0.029270
v -0.421991 0.324809 0.067675
v 1.080496 0.475033 -0.001572
v 1.077352 0.475033 -0.001572
v 1.077352 0.475033 0.001572
v 1.080496 0.475033 0.001572
v 1.102924 0.485028 -0.048000
v 1.054924 0.501998 -0.040971
v 1.054924 0.485028 -0.048000
v 1.102924 0.501998 -0.040971
v 1.102924 0.451086 -0.033941
v 1.054924 0.451086 -0.033941
v 1.102924 0.446166 -0.022062
v 1.054924 0.446166 -0.022062
v 1.102924 0.437028 -0.000000
v 1.054924 0.437028 -0.000000
v 1.102924 0.446166 0.022062
v 1.054924 0.446166 0.022062
v 1.102924 0.451086 0.033941
v 1.054924 0.451086 0.033941
v 1.102924 0.485028 0.048000
v 1.054924 0.485028 0.048000
v 1.102924 0.501998 0.040971
v 1.054924 0.501998 0.040971
v 1.054924 0.506241 0.051213
v 1.102924 0.506241 0.051213
v 1.054924 0.501998 0.040971
v 1.102924 0.501998 0.040971
v 1.054924 0.506241 -0.051213
v 1.102924 0.501998 -0.040971
v 1.102924 0.506241 -0.051213
v 1.054924 0.501998 -0.040971
v -0.495715 0.527977 -0.042842
v -0.446437 0.527977 -0.042842
v -0.446437 0.485134 -0.060588
v -0.495715 0.545722 -0.000000
v -0.495715 0.485134 -0.060588
v -0.446437 0.545722 -0.000000
v -0.495715 0.442292 -0.042842
v -0.495715 0.527977 0.042842
v -0.446437 0.442292 -0.042842
v -0.446437 0.527977 0.042842
v -0.446437 0.436081 -0.027847
v -0.495715 0.485134 0.060588
v -0.495715 0.436081 -0.027847
v -0.495715 0.285463 -0.027847
v -0.446437 0.285463 -0.027847
v -0.446437 0.485134 0.060588
v -0.495715 0.442292 0.042842
v -0.446437 0.442292 0.042842
v -0.495715 0.436081 0.027847
v -0.446437 0.436081 0.027847
v -0.446437 0.285463 0.027847
v -0.495715 0.285463 0.027847
v -0.358022 -0.315877 -0.100931
v -0.244835 0.022535 0.100935
v -0.244835 0.022535 -0.100931
v -0.358022 -0.315877 0.100935
v -0.345224 -0.404574 -0.100931
v -0.345224 -0.404574 0.100935
v 1.167580 0.324809 -0.068452
v -0.421991 0.324809 -0.068452
v -0.421991 0.340445 -0.030046
v 1.167580 0.340445 -0.030046
v -0.421991 0.340445 0.029270
v 1.167580 0.340445 0.029270
v -0.421991 0.324809 0.067675
v 1.167580 0.324809 0.067675
v -0.300071 -0.401553 -0.107530
v -0.300071 -0.401553 0.107534
v -0.302429 -0.432787 -0.107530
v -0.307811 -0.392278 -0.107530
v -0.302429 -0.432787 0.107534
v -0.307811 -0.392278 0.107534
v -0.327256 -0.441943 0.107534
v -0.578122 -0.371864 0.107534
v -0.327256 -0.441943 -0.107530
v -0.578122 -0.371864 -0.107530
v -0.581962 -0.422708 -0.107530
v -0.609191 -0.341275 -0.107530
v -0.581962 -0.422708 0.107534
v -0.609191 -0.341275 0.107534
v -0.647173 -0.375293 0.107534
v -0.606169 -0.284934 -0.107530
v -0.647173 -0.375293 -0.107530
v -0.606169 -0.284934 0.107534
v -0.655974 -0.274011 0.107534
v -0.442511 -0.082145 -0.107530
v -0.655974 -0.274011 -0.107530
v -0.442511 -0.082145 0.107534
v -0.492316 -0.071222 0.107534
v -0.438275 -0.017024 -0.107530
v -0.492316 -0.071222 -0.107530
v -0.438275 -0.017024 0.107534
v -0.466666 0.023627 -0.107530
v -0.466666 0.023627 0.107534
v -0.488291 -0.026937 0.107534
v -0.488291 -0.026937 -0.107530
v -0.522120 0.031577 0.107534
v -0.522120 0.031577 -0.107530
v -0.532762 -0.251236 -0.107476
v -0.508121 -0.253252 -0.106262
v -0.526567 -0.262885 -0.095903
v -0.511177 -0.264658 -0.095903
v -0.491743 -0.278943 -0.095903
v -0.541308 -0.282790 -0.095904
v -0.556687 -0.278565 -0.109893
v -0.544234 -0.305306 -0.095904
v -0.559325 -0.310465 -0.109893
v -0.536832 -0.334771 -0.111615
v -0.528194 -0.319081 -0.095903
v -0.498671 -0.340755 -0.114469
v -0.501462 -0.319776 -0.095903
v -0.466570 -0.320163 -0.114469
v -0.483210 -0.307086 -0.095903
v -0.470735 -0.266652 -0.095903
v -0.451481 -0.260342 -0.113677
v -0.464377 -0.192482 -0.095904
v -0.449454 -0.190325 -0.109130
v -0.454198 -0.150292 -0.095904
v -0.442112 -0.155693 -0.107515
v -0.423771 -0.126042 -0.104398
v -0.428357 -0.117513 -0.095904
v -0.391708 -0.104389 -0.095904
v -0.526567 -0.262885 0.095904
v -0.511177 -0.264658 0.095904
v -0.508121 -0.253252 0.106263
v -0.491743 -0.278943 0.095904
v -0.532762 -0.251236 0.107477
v -0.541308 -0.282790 0.095904
v -0.556687 -0.278565 0.109894
v -0.544234 -0.305306 0.095904
v -0.559325 -0.310465 0.109894
v -0.536832 -0.334771 0.111616
v -0.528194 -0.319081 0.095904
v -0.498671 -0.340755 0.114469
v -0.501462 -0.319776 0.095904
v -0.466570 -0.320163 0.114469
v -0.483210 -0.307086 0.095904
v -0.470735 -0.266652 0.095904
v -0.451481 -0.260342 0.113677
v -0.464377 -0.192482 0.095904
v -0.449454 -0.190325 0.109131
v -0.454198 -0.150292 0.095904
v -0.442112 -0.155693 0.107516
v -0.423771 -0.126042 0.104399
v -0.428357 -0.117513 0.095904
v -0.391708 -0.104389 0.095904
v -0.168878 0.199215 -0.140436
v -0.168878 0.199215 0.140265
v -0.159915 0.215058 -0.140436
v -0.159915 0.215058 0.140265
v -0.159915 0.183372 0.140265
v 0.549706 0.215058 -0.140436
v -0.159915 0.183372 -0.140436
v 0.549706 0.215058 0.140265
v 0.549706 0.183372 0.140265
v 0.558668 0.199215 -0.140436
v 0.549706 0.183372 -0.140436
v 0.558668 0.199215 0.140265
v 0.352128 -0.343567 -0.138105
v 0.306542 -0.428242 -0.138105
v 0.285580 -0.405762 -0.168774
v 0.204170 -0.476879 -0.138105
v 0.327681 -0.334624 -0.164985
v 0.195031 -0.449682 -0.167426
v 0.336384 -0.254567 -0.138105
v 0.114511 -0.466168 -0.138105
v 0.312360 -0.258489 -0.165750
v 0.115439 -0.439376 -0.164571
v 0.282563 -0.192412 -0.138105
v 0.057521 -0.439742 -0.138105
v 0.259996 -0.202388 -0.161209
v 0.060128 -0.413959 -0.163452
v 0.247002 -0.138590 -0.163824
v 0.026749 -0.440013 -0.138105
v 0.275105 -0.139118 -0.138105
v 0.014307 -0.417100 -0.163399
v 0.266004 -0.078346 -0.170164
v -0.003239 -0.460086 -0.163417
v 0.293307 -0.100502 -0.138105
v 0.022806 -0.460077 -0.138105
v 0.321152 -0.055269 -0.170136
v 0.018822 -0.494873 -0.163366
v 0.034459 -0.474110 -0.138105
v 0.066636 -0.495002 -0.138105
v 0.328061 -0.089534 -0.138105
v 0.367779 -0.095832 -0.138105
v 0.387557 -0.067106 -0.170218
v 0.421930 -0.116672 -0.166714
v 0.392740 -0.127598 -0.138105
v 0.396377 -0.144632 -0.138105
v 0.423986 -0.155163 -0.164529
v 0.396828 -0.181568 -0.164611
v 0.381824 -0.156816 -0.138105
v 0.361374 -0.162641 -0.138105
v 0.354442 -0.188282 -0.161524
v 0.332877 -0.165220 -0.159789
v 0.354765 -0.154046 -0.138105
v 0.340863 -0.122636 -0.138105
v 0.285580 -0.405762 0.168774
v 0.352128 -0.343567 0.138105
v 0.327681 -0.334624 0.164985
v 0.336384 -0.254567 0.138105
v 0.306542 -0.428242 0.138105
v 0.312360 -0.258489 0.165750
v 0.204170 -0.476879 0.138105
v 0.282563 -0.192412 0.138105
v 0.195031 -0.449682 0.167426
v 0.259996 -0.202388 0.161209
v 0.114511 -0.466168 0.138105
v 0.247002 -0.138590 0.163824
v 0.115439 -0.439376 0.164571
v 0.275105 -0.139118 0.138105
v 0.057521 -0.439742 0.138105
v 0.266004 -0.078346 0.170164
v 0.060128 -0.413959 0.163452
v 0.293307 -0.100502 0.138105
v 0.026749 -0.440013 0.138105
v 0.321152 -0.055269 0.170136
v 0.014307 -0.417100 0.163399
v 0.328061 -0.089534 0.138105
v -0.003239 -0.460086 0.163417
v 0.367779 -0.095832 0.138105
v 0.022806 -0.460077 0.138105
v 0.387557 -0.067106 0.170218
v 0.018822 -0.494873 0.163366
v 0.034459 -0.474110 0.138105
v 0.066636 -0.495002 0.138105
v 0.421930 -0.116672 0.166714
v 0.392740 -0.127598 0.138105
v 0.396377 -0.144632 0.138105
v 0.423986 -0.155163 0.164529
v 0.396828 -0.181568 0.164611
v 0.381824 -0.156816 0.138105
v 0.361374 -0.162641 0.138105
v 0.354442 -0.188282 0.161524
v 0.332877 -0.165220 0.159789
v 0.354765 -0.154046 0.138105
v 0.340863 -0.122636 0.138105
v -0.140430 -0.386972 0.134007
v -0.140430 -0.386972 -0.134007
v -0.202560 -0.505933 -0.134007
v -0.041014 -0.337134 -0.134007
v -0.202560 -0.505933 0.134007
v -0.041014 -0.337134 0.134007
v -0.130421 -0.581554 -0.134007
v 0.065075 -0.166653 -0.134007
v -0.130421 -0.581554 0.134007
v 0.065075 -0.166653 0.134007
v 0.067702 0.016592 -0.134007
v 0.067702 0.016592 0.134007
v 0.259156 -0.580209 0.134007
v 0.259156 -0.580209 -0.134007
v 0.359071 -0.533728 0.134007
v 0.359071 -0.533728 -0.134007
v 0.524845 -0.137294 0.134007
v 0.524845 -0.137294 -0.134007
v 0.594555 -0.073734 -0.134007
v 0.594555 -0.073734 0.134007
v 1.113212 -0.066966 0.134007
v 1.113212 -0.066966 -0.134007
v 1.204978 0.016707 0.134007
v 1.204978 0.016707 -0.134007
v 1.210498 0.073267 -0.134007
v 1.210498 0.073267 0.134007
v -0.537821 0.238735 -0.141452
v -0.537821 -0.003150 -0.141452
v -0.633770 0.238735 -0.141452
v -0.633770 -0.003150 -0.141452
v -0.537821 0.306605 -0.087844
v -0.633770 0.306605 -0.087844
v -0.537821 0.306605 0.087844
v -0.633770 0.306605 0.087844
v -0.537821 0.238735 0.141452
v -0.633770 0.238735 0.141452
v -0.633770 -0.003150 0.141452
v -0.537821 -0.003150 0.141452
v -0.397001 0.125545 -0.144162
v -0.374766 0.135369 0.144162
v -0.374766 0.135369 -0.144162
v -0.352097 0.126592 0.144162
v -0.397001 0.125545 0.144162
v -0.352097 0.126592 -0.144162
v -0.405778 0.102876 -0.144162
v -0.342274 0.104356 0.144162
v -0.405778 0.102876 0.144162
v -0.342274 0.104356 -0.144162
v -0.395954 0.080641 -0.144162
v -0.351051 0.081688 0.144162
v -0.395954 0.080641 0.144162
v -0.351051 0.081688 -0.144162
v -0.373286 0.071865 -0.144162
v -0.373286 0.071865 0.144162
v -0.168878 0.134415 -0.140436
v -0.168878 0.134415 0.140265
v -0.159915 0.150259 -0.140436
v -0.159915 0.118572 0.140265
v -0.159915 0.118572 -0.140436
v -0.159915 0.150259 0.140265
v 0.549706 0.150259 -0.140436
v 0.549706 0.150259 0.140265
v 0.558668 0.134415 -0.140436
v 0.558668 0.134415 0.140265
v 0.549706 0.118572 -0.140436
v 0.549706 0.118572 0.140265
v 1.167580 0.297851 -0.077610
v -0.421991 0.297852 -0.077610
v 1.167580 0.324809 -0.068452
v -0.421991 0.324809 -0.068452
v -0.421991 0.297852 0.076834
v 1.167580 0.324809 0.067675
v -0.421991 0.324809 0.067675
v 1.167580 0.297851 0.076834
v 0.223373 -0.349772 -0.152452
v 0.197302 -0.365961 -0.138105
v 0.198272 -0.352490 -0.151119
v 0.176219 -0.328872 -0.138105
v 0.232765 -0.361328 -0.138105
v 0.241621 -0.318103 -0.155049
v 0.259312 -0.319495 -0.138105
v 0.238074 -0.286045 -0.155041
v 0.253340 -0.277168 -0.138105
v 0.217091 -0.247745 -0.138105
v 0.211180 -0.266510 -0.156884
v 0.164857 -0.246364 -0.138105
v 0.172338 -0.268038 -0.159938
v 0.124258 -0.284236 -0.138105
v 0.144715 -0.294654 -0.159941
v 0.113427 -0.353358 -0.138105
v 0.134031 -0.351424 -0.157910
v 0.144921 -0.403145 -0.138105
v 0.160429 -0.389212 -0.157930
v 0.226945 -0.447383 -0.138105
v 0.235839 -0.428326 -0.157940
v 0.223373 -0.349772 0.152452
v 0.197302 -0.365961 0.138105
v 0.232765 -0.361328 0.138105
v 0.198272 -0.352490 0.151119
v 0.176219 -0.328872 0.138105
v 0.241621 -0.318103 0.155049
v 0.259312 -0.319495 0.138105
v 0.238074 -0.286045 0.155041
v 0.253340 -0.277168 0.138105
v 0.217091 -0.247745 0.138105
v 0.211180 -0.266510 0.156884
v 0.164857 -0.246364 0.138105
v 0.172338 -0.268038 0.159938
v 0.124258 -0.284236 0.138105
v 0.144715 -0.294654 0.159941
v 0.113427 -0.353358 0.138105
v 0.134031 -0.351424 0.157910
v 0.144921 -0.403145 0.138105
v 0.160429 -0.389212 0.157930
v 0.226945 -0.447383 0.138105
v 0.235839 -0.428326 0.157940
v -0.352097 0.126592 -0.144162
v -0.397001 0.125545 -0.144162
v -0.374766 0.135369 -0.144162
v -0.342274 0.104356 -0.144162
v -0.351051 0.081688 -0.144162
v -0.373286 0.071865 -0.144162
v -0.395954 0.080641 -0.144162
v -0.405778 0.102876 -0.144162
v -0.351051 0.081688 0.144162
v -0.397001 0.125545 0.144162
v -0.373286 0.071865 0.144162
v -0.395954 0.080641 0.144162
v -0.405778 0.102876 0.144162
v -0.342274 0.104356 0.144162
v -0.352097 0.126592 0.144162
v -0.374766 0.135369 0.144162
v 1.041729 0.070148 -0.141259
v 0.896247 0.006427 -0.141259
v 0.883924 0.066171 -0.141259
v -0.561312 0.006427 -0.141259
v -0.561312 0.066171 -0.141259
v 1.031178 0.127461 -0.141259
v 1.226463 0.127461 -0.141259
v 1.226463 0.070148 -0.141259
v 1.240834 0.098804 -0.141259
v 1.041729 0.070148 0.141259
v 0.883924 0.066171 0.141259
v 0.896247 0.006427 0.141259
v -0.561312 0.006427 0.141259
v -0.561312 0.066171 0.141259
v 1.031178 0.127461 0.141259
v 1.226463 0.127461 0.141259
v 1.226463 0.070148 0.141259
v 1.240834 0.098804 0.141259
v 0.698649 0.097916 0.140265
v 0.698649 0.176252 0.140265
v 0.665508 0.137084 0.140265
v 0.889024 0.176252 0.140265
v 0.889024 0.097916 0.140265
v 0.922164 0.137084 0.140265
v 0.698649 0.176156 -0.140436
v 0.698649 0.097820 -0.140436
v 0.665508 0.136988 -0.140436
v 0.889024 0.097820 -0.140436
v 0.889024 0.176156 -0.140436
v 0.922164 0.136988 -0.140436
v -0.159915 0.183372 0.140265
v 0.549706 0.215058 0.140265
v -0.159915 0.215058 0.140265
v -0.168878 0.199215 0.140265
v 0.549706 0.183372 0.140265
v 0.558668 0.199215 0.140265
v -0.159915 0.118572 0.140265
v 0.549706 0.150259 0.140265
v -0.159915 0.150259 0.140265
v -0.168878 0.134415 0.140265
v 0.549706 0.118572 0.140265
v 0.558668 0.134415 0.140265
v -0.159915 0.215058 -0.140436
v -0.159915 0.183372 -0.140436
v -0.168878 0.199215 -0.140436
v 0.549706 0.183372 -0.140436
v 0.549706 0.215058 -0.140436
v 0.558668 0.199215 -0.140436
v -0.159915 0.150259 -0.140436
v -0.159915 0.118572 -0.140436
v -0.168878 0.134415 -0.140436
v 0.549706 0.118572 -0.140436
v 0.549706 0.150259 -0.140436
v 0.558668 0.134415 -0.140436
v -0.140430 -0.386972 -0.134007
v -0.041014 -0.337134 -0.134007
v -0.105519 -0.416411 -0.134007
v -0.010005 -0.376420 -0.134007
v -0.146304 -0.505461 -0.134007
v 0.065075 -0.166653 -0.134007
v -0.202560 -0.505933 -0.134007
v 0.119976 -0.166173 -0.134007
v 0.067702 0.016592 -0.134007
v 0.121171 0.016796 -0.134007
v -0.130421 -0.581554 -0.134007
v -0.115634 -0.530950 -0.134007
v 0.259156 -0.580209 -0.134007
v 0.247341 -0.530433 -0.134007
v 0.359071 -0.533728 -0.134007
v 0.333873 -0.484614 -0.134007
v 0.524845 -0.137294 -0.134007
v 0.489622 -0.101563 -0.134007
v 0.594555 -0.073734 -0.134007
v 0.574911 -0.029561 -0.134007
v 1.086726 -0.023620 -0.134007
v 1.113212 -0.066966 -0.134007
v 1.155903 0.037682 -0.134007
v 1.204978 0.016707 -0.134007
v 1.210498 0.073267 -0.134007
v 1.157689 0.073267 -0.134007
v 1.155903 0.037682 0.134007
v 1.113212 -0.066966 0.134007
v 1.204978 0.016707 0.134007
v 1.210498 0.073267 0.134007
v 1.157689 0.073267 0.134007
v 1.086726 -0.023620 0.134007
v 0.594555 -0.073734 0.134007
v 0.574911 -0.029561 0.134007
v 0.489622 -0.101563 0.134007
v 0.524845 -0.137294 0.134007
v 0.333873 -0.484614 0.134007
v 0.359071 -0.533728 0.134007
v 0.247341 -0.530433 0.134007
v 0.259156 -0.580209 0.134007
v -0.115634 -0.530950 0.134007
v -0.130421 -0.581554 0.134007
v -0.146304 -0.505461 0.134007
v -0.202560 -0.505933 0.134007
v -0.140430 -0.386972 0.134007
v -0.105519 -0.416411 0.134007
v -0.041014 -0.337134 0.134007
v -0.010005 -0.376420 0.134007
v 0.065075 -0.166653 0.134007
v 0.119976 -0.166173 0.134007
v 0.067702 0.016592 0.134007
v 0.121171 0.016796 0.134007
v 0.180156 -0.290079 -0.138105
v 0.165526 -0.305309 -0.138105
v 0.144715 -0.294654 -0.159941
v 0.155211 -0.349071 -0.138105
v 0.172338 -0.268038 -0.159938
v 0.134031 -0.351424 -0.157910
v 0.205202 -0.285744 -0.138105
v 0.160429 -0.389212 -0.157930
v 0.211180 -0.266510 -0.156884
v 0.176012 -0.374901 -0.138105
v 0.235839 -0.428326 -0.157940
v 0.244719 -0.409291 -0.138105
v 0.222326 -0.295256 -0.138105
v 0.238074 -0.286045 -0.155041
v 0.241621 -0.318103 -0.155049
v 0.223565 -0.316428 -0.138105
v 0.213806 -0.337588 -0.138105
v 0.223373 -0.349772 -0.152452
v 0.198272 -0.352490 -0.151119
v 0.200062 -0.338555 -0.138105
v 0.176219 -0.328872 -0.138105
v 0.172338 -0.268038 0.159938
v 0.144715 -0.294654 0.159941
v 0.180156 -0.290079 0.138105
v 0.165526 -0.305309 0.138105
v 0.205202 -0.285744 0.138105
v 0.155211 -0.349071 0.138105
v 0.211180 -0.266510 0.156884
v 0.134031 -0.351424 0.157910
v 0.222326 -0.295256 0.138105
v 0.160429 -0.389212 0.157930
v 0.238074 -0.286045 0.155041
v 0.176012 -0.374901 0.138105
v 0.235839 -0.428326 0.157940
v 0.244719 -0.409291 0.138105
v 0.241621 -0.318103 0.155049
v 0.223565 -0.316428 0.138105
v 0.213806 -0.337588 0.138105
v 0.223373 -0.349772 0.152452
v 0.198272 -0.352490 0.151119
v 0.200062 -0.338555 0.138105
v 0.176219 -0.328872 0.138105
v -1.201412 -0.465707 0.125973
v -1.231644 -0.372532 0.125973
v -1.258698 -0.456329 0.125973
v -1.253664 -0.536135 0.125973
v -1.288928 -0.381924 0.125973
v -1.280346 -0.484582 0.125973
v -1.441885 -0.540418 0.125973
v -1.443205 -0.482385 0.125973
v -1.234643 -0.106729 0.125973
v -1.287472 -0.082673 0.125973
v -1.197260 -0.003532 0.125973
v -1.177500 -0.058113 0.125973
v -0.978413 -0.002837 0.125973
v -0.969802 -0.060243 0.125973
v -0.749802 0.009757 0.125973
v -0.758611 0.067133 0.125973
v -0.605881 0.067321 0.125973
v -0.606076 0.009273 0.125973
v -1.287472 -0.082673 -0.125973
v -1.197260 -0.003532 -0.125973
v -1.234643 -0.106729 -0.125973
v -1.288928 -0.381924 -0.125973
v -1.177500 -0.058113 -0.125973
v -1.231644 -0.372532 -0.125973
v -0.978413 -0.002837 -0.125973
v -1.258698 -0.456329 -0.125973
v -0.969802 -0.060243 -0.125973
v -1.201412 -0.465707 -0.125973
v -0.749802 0.009757 -0.125973
v -1.253664 -0.536135 -0.125973
v -0.758610 0.067133 -0.125973
v -0.605881 0.067321 -0.125973
v -0.606076 0.009273 -0.125973
v -1.280346 -0.484582 -0.125973
v -1.441885 -0.540418 -0.125973
v -1.443205 -0.482385 -0.125973
v -0.084766 -0.454632 -0.124611
v -0.052274 -0.485644 -0.124611
v -0.061051 -0.508312 -0.124611
v -0.062097 -0.463408 -0.124611
v -0.105954 -0.509358 -0.124611
v -0.083286 -0.518136 -0.124611
v -0.107001 -0.464455 -0.124611
v -0.115778 -0.487124 -0.124611
v -0.061051 -0.508312 0.124611
v -0.105954 -0.509359 0.124611
v -0.083286 -0.518136 0.124611
v -0.084766 -0.454632 0.124611
v -0.052274 -0.485644 0.124611
v -0.062097 -0.463408 0.124611
v -0.107001 -0.464455 0.124611
v -0.115778 -0.487124 0.124611
v 0.505234 -0.004632 -0.124611
v 0.537726 -0.035644 -0.124611
v 0.528949 -0.058311 -0.124611
v 0.527903 -0.013407 -0.124611
v 0.484046 -0.059358 -0.124611
v 0.506714 -0.068136 -0.124611
v 0.482999 -0.014455 -0.124611
v 0.474222 -0.037123 -0.124611
v 0.528949 -0.058311 0.124611
v 0.484046 -0.059359 0.124611
v 0.506714 -0.068136 0.124611
v 0.482999 -0.014455 0.124611
v 0.474222 -0.037123 0.124611
v 0.505234 -0.004632 0.124611
v 0.537726 -0.035644 0.124611
v 0.527903 -0.013407 0.124611
v 1.097726 0.024356 -0.124611
v 1.042999 0.045545 -0.124611
v 1.065233 0.055369 -0.124611
v 1.087903 0.046593 -0.124611
v 1.044045 0.000642 -0.124611
v 1.034222 0.022876 -0.124611
v 1.088948 0.001688 -0.124611
v 1.066714 -0.008136 -0.124611
v 1.088948 0.001688 0.124611
v 1.044045 0.000641 0.124611
v 1.066714 -0.008136 0.124611
v 1.042999 0.045545 0.124611
v 1.034222 0.022876 0.124611
v 1.097726 0.024356 0.124611
v 1.065233 0.055369 0.124611
v 1.087903 0.046593 0.124611
v 0.883924 0.066171 -0.141259
v -0.561312 0.066171 -0.141259
v -0.561312 0.066171 0.141259
v 0.883924 0.066171 0.141259
v 1.031178 0.127461 0.141259
v 1.031178 0.127461 -0.141259
v 1.226463 0.127461 0.141259
v 1.226463 0.127461 -0.141259
v 1.272778 0.262487 0.055488
v 1.150482 0.262487 0.055488
v 1.272778 0.206999 0.078471
v 1.150482 0.206999 0.078471
v 1.150482 0.285471 -0.000000
v 1.272778 0.151512 0.055488
v 1.272778 0.285471 -0.000000
v 1.150482 0.151512 0.055488
v 1.150482 0.262487 -0.055488
v 1.272778 0.128528 -0.000000
v 1.272778 0.262487 -0.055488
v 1.150482 0.128528 -0.000000
v 1.150482 0.206999 -0.078471
v 1.272778 0.151512 -0.055488
v 1.272778 0.206999 -0.078471
v 1.150482 0.151512 -0.055488
v 0.889024 0.176156 -0.140436
v 0.922164 0.137084 0.140265
v 0.922164 0.136988 -0.140436
v 0.889024 0.176252 0.140265
v 0.889024 0.097916 0.140265
v 0.698649 0.176252 0.140265
v 0.889024 0.097820 -0.140436
v 0.698649 0.176156 -0.140436
v 0.698649 0.097820 -0.140436
v 0.665508 0.137084 0.140265
v 0.698649 0.097916 0.140265
v 0.665508 0.136988 -0.140436
v -0.300071 -0.401553 0.107534
v -0.327256 -0.441943 0.107534
v -0.302429 -0.432787 0.107534
v -0.307811 -0.392278 0.107534
v -0.578122 -0.371864 0.107534
v -0.581962 -0.422708 0.107534
v -0.647173 -0.375293 0.107534
v -0.609191 -0.341275 0.107534
v -0.655974 -0.274011 0.107534
v -0.606169 -0.284934 0.107534
v -0.492316 -0.071222 0.107534
v -0.442511 -0.082145 0.107534
v -0.488291 -0.026937 0.107534
v -0.438275 -0.017024 0.107534
v -0.466666 0.023627 0.107534
v -0.522120 0.031577 0.107534
v -0.578122 -0.371864 -0.107530
v -0.307811 -0.392278 -0.107530
v -0.327256 -0.441943 -0.107530
v -0.300071 -0.401553 -0.107530
v -0.302429 -0.432787 -0.107530
v -0.581962 -0.422708 -0.107530
v -0.647173 -0.375293 -0.107530
v -0.609191 -0.341275 -0.107530
v -0.655974 -0.274011 -0.107530
v -0.606169 -0.284934 -0.107530
v -0.492316 -0.071222 -0.107530
v -0.442511 -0.082145 -0.107530
v -0.488291 -0.026937 -0.107530
v -0.438275 -0.017024 -0.107530
v -0.466666 0.023627 -0.107530
v -0.522120 0.031577 -0.107530
v -0.244835 0.022535 -0.100931
v -0.319252 -0.318806 -0.100931
v -0.358022 -0.315877 -0.100931
v -0.196373 0.018875 -0.100931
v -0.345224 -0.404574 -0.100931
v -0.306455 -0.407501 -0.100931
v -0.319252 -0.318806 0.100935
v -0.345224 -0.404574 0.100935
v -0.306455 -0.407501 0.100935
v -0.358022 -0.315877 0.100935
v -0.244835 0.022535 0.100935
v -0.196373 0.018875 0.100935
v 1.124190 0.288170 -0.087697
v 1.055251 0.404223 -0.088377
v 1.124190 0.404223 -0.087697
v 1.025255 0.374474 -0.088900
v 1.025255 0.288170 -0.088900
v 1.124190 0.288170 0.087697
v 1.025255 0.374474 0.088900
v 1.025255 0.288170 0.088900
v 1.055251 0.404223 0.088377
v 1.124190 0.404223 0.087697
v 1.077352 0.475033 0.001572
v 1.071062 0.437086 0.007862
v 1.086786 0.437086 0.007862
v 1.080496 0.475033 0.001572
v 1.071062 0.437086 -0.007862
v 1.080496 0.475033 -0.001572
v 1.086786 0.437086 -0.007862
v 1.077352 0.475033 -0.001572
v -0.425810 0.288170 -0.087697
v -0.494749 0.404223 -0.088377
v -0.425810 0.404223 -0.087697
v -0.524745 0.374474 -0.088900
v -0.524745 0.288170 -0.088900
v -0.425810 0.288170 0.087697
v -0.524745 0.374474 0.088900
v -0.524745 0.288170 0.088900
v -0.494749 0.404223 0.088377
v -0.425810 0.404223 0.087697
v -0.501462 -0.319776 0.095904
v -0.466569 -0.320162 0.077339
v -0.498671 -0.340755 0.077339
v -0.483210 -0.307086 0.095904
v -0.528194 -0.319081 0.095904
v -0.470735 -0.266652 0.095904
v -0.536832 -0.334771 0.080193
v -0.451481 -0.260342 0.078131
v -0.544234 -0.305306 0.095904
v -0.464377 -0.192482 0.095904
v -0.559325 -0.310465 0.081915
v -0.449454 -0.190325 0.082678
v -0.556687 -0.278565 0.081915
v -0.454198 -0.150292 0.095904
v -0.541308 -0.282790 0.095904
v -0.442112 -0.155692 0.084293
v -0.532762 -0.251236 0.084332
v -0.423771 -0.126042 0.087410
v -0.428357 -0.117513 0.095904
v -0.391708 -0.104389 0.095904
v -0.526567 -0.262885 0.095904
v -0.508121 -0.253251 0.085546
v -0.511177 -0.264658 0.095904
v -0.491743 -0.278943 0.095904
v -0.386076 0.404223 -0.078301
v -0.425021 0.346197 -0.078301
v -0.425021 0.404223 -0.078301
v -0.356076 0.374474 -0.078301
v -0.356076 0.288170 -0.078301
v -0.425021 0.288170 -0.078301
v -0.386076 0.404223 0.078301
v -0.425021 0.346197 0.078301
v -0.356076 0.374474 0.078301
v -0.425021 0.404223 0.078301
v -0.356076 0.288170 0.078301
v -0.425021 0.288170 0.078301
v 1.163923 0.404223 -0.078301
v 1.124978 0.346197 -0.078301
v 1.124978 0.404223 -0.078301
v 1.193923 0.374474 -0.078301
v 1.193923 0.288170 -0.078301
v 1.124978 0.288170 -0.078301
v 1.163923 0.404223 0.078301
v 1.124978 0.346197 0.078301
v 1.193923 0.374474 0.078301
v 1.124978 0.404223 0.078301
v 1.193923 0.288170 0.078301
v 1.124978 0.288170 0.078301
v -0.501462 -0.319776 -0.095903
v -0.466570 -0.320162 -0.077339
v -0.483210 -0.307086 -0.095903
v -0.470735 -0.266652 -0.095903
v -0.498671 -0.340755 -0.077339
v -0.451481 -0.260342 -0.078130
v -0.528194 -0.319081 -0.095903
v -0.464377 -0.192482 -0.095904
v -0.536832 -0.334771 -0.080192
v -0.449454 -0.190325 -0.082677
v -0.544234 -0.305306 -0.095904
v -0.454198 -0.150292 -0.095904
v -0.559325 -0.310465 -0.081914
v -0.442112 -0.155692 -0.084292
v -0.556687 -0.278565 -0.081914
v -0.423771 -0.126042 -0.087409
v -0.428357 -0.117513 -0.095904
v -0.391708 -0.104389 -0.095904
v -0.541308 -0.282790 -0.095904
v -0.532762 -0.251236 -0.084331
v -0.526567 -0.262885 -0.095903
v -0.508121 -0.253251 -0.085545
v -0.511177 -0.264658 -0.095903
v -0.491743 -0.278943 -0.095903
v 1.512681 0.206999 0.090991
v 1.290753 0.271339 0.064340
v 1.290753 0.206999 0.090991
v 1.512681 0.271339 0.064340
v 1.512681 0.142659 0.064340
v 1.290753 0.297990 -0.000000
v 1.290753 0.142659 0.064340
v 1.512681 0.297990 -0.000000
v 1.512681 0.116009 -0.000000
v 1.290753 0.271339 -0.064340
v 1.290753 0.116009 -0.000000
v 1.512681 0.271339 -0.064340
v 1.512681 0.142659 -0.064340
v 1.290753 0.206999 -0.090991
v 1.290753 0.142659 -0.064340
v 1.512681 0.206999 -0.090991
v 0.285580 -0.405762 -0.168774
v 0.300023 -0.326432 -0.138105
v 0.327681 -0.334624 -0.164985
v 0.312360 -0.258489 -0.165750
v 0.262856 -0.382318 -0.138105
v 0.285227 -0.265598 -0.138105
v 0.195031 -0.449682 -0.167426
v 0.259996 -0.202388 -0.161209
v 0.185006 -0.419906 -0.138105
v 0.239525 -0.212728 -0.138105
v 0.115439 -0.439376 -0.164571
v 0.221384 -0.138505 -0.138105
v 0.117420 -0.412174 -0.138105
v 0.247002 -0.138590 -0.163824
v 0.060128 -0.413959 -0.163452
v 0.266004 -0.078346 -0.170164
v 0.062219 -0.387583 -0.138105
v 0.240598 -0.058639 -0.138105
v 0.014307 -0.417100 -0.163399
v 0.312586 -0.024520 -0.138105
v 0.001941 -0.394046 -0.138105
v 0.321152 -0.055269 -0.170136
v -0.029482 -0.460290 -0.138105
v 0.387557 -0.067106 -0.170218
v -0.003239 -0.460086 -0.163417
v 0.405422 -0.039966 -0.138105
v 0.003162 -0.515961 -0.138105
v 0.018822 -0.494873 -0.163366
v 0.066636 -0.495002 -0.138105
v 0.448815 -0.106446 -0.138105
v 0.421930 -0.116672 -0.166714
v 0.423986 -0.155163 -0.164529
v 0.448177 -0.164481 -0.138105
v 0.411250 -0.203734 -0.138105
v 0.396828 -0.181568 -0.164611
v 0.349414 -0.210297 -0.138105
v 0.354442 -0.188282 -0.161524
v 0.315312 -0.176999 -0.138105
v 0.332877 -0.165220 -0.159789
v 0.340863 -0.122636 -0.138105
v 0.285580 -0.405762 0.168774
v 0.300023 -0.326432 0.138105
v 0.262856 -0.382318 0.138105
v 0.327681 -0.334624 0.164985
v 0.195031 -0.449682 0.167426
v 0.312360 -0.258489 0.165750
v 0.185006 -0.419906 0.138105
v 0.285227 -0.265598 0.138105
v 0.115439 -0.439376 0.164571
v 0.259996 -0.202388 0.161209
v 0.117420 -0.412174 0.138105
v 0.239525 -0.212728 0.138105
v 0.060128 -0.413959 0.163452
v 0.221384 -0.138505 0.138105
v 0.062219 -0.387583 0.138105
v 0.247002 -0.138590 0.163824
v 0.014307 -0.417100 0.163399
v 0.266004 -0.078346 0.170164
v 0.001941 -0.394046 0.138105
v 0.240598 -0.058639 0.138105
v -0.029482 -0.460290 0.138105
v 0.312586 -0.024520 0.138105
v -0.003239 -0.460086 0.163417
v 0.321152 -0.055269 0.170136
v 0.003162 -0.515961 0.138105
v 0.018822 -0.494873 0.163366
v 0.066636 -0.495002 0.138105
v 0.387557 -0.067106 0.170218
v 0.405422 -0.039966 0.138105
v 0.448815 -0.106446 0.138105
v 0.421930 -0.116672 0.166714
v 0.423986 -0.155163 0.164529
v 0.448177 -0.164481 0.138105
v 0.411250 -0.203734 0.138105
v 0.396828 -0.181568 0.164611
v 0.349414 -0.210297 0.138105
v 0.354442 -0.188282 0.161524
v 0.315312 -0.176999 0.138105
v 0.332877 -0.165220 0.159789
v 0.340863 -0.122636 0.138105
v -0.435021 0.434223 -0.046800
v -0.356076 0.376322 -0.046800
v -0.435021 0.288170 -0.046800
v -0.356076 0.288170 -0.046800
v -0.416076 0.434223 -0.046800
v -0.435021 0.434223 0.046800
v -0.356077 0.376322 0.046800
v -0.416076 0.434223 0.046800
v -0.435021 0.288170 0.046800
v -0.356077 0.288170 0.046800
v 1.114978 0.434223 -0.046800
v 1.193923 0.376322 -0.046800
v 1.114978 0.288170 -0.046800
v 1.193923 0.288170 -0.046800
v 1.133923 0.434223 -0.046800
v 1.114978 0.434223 0.046800
v 1.193923 0.376322 0.046800
v 1.133923 0.434223 0.046800
v 1.114978 0.288170 0.046800
v 1.193923 0.288170 0.046800
v -0.107001 -0.464455 -0.124611
v -0.084766 -0.454632 0.124611
v -0.084766 -0.454632 -0.124611
v -0.062097 -0.463408 0.124611
v -0.107001 -0.464455 0.124611
v -0.062097 -0.463408 -0.124611
v -0.115778 -0.487124 -0.124611
v -0.052274 -0.485644 0.124611
v -0.115778 -0.487124 0.124611
v -0.052274 -0.485644 -0.124611
v -0.105954 -0.509358 -0.124611
v -0.061051 -0.508312 0.124611
v -0.105954 -0.509359 0.124611
v -0.061051 -0.508312 -0.124611
v -0.083286 -0.518136 -0.124611
v -0.083286 -0.518136 0.124611
v 0.282563 -0.192412 -0.138105
v 0.312359 -0.258490 -0.110460
v 0.336384 -0.254567 -0.138105
v 0.327680 -0.334624 -0.111225
v 0.259995 -0.202389 -0.115001
v 0.352128 -0.343567 -0.138105
v 0.247001 -0.138590 -0.112386
v 0.285579 -0.405761 -0.107436
v 0.275105 -0.139118 -0.138105
v 0.306542 -0.428242 -0.138105
v 0.266003 -0.078345 -0.106046
v 0.204170 -0.476879 -0.138105
v 0.293307 -0.100502 -0.138105
v 0.195031 -0.449681 -0.108784
v 0.321153 -0.055267 -0.106074
v 0.114511 -0.466168 -0.138105
v 0.328061 -0.089534 -0.138105
v 0.115439 -0.439376 -0.111639
v 0.367779 -0.095832 -0.138105
v 0.057521 -0.439742 -0.138105
v 0.387557 -0.067106 -0.105992
v 0.060129 -0.413959 -0.112758
v 0.421930 -0.116672 -0.109497
v 0.026749 -0.440013 -0.138105
v 0.392740 -0.127598 -0.138105
v 0.014307 -0.417099 -0.112811
v 0.396377 -0.144632 -0.138105
v -0.003239 -0.460086 -0.112793
v 0.423986 -0.155163 -0.111681
v 0.022806 -0.460077 -0.138105
v 0.396829 -0.181567 -0.111599
v 0.018822 -0.494874 -0.112844
v 0.034459 -0.474110 -0.138105
v 0.066636 -0.495002 -0.138105
v 0.381824 -0.156816 -0.138105
v 0.361374 -0.162641 -0.138105
v 0.354442 -0.188282 -0.114686
v 0.332877 -0.165220 -0.116420
v 0.354765 -0.154046 -0.138105
v 0.340863 -0.122636 -0.138105
v 0.282563 -0.192412 0.138105
v 0.312359 -0.258490 0.110460
v 0.259995 -0.202389 0.115001
v 0.247001 -0.138590 0.112386
v 0.336384 -0.254567 0.138105
v 0.275105 -0.139118 0.138105
v 0.327680 -0.334624 0.111225
v 0.266003 -0.078345 0.106046
v 0.352128 -0.343567 0.138105
v 0.293307 -0.100502 0.138105
v 0.285579 -0.405761 0.107436
v 0.321153 -0.055267 0.106074
v 0.306542 -0.428242 0.138105
v 0.328061 -0.089534 0.138105
v 0.204170 -0.476879 0.138105
v 0.367779 -0.095832 0.138105
v 0.195031 -0.449681 0.108784
v 0.387557 -0.067106 0.105992
v 0.114511 -0.466168 0.138105
v 0.421930 -0.116672 0.109497
v 0.115439 -0.439376 0.111639
v 0.392740 -0.127598 0.138105
v 0.057521 -0.439742 0.138105
v 0.396377 -0.144632 0.138105
v 0.060129 -0.413959 0.112758
v 0.423986 -0.155163 0.111681
v 0.026749 -0.440013 0.138105
v 0.396829 -0.181567 0.111599
v 0.014307 -0.417099 0.112811
v 0.381824 -0.156816 0.138105
v -0.003239 -0.460086 0.112793
v 0.361374 -0.162641 0.138105
v 0.022806 -0.460077 0.138105
v 0.354442 -0.188282 0.114686
v 0.018822 -0.494874 0.112844
v 0.034459 -0.474110 0.138105
v 0.066636 -0.495002 0.138105
v 0.332877 -0.165220 0.116420
v 0.354765 -0.154046 0.138105
v 0.340863 -0.122636 0.138105
v -0.446437 0.533605 -0.000000
v -0.495715 0.519408 0.034274
v -0.495715 0.533605 -0.000000
v -0.446437 0.519408 0.034274
v -0.446437 0.519408 -0.034274
v -0.495715 0.485134 0.048470
v -0.495715 0.519408 -0.034274
v -0.446437 0.485134 0.048470
v -0.446437 0.485134 -0.048470
v -0.495715 0.450861 0.034274
v -0.495715 0.485134 -0.048470
v -0.446437 0.450861 0.034274
v -0.446437 0.450861 -0.034274
v -0.495715 0.436664 -0.000000
v -0.495715 0.450861 -0.034274
v -0.446437 0.436664 -0.000000
v 0.482999 -0.014455 -0.124611
v 0.505234 -0.004632 0.124611
v 0.505234 -0.004632 -0.124611
v 0.527903 -0.013407 0.124611
v 0.482999 -0.014455 0.124611
v 0.527903 -0.013407 -0.124611
v 0.474222 -0.037123 -0.124611
v 0.537726 -0.035644 0.124611
v 0.474222 -0.037123 0.124611
v 0.537726 -0.035644 -0.124611
v 0.484046 -0.059358 -0.124611
v 0.528949 -0.058311 0.124611
v 0.484046 -0.059359 0.124611
v 0.528949 -0.058311 -0.124611
v 0.506714 -0.068136 -0.124611
v 0.506714 -0.068136 0.124611
v 1.054924 0.442601 0.042426
v 1.102924 0.442601 0.042426
v 1.102924 0.485028 0.060000
v 1.054924 0.436450 0.027577
v 1.054924 0.485028 0.060000
v 1.102924 0.506241 0.051213
v 1.054924 0.506241 0.051213
v 1.102924 0.436450 0.027577
v 1.054924 0.283814 0.027577
v 1.102924 0.283814 0.027577
v 1.054924 0.485028 -0.060000
v 1.102924 0.485028 -0.060000
v 1.102924 0.442601 -0.042426
v 1.054924 0.506241 -0.051213
v 1.102924 0.506241 -0.051213
v 1.054924 0.442601 -0.042426
v 1.102924 0.436450 -0.027577
v 1.054924 0.436450 -0.027577
v 1.054924 0.283814 -0.027577
v 1.102924 0.283814 -0.027577
v -0.525288 0.374474 -0.027705
v -0.426354 0.288170 -0.026502
v -0.495293 0.404223 -0.027181
v -0.426354 0.404223 -0.026502
v -0.525288 0.288170 -0.027705
v -0.426354 0.404223 0.026502
v -0.426354 0.288170 0.026502
v -0.495293 0.404223 0.027181
v -0.525288 0.374474 0.027705
v -0.525288 0.288170 0.027705
v -0.449929 -0.333240 -0.095903
v -0.498671 -0.340755 -0.114469
v -0.466570 -0.320163 -0.114469
v -0.451481 -0.260342 -0.113677
v -0.495880 -0.361735 -0.095903
v -0.432227 -0.254031 -0.095904
v -0.545470 -0.350462 -0.095904
v -0.449454 -0.190325 -0.109130
v -0.536832 -0.334771 -0.111615
v -0.434531 -0.188167 -0.095904
v -0.559325 -0.310465 -0.109893
v -0.442112 -0.155693 -0.107515
v -0.574416 -0.315623 -0.095904
v -0.430026 -0.161093 -0.095904
v -0.572066 -0.274342 -0.095904
v -0.419185 -0.134570 -0.095904
v -0.423771 -0.126042 -0.104398
v -0.391708 -0.104389 -0.095904
v -0.556687 -0.278565 -0.109893
v -0.538958 -0.239588 -0.095904
v -0.532762 -0.251236 -0.107476
v -0.505064 -0.241845 -0.095904
v -0.508121 -0.253252 -0.106262
v -0.491743 -0.278943 -0.095903
v -0.449929 -0.333240 0.095904
v -0.498671 -0.340755 0.114469
v -0.495880 -0.361735 0.095904
v -0.545470 -0.350462 0.095904
v -0.466570 -0.320163 0.114469
v -0.536832 -0.334771 0.111616
v -0.451481 -0.260342 0.113677
v -0.559325 -0.310465 0.109894
v -0.432227 -0.254031 0.095904
v -0.574416 -0.315623 0.095904
v -0.449454 -0.190325 0.109131
v -0.572066 -0.274342 0.095904
v -0.434531 -0.188167 0.095904
v -0.556687 -0.278565 0.109894
v -0.442112 -0.155693 0.107516
v -0.538958 -0.239588 0.095904
v -0.430026 -0.161093 0.095904
v -0.532762 -0.251236 0.107477
v -0.419185 -0.134570 0.095904
v -0.423771 -0.126042 0.104399
v -0.391708 -0.104389 0.095904
v -0.505064 -0.241845 0.095904
v -0.508121 -0.253252 0.106263
v -0.491743 -0.278943 0.095904
v 1.024710 0.374474 -0.027705
v 1.123645 0.288170 -0.026502
v 1.054707 0.404223 -0.027181
v 1.123645 0.404223 -0.026502
v 1.024710 0.288170 -0.027705
v 1.123645 0.404223 0.026502
v 1.123645 0.288170 0.026502
v 1.054707 0.404223 0.027181
v 1.024710 0.374474 0.027705
v 1.024710 0.288170 0.027705
v -0.537821 -0.003150 -0.141452
v -0.633770 -0.003150 0.141452
v -0.633770 -0.003150 -0.141452
v -0.537821 -0.003150 0.141452
v -0.425021 0.404223 0.047101
v -0.386076 0.404223 0.047101
v -0.425021 0.346197 0.047101
v -0.356077 0.374474 0.047101
v -0.356077 0.288170 0.047101
v -0.425021 0.288170 0.047101
v 1.124978 0.404223 0.047101
v 1.163923 0.404223 0.047101
v 1.124978 0.346197 0.047101
v 1.193923 0.374474 0.047101
v 1.193923 0.288170 0.047101
v 1.124978 0.288170 0.047101
v 1.042999 0.045545 -0.124611
v 1.065233 0.055369 0.124611
v 1.065233 0.055369 -0.124611
v 1.087903 0.046593 0.124611
v 1.042999 0.045545 0.124611
v 1.087903 0.046593 -0.124611
v 1.034222 0.022876 -0.124611
v 1.097726 0.024356 0.124611
v 1.034222 0.022876 0.124611
v 1.097726 0.024356 -0.124611
v 1.044045 0.000642 -0.124611
v 1.088948 0.001688 0.124611
v 1.044045 0.000641 0.124611
v 1.088948 0.001688 -0.124611
v 1.066714 -0.008136 -0.124611
v 1.066714 -0.008136 0.124611
v -0.386076 0.404223 -0.047101
v -0.425021 0.346197 -0.047101
v -0.356076 0.374474 -0.047101
v -0.425021 0.404223 -0.047101
v -0.356076 0.288170 -0.047101
v -0.425021 0.288170 -0.047101
v 1.163923 0.404223 -0.047101
v 1.124978 0.346197 -0.047101
v 1.193923 0.374474 -0.047101
v 1.124978 0.404223 -0.047101
v 1.193923 0.288170 -0.047101
v 1.124978 0.288170 -0.047101
v 1.041729 0.070148 -0.141259
v 1.226463 0.070148 -0.141259
v 1.041729 0.070148 0.141259
v 1.226463 0.070148 0.141259
v 0.896247 0.006427 0.141259
v 0.896247 0.006427 -0.141259
v -0.561312 0.006427 0.141259
v -0.561312 0.006427 -0.141259
v 0.124258 -0.284236 -0.138105
v 0.172338 -0.268038 -0.116272
v 0.164857 -0.246364 -0.138105
v 0.211180 -0.266510 -0.119326
v 0.144714 -0.294653 -0.116269
v 0.217091 -0.247745 -0.138105
v 0.113427 -0.353358 -0.138105
v 0.238074 -0.286045 -0.121169
v 0.134031 -0.351424 -0.118300
v 0.253340 -0.277168 -0.138105
v 0.144921 -0.403145 -0.138105
v 0.259312 -0.319495 -0.138105
v 0.160429 -0.389212 -0.118280
v 0.226945 -0.447383 -0.138105
v 0.235839 -0.428326 -0.118270
v 0.241621 -0.318102 -0.121161
v 0.232765 -0.361328 -0.138105
v 0.223372 -0.349772 -0.123758
v 0.197302 -0.365961 -0.138105
v 0.198272 -0.352489 -0.125091
v 0.176219 -0.328872 -0.138105
v 0.124258 -0.284236 0.138105
v 0.172338 -0.268038 0.116272
v 0.144714 -0.294653 0.116269
v 0.164857 -0.246364 0.138105
v 0.113427 -0.353358 0.138105
v 0.211180 -0.266510 0.119326
v 0.134031 -0.351424 0.118300
v 0.217091 -0.247745 0.138105
v 0.144921 -0.403145 0.138105
v 0.238074 -0.286045 0.121169
v 0.160429 -0.389212 0.118280
v 0.226945 -0.447383 0.138105
v 0.235839 -0.428326 0.118270
v 0.253340 -0.277168 0.138105
v 0.259312 -0.319495 0.138105
v 0.241621 -0.318102 0.121161
v 0.232765 -0.361328 0.138105
v 0.223372 -0.349772 0.123758
v 0.197302 -0.365961 0.138105
v 0.198272 -0.352489 0.125091
v 0.176219 -0.328872 0.138105
v 0.200062 -0.338555 -0.138105
v 0.198272 -0.352489 -0.125091
v 0.213806 -0.337588 -0.138105
v 0.176219 -0.328872 -0.138105
v 0.223372 -0.349772 -0.123758
v 0.241621 -0.318102 -0.121161
v 0.223565 -0.316428 -0.138105
v 0.222326 -0.295256 -0.138105
v 0.238074 -0.286045 -0.121169
v 0.211180 -0.266510 -0.119326
v 0.205202 -0.285744 -0.138105
v 0.172338 -0.268038 -0.116272
v 0.180156 -0.290079 -0.138105
v 0.144714 -0.294653 -0.116269
v 0.165526 -0.305309 -0.138105
v 0.155211 -0.349071 -0.138105
v 0.134031 -0.351424 -0.118300
v 0.160429 -0.389212 -0.118280
v 0.176012 -0.374901 -0.138105
v 0.235839 -0.428326 -0.118270
v 0.244719 -0.409291 -0.138105
v 0.223372 -0.349772 0.123758
v 0.198272 -0.352489 0.125091
v 0.213806 -0.337588 0.138105
v 0.200062 -0.338555 0.138105
v 0.176219 -0.328872 0.138105
v 0.241621 -0.318102 0.121161
v 0.223565 -0.316428 0.138105
v 0.222326 -0.295256 0.138105
v 0.238074 -0.286045 0.121169
v 0.211180 -0.266510 0.119326
v 0.205202 -0.285744 0.138105
v 0.172338 -0.268038 0.116272
v 0.180156 -0.290079 0.138105
v 0.144714 -0.294653 0.116269
v 0.165526 -0.305309 0.138105
v 0.155211 -0.349071 0.138105
v 0.134031 -0.351424 0.118300
v 0.160429 -0.389212 0.118280
v 0.176012 -0.374901 0.138105
v 0.235839 -0.428326 0.118270
v 0.244719 -0.409291 0.138105
v 0.549706 0.118572 0.140265
v -0.159915 0.118572 -0.140436
v 0.549706 0.118572 -0.140436
v -0.159915 0.118572 0.140265
v 0.259995 -0.202389 -0.115001
v 0.285227 -0.265598 -0.138105
v 0.312359 -0.258490 -0.110460
v 0.239525 -0.212728 -0.138105
v 0.300023 -0.326432 -0.138105
v 0.221384 -0.138505 -0.138105
v 0.327680 -0.334624 -0.111225
v 0.247001 -0.138590 -0.112386
v 0.285579 -0.405761 -0.107436
v 0.266003 -0.078345 -0.106046
v 0.262856 -0.382318 -0.138105
v 0.240598 -0.058639 -0.138105
v 0.195031 -0.449681 -0.108784
v 0.312586 -0.024520 -0.138105
v 0.185006 -0.419906 -0.138105
v 0.321153 -0.055267 -0.106074
v 0.115439 -0.439376 -0.111639
v 0.387557 -0.067106 -0.105992
v 0.117420 -0.412174 -0.138105
v 0.405422 -0.039966 -0.138105
v 0.060129 -0.413959 -0.112758
v 0.448815 -0.106446 -0.138105
v 0.062219 -0.387583 -0.138105
v 0.421930 -0.116672 -0.109497
v 0.014307 -0.417099 -0.112811
v 0.423986 -0.155163 -0.111681
v 0.001941 -0.394046 -0.138105
v 0.448177 -0.164481 -0.138105
v -0.029482 -0.460290 -0.138105
v 0.411250 -0.203734 -0.138105
v -0.003239 -0.460086 -0.112793
v 0.396829 -0.181567 -0.111599
v 0.003162 -0.515961 -0.138105
v 0.018822 -0.494874 -0.112844
v 0.066636 -0.495002 -0.138105
v 0.349414 -0.210297 -0.138105
v 0.354442 -0.188282 -0.114686
v 0.315312 -0.176999 -0.138105
v 0.332877 -0.165220 -0.116420
v 0.340863 -0.122636 -0.138105
v 0.259995 -0.202389 0.115001
v 0.285227 -0.265598 0.138105
v 0.239525 -0.212728 0.138105
v 0.221384 -0.138505 0.138105
v 0.312359 -0.258490 0.110460
v 0.247001 -0.138590 0.112386
v 0.300023 -0.326432 0.138105
v 0.266003 -0.078345 0.106046
v 0.327680 -0.334624 0.111225
v 0.240598 -0.058639 0.138105
v 0.285579 -0.405761 0.107436
v 0.312586 -0.024520 0.138105
v 0.262856 -0.382318 0.138105
v 0.321153 -0.055267 0.106074
v 0.195031 -0.449681 0.108784
v 0.387557 -0.067106 0.105992
v 0.185006 -0.419906 0.138105
v 0.405422 -0.039966 0.138105
v 0.115439 -0.439376 0.111639
v 0.448815 -0.106446 0.138105
v 0.117420 -0.412174 0.138105
v 0.421930 -0.116672 0.109497
v 0.060129 -0.413959 0.112758
v 0.423986 -0.155163 0.111681
v 0.062219 -0.387583 0.138105
v 0.448177 -0.164481 0.138105
v 0.014307 -0.417099 0.112811
v 0.411250 -0.203734 0.138105
v 0.001941 -0.394046 0.138105
v 0.396829 -0.181567 0.111599
v -0.029482 -0.460290 0.138105
v 0.349414 -0.210297 0.138105
v -0.003239 -0.460086 0.112793
v 0.354442 -0.188282 0.114686
v 0.003162 -0.515961 0.138105
v 0.018822 -0.494874 0.112844
v 0.066636 -0.495002 0.138105
v 0.315312 -0.176999 0.138105
v 0.332877 -0.165220 0.116420
v 0.340863 -0.122636 0.138105
v 1.155903 0.037682 0.134007
v 1.157689 0.073267 -0.134007
v 1.155903 0.037682 -0.134007
v 1.157689 0.073267 0.134007
v 1.086726 -0.023620 -0.134007
v 1.086726 -0.023620 0.134007
v 0.574911 -0.029561 -0.134007
v 0.574911 -0.029561 0.134007
v 0.489622 -0.101563 0.134007
v 0.489622 -0.101563 -0.134007
v 0.333873 -0.484614 -0.134007
v 0.333873 -0.484614 0.134007
v 0.247341 -0.530433 -0.134007
v 0.247341 -0.530433 0.134007
v -0.115634 -0.530950 -0.134007
v -0.115634 -0.530950 0.134007
v -0.146304 -0.505461 0.134007
v -0.146304 -0.505461 -0.134007
v -0.105519 -0.416411 0.134007
v -0.105519 -0.416411 -0.134007
v -0.010005 -0.376420 -0.134007
v -0.010005 -0.376420 0.134007
v 0.119976 -0.166173 -0.134007
v 0.119976 -0.166173 0.134007
v 0.121171 0.016796 -0.134007
v 0.121171 0.016796 0.134007
v -0.505064 -0.241845 -0.095904
v -0.532762 -0.251236 -0.084331
v -0.508121 -0.253251 -0.085545
v -0.491743 -0.278943 -0.095903
v -0.538958 -0.239588 -0.095904
v -0.556687 -0.278565 -0.081914
v -0.572066 -0.274342 -0.095904
v -0.559325 -0.310465 -0.081914
v -0.574416 -0.315623 -0.095904
v -0.545470 -0.350462 -0.095904
v -0.536832 -0.334771 -0.080192
v -0.498671 -0.340755 -0.077339
v -0.495880 -0.361735 -0.095903
v -0.449929 -0.333240 -0.095903
v -0.466570 -0.320162 -0.077339
v -0.451481 -0.260342 -0.078130
v -0.432227 -0.254031 -0.095904
v -0.449454 -0.190325 -0.082677
v -0.434531 -0.188167 -0.095904
v -0.442112 -0.155692 -0.084292
v -0.430026 -0.161093 -0.095904
v -0.419185 -0.134570 -0.095904
v -0.423771 -0.126042 -0.087409
v -0.391708 -0.104389 -0.095904
v -0.505064 -0.241845 0.095904
v -0.532762 -0.251236 0.084332
v -0.538958 -0.239588 0.095904
v -0.508121 -0.253251 0.085546
v -0.491743 -0.278943 0.095904
v -0.556687 -0.278565 0.081915
v -0.572066 -0.274342 0.095904
v -0.559325 -0.310465 0.081915
v -0.574416 -0.315623 0.095904
v -0.545470 -0.350462 0.095904
v -0.536832 -0.334771 0.080193
v -0.498671 -0.340755 0.077339
v -0.495880 -0.361735 0.095904
v -0.449929 -0.333240 0.095904
v -0.466569 -0.320162 0.077339
v -0.451481 -0.260342 0.078131
v -0.432227 -0.254031 0.095904
v -0.449454 -0.190325 0.082678
v -0.434531 -0.188167 0.095904
v -0.442112 -0.155692 0.084293
v -0.430026 -0.161093 0.095904
v -0.419185 -0.134570 0.095904
v -0.423771 -0.126042 0.087410
v -0.391708 -0.104389 0.095904
v -0.356076 0.374474 -0.047101
v -0.356076 0.288170 -0.078301
v -0.356076 0.374474 -0.078301
v -0.356076 0.288170 -0.047101
v -0.386076 0.404223 -0.078301
v -0.386076 0.404223 -0.047101
v -0.425021 0.404223 -0.047101
v -0.425021 0.404223 -0.078301
v -0.356077 0.374474 0.047101
v -0.356076 0.288170 0.078301
v -0.356077 0.288170 0.047101
v -0.356076 0.374474 0.078301
v -0.386076 0.404223 0.078301
v -0.386076 0.404223 0.047101
v -0.425021 0.404223 0.047101
v -0.425021 0.404223 0.078301
v -0.435021 0.434223 -0.046800
v -0.435021 0.434223 0.046800
v -0.416076 0.434223 -0.046800
v -0.416076 0.434223 0.046800
v -0.356077 0.376322 0.046800
v -0.356076 0.376322 -0.046800
v -0.356076 0.288170 -0.046800
v -0.356077 0.288170 0.046800
v -0.435021 0.288170 -0.046800
v -0.356076 0.288170 -0.046800
v -0.356077 0.288170 0.046800
v -0.435021 0.288170 0.046800
v -0.425810 0.288170 -0.087697
v -0.525288 0.288170 -0.027705
v -0.524745 0.288170 -0.088900
v -0.426354 0.288170 -0.026502
v -0.525288 0.288170 0.027705
v -0.425810 0.288170 0.087697
v -0.524745 0.288170 0.088900
v -0.426354 0.288170 0.026502
v 1.114978 0.288170 -0.046800
v 1.193923 0.288170 -0.046800
v 1.193923 0.288170 0.046800
v 1.114978 0.288170 0.046800
v 1.124190 0.288170 -0.087697
v 1.024710 0.288170 -0.027705
v 1.025255 0.288170 -0.088900
v 1.123645 0.288170 -0.026502
v 1.024710 0.288170 0.027705
v 1.124190 0.288170 0.087697
v 1.025255 0.288170 0.088900
v 1.123645 0.288170 0.026502
v -0.319252 -0.318806 -0.100931
v -0.306455 -0.407501 0.100935
v -0.306455 -0.407501 -0.100931
v -0.319252 -0.318806 0.100935
v -0.196373 0.018875 -0.100931
v -0.196373 0.018875 0.100935
v 1.025255 0.374474 -0.088900
v 1.025255 0.288170 -0.088900
v 1.024710 0.288170 -0.027705
v 1.024710 0.374474 -0.027705
v 1.055251 0.404223 -0.088377
v 1.054707 0.404223 -0.027181
v 1.124190 0.404223 -0.087697
v 1.123645 0.404223 -0.026502
v 1.024710 0.374474 0.027705
v 1.024710 0.288170 0.027705
v 1.025255 0.374474 0.088900
v 1.025255 0.288170 0.088900
v 1.055251 0.404223 0.088377
v 1.054707 0.404223 0.027181
v 1.124190 0.404223 0.087697
v 1.123645 0.404223 0.026502
v -0.749802 0.009757 0.125973
v -0.749802 0.009757 -0.125973
v -0.606076 0.009273 -0.125973
v -0.606076 0.009273 0.125973
v -0.969802 -0.060243 -0.125973
v -0.969802 -0.060243 0.125973
v -1.177500 -0.058113 -0.125973
v -1.177500 -0.058113 0.125973
v -1.234643 -0.106729 -0.125973
v -1.234643 -0.106729 0.125973
v -1.231644 -0.372532 -0.125973
v -1.231644 -0.372532 0.125973
v -1.201412 -0.465707 -0.125973
v -1.201412 -0.465707 0.125973
v -1.253664 -0.536135 -0.125973
v -1.253664 -0.536135 0.125973
v -1.441885 -0.540418 -0.125973
v -1.441885 -0.540418 0.125973
v -0.425810 0.288170 -0.087697
v -0.425810 0.404223 -0.087697
v -0.426354 0.404223 -0.026502
v -0.426354 0.288170 -0.026502
v -0.426354 0.404223 0.026502
v -0.425810 0.288170 0.087697
v -0.426354 0.288170 0.026502
v -0.425810 0.404223 0.087697
v -0.446437 0.436081 0.027847
v -0.446437 0.285463 0.027847
v -0.446437 0.424547 -0.000000
v -0.446437 0.285463 -0.000000
v -0.446437 0.285463 -0.027847
v -0.446437 0.436081 -0.027847
v -0.446437 0.436664 -0.000000
v -0.446437 0.450861 0.034274
v -0.446437 0.450861 -0.034274
v -0.446437 0.442292 0.042842
v -0.446437 0.442292 -0.042842
v -0.446437 0.485134 0.060588
v -0.446437 0.485134 -0.060588
v -0.446437 0.485134 0.048470
v -0.446437 0.485134 -0.048470
v -0.446437 0.519408 0.034274
v -0.446437 0.519408 -0.034274
v -0.446437 0.527977 0.042842
v -0.446437 0.527977 -0.042842
v -0.446437 0.533605 -0.000000
v -0.446437 0.545722 -0.000000
v -0.537821 -0.003150 -0.141452
v -0.537821 0.238735 -0.141452
v -0.537821 0.238735 0.141452
v -0.537821 -0.003150 0.141452
v -0.537821 0.306605 -0.087844
v -0.537821 0.306605 0.087844
v 1.077352 0.475033 -0.001572
v 1.071062 0.437086 -0.007862
v 1.071062 0.437086 0.007862
v 1.077352 0.475033 0.001572
v 1.054924 0.283814 0.027577
v 1.054924 0.425027 -0.000000
v 1.054924 0.283814 -0.000000
v 1.054924 0.283814 -0.027577
v 1.054924 0.436450 0.027577
v 1.054924 0.436450 -0.027577
v 1.054924 0.437028 -0.000000
v 1.054924 0.446166 0.022062
v 1.054924 0.446166 -0.022062
v 1.054924 0.451086 0.033941
v 1.054924 0.451086 -0.033941
v 1.054924 0.442601 0.042426
v 1.054924 0.442601 -0.042426
v 1.054924 0.485028 0.060000
v 1.054924 0.485028 -0.060000
v 1.054924 0.485028 0.048000
v 1.054924 0.506241 0.051213
v 1.054924 0.501998 0.040971
v 1.054924 0.485028 -0.048000
v 1.054924 0.506241 -0.051213
v 1.054924 0.501998 -0.040971
v 1.114978 0.434223 -0.046800
v 1.114978 0.288170 -0.046800
v 1.114978 0.288170 0.046800
v 1.114978 0.434223 0.046800
v 1.124978 0.404223 -0.078301
v 1.124978 0.346197 -0.078301
v 1.124978 0.346197 -0.047101
v 1.124978 0.404223 -0.047101
v 1.124978 0.288170 -0.047101
v 1.124978 0.288170 -0.078301
v 1.124978 0.346197 0.078301
v 1.124978 0.404223 0.078301
v 1.124978 0.346197 0.047101
v 1.124978 0.404223 0.047101
v 1.124978 0.288170 0.047101
v 1.124978 0.288170 0.078301
v 1.272778 0.151512 -0.055488
v 1.290753 0.116009 -0.000000
v 1.272778 0.128528 -0.000000
v 1.272778 0.151512 0.055488
v 1.290753 0.142659 -0.064340
v 1.290753 0.142659 0.064340
v 1.290753 0.206999 -0.090991
v 1.290753 0.206999 0.090991
v 1.272778 0.206999 -0.078471
v 1.272778 0.206999 0.078471
v 1.272778 0.262487 -0.055488
v 1.272778 0.262487 0.055488
v 1.290753 0.271339 -0.064340
v 1.290753 0.271339 0.064340
v 1.290753 0.297990 -0.000000
v 1.272778 0.285471 -0.000000
v -1.412791 0.161686 -0.140000
v -1.412791 0.161686 0.140000
v -1.412791 -0.569917 0.140000
v -1.412791 -0.569917 -0.140000
v -1.412791 0.218820 0.087170
v -1.412791 0.218820 -0.087170
vn -1.0000 0.0005 0.0005
vn -0.9997 -0.0229 0.0004
vn -0.9997 -0.0230 0.0005
vn 1.0000 0.0005 0.0005
vn 0.7177 0.6190 -0.3191
vn 0.7344 0.6787 0.0005
vn 0.7316 0.4149 -0.5410
vn 0.7344 0.0005 -0.6787
vn 0.7177 0.6190 0.3191
vn 0.7177 -0.6190 -0.3191
vn 0.7316 0.4149 0.5410
vn 0.7316 -0.4149 -0.5410
vn 0.7344 0.0005 0.6787
vn 0.7344 -0.6787 0.0006
vn 0.7344 -0.6787 0.0005
vn 0.7177 -0.6190 0.3191
vn 0.7316 -0.4149 0.5410
vn -0.2672 -0.8298 0.4899
vn 0.2115 -0.9774 0.0005
vn -0.1569 0.8313 -0.5332
vn -0.2672 -0.8299 -0.4898
vn -0.7115 0.0005 0.7027
vn -0.7115 -0.0005 -0.7027
vn -0.2672 0.8299 0.4898
vn -0.2672 0.8298 -0.4899
vn 0.2115 0.9774 0.0005
vn -0.4697 0.4589 0.7542
vn -0.7489 0.6219 0.2291
vn -0.5507 0.1031 0.8283
vn -0.1129 -0.0000 0.9936
vn -0.4754 0.0006 0.8798
vn 0.0005 0.0005 1.0000
vn -0.0008 0.4187 0.9081
vn -0.2740 0.9539 0.1226
vn -0.7489 0.6219 -0.2291
vn -0.0004 0.9905 0.1374
vn -0.2740 0.9539 -0.1226
vn -0.0005 0.9905 -0.1374
vn -0.0005 0.4187 -0.9081
vn -0.4697 0.4589 -0.7542
vn 0.0005 0.0005 -1.0000
vn -0.5507 0.1031 -0.8283
vn -0.1129 0.0005 -0.9936
vn -0.4754 0.0006 -0.8798
vn 0.0005 1.0000 0.0005
vn 0.2761 0.9611 -0.0000
vn 0.2761 0.9611 0.0005
vn 0.8971 0.4419 -0.0000
vn 0.8971 0.4419 0.0005
vn 0.9013 0.4333 0.0005
vn 0.9013 0.4333 -0.0000
vn 0.2788 0.9603 -0.0000
vn 0.2788 0.9603 0.0005
vn 0.8939 -0.4482 0.0006
vn 0.8939 -0.4482 0.0005
vn 0.8939 0.4482 0.0005
vn -0.7081 -0.7061 0.0005
vn -0.2701 -0.9628 0.0005
vn -0.7081 -0.7061 0.0006
vn -0.2701 -0.9628 -0.0000
vn 0.0005 -1.0000 0.0005
vn 0.9865 0.1637 0.0005
vn 1.0000 0.0005 0.0093
vn 1.0000 0.0004 0.0092
vn 1.0000 0.0005 -0.0093
vn 1.0000 0.0004 -0.0092
vn 1.0000 0.0003 0.0003
vn 1.0000 0.0004 0.0004
vn -0.9998 0.0181 -0.0044
vn -0.9998 0.0181 0.0044
vn -1.0000 0.0005 -0.0053
vn -1.0000 0.0005 0.0053
vn -0.9007 0.4344 -0.0083
vn -1.0000 0.0004 -0.0092
vn -0.9016 0.4325 -0.0077
vn -0.2749 0.9615 -0.0024
vn -0.2818 0.9595 -0.0024
vn -0.9016 0.4325 0.0083
vn -1.0000 0.0004 0.0092
vn -0.9007 0.4344 0.0076
vn -0.2749 0.9615 0.0023
vn -0.2818 0.9595 0.0024
vn -1.0000 0.0003 0.0003
vn -0.1421 0.9898 0.0005
vn -0.0015 1.0000 0.0005
vn -0.0014 1.0000 0.0004
vn -0.1421 0.9899 0.0005
vn -0.1432 0.9897 0.0005
vn -0.2672 0.9636 0.0005
vn -0.2672 0.9636 -0.0000
vn -0.8802 0.4745 0.0005
vn -0.8802 0.4746 -0.0000
vn -0.9808 -0.1950 0.0005
vn -0.9808 -0.1949 0.0005
vn -0.9862 0.1656 0.0005
vn -0.2966 0.9550 0.0005
vn -0.2966 0.9550 -0.0000
vn 0.0135 0.9999 -0.0000
vn 0.0132 0.9999 0.0004
vn 0.0005 -0.3826 0.9239
vn -0.0000 0.8097 0.5869
vn 0.0005 0.8097 0.5869
vn 0.0003 0.9239 0.3826
vn -0.0000 0.9239 -0.3827
vn 0.0005 0.8097 -0.5869
vn -0.0000 0.8097 -0.5869
vn 0.0005 -0.3826 -0.9239
vn 0.0003 -0.3826 -0.9239
vn 0.0005 0.9239 -0.3826
vn 0.0003 0.9239 -0.3826
vn 0.0004 0.9239 -0.3826
vn 0.0004 0.9239 0.3826
vn 0.0005 0.9239 0.3826
vn 0.0005 -0.8097 -0.5869
vn -0.0000 -0.8097 -0.5869
vn -0.0000 -0.7588 -0.6513
vn 0.0005 -0.7588 -0.6513
vn -0.0000 -0.8097 0.5869
vn 0.0005 -0.8097 0.5869
vn -0.0000 -0.7588 0.6513
vn 0.0005 -0.7588 0.6513
vn -0.9956 0.0933 0.0005
vn -0.6863 0.7273 0.0005
vn -0.6863 0.7273 0.0004
vn -0.9897 -0.1430 0.0003
vn 0.0004 0.9263 -0.3769
vn -0.0000 0.9940 -0.1090
vn 0.0005 0.9940 -0.1089
vn 0.0005 0.9940 0.1089
vn -0.0000 0.9940 0.1090
vn 0.0003 0.9262 0.3769
vn 0.0004 0.9263 0.3769
vn 0.9395 0.3425 -0.0000
vn 0.9395 0.3425 0.0005
vn 0.6737 -0.7390 0.0005
vn 0.3475 0.9377 -0.0000
vn 0.6737 -0.7390 -0.0000
vn 0.3475 0.9377 0.0005
vn 0.1187 -0.9929 0.0005
vn 0.3259 0.9454 0.0005
vn 0.3259 0.9454 -0.0000
vn -0.2897 -0.9571 -0.0000
vn 0.9100 0.4147 -0.0000
vn -0.2897 -0.9571 0.0005
vn 0.9100 0.4147 0.0005
vn -0.8270 -0.5622 0.0005
vn 0.9224 -0.3862 0.0005
vn -0.8270 -0.5622 -0.0000
vn 0.9224 -0.3863 0.0005
vn -0.9451 0.3268 -0.0000
vn 0.9204 -0.3911 0.0005
vn -0.9451 0.3267 0.0005
vn 0.9203 -0.3911 0.0005
vn -0.9160 0.4011 0.0005
vn 0.9557 0.2945 0.0005
vn 0.8198 0.5727 0.0005
vn -0.9727 -0.2320 0.0005
vn -0.9727 -0.2321 0.0005
vn -0.7409 -0.6716 0.0005
vn -0.7409 -0.6716 -0.0000
vn 0.1705 -0.6277 -0.7596
vn -0.1157 -0.6724 -0.7310
vn 0.2994 -0.5710 -0.7644
vn -0.2750 -0.6160 -0.7382
vn -0.4060 -0.5524 -0.7280
vn 0.6362 -0.2124 -0.7417
vn 0.6083 -0.2887 -0.7393
vn 0.6220 0.1637 -0.7657
vn 0.5585 0.3307 -0.7607
vn 0.1607 0.6442 -0.7478
vn 0.2917 0.5947 -0.7491
vn -0.1178 0.6553 -0.7462
vn -0.2155 0.6309 -0.7453
vn -0.4638 0.4911 -0.7374
vn -0.6019 0.3198 -0.7318
vn -0.6807 0.1559 -0.7158
vn -0.6807 0.1002 -0.7256
vn -0.6715 0.1021 -0.7340
vn -0.6666 0.1245 -0.7350
vn -0.5791 0.3415 -0.7403
vn -0.6230 0.2497 -0.7413
vn -0.4676 0.4725 -0.7471
vn -0.2993 0.5844 -0.7543
vn -0.2234 0.6249 -0.7481
vn 0.2994 -0.5710 0.7644
vn -0.2750 -0.6160 0.7382
vn -0.1157 -0.6724 0.7310
vn -0.4060 -0.5524 0.7280
vn 0.1705 -0.6277 0.7596
vn 0.6362 -0.2124 0.7417
vn 0.6083 -0.2888 0.7393
vn 0.6220 0.1637 0.7657
vn 0.5585 0.3307 0.7607
vn 0.1607 0.6442 0.7478
vn 0.2917 0.5947 0.7491
vn -0.1178 0.6553 0.7462
vn -0.2155 0.6309 0.7453
vn -0.4638 0.4911 0.7374
vn -0.6018 0.3197 0.7319
vn -0.6806 0.1559 0.7158
vn -0.6807 0.1002 0.7257
vn -0.6715 0.1021 0.7340
vn -0.6666 0.1245 0.7350
vn -0.5791 0.3415 0.7403
vn -0.6230 0.2497 0.7413
vn -0.4676 0.4725 0.7471
vn -0.2993 0.5844 0.7543
vn -0.2234 0.6249 0.7481
vn -0.3297 0.9441 0.0005
vn -0.3297 0.9441 -0.0000
vn -0.3297 -0.9441 0.0005
vn 0.3297 0.9441 -0.0000
vn -0.3297 -0.9441 -0.0000
vn 0.3297 0.9441 0.0005
vn 0.3297 -0.9441 -0.0000
vn 0.3297 -0.9441 0.0005
vn 0.6893 -0.2008 -0.6961
vn 0.3963 -0.5868 -0.7061
vn 0.5429 -0.4530 -0.7071
vn 0.0786 -0.7069 -0.7030
vn 0.7305 -0.0210 -0.6826
vn 0.1149 -0.7005 -0.7044
vn 0.6561 0.3551 -0.6659
vn -0.1656 -0.7061 -0.6885
vn 0.6697 0.3288 -0.6658
vn -0.2359 -0.6842 -0.6901
vn 0.6481 0.2633 -0.7146
vn -0.1715 -0.6922 -0.7010
vn 0.6029 0.4057 -0.6869
vn -0.0992 -0.7046 -0.7027
vn 0.6698 -0.0972 -0.7362
vn 0.4901 -0.4696 -0.7344
vn 0.6692 -0.0973 -0.7367
vn 0.2047 -0.6483 -0.7333
vn 0.3600 -0.5758 -0.7341
vn 0.7049 0.0796 -0.7049
vn 0.5016 -0.4450 -0.7419
vn 0.6988 0.1167 -0.7057
vn 0.0474 -0.6905 -0.7218
vn 0.4636 0.5330 -0.7078
vn 0.5504 0.4684 -0.6911
vn 0.3796 0.5855 -0.7164
vn 0.0689 -0.6881 -0.7223
vn -0.3902 -0.5505 -0.7380
vn -0.2389 -0.6413 -0.7292
vn -0.6013 -0.3287 -0.7283
vn -0.6480 -0.2232 -0.7282
vn -0.6422 0.1353 -0.7545
vn -0.5683 0.3318 -0.7530
vn -0.2633 0.6373 -0.7243
vn -0.3688 0.5788 -0.7273
vn 0.2028 0.6141 -0.7627
vn 0.0454 0.6532 -0.7558
vn 0.5282 0.4363 -0.7285
vn 0.5742 0.3435 -0.7432
vn 0.6055 0.2680 -0.7493
vn 0.5429 -0.4530 0.7071
vn 0.6893 -0.2008 0.6961
vn 0.7305 -0.0211 0.6826
vn 0.6561 0.3551 0.6659
vn 0.3963 -0.5869 0.7061
vn 0.6698 0.3288 0.6658
vn 0.0786 -0.7069 0.7030
vn 0.6481 0.2633 0.7146
vn 0.1149 -0.7005 0.7044
vn 0.6030 0.4057 0.6869
vn -0.1656 -0.7061 0.6885
vn 0.6698 -0.0972 0.7362
vn -0.2359 -0.6842 0.6901
vn 0.6692 -0.0973 0.7367
vn -0.1715 -0.6922 0.7010
vn 0.3600 -0.5758 0.7341
vn -0.0991 -0.7046 0.7026
vn 0.5016 -0.4450 0.7419
vn 0.4901 -0.4696 0.7344
vn 0.0474 -0.6905 0.7218
vn 0.2047 -0.6483 0.7333
vn 0.0689 -0.6881 0.7223
vn 0.7049 0.0796 0.7049
vn -0.3902 -0.5505 0.7380
vn 0.6988 0.1167 0.7057
vn -0.2389 -0.6413 0.7292
vn 0.4636 0.5330 0.7078
vn 0.5504 0.4684 0.6911
vn 0.3795 0.5855 0.7164
vn -0.6013 -0.3287 0.7283
vn -0.6480 -0.2232 0.7282
vn -0.6422 0.1353 0.7545
vn -0.5683 0.3318 0.7530
vn -0.2633 0.6373 0.7243
vn -0.3688 0.5788 0.7273
vn 0.2028 0.6141 0.7627
vn 0.0454 0.6532 0.7558
vn 0.5282 0.4363 0.7285
vn 0.5742 0.3435 0.7432
vn 0.6055 0.2680 0.7493
vn -0.6529 0.7574 -0.0000
vn -0.6529 0.7574 0.0005
vn -0.9816 -0.1910 -0.0000
vn -0.6338 0.7735 0.0005
vn -0.9816 -0.1910 0.0005
vn -0.6338 0.7735 -0.0000
vn -0.2820 -0.9594 -0.0000
vn -0.9544 0.2986 0.0005
vn -0.2820 -0.9594 0.0005
vn -0.9999 0.0142 0.0005
vn -0.9999 0.0142 0.0003
vn 0.1892 -0.9819 0.0005
vn 0.1891 -0.9819 0.0005
vn 0.6561 -0.7547 -0.0000
vn 0.6561 -0.7547 0.0005
vn 0.8031 -0.5958 0.0005
vn 0.2779 -0.9606 0.0005
vn 0.2779 -0.9606 -0.0000
vn 0.8690 -0.4948 -0.0000
vn 0.8690 -0.4948 0.0005
vn 0.9953 -0.0972 0.0005
vn 0.0327 0.3286 -0.9439
vn 0.0005 -0.0874 -0.9962
vn -0.0327 0.3286 -0.9439
vn 0.0005 0.9901 -0.1402
vn -0.0000 0.9901 -0.1402
vn -0.0000 0.9901 0.1402
vn 0.0005 0.9901 0.1402
vn 0.0327 0.3286 0.9439
vn -0.0327 0.3286 0.9439
vn 0.0005 -0.0874 0.9962
vn -0.6508 0.7592 0.0005
vn -0.0152 0.9999 0.0005
vn -0.0151 0.9999 0.0005
vn 0.6104 0.7921 0.0005
vn -0.6509 0.7592 -0.0000
vn 0.6104 0.7921 -0.0000
vn -0.9996 -0.0269 0.0005
vn 0.9996 0.0268 0.0005
vn -0.6104 -0.7921 -0.0000
vn 0.6508 -0.7592 -0.0000
vn -0.6104 -0.7921 0.0005
vn 0.6509 -0.7592 0.0005
vn 0.0151 -0.9999 0.0005
vn -0.8705 -0.4922 0.0005
vn -0.8705 -0.4922 0.0004
vn 0.8705 -0.4922 0.0004
vn 0.0003 0.3217 -0.9468
vn 0.0006 0.3218 -0.9468
vn -0.0000 0.3217 -0.9469
vn 0.0005 0.3218 -0.9468
vn 0.0003 0.3218 0.9468
vn 0.0006 0.3218 0.9468
vn 0.0005 0.3218 0.9468
vn 0.4081 -0.5576 -0.7228
vn -0.1325 -0.7082 -0.6935
vn -0.5026 -0.5935 -0.6286
vn -0.7528 -0.4284 -0.4997
vn 0.2399 -0.6550 -0.7166
vn 0.6777 -0.1510 -0.7197
vn 0.6737 -0.1725 -0.7186
vn 0.6375 0.2594 -0.7254
vn 0.5351 0.4422 -0.7198
vn 0.1568 0.6775 -0.7186
vn 0.2750 0.6376 -0.7196
vn -0.1421 0.6725 -0.7263
vn -0.2994 0.6178 -0.7272
vn -0.5634 0.4109 -0.7168
vn -0.6417 0.2566 -0.7228
vn -0.6640 -0.1686 -0.7285
vn -0.6705 -0.1373 -0.7291
vn -0.4071 -0.5624 -0.7197
vn -0.5126 -0.4755 -0.7149
vn -0.3269 -0.6181 -0.7149
vn 0.4081 -0.5576 0.7228
vn -0.1325 -0.7082 0.6935
vn 0.2399 -0.6550 0.7166
vn -0.5026 -0.5935 0.6286
vn -0.7528 -0.4284 0.4997
vn 0.6777 -0.1510 0.7197
vn 0.6737 -0.1725 0.7186
vn 0.6375 0.2594 0.7255
vn 0.5351 0.4422 0.7198
vn 0.1568 0.6775 0.7186
vn 0.2750 0.6376 0.7196
vn -0.1421 0.6726 0.7263
vn -0.2994 0.6178 0.7272
vn -0.5634 0.4109 0.7168
vn -0.6417 0.2566 0.7228
vn -0.6640 -0.1686 0.7285
vn -0.6705 -0.1372 0.7291
vn -0.4071 -0.5624 0.7197
vn -0.5126 -0.4755 0.7149
vn -0.3269 -0.6181 0.7149
vn 0.0003 0.0003 -1.0000
vn 0.0003 0.0003 1.0000
vn 0.3669 -0.5848 -0.7235
vn 0.6287 -0.2799 -0.7255
vn 0.5604 -0.4099 -0.7197
vn 0.6563 0.1236 -0.7443
vn 0.2174 -0.6541 -0.7245
vn 0.6472 0.1705 -0.7430
vn -0.1520 -0.6669 -0.7295
vn 0.3922 0.5709 -0.7213
vn -0.0630 -0.6824 -0.7283
vn 0.4885 0.4966 -0.7174
vn 0.3169 0.6206 -0.7173
vn -0.6082 -0.2741 -0.7450
vn -0.4773 -0.4783 -0.7372
vn -0.6805 0.1382 -0.7196
vn -0.6842 0.1138 -0.7204
vn -0.4393 0.5018 -0.7451
vn -0.2634 0.6220 -0.7374
vn -0.0015 0.6988 -0.7154
vn 0.1031 0.6815 -0.7245
vn 0.2604 0.6406 -0.7224
vn 0.2174 -0.6541 0.7245
vn 0.5604 -0.4099 0.7197
vn 0.3669 -0.5848 0.7235
vn 0.6287 -0.2799 0.7255
vn -0.1520 -0.6669 0.7295
vn 0.6563 0.1236 0.7443
vn -0.0630 -0.6824 0.7283
vn 0.6472 0.1705 0.7430
vn -0.6082 -0.2741 0.7450
vn 0.3922 0.5709 0.7213
vn -0.4773 -0.4783 0.7372
vn 0.4883 0.4961 0.7180
vn 0.3169 0.6206 0.7173
vn -0.6805 0.1382 0.7196
vn -0.6842 0.1138 0.7204
vn -0.4393 0.5018 0.7451
vn -0.2634 0.6220 0.7374
vn -0.0015 0.6988 0.7154
vn 0.1031 0.6815 0.7245
vn 0.2604 0.6406 0.7224
vn -0.1735 0.9848 0.0005
vn 0.2965 0.9550 -0.0003
vn 1.0000 0.0015 0.0005
vn 1.0000 -0.0015 0.0005
vn 0.2957 0.9553 -0.0005
vn 0.2965 -0.9550 0.0003
vn -0.2957 0.9553 -0.0003
vn 0.2957 -0.9553 0.0005
vn -0.2966 0.9550 -0.0005
vn -0.2957 -0.9553 0.0003
vn -1.0000 0.0015 0.0005
vn -0.2966 -0.9550 0.0005
vn -1.0000 -0.0015 0.0005
vn -0.6289 0.2184 -0.7462
vn -0.5603 0.2086 -0.8016
vn -0.6289 0.2184 0.7462
vn -0.5603 0.2085 0.8016
vn 0.0119 0.0006 -0.9999
vn 0.0122 0.0005 -0.9999
vn 0.0122 0.0003 -0.9999
vn 0.0119 0.0006 0.9999
vn 0.0122 0.0005 0.9999
vn 0.0122 0.0003 0.9999
vn 0.0005 0.1637 0.9865
vn 0.0003 0.1636 0.9865
vn 0.0005 0.1637 -0.9865
vn 0.0003 0.1636 -0.9865
vn -0.4637 0.4911 -0.7374
vn -0.6806 0.1559 -0.7158
vn -0.6807 0.1002 -0.7257
vn -0.2750 -0.6160 -0.7381
vn -0.4060 -0.5523 -0.7281
vn -0.2233 0.6249 0.7481
vn -0.2750 -0.6160 0.7381
vn -0.4056 -0.5523 0.7283
vn -0.3817 0.5685 -0.7288
vn -0.6796 0.0406 -0.7324
vn -0.6417 0.2106 -0.7375
vn -0.6216 -0.3520 -0.6997
vn -0.4970 0.4697 -0.7297
vn -0.6469 -0.2964 -0.7026
vn -0.0953 0.6806 -0.7265
vn -0.6581 -0.2770 -0.7001
vn -0.1295 0.6738 -0.7275
vn -0.6052 -0.3883 -0.6950
vn 0.1402 0.6913 -0.7089
vn -0.7149 -0.0024 -0.6992
vn 0.2107 0.6759 -0.7062
vn -0.7149 -0.0005 -0.6993
vn 0.1391 0.6879 -0.7123
vn -0.5898 0.3660 -0.7198
vn 0.0748 0.6973 -0.7129
vn -0.4225 0.5602 -0.7126
vn -0.4822 0.4910 -0.7255
vn -0.0650 0.7168 -0.6943
vn -0.2213 0.6463 -0.7303
vn -0.0933 0.7128 -0.6952
vn -0.6994 -0.0337 -0.7140
vn 0.4429 0.5416 -0.7145
vn -0.6986 -0.0415 -0.7143
vn 0.2584 0.6628 -0.7028
vn -0.1187 -0.7313 -0.6717
vn -0.2144 -0.6892 -0.6921
vn 0.2691 -0.8148 -0.5134
vn 0.6613 0.2712 -0.6994
vn 0.7039 0.1363 -0.6971
vn 0.6792 -0.1987 -0.7065
vn 0.6103 -0.3591 -0.7061
vn 0.2174 -0.6882 -0.6922
vn 0.3553 -0.6202 -0.6994
vn -0.1207 -0.7049 -0.6990
vn -0.2876 -0.6509 -0.7026
vn -0.6550 -0.3521 -0.6686
vn -0.8173 0.1851 -0.5457
vn -0.8085 0.3805 -0.4489
vn -0.3818 0.5685 0.7288
vn -0.6796 0.0406 0.7324
vn -0.4970 0.4697 0.7297
vn -0.6417 0.2106 0.7375
vn -0.0953 0.6806 0.7265
vn -0.6216 -0.3520 0.6997
vn -0.1295 0.6738 0.7275
vn -0.6469 -0.2964 0.7026
vn 0.1402 0.6913 0.7089
vn -0.6581 -0.2770 0.7001
vn 0.2107 0.6759 0.7062
vn -0.6052 -0.3883 0.6950
vn 0.1391 0.6879 0.7123
vn -0.7149 -0.0024 0.6992
vn 0.0748 0.6973 0.7129
vn -0.7149 -0.0005 0.6993
vn -0.4822 0.4910 0.7255
vn -0.5898 0.3660 0.7198
vn -0.2213 0.6463 0.7303
vn -0.4225 0.5602 0.7126
vn -0.6994 -0.0337 0.7140
vn -0.0650 0.7168 0.6943
vn -0.6986 -0.0415 0.7143
vn -0.0933 0.7128 0.6952
vn -0.1187 -0.7313 0.6717
vn -0.2144 -0.6892 0.6921
vn 0.2691 -0.8148 0.5134
vn 0.4429 0.5416 0.7145
vn 0.2584 0.6628 0.7028
vn 0.6613 0.2712 0.6994
vn 0.7039 0.1363 0.6971
vn 0.6792 -0.1987 0.7065
vn 0.6103 -0.3591 0.7061
vn 0.2174 -0.6882 0.6922
vn 0.3553 -0.6202 0.6994
vn -0.1207 -0.7049 0.6990
vn -0.2876 -0.6509 0.7026
vn -0.6550 -0.3521 0.6686
vn -0.8173 0.1851 0.5457
vn -0.8085 0.3805 0.4489
vn -0.6509 0.7592 0.0005
vn -0.9996 -0.0268 0.0005
vn 0.9997 0.0258 0.0005
vn 0.9997 0.0259 0.0005
vn 0.6508 -0.7592 0.0005
vn 0.0152 -0.9999 0.0005
vn 0.6561 0.3552 0.6659
vn 0.0787 -0.7069 0.7030
vn 0.1148 -0.7005 0.7044
vn -0.2633 0.6373 0.7242
vn 0.2028 0.6142 0.7627
vn 0.0455 0.6532 0.7558
vn 0.5741 0.3435 0.7432
vn 0.6698 0.3288 -0.6658
vn 0.7305 -0.0211 -0.6826
vn 0.6893 -0.2007 -0.6961
vn 0.3963 -0.5869 -0.7061
vn 0.0787 -0.7069 -0.7030
vn 0.1148 -0.7005 -0.7044
vn -0.0991 -0.7046 -0.7026
vn 0.2028 0.6142 -0.7627
vn 0.0455 0.6532 -0.7558
vn 0.4636 0.5329 -0.7078
vn 0.3794 0.5855 -0.7164
vn 0.5741 0.3435 -0.7432
vn 0.0006 0.3825 0.9239
vn 0.0003 0.3826 0.9239
vn 0.0005 -0.7588 0.6514
vn 0.0005 0.3826 -0.9239
vn 0.0003 0.3826 -0.9239
vn -0.0000 -0.7588 -0.6514
vn 0.0005 -0.7588 -0.6514
vn -0.0122 -0.0005 0.9999
vn -0.0119 -0.0006 0.9999
vn -0.0122 -0.0006 0.9999
vn -0.0122 -0.0003 0.9999
vn -0.0122 -0.0005 -0.9999
vn -0.0119 -0.0006 -0.9999
vn -0.0122 -0.0006 -0.9999
vn -0.0122 -0.0003 -0.9999
vn 0.4568 -0.4919 -0.7411
vn 0.1402 -0.6396 -0.7558
vn 0.6043 -0.3024 -0.7372
vn 0.6843 -0.1060 -0.7214
vn 0.0562 -0.6518 -0.7563
vn 0.6764 -0.0279 -0.7360
vn -0.2535 -0.6159 -0.7459
vn 0.6688 -0.0259 -0.7430
vn -0.3953 -0.5342 -0.7472
vn 0.6679 -0.0552 -0.7422
vn -0.6395 -0.1412 -0.7557
vn 0.6432 -0.2339 -0.7291
vn -0.5928 -0.2878 -0.7521
vn 0.6572 -0.1647 -0.7355
vn -0.5797 0.3286 -0.7457
vn 0.6080 -0.3209 -0.7262
vn 0.5294 -0.4277 -0.7327
vn 0.5035 -0.4588 -0.7321
vn -0.6189 0.2340 -0.7498
vn -0.1363 0.6473 -0.7499
vn -0.2575 0.6044 -0.7539
vn 0.2144 0.6520 -0.7272
vn 0.6054 0.4519 -0.6552
vn 0.7891 0.2840 -0.5447
vn 0.4568 -0.4919 0.7411
vn 0.1402 -0.6396 0.7558
vn 0.0561 -0.6518 0.7563
vn -0.2535 -0.6159 0.7459
vn 0.6043 -0.3024 0.7372
vn -0.3954 -0.5342 0.7472
vn 0.6843 -0.1060 0.7214
vn -0.6395 -0.1412 0.7557
vn 0.6764 -0.0279 0.7360
vn -0.5928 -0.2878 0.7521
vn 0.6688 -0.0259 0.7430
vn -0.5796 0.3286 0.7457
vn 0.6679 -0.0552 0.7422
vn -0.6189 0.2340 0.7498
vn 0.6432 -0.2339 0.7291
vn -0.1363 0.6473 0.7499
vn 0.6573 -0.1647 0.7354
vn -0.2575 0.6044 0.7539
vn 0.6080 -0.3209 0.7262
vn 0.5294 -0.4277 0.7327
vn 0.5035 -0.4588 0.7321
vn 0.2144 0.6520 0.7273
vn 0.6053 0.4520 0.6552
vn 0.7891 0.2838 0.5448
vn -0.0121 -0.0005 0.9999
vn -0.0121 -0.0005 -0.9999
vn 0.0064 -1.0000 0.0005
vn -0.0064 -1.0000 0.0005
vn -0.6508 0.7592 -0.0000
vn -0.6110 -0.7916 -0.0000
vn 0.1803 -0.9836 0.0005
vn -0.2993 0.6178 0.7272
vn 0.4078 -0.5573 0.7233
vn -0.1324 -0.7077 0.6940
vn -0.5026 -0.5935 0.6287
vn -0.2993 0.6178 -0.7272
vn -0.6705 -0.1372 -0.7291
vn 0.4078 -0.5573 -0.7233
vn -0.1324 -0.7077 -0.6940
vn -0.5026 -0.5935 -0.6287
vn 0.2603 0.6410 0.7221
vn 0.6287 -0.2800 0.7255
vn 0.2603 0.6410 -0.7221
vn 0.3169 0.6206 -0.7172
vn -0.6051 -0.3883 0.6950
vn -0.7149 -0.0025 0.6993
vn -0.7149 -0.0005 0.6992
vn 0.2106 0.6759 0.7062
vn 0.1392 0.6879 0.7123
vn -0.6993 -0.0337 0.7140
vn -0.6991 -0.0415 0.7138
vn 0.2691 -0.8149 0.5134
vn -0.8084 0.3806 0.4490
vn -0.7149 -0.0025 -0.6993
vn -0.7149 -0.0005 -0.6992
vn 0.2106 0.6759 -0.7062
vn -0.6993 -0.0337 -0.7140
vn -0.6991 -0.0415 -0.7138
vn 0.2691 -0.8149 -0.5134
vn -0.8084 0.3806 -0.4490
vn -0.8729 0.4879 -0.0000
vn -0.9987 0.0502 0.0003
vn -0.8729 0.4880 0.0005
vn -0.9987 0.0503 0.0005
vn -0.2731 0.9620 0.0005
vn -0.2731 0.9620 -0.0000
vn -0.2681 0.9634 0.0005
vn -0.2681 0.9634 -0.0000
vn -0.7908 0.6120 0.0005
vn -0.6883 0.7254 0.0005
vn -0.6883 0.7254 -0.0000
vn -0.2048 0.9788 0.0005
vn -0.2048 0.9788 -0.0000
vn 0.2585 0.9660 -0.0000
vn 0.2585 0.9660 0.0005
vn 0.9503 0.3112 0.0005
vn 0.9503 0.3112 -0.0000
vn 0.6246 -0.7809 -0.0000
vn 0.6246 -0.7809 0.0005
vn 0.5948 -0.8039 0.0005
vn 0.5948 -0.8039 -0.0000
vn 0.9559 -0.2936 0.0005
vn 1.0000 -0.0064 0.0004
vn 1.0000 -0.0063 0.0005
vn 0.7892 0.2834 0.5449
vn 0.0562 -0.6518 0.7563
vn 0.6764 -0.0278 0.7360
vn 0.5034 -0.4589 0.7321
vn 0.6053 0.4520 -0.6552
vn 0.7891 0.2834 -0.5449
vn -0.5796 0.3286 -0.7457
vn 0.0561 -0.6518 -0.7563
vn 0.4568 -0.4919 -0.7412
vn 0.8970 0.4419 0.0005
vn 0.8970 0.4419 -0.0000
vn 0.9942 -0.1080 0.0005
vn 0.9897 0.1430 0.0003
vn 0.9897 0.1430 0.0004
vn 0.9942 -0.1079 0.0005
vn 0.7192 -0.6948 0.0005
vn 0.7192 -0.6948 -0.0000
vn -1.0000 0.0005 -0.0093
vn -0.2750 0.9615 -0.0024
vn -1.0000 0.0005 0.0093
vn -0.9007 0.4344 0.0077
vn -0.2750 0.9615 0.0023
vn 0.1402 -0.9901 0.0005
vn -0.0034 -1.0000 0.0003
vn -0.0034 -1.0000 0.0005
vn 0.1364 -0.9907 0.0005
vn 0.2555 -0.9668 0.0005
vn 0.2555 -0.9668 -0.0000
vn 0.8777 -0.4791 0.0005
vn 0.8777 -0.4792 -0.0000
vn 0.9864 0.1646 0.0005
vn 0.9810 -0.1939 0.0005
vn 0.9810 -0.1938 0.0005
vn 0.3230 -0.9464 0.0005
vn 0.3230 -0.9464 -0.0000
vn 0.0229 -0.9997 0.0004
vn 0.0229 -0.9997 0.0003
vn 1.0000 0.0005 -0.0053
vn 0.9998 0.0181 -0.0044
vn 0.9998 0.0181 0.0044
vn 1.0000 0.0005 0.0053
vn 1.0000 -0.0005 0.0005
vn -0.9865 0.1637 0.0005
vn -0.9865 0.1636 0.0003
vn -1.0000 0.0004 0.0004
vn -0.5711 -0.5447 -0.6141
vn -0.5714 -0.8206 0.0003
vn -0.5711 -0.5447 0.6141
vn -0.5552 -0.7309 -0.3970
vn -0.5552 -0.7309 0.3970
vn -0.5714 0.0006 -0.8207
vn -0.5714 0.0006 0.8207
vn -0.5715 0.0003 -0.8206
vn -0.5715 0.0003 0.8206
vn -0.5711 0.5447 -0.6141
vn -0.5711 0.5447 0.6141
vn -0.5551 0.7309 -0.3970
vn -0.5552 0.7309 0.3970
vn -0.5715 0.8206 -0.0000
vn -0.5714 0.8206 0.0003
vt 0.000000 0.000000
s 1
f 1/1/1 2/1/1 3/1/1
f 2/1/1 4/1/1 3/1/1
f 4/1/1 2/1/1 5/1/1
f 5/1/1 2/1/1 6/1/1
f 7/1/2 8/1/2 9/1/2
f 9/1/2 8/1/2 10/1/3
f 11/1/4 12/1/4 13/1/4
f 14/1/4 13/1/4 12/1/4
f 12/1/4 11/1/4 15/1/4
f 12/1/4 16/1/4 14/1/4
f 17/1/4 15/1/4 11/1/4
f 16/1/4 18/1/4 14/1/4
f 17/1/4 11/1/4 19/1/4
f 18/1/4 16/1/4 20/1/4
f 21/1/4 17/1/4 19/1/4
f 22/1/4 18/1/4 20/1/4
f 17/1/4 21/1/4 23/1/4
f 18/1/4 22/1/4 24/1/4
f 21/1/4 25/1/4 23/1/4
f 25/1/4 24/1/4 22/1/4
f 25/1/4 21/1/4 26/1/4
f 24/1/4 25/1/4 26/1/4
f 27/1/5 28/1/6 29/1/7
f 30/1/8 27/1/5 29/1/7
f 28/1/6 27/1/5 31/1/6
f 27/1/5 30/1/8 32/1/8
f 33/1/9 28/1/6 31/1/6
f 34/1/10 32/1/8 30/1/8
f 28/1/6 33/1/9 35/1/11
f 34/1/10 30/1/8 36/1/12
f 37/1/13 35/1/11 33/1/9
f 36/1/12 38/1/14 34/1/10
f 33/1/9 39/1/13 37/1/13
f 36/1/12 40/1/15 38/1/14
f 41/1/16 37/1/13 39/1/13
f 42/1/17 38/1/14 40/1/15
f 37/1/13 41/1/16 42/1/17
f 38/1/14 42/1/17 41/1/16
f 43/1/18 44/1/19 45/1/20
f 44/1/19 46/1/21 45/1/20
f 47/1/22 43/1/18 45/1/20
f 46/1/21 48/1/23 45/1/20
f 49/1/24 47/1/22 45/1/20
f 48/1/23 50/1/25 45/1/20
f 51/1/26 49/1/24 45/1/20
f 50/1/25 51/1/26 45/1/20
f 52/1/27 53/1/28 54/1/29
f 55/1/30 54/1/29 56/1/31
f 55/1/30 52/1/27 54/1/29
f 52/1/27 55/1/30 57/1/32
f 57/1/32 58/1/33 52/1/27
f 53/1/28 52/1/27 59/1/34
f 58/1/33 59/1/34 52/1/27
f 59/1/34 60/1/35 53/1/28
f 59/1/34 58/1/33 61/1/36
f 61/1/36 62/1/37 59/1/34
f 60/1/35 59/1/34 62/1/37
f 62/1/37 61/1/36 63/1/38
f 64/1/39 62/1/37 63/1/38
f 65/1/40 60/1/35 62/1/37
f 62/1/37 64/1/39 65/1/40
f 66/1/41 65/1/40 64/1/39
f 60/1/35 65/1/40 67/1/42
f 65/1/40 66/1/41 68/1/43
f 68/1/43 67/1/42 65/1/40
f 67/1/42 68/1/43 69/1/44
f 70/1/45 71/1/45 72/1/46
f 72/1/46 71/1/45 73/1/47
f 72/1/46 73/1/47 74/1/48
f 74/1/48 73/1/47 75/1/49
f 74/1/48 75/1/49 76/1/4
f 76/1/4 75/1/49 77/1/4
f 78/1/50 79/1/4 80/1/51
f 79/1/4 78/1/50 81/1/4
f 82/1/52 78/1/50 80/1/51
f 78/1/50 82/1/52 83/1/53
f 82/1/52 84/1/45 83/1/53
f 82/1/52 85/1/45 84/1/45
f 86/1/51 87/1/4 88/1/4
f 87/1/4 86/1/51 89/1/50
f 86/1/51 90/1/53 89/1/50
f 91/1/52 90/1/53 86/1/51
f 91/1/52 92/1/45 90/1/53
f 92/1/45 93/1/45 90/1/53
f 94/1/54 95/1/55 96/1/4
f 96/1/4 97/1/4 94/1/54
f 97/1/4 96/1/4 98/1/56
f 98/1/56 99/1/56 97/1/4
f 100/1/57 101/1/58 102/1/59
f 101/1/58 100/1/57 103/1/60
f 103/1/60 104/1/61 101/1/58
f 105/1/61 104/1/61 103/1/60
f 106/1/62 107/1/62 108/1/62
f 107/1/62 106/1/62 109/1/62
f 110/1/63 111/1/64 112/1/63
f 110/1/63 112/1/63 113/1/63
f 114/1/65 115/1/65 116/1/65
f 115/1/65 114/1/65 117/1/66
f 118/1/67 119/1/4 120/1/68
f 119/1/4 118/1/67 121/1/4
f 121/1/4 118/1/67 122/1/4
f 123/1/68 122/1/4 118/1/67
f 120/1/68 124/1/4 118/1/67
f 124/1/4 123/1/68 118/1/67
f 124/1/4 120/1/68 125/1/4
f 123/1/68 124/1/4 126/1/4
f 127/1/4 125/1/4 120/1/68
f 128/1/4 123/1/68 126/1/4
f 120/1/68 129/1/4 127/1/4
f 123/1/68 128/1/4 130/1/4
f 131/1/4 127/1/4 129/1/4
f 132/1/4 130/1/4 128/1/4
f 127/1/4 131/1/4 133/1/4
f 134/1/4 133/1/4 131/1/4
f 133/1/4 134/1/4 135/1/4
f 128/1/4 136/1/4 132/1/4
f 136/1/4 137/1/4 132/1/4
f 137/1/4 136/1/4 138/1/4
f 139/1/69 140/1/70 141/1/1
f 141/1/1 140/1/70 142/1/1
f 140/1/70 139/1/69 143/1/71
f 143/1/71 144/1/72 140/1/70
f 145/1/73 146/1/74 147/1/74
f 145/1/73 147/1/74 148/1/75
f 148/1/75 149/1/76 145/1/73
f 149/1/76 148/1/75 150/1/77
f 149/1/76 150/1/77 151/1/45
f 151/1/45 150/1/77 152/1/45
f 153/1/78 154/1/79 155/1/80
f 154/1/79 156/1/79 155/1/80
f 157/1/81 153/1/78 155/1/80
f 153/1/78 157/1/81 158/1/82
f 159/1/45 158/1/82 157/1/81
f 158/1/82 159/1/45 160/1/45
f 161/1/1 162/1/1 163/1/1
f 163/1/1 162/1/1 164/1/1
f 165/1/1 166/1/1 167/1/1
f 167/1/1 168/1/1 165/1/1
f 166/1/1 165/1/1 169/1/1
f 165/1/1 168/1/1 170/1/1
f 169/1/1 171/1/1 166/1/1
f 172/1/1 170/1/1 168/1/1
f 171/1/1 169/1/1 173/1/1
f 170/1/1 172/1/1 174/1/1
f 175/1/1 171/1/1 173/1/1
f 172/1/1 176/1/1 174/1/1
f 171/1/1 175/1/1 177/1/1
f 172/1/1 178/1/1 176/1/1
f 179/1/1 177/1/1 175/1/1
f 180/1/1 176/1/1 178/1/1
f 181/1/1 179/1/1 175/1/1
f 176/1/1 180/1/1 181/1/1
f 179/1/1 181/1/1 182/1/83
f 181/1/1 180/1/1 182/1/83
f 182/1/83 183/1/1 179/1/1
f 184/1/1 182/1/83 180/1/1
f 183/1/1 182/1/83 185/1/1
f 182/1/83 184/1/1 185/1/1
f 186/1/84 187/1/85 188/1/86
f 187/1/85 186/1/84 189/1/87
f 190/1/88 189/1/87 186/1/84
f 189/1/87 190/1/88 191/1/88
f 192/1/89 191/1/88 190/1/88
f 191/1/88 192/1/89 193/1/90
f 194/1/91 193/1/90 192/1/89
f 193/1/90 194/1/91 195/1/92
f 196/1/93 195/1/92 194/1/91
f 195/1/92 196/1/93 197/1/94
f 198/1/95 197/1/94 196/1/93
f 197/1/94 198/1/95 199/1/95
f 200/1/96 199/1/95 198/1/95
f 199/1/95 200/1/96 201/1/97
f 202/1/98 201/1/97 200/1/96
f 201/1/97 202/1/98 203/1/99
f 204/1/1 205/1/1 206/1/1
f 204/1/1 206/1/1 207/1/1
f 208/1/1 209/1/1 210/1/1
f 208/1/1 210/1/1 211/1/1
f 209/1/1 212/1/1 210/1/1
f 209/1/1 213/1/1 212/1/1
f 214/1/1 215/1/1 216/1/1
f 217/1/1 216/1/1 215/1/1
f 216/1/1 218/1/1 214/1/1
f 219/1/1 214/1/1 218/1/1
f 220/1/1 221/1/1 222/1/1
f 222/1/1 221/1/1 223/1/1
f 221/1/1 220/1/1 224/1/1
f 224/1/1 220/1/1 225/1/1
f 226/1/45 227/1/45 228/1/45
f 226/1/45 228/1/45 229/1/45
f 230/1/32 231/1/100 232/1/32
f 231/1/100 230/1/32 233/1/100
f 232/1/32 234/1/101 230/1/32
f 234/1/101 232/1/32 235/1/102
f 234/1/101 235/1/102 236/1/103
f 237/1/103 236/1/103 235/1/102
f 236/1/103 237/1/103 238/1/45
f 239/1/45 238/1/45 237/1/103
f 238/1/45 239/1/45 240/1/104
f 241/1/104 240/1/104 239/1/45
f 240/1/104 241/1/104 242/1/105
f 243/1/106 242/1/105 241/1/104
f 243/1/106 244/1/41 242/1/105
f 244/1/41 243/1/106 245/1/41
f 245/1/41 246/1/107 244/1/41
f 246/1/107 245/1/41 247/1/108
f 248/1/109 249/1/110 250/1/111
f 251/1/109 250/1/111 249/1/110
f 252/1/112 253/1/103 254/1/113
f 253/1/103 252/1/112 255/1/113
f 256/1/106 257/1/105 258/1/41
f 259/1/45 257/1/105 256/1/106
f 256/1/106 258/1/41 260/1/41
f 257/1/105 259/1/45 261/1/45
f 258/1/41 262/1/114 260/1/41
f 263/1/102 261/1/45 259/1/45
f 262/1/114 258/1/41 264/1/115
f 261/1/45 263/1/102 265/1/101
f 262/1/114 264/1/115 266/1/116
f 267/1/32 265/1/101 263/1/102
f 262/1/114 266/1/116 268/1/117
f 269/1/41 268/1/117 266/1/116
f 266/1/116 270/1/41 269/1/41
f 267/1/32 271/1/32 265/1/101
f 272/1/118 271/1/32 267/1/32
f 272/1/118 273/1/119 271/1/32
f 274/1/120 273/1/119 272/1/118
f 274/1/120 275/1/121 273/1/119
f 274/1/120 276/1/32 275/1/121
f 276/1/32 274/1/120 277/1/32
f 278/1/122 279/1/123 280/1/124
f 279/1/123 278/1/122 281/1/122
f 282/1/125 281/1/122 278/1/122
f 281/1/122 282/1/125 283/1/125
f 284/1/126 285/1/126 286/1/127
f 284/1/126 286/1/127 287/1/128
f 288/1/129 287/1/128 286/1/127
f 287/1/128 288/1/129 289/1/130
f 290/1/131 289/1/130 288/1/129
f 289/1/130 290/1/131 291/1/132
f 292/1/133 293/1/134 294/1/135
f 293/1/134 292/1/133 295/1/136
f 294/1/135 293/1/134 296/1/137
f 295/1/136 297/1/138 293/1/134
f 298/1/139 294/1/135 296/1/137
f 295/1/136 299/1/140 297/1/138
f 294/1/135 298/1/139 300/1/139
f 295/1/136 301/1/141 299/1/140
f 302/1/142 300/1/139 298/1/139
f 303/1/143 299/1/140 301/1/141
f 302/1/142 298/1/139 304/1/144
f 299/1/140 303/1/143 305/1/145
f 302/1/142 304/1/144 306/1/146
f 307/1/147 305/1/145 303/1/143
f 306/1/146 308/1/148 302/1/142
f 305/1/145 307/1/147 309/1/149
f 308/1/148 306/1/146 310/1/150
f 311/1/151 309/1/149 307/1/147
f 310/1/150 312/1/152 308/1/148
f 309/1/149 311/1/151 313/1/153
f 312/1/152 310/1/150 314/1/154
f 315/1/155 313/1/153 311/1/151
f 316/1/154 312/1/152 314/1/154
f 313/1/153 315/1/155 317/1/155
f 318/1/156 317/1/155 315/1/155
f 317/1/155 318/1/156 319/1/156
f 316/1/154 314/1/154 320/1/157
f 320/1/157 321/1/158 316/1/154
f 321/1/158 320/1/157 322/1/159
f 322/1/159 323/1/160 321/1/158
f 324/1/161 325/1/162 326/1/163
f 326/1/163 325/1/162 327/1/164
f 327/1/164 325/1/162 328/1/165
f 329/1/166 324/1/161 326/1/163
f 330/1/167 324/1/161 329/1/166
f 329/1/166 331/1/168 330/1/167
f 330/1/167 331/1/168 332/1/169
f 331/1/168 333/1/170 332/1/169
f 333/1/170 331/1/168 334/1/171
f 334/1/171 335/1/172 333/1/170
f 335/1/172 334/1/171 336/1/173
f 336/1/173 337/1/174 335/1/172
f 337/1/174 336/1/173 338/1/175
f 337/1/174 338/1/175 339/1/176
f 340/1/177 337/1/174 339/1/176
f 340/1/177 339/1/176 341/1/178
f 342/1/179 340/1/177 341/1/178
f 342/1/179 341/1/178 343/1/180
f 344/1/181 342/1/179 343/1/180
f 343/1/180 345/1/182 344/1/181
f 345/1/182 343/1/180 346/1/183
f 345/1/182 346/1/183 347/1/184
f 348/1/185 349/1/186 350/1/187
f 349/1/186 351/1/188 350/1/187
f 348/1/185 350/1/187 352/1/189
f 352/1/189 353/1/190 348/1/185
f 352/1/189 354/1/191 353/1/190
f 355/1/192 353/1/190 354/1/191
f 354/1/191 356/1/193 355/1/192
f 357/1/194 355/1/192 356/1/193
f 355/1/192 357/1/194 358/1/195
f 359/1/196 358/1/195 357/1/194
f 358/1/195 359/1/196 360/1/197
f 361/1/198 360/1/197 359/1/196
f 360/1/197 361/1/198 362/1/199
f 363/1/200 362/1/199 361/1/198
f 361/1/198 364/1/201 363/1/200
f 365/1/202 363/1/200 364/1/201
f 364/1/201 366/1/203 365/1/202
f 367/1/204 365/1/202 366/1/203
f 367/1/204 366/1/203 368/1/205
f 369/1/206 367/1/204 368/1/205
f 367/1/204 369/1/206 370/1/207
f 369/1/206 371/1/208 370/1/207
f 372/1/1 373/1/1 374/1/209
f 374/1/209 373/1/1 375/1/210
f 372/1/1 376/1/211 373/1/1
f 377/1/212 374/1/209 375/1/210
f 378/1/213 376/1/211 372/1/1
f 377/1/212 375/1/210 379/1/214
f 378/1/213 380/1/215 376/1/211
f 379/1/214 381/1/4 377/1/212
f 380/1/215 378/1/213 382/1/216
f 381/1/4 379/1/214 383/1/4
f 382/1/216 383/1/4 380/1/215
f 383/1/4 382/1/216 381/1/4
f 384/1/217 385/1/218 386/1/219
f 387/1/220 386/1/219 385/1/218
f 384/1/217 386/1/219 388/1/221
f 386/1/219 387/1/220 389/1/222
f 390/1/223 384/1/217 388/1/221
f 391/1/224 389/1/222 387/1/220
f 388/1/221 392/1/225 390/1/223
f 389/1/222 391/1/224 393/1/226
f 394/1/227 390/1/223 392/1/225
f 395/1/228 393/1/226 391/1/224
f 392/1/225 396/1/229 394/1/227
f 393/1/226 395/1/228 397/1/230
f 398/1/231 394/1/227 396/1/229
f 399/1/232 397/1/230 395/1/228
f 394/1/227 398/1/231 400/1/233
f 397/1/230 399/1/232 401/1/234
f 402/1/235 400/1/233 398/1/231
f 403/1/236 401/1/234 399/1/232
f 400/1/233 402/1/235 404/1/237
f 403/1/236 399/1/232 405/1/238
f 406/1/239 404/1/237 402/1/235
f 407/1/240 403/1/236 405/1/238
f 407/1/240 405/1/238 408/1/241
f 408/1/241 409/1/242 407/1/240
f 404/1/237 406/1/239 410/1/243
f 406/1/239 411/1/244 410/1/243
f 406/1/239 412/1/245 411/1/244
f 413/1/246 411/1/244 412/1/245
f 411/1/244 413/1/246 414/1/247
f 414/1/247 413/1/246 415/1/248
f 413/1/246 416/1/249 415/1/248
f 417/1/250 415/1/248 416/1/249
f 415/1/248 417/1/250 418/1/251
f 417/1/250 419/1/252 418/1/251
f 417/1/250 420/1/253 419/1/252
f 421/1/254 419/1/252 420/1/253
f 419/1/252 421/1/254 422/1/255
f 421/1/254 423/1/256 422/1/255
f 424/1/257 425/1/258 426/1/259
f 425/1/258 427/1/260 426/1/259
f 425/1/258 424/1/257 428/1/261
f 429/1/262 426/1/259 427/1/260
f 424/1/257 430/1/263 428/1/261
f 427/1/260 431/1/264 429/1/262
f 430/1/263 424/1/257 432/1/265
f 433/1/266 429/1/262 431/1/264
f 432/1/265 434/1/267 430/1/263
f 431/1/264 435/1/268 433/1/266
f 434/1/267 432/1/265 436/1/269
f 435/1/268 431/1/264 437/1/270
f 436/1/269 438/1/271 434/1/267
f 437/1/270 439/1/272 435/1/268
f 438/1/271 436/1/269 440/1/273
f 439/1/272 437/1/270 441/1/274
f 440/1/273 442/1/275 438/1/271
f 441/1/274 443/1/276 439/1/272
f 442/1/275 440/1/273 444/1/277
f 443/1/276 441/1/274 445/1/278
f 442/1/275 444/1/277 446/1/279
f 447/1/280 443/1/276 445/1/278
f 448/1/281 442/1/275 446/1/279
f 447/1/280 449/1/282 443/1/276
f 448/1/281 446/1/279 450/1/283
f 448/1/281 450/1/283 451/1/284
f 451/1/284 450/1/283 452/1/285
f 447/1/280 453/1/286 449/1/282
f 453/1/286 447/1/280 454/1/287
f 453/1/286 454/1/287 455/1/288
f 455/1/288 456/1/289 453/1/286
f 455/1/288 457/1/290 456/1/289
f 457/1/290 455/1/288 458/1/291
f 459/1/292 457/1/290 458/1/291
f 460/1/293 457/1/290 459/1/292
f 459/1/292 461/1/294 460/1/293
f 461/1/294 459/1/292 462/1/295
f 461/1/294 462/1/295 463/1/296
f 464/1/297 465/1/298 466/1/299
f 465/1/298 464/1/297 467/1/300
f 466/1/299 468/1/301 464/1/297
f 467/1/300 464/1/297 469/1/302
f 468/1/301 466/1/299 470/1/303
f 471/1/304 467/1/300 469/1/302
f 470/1/303 472/1/305 468/1/301
f 471/1/304 469/1/302 473/1/304
f 474/1/306 471/1/304 473/1/304
f 474/1/306 473/1/304 475/1/307
f 470/1/303 476/1/308 472/1/305
f 476/1/308 470/1/303 477/1/309
f 477/1/309 478/1/310 476/1/308
f 479/1/311 478/1/310 477/1/309
f 479/1/311 480/1/312 478/1/310
f 481/1/312 480/1/312 479/1/311
f 480/1/312 481/1/312 482/1/313
f 482/1/313 483/1/314 480/1/312
f 482/1/313 484/1/314 483/1/314
f 482/1/313 485/1/313 484/1/314
f 485/1/313 486/1/315 484/1/314
f 486/1/315 485/1/313 487/1/316
f 486/1/315 487/1/316 488/1/317
f 488/1/317 489/1/317 486/1/315
f 490/1/318 491/1/319 492/1/320
f 492/1/320 491/1/319 493/1/319
f 494/1/321 490/1/318 492/1/320
f 495/1/322 494/1/321 492/1/320
f 495/1/322 496/1/323 494/1/321
f 496/1/323 495/1/322 497/1/324
f 498/1/325 496/1/323 497/1/324
f 499/1/326 498/1/325 497/1/324
f 500/1/327 498/1/325 499/1/326
f 501/1/327 498/1/325 500/1/327
f 502/1/328 503/1/329 504/1/330
f 505/1/331 504/1/330 503/1/329
f 503/1/329 502/1/328 506/1/332
f 504/1/330 505/1/331 507/1/333
f 508/1/334 506/1/332 502/1/328
f 509/1/335 507/1/333 505/1/331
f 506/1/332 508/1/334 510/1/334
f 507/1/333 509/1/335 511/1/335
f 512/1/336 510/1/334 508/1/334
f 513/1/337 511/1/335 509/1/335
f 510/1/334 512/1/336 514/1/338
f 511/1/335 513/1/337 515/1/339
f 516/1/340 514/1/338 512/1/336
f 517/1/340 515/1/339 513/1/337
f 514/1/338 516/1/340 517/1/340
f 515/1/339 517/1/340 516/1/340
f 518/1/1 519/1/1 520/1/209
f 518/1/1 521/1/341 519/1/1
f 522/1/342 521/1/341 518/1/1
f 520/1/209 519/1/1 523/1/210
f 524/1/212 520/1/209 523/1/210
f 524/1/212 523/1/210 525/1/214
f 525/1/214 526/1/4 524/1/212
f 526/1/4 525/1/214 527/1/4
f 527/1/4 528/1/343 526/1/4
f 528/1/343 527/1/4 529/1/343
f 530/1/344 531/1/345 532/1/346
f 533/1/347 532/1/346 531/1/345
f 534/1/348 535/1/349 536/1/349
f 535/1/349 534/1/348 537/1/350
f 538/1/351 539/1/352 540/1/353
f 539/1/352 541/1/354 540/1/353
f 539/1/352 538/1/351 542/1/355
f 543/1/356 542/1/355 538/1/351
f 542/1/355 543/1/356 544/1/357
f 545/1/358 544/1/357 543/1/356
f 544/1/357 545/1/358 546/1/359
f 545/1/358 547/1/360 546/1/359
f 547/1/360 545/1/358 548/1/361
f 549/1/362 547/1/360 548/1/361
f 549/1/362 548/1/361 550/1/363
f 551/1/364 549/1/362 550/1/363
f 550/1/363 552/1/365 551/1/364
f 553/1/366 551/1/364 552/1/365
f 552/1/365 554/1/367 553/1/366
f 555/1/368 553/1/366 554/1/367
f 555/1/368 554/1/367 556/1/369
f 556/1/369 557/1/370 555/1/368
f 557/1/370 556/1/369 558/1/370
f 559/1/371 560/1/372 561/1/373
f 560/1/372 559/1/371 562/1/374
f 560/1/372 562/1/374 563/1/375
f 561/1/373 564/1/376 559/1/371
f 564/1/376 561/1/373 565/1/377
f 565/1/377 566/1/378 564/1/376
f 566/1/378 565/1/377 567/1/379
f 567/1/379 568/1/380 566/1/378
f 566/1/378 568/1/380 569/1/381
f 568/1/380 570/1/382 569/1/381
f 571/1/383 569/1/381 570/1/382
f 570/1/382 572/1/384 571/1/383
f 572/1/384 573/1/385 571/1/383
f 574/1/386 573/1/385 572/1/384
f 575/1/387 573/1/385 574/1/386
f 574/1/386 576/1/388 575/1/387
f 575/1/387 576/1/388 577/1/389
f 576/1/388 578/1/390 577/1/389
f 577/1/389 578/1/390 579/1/390
f 580/1/41 581/1/391 582/1/41
f 583/1/41 581/1/391 580/1/41
f 581/1/391 583/1/41 584/1/41
f 585/1/41 581/1/391 584/1/41
f 586/1/41 581/1/391 585/1/41
f 581/1/391 586/1/41 587/1/41
f 588/1/32 589/1/392 590/1/32
f 589/1/392 591/1/32 590/1/32
f 591/1/32 589/1/392 592/1/32
f 593/1/32 589/1/392 588/1/32
f 589/1/392 593/1/32 594/1/32
f 589/1/392 594/1/32 595/1/32
f 596/1/41 597/1/41 598/1/41
f 597/1/41 599/1/41 598/1/41
f 600/1/41 598/1/41 599/1/41
f 598/1/41 601/1/41 596/1/41
f 602/1/41 596/1/41 601/1/41
f 602/1/41 603/1/41 596/1/41
f 603/1/41 602/1/41 604/1/41
f 605/1/32 606/1/32 607/1/32
f 606/1/32 608/1/32 607/1/32
f 608/1/32 606/1/32 609/1/32
f 606/1/32 605/1/32 610/1/32
f 610/1/32 605/1/32 611/1/32
f 612/1/32 611/1/32 605/1/32
f 611/1/32 612/1/32 613/1/32
f 614/1/32 615/1/32 616/1/32
f 615/1/32 614/1/32 617/1/32
f 614/1/32 618/1/32 617/1/32
f 617/1/32 618/1/32 619/1/32
f 620/1/41 621/1/41 622/1/41
f 621/1/41 620/1/41 623/1/41
f 620/1/41 624/1/41 623/1/41
f 623/1/41 624/1/41 625/1/41
f 626/1/32 627/1/32 628/1/32
f 626/1/32 628/1/32 629/1/32
f 630/1/32 627/1/32 626/1/32
f 627/1/32 630/1/32 631/1/32
f 632/1/32 633/1/32 634/1/32
f 632/1/32 634/1/32 635/1/32
f 636/1/32 633/1/32 632/1/32
f 633/1/32 636/1/32 637/1/32
f 638/1/41 639/1/41 640/1/41
f 639/1/41 638/1/41 641/1/41
f 638/1/41 642/1/41 641/1/41
f 641/1/41 642/1/41 643/1/41
f 644/1/41 645/1/41 646/1/41
f 645/1/41 644/1/41 647/1/41
f 644/1/41 648/1/41 647/1/41
f 647/1/41 648/1/41 649/1/41
f 650/1/41 651/1/41 652/1/41
f 652/1/41 651/1/41 653/1/41
f 652/1/41 654/1/41 650/1/41
f 651/1/41 655/1/41 653/1/41
f 656/1/41 650/1/41 654/1/41
f 657/1/41 653/1/41 655/1/41
f 658/1/41 657/1/41 655/1/41
f 659/1/41 657/1/41 658/1/41
f 654/1/41 660/1/41 656/1/41
f 660/1/41 654/1/41 661/1/41
f 661/1/41 662/1/41 660/1/41
f 661/1/41 663/1/41 662/1/41
f 663/1/41 664/1/41 662/1/41
f 664/1/41 663/1/41 665/1/41
f 666/1/41 664/1/41 665/1/41
f 665/1/41 667/1/41 666/1/41
f 667/1/41 668/1/41 666/1/41
f 668/1/41 667/1/41 669/1/41
f 669/1/41 670/1/41 668/1/41
f 671/1/41 668/1/41 670/1/41
f 672/1/41 671/1/41 670/1/41
f 671/1/41 672/1/41 673/1/41
f 672/1/41 674/1/41 673/1/41
f 674/1/41 672/1/41 675/1/41
f 676/1/32 677/1/32 678/1/32
f 679/1/32 676/1/32 678/1/32
f 676/1/32 679/1/32 680/1/32
f 677/1/32 676/1/32 681/1/32
f 681/1/32 682/1/32 677/1/32
f 682/1/32 681/1/32 683/1/32
f 684/1/32 682/1/32 683/1/32
f 682/1/32 684/1/32 685/1/32
f 684/1/32 686/1/32 685/1/32
f 687/1/32 685/1/32 686/1/32
f 687/1/32 686/1/32 688/1/32
f 687/1/32 688/1/32 689/1/32
f 690/1/32 689/1/32 688/1/32
f 689/1/32 690/1/32 691/1/32
f 692/1/32 691/1/32 690/1/32
f 691/1/32 692/1/32 693/1/32
f 694/1/32 693/1/32 692/1/32
f 694/1/32 692/1/32 695/1/32
f 695/1/32 696/1/32 694/1/32
f 696/1/32 695/1/32 697/1/32
f 697/1/32 698/1/32 696/1/32
f 697/1/32 699/1/32 698/1/32
f 700/1/32 698/1/32 699/1/32
f 699/1/32 701/1/32 700/1/32
f 702/1/393 703/1/394 704/1/395
f 705/1/396 704/1/395 703/1/394
f 704/1/395 706/1/397 702/1/393
f 704/1/395 705/1/396 707/1/398
f 706/1/397 708/1/399 702/1/393
f 709/1/400 707/1/398 705/1/396
f 706/1/397 710/1/401 708/1/399
f 709/1/400 705/1/396 711/1/402
f 711/1/402 712/1/403 709/1/400
f 712/1/403 711/1/402 713/1/403
f 710/1/401 714/1/404 708/1/399
f 714/1/404 710/1/401 715/1/405
f 716/1/406 714/1/404 715/1/405
f 714/1/404 716/1/406 717/1/407
f 716/1/406 718/1/408 717/1/407
f 718/1/408 716/1/406 719/1/409
f 720/1/410 718/1/408 719/1/409
f 718/1/408 720/1/410 721/1/411
f 720/1/410 722/1/412 721/1/411
f 723/1/413 724/1/414 725/1/415
f 724/1/414 726/1/416 725/1/415
f 727/1/417 723/1/413 725/1/415
f 724/1/414 728/1/418 726/1/416
f 723/1/413 727/1/417 729/1/419
f 728/1/418 724/1/414 730/1/420
f 731/1/421 729/1/419 727/1/417
f 730/1/420 732/1/422 728/1/418
f 733/1/423 729/1/419 731/1/421
f 728/1/418 732/1/422 734/1/424
f 732/1/422 735/1/425 734/1/424
f 734/1/424 735/1/425 736/1/425
f 731/1/421 737/1/426 733/1/423
f 737/1/426 731/1/421 738/1/427
f 739/1/428 737/1/426 738/1/427
f 737/1/426 739/1/428 740/1/429
f 739/1/428 741/1/430 740/1/429
f 741/1/430 739/1/428 742/1/431
f 741/1/430 742/1/431 743/1/432
f 744/1/32 745/1/32 746/1/32
f 746/1/32 747/1/32 744/1/32
f 745/1/32 748/1/32 746/1/32
f 747/1/32 746/1/32 749/1/32
f 749/1/32 750/1/32 747/1/32
f 750/1/32 749/1/32 751/1/32
f 745/1/32 752/1/32 748/1/32
f 748/1/32 752/1/32 753/1/32
f 752/1/32 754/1/32 753/1/32
f 754/1/32 752/1/32 755/1/32
f 755/1/32 756/1/32 754/1/32
f 756/1/32 755/1/32 757/1/32
f 757/1/32 758/1/32 756/1/32
f 759/1/32 756/1/32 758/1/32
f 758/1/32 760/1/32 759/1/32
f 760/1/32 758/1/32 761/1/32
f 762/1/41 763/1/41 764/1/41
f 764/1/41 765/1/41 762/1/41
f 764/1/41 763/1/41 766/1/41
f 765/1/41 764/1/41 767/1/41
f 768/1/41 766/1/41 763/1/41
f 767/1/41 769/1/41 765/1/41
f 766/1/41 768/1/41 770/1/41
f 769/1/41 767/1/41 771/1/41
f 768/1/41 772/1/41 770/1/41
f 771/1/41 773/1/41 769/1/41
f 772/1/41 768/1/41 774/1/41
f 775/1/41 772/1/41 774/1/41
f 772/1/41 775/1/41 776/1/41
f 769/1/41 773/1/41 777/1/41
f 778/1/41 777/1/41 773/1/41
f 777/1/41 778/1/41 779/1/41
f 780/1/41 781/1/41 782/1/41
f 781/1/41 780/1/41 783/1/41
f 784/1/41 780/1/41 782/1/41
f 784/1/41 782/1/41 785/1/41
f 780/1/41 784/1/41 786/1/41
f 786/1/41 784/1/41 787/1/41
f 788/1/32 789/1/32 790/1/32
f 788/1/32 791/1/32 789/1/32
f 792/1/32 791/1/32 788/1/32
f 791/1/32 792/1/32 793/1/32
f 789/1/32 791/1/32 794/1/32
f 789/1/32 794/1/32 795/1/32
f 796/1/41 797/1/41 798/1/41
f 797/1/41 796/1/41 799/1/41
f 800/1/41 796/1/41 798/1/41
f 800/1/41 798/1/41 801/1/41
f 796/1/41 800/1/41 802/1/41
f 802/1/41 800/1/41 803/1/41
f 804/1/32 805/1/32 806/1/32
f 804/1/32 807/1/32 805/1/32
f 805/1/32 807/1/32 808/1/32
f 807/1/32 804/1/32 809/1/32
f 810/1/32 809/1/32 804/1/32
f 809/1/32 810/1/32 811/1/32
f 812/1/41 813/1/41 814/1/41
f 812/1/41 814/1/41 815/1/41
f 812/1/41 816/1/41 813/1/41
f 813/1/41 816/1/41 817/1/41
f 816/1/41 812/1/41 818/1/41
f 816/1/41 818/1/41 819/1/41
f 820/1/32 821/1/32 822/1/32
f 820/1/32 823/1/32 821/1/32
f 821/1/32 823/1/32 824/1/32
f 825/1/32 823/1/32 820/1/32
f 823/1/32 825/1/32 826/1/32
f 826/1/32 825/1/32 827/1/32
f 828/1/433 829/1/45 830/1/45
f 828/1/433 830/1/45 831/1/433
f 828/1/433 831/1/433 832/1/433
f 832/1/433 833/1/433 828/1/433
f 833/1/433 832/1/433 834/1/45
f 835/1/45 833/1/433 834/1/45
f 836/1/101 837/1/102 838/1/32
f 839/1/32 838/1/32 837/1/102
f 836/1/101 840/1/45 837/1/102
f 838/1/32 839/1/32 841/1/119
f 840/1/45 836/1/101 842/1/45
f 843/1/118 841/1/119 839/1/32
f 842/1/45 844/1/106 840/1/45
f 841/1/119 843/1/118 845/1/61
f 844/1/106 842/1/45 846/1/105
f 847/1/61 845/1/61 843/1/118
f 844/1/106 846/1/105 848/1/41
f 845/1/61 847/1/61 849/1/115
f 850/1/41 848/1/41 846/1/105
f 851/1/114 849/1/115 847/1/61
f 848/1/41 850/1/41 851/1/114
f 849/1/115 851/1/114 850/1/41
f 852/1/434 853/1/435 854/1/436
f 853/1/435 852/1/434 855/1/437
f 856/1/438 854/1/436 853/1/435
f 852/1/434 857/1/439 855/1/437
f 854/1/436 856/1/438 858/1/440
f 852/1/434 859/1/441 857/1/439
f 860/1/442 858/1/440 856/1/438
f 859/1/441 861/1/443 857/1/439
f 860/1/442 856/1/438 862/1/444
f 863/1/445 861/1/443 859/1/441
f 860/1/442 862/1/444 863/1/445
f 863/1/445 862/1/444 861/1/443
f 864/1/32 865/1/32 866/1/32
f 867/1/32 865/1/32 864/1/32
f 868/1/32 865/1/32 867/1/32
f 865/1/32 868/1/32 869/1/32
f 868/1/32 870/1/32 869/1/32
f 870/1/32 868/1/32 871/1/32
f 871/1/32 872/1/32 870/1/32
f 872/1/32 871/1/32 873/1/32
f 873/1/32 874/1/32 872/1/32
f 874/1/32 873/1/32 875/1/32
f 875/1/32 876/1/32 874/1/32
f 876/1/32 875/1/32 877/1/32
f 878/1/32 876/1/32 877/1/32
f 876/1/32 878/1/32 879/1/32
f 880/1/41 881/1/41 882/1/41
f 882/1/41 881/1/41 883/1/41
f 882/1/41 883/1/41 884/1/41
f 880/1/41 882/1/41 885/1/41
f 885/1/41 886/1/41 880/1/41
f 880/1/41 886/1/41 887/1/41
f 888/1/41 887/1/41 886/1/41
f 888/1/41 889/1/41 887/1/41
f 888/1/41 890/1/41 889/1/41
f 891/1/41 889/1/41 890/1/41
f 892/1/41 891/1/41 890/1/41
f 892/1/41 893/1/41 891/1/41
f 892/1/41 894/1/41 893/1/41
f 894/1/41 892/1/41 895/1/41
f 896/1/446 897/1/41 898/1/41
f 897/1/41 896/1/446 899/1/447
f 900/1/41 898/1/41 897/1/41
f 897/1/41 901/1/41 900/1/41
f 902/1/32 903/1/32 904/1/32
f 903/1/32 902/1/32 905/1/32
f 902/1/32 906/1/448 905/1/32
f 906/1/448 902/1/32 907/1/449
f 908/1/450 909/1/451 910/1/451
f 909/1/451 908/1/450 911/1/451
f 911/1/451 908/1/450 912/1/452
f 913/1/453 914/1/454 915/1/455
f 913/1/453 916/1/454 914/1/454
f 916/1/454 913/1/453 917/1/454
f 918/1/456 919/1/457 920/1/456
f 920/1/456 921/1/456 918/1/456
f 922/1/458 923/1/459 924/1/458
f 923/1/459 922/1/458 925/1/458
f 926/1/450 927/1/451 928/1/451
f 927/1/451 926/1/450 929/1/451
f 929/1/451 926/1/450 930/1/451
f 931/1/453 932/1/454 933/1/454
f 931/1/453 934/1/454 932/1/454
f 934/1/454 931/1/453 935/1/454
f 936/1/173 937/1/460 938/1/172
f 937/1/460 936/1/173 939/1/175
f 940/1/171 936/1/173 938/1/172
f 941/1/461 937/1/460 939/1/175
f 938/1/172 942/1/170 940/1/171
f 937/1/460 941/1/461 943/1/462
f 942/1/170 944/1/168 940/1/171
f 945/1/178 943/1/462 941/1/461
f 942/1/170 946/1/169 944/1/168
f 943/1/462 945/1/178 947/1/179
f 948/1/167 944/1/168 946/1/169
f 949/1/180 947/1/179 945/1/178
f 944/1/168 948/1/167 950/1/166
f 947/1/179 949/1/180 951/1/181
f 952/1/161 950/1/166 948/1/167
f 953/1/182 951/1/181 949/1/180
f 949/1/180 954/1/183 953/1/182
f 954/1/183 955/1/184 953/1/182
f 950/1/166 952/1/161 956/1/163
f 957/1/162 956/1/163 952/1/161
f 956/1/163 957/1/162 958/1/463
f 957/1/162 959/1/464 958/1/463
f 960/1/41 961/1/41 962/1/41
f 963/1/41 961/1/41 960/1/41
f 961/1/41 963/1/41 964/1/41
f 961/1/41 964/1/41 965/1/41
f 966/1/32 967/1/32 968/1/32
f 967/1/32 966/1/32 969/1/32
f 967/1/32 970/1/32 968/1/32
f 970/1/32 967/1/32 971/1/32
f 972/1/41 973/1/41 974/1/41
f 975/1/41 973/1/41 972/1/41
f 973/1/41 975/1/41 976/1/41
f 973/1/41 976/1/41 977/1/41
f 978/1/32 979/1/32 980/1/32
f 979/1/32 978/1/32 981/1/32
f 979/1/32 982/1/32 980/1/32
f 982/1/32 979/1/32 983/1/32
f 984/1/197 985/1/198 986/1/199
f 985/1/198 987/1/200 986/1/199
f 988/1/196 985/1/198 984/1/197
f 987/1/200 985/1/198 989/1/201
f 988/1/196 984/1/197 990/1/195
f 989/1/201 991/1/202 987/1/200
f 992/1/194 988/1/196 990/1/195
f 991/1/202 989/1/201 993/1/203
f 994/1/192 992/1/194 990/1/195
f 993/1/203 995/1/204 991/1/202
f 992/1/194 994/1/192 996/1/193
f 995/1/204 993/1/203 997/1/205
f 994/1/192 998/1/191 996/1/193
f 997/1/205 999/1/206 995/1/204
f 1000/1/207 995/1/204 999/1/206
f 1000/1/207 999/1/206 1001/1/465
f 998/1/191 994/1/192 1002/1/190
f 1002/1/190 1003/1/189 998/1/191
f 1003/1/189 1002/1/190 1004/1/185
f 1004/1/185 1005/1/187 1003/1/189
f 1005/1/187 1004/1/185 1006/1/466
f 1005/1/187 1006/1/466 1007/1/467
f 1008/1/32 1009/1/102 1010/1/32
f 1009/1/102 1008/1/32 1011/1/101
f 1010/1/32 1012/1/119 1008/1/32
f 1009/1/102 1011/1/101 1013/1/45
f 1012/1/119 1010/1/32 1014/1/118
f 1015/1/45 1013/1/45 1011/1/101
f 1014/1/118 1016/1/61 1012/1/119
f 1013/1/45 1015/1/45 1017/1/106
f 1016/1/61 1014/1/118 1018/1/61
f 1019/1/105 1017/1/106 1015/1/45
f 1018/1/61 1020/1/115 1016/1/61
f 1019/1/105 1021/1/41 1017/1/106
f 1020/1/115 1018/1/61 1022/1/114
f 1021/1/41 1019/1/105 1023/1/41
f 1022/1/114 1023/1/41 1020/1/115
f 1023/1/41 1022/1/114 1021/1/41
f 1024/1/468 1025/1/469 1026/1/470
f 1027/1/471 1026/1/470 1025/1/469
f 1025/1/469 1024/1/468 1028/1/472
f 1025/1/469 1029/1/473 1027/1/471
f 1030/1/474 1028/1/472 1024/1/468
f 1031/1/475 1027/1/471 1029/1/473
f 1028/1/472 1030/1/474 1032/1/476
f 1029/1/473 1033/1/477 1031/1/475
f 1034/1/478 1032/1/476 1030/1/474
f 1035/1/479 1031/1/475 1033/1/477
f 1032/1/476 1034/1/478 1036/1/480
f 1031/1/475 1035/1/479 1037/1/481
f 1038/1/482 1036/1/480 1034/1/478
f 1035/1/479 1039/1/483 1037/1/481
f 1036/1/480 1038/1/482 1040/1/484
f 1039/1/483 1035/1/479 1041/1/485
f 1042/1/486 1040/1/484 1038/1/482
f 1043/1/487 1039/1/483 1041/1/485
f 1040/1/484 1042/1/486 1044/1/488
f 1039/1/483 1043/1/487 1045/1/489
f 1042/1/486 1046/1/490 1044/1/488
f 1047/1/491 1045/1/489 1043/1/487
f 1042/1/486 1048/1/492 1046/1/490
f 1047/1/491 1043/1/487 1049/1/493
f 1050/1/494 1046/1/490 1048/1/492
f 1050/1/494 1048/1/492 1051/1/495
f 1051/1/495 1052/1/496 1050/1/494
f 1053/1/497 1047/1/491 1049/1/493
f 1047/1/491 1053/1/497 1054/1/498
f 1053/1/497 1055/1/499 1054/1/498
f 1053/1/497 1056/1/500 1055/1/499
f 1057/1/501 1055/1/499 1056/1/500
f 1055/1/499 1057/1/501 1058/1/502
f 1059/1/503 1058/1/502 1057/1/501
f 1058/1/502 1059/1/503 1060/1/504
f 1061/1/505 1060/1/504 1059/1/503
f 1060/1/504 1061/1/505 1062/1/506
f 1061/1/505 1063/1/507 1062/1/506
f 1064/1/508 1065/1/509 1066/1/510
f 1065/1/509 1064/1/508 1067/1/511
f 1066/1/510 1068/1/512 1064/1/508
f 1067/1/511 1069/1/513 1065/1/509
f 1068/1/512 1066/1/510 1070/1/514
f 1069/1/513 1071/1/515 1065/1/509
f 1070/1/514 1072/1/516 1068/1/512
f 1069/1/513 1073/1/517 1071/1/515
f 1072/1/516 1070/1/514 1074/1/518
f 1075/1/519 1071/1/515 1073/1/517
f 1074/1/518 1076/1/520 1072/1/516
f 1073/1/517 1077/1/521 1075/1/519
f 1076/1/520 1074/1/518 1078/1/522
f 1077/1/521 1073/1/517 1079/1/523
f 1078/1/522 1080/1/524 1076/1/520
f 1081/1/525 1077/1/521 1079/1/523
f 1080/1/524 1078/1/522 1082/1/526
f 1083/1/527 1077/1/521 1081/1/525
f 1082/1/526 1084/1/528 1080/1/524
f 1081/1/525 1085/1/529 1083/1/527
f 1080/1/524 1084/1/528 1086/1/530
f 1085/1/529 1081/1/525 1087/1/531
f 1084/1/528 1088/1/532 1086/1/530
f 1086/1/530 1088/1/532 1089/1/533
f 1089/1/533 1088/1/532 1090/1/534
f 1091/1/535 1085/1/529 1087/1/531
f 1092/1/536 1085/1/529 1091/1/535
f 1091/1/535 1093/1/537 1092/1/536
f 1093/1/537 1091/1/535 1094/1/538
f 1094/1/538 1095/1/539 1093/1/537
f 1096/1/540 1093/1/537 1095/1/539
f 1095/1/539 1097/1/541 1096/1/540
f 1097/1/541 1095/1/539 1098/1/542
f 1098/1/542 1099/1/543 1097/1/541
f 1099/1/543 1098/1/542 1100/1/544
f 1100/1/544 1101/1/545 1099/1/543
f 1101/1/545 1100/1/544 1102/1/546
f 1101/1/545 1102/1/546 1103/1/547
f 1104/1/41 1105/1/41 1106/1/41
f 1106/1/41 1105/1/41 1107/1/41
f 1105/1/41 1104/1/41 1108/1/41
f 1109/1/32 1110/1/32 1111/1/32
f 1112/1/32 1110/1/32 1109/1/32
f 1110/1/32 1112/1/32 1113/1/32
f 1114/1/41 1115/1/41 1116/1/41
f 1116/1/41 1115/1/41 1117/1/41
f 1115/1/41 1114/1/41 1118/1/41
f 1119/1/32 1120/1/32 1121/1/32
f 1122/1/32 1120/1/32 1119/1/32
f 1120/1/32 1122/1/32 1123/1/32
f 1124/1/548 1125/1/330 1126/1/330
f 1127/1/331 1126/1/330 1125/1/330
f 1125/1/330 1124/1/548 1128/1/332
f 1126/1/330 1127/1/331 1129/1/333
f 1130/1/549 1128/1/332 1124/1/548
f 1131/1/550 1129/1/333 1127/1/331
f 1128/1/332 1130/1/549 1132/1/334
f 1129/1/333 1131/1/550 1133/1/551
f 1134/1/336 1132/1/334 1130/1/549
f 1135/1/337 1133/1/551 1131/1/550
f 1132/1/334 1134/1/336 1136/1/338
f 1133/1/551 1135/1/337 1137/1/552
f 1138/1/553 1136/1/338 1134/1/336
f 1139/1/340 1137/1/552 1135/1/337
f 1136/1/338 1138/1/553 1139/1/340
f 1137/1/552 1139/1/340 1138/1/553
f 1140/1/264 1141/1/262 1142/1/554
f 1143/1/259 1142/1/554 1141/1/262
f 1141/1/262 1140/1/264 1144/1/266
f 1142/1/554 1143/1/259 1145/1/258
f 1140/1/264 1146/1/268 1144/1/266
f 1147/1/257 1145/1/258 1143/1/259
f 1146/1/268 1140/1/264 1148/1/270
f 1145/1/258 1147/1/257 1149/1/261
f 1148/1/270 1150/1/272 1146/1/268
f 1151/1/555 1149/1/261 1147/1/257
f 1150/1/272 1148/1/270 1152/1/274
f 1147/1/257 1153/1/556 1151/1/555
f 1154/1/276 1150/1/272 1152/1/274
f 1155/1/267 1151/1/555 1153/1/556
f 1156/1/278 1154/1/276 1152/1/274
f 1155/1/267 1153/1/556 1157/1/269
f 1158/1/280 1154/1/276 1156/1/278
f 1159/1/271 1155/1/267 1157/1/269
f 1154/1/276 1158/1/280 1160/1/282
f 1159/1/271 1157/1/269 1161/1/273
f 1162/1/286 1160/1/282 1158/1/280
f 1163/1/275 1159/1/271 1161/1/273
f 1162/1/286 1158/1/280 1164/1/287
f 1161/1/273 1165/1/277 1163/1/275
f 1166/1/288 1162/1/286 1164/1/287
f 1167/1/279 1163/1/275 1165/1/277
f 1162/1/286 1166/1/288 1168/1/289
f 1163/1/275 1167/1/279 1169/1/281
f 1166/1/288 1170/1/557 1168/1/289
f 1171/1/283 1169/1/281 1167/1/279
f 1169/1/281 1171/1/283 1172/1/284
f 1171/1/283 1173/1/285 1172/1/284
f 1166/1/288 1174/1/291 1170/1/557
f 1175/1/558 1170/1/557 1174/1/291
f 1170/1/557 1175/1/558 1176/1/559
f 1175/1/558 1177/1/294 1176/1/559
f 1177/1/294 1175/1/558 1178/1/560
f 1178/1/560 1179/1/296 1177/1/294
f 1180/1/227 1181/1/561 1182/1/229
f 1182/1/229 1183/1/231 1180/1/227
f 1181/1/561 1180/1/227 1184/1/223
f 1180/1/227 1183/1/231 1185/1/233
f 1184/1/223 1186/1/562 1181/1/561
f 1187/1/235 1185/1/233 1183/1/231
f 1186/1/562 1184/1/223 1188/1/563
f 1185/1/233 1187/1/235 1189/1/237
f 1188/1/563 1190/1/219 1186/1/562
f 1187/1/235 1191/1/239 1189/1/237
f 1190/1/219 1188/1/563 1192/1/564
f 1191/1/239 1193/1/243 1189/1/237
f 1190/1/219 1192/1/564 1194/1/565
f 1191/1/239 1195/1/244 1193/1/243
f 1196/1/566 1190/1/219 1194/1/565
f 1195/1/244 1191/1/239 1197/1/245
f 1194/1/565 1198/1/224 1196/1/566
f 1195/1/244 1197/1/245 1199/1/246
f 1200/1/226 1196/1/566 1198/1/224
f 1201/1/247 1195/1/244 1199/1/246
f 1198/1/224 1202/1/228 1200/1/226
f 1199/1/246 1203/1/248 1201/1/247
f 1204/1/567 1200/1/226 1202/1/228
f 1203/1/248 1199/1/246 1205/1/249
f 1204/1/567 1202/1/228 1206/1/232
f 1207/1/250 1203/1/248 1205/1/249
f 1208/1/234 1204/1/567 1206/1/232
f 1203/1/248 1207/1/250 1209/1/251
f 1206/1/232 1210/1/236 1208/1/234
f 1207/1/250 1211/1/568 1209/1/251
f 1210/1/236 1206/1/232 1212/1/238
f 1211/1/568 1207/1/250 1213/1/569
f 1212/1/238 1214/1/570 1210/1/236
f 1214/1/570 1212/1/238 1215/1/241
f 1214/1/570 1215/1/241 1216/1/571
f 1213/1/569 1217/1/254 1211/1/568
f 1211/1/568 1217/1/254 1218/1/572
f 1218/1/572 1217/1/254 1219/1/256
f 1220/1/61 1221/1/114 1222/1/61
f 1221/1/114 1220/1/61 1223/1/115
f 1222/1/61 1224/1/119 1220/1/61
f 1223/1/115 1225/1/41 1221/1/114
f 1224/1/119 1222/1/61 1226/1/118
f 1225/1/41 1223/1/115 1227/1/41
f 1226/1/118 1228/1/32 1224/1/119
f 1227/1/41 1229/1/106 1225/1/41
f 1228/1/32 1226/1/118 1230/1/32
f 1229/1/106 1227/1/41 1231/1/105
f 1230/1/32 1232/1/101 1228/1/32
f 1233/1/45 1229/1/106 1231/1/105
f 1232/1/101 1230/1/32 1234/1/102
f 1235/1/45 1233/1/45 1231/1/105
f 1232/1/101 1234/1/102 1235/1/45
f 1234/1/102 1233/1/45 1235/1/45
f 1236/1/548 1237/1/329 1238/1/329
f 1239/1/331 1238/1/329 1237/1/329
f 1237/1/329 1236/1/548 1240/1/332
f 1238/1/329 1239/1/331 1241/1/333
f 1242/1/549 1240/1/332 1236/1/548
f 1243/1/550 1241/1/333 1239/1/331
f 1240/1/332 1242/1/549 1244/1/549
f 1241/1/333 1243/1/550 1245/1/551
f 1246/1/336 1244/1/549 1242/1/549
f 1247/1/337 1245/1/551 1243/1/550
f 1244/1/549 1246/1/336 1248/1/338
f 1245/1/551 1247/1/337 1249/1/552
f 1250/1/340 1248/1/338 1246/1/336
f 1251/1/553 1249/1/552 1247/1/337
f 1248/1/338 1250/1/340 1251/1/553
f 1249/1/552 1251/1/553 1250/1/340
f 1252/1/118 1253/1/119 1254/1/32
f 1255/1/120 1253/1/119 1252/1/118
f 1252/1/118 1254/1/32 1256/1/32
f 1256/1/32 1254/1/32 1257/1/573
f 1256/1/32 1257/1/573 1258/1/574
f 1255/1/120 1259/1/575 1253/1/119
f 1260/1/32 1259/1/575 1255/1/120
f 1261/1/32 1259/1/575 1260/1/32
f 1262/1/41 1263/1/41 1264/1/115
f 1265/1/576 1263/1/41 1262/1/41
f 1265/1/576 1266/1/577 1263/1/41
f 1262/1/41 1264/1/115 1267/1/114
f 1267/1/114 1264/1/115 1268/1/578
f 1267/1/114 1268/1/578 1269/1/579
f 1270/1/41 1269/1/579 1268/1/578
f 1268/1/578 1271/1/41 1270/1/41
f 1272/1/580 1273/1/581 1274/1/582
f 1273/1/581 1275/1/580 1274/1/582
f 1276/1/583 1273/1/581 1272/1/580
f 1277/1/584 1278/1/585 1279/1/586
f 1278/1/585 1280/1/584 1279/1/586
f 1280/1/584 1278/1/585 1281/1/587
f 1282/1/588 1283/1/589 1284/1/590
f 1282/1/588 1284/1/590 1285/1/591
f 1283/1/589 1282/1/588 1286/1/592
f 1287/1/593 1282/1/588 1285/1/591
f 1286/1/592 1288/1/594 1283/1/589
f 1289/1/595 1287/1/593 1285/1/591
f 1283/1/589 1288/1/594 1290/1/596
f 1291/1/597 1287/1/593 1289/1/595
f 1288/1/594 1292/1/598 1290/1/596
f 1291/1/597 1289/1/595 1293/1/599
f 1292/1/598 1288/1/594 1294/1/600
f 1295/1/601 1291/1/597 1293/1/599
f 1296/1/602 1292/1/598 1294/1/600
f 1293/1/599 1297/1/603 1295/1/601
f 1297/1/603 1293/1/599 1298/1/604
f 1297/1/603 1298/1/604 1299/1/605
f 1300/1/606 1292/1/598 1296/1/602
f 1296/1/602 1301/1/607 1300/1/606
f 1300/1/606 1301/1/607 1302/1/608
f 1301/1/607 1303/1/609 1302/1/608
f 1302/1/608 1303/1/609 1304/1/610
f 1304/1/610 1303/1/609 1305/1/611
f 1306/1/612 1307/1/613 1308/1/614
f 1309/1/615 1308/1/614 1307/1/613
f 1307/1/613 1306/1/612 1310/1/616
f 1309/1/615 1307/1/613 1311/1/617
f 1312/1/618 1310/1/616 1306/1/612
f 1313/1/619 1309/1/615 1311/1/617
f 1306/1/612 1314/1/620 1312/1/618
f 1309/1/615 1313/1/619 1315/1/621
f 1316/1/622 1312/1/618 1314/1/620
f 1317/1/623 1315/1/621 1313/1/619
f 1314/1/620 1318/1/624 1316/1/622
f 1313/1/619 1319/1/625 1317/1/623
f 1320/1/626 1316/1/622 1318/1/624
f 1321/1/627 1317/1/623 1319/1/625
f 1320/1/626 1318/1/624 1322/1/628
f 1321/1/627 1319/1/625 1323/1/629
f 1324/1/630 1320/1/626 1322/1/628
f 1320/1/626 1324/1/630 1325/1/631
f 1324/1/630 1326/1/632 1325/1/631
f 1323/1/629 1327/1/633 1321/1/627
f 1323/1/629 1328/1/634 1327/1/633
f 1328/1/634 1329/1/635 1327/1/633
f 1330/1/580 1331/1/581 1332/1/580
f 1331/1/581 1333/1/636 1332/1/580
f 1334/1/580 1331/1/581 1330/1/580
f 1335/1/637 1336/1/585 1337/1/584
f 1336/1/585 1338/1/584 1337/1/584
f 1338/1/584 1336/1/585 1339/1/584
f 1340/1/638 1341/1/639 1342/1/639
f 1341/1/639 1340/1/638 1343/1/638
f 1344/1/41 1345/1/41 1346/1/41
f 1347/1/41 1346/1/41 1345/1/41
f 1348/1/41 1346/1/41 1347/1/41
f 1346/1/41 1348/1/41 1349/1/41
f 1350/1/41 1351/1/41 1352/1/41
f 1353/1/41 1352/1/41 1351/1/41
f 1354/1/41 1352/1/41 1353/1/41
f 1352/1/41 1354/1/41 1355/1/41
f 1356/1/328 1357/1/329 1358/1/329
f 1359/1/331 1358/1/329 1357/1/329
f 1357/1/329 1356/1/328 1360/1/640
f 1358/1/329 1359/1/331 1361/1/333
f 1362/1/549 1360/1/640 1356/1/328
f 1363/1/550 1361/1/333 1359/1/331
f 1360/1/640 1362/1/549 1364/1/549
f 1361/1/333 1363/1/550 1365/1/551
f 1366/1/641 1364/1/549 1362/1/549
f 1367/1/337 1365/1/551 1363/1/550
f 1364/1/549 1366/1/641 1368/1/338
f 1365/1/551 1367/1/337 1369/1/339
f 1370/1/340 1368/1/338 1366/1/641
f 1371/1/553 1369/1/339 1367/1/337
f 1368/1/338 1370/1/340 1371/1/553
f 1369/1/339 1371/1/553 1370/1/340
f 1372/1/32 1373/1/32 1374/1/32
f 1373/1/32 1372/1/32 1375/1/32
f 1374/1/32 1373/1/32 1376/1/32
f 1377/1/32 1376/1/32 1373/1/32
f 1378/1/32 1379/1/32 1380/1/32
f 1379/1/32 1378/1/32 1381/1/32
f 1380/1/32 1379/1/32 1382/1/32
f 1383/1/32 1382/1/32 1379/1/32
f 1384/1/642 1385/1/61 1386/1/642
f 1385/1/61 1387/1/61 1386/1/642
f 1384/1/642 1386/1/642 1388/1/642
f 1388/1/642 1389/1/642 1384/1/642
f 1388/1/642 1390/1/61 1389/1/642
f 1391/1/61 1389/1/642 1390/1/61
f 1392/1/384 1393/1/643 1394/1/382
f 1395/1/381 1394/1/382 1393/1/643
f 1393/1/643 1392/1/384 1396/1/385
f 1394/1/382 1395/1/381 1397/1/380
f 1398/1/386 1396/1/385 1392/1/384
f 1399/1/378 1397/1/380 1395/1/381
f 1396/1/385 1398/1/386 1400/1/387
f 1397/1/380 1399/1/378 1401/1/379
f 1402/1/388 1400/1/387 1398/1/386
f 1403/1/377 1401/1/379 1399/1/378
f 1400/1/387 1402/1/388 1404/1/389
f 1405/1/390 1404/1/389 1402/1/388
f 1404/1/389 1405/1/390 1406/1/390
f 1403/1/377 1399/1/378 1407/1/376
f 1407/1/376 1408/1/373 1403/1/377
f 1408/1/373 1407/1/376 1409/1/644
f 1410/1/645 1408/1/373 1409/1/644
f 1410/1/645 1409/1/644 1411/1/646
f 1411/1/646 1412/1/375 1410/1/645
f 1413/1/364 1414/1/647 1415/1/365
f 1414/1/647 1413/1/364 1416/1/362
f 1415/1/365 1417/1/366 1413/1/364
f 1416/1/362 1418/1/361 1414/1/647
f 1417/1/366 1415/1/365 1419/1/648
f 1418/1/361 1416/1/362 1420/1/360
f 1419/1/648 1421/1/368 1417/1/366
f 1420/1/360 1422/1/358 1418/1/361
f 1421/1/368 1419/1/648 1423/1/369
f 1423/1/369 1424/1/370 1421/1/368
f 1424/1/370 1423/1/369 1425/1/370
f 1422/1/358 1420/1/360 1426/1/359
f 1426/1/359 1427/1/357 1422/1/358
f 1422/1/358 1427/1/357 1428/1/356
f 1427/1/357 1429/1/355 1428/1/356
f 1428/1/356 1429/1/355 1430/1/649
f 1429/1/355 1431/1/650 1430/1/649
f 1432/1/651 1430/1/649 1431/1/650
f 1432/1/651 1431/1/650 1433/1/354
f 1434/1/431 1435/1/430 1436/1/428
f 1434/1/431 1437/1/652 1435/1/430
f 1436/1/428 1435/1/430 1438/1/429
f 1439/1/426 1436/1/428 1438/1/429
f 1436/1/428 1439/1/426 1440/1/427
f 1439/1/426 1441/1/421 1440/1/427
f 1439/1/426 1442/1/423 1441/1/421
f 1443/1/419 1441/1/421 1442/1/423
f 1441/1/421 1443/1/419 1444/1/417
f 1445/1/413 1444/1/417 1443/1/419
f 1444/1/417 1445/1/413 1446/1/415
f 1447/1/414 1446/1/415 1445/1/413
f 1446/1/415 1447/1/414 1448/1/653
f 1447/1/414 1449/1/418 1448/1/653
f 1449/1/418 1447/1/414 1450/1/420
f 1451/1/422 1449/1/418 1450/1/420
f 1449/1/418 1451/1/422 1452/1/424
f 1453/1/425 1452/1/424 1451/1/422
f 1452/1/424 1453/1/425 1454/1/425
f 1455/1/409 1456/1/410 1457/1/408
f 1457/1/408 1456/1/410 1458/1/411
f 1458/1/411 1456/1/410 1459/1/654
f 1457/1/408 1460/1/406 1455/1/409
f 1460/1/406 1457/1/408 1461/1/407
f 1462/1/404 1460/1/406 1461/1/407
f 1463/1/405 1460/1/406 1462/1/404
f 1462/1/404 1464/1/401 1463/1/405
f 1464/1/401 1462/1/404 1465/1/399
f 1465/1/399 1466/1/397 1464/1/401
f 1466/1/397 1465/1/399 1467/1/393
f 1467/1/393 1468/1/395 1466/1/397
f 1468/1/395 1467/1/393 1469/1/394
f 1470/1/396 1468/1/395 1469/1/394
f 1468/1/395 1470/1/396 1471/1/398
f 1470/1/396 1472/1/400 1471/1/398
f 1472/1/400 1470/1/396 1473/1/402
f 1473/1/402 1474/1/403 1472/1/400
f 1474/1/403 1473/1/402 1475/1/655
f 1476/1/61 1477/1/61 1478/1/61
f 1477/1/61 1476/1/61 1479/1/61
f 1480/1/517 1481/1/515 1482/1/513
f 1481/1/515 1480/1/517 1483/1/656
f 1484/1/509 1482/1/513 1481/1/515
f 1485/1/657 1483/1/656 1480/1/517
f 1482/1/513 1484/1/509 1486/1/511
f 1485/1/657 1480/1/517 1487/1/658
f 1484/1/509 1488/1/508 1486/1/511
f 1489/1/525 1485/1/657 1487/1/658
f 1484/1/509 1490/1/510 1488/1/508
f 1485/1/657 1489/1/525 1491/1/527
f 1492/1/512 1488/1/508 1490/1/510
f 1493/1/529 1491/1/527 1489/1/525
f 1490/1/510 1494/1/514 1492/1/512
f 1489/1/525 1495/1/531 1493/1/529
f 1496/1/516 1492/1/512 1494/1/514
f 1497/1/535 1493/1/529 1495/1/531
f 1496/1/516 1494/1/514 1498/1/659
f 1493/1/529 1497/1/535 1499/1/536
f 1500/1/660 1496/1/516 1498/1/659
f 1501/1/537 1499/1/536 1497/1/535
f 1500/1/660 1498/1/659 1502/1/522
f 1501/1/537 1497/1/535 1503/1/538
f 1502/1/522 1504/1/524 1500/1/660
f 1505/1/539 1501/1/537 1503/1/538
f 1502/1/522 1506/1/526 1504/1/524
f 1501/1/537 1505/1/539 1507/1/540
f 1508/1/661 1504/1/524 1506/1/526
f 1505/1/539 1509/1/541 1507/1/540
f 1504/1/524 1508/1/661 1510/1/662
f 1505/1/539 1511/1/542 1509/1/541
f 1512/1/532 1510/1/662 1508/1/661
f 1510/1/662 1512/1/532 1513/1/533
f 1512/1/532 1514/1/663 1513/1/533
f 1515/1/543 1509/1/541 1511/1/542
f 1515/1/543 1511/1/542 1516/1/544
f 1516/1/544 1517/1/545 1515/1/543
f 1517/1/545 1516/1/544 1518/1/546
f 1518/1/546 1519/1/664 1517/1/545
f 1520/1/475 1521/1/473 1522/1/477
f 1523/1/665 1520/1/475 1522/1/477
f 1521/1/473 1520/1/475 1524/1/471
f 1520/1/475 1523/1/665 1525/1/666
f 1524/1/471 1526/1/469 1521/1/473
f 1523/1/665 1527/1/483 1525/1/666
f 1526/1/469 1524/1/471 1528/1/470
f 1527/1/483 1523/1/665 1529/1/485
f 1530/1/468 1526/1/469 1528/1/470
f 1529/1/485 1531/1/487 1527/1/483
f 1526/1/469 1530/1/468 1532/1/472
f 1531/1/487 1533/1/489 1527/1/483
f 1532/1/472 1530/1/468 1534/1/474
f 1531/1/487 1535/1/491 1533/1/489
f 1536/1/476 1532/1/472 1534/1/474
f 1535/1/491 1531/1/487 1537/1/493
f 1534/1/474 1538/1/478 1536/1/476
f 1537/1/493 1539/1/497 1535/1/491
f 1540/1/667 1536/1/476 1538/1/478
f 1541/1/498 1535/1/491 1539/1/497
f 1538/1/478 1542/1/482 1540/1/667
f 1539/1/497 1543/1/499 1541/1/498
f 1544/1/484 1540/1/667 1542/1/482
f 1543/1/499 1539/1/497 1545/1/500
f 1546/1/486 1544/1/484 1542/1/482
f 1547/1/501 1543/1/499 1545/1/500
f 1544/1/484 1546/1/486 1548/1/488
f 1543/1/499 1547/1/501 1549/1/502
f 1546/1/486 1550/1/668 1548/1/488
f 1547/1/501 1551/1/503 1549/1/502
f 1550/1/668 1546/1/486 1552/1/669
f 1549/1/502 1551/1/503 1553/1/504
f 1552/1/669 1554/1/494 1550/1/668
f 1554/1/494 1552/1/669 1555/1/495
f 1554/1/494 1555/1/495 1556/1/670
f 1551/1/503 1557/1/505 1553/1/504
f 1553/1/504 1557/1/505 1558/1/506
f 1558/1/506 1557/1/505 1559/1/671
f 1560/1/672 1561/1/673 1562/1/674
f 1561/1/673 1560/1/672 1563/1/675
f 1560/1/672 1562/1/674 1564/1/676
f 1564/1/676 1565/1/677 1560/1/672
f 1564/1/676 1566/1/678 1565/1/677
f 1567/1/679 1565/1/677 1566/1/678
f 1566/1/678 1568/1/680 1567/1/679
f 1569/1/680 1568/1/680 1566/1/678
f 1569/1/680 1570/1/681 1568/1/680
f 1570/1/681 1571/1/682 1568/1/680
f 1571/1/682 1570/1/681 1572/1/683
f 1572/1/683 1573/1/684 1571/1/682
f 1572/1/683 1574/1/685 1573/1/684
f 1574/1/685 1575/1/686 1573/1/684
f 1574/1/685 1576/1/687 1575/1/686
f 1576/1/687 1574/1/685 1577/1/688
f 1577/1/688 1578/1/689 1576/1/687
f 1578/1/689 1577/1/688 1579/1/690
f 1580/1/691 1578/1/689 1579/1/690
f 1578/1/689 1580/1/691 1581/1/692
f 1582/1/693 1581/1/692 1580/1/691
f 1581/1/692 1582/1/693 1583/1/693
f 1584/1/694 1583/1/693 1582/1/693
f 1583/1/693 1584/1/694 1585/1/695
f 1586/1/633 1587/1/629 1588/1/634
f 1586/1/633 1588/1/634 1589/1/696
f 1587/1/629 1586/1/633 1590/1/627
f 1590/1/627 1591/1/625 1587/1/629
f 1591/1/625 1590/1/627 1592/1/623
f 1592/1/623 1593/1/619 1591/1/625
f 1593/1/619 1592/1/623 1594/1/621
f 1595/1/615 1593/1/619 1594/1/621
f 1593/1/619 1595/1/615 1596/1/617
f 1595/1/615 1597/1/613 1596/1/617
f 1597/1/613 1595/1/615 1598/1/697
f 1598/1/697 1599/1/612 1597/1/613
f 1597/1/613 1599/1/612 1600/1/616
f 1599/1/612 1601/1/618 1600/1/616
f 1601/1/618 1599/1/612 1602/1/698
f 1602/1/698 1603/1/622 1601/1/618
f 1603/1/622 1602/1/698 1604/1/624
f 1604/1/624 1605/1/626 1603/1/622
f 1605/1/626 1604/1/624 1606/1/628
f 1606/1/628 1607/1/630 1605/1/626
f 1608/1/631 1605/1/626 1607/1/630
f 1608/1/631 1607/1/630 1609/1/699
f 1610/1/609 1611/1/608 1612/1/607
f 1611/1/608 1610/1/609 1613/1/700
f 1610/1/609 1614/1/701 1613/1/700
f 1615/1/606 1612/1/607 1611/1/608
f 1612/1/607 1615/1/606 1616/1/702
f 1617/1/598 1616/1/702 1615/1/606
f 1616/1/702 1617/1/598 1618/1/600
f 1619/1/594 1618/1/600 1617/1/598
f 1619/1/594 1617/1/598 1620/1/596
f 1621/1/589 1619/1/594 1620/1/596
f 1619/1/594 1621/1/589 1622/1/703
f 1621/1/589 1623/1/704 1622/1/703
f 1623/1/704 1621/1/589 1624/1/590
f 1625/1/591 1623/1/704 1624/1/590
f 1623/1/704 1625/1/591 1626/1/593
f 1627/1/595 1626/1/593 1625/1/591
f 1626/1/593 1627/1/595 1628/1/597
f 1629/1/599 1628/1/597 1627/1/595
f 1628/1/597 1629/1/599 1630/1/601
f 1631/1/603 1630/1/601 1629/1/599
f 1629/1/599 1632/1/604 1631/1/603
f 1632/1/604 1633/1/605 1631/1/603
f 1634/1/50 1635/1/4 1636/1/51
f 1635/1/4 1634/1/50 1637/1/4
f 1638/1/52 1634/1/50 1636/1/51
f 1634/1/50 1638/1/52 1639/1/53
f 1638/1/52 1640/1/45 1639/1/53
f 1638/1/52 1641/1/45 1640/1/45
f 1642/1/51 1643/1/4 1644/1/4
f 1643/1/4 1642/1/51 1645/1/50
f 1642/1/51 1646/1/53 1645/1/50
f 1647/1/52 1646/1/53 1642/1/51
f 1647/1/52 1648/1/45 1646/1/53
f 1648/1/45 1649/1/45 1646/1/53
f 1650/1/45 1651/1/45 1652/1/46
f 1652/1/46 1651/1/45 1653/1/47
f 1654/1/705 1652/1/46 1653/1/47
f 1652/1/46 1654/1/705 1655/1/706
f 1655/1/706 1654/1/705 1656/1/4
f 1656/1/4 1654/1/705 1657/1/4
f 1658/1/61 1659/1/61 1660/1/61
f 1658/1/61 1660/1/61 1661/1/61
f 1662/1/61 1663/1/61 1664/1/61
f 1663/1/61 1662/1/61 1665/1/61
f 1666/1/61 1667/1/61 1668/1/61
f 1667/1/61 1666/1/61 1669/1/61
f 1670/1/61 1671/1/61 1672/1/61
f 1670/1/61 1672/1/61 1673/1/61
f 1674/1/61 1675/1/61 1676/1/61
f 1675/1/61 1674/1/61 1677/1/61
f 1678/1/61 1679/1/61 1680/1/61
f 1679/1/61 1678/1/61 1681/1/61
f 1682/1/707 1683/1/708 1684/1/709
f 1683/1/708 1682/1/707 1685/1/710
f 1686/1/711 1685/1/710 1682/1/707
f 1685/1/710 1686/1/711 1687/1/712
f 1688/1/73 1689/1/713 1690/1/713
f 1688/1/73 1690/1/713 1691/1/75
f 1691/1/75 1692/1/714 1688/1/73
f 1692/1/714 1691/1/75 1693/1/77
f 1692/1/714 1693/1/77 1694/1/45
f 1694/1/45 1693/1/77 1695/1/45
f 1696/1/78 1697/1/715 1698/1/716
f 1697/1/715 1699/1/715 1698/1/716
f 1700/1/717 1696/1/78 1698/1/716
f 1696/1/78 1700/1/717 1701/1/82
f 1702/1/45 1701/1/82 1700/1/717
f 1701/1/82 1702/1/45 1703/1/45
f 1704/1/718 1705/1/718 1706/1/719
f 1706/1/719 1707/1/720 1704/1/718
f 1708/1/721 1705/1/718 1704/1/718
f 1708/1/721 1704/1/718 1709/1/721
f 1710/1/722 1708/1/721 1709/1/721
f 1710/1/722 1709/1/721 1711/1/723
f 1710/1/722 1711/1/723 1712/1/724
f 1712/1/724 1711/1/723 1713/1/725
f 1714/1/726 1712/1/724 1713/1/725
f 1714/1/726 1713/1/725 1715/1/726
f 1714/1/726 1715/1/726 1716/1/727
f 1716/1/727 1715/1/726 1717/1/728
f 1716/1/727 1717/1/728 1718/1/729
f 1718/1/729 1717/1/728 1719/1/730
f 1720/1/731 1718/1/729 1719/1/730
f 1720/1/731 1719/1/730 1721/1/732
f 1722/1/64 1723/1/64 1724/1/64
f 1722/1/64 1724/1/64 1725/1/63
f 1726/1/66 1727/1/66 1728/1/65
f 1727/1/66 1726/1/66 1729/1/66
f 1730/1/4 1731/1/4 1732/1/67
f 1733/1/4 1732/1/67 1731/1/4
f 1734/1/4 1732/1/67 1733/1/4
f 1732/1/67 1734/1/4 1735/1/4
f 1730/1/4 1732/1/67 1736/1/4
f 1735/1/4 1736/1/4 1732/1/67
f 1737/1/4 1730/1/4 1736/1/4
f 1738/1/4 1736/1/4 1735/1/4
f 1730/1/4 1737/1/4 1739/1/4
f 1735/1/4 1740/1/4 1738/1/4
f 1737/1/4 1741/1/4 1739/1/4
f 1742/1/4 1738/1/4 1740/1/4
f 1741/1/4 1737/1/4 1743/1/4
f 1738/1/4 1742/1/4 1744/1/4
f 1745/1/4 1741/1/4 1743/1/4
f 1742/1/4 1746/1/4 1744/1/4
f 1741/1/4 1745/1/4 1747/1/4
f 1746/1/4 1742/1/4 1748/1/4
f 1749/1/4 1747/1/4 1745/1/4
f 1748/1/4 1749/1/4 1746/1/4
f 1747/1/4 1749/1/4 1750/1/4
f 1748/1/4 1750/1/4 1749/1/4
f 1751/1/733 1752/1/734 1753/1/735
f 1751/1/733 1753/1/735 1754/1/736
f 1755/1/737 1753/1/735 1752/1/734
f 1753/1/735 1755/1/737 1756/1/737
f 1757/1/738 1758/1/738 1759/1/738
f 1757/1/738 1759/1/738 1760/1/739
f 1761/1/1 1762/1/83 1763/1/1
f 1762/1/83 1764/1/1 1763/1/1
f 1762/1/83 1761/1/1 1765/1/740
f 1764/1/1 1762/1/83 1766/1/740
f 1765/1/740 1767/1/1 1762/1/83
f 1766/1/740 1762/1/83 1767/1/1
f 1767/1/1 1765/1/740 1768/1/1
f 1767/1/1 1769/1/1 1766/1/740
f 1765/1/740 1770/1/1 1768/1/1
f 1771/1/1 1766/1/740 1769/1/1
f 1772/1/1 1770/1/1 1765/1/740
f 1766/1/740 1771/1/1 1773/1/1
f 1774/1/1 1770/1/1 1772/1/1
f 1771/1/1 1775/1/1 1773/1/1
f 1770/1/1 1774/1/1 1776/1/1
f 1777/1/1 1776/1/1 1774/1/1
f 1776/1/1 1777/1/1 1778/1/1
f 1775/1/1 1771/1/1 1779/1/1
f 1780/1/1 1775/1/1 1779/1/1
f 1780/1/1 1779/1/1 1781/1/1
f 1782/1/1 1783/1/1 1784/1/1
f 1782/1/1 1784/1/1 1785/1/1
f 1786/1/1 1787/1/1 1788/1/1
f 1786/1/1 1788/1/1 1789/1/1
f 1787/1/1 1790/1/1 1788/1/1
f 1787/1/1 1791/1/1 1790/1/1
f 1792/1/1 1793/1/1 1794/1/1
f 1795/1/1 1794/1/1 1793/1/1
f 1794/1/1 1796/1/1 1792/1/1
f 1797/1/1 1792/1/1 1796/1/1
f 1798/1/741 1799/1/742 1800/1/742
f 1801/1/743 1800/1/742 1799/1/742
f 1799/1/742 1798/1/741 1802/1/744
f 1799/1/742 1803/1/745 1801/1/743
f 1804/1/746 1802/1/744 1798/1/741
f 1805/1/747 1801/1/743 1803/1/745
f 1798/1/741 1806/1/748 1804/1/746
f 1801/1/743 1805/1/747 1807/1/749
f 1808/1/750 1804/1/746 1806/1/748
f 1809/1/751 1807/1/749 1805/1/747
f 1804/1/746 1808/1/750 1810/1/752
f 1805/1/747 1811/1/753 1809/1/751
f 1808/1/750 1812/1/754 1810/1/752
f 1812/1/754 1809/1/751 1811/1/753
f 1812/1/754 1808/1/750 1813/1/755
f 1809/1/751 1812/1/754 1813/1/755
f 1814/1/4 1815/1/4 1816/1/4
f 1814/1/4 1816/1/4 1817/1/4
f 1815/1/4 1814/1/4 1818/1/4
f 1818/1/4 1814/1/4 1819/1/4
o 110214087686282
v 0.598975 -0.036512 0.205579
v 0.598975 -0.023785 0.169789
v 0.609661 -0.025364 0.203207
v 0.609205 -0.012912 0.170707
v 0.607958 -0.012690 0.143172
v 0.598975 -0.022271 0.143289
v 0.598975 -0.036512 0.205579
v 0.609661 -0.014733 0.220782
v 0.598975 -0.021063 0.230262
v 0.609661 -0.025364 0.203207
v 0.609661 -0.014733 0.220782
v 0.598975 0.005586 0.236583
v 0.608018 0.005134 0.226948
v 0.598975 0.027849 0.226614
v 0.598975 0.005586 0.236583
v 0.607027 0.021778 0.220537
v 0.608018 0.005134 0.226948
v 0.607027 0.021778 0.220537
v 0.598975 0.036512 0.206099
v 0.607027 0.028075 0.204490
v 0.607027 0.028075 0.204490
v 0.598975 0.028757 0.181440
v 0.598975 0.036512 0.206099
v 0.605636 0.022997 0.185600
v 0.598975 0.011836 0.174485
v 0.605636 0.022997 0.185600
v 0.604937 0.010606 0.180725
v 0.598975 0.028757 0.181440
v 0.598975 0.011836 0.174485
v 0.604937 0.010606 0.180725
v 0.598975 -0.003410 0.189256
v 0.598975 -0.036512 0.205579
v 0.588289 -0.014733 0.220782
v 0.588289 -0.025364 0.203207
v 0.598975 -0.021063 0.230262
v 0.598975 -0.023785 0.169789
v 0.598975 0.005586 0.236583
v 0.588745 -0.012912 0.170707
v 0.589992 -0.012690 0.143172
v 0.598975 -0.022271 0.143289
v 0.589932 0.005134 0.226948
v 0.590923 0.021778 0.220537
v 0.598975 0.027849 0.226614
v 0.598975 0.036512 0.206099
v 0.590923 0.028075 0.204491
v 0.598975 0.028757 0.181440
v 0.592314 0.022997 0.185600
v 0.598975 0.011836 0.174485
v 0.593013 0.010606 0.180725
v 0.598975 -0.003410 0.189256
v 0.609661 -0.025364 0.203207
v 0.598975 -0.008404 0.211303
v 0.609661 -0.014733 0.220782
v 0.598975 0.004684 0.217312
v 0.598975 -0.014215 0.200836
v 0.608018 0.005134 0.226948
v 0.609205 -0.012912 0.170707
v 0.598975 0.015707 0.214461
v 0.598975 -0.002039 0.171625
v 0.598975 -0.003109 0.143055
v 0.607958 -0.012690 0.143172
v 0.607027 0.021778 0.220537
v 0.607027 0.028075 0.204490
v 0.598975 0.019638 0.202882
v 0.598975 0.017237 0.189760
v 0.605636 0.022997 0.185600
v 0.604937 0.010606 0.180725
v 0.598975 0.009376 0.186964
v 0.598975 -0.003410 0.189256
v 0.598975 -0.002039 0.171625
v 0.598975 -0.003109 0.143055
v 0.588745 -0.012912 0.170707
v 0.589992 -0.012690 0.143172
v 0.598975 0.009376 0.186964
v 0.593013 0.010606 0.180725
v 0.598975 -0.003410 0.189256
v 0.598975 0.009376 0.186964
v 0.598975 0.017237 0.189760
v 0.593013 0.010606 0.180725
v 0.592314 0.022997 0.185600
v 0.590923 0.028075 0.204491
v 0.598975 0.019638 0.202882
v 0.588289 -0.025364 0.203207
v 0.598975 -0.008404 0.211303
v 0.598975 -0.014215 0.200836
v 0.588289 -0.014733 0.220782
v 0.588289 -0.014733 0.220782
v 0.598975 0.004684 0.217312
v 0.589932 0.005134 0.226948
v 0.598975 -0.014215 0.200836
v 0.588745 -0.012912 0.170707
v 0.588289 -0.025364 0.203207
v 0.598975 -0.002039 0.171625
v 0.590923 0.021778 0.220537
v 0.590923 0.028075 0.204491
v 0.598975 0.015707 0.214461
v 0.598975 0.019638 0.202882
v 0.589932 0.005134 0.226948
v 0.598975 0.015707 0.214461
v 0.598975 0.004684 0.217312
v 0.590923 0.021778 0.220537
vn 0.7353 -0.6715 0.0915
vn 0.6343 -0.7552 -0.1653
vn 0.7347 -0.6769 0.0457
vn 0.7377 -0.6439 -0.2028
vn 0.6996 -0.7063 -0.1082
vn 0.6675 -0.7328 -0.1322
vn 0.7342 -0.4136 0.5384
vn 0.7347 -0.3706 0.5683
vn 0.7347 -0.6769 0.0458
vn 0.7342 -0.4135 0.5385
vn 0.7272 0.0573 0.6840
vn 0.7347 -0.3705 0.5683
vn 0.7271 0.0611 0.6838
vn 0.7338 0.4673 0.4932
vn 0.7273 0.0575 0.6840
vn 0.7345 0.4897 0.4698
vn 0.7271 0.0612 0.6838
vn 0.7345 0.4898 0.4698
vn 0.7271 0.6850 0.0458
vn 0.7338 0.4673 0.4931
vn 0.7260 0.6876 0.0082
vn 0.7260 0.6877 0.0081
vn 0.7318 0.4855 -0.4784
vn 0.7271 0.6850 0.0457
vn 0.7317 0.4922 -0.4716
vn 0.6927 -0.0777 -0.7171
vn 0.7317 0.4921 -0.4716
vn 0.6726 -0.1964 -0.7135
vn 0.7318 0.4854 -0.4784
vn 0.6926 -0.0777 -0.7171
vn 0.6725 -0.1964 -0.7135
vn 0.5196 -0.5945 -0.6136
vn -0.7353 -0.6716 0.0915
vn -0.7342 -0.4135 0.5385
vn -0.7346 -0.6769 0.0457
vn -0.7346 -0.3706 0.5684
vn -0.6343 -0.7552 -0.1653
vn -0.7272 0.0574 0.6840
vn -0.7377 -0.6439 -0.2028
vn -0.6995 -0.7063 -0.1082
vn -0.6679 -0.7325 -0.1322
vn -0.7271 0.0612 0.6838
vn -0.7345 0.4898 0.4698
vn -0.7338 0.4673 0.4931
vn -0.7271 0.6850 0.0457
vn -0.7260 0.6877 0.0082
vn -0.7318 0.4854 -0.4784
vn -0.7317 0.4921 -0.4716
vn -0.6926 -0.0778 -0.7171
vn -0.6725 -0.1964 -0.7135
vn -0.5192 -0.5946 -0.6139
vn 0.7334 0.6748 -0.0827
vn 0.7235 0.4734 -0.5024
vn 0.7243 0.4351 -0.5348
vn 0.7282 0.0499 -0.6836
vn 0.7327 0.6800 -0.0278
vn 0.7280 0.0439 -0.6842
vn 0.7480 0.6391 0.1793
vn 0.7454 -0.4548 -0.4875
vn 0.7496 0.6527 0.1103
vn 0.7489 0.6625 0.0104
vn 0.7687 0.6395 0.0142
vn 0.7444 -0.4268 -0.5136
vn 0.7191 -0.6906 -0.0774
vn 0.7183 -0.6943 -0.0444
vn 0.7430 -0.5147 0.4279
vn 0.7430 -0.5171 0.4249
vn 0.7130 -0.1363 0.6878
vn 0.7161 -0.0695 0.6946
vn 0.7048 0.1252 0.6982
vn -0.7495 0.6527 0.1103
vn -0.7489 0.6626 0.0104
vn -0.7479 0.6391 0.1793
vn -0.7687 0.6395 0.0142
vn -0.7160 -0.0695 0.6946
vn -0.7134 -0.1362 0.6874
vn -0.7048 0.1252 0.6982
vn -0.7156 -0.0697 0.6950
vn -0.7429 -0.5147 0.4279
vn -0.7134 -0.1363 0.6874
vn -0.7430 -0.5171 0.4249
vn -0.7191 -0.6906 -0.0774
vn -0.7183 -0.6943 -0.0443
vn -0.7334 0.6748 -0.0828
vn -0.7235 0.4735 -0.5024
vn -0.7326 0.6801 -0.0279
vn -0.7243 0.4352 -0.5347
vn -0.7243 0.4352 -0.5348
vn -0.7282 0.0500 -0.6836
vn -0.7235 0.4734 -0.5025
vn -0.7280 0.0440 -0.6842
vn -0.7326 0.6801 -0.0278
vn -0.7334 0.6748 -0.0826
vn -0.7443 -0.4269 -0.5136
vn -0.7191 -0.6906 -0.0775
vn -0.7454 -0.4548 -0.4874
vn -0.7183 -0.6943 -0.0444
vn -0.7280 0.0438 -0.6842
vn -0.7453 -0.4548 -0.4875
vn -0.7282 0.0499 -0.6836
vn -0.7443 -0.4268 -0.5136
vt 0.375000 0.750000
vt 0.375000 0.500000
vt 0.625000 0.750000
vt 0.625000 0.500000
s 1
f 1820/2/756 1821/2/757 1822/3/758
f 1822/3/758 1821/2/757 1823/3/759
f 1821/2/757 1824/3/760 1823/3/759
f 1824/3/760 1821/2/757 1825/2/761
f 1826/2/756 1827/3/762 1828/2/763
f 1827/3/762 1826/2/756 1829/3/764
f 1830/3/765 1831/2/766 1828/2/767
f 1831/2/766 1830/3/765 1832/3/768
f 1833/2/769 1834/2/770 1835/3/771
f 1834/2/770 1836/3/772 1835/3/771
f 1837/3/773 1838/2/774 1833/2/775
f 1838/2/774 1837/3/773 1839/3/776
f 1840/3/777 1841/2/778 1842/2/779
f 1841/2/778 1840/3/777 1843/3/780
f 1844/2/781 1845/3/782 1846/3/783
f 1845/3/782 1844/2/781 1847/2/784
f 1848/2/785 1849/3/786 1850/2/787
f 1851/2/788 1852/4/789 1853/4/790
f 1852/4/789 1851/2/788 1854/2/791
f 1853/4/790 1855/2/792 1851/2/788
f 1854/2/791 1856/2/793 1852/4/789
f 1855/2/792 1853/4/790 1857/4/794
f 1857/4/794 1858/4/795 1855/2/792
f 1855/2/792 1858/4/795 1859/2/796
f 1852/4/789 1856/2/793 1860/4/797
f 1856/2/793 1861/4/798 1860/4/797
f 1861/4/798 1856/2/793 1862/2/799
f 1862/2/799 1863/2/800 1861/4/798
f 1861/4/798 1863/2/800 1864/4/801
f 1863/2/800 1865/2/802 1864/4/801
f 1864/4/801 1865/2/802 1866/4/803
f 1866/4/803 1865/2/802 1867/2/804
f 1868/4/805 1866/4/803 1867/2/804
f 1868/4/805 1867/2/804 1869/4/806
f 1870/3/807 1871/5/808 1872/3/809
f 1873/5/810 1872/3/809 1871/5/808
f 1871/5/808 1870/3/807 1874/5/811
f 1875/3/812 1872/3/809 1873/5/810
f 1870/3/807 1876/3/813 1874/5/811
f 1875/3/812 1873/5/810 1877/5/814
f 1874/5/811 1876/3/813 1878/5/815
f 1876/3/813 1879/5/816 1878/5/815
f 1879/5/816 1876/3/813 1880/3/817
f 1881/3/818 1875/3/812 1877/5/814
f 1877/5/814 1882/3/819 1881/3/818
f 1882/3/819 1877/5/814 1883/5/820
f 1884/5/821 1882/3/819 1883/5/820
f 1885/3/822 1882/3/819 1884/5/821
f 1884/5/821 1886/3/823 1885/3/822
f 1886/3/823 1884/5/821 1887/5/824
f 1886/3/823 1887/5/824 1888/3/825
f 1889/5/826 1890/5/827 1891/4/828
f 1891/4/828 1890/5/827 1892/4/829
f 1893/5/830 1894/4/831 1895/5/832
f 1896/5/833 1897/5/834 1898/4/835
f 1897/5/834 1899/4/836 1898/4/835
f 1897/5/834 1900/4/837 1899/4/836
f 1900/4/837 1897/5/834 1901/5/838
f 1902/4/839 1903/5/840 1904/5/841
f 1903/5/840 1902/4/839 1905/4/842
f 1906/4/843 1907/5/844 1903/5/845
f 1907/5/844 1906/4/843 1908/4/846
f 1909/5/847 1910/4/828 1911/4/848
f 1910/4/828 1909/5/847 1912/5/826
f 1913/4/849 1914/4/850 1915/5/851
f 1915/5/851 1914/4/850 1916/5/852
f 1917/4/853 1918/5/854 1919/5/855
f 1918/5/854 1917/4/853 1920/4/856
o 100756509642267
v -0.374024 -0.093968 -0.089081
v -0.394663 -0.077838 -0.089081
v -0.358441 -0.080574 -0.107559
v -0.361176 -0.116795 -0.089081
v -0.345046 -0.096157 -0.089081
v -0.361176 -0.116795 -0.089081
v -0.358441 -0.080574 -0.107559
v -0.322219 -0.083309 -0.089081
v -0.371835 -0.064991 -0.089081
v -0.355705 -0.044352 -0.089081
v -0.358441 -0.080574 -0.107559
v -0.394663 -0.077838 -0.089081
v -0.355705 -0.044352 -0.089081
v -0.342858 -0.067179 -0.089081
v -0.358441 -0.080574 -0.107559
v -0.322219 -0.083309 -0.089081
v -0.374024 -0.093968 0.089081
v -0.358440 -0.080574 0.107559
v -0.394663 -0.077838 0.089081
v -0.361176 -0.116795 0.089081
v -0.345046 -0.096157 0.089081
v -0.358440 -0.080574 0.107559
v -0.361176 -0.116795 0.089081
v -0.322219 -0.083309 0.089081
v -0.371835 -0.064991 0.089081
v -0.358440 -0.080574 0.107559
v -0.355705 -0.044352 0.089081
v -0.394663 -0.077838 0.089081
v -0.355705 -0.044352 0.089081
v -0.358440 -0.080574 0.107559
v -0.342858 -0.067179 0.089081
v -0.322219 -0.083309 0.089081
vn -0.5071 -0.4359 -0.7436
vn -0.4162 -0.5325 -0.7370
vn -0.5890 -0.3315 -0.7370
vn 0.4359 -0.5071 -0.7436
vn 0.5329 -0.4159 -0.7370
vn 0.4363 -0.5068 -0.7436
vn 0.3315 -0.5890 -0.7370
vn -0.4356 0.5073 -0.7435
vn -0.5325 0.4162 -0.7370
vn -0.4359 0.5071 -0.7436
vn -0.3319 0.5886 -0.7371
vn 0.5890 0.3315 -0.7370
vn 0.5071 0.4359 -0.7436
vn 0.4166 0.5326 -0.7367
vn -0.5071 -0.4359 0.7436
vn -0.4162 -0.5325 0.7370
vn -0.5890 -0.3315 0.7370
vn 0.4359 -0.5071 0.7436
vn 0.5328 -0.4160 0.7370
vn 0.3315 -0.5890 0.7370
vn -0.4358 0.5071 0.7436
vn -0.4357 0.5073 0.7435
vn -0.5325 0.4162 0.7370
vn -0.3318 0.5887 0.7371
vn 0.5890 0.3315 0.7370
vn 0.5072 0.4361 0.7434
vn 0.5071 0.4359 0.7436
vn 0.4162 0.5325 0.7370
vt 0.000000 0.000000
s 1
f 1921/6/857 1922/6/858 1923/6/857
f 1924/6/859 1921/6/857 1923/6/857
f 1925/6/860 1926/6/861 1927/6/862
f 1928/6/863 1925/6/860 1927/6/862
f 1929/6/864 1930/6/865 1931/6/866
f 1932/6/867 1929/6/864 1931/6/866
f 1933/6/868 1934/6/869 1935/6/869
f 1934/6/869 1936/6/870 1935/6/869
f 1937/6/871 1938/6/871 1939/6/872
f 1940/6/873 1938/6/871 1937/6/871
f 1941/6/874 1942/6/874 1943/6/875
f 1944/6/876 1942/6/874 1941/6/874
f 1945/6/877 1946/6/878 1947/6/879
f 1948/6/880 1946/6/878 1945/6/877
f 1949/6/881 1950/6/882 1951/6/883
f 1951/6/883 1950/6/882 1952/6/884
o 84614929431590
v 1.198669 0.177496 0.122061
v 1.198669 0.307428 0.075801
v 1.198669 0.242355 0.122061
v 1.198669 0.307428 -0.075801
v 1.198669 0.177496 -0.122061
v 1.198669 0.242355 -0.122061
v 1.198669 0.112636 -0.122061
v 1.198669 0.112636 0.122061
v -1.160122 0.036461 -0.108000
v -1.160122 0.036461 0.108000
v -0.999620 0.036461 -0.108000
v -0.999620 0.036461 0.108000
v -1.290122 -0.093539 0.108000
v -1.290122 -0.093539 -0.108000
v -1.290122 -0.383539 0.108000
v -1.290122 -0.383539 -0.108000
v -1.264252 -0.465789 0.108000
v -1.264252 -0.465789 -0.108000
v 0.786848 -0.149607 -0.115301
v 0.676086 -0.492279 0.115301
v 0.676086 -0.492279 -0.115301
v 0.786848 -0.149607 0.115301
v 0.879340 -0.057067 -0.115301
v 0.879340 -0.057067 0.115301
v 0.595687 -0.565232 0.115301
v 0.595687 -0.565232 -0.115301
v 0.231112 -0.565232 -0.115301
v 0.231112 -0.565232 0.115301
v -0.994313 0.216770 -0.074277
v -1.460121 0.161295 -0.109707
v -1.460121 0.216770 -0.074277
v -0.977517 0.161295 -0.109707
v -1.460121 0.216770 0.074277
v -0.757517 0.241295 -0.109707
v -0.994313 0.216770 0.074277
v -1.460121 0.161295 0.109707
v -0.977517 0.161295 0.109707
v -0.757517 0.241295 0.109707
v -0.774313 0.296770 -0.074277
v -0.774313 0.296770 0.074277
v -0.624313 0.296770 0.074277
v -0.624313 0.241295 0.109707
v -0.624313 0.296770 -0.074277
v -0.624313 0.241295 -0.109707
v 0.868636 0.307428 -0.075801
v 1.011216 0.307428 -0.075801
v 1.011216 0.242355 -0.122061
v 0.868636 0.242355 -0.122061
v 1.198669 0.242355 -0.122061
v 1.198669 0.307428 -0.075801
v -0.579384 0.307428 -0.075801
v -0.579385 0.242355 -0.122061
v 0.868636 0.307428 0.075801
v -0.579384 0.307428 0.075801
v 1.011216 0.307428 0.075801
v 1.198669 0.307428 0.075801
v 0.868636 0.242355 0.122061
v -0.579385 0.242355 0.122061
v 1.011216 0.242355 0.122061
v 1.198669 0.242355 0.122061
v -0.378968 -0.374222 -0.064512
v -0.137788 -0.486686 -0.064512
v -0.137788 -0.486686 0.064512
v -0.378968 -0.374222 0.064512
v -0.257376 0.014365 0.093431
v -0.366566 -0.310320 0.093430
v -0.257376 0.014365 -0.093427
v -0.366566 -0.310320 -0.093427
v -0.353769 -0.399015 0.093430
v -0.353769 -0.399015 -0.093427
v -0.586386 -0.381449 0.093430
v -0.586386 -0.381449 -0.093427
v -0.641613 -0.338287 0.093430
v -0.641613 -0.338287 -0.093427
v -0.637221 -0.280133 0.093430
v -0.637221 -0.280133 -0.093427
v -0.495849 -0.086107 -0.093427
v -0.495849 -0.086107 0.093431
v -0.481765 -0.028685 0.093430
v -0.481765 -0.028685 -0.093427
v -0.497490 0.021241 -0.093427
v -0.497490 0.021241 0.093431
v 1.011216 0.242355 0.122061
v 0.868636 0.242355 0.122061
v 1.011216 0.177496 0.122061
v 1.198669 0.242355 0.122061
v 1.198669 0.177496 0.122061
v 1.198669 0.112636 0.122061
v 1.011216 0.112636 0.122061
v 0.868636 0.147694 0.122061
v -0.579385 0.242355 0.122061
v 0.868636 0.053034 0.122061
v -0.579385 0.147694 0.122061
v -0.579385 0.053034 0.122061
v 0.868636 0.242355 -0.122061
v 1.011216 0.177496 -0.122061
v 0.868636 0.147694 -0.122061
v 1.011216 0.242355 -0.122061
v 1.198669 0.242355 -0.122061
v 1.198669 0.177496 -0.122061
v 1.011216 0.112636 -0.122061
v 1.198669 0.112636 -0.122061
v 0.868636 0.053034 -0.122061
v -0.579385 0.053034 -0.122061
v -0.579385 0.147694 -0.122061
v -0.579385 0.242355 -0.122061
v -0.142458 -0.535366 -0.120000
v -0.039048 -0.360836 -0.120000
v 0.242621 -0.535366 -0.120000
v -0.132458 -0.400836 -0.120000
v -0.172458 -0.489911 -0.120000
v 0.087542 -0.150836 -0.120000
v 0.327296 -0.489911 -0.120000
v 0.477542 -0.108544 -0.120000
v 0.087542 0.185797 -0.120000
v 0.560406 -0.037569 -0.120000
v 1.140735 0.185797 -0.120000
v 1.072980 -0.037569 -0.120000
v 1.140735 0.022431 -0.120000
v 1.140735 0.022431 -0.120000
v 1.140735 0.185797 -0.120000
v 1.140735 0.022431 0.120000
v 1.140735 0.185797 0.120000
v 1.072980 -0.037569 0.120000
v 1.072980 -0.037569 -0.120000
v 0.560406 -0.037569 -0.120000
v 0.560406 -0.037569 0.120000
v 0.477542 -0.108544 -0.120000
v 0.477542 -0.108544 0.120000
v 0.327296 -0.489911 -0.120000
v 0.327296 -0.489911 0.120000
v 0.242621 -0.535366 0.120000
v 0.242621 -0.535366 -0.120000
v -0.142458 -0.535366 -0.120000
v -0.142458 -0.535366 0.120000
v -0.172458 -0.489911 -0.120000
v -0.172458 -0.489911 0.120000
v -0.132458 -0.400836 -0.120000
v -0.132458 -0.400836 0.120000
v -0.039048 -0.360836 -0.120000
v -0.039048 -0.360836 0.120000
v 0.087542 -0.150836 -0.120000
v 0.087542 -0.150836 0.120000
v 0.087542 0.185797 -0.120000
v 0.087542 0.185797 0.120000
v 0.560406 -0.037569 0.120000
v 1.072980 -0.037569 0.120000
v 1.140735 0.185797 0.120000
v 1.140735 0.022431 0.120000
v 0.087542 0.185797 0.120000
v 0.477542 -0.108544 0.120000
v 0.087542 -0.150836 0.120000
v 0.327296 -0.489911 0.120000
v 0.242621 -0.535366 0.120000
v -0.039048 -0.360836 0.120000
v -0.142458 -0.535366 0.120000
v -0.132458 -0.400836 0.120000
v -0.172458 -0.489911 0.120000
v 0.231112 -0.057067 -0.115301
v 0.595687 -0.565232 -0.115301
v 0.231112 -0.565232 -0.115301
v 0.676086 -0.492279 -0.115301
v 0.786848 -0.149607 -0.115301
v 0.879340 -0.057067 -0.115301
v 0.231112 -0.057067 0.115301
v 0.676086 -0.492279 0.115301
v 0.786848 -0.149607 0.115301
v 0.879340 -0.057067 0.115301
v 0.595687 -0.565232 0.115301
v 0.231112 -0.565232 0.115301
v -0.774313 0.056461 -0.109707
v -0.977517 0.161295 -0.109707
v -0.757517 0.241295 -0.109707
v -0.624313 0.056461 -0.109707
v -0.624313 0.241295 -0.109707
v -0.994313 -0.013539 -0.109707
v -1.210122 -0.013539 -0.109707
v -1.460121 0.161295 -0.109707
v -1.290122 -0.083539 -0.109707
v -1.460121 -0.493230 -0.109707
v -1.290122 -0.373539 -0.109707
v -1.290122 -0.493230 -0.109707
v -1.260122 -0.453539 -0.109707
v -1.460121 0.161295 0.109707
v -1.460121 -0.493230 0.109707
v -1.290122 -0.083539 0.109707
v -1.290122 -0.373539 0.109707
v -1.290122 -0.493230 0.109707
v -1.260122 -0.453539 0.109707
v -1.210122 -0.013539 0.109707
v -0.977517 0.161295 0.109707
v -0.994313 -0.013539 0.109707
v -0.774313 0.056461 0.109707
v -0.757517 0.241295 0.109707
v -0.624313 0.056461 0.109707
v -0.624313 0.241295 0.109707
v -1.290122 -0.093539 -0.108000
v -1.105721 -0.226334 -0.108000
v -1.290122 -0.383539 -0.108000
v -1.160122 0.036461 -0.108000
v -0.970121 -0.013539 -0.108000
v -0.999620 0.036461 -0.108000
v -1.138223 -0.333791 -0.108000
v -1.142203 -0.439921 -0.108000
v -1.264252 -0.465789 -0.108000
v -1.109700 -0.390835 -0.108000
v -1.160122 0.036461 0.108000
v -0.970121 -0.013539 0.108000
v -0.999620 0.036461 0.108000
v -1.105721 -0.226334 0.108000
v -1.290122 -0.093539 0.108000
v -1.290122 -0.383539 0.108000
v -1.138223 -0.333791 0.108000
v -1.142203 -0.439921 0.108000
v -1.109700 -0.390835 0.108000
v -1.264252 -0.465789 0.108000
v -0.366566 -0.310320 -0.093427
v -0.586386 -0.381449 -0.093427
v -0.637221 -0.280133 -0.093427
v -0.641613 -0.338287 -0.093427
v -0.353769 -0.399015 -0.093427
v -0.495849 -0.086107 -0.093427
v -0.342666 0.018095 -0.093427
v -0.257376 0.014365 -0.093427
v -0.481765 -0.028685 -0.093427
v -0.497490 0.021241 -0.093427
v -0.586386 -0.381449 0.093430
v -0.637221 -0.280133 0.093430
v -0.641613 -0.338287 0.093430
v -0.366566 -0.310320 0.093430
v -0.353769 -0.399015 0.093430
v -0.495849 -0.086107 0.093431
v -0.342666 0.018095 0.093430
v -0.257376 0.014365 0.093431
v -0.481765 -0.028685 0.093430
v -0.497490 0.021241 0.093431
v -0.137788 -0.486686 -0.064512
v -0.353611 -0.319844 -0.064512
v -0.112431 -0.432308 -0.064512
v -0.378968 -0.374222 -0.064512
v -0.378968 -0.374222 0.064512
v -0.137788 -0.486686 0.064512
v -0.353611 -0.319844 0.064512
v -0.112431 -0.432308 0.064512
v 0.231112 -0.057067 -0.115301
v 0.879340 -0.057067 0.115301
v 0.879340 -0.057067 -0.115301
v 0.231112 -0.057067 0.115301
v 0.868636 0.053034 -0.122061
v 1.011216 0.112636 -0.122061
v 1.011216 0.112636 0.122061
v 1.198669 0.112636 0.122061
v 1.198669 0.112636 -0.122061
v 0.868636 0.053034 0.122061
v -0.579385 0.053034 0.122061
v -0.579385 0.053034 -0.122061
v -0.112431 -0.432308 -0.064512
v -0.353611 -0.319844 -0.064512
v -0.353611 -0.319844 0.064512
v -0.112431 -0.432308 0.064512
v 0.231112 -0.565232 0.115301
v 0.231112 -0.057067 0.115301
v 0.231112 -0.565232 -0.115301
v 0.231112 -0.057067 -0.115301
v -0.774313 0.056461 -0.109707
v -0.624313 0.056461 -0.109707
v -0.774313 0.056461 0.109707
v -0.624313 0.056461 0.109707
v -0.994313 -0.013539 -0.109707
v -0.994313 -0.013539 0.109707
v -1.210122 -0.013539 -0.109707
v -1.210122 -0.013539 0.109707
v -1.290122 -0.083539 -0.109707
v -1.290122 -0.083539 0.109707
v -1.290122 -0.373539 -0.109707
v -1.290122 -0.373539 0.109707
v -1.260122 -0.453539 -0.109707
v -1.260122 -0.453539 0.109707
v -1.290122 -0.493230 -0.109707
v -1.290122 -0.493230 0.109707
v -1.460121 -0.493230 -0.109707
v -1.460121 -0.493230 0.109707
v -0.970121 -0.013539 0.108000
v -0.970121 -0.013539 -0.108000
v -0.999620 0.036461 -0.108000
v -0.999620 0.036461 0.108000
v -1.105721 -0.226334 0.108000
v -1.105721 -0.226334 -0.108000
v -1.138223 -0.333791 -0.108000
v -1.138223 -0.333791 0.108000
v -1.109700 -0.390835 -0.108000
v -1.109700 -0.390835 0.108000
v -1.142203 -0.439921 -0.108000
v -1.142203 -0.439921 0.108000
v -1.264252 -0.465789 -0.108000
v -1.264252 -0.465789 0.108000
vn 1.0000 0.0004 0.0004
vn 1.0000 0.0005 0.0005
vn -0.3826 0.9239 0.0003
vn -0.3826 0.9239 0.0005
vn 0.0005 1.0000 0.0005
vn -0.9239 0.3825 0.0006
vn -0.9239 0.3826 0.0003
vn -0.9884 -0.1519 0.0003
vn -0.9538 -0.3003 0.0005
vn -0.9538 -0.3004 0.0005
vn 0.8533 -0.5213 0.0004
vn 0.8399 -0.5428 0.0005
vn 0.8534 -0.5213 0.0004
vn 0.7071 -0.7071 0.0004
vn 0.7071 -0.7071 0.0006
vn 0.3602 -0.9329 0.0005
vn 0.3602 -0.9329 0.0003
vn 0.0005 -1.0000 0.0005
vn -0.1450 0.8468 -0.5118
vn 0.0004 0.5381 -0.8429
vn 0.0004 0.8771 -0.4803
vn -0.0962 0.5153 -0.8516
vn 0.0005 0.8771 0.4803
vn -0.0843 0.5181 -0.8512
vn -0.1450 0.8468 0.5118
vn 0.0004 0.5381 0.8429
vn -0.0962 0.5153 0.8516
vn -0.0843 0.5181 0.8512
vn -0.1563 0.8707 -0.4663
vn -0.1559 0.8707 0.4664
vn 0.0003 0.8771 0.4804
vn 0.0006 0.5380 0.8430
vn 0.0006 0.5380 -0.8430
vn -0.0006 0.8886 -0.4587
vn 0.0005 0.8880 -0.4599
vn 0.0004 0.5796 -0.8149
vn -0.0000 0.5794 -0.8150
vn 0.0004 0.8886 -0.4587
vn 0.0006 0.8886 -0.4587
vn 0.0005 0.8882 0.4594
vn 0.0014 0.8886 0.4587
vn 0.0005 0.8886 0.4587
vn 0.0004 0.5796 0.8149
vn 0.0004 0.5790 0.8153
vn -0.0000 0.5794 0.8150
vn -0.4226 -0.9063 0.0006
vn -0.4226 -0.9063 0.0005
vn 0.9478 -0.3189 0.0005
vn 0.9959 -0.0903 0.0006
vn 0.9959 -0.0904 0.0005
vn 0.7307 -0.6827 0.0003
vn 0.7307 -0.6827 -0.0000
vn -0.3610 -0.9326 0.0006
vn -0.3610 -0.9326 0.0003
vn -0.9147 -0.4041 -0.0000
vn -0.9385 0.3454 0.0005
vn -0.9385 0.3454 0.0006
vn -0.9068 0.4215 0.0003
vn -0.9069 0.4214 0.0005
vn -0.9995 -0.0328 0.0005
vn -0.9995 -0.0328 0.0006
vn 0.0005 0.0005 1.0000
vn 0.0003 0.0003 1.0000
vn 0.1391 -0.0269 0.9899
vn 0.1001 -0.1001 0.9899
vn 0.0005 0.0005 -1.0000
vn -0.0003 -0.0003 -1.0000
vn 0.0003 0.0003 -1.0000
vn 0.0015 0.0005 -1.0000
vn -0.0542 -0.1313 -0.9899
vn -0.1421 0.0005 -0.9899
vn 0.9118 -0.4107 0.0005
vn 0.3540 -0.9352 0.0005
vn 0.3541 -0.9352 0.0004
vn 0.3466 -0.9380 0.0004
vn 0.3466 -0.9380 0.0003
vn 0.8146 -0.5801 0.0003
vn 0.8146 -0.5800 0.0005
vn 0.7470 -0.6649 0.0005
vn 0.7470 -0.6648 0.0004
vn 0.2438 -0.9698 0.0005
vn -0.4742 -0.8804 0.0006
vn -0.4742 -0.8804 0.0005
vn -0.9967 -0.0806 0.0003
vn -0.9967 -0.0806 0.0005
vn -0.7009 0.7133 -0.0000
vn -0.7008 0.7134 0.0003
vn -0.6571 0.7538 0.0005
vn -0.6571 0.7538 0.0006
vn -0.9634 0.2681 0.0005
vn -1.0000 0.0005 0.0005
vn 0.0004 0.0004 -1.0000
vn 0.0004 0.0004 1.0000
vn 0.2700 -0.9536 -0.1332
vn 0.1968 -0.9804 0.0003
vn 0.0640 -0.9950 0.0767
vn -0.1001 -0.9899 -0.1001
vn 0.0005 -0.9899 -0.1421
vn 0.4226 0.9063 0.0006
vn 0.4226 0.9063 0.0005
vn 0.1529 -0.9882 0.0005
vn 0.1530 -0.9882 0.0004
vn 0.3512 -0.9363 0.0004
vn 0.3513 -0.9363 0.0004
vn 0.9108 -0.4128 0.0004
vn 0.9840 0.1782 0.0006
vn 0.9840 0.1782 0.0005
vn 0.9896 -0.1441 0.0004
vn 0.9896 -0.1442 0.0005
vn 0.4450 -0.8955 0.0005
vn 0.4451 -0.8955 0.0005
vn 0.9999 -0.0171 0.0005
vn 0.8612 0.5083 0.0003
vn 0.8611 0.5084 0.0004
vn 0.9087 -0.4175 0.0005
vn 0.9964 0.0846 0.0004
vn 0.9981 -0.0610 0.0004
vn 0.9981 -0.0611 0.0005
vn 0.5622 -0.8270 0.0006
vn 0.5623 -0.8270 0.0004
vn 0.2075 -0.9782 0.0004
vn 0.2075 -0.9782 0.0003
vt 0.000000 0.000000
s 1
f 1953/7/885 1954/7/886 1955/7/886
f 1954/7/886 1953/7/885 1956/7/886
f 1953/7/885 1957/7/886 1956/7/886
f 1956/7/886 1957/7/886 1958/7/886
f 1957/7/886 1953/7/885 1959/7/886
f 1959/7/886 1953/7/885 1960/7/886
f 1961/7/887 1962/7/888 1963/7/889
f 1963/7/889 1962/7/888 1964/7/889
f 1961/7/887 1965/7/890 1962/7/888
f 1966/7/891 1965/7/890 1961/7/887
f 1966/7/891 1967/7/892 1965/7/890
f 1968/7/892 1967/7/892 1966/7/891
f 1968/7/892 1969/7/893 1967/7/892
f 1970/7/894 1969/7/893 1968/7/892
f 1971/7/895 1972/7/896 1973/7/896
f 1972/7/896 1971/7/895 1974/7/897
f 1975/7/898 1974/7/897 1971/7/895
f 1974/7/897 1975/7/898 1976/7/899
f 1977/7/900 1973/7/896 1972/7/896
f 1973/7/896 1977/7/900 1978/7/901
f 1979/7/902 1978/7/901 1977/7/900
f 1979/7/902 1977/7/900 1980/7/902
f 1981/7/903 1982/7/904 1983/7/905
f 1982/7/904 1981/7/903 1984/7/906
f 1981/7/903 1983/7/905 1985/7/907
f 1986/7/908 1984/7/906 1981/7/903
f 1981/7/903 1985/7/907 1987/7/909
f 1988/7/910 1987/7/909 1985/7/907
f 1988/7/910 1989/7/911 1987/7/909
f 1990/7/912 1987/7/909 1989/7/911
f 1991/7/913 1981/7/903 1987/7/909
f 1981/7/903 1991/7/913 1986/7/908
f 1987/7/909 1990/7/912 1992/7/914
f 1991/7/913 1987/7/909 1992/7/914
f 1993/7/915 1992/7/914 1990/7/912
f 1990/7/912 1994/7/916 1993/7/915
f 1995/7/905 1992/7/914 1993/7/915
f 1995/7/905 1991/7/913 1992/7/914
f 1995/7/905 1986/7/908 1991/7/913
f 1986/7/908 1995/7/905 1996/7/917
f 1997/7/918 1998/7/919 1999/7/920
f 1997/7/918 1999/7/920 2000/7/921
f 1998/7/919 2001/7/921 1999/7/920
f 1998/7/919 2002/7/922 2001/7/921
f 2000/7/921 2003/7/923 1997/7/918
f 2003/7/923 2000/7/921 2004/7/920
f 2003/7/923 2005/7/924 1997/7/918
f 2005/7/924 1998/7/919 1997/7/918
f 2005/7/924 2003/7/923 2006/7/924
f 1998/7/919 2007/7/925 2002/7/922
f 1998/7/919 2005/7/924 2007/7/925
f 2002/7/922 2007/7/925 2008/7/926
f 2005/7/924 2006/7/924 2009/7/927
f 2009/7/927 2007/7/925 2005/7/924
f 2010/7/927 2009/7/927 2006/7/924
f 2009/7/927 2011/7/928 2007/7/925
f 2011/7/928 2008/7/926 2007/7/925
f 2011/7/928 2012/7/929 2008/7/926
f 2013/7/930 2014/7/930 2015/7/930
f 2013/7/930 2015/7/930 2016/7/931
f 2017/7/932 2018/7/933 2019/7/932
f 2020/7/934 2019/7/932 2018/7/933
f 2020/7/934 2018/7/933 2021/7/935
f 2021/7/935 2022/7/936 2020/7/934
f 2022/7/936 2021/7/935 2023/7/937
f 2024/7/938 2022/7/936 2023/7/937
f 2024/7/938 2023/7/937 2025/7/939
f 2025/7/939 2026/7/939 2024/7/938
f 2026/7/939 2025/7/939 2027/7/940
f 2027/7/940 2028/7/941 2026/7/939
f 2027/7/940 2029/7/942 2028/7/941
f 2029/7/942 2027/7/940 2030/7/943
f 2029/7/942 2030/7/943 2031/7/944
f 2031/7/944 2032/7/945 2029/7/942
f 2031/7/944 2033/7/894 2032/7/945
f 2033/7/894 2031/7/944 2034/7/894
f 2035/7/946 2036/7/946 2037/7/947
f 2038/7/946 2035/7/946 2039/7/946
f 2037/7/947 2039/7/946 2035/7/946
f 2039/7/946 2037/7/947 2040/7/946
f 2041/7/946 2040/7/946 2037/7/947
f 2042/7/947 2037/7/947 2036/7/946
f 2037/7/947 2042/7/947 2041/7/946
f 2036/7/946 2043/7/946 2042/7/947
f 2044/7/948 2041/7/946 2042/7/947
f 2045/7/946 2042/7/947 2043/7/946
f 2042/7/947 2045/7/946 2044/7/948
f 2046/7/949 2044/7/948 2045/7/946
f 2047/7/950 2048/7/951 2049/7/952
f 2048/7/951 2047/7/950 2050/7/953
f 2051/7/950 2048/7/951 2050/7/953
f 2048/7/951 2051/7/950 2052/7/950
f 2052/7/950 2053/7/950 2048/7/951
f 2053/7/950 2052/7/950 2054/7/950
f 2053/7/950 2049/7/952 2048/7/951
f 2049/7/952 2053/7/950 2055/7/954
f 2055/7/954 2056/7/955 2049/7/952
f 2057/7/950 2049/7/952 2056/7/955
f 2049/7/952 2057/7/950 2047/7/950
f 2058/7/950 2047/7/950 2057/7/950
f 2059/7/950 2060/7/950 2061/7/950
f 2060/7/950 2059/7/950 2062/7/950
f 2062/7/950 2059/7/950 2063/7/950
f 2064/7/950 2061/7/950 2060/7/950
f 2061/7/950 2064/7/950 2065/7/950
f 2065/7/950 2064/7/950 2066/7/950
f 2067/7/950 2066/7/950 2064/7/950
f 2066/7/950 2067/7/950 2068/7/950
f 2067/7/950 2069/7/950 2068/7/950
f 2070/7/950 2068/7/950 2069/7/950
f 2070/7/950 2069/7/950 2071/7/950
f 2072/7/956 2073/7/886 2074/7/956
f 2073/7/886 2075/7/886 2074/7/956
f 2072/7/956 2074/7/956 2076/7/957
f 2076/7/957 2077/7/958 2072/7/956
f 2076/7/957 2078/7/959 2077/7/958
f 2078/7/959 2076/7/957 2079/7/960
f 2078/7/959 2079/7/960 2080/7/961
f 2080/7/961 2079/7/960 2081/7/962
f 2080/7/961 2081/7/962 2082/7/963
f 2082/7/963 2081/7/962 2083/7/964
f 2082/7/963 2083/7/964 2084/7/965
f 2084/7/965 2085/7/965 2082/7/963
f 2084/7/965 2086/7/966 2085/7/965
f 2086/7/966 2084/7/965 2087/7/967
f 2086/7/966 2087/7/967 2088/7/968
f 2088/7/968 2087/7/967 2089/7/969
f 2088/7/968 2089/7/969 2090/7/970
f 2090/7/970 2089/7/969 2091/7/971
f 2090/7/970 2091/7/971 2092/7/972
f 2092/7/972 2091/7/971 2093/7/973
f 2093/7/973 2094/7/974 2092/7/972
f 2094/7/974 2093/7/973 2095/7/974
f 2094/7/974 2095/7/974 2096/7/975
f 2096/7/975 2095/7/974 2097/7/975
f 2098/7/946 2099/7/946 2100/7/946
f 2100/7/946 2099/7/946 2101/7/946
f 2100/7/946 2102/7/946 2098/7/946
f 2102/7/946 2103/7/946 2098/7/946
f 2103/7/946 2102/7/946 2104/7/946
f 2104/7/946 2105/7/946 2103/7/946
f 2105/7/946 2104/7/946 2106/7/946
f 2106/7/946 2104/7/946 2107/7/946
f 2106/7/946 2107/7/946 2108/7/946
f 2109/7/946 2108/7/946 2107/7/946
f 2108/7/946 2109/7/946 2110/7/946
f 2111/7/950 2112/7/950 2113/7/950
f 2112/7/950 2111/7/950 2114/7/950
f 2114/7/950 2111/7/950 2115/7/950
f 2115/7/950 2111/7/950 2116/7/950
f 2117/7/946 2118/7/946 2119/7/946
f 2120/7/946 2117/7/946 2119/7/946
f 2117/7/946 2121/7/946 2118/7/946
f 2121/7/946 2117/7/946 2122/7/946
f 2123/7/950 2124/7/950 2125/7/950
f 2125/7/950 2126/7/950 2123/7/950
f 2125/7/950 2127/7/950 2126/7/950
f 2124/7/950 2123/7/950 2128/7/950
f 2124/7/950 2128/7/950 2129/7/950
f 2129/7/950 2130/7/950 2124/7/950
f 2130/7/950 2129/7/950 2131/7/950
f 2132/7/950 2130/7/950 2131/7/950
f 2132/7/950 2131/7/950 2133/7/950
f 2133/7/950 2134/7/950 2132/7/950
f 2134/7/950 2133/7/950 2135/7/950
f 2136/7/946 2137/7/946 2138/7/946
f 2138/7/946 2137/7/946 2139/7/946
f 2140/7/946 2139/7/946 2137/7/946
f 2139/7/946 2140/7/946 2141/7/946
f 2136/7/946 2138/7/946 2142/7/946
f 2143/7/946 2136/7/946 2142/7/946
f 2144/7/946 2143/7/946 2142/7/946
f 2143/7/946 2144/7/946 2145/7/946
f 2143/7/946 2145/7/946 2146/7/946
f 2147/7/946 2146/7/946 2145/7/946
f 2146/7/946 2147/7/946 2148/7/946
f 2149/7/950 2150/7/950 2151/7/950
f 2152/7/950 2150/7/950 2149/7/950
f 2152/7/950 2153/7/950 2150/7/950
f 2153/7/950 2152/7/950 2154/7/950
f 2155/7/950 2151/7/950 2150/7/950
f 2156/7/950 2151/7/950 2155/7/950
f 2151/7/950 2156/7/950 2157/7/950
f 2155/7/950 2158/7/950 2156/7/950
f 2159/7/946 2160/7/946 2161/7/946
f 2160/7/946 2159/7/946 2162/7/946
f 2163/7/946 2162/7/946 2159/7/946
f 2164/7/946 2162/7/946 2163/7/946
f 2162/7/946 2164/7/946 2165/7/946
f 2166/7/946 2165/7/946 2164/7/946
f 2165/7/946 2166/7/946 2167/7/946
f 2166/7/946 2164/7/946 2168/7/946
f 2169/7/976 2170/7/950 2171/7/950
f 2171/7/950 2170/7/950 2172/7/950
f 2170/7/950 2169/7/976 2173/7/950
f 2174/7/950 2169/7/976 2171/7/950
f 2175/7/950 2169/7/976 2174/7/950
f 2169/7/976 2175/7/950 2176/7/950
f 2175/7/950 2174/7/950 2177/7/950
f 2175/7/950 2177/7/950 2178/7/950
f 2179/7/946 2180/7/946 2181/7/946
f 2182/7/977 2180/7/946 2179/7/946
f 2182/7/977 2179/7/946 2183/7/946
f 2180/7/946 2182/7/977 2184/7/946
f 2185/7/946 2184/7/946 2182/7/977
f 2182/7/977 2186/7/946 2185/7/946
f 2184/7/946 2185/7/946 2187/7/946
f 2185/7/946 2188/7/946 2187/7/946
f 2189/7/950 2190/7/950 2191/7/950
f 2190/7/950 2189/7/950 2192/7/950
f 2193/7/946 2194/7/946 2195/7/946
f 2194/7/946 2196/7/946 2195/7/946
f 2197/7/889 2198/7/889 2199/7/889
f 2198/7/889 2197/7/889 2200/7/889
f 2201/7/978 2202/7/979 2203/7/979
f 2202/7/979 2204/7/902 2203/7/979
f 2202/7/979 2205/7/902 2204/7/902
f 2201/7/978 2203/7/979 2206/7/980
f 2206/7/980 2207/7/981 2201/7/978
f 2208/7/982 2201/7/978 2207/7/981
f 2209/7/983 2210/7/984 2211/7/983
f 2209/7/983 2211/7/983 2212/7/983
f 2213/7/975 2214/7/975 2215/7/975
f 2216/7/975 2215/7/975 2214/7/975
f 2217/7/985 2218/7/902 2219/7/985
f 2218/7/902 2220/7/902 2219/7/985
f 2221/7/986 2217/7/985 2219/7/985
f 2221/7/986 2219/7/985 2222/7/985
f 2223/7/987 2221/7/986 2222/7/985
f 2223/7/987 2222/7/985 2224/7/988
f 2223/7/987 2224/7/988 2225/7/989
f 2225/7/989 2224/7/988 2226/7/989
f 2227/7/990 2225/7/989 2226/7/989
f 2227/7/990 2226/7/989 2228/7/991
f 2227/7/990 2228/7/991 2229/7/992
f 2229/7/992 2228/7/991 2230/7/993
f 2229/7/992 2230/7/993 2231/7/994
f 2231/7/994 2230/7/993 2232/7/995
f 2233/7/902 2231/7/994 2232/7/995
f 2233/7/902 2232/7/995 2234/7/902
f 2235/7/996 2236/7/996 2237/7/997
f 2237/7/997 2238/7/998 2235/7/996
f 2236/7/996 2235/7/996 2239/7/999
f 2240/7/999 2236/7/996 2239/7/999
f 2239/7/999 2241/7/1000 2240/7/999
f 2241/7/1000 2239/7/999 2242/7/1000
f 2241/7/1000 2242/7/1000 2243/7/1001
f 2243/7/1001 2242/7/1000 2244/7/1002
f 2244/7/1002 2245/7/1003 2243/7/1001
f 2245/7/1003 2244/7/1002 2246/7/1004
f 2246/7/1004 2247/7/1005 2245/7/1003
f 2247/7/1005 2246/7/1004 2248/7/1006
o 83082267221283
v -0.970480 -0.271026 -0.235222
v -1.140552 -0.261426 -0.220564
v -1.039598 -0.087857 -0.220719
v -0.982832 -0.374914 -0.234519
v -1.172477 0.078889 -0.194725
v -0.885680 -0.369830 -0.251481
v -0.877143 -0.503720 -0.252839
v -0.948313 -0.107235 -0.237259
v -0.996318 0.105395 -0.217827
v -1.083783 0.098534 -0.201367
v -1.177388 0.201572 -0.161344
v -1.096040 0.216481 -0.166563
v -1.015373 0.238144 -0.179653
v -1.162282 0.257053 -0.101940
v -1.083449 0.274170 -0.104311
v -1.005641 0.301767 -0.110231
v -1.130380 0.274263 -0.026983
v -1.049347 0.290327 -0.025898
v -0.969312 0.317273 -0.022628
v -1.085343 0.266799 0.046208
v -0.997529 0.281038 0.051132
v -0.910468 0.305315 0.063682
v -1.030205 0.242047 0.098737
v -0.934261 0.254568 0.108021
v -0.838745 0.274923 0.129170
v -0.962370 0.202533 0.119795
v -0.861858 0.215656 0.133383
v -0.761639 0.232824 0.161274
v -0.857351 0.137526 0.132476
v -0.764326 0.162760 0.146539
v -0.672520 0.188198 0.175338
v -0.695451 0.043433 0.159111
v -0.627884 0.098228 0.167294
v 0.396741 -0.253753 -0.208023
v 0.407228 -0.064710 -0.183281
v 0.413226 -0.067185 -0.222750
v -1.015373 0.238144 -0.179653
v -1.005641 0.301767 -0.110231
v -0.992376 0.265827 -0.098727
v 0.394586 -0.252263 -0.168109
v -1.004606 0.217034 -0.147428
v 0.385492 -0.459299 -0.202008
v -0.996318 0.105395 -0.217827
v 0.386007 -0.459090 -0.162012
v -0.988610 0.099619 -0.179006
v 0.410397 -0.548064 -0.162538
v -0.948313 -0.107235 -0.237259
v 0.409480 -0.548075 -0.202530
v -0.941260 -0.108314 -0.197902
v 0.497803 -0.417784 -0.164582
v -0.878767 -0.370088 -0.212083
v 0.497288 -0.417867 -0.204579
v -0.885680 -0.369830 -0.251481
v 0.636639 -0.299647 -0.203733
v -0.877143 -0.503720 -0.252839
v 0.636065 -0.299345 -0.163738
v -0.870253 -0.503940 -0.213438
v 0.798463 -0.392472 -0.197803
v -0.982832 -0.374914 -0.234519
v 0.797445 -0.391732 -0.157823
v -0.977043 -0.375458 -0.194943
v 0.911641 -0.507303 -0.192539
v -1.140552 -0.261426 -0.220564
v 0.910661 -0.506515 -0.152559
v -1.140046 -0.263306 -0.180610
v 0.916085 -0.420387 -0.194377
v -1.281078 -0.402359 -0.191563
v 0.915350 -0.419453 -0.154394
v -1.276243 -0.400971 -0.231246
v 0.869975 -0.223489 -0.162548
v -1.364042 -0.547757 -0.207950
v 0.869078 -0.225234 -0.202499
v -1.358044 -0.546469 -0.247478
v 0.837299 -0.047896 -0.174132
v -1.379106 -0.414799 -0.206825
v 0.834063 -0.050013 -0.213944
v -1.373023 -0.413501 -0.246340
v 0.819145 0.091546 -0.182732
v -1.358702 -0.145891 -0.234999
v 0.813742 0.090770 -0.222358
v -1.365332 -0.147739 -0.195595
v 0.802881 0.202493 -0.178891
v -1.357390 0.062053 -0.181550
v 0.797465 0.208489 -0.218066
v -1.350465 0.068029 -0.220491
v 0.783296 0.301561 -0.181379
v -1.349932 0.182395 -0.150288
v 0.785591 0.280066 -0.147723
v -1.343042 0.201025 -0.185008
v 0.769970 0.362535 -0.100378
v -1.324384 0.268227 -0.112581
v 0.768886 0.325979 -0.084176
v -1.330557 0.234919 -0.091308
v 0.749300 0.334039 -0.011164
v -1.296749 0.289276 -0.019682
v 0.750162 0.373421 -0.004217
v -1.302564 0.250138 -0.013825
v 0.717740 0.322819 0.076354
v -1.264230 0.281815 0.069404
v 0.717511 0.291532 0.051434
v -1.270569 0.242748 0.063607
v 0.677350 0.236169 0.145294
v -1.223948 0.250961 0.131582
v 0.675860 0.211850 0.113571
v -1.231447 0.216821 0.112134
v 0.623087 0.119918 0.173517
v -1.164671 0.193823 0.154583
v 0.624389 0.138034 0.209156
v -1.172681 0.173081 0.121333
v 0.508362 0.002154 0.211584
v -1.048676 0.087946 0.168206
v 0.506464 0.012600 0.250150
v -1.055104 0.073975 0.131281
v 0.285598 -0.154585 0.214675
v -0.846060 -0.075417 0.200771
v 0.281075 -0.147637 0.253808
v -0.849539 -0.088674 0.163193
v -0.003771 -0.284727 0.204248
v -0.586378 -0.241998 0.194259
v -0.006924 -0.276550 0.243277
v -0.584713 -0.230659 0.232582
v -0.300828 -0.315466 0.202675
v -0.300937 -0.305651 0.241452
v -1.162282 0.257053 -0.101940
v -1.213067 0.276332 -0.024425
v -1.130380 0.274263 -0.026983
v -1.174410 0.269287 0.053992
v -1.085343 0.266799 0.046208
v -1.242820 0.257399 -0.105486
v -1.177388 0.201572 -0.161344
v -1.264230 0.281815 0.069404
v -1.296749 0.289276 -0.019682
v -1.223948 0.250961 0.131582
v -1.324384 0.268227 -0.112581
v -1.126860 0.242588 0.109227
v -1.164671 0.193823 0.154583
v -1.030205 0.242047 0.098737
v -1.063375 0.196155 0.130039
v -1.048676 0.087946 0.168206
v -0.962370 0.202533 0.119795
v -0.952405 0.112635 0.142973
v -0.846060 -0.075417 0.200771
v -0.857351 0.137526 0.132476
v -0.768970 -0.014925 0.173246
v -0.584713 -0.230659 0.232582
v -0.695451 0.043433 0.159111
v -0.538828 -0.134552 0.202949
v -0.300937 -0.305651 0.241452
v -0.498079 -0.041556 0.185047
v -0.293890 -0.189155 0.212185
v -0.290947 -0.075956 0.193845
v -0.006924 -0.276550 0.243277
v -0.075908 -0.046895 0.198857
v -0.039997 -0.160058 0.216215
v 0.141429 0.041954 0.212062
v 0.213154 -0.051001 0.229500
v 0.281075 -0.147637 0.253808
v 0.316536 0.149339 0.210184
v 0.414343 0.083033 0.228186
v -0.563887 0.150888 0.188871
v -0.498079 -0.041556 0.185047
v -0.465894 0.046251 0.186701
v -0.438846 0.130947 0.200088
v -0.290947 -0.075956 0.193845
v -0.294842 0.031748 0.193718
v -0.302839 0.136152 0.204518
v -0.160013 0.165012 0.206196
v -0.116541 0.060723 0.197673
v -0.075908 -0.046895 0.198857
v -0.018509 0.211912 0.206963
v 0.063363 0.128773 0.206078
v 0.141429 0.041954 0.212062
v 0.096286 0.264072 0.191365
v 0.209253 0.208768 0.198792
v 0.316536 0.149339 0.210184
v 0.164286 0.310070 0.146012
v 0.291621 0.274643 0.156917
v 0.412241 0.235079 0.170485
v 0.203825 0.351114 0.083076
v 0.335359 0.327317 0.094161
v 0.459717 0.300825 0.107684
v 0.239736 0.388796 0.016739
v 0.372878 0.371050 0.027714
v 0.498579 0.353985 0.040831
v 0.284408 0.413663 -0.056334
v 0.412266 0.396483 -0.043915
v 0.533895 0.383185 -0.031164
v 0.341544 0.411478 -0.137724
v 0.453228 0.390381 -0.121330
v 0.562415 0.374117 -0.108785
v 0.392600 0.359961 -0.204492
v 0.486289 0.337621 -0.182913
v 0.582152 0.319502 -0.169954
v 0.418838 0.245073 -0.234850
v 0.502951 0.231102 -0.209314
v 0.592815 0.219762 -0.195419
v 0.423045 0.093812 -0.236145
v 0.507824 0.097730 -0.212456
v 0.599638 0.099096 -0.199810
v 0.609672 -0.033135 -0.202036
v 0.506937 -0.039905 -0.209301
v 0.413226 -0.067185 -0.222750
v 0.493419 -0.201612 -0.205598
v 0.636639 -0.299647 -0.203733
v 0.396741 -0.253753 -0.208023
v 0.458122 -0.355003 -0.203686
v 0.497288 -0.417867 -0.204579
v 0.385492 -0.459299 -0.202008
v 0.409480 -0.548075 -0.202530
v 0.096286 0.264072 0.191365
v -0.018853 0.211815 0.166966
v -0.018509 0.211912 0.206963
v -0.160013 0.165012 0.206196
v 0.093568 0.254443 0.152637
v -0.159838 0.168037 0.166310
v 0.164286 0.310070 0.146012
v -0.302029 0.140441 0.164756
v 0.159346 0.285801 0.114604
v -0.302839 0.136152 0.204518
v 0.203825 0.351114 0.083076
v -0.435484 0.136394 0.160604
v 0.199643 0.319626 0.058765
v -0.438846 0.130947 0.200088
v 0.239736 0.388796 0.016739
v -0.557300 0.157517 0.149977
v 0.236270 0.354033 -0.002745
v -0.563887 0.150888 0.188871
v 0.284408 0.413663 -0.056334
v -0.663749 0.195858 0.137071
v 0.279865 0.375315 -0.066772
v -0.672520 0.188198 0.175338
v 0.341544 0.411478 -0.137724
v -0.751726 0.237553 0.122811
v 0.333594 0.372712 -0.131898
v -0.761639 0.232824 0.161274
v 0.392600 0.359961 -0.204492
v -0.838745 0.274923 0.129170
v 0.380796 0.333355 -0.177053
v -0.827358 0.262763 0.092804
v 0.418838 0.245073 -0.234850
v -0.910468 0.305315 0.063682
v 0.407053 0.237942 -0.197298
v -0.898476 0.274576 0.041069
v 0.423045 0.093812 -0.236145
v -0.969312 0.317273 -0.022628
v 0.413180 0.094622 -0.197390
v -0.956610 0.280206 -0.030677
v -1.259873 0.197921 -0.169242
v -1.172477 0.078889 -0.194725
v -1.343042 0.201025 -0.185008
v -1.263179 0.079646 -0.202674
v -1.350465 0.068029 -0.220491
v -1.272022 -0.109609 -0.219285
v -1.140552 -0.261426 -0.220564
v -1.358702 -0.145891 -0.234999
v -1.306684 -0.301162 -0.231694
v -1.276243 -0.400971 -0.231246
v -1.373023 -0.413501 -0.246340
v -1.358044 -0.546469 -0.247478
v 0.508362 0.002154 0.211584
v 0.285598 -0.154585 0.214675
v 0.415896 0.072883 0.189525
v 0.409284 0.214116 0.136547
v 0.316531 0.139019 0.171538
v 0.519892 0.169846 0.153217
v 0.623087 0.119918 0.173517
v 0.456593 0.272549 0.079564
v 0.570022 0.244199 0.094645
v 0.675860 0.211850 0.113571
v 0.496273 0.320252 0.019460
v 0.610929 0.306028 0.033584
v 0.717511 0.291532 0.051434
v 0.530629 0.343975 -0.038362
v 0.643610 0.337129 -0.025498
v 0.749300 0.334039 -0.011164
v 0.557094 0.337117 -0.094552
v 0.665137 0.328992 -0.087433
v 0.768886 0.325979 -0.084176
v 0.577225 0.297620 -0.136834
v 0.681749 0.286002 -0.138231
v 0.785591 0.280066 -0.147723
v 0.590192 0.213690 -0.155969
v 0.695562 0.206279 -0.161597
v 0.802881 0.202493 -0.178891
v 0.598086 0.098366 -0.159847
v 0.706863 0.096106 -0.165735
v 0.819145 0.091546 -0.182732
v 0.608755 -0.033090 -0.162046
v 0.722139 -0.030116 -0.164938
v 0.837299 -0.047896 -0.174132
v 0.759279 -0.183987 -0.162371
v 0.636065 -0.299345 -0.163738
v 0.869975 -0.223489 -0.162548
v 0.822469 -0.326975 -0.158259
v 0.797445 -0.391732 -0.157823
v 0.915350 -0.419453 -0.154394
v 0.910661 -0.506515 -0.152559
v 0.506464 0.012600 0.250150
v 0.412241 0.235079 0.170485
v 0.521672 0.188625 0.188489
v 0.624389 0.138034 0.209156
v 0.459717 0.300825 0.107684
v 0.572120 0.269844 0.125270
v 0.677350 0.236169 0.145294
v 0.498579 0.353985 0.040831
v 0.611880 0.338061 0.057521
v 0.717740 0.322819 0.076354
v 0.533895 0.383185 -0.031164
v 0.645144 0.376362 -0.017857
v 0.750162 0.373421 -0.004217
v 0.562415 0.374117 -0.108785
v 0.667440 0.365909 -0.102656
v 0.769970 0.362535 -0.100378
v 0.582152 0.319502 -0.169954
v 0.681637 0.308420 -0.171358
v 0.783296 0.301561 -0.181379
v 0.592815 0.219762 -0.195419
v 0.692264 0.212809 -0.200923
v 0.797465 0.208489 -0.218066
v 0.599638 0.099096 -0.199810
v 0.703174 0.096209 -0.205564
v 0.813742 0.090770 -0.222358
v 0.609672 -0.033135 -0.202036
v 0.719880 -0.031133 -0.204861
v 0.834063 -0.050013 -0.213944
v 0.758629 -0.185104 -0.202351
v 0.636639 -0.299647 -0.203733
v 0.869078 -0.225234 -0.202499
v 0.822932 -0.328049 -0.198242
v 0.798463 -0.392472 -0.197803
v 0.916085 -0.420387 -0.194377
v 0.911641 -0.507303 -0.192539
v -1.175772 0.180814 -0.127190
v -1.246569 0.222728 -0.085895
v -1.264719 0.177800 -0.135012
v -1.330557 0.234919 -0.091308
v -1.171988 0.072231 -0.155286
v -1.349932 0.182395 -0.150288
v -1.268373 0.072705 -0.163623
v -1.357390 0.062053 -0.181550
v -1.276896 -0.112197 -0.179666
v -1.140046 -0.263306 -0.180610
v -1.365332 -0.147739 -0.195595
v -1.311348 -0.302612 -0.191993
v -1.281078 -0.402359 -0.191563
v -1.379106 -0.414799 -0.206825
v -1.364042 -0.547757 -0.207950
v -0.621511 0.101345 0.127928
v -0.663749 0.195858 0.137071
v -0.557300 0.157517 0.149977
v -0.496281 -0.045948 0.145329
v -0.692606 0.038108 0.119569
v -0.462442 0.048734 0.146929
v -0.435484 0.136394 0.160604
v -0.289893 -0.079517 0.154019
v -0.293766 0.033732 0.153781
v -0.302029 0.140441 0.164756
v -0.159838 0.168037 0.166310
v -0.115632 0.062036 0.157706
v -0.073659 -0.049797 0.159024
v -0.018853 0.211815 0.166966
v 0.063878 0.127221 0.166111
v 0.144070 0.038343 0.172314
v 0.093568 0.254443 0.152637
v 0.207162 0.197289 0.160533
v 0.316531 0.139019 0.171538
v 0.159346 0.285801 0.114604
v 0.287459 0.250891 0.125002
v 0.409284 0.214116 0.136547
v 0.199643 0.319626 0.058765
v 0.331570 0.296683 0.068720
v 0.456593 0.272549 0.079564
v 0.236270 0.354033 -0.002745
v 0.369657 0.336262 0.008234
v 0.496273 0.320252 0.019460
v 0.279865 0.375315 -0.066772
v 0.407704 0.357562 -0.051941
v 0.530629 0.343975 -0.038362
v 0.333594 0.372712 -0.131898
v 0.445251 0.352823 -0.110113
v 0.557094 0.337117 -0.094552
v 0.380796 0.333355 -0.177053
v 0.476158 0.314815 -0.151652
v 0.577225 0.297620 -0.136834
v 0.407053 0.237942 -0.197298
v 0.493829 0.224981 -0.170851
v 0.590192 0.213690 -0.155969
v 0.413180 0.094622 -0.197390
v 0.500384 0.097723 -0.173155
v 0.598086 0.098366 -0.159847
v 0.502201 -0.038657 -0.169602
v 0.407228 -0.064710 -0.183281
v 0.608755 -0.033090 -0.162046
v 0.491295 -0.200542 -0.165669
v 0.394586 -0.252263 -0.168109
v 0.636065 -0.299345 -0.163738
v 0.457779 -0.354478 -0.163693
v 0.386007 -0.459090 -0.162012
v 0.497803 -0.417784 -0.164582
v 0.410397 -0.548064 -0.162538
v -1.216555 0.236703 -0.020251
v -1.159057 0.221463 -0.083970
v -1.127106 0.234407 -0.026112
v -1.178660 0.230342 0.045919
v -1.302564 0.250138 -0.013825
v -1.270569 0.242748 0.063607
v -1.231447 0.216821 0.112134
v -1.082981 0.228798 0.033945
v -1.132423 0.211372 0.084841
v -1.172681 0.173081 0.121333
v -1.028599 0.214287 0.069983
v -1.068660 0.178647 0.094464
v -1.055104 0.073975 0.131281
v -0.960716 0.191560 0.081364
v -0.956028 0.100448 0.105048
v -0.849539 -0.088674 0.163193
v -0.855025 0.132375 0.092878
v -0.770529 -0.026431 0.134968
v -0.586378 -0.241998 0.194259
v -0.692606 0.038108 0.119569
v -0.539478 -0.144326 0.164166
v -0.300828 -0.315466 0.202675
v -0.496281 -0.045948 0.145329
v -0.293453 -0.197491 0.173066
v -0.289893 -0.079517 0.154019
v -0.003771 -0.284727 0.204248
v -0.073659 -0.049797 0.159024
v -0.036999 -0.166919 0.176921
v 0.144070 0.038343 0.172314
v 0.217260 -0.057060 0.190175
v -0.965014 -0.271789 -0.195606
v -1.140046 -0.263306 -0.180610
v -0.977043 -0.375458 -0.194943
v -0.878767 -0.370088 -0.212083
v -0.870253 -0.503940 -0.213438
v -0.941260 -0.108314 -0.197902
v -1.034106 -0.089864 -0.181148
v -1.171988 0.072231 -0.155286
v -0.988610 0.099619 -0.179006
v -1.077645 0.091934 -0.162397
v -1.175772 0.180814 -0.127190
v -1.087723 0.195816 -0.133340
v -1.004606 0.217034 -0.147428
v -1.159057 0.221463 -0.083970
v -1.072968 0.238684 -0.089116
v -0.992376 0.265827 -0.098727
v -1.127106 0.234407 -0.026112
v -1.039103 0.251842 -0.029627
v -0.956610 0.280206 -0.030677
v -1.082981 0.228798 0.033945
v -0.988103 0.246439 0.033412
v -0.898476 0.274576 0.041069
v -1.028599 0.214287 0.069983
v -0.925156 0.233687 0.075141
v -0.827358 0.262763 0.092804
v -0.960716 0.191560 0.081364
v -0.853679 0.212834 0.094330
v -0.751726 0.237553 0.122811
v -0.855025 0.132375 0.092878
v -0.756760 0.166329 0.107425
vn -0.1369 0.0189 -0.9904
vn -0.0900 0.0417 -0.9951
vn -0.1376 0.0503 -0.9892
vn -0.1443 0.0133 -0.9894
vn -0.1136 0.1582 -0.9808
vn -0.1730 0.0058 -0.9849
vn -0.1719 0.0050 -0.9851
vn -0.1767 0.0272 -0.9839
vn -0.1928 0.1444 -0.9705
vn -0.1535 0.1647 -0.9743
vn -0.1523 0.4919 -0.8572
vn -0.2081 0.5166 -0.8305
vn -0.2697 0.5278 -0.8054
vn -0.1961 0.8632 -0.4652
vn -0.2621 0.8872 -0.3797
vn -0.3316 0.8984 -0.2879
vn -0.1973 0.9803 -0.0061
vn -0.2564 0.9621 0.0933
vn -0.3177 0.9266 0.2014
vn -0.1775 0.9303 0.3209
vn -0.2361 0.8650 0.4428
vn -0.2999 0.7682 0.5657
vn -0.1647 0.7269 0.6667
vn -0.2274 0.5222 0.8220
vn -0.2848 0.3041 0.9091
vn -0.1471 0.2279 0.9625
vn -0.2048 0.0709 0.9762
vn -0.2482 -0.1182 0.9615
vn -0.1398 -0.0098 0.9901
vn -0.1889 -0.0896 0.9779
vn -0.2194 -0.1913 0.9567
vn -0.1372 0.0179 0.9904
vn -0.1593 -0.0782 0.9841
vn -0.9963 0.0586 -0.0636
vn -0.9872 0.0505 -0.1515
vn -0.9869 0.0497 -0.1536
vn 0.9531 0.1685 -0.2516
vn 0.8950 0.2204 -0.3878
vn 0.8990 0.2148 -0.3817
vn -0.9964 0.0576 -0.0626
vn 0.9539 0.1695 -0.2477
vn -0.9941 -0.1080 -0.0021
vn 0.9628 0.2095 -0.1705
vn -0.9939 -0.1100 -0.0021
vn -0.1624 -0.9867 0.0043
vn 0.9582 0.2346 -0.1637
vn 0.7461 -0.6658 -0.0049
vn 0.9738 0.1518 -0.1695
vn 0.7461 -0.6659 -0.0050
vn 0.9738 0.1515 -0.1699
vn 0.0953 -0.9954 0.0034
vn 0.3628 -0.9274 -0.0905
vn 0.0895 -0.9960 0.0034
vn 0.3611 -0.9281 -0.0905
vn -0.6101 -0.7923 -0.0011
vn -0.6707 -0.7387 0.0676
vn -0.6101 -0.7923 -0.0012
vn -0.6736 -0.7358 0.0695
vn 0.3559 -0.9342 0.0229
vn 0.0867 -0.9960 0.0200
vn 0.3542 -0.9349 0.0229
vn 0.0896 -0.9958 0.0200
vn 0.9959 0.0906 0.0069
vn 0.7936 -0.6059 0.0561
vn 0.9960 0.0896 0.0069
vn 0.7911 -0.6092 0.0552
vn 0.9776 0.2077 -0.0349
vn -0.1936 -0.9775 -0.0843
vn 0.9775 0.2078 -0.0348
vn -0.1957 -0.9769 -0.0852
vn 0.9838 0.1573 -0.0858
vn -0.9875 -0.0259 -0.1555
vn 0.9840 0.1563 -0.0857
vn 0.9834 0.1367 -0.1190
vn -0.9854 0.0537 -0.1616
vn -0.9854 0.0538 -0.1615
vn 0.9826 0.1690 -0.0770
vn -0.9846 0.0734 -0.1585
vn 0.9826 0.1680 -0.0789
vn 0.9865 0.1593 0.0383
vn -0.9802 0.1885 -0.0609
vn 0.9868 0.1554 0.0461
vn -0.9806 0.1854 -0.0638
vn 0.9833 0.0638 0.1702
vn -0.9548 0.2630 0.1382
vn 0.9831 0.0598 0.1732
vn -0.9540 0.2622 0.1451
vn 0.9583 -0.0808 0.2742
vn -0.9300 0.1975 0.3100
vn 0.9596 -0.0748 0.2712
vn -0.9295 0.1955 0.3128
vn 0.9360 -0.2130 0.2802
vn -0.8807 0.0544 0.4705
vn 0.9360 -0.2181 0.2764
vn -0.8784 0.0497 0.4754
vn 0.9208 -0.3223 0.2198
vn -0.7332 -0.2497 0.6325
vn 0.9201 -0.3254 0.2179
vn -0.7196 -0.2749 0.6377
vn 0.8309 -0.5085 0.2257
vn -0.6045 -0.5622 0.5643
vn 0.8337 -0.5045 0.2247
vn -0.6056 -0.5709 0.5544
vn 0.6562 -0.7163 0.2374
vn -0.6182 -0.6795 0.3952
vn 0.6578 -0.7148 0.2373
vn -0.6184 -0.6797 0.3943
vn 0.4822 -0.8483 0.2189
vn -0.5670 -0.7593 0.3194
vn 0.4814 -0.8487 0.2190
vn -0.5659 -0.7601 0.3194
vn 0.2481 -0.9429 0.2224
vn -0.3847 -0.8791 0.2814
vn -0.3855 -0.8788 0.2813
vn -0.0781 -0.9655 0.2485
vn -0.0791 -0.9654 0.2484
vn 0.0235 0.9026 -0.4298
vn 0.0870 0.9908 -0.1041
vn 0.0263 0.9990 -0.0360
vn 0.1067 0.9736 0.2015
vn 0.0467 0.9558 0.2902
vn 0.0931 0.8666 -0.4902
vn 0.0586 0.5371 -0.8415
vn 0.1588 0.9766 0.1453
vn 0.1456 0.9784 -0.1467
vn 0.1873 0.8535 0.4863
vn 0.1541 0.8327 -0.5319
vn 0.1390 0.7803 0.6098
vn 0.2006 0.5182 0.8314
vn 0.0702 0.6542 0.7531
vn 0.1319 0.4379 0.8893
vn 0.1606 0.3492 0.9232
vn 0.0647 0.3161 0.9465
vn 0.0902 0.3046 0.9482
vn 0.0868 0.3318 0.9394
vn 0.0236 0.2616 0.9649
vn 0.0389 0.2875 0.9570
vn 0.0411 0.2835 0.9581
vn -0.0086 0.2382 0.9712
vn 0.0163 0.2442 0.9696
vn -0.0024 0.2454 0.9694
vn -0.0128 0.1965 0.9804
vn -0.0109 0.2085 0.9780
vn -0.0215 0.1624 0.9865
vn -0.0793 0.2045 0.9757
vn -0.0698 0.1326 0.9887
vn -0.0753 0.1714 0.9823
vn -0.0925 0.1228 0.9881
vn -0.1029 0.1514 0.9831
vn -0.1129 0.1741 0.9782
vn -0.0342 0.2280 0.9731
vn -0.0386 0.2542 0.9664
vn -0.1645 -0.1658 0.9723
vn -0.0824 0.0070 0.9966
vn -0.0861 -0.0619 0.9944
vn -0.0836 -0.1362 0.9871
vn -0.0324 -0.0003 0.9995
vn -0.0272 -0.0499 0.9984
vn -0.0203 -0.1071 0.9940
vn -0.0045 -0.0754 0.9971
vn -0.0229 -0.0329 0.9992
vn -0.0406 0.0018 0.9992
vn 0.0084 0.0022 1.0000
vn -0.0124 0.0386 0.9992
vn -0.0363 0.0533 0.9979
vn 0.0676 0.2409 0.9682
vn 0.0527 0.2867 0.9566
vn 0.0394 0.2923 0.9555
vn 0.1237 0.6066 0.7853
vn 0.1045 0.5936 0.7979
vn 0.0947 0.5830 0.8069
vn 0.1050 0.7869 0.6081
vn 0.0943 0.7658 0.6361
vn 0.0856 0.7456 0.6608
vn 0.0867 0.8690 0.4872
vn 0.0805 0.8697 0.4869
vn 0.0727 0.8713 0.4853
vn 0.1136 0.9586 0.2611
vn 0.1136 0.9731 0.2004
vn 0.1091 0.9840 0.1410
vn 0.1983 0.9693 -0.1454
vn 0.1995 0.9390 -0.2802
vn 0.1815 0.9083 -0.3768
vn 0.2953 0.6653 -0.6857
vn 0.2538 0.5700 -0.7815
vn 0.1989 0.5043 -0.8403
vn 0.2949 0.1782 -0.9387
vn 0.2283 0.1528 -0.9615
vn 0.1618 0.1371 -0.9772
vn 0.2464 -0.0202 -0.9690
vn 0.1855 -0.0000 -0.9826
vn 0.1230 0.0171 -0.9923
vn 0.0687 -0.0013 -0.9976
vn 0.1185 -0.0313 -0.9925
vn 0.1496 -0.0619 -0.9868
vn 0.0532 -0.0262 -0.9982
vn 0.0150 -0.0041 -0.9999
vn 0.0542 -0.0369 -0.9978
vn 0.0089 -0.0134 -0.9999
vn -0.0127 -0.0016 -0.9999
vn -0.0124 -0.0055 -0.9999
vn -0.0229 -0.0003 -0.9997
vn -0.4985 0.8464 -0.1873
vn -0.3524 0.9353 -0.0327
vn -0.3498 0.9364 -0.0288
vn -0.2502 0.9662 0.0620
vn -0.5170 0.8312 -0.2047
vn -0.2512 0.9660 0.0609
vn -0.7333 0.6105 -0.2992
vn -0.1173 0.9877 0.1034
vn -0.7531 0.5857 -0.2996
vn -0.1163 0.9877 0.1044
vn -0.8712 0.3797 -0.3113
vn 0.0538 0.9880 0.1445
vn -0.8726 0.3756 -0.3122
vn 0.0559 0.9878 0.1454
vn -0.8716 0.2992 -0.3883
vn 0.2221 0.9542 0.2002
vn -0.8706 0.2983 -0.3913
vn 0.2242 0.9535 0.2012
vn -0.8204 0.2225 -0.5267
vn 0.3462 0.9083 0.2350
vn -0.8195 0.2207 -0.5288
vn -0.7881 0.0459 -0.6139
vn 0.3970 0.9090 0.1270
vn -0.7881 0.0391 -0.6143
vn 0.3974 0.9074 0.1368
vn -0.8479 -0.1046 -0.5197
vn 0.4639 0.8722 -0.1552
vn -0.8546 -0.1072 -0.5081
vn 0.4740 0.8608 -0.1855
vn -0.9376 -0.0822 -0.3377
vn 0.6312 0.6484 -0.4257
vn -0.9380 -0.0812 -0.3369
vn 0.6423 0.6327 -0.4326
vn -0.9711 -0.0009 -0.2387
vn 0.7919 0.3891 -0.4706
vn -0.9713 0.0001 -0.2378
vn 0.7963 0.3825 -0.4687
vn 0.1213 0.5032 -0.8556
vn 0.0861 0.1726 -0.9812
vn 0.1725 0.4656 -0.8680
vn 0.1302 0.1737 -0.9762
vn 0.1735 0.1490 -0.9735
vn 0.1218 0.0651 -0.9904
vn 0.0650 0.0524 -0.9965
vn 0.1657 0.0463 -0.9851
vn 0.1165 0.0362 -0.9925
vn 0.1206 0.0346 -0.9921
vn 0.1521 0.0323 -0.9878
vn 0.1503 0.0323 -0.9881
vn 0.0475 -0.2602 -0.9644
vn 0.1135 -0.1731 -0.9783
vn 0.0390 -0.2520 -0.9669
vn -0.0550 -0.4674 -0.8823
vn 0.0363 -0.2220 -0.9744
vn -0.0449 -0.4704 -0.8813
vn -0.0336 -0.4546 -0.8901
vn -0.0715 -0.6641 -0.7442
vn -0.0523 -0.6398 -0.7668
vn -0.0359 -0.6072 -0.7937
vn -0.0410 -0.8027 -0.5950
vn -0.0212 -0.7951 -0.6061
vn -0.0015 -0.7768 -0.6298
vn -0.0499 -0.9697 -0.2393
vn -0.0358 -0.9791 -0.2004
vn -0.0194 -0.9850 -0.1713
vn -0.0842 -0.9437 0.3199
vn -0.0579 -0.9230 0.3803
vn -0.0261 -0.9121 0.4091
vn -0.0511 -0.5865 0.8083
vn 0.0032 -0.5544 0.8323
vn 0.0598 -0.5256 0.8487
vn 0.0288 -0.1538 0.9877
vn 0.0827 -0.1541 0.9846
vn 0.1354 -0.1406 0.9808
vn 0.0464 -0.0170 0.9988
vn 0.0919 -0.0003 0.9958
vn 0.1343 0.0202 0.9907
vn 0.0233 0.0006 0.9997
vn 0.0564 0.0250 0.9981
vn 0.0814 0.0527 0.9953
vn 0.0159 0.0284 0.9995
vn -0.0130 0.0111 0.9999
vn 0.0224 0.0437 0.9988
vn -0.0115 0.0270 0.9996
vn -0.0255 0.0188 0.9995
vn -0.0180 0.0235 0.9996
vn -0.0245 0.0200 0.9995
vn -0.0470 0.2611 0.9642
vn 0.0561 0.4733 0.8791
vn 0.0447 0.4696 0.8817
vn 0.0325 0.4526 0.8911
vn 0.0700 0.6672 0.7416
vn 0.0529 0.6408 0.7659
vn 0.0374 0.6079 0.7932
vn 0.0418 0.8118 0.5824
vn 0.0233 0.8007 0.5985
vn 0.0056 0.7822 0.6230
vn 0.0540 0.9743 0.2188
vn 0.0383 0.9809 0.1907
vn 0.0210 0.9847 0.1732
vn 0.0852 0.9384 -0.3348
vn 0.0575 0.9231 -0.3803
vn 0.0267 0.9137 -0.4054
vn 0.0490 0.5842 -0.8101
vn -0.0030 0.5602 -0.8283
vn -0.0571 0.5377 -0.8412
vn -0.0292 0.1648 -0.9859
vn -0.0828 0.1629 -0.9832
vn -0.1356 0.1495 -0.9794
vn -0.0478 0.0189 -0.9987
vn -0.0924 0.0022 -0.9957
vn -0.1346 -0.0191 -0.9907
vn -0.0236 -0.0006 -0.9997
vn -0.0567 -0.0250 -0.9981
vn -0.0807 -0.0527 -0.9953
vn -0.0162 -0.0284 -0.9995
vn 0.0137 -0.0110 -0.9998
vn -0.0227 -0.0437 -0.9988
vn 0.0121 -0.0269 -0.9996
vn 0.0251 -0.0189 -0.9995
vn 0.0187 -0.0234 -0.9996
vn 0.0242 -0.0200 -0.9995
vn -0.0550 -0.5377 0.8414
vn -0.0937 -0.8704 0.4833
vn -0.1210 -0.4994 0.8579
vn -0.1543 -0.8338 0.5301
vn -0.0830 -0.1666 0.9825
vn -0.1713 -0.4606 0.8709
vn -0.1281 -0.1677 0.9775
vn -0.1722 -0.1458 0.9742
vn -0.1203 -0.0639 0.9907
vn -0.0653 -0.0522 0.9965
vn -0.1650 -0.0463 0.9852
vn -0.1159 -0.0361 0.9926
vn -0.1200 -0.0345 0.9922
vn -0.1515 -0.0323 0.9879
vn -0.1496 -0.0322 0.9882
vn 0.1584 0.0752 -0.9845
vn 0.2174 0.1882 -0.9578
vn 0.1654 0.1640 -0.9725
vn 0.0820 -0.0080 -0.9966
vn 0.1360 -0.0190 -0.9905
vn 0.0859 0.0610 -0.9944
vn 0.0843 0.1354 -0.9872
vn 0.0322 -0.0006 -0.9995
vn 0.0271 0.0490 -0.9984
vn 0.0201 0.1062 -0.9941
vn 0.0051 0.0755 -0.9971
vn 0.0226 0.0319 -0.9992
vn 0.0404 -0.0028 -0.9992
vn -0.0069 -0.0001 -1.0000
vn 0.0140 -0.0375 -0.9992
vn 0.0378 -0.0512 -0.9980
vn -0.0658 -0.2308 -0.9708
vn -0.0529 -0.2876 -0.9563
vn -0.0405 -0.2944 -0.9548
vn -0.1288 -0.6081 -0.7834
vn -0.1055 -0.5964 -0.7957
vn -0.0950 -0.5922 -0.8002
vn -0.1061 -0.7903 -0.6035
vn -0.0946 -0.7676 -0.6338
vn -0.0847 -0.7484 -0.6578
vn -0.0861 -0.8675 -0.4899
vn -0.0794 -0.8681 -0.4900
vn -0.0709 -0.8727 -0.4831
vn -0.1093 -0.9566 -0.2700
vn -0.1102 -0.9718 -0.2083
vn -0.1071 -0.9846 -0.1378
vn -0.1927 -0.9729 0.1277
vn -0.1978 -0.9413 0.2735
vn -0.1820 -0.9042 0.3864
vn -0.2978 -0.6639 0.6860
vn -0.2555 -0.5619 0.7868
vn -0.1990 -0.4815 0.8535
vn -0.2976 -0.1648 0.9404
vn -0.2286 -0.1410 0.9633
vn -0.1609 -0.1254 0.9790
vn -0.2466 0.0202 0.9689
vn -0.1850 0.0010 0.9827
vn -0.1225 -0.0161 0.9923
vn -0.1179 0.0314 0.9925
vn -0.1509 0.0618 0.9866
vn -0.0681 0.0024 0.9977
vn -0.0525 0.0263 0.9983
vn -0.0546 0.0379 0.9978
vn -0.0153 0.0041 0.9999
vn -0.0083 0.0135 0.9999
vn 0.0131 0.0056 0.9999
vn 0.0133 0.0026 0.9999
vn -0.0854 -0.9916 0.0972
vn -0.0213 -0.9109 0.4121
vn -0.0238 -0.9993 0.0271
vn -0.1029 -0.9756 -0.1938
vn -0.1458 -0.9791 0.1418
vn -0.1548 -0.9785 -0.1365
vn -0.1843 -0.8646 -0.4675
vn -0.0383 -0.9605 -0.2755
vn -0.1405 -0.7784 -0.6118
vn -0.2089 -0.4966 -0.8425
vn -0.0705 -0.6238 -0.7784
vn -0.1317 -0.4221 -0.8970
vn -0.1620 -0.3483 -0.9233
vn -0.0646 -0.2996 -0.9519
vn -0.0897 -0.3025 -0.9489
vn -0.0872 -0.3309 -0.9396
vn -0.0232 -0.2586 -0.9657
vn -0.0383 -0.2863 -0.9574
vn -0.0414 -0.2835 -0.9581
vn 0.0101 -0.2360 -0.9717
vn -0.0156 -0.2441 -0.9696
vn 0.0031 -0.2454 -0.9694
vn 0.0123 -0.1956 -0.9806
vn 0.0115 -0.2084 -0.9780
vn 0.0211 -0.1615 -0.9867
vn 0.0789 -0.2045 -0.9757
vn 0.0694 -0.1317 -0.9889
vn 0.0750 -0.1714 -0.9823
vn 0.0931 -0.1218 -0.9882
vn 0.1025 -0.1504 -0.9833
vn 0.1366 -0.0189 0.9904
vn 0.0898 -0.0426 0.9950
vn 0.1440 -0.0134 0.9895
vn 0.1727 -0.0061 0.9850
vn 0.1716 -0.0051 0.9851
vn 0.1755 -0.0273 0.9841
vn 0.1363 -0.0494 0.9894
vn 0.1109 -0.1535 0.9819
vn 0.1930 -0.1385 0.9714
vn 0.1515 -0.1569 0.9759
vn 0.1501 -0.4796 0.8646
vn 0.2073 -0.5107 0.8344
vn 0.2720 -0.5230 0.8078
vn 0.1948 -0.8618 0.4683
vn 0.2621 -0.8901 0.3728
vn 0.3325 -0.9026 0.2734
vn 0.1950 -0.9808 -0.0036
vn 0.2540 -0.9619 -0.1010
vn 0.3165 -0.9252 -0.2092
vn 0.1779 -0.9354 -0.3055
vn 0.2364 -0.8708 -0.4311
vn 0.3080 -0.7749 -0.5519
vn 0.1670 -0.7531 -0.6364
vn 0.2274 -0.5151 -0.8264
vn 0.2818 -0.2848 -0.9162
vn 0.1313 -0.1970 -0.9716
vn 0.1990 -0.0635 -0.9779
vn 0.2394 0.1263 -0.9627
vn 0.1329 0.0062 -0.9911
vn 0.1855 0.0893 -0.9786
vt 0.000000 0.000000
s 1
f 2249/8/1007 2250/8/1008 2251/8/1009
f 2250/8/1008 2249/8/1007 2252/8/1010
f 2253/8/1011 2251/8/1009 2250/8/1008
f 2254/8/1012 2252/8/1010 2249/8/1007
f 2252/8/1010 2254/8/1012 2255/8/1013
f 2256/8/1014 2254/8/1012 2249/8/1007
f 2256/8/1014 2249/8/1007 2251/8/1009
f 2251/8/1009 2257/8/1015 2256/8/1014
f 2251/8/1009 2253/8/1011 2258/8/1016
f 2257/8/1015 2251/8/1009 2258/8/1016
f 2259/8/1017 2258/8/1016 2253/8/1011
f 2260/8/1018 2257/8/1015 2258/8/1016
f 2258/8/1016 2259/8/1017 2260/8/1018
f 2257/8/1015 2260/8/1018 2261/8/1019
f 2262/8/1020 2260/8/1018 2259/8/1017
f 2263/8/1021 2261/8/1019 2260/8/1018
f 2260/8/1018 2262/8/1020 2263/8/1021
f 2261/8/1019 2263/8/1021 2264/8/1022
f 2265/8/1023 2263/8/1021 2262/8/1020
f 2266/8/1024 2264/8/1022 2263/8/1021
f 2263/8/1021 2265/8/1023 2266/8/1024
f 2264/8/1022 2266/8/1024 2267/8/1025
f 2268/8/1026 2266/8/1024 2265/8/1023
f 2269/8/1027 2267/8/1025 2266/8/1024
f 2266/8/1024 2268/8/1026 2269/8/1027
f 2267/8/1025 2269/8/1027 2270/8/1028
f 2271/8/1029 2269/8/1027 2268/8/1026
f 2272/8/1030 2270/8/1028 2269/8/1027
f 2269/8/1027 2271/8/1029 2272/8/1030
f 2270/8/1028 2272/8/1030 2273/8/1031
f 2274/8/1032 2272/8/1030 2271/8/1029
f 2275/8/1033 2273/8/1031 2272/8/1030
f 2272/8/1030 2274/8/1032 2275/8/1033
f 2273/8/1031 2275/8/1033 2276/8/1034
f 2277/8/1035 2275/8/1033 2274/8/1032
f 2278/8/1036 2276/8/1034 2275/8/1033
f 2275/8/1033 2277/8/1035 2278/8/1036
f 2276/8/1034 2278/8/1036 2279/8/1037
f 2280/8/1038 2278/8/1036 2277/8/1035
f 2281/8/1039 2279/8/1037 2278/8/1036
f 2278/8/1036 2280/8/1038 2281/8/1039
f 2282/8/1040 2283/8/1041 2284/8/1042
f 2285/8/1043 2286/8/1044 2287/8/1045
f 2283/8/1041 2282/8/1040 2288/8/1046
f 2285/8/1043 2287/8/1045 2289/8/1047
f 2290/8/1048 2288/8/1046 2282/8/1040
f 2291/8/1049 2285/8/1043 2289/8/1047
f 2288/8/1046 2290/8/1048 2292/8/1050
f 2289/8/1047 2293/8/1049 2291/8/1049
f 2294/8/1051 2292/8/1050 2290/8/1048
f 2293/8/1049 2295/8/1052 2291/8/1049
f 2294/8/1051 2290/8/1048 2296/8/1051
f 2293/8/1049 2297/8/1052 2295/8/1052
f 2298/8/1053 2294/8/1051 2296/8/1051
f 2299/8/1054 2295/8/1052 2297/8/1052
f 2298/8/1053 2296/8/1051 2300/8/1055
f 2295/8/1052 2299/8/1054 2301/8/1056
f 2302/8/1057 2298/8/1053 2300/8/1055
f 2299/8/1054 2303/8/1058 2301/8/1056
f 2298/8/1053 2302/8/1057 2304/8/1059
f 2299/8/1054 2305/8/1060 2303/8/1058
f 2306/8/1061 2304/8/1059 2302/8/1057
f 2305/8/1060 2307/8/1062 2303/8/1058
f 2304/8/1059 2306/8/1061 2308/8/1063
f 2305/8/1060 2309/8/1064 2307/8/1062
f 2310/8/1065 2308/8/1063 2306/8/1061
f 2309/8/1064 2311/8/1066 2307/8/1062
f 2308/8/1063 2310/8/1065 2312/8/1067
f 2309/8/1064 2313/8/1068 2311/8/1066
f 2314/8/1069 2312/8/1067 2310/8/1065
f 2315/8/1070 2311/8/1066 2313/8/1068
f 2312/8/1067 2314/8/1069 2316/8/1071
f 2311/8/1066 2315/8/1070 2317/8/1072
f 2318/8/1073 2316/8/1071 2314/8/1069
f 2319/8/1074 2317/8/1072 2315/8/1070
f 2318/8/1073 2314/8/1069 2320/8/1075
f 2317/8/1072 2319/8/1074 2321/8/1076
f 2322/8/1077 2318/8/1073 2320/8/1075
f 2323/8/1078 2321/8/1076 2319/8/1074
f 2322/8/1077 2320/8/1075 2324/8/1079
f 2321/8/1076 2323/8/1078 2325/8/1078
f 2326/8/1080 2322/8/1077 2324/8/1079
f 2323/8/1078 2327/8/1081 2325/8/1078
f 2326/8/1080 2324/8/1079 2328/8/1080
f 2323/8/1078 2329/8/1082 2327/8/1081
f 2330/8/1083 2326/8/1080 2328/8/1080
f 2331/8/1084 2327/8/1081 2329/8/1082
f 2330/8/1083 2328/8/1080 2332/8/1085
f 2327/8/1081 2331/8/1084 2333/8/1084
f 2334/8/1086 2330/8/1083 2332/8/1085
f 2335/8/1087 2333/8/1084 2331/8/1084
f 2330/8/1083 2334/8/1086 2336/8/1088
f 2333/8/1084 2335/8/1087 2337/8/1089
f 2338/8/1090 2336/8/1088 2334/8/1086
f 2335/8/1087 2339/8/1091 2337/8/1089
f 2336/8/1088 2338/8/1090 2340/8/1092
f 2339/8/1091 2335/8/1087 2341/8/1093
f 2338/8/1090 2342/8/1094 2340/8/1092
f 2343/8/1095 2339/8/1091 2341/8/1093
f 2342/8/1094 2338/8/1090 2344/8/1096
f 2343/8/1095 2341/8/1093 2345/8/1097
f 2346/8/1098 2342/8/1094 2344/8/1096
f 2347/8/1099 2343/8/1095 2345/8/1097
f 2342/8/1094 2346/8/1098 2348/8/1100
f 2345/8/1097 2349/8/1101 2347/8/1099
f 2350/8/1102 2348/8/1100 2346/8/1098
f 2351/8/1103 2347/8/1099 2349/8/1101
f 2348/8/1100 2350/8/1102 2352/8/1104
f 2349/8/1101 2353/8/1105 2351/8/1103
f 2354/8/1106 2352/8/1104 2350/8/1102
f 2355/8/1107 2351/8/1103 2353/8/1105
f 2350/8/1102 2356/8/1108 2354/8/1106
f 2353/8/1105 2357/8/1109 2355/8/1107
f 2358/8/1110 2354/8/1106 2356/8/1108
f 2357/8/1109 2359/8/1111 2355/8/1107
f 2356/8/1108 2360/8/1112 2358/8/1110
f 2359/8/1111 2357/8/1109 2361/8/1113
f 2360/8/1112 2362/8/1114 2358/8/1110
f 2361/8/1113 2363/8/1115 2359/8/1111
f 2360/8/1112 2364/8/1116 2362/8/1114
f 2363/8/1115 2361/8/1113 2365/8/1117
f 2364/8/1116 2366/8/1118 2362/8/1114
f 2367/8/1119 2363/8/1115 2365/8/1117
f 2366/8/1118 2364/8/1116 2368/8/1118
f 2363/8/1115 2367/8/1119 2369/8/1120
f 2368/8/1118 2370/8/1121 2366/8/1118
f 2370/8/1121 2369/8/1120 2367/8/1119
f 2370/8/1121 2368/8/1118 2371/8/1122
f 2369/8/1120 2370/8/1121 2371/8/1122
f 2372/8/1123 2373/8/1124 2374/8/1125
f 2375/8/1126 2374/8/1125 2373/8/1124
f 2374/8/1125 2375/8/1126 2376/8/1127
f 2373/8/1124 2372/8/1123 2377/8/1128
f 2378/8/1129 2377/8/1128 2372/8/1123
f 2373/8/1124 2379/8/1130 2375/8/1126
f 2379/8/1130 2373/8/1124 2380/8/1131
f 2377/8/1128 2380/8/1131 2373/8/1124
f 2381/8/1132 2375/8/1126 2379/8/1130
f 2380/8/1131 2377/8/1128 2382/8/1133
f 2375/8/1126 2381/8/1132 2383/8/1134
f 2383/8/1134 2376/8/1127 2375/8/1126
f 2384/8/1135 2383/8/1134 2381/8/1132
f 2376/8/1127 2383/8/1134 2385/8/1136
f 2383/8/1134 2384/8/1135 2386/8/1137
f 2386/8/1137 2385/8/1136 2383/8/1134
f 2387/8/1138 2386/8/1137 2384/8/1135
f 2385/8/1136 2386/8/1137 2388/8/1139
f 2386/8/1137 2387/8/1138 2389/8/1140
f 2389/8/1140 2388/8/1139 2386/8/1137
f 2390/8/1141 2389/8/1140 2387/8/1138
f 2388/8/1139 2389/8/1140 2391/8/1142
f 2389/8/1140 2390/8/1141 2392/8/1143
f 2392/8/1143 2391/8/1142 2389/8/1140
f 2393/8/1144 2392/8/1143 2390/8/1141
f 2391/8/1142 2392/8/1143 2394/8/1145
f 2392/8/1143 2393/8/1144 2395/8/1146
f 2395/8/1146 2394/8/1145 2392/8/1143
f 2396/8/1147 2395/8/1146 2393/8/1144
f 2394/8/1145 2395/8/1146 2397/8/1148
f 2395/8/1146 2396/8/1147 2398/8/1149
f 2398/8/1149 2397/8/1148 2395/8/1146
f 2397/8/1148 2398/8/1149 2399/8/1150
f 2400/8/1151 2398/8/1149 2396/8/1147
f 2398/8/1149 2401/8/1152 2399/8/1150
f 2401/8/1152 2398/8/1149 2402/8/1153
f 2398/8/1149 2400/8/1151 2402/8/1153
f 2402/8/1153 2403/8/1154 2401/8/1152
f 2400/8/1151 2404/8/1155 2402/8/1153
f 2403/8/1154 2402/8/1153 2404/8/1155
f 2404/8/1155 2400/8/1151 2405/8/1156
f 2404/8/1155 2406/8/1157 2403/8/1154
f 2405/8/1156 2407/8/1158 2404/8/1155
f 2406/8/1157 2404/8/1155 2407/8/1158
f 2279/8/1037 2281/8/1039 2408/8/1159
f 2409/8/1160 2281/8/1039 2280/8/1038
f 2410/8/1161 2408/8/1159 2281/8/1039
f 2281/8/1039 2409/8/1160 2410/8/1161
f 2408/8/1159 2410/8/1161 2411/8/1162
f 2412/8/1163 2410/8/1161 2409/8/1160
f 2413/8/1164 2411/8/1162 2410/8/1161
f 2410/8/1161 2412/8/1163 2413/8/1164
f 2411/8/1162 2413/8/1164 2414/8/1165
f 2413/8/1164 2415/8/1166 2414/8/1165
f 2412/8/1163 2416/8/1167 2413/8/1164
f 2415/8/1166 2413/8/1164 2416/8/1167
f 2416/8/1167 2412/8/1163 2417/8/1168
f 2416/8/1167 2418/8/1169 2415/8/1166
f 2417/8/1168 2419/8/1170 2416/8/1167
f 2418/8/1169 2416/8/1167 2419/8/1170
f 2419/8/1170 2417/8/1168 2420/8/1171
f 2419/8/1170 2421/8/1172 2418/8/1169
f 2420/8/1171 2422/8/1173 2419/8/1170
f 2419/8/1170 2422/8/1173 2421/8/1172
f 2420/8/1171 2423/8/1174 2422/8/1173
f 2422/8/1173 2424/8/1175 2421/8/1172
f 2423/8/1174 2425/8/1176 2422/8/1173
f 2422/8/1173 2425/8/1176 2424/8/1175
f 2423/8/1174 2426/8/1177 2425/8/1176
f 2424/8/1175 2425/8/1176 2427/8/1178
f 2428/8/1179 2425/8/1176 2426/8/1177
f 2427/8/1178 2425/8/1176 2428/8/1179
f 2429/8/1180 2428/8/1179 2426/8/1177
f 2427/8/1178 2428/8/1179 2430/8/1181
f 2428/8/1179 2429/8/1180 2431/8/1182
f 2430/8/1181 2428/8/1179 2431/8/1182
f 2431/8/1182 2429/8/1180 2432/8/1183
f 2430/8/1181 2431/8/1182 2433/8/1184
f 2431/8/1182 2432/8/1183 2434/8/1185
f 2433/8/1184 2431/8/1182 2434/8/1185
f 2434/8/1185 2432/8/1183 2435/8/1186
f 2433/8/1184 2434/8/1185 2436/8/1187
f 2434/8/1185 2435/8/1186 2437/8/1188
f 2436/8/1187 2434/8/1185 2437/8/1188
f 2437/8/1188 2435/8/1186 2438/8/1189
f 2436/8/1187 2437/8/1188 2439/8/1190
f 2438/8/1189 2440/8/1191 2437/8/1188
f 2439/8/1190 2437/8/1188 2440/8/1191
f 2440/8/1191 2438/8/1189 2441/8/1192
f 2442/8/1193 2439/8/1190 2440/8/1191
f 2443/8/1194 2440/8/1191 2441/8/1192
f 2443/8/1194 2442/8/1193 2440/8/1191
f 2444/8/1195 2443/8/1194 2441/8/1192
f 2445/8/1196 2442/8/1193 2443/8/1194
f 2446/8/1197 2443/8/1194 2444/8/1195
f 2446/8/1197 2445/8/1196 2443/8/1194
f 2447/8/1198 2446/8/1197 2444/8/1195
f 2448/8/1199 2446/8/1197 2447/8/1198
f 2449/8/1200 2445/8/1196 2446/8/1197
f 2446/8/1197 2448/8/1199 2449/8/1200
f 2445/8/1196 2449/8/1200 2450/8/1201
f 2451/8/1202 2449/8/1200 2448/8/1199
f 2451/8/1202 2450/8/1201 2449/8/1200
f 2452/8/1203 2451/8/1202 2448/8/1199
f 2450/8/1201 2451/8/1202 2453/8/1204
f 2454/8/1205 2451/8/1202 2452/8/1203
f 2453/8/1204 2451/8/1202 2454/8/1205
f 2452/8/1203 2455/8/1206 2454/8/1205
f 2456/8/1207 2453/8/1204 2454/8/1205
f 2455/8/1206 2456/8/1207 2454/8/1205
f 2456/8/1207 2455/8/1206 2457/8/1208
f 2458/8/1209 2459/8/1210 2460/8/1211
f 2461/8/1212 2460/8/1211 2459/8/1210
f 2459/8/1210 2458/8/1209 2462/8/1213
f 2461/8/1212 2459/8/1210 2463/8/1214
f 2464/8/1215 2462/8/1213 2458/8/1209
f 2465/8/1216 2461/8/1212 2463/8/1214
f 2462/8/1213 2464/8/1215 2466/8/1217
f 2461/8/1212 2465/8/1216 2467/8/1218
f 2468/8/1219 2466/8/1217 2464/8/1215
f 2469/8/1220 2467/8/1218 2465/8/1216
f 2466/8/1217 2468/8/1219 2470/8/1221
f 2467/8/1218 2469/8/1220 2471/8/1222
f 2472/8/1223 2470/8/1221 2468/8/1219
f 2473/8/1224 2471/8/1222 2469/8/1220
f 2470/8/1221 2472/8/1223 2474/8/1225
f 2471/8/1222 2473/8/1224 2475/8/1226
f 2476/8/1227 2474/8/1225 2472/8/1223
f 2477/8/1228 2475/8/1226 2473/8/1224
f 2474/8/1225 2476/8/1227 2478/8/1229
f 2475/8/1226 2477/8/1228 2479/8/1228
f 2480/8/1230 2478/8/1229 2476/8/1227
f 2481/8/1231 2479/8/1228 2477/8/1228
f 2478/8/1229 2480/8/1230 2482/8/1232
f 2479/8/1228 2481/8/1231 2483/8/1233
f 2484/8/1234 2482/8/1232 2480/8/1230
f 2485/8/1235 2483/8/1233 2481/8/1231
f 2482/8/1232 2484/8/1234 2486/8/1236
f 2485/8/1235 2481/8/1231 2487/8/1237
f 2488/8/1238 2486/8/1236 2484/8/1234
f 2489/8/1239 2485/8/1235 2487/8/1237
f 2486/8/1236 2488/8/1238 2490/8/1240
f 2487/8/1237 2491/8/1241 2489/8/1239
f 2492/8/1242 2490/8/1240 2488/8/1238
f 2491/8/1241 2493/8/1243 2489/8/1239
f 2490/8/1240 2492/8/1242 2494/8/1244
f 2493/8/1243 2491/8/1241 2495/8/1245
f 2284/8/1042 2494/8/1244 2492/8/1242
f 2495/8/1245 2286/8/1044 2493/8/1243
f 2494/8/1244 2284/8/1042 2283/8/1041
f 2286/8/1044 2495/8/1245 2287/8/1045
f 2377/8/1128 2378/8/1129 2496/8/1246
f 2496/8/1246 2382/8/1133 2377/8/1128
f 2497/8/1247 2496/8/1246 2378/8/1129
f 2382/8/1133 2496/8/1246 2498/8/1248
f 2499/8/1249 2498/8/1248 2496/8/1246
f 2496/8/1246 2497/8/1247 2499/8/1249
f 2498/8/1248 2499/8/1249 2500/8/1250
f 2497/8/1247 2501/8/1251 2499/8/1249
f 2501/8/1251 2500/8/1250 2499/8/1249
f 2497/8/1247 2502/8/1252 2501/8/1251
f 2500/8/1250 2501/8/1251 2503/8/1253
f 2504/8/1254 2501/8/1251 2502/8/1252
f 2503/8/1253 2501/8/1251 2504/8/1254
f 2502/8/1252 2505/8/1255 2504/8/1254
f 2506/8/1256 2503/8/1253 2504/8/1254
f 2505/8/1255 2506/8/1256 2504/8/1254
f 2506/8/1256 2505/8/1255 2507/8/1257
f 2508/8/1258 2509/8/1259 2510/8/1260
f 2511/8/1261 2510/8/1260 2512/8/1262
f 2513/8/1263 2508/8/1258 2510/8/1260
f 2513/8/1263 2510/8/1260 2511/8/1261
f 2514/8/1264 2508/8/1258 2513/8/1263
f 2511/8/1261 2515/8/1265 2513/8/1263
f 2513/8/1263 2516/8/1266 2514/8/1264
f 2515/8/1265 2516/8/1266 2513/8/1263
f 2516/8/1266 2517/8/1267 2514/8/1264
f 2516/8/1266 2515/8/1265 2518/8/1268
f 2516/8/1266 2519/8/1269 2517/8/1267
f 2518/8/1268 2519/8/1269 2516/8/1266
f 2519/8/1269 2520/8/1270 2517/8/1267
f 2519/8/1269 2518/8/1268 2521/8/1271
f 2520/8/1270 2519/8/1269 2522/8/1272
f 2521/8/1271 2522/8/1272 2519/8/1269
f 2522/8/1272 2523/8/1273 2520/8/1270
f 2522/8/1272 2521/8/1271 2524/8/1274
f 2523/8/1273 2522/8/1272 2525/8/1275
f 2524/8/1274 2525/8/1275 2522/8/1272
f 2525/8/1275 2526/8/1276 2523/8/1273
f 2525/8/1275 2524/8/1274 2527/8/1277
f 2526/8/1276 2525/8/1275 2528/8/1278
f 2527/8/1277 2528/8/1278 2525/8/1275
f 2528/8/1278 2529/8/1279 2526/8/1276
f 2528/8/1278 2527/8/1277 2530/8/1280
f 2529/8/1279 2528/8/1278 2531/8/1281
f 2528/8/1278 2530/8/1280 2531/8/1281
f 2529/8/1279 2531/8/1281 2532/8/1282
f 2531/8/1281 2530/8/1280 2533/8/1283
f 2532/8/1282 2531/8/1281 2534/8/1284
f 2531/8/1281 2533/8/1283 2534/8/1284
f 2532/8/1282 2534/8/1284 2535/8/1285
f 2534/8/1284 2533/8/1283 2536/8/1286
f 2535/8/1285 2534/8/1284 2537/8/1287
f 2534/8/1284 2536/8/1286 2537/8/1287
f 2535/8/1285 2537/8/1287 2538/8/1288
f 2536/8/1286 2539/8/1289 2537/8/1287
f 2538/8/1288 2537/8/1287 2539/8/1289
f 2539/8/1289 2536/8/1286 2540/8/1290
f 2538/8/1288 2539/8/1289 2541/8/1291
f 2540/8/1290 2542/8/1292 2539/8/1289
f 2539/8/1289 2542/8/1292 2541/8/1291
f 2542/8/1292 2540/8/1290 2543/8/1293
f 2544/8/1294 2541/8/1291 2542/8/1292
f 2543/8/1293 2544/8/1294 2542/8/1292
f 2544/8/1294 2543/8/1293 2545/8/1295
f 2407/8/1158 2405/8/1156 2546/8/1296
f 2407/8/1158 2547/8/1297 2406/8/1157
f 2546/8/1296 2548/8/1298 2407/8/1158
f 2407/8/1158 2548/8/1298 2547/8/1297
f 2546/8/1296 2549/8/1299 2548/8/1298
f 2548/8/1298 2550/8/1300 2547/8/1297
f 2549/8/1299 2551/8/1301 2548/8/1298
f 2548/8/1298 2551/8/1301 2550/8/1300
f 2549/8/1299 2552/8/1302 2551/8/1301
f 2550/8/1300 2551/8/1301 2553/8/1303
f 2554/8/1304 2551/8/1301 2552/8/1302
f 2553/8/1303 2551/8/1301 2554/8/1304
f 2552/8/1302 2555/8/1305 2554/8/1304
f 2553/8/1303 2554/8/1304 2556/8/1306
f 2555/8/1305 2557/8/1307 2554/8/1304
f 2556/8/1306 2554/8/1304 2557/8/1307
f 2557/8/1307 2555/8/1305 2558/8/1308
f 2557/8/1307 2559/8/1309 2556/8/1306
f 2558/8/1308 2560/8/1310 2557/8/1307
f 2559/8/1309 2557/8/1307 2560/8/1310
f 2560/8/1310 2558/8/1308 2561/8/1311
f 2560/8/1310 2562/8/1312 2559/8/1309
f 2561/8/1311 2563/8/1313 2560/8/1310
f 2562/8/1312 2560/8/1310 2563/8/1313
f 2563/8/1313 2561/8/1311 2564/8/1314
f 2565/8/1315 2562/8/1312 2563/8/1313
f 2566/8/1316 2563/8/1313 2564/8/1314
f 2566/8/1316 2565/8/1315 2563/8/1313
f 2567/8/1317 2566/8/1316 2564/8/1314
f 2568/8/1318 2565/8/1315 2566/8/1316
f 2569/8/1319 2566/8/1316 2567/8/1317
f 2569/8/1319 2568/8/1318 2566/8/1316
f 2570/8/1320 2569/8/1319 2567/8/1317
f 2571/8/1321 2568/8/1318 2569/8/1319
f 2572/8/1322 2569/8/1319 2570/8/1320
f 2572/8/1322 2571/8/1321 2569/8/1319
f 2573/8/1323 2572/8/1322 2570/8/1320
f 2574/8/1324 2571/8/1321 2572/8/1322
f 2574/8/1324 2572/8/1322 2573/8/1323
f 2571/8/1321 2574/8/1324 2575/8/1325
f 2576/8/1326 2574/8/1324 2573/8/1323
f 2577/8/1327 2575/8/1325 2574/8/1324
f 2577/8/1327 2574/8/1324 2576/8/1326
f 2575/8/1325 2577/8/1327 2578/8/1328
f 2576/8/1326 2579/8/1329 2577/8/1327
f 2579/8/1329 2578/8/1328 2577/8/1327
f 2578/8/1328 2579/8/1329 2580/8/1330
f 2581/8/1331 2582/8/1332 2583/8/1333
f 2584/8/1334 2583/8/1333 2582/8/1332
f 2583/8/1333 2585/8/1335 2581/8/1331
f 2583/8/1333 2584/8/1334 2586/8/1336
f 2586/8/1336 2587/8/1337 2583/8/1333
f 2585/8/1335 2583/8/1333 2587/8/1337
f 2587/8/1337 2586/8/1336 2588/8/1338
f 2587/8/1337 2589/8/1339 2585/8/1335
f 2588/8/1338 2589/8/1339 2587/8/1337
f 2590/8/1340 2585/8/1335 2589/8/1339
f 2589/8/1339 2588/8/1338 2591/8/1341
f 2590/8/1340 2589/8/1339 2592/8/1342
f 2592/8/1342 2589/8/1339 2591/8/1341
f 2593/8/1343 2590/8/1340 2592/8/1342
f 2591/8/1341 2594/8/1344 2592/8/1342
f 2594/8/1344 2593/8/1343 2592/8/1342
f 2593/8/1343 2594/8/1344 2595/8/1345
f 2596/8/1346 2597/8/1347 2598/8/1348
f 2596/8/1346 2599/8/1349 2600/8/1350
f 2598/8/1348 2601/8/1351 2596/8/1346
f 2599/8/1349 2596/8/1346 2601/8/1351
f 2601/8/1351 2598/8/1348 2602/8/1352
f 2601/8/1351 2603/8/1353 2599/8/1349
f 2602/8/1352 2604/8/1354 2601/8/1351
f 2603/8/1353 2601/8/1351 2604/8/1354
f 2604/8/1354 2602/8/1352 2605/8/1355
f 2606/8/1356 2604/8/1354 2605/8/1355
f 2607/8/1357 2603/8/1353 2604/8/1354
f 2604/8/1354 2606/8/1356 2607/8/1357
f 2603/8/1353 2607/8/1357 2608/8/1358
f 2609/8/1359 2607/8/1357 2606/8/1356
f 2610/8/1360 2608/8/1358 2607/8/1357
f 2610/8/1360 2607/8/1357 2609/8/1359
f 2611/8/1361 2608/8/1358 2610/8/1360
f 2612/8/1362 2610/8/1360 2609/8/1359
f 2613/8/1363 2611/8/1361 2610/8/1360
f 2613/8/1363 2610/8/1360 2612/8/1362
f 2614/8/1364 2611/8/1361 2613/8/1363
f 2612/8/1362 2615/8/1365 2613/8/1363
f 2613/8/1363 2616/8/1366 2614/8/1364
f 2615/8/1365 2616/8/1366 2613/8/1363
f 2616/8/1366 2617/8/1367 2614/8/1364
f 2616/8/1366 2615/8/1365 2618/8/1368
f 2617/8/1367 2616/8/1366 2619/8/1369
f 2618/8/1368 2619/8/1369 2616/8/1366
f 2619/8/1369 2620/8/1370 2617/8/1367
f 2619/8/1369 2618/8/1368 2621/8/1371
f 2620/8/1370 2619/8/1369 2622/8/1372
f 2621/8/1371 2622/8/1372 2619/8/1369
f 2622/8/1372 2623/8/1373 2620/8/1370
f 2622/8/1372 2621/8/1371 2624/8/1374
f 2623/8/1373 2622/8/1372 2625/8/1375
f 2624/8/1374 2625/8/1375 2622/8/1372
f 2625/8/1375 2626/8/1376 2623/8/1373
f 2625/8/1375 2624/8/1374 2627/8/1377
f 2626/8/1376 2625/8/1375 2628/8/1378
f 2627/8/1377 2628/8/1378 2625/8/1375
f 2628/8/1378 2629/8/1379 2626/8/1376
f 2628/8/1378 2627/8/1377 2630/8/1380
f 2629/8/1379 2628/8/1378 2631/8/1381
f 2630/8/1380 2631/8/1381 2628/8/1378
f 2631/8/1381 2632/8/1382 2629/8/1379
f 2631/8/1381 2630/8/1380 2633/8/1383
f 2632/8/1382 2631/8/1381 2634/8/1384
f 2631/8/1381 2633/8/1383 2634/8/1384
f 2632/8/1382 2634/8/1384 2635/8/1385
f 2634/8/1384 2633/8/1383 2636/8/1386
f 2635/8/1385 2634/8/1384 2637/8/1387
f 2634/8/1384 2636/8/1386 2637/8/1387
f 2635/8/1385 2637/8/1387 2638/8/1388
f 2636/8/1386 2639/8/1389 2637/8/1387
f 2638/8/1388 2637/8/1387 2639/8/1389
f 2639/8/1389 2636/8/1386 2640/8/1390
f 2638/8/1388 2639/8/1389 2641/8/1391
f 2640/8/1390 2642/8/1392 2639/8/1389
f 2642/8/1392 2641/8/1391 2639/8/1389
f 2642/8/1392 2640/8/1390 2643/8/1393
f 2641/8/1391 2642/8/1392 2644/8/1394
f 2645/8/1395 2642/8/1392 2643/8/1393
f 2644/8/1394 2642/8/1392 2645/8/1395
f 2643/8/1393 2646/8/1396 2645/8/1395
f 2647/8/1397 2644/8/1394 2645/8/1395
f 2646/8/1396 2647/8/1397 2645/8/1395
f 2647/8/1397 2646/8/1396 2648/8/1286
f 2649/8/1398 2650/8/1399 2651/8/1400
f 2650/8/1399 2649/8/1398 2582/8/1332
f 2582/8/1332 2581/8/1331 2650/8/1399
f 2651/8/1400 2652/8/1401 2649/8/1398
f 2653/8/1402 2582/8/1332 2649/8/1398
f 2649/8/1398 2654/8/1403 2653/8/1402
f 2654/8/1403 2649/8/1398 2652/8/1401
f 2582/8/1332 2653/8/1402 2584/8/1334
f 2652/8/1401 2655/8/1404 2654/8/1403
f 2652/8/1401 2651/8/1400 2656/8/1405
f 2655/8/1404 2652/8/1401 2657/8/1406
f 2656/8/1405 2657/8/1406 2652/8/1401
f 2657/8/1406 2658/8/1407 2655/8/1404
f 2657/8/1406 2656/8/1405 2659/8/1408
f 2658/8/1407 2657/8/1406 2660/8/1409
f 2659/8/1408 2660/8/1409 2657/8/1406
f 2660/8/1409 2661/8/1410 2658/8/1407
f 2660/8/1409 2659/8/1408 2662/8/1411
f 2661/8/1410 2660/8/1409 2663/8/1412
f 2662/8/1411 2663/8/1412 2660/8/1409
f 2663/8/1412 2664/8/1413 2661/8/1410
f 2663/8/1412 2662/8/1411 2665/8/1414
f 2664/8/1413 2663/8/1412 2666/8/1415
f 2665/8/1414 2666/8/1415 2663/8/1412
f 2666/8/1415 2667/8/1416 2664/8/1413
f 2666/8/1415 2665/8/1414 2668/8/1417
f 2667/8/1416 2666/8/1415 2669/8/1418
f 2668/8/1417 2669/8/1418 2666/8/1415
f 2669/8/1418 2670/8/1419 2667/8/1416
f 2669/8/1418 2668/8/1417 2671/8/1420
f 2670/8/1419 2669/8/1418 2672/8/1421
f 2671/8/1420 2672/8/1421 2669/8/1418
f 2672/8/1421 2671/8/1420 2673/8/1422
f 2672/8/1421 2674/8/1423 2670/8/1419
f 2675/8/1424 2672/8/1421 2673/8/1422
f 2672/8/1421 2675/8/1424 2676/8/1425
f 2674/8/1423 2672/8/1421 2676/8/1425
f 2677/8/1426 2676/8/1425 2675/8/1424
f 2678/8/1427 2674/8/1423 2676/8/1425
f 2678/8/1427 2676/8/1425 2677/8/1426
f 2509/8/1259 2674/8/1423 2678/8/1427
f 2512/8/1262 2678/8/1427 2677/8/1426
f 2510/8/1260 2509/8/1259 2678/8/1427
f 2510/8/1260 2678/8/1427 2512/8/1262
f 2679/8/1428 2680/8/1429 2681/8/1430
f 2681/8/1430 2682/8/1431 2679/8/1428
f 2682/8/1431 2681/8/1430 2683/8/1432
f 2682/8/1431 2684/8/1433 2679/8/1428
f 2680/8/1429 2679/8/1428 2685/8/1434
f 2685/8/1434 2679/8/1428 2684/8/1433
f 2685/8/1434 2686/8/1435 2680/8/1429
f 2687/8/1436 2685/8/1434 2684/8/1433
f 2686/8/1435 2685/8/1434 2688/8/1437
f 2688/8/1437 2685/8/1434 2687/8/1436
f 2688/8/1437 2689/8/1438 2686/8/1435
f 2687/8/1436 2690/8/1439 2688/8/1437
f 2689/8/1438 2688/8/1437 2690/8/1439
f 2690/8/1439 2687/8/1436 2691/8/1440
f 2690/8/1439 2692/8/1441 2689/8/1438
f 2691/8/1440 2693/8/1442 2690/8/1439
f 2692/8/1441 2690/8/1439 2693/8/1442
f 2693/8/1442 2691/8/1440 2694/8/1443
f 2693/8/1442 2695/8/1444 2692/8/1441
f 2694/8/1443 2696/8/1445 2693/8/1442
f 2695/8/1444 2693/8/1442 2696/8/1445
f 2696/8/1445 2694/8/1443 2697/8/1446
f 2696/8/1445 2698/8/1447 2695/8/1444
f 2697/8/1446 2699/8/1448 2696/8/1445
f 2698/8/1447 2696/8/1445 2699/8/1448
f 2699/8/1448 2697/8/1446 2700/8/1449
f 2699/8/1448 2701/8/1450 2698/8/1447
f 2700/8/1449 2702/8/1451 2699/8/1448
f 2701/8/1450 2699/8/1448 2702/8/1451
f 2702/8/1451 2700/8/1449 2703/8/1452
f 2702/8/1451 2704/8/1453 2701/8/1450
f 2703/8/1452 2705/8/1454 2702/8/1451
f 2704/8/1453 2702/8/1451 2705/8/1454
f 2705/8/1454 2703/8/1452 2706/8/1455
f 2705/8/1454 2707/8/1456 2704/8/1453
f 2706/8/1455 2708/8/1457 2705/8/1454
f 2707/8/1456 2705/8/1454 2708/8/1457
f 2708/8/1457 2706/8/1455 2597/8/1347
f 2708/8/1457 2600/8/1350 2707/8/1456
f 2597/8/1347 2596/8/1346 2708/8/1457
f 2600/8/1350 2708/8/1457 2596/8/1346
