# Blender 5.2.0 LTS
# www.blender.org
mtllib glorious rev.mtl
o RenderMesh_132655752996973
v 0.681370 0.325331 0.001241
v 0.681370 0.297059 -0.025567
v 0.681370 0.315506 -0.044014
v 0.681370 0.270251 -0.062759
v 0.681370 0.270251 -0.036671
v 0.681370 0.308164 0.001241
v 0.681370 0.297059 0.028049
v 0.681370 0.315506 0.046496
v 0.681370 0.270251 0.065241
v 0.681370 0.270251 0.039153
v 0.681370 0.224997 0.046496
v 0.681370 0.243443 0.028049
v 0.681370 0.206252 0.001241
v 0.681370 0.232339 0.001241
v 0.681370 0.243443 -0.025567
v 0.681370 0.224997 -0.044014
v 0.681370 0.270251 -0.036671
v 0.681370 0.270251 -0.062759
v 0.676140 0.167911 0.023035
v 0.676140 0.211499 0.023035
v 0.676140 0.189705 0.032063
v 0.676140 0.158884 0.001241
v 0.676140 0.189705 -0.029580
v 0.676140 0.167911 -0.020553
v 0.676140 0.211499 -0.020553
v 0.676140 0.220527 0.001241
v -0.681370 -0.215331 -0.072025
v -0.670111 -0.325331 -0.072025
v -0.670111 -0.325331 0.072025
v -0.681370 -0.215331 0.072025
v -0.658634 -0.095331 -0.072025
v -0.658634 -0.095331 0.072025
v -0.606654 0.024669 -0.072025
v -0.606654 0.024669 0.072025
v -0.530348 0.088574 -0.072025
v -0.530348 0.088574 0.072025
v -0.505005 0.158661 0.072025
v -0.530348 0.088574 -0.072025
v -0.505005 0.158661 -0.072025
v 0.488093 0.163769 -0.035341
v 0.488093 0.227378 -0.035341
v 0.488093 0.227378 0.001242
v 0.488093 0.147945 0.001242
v 0.488093 0.163769 0.037825
v 0.488093 0.227378 0.037825
v -0.670111 -0.325331 -0.072025
v -0.379917 -0.325331 -0.072025
v -0.379917 -0.325331 0.072025
v -0.670111 -0.325331 0.072025
v 0.434857 0.297059 -0.025567
v 0.434857 0.297059 0.028049
v 0.434857 0.270251 0.039153
v 0.434857 0.308164 0.001241
v 0.434857 0.270251 -0.036671
v 0.434857 0.232339 0.001241
v 0.434857 0.243443 -0.025567
v 0.434857 0.243443 0.028049
v -0.318206 0.267891 -0.067769
v -0.318206 0.267891 0.070252
v -0.286627 0.311219 -0.067737
v -0.286627 0.311219 0.070220
v -0.380282 0.209383 0.070220
v -0.318206 0.267891 -0.067769
v -0.380282 0.209383 -0.067737
v -0.318206 0.267891 0.070252
v -0.230313 0.283750 -0.000000
v -0.203289 0.276299 0.088606
v -0.203289 0.313001 -0.000000
v -0.230313 0.255615 0.067923
v -0.203289 0.276299 -0.088606
v -0.230313 0.255615 -0.067923
v -0.230313 0.255615 -0.067923
v -0.203289 0.187692 -0.125308
v -0.230313 0.187692 -0.096058
v -0.203289 0.276299 -0.088606
v -0.230313 0.255615 0.067923
v -0.230313 0.187692 0.096058
v -0.203289 0.187692 0.125308
v -0.203289 0.276299 0.088606
v -0.230313 0.119769 -0.067923
v -0.230313 0.255615 -0.067923
v -0.230313 0.187692 -0.096058
v -0.230313 0.091635 -0.000000
v -0.230313 0.255615 0.067923
v -0.230313 0.283750 -0.000000
v -0.230313 0.119769 0.067923
v -0.230313 0.187692 0.096058
v -0.203289 0.099086 -0.088606
v -0.230313 0.187692 -0.096058
v -0.203289 0.187692 -0.125308
v -0.230313 0.119769 -0.067923
v -0.203289 0.099086 0.088606
v -0.230313 0.187692 0.096058
v -0.230313 0.119769 0.067923
v -0.203289 0.187692 0.125308
v -0.484915 0.158607 -0.067737
v -0.436310 0.173876 0.070220
v -0.436310 0.173876 -0.067737
v -0.484915 0.158607 0.070220
v -0.380282 0.209383 0.070220
v -0.380282 0.209383 -0.067737
v -0.186935 0.026345 -0.067737
v -0.270505 -0.000555 0.070220
v -0.270505 -0.000555 -0.067737
v -0.186935 0.026345 0.070220
v -0.341489 0.105020 0.070220
v -0.341489 0.105020 -0.067737
v -0.484915 0.158607 0.070220
v -0.484915 0.158607 -0.067737
v -0.203289 0.062384 -0.000000
v -0.230313 0.119769 -0.067923
v -0.203289 0.099086 -0.088606
v -0.230313 0.091635 -0.000000
v -0.230313 0.119769 0.067923
v -0.203289 0.099086 0.088606
v 0.203535 0.209383 -0.067737
v 0.203535 0.209383 0.070220
v 0.203535 0.158607 -0.067737
v 0.203535 0.158607 0.070220
v 0.171470 0.099952 0.070220
v 0.171470 0.099952 -0.067737
v 0.171470 0.026344 0.070220
v 0.171470 0.026344 -0.067737
v 0.203535 0.311219 -0.067737
v 0.203535 0.267891 -0.086735
v 0.203535 0.311219 0.070220
v 0.203535 0.267891 0.089217
v 0.203535 0.311219 -0.067737
v -0.286627 0.311219 -0.067737
v -0.286627 0.311219 0.070220
v 0.203535 0.311219 -0.067737
v -0.286627 0.311219 0.070220
v 0.203535 0.311219 0.070220
v -0.318206 0.267891 0.070252
v -0.249246 0.298928 0.083018
v -0.286627 0.311219 0.070220
v -0.230181 0.267891 0.089400
v -0.318206 0.267891 -0.067769
v -0.249246 0.298928 -0.080535
v -0.230181 0.267891 -0.086917
v -0.286627 0.311219 -0.067737
v 0.203535 0.311219 0.070220
v -0.286627 0.311219 0.070220
v 0.030194 0.284918 0.089545
v -0.249246 0.298928 0.083018
v -0.205639 0.284918 0.089545
v 0.203535 0.267891 0.089217
v 0.030194 0.267891 0.089218
v 0.030194 0.284918 -0.087062
v -0.286627 0.311219 -0.067737
v 0.203535 0.311219 -0.067737
v -0.249246 0.298928 -0.080535
v -0.205639 0.284918 -0.087062
v 0.203535 0.267891 -0.086735
v 0.030194 0.267891 -0.086735
v -0.230181 0.267891 0.089400
v -0.205639 0.284918 0.089545
v -0.249246 0.298928 0.083018
v -0.205639 0.284918 -0.087062
v -0.230181 0.267891 -0.086917
v -0.249246 0.298928 -0.080535
v -0.186935 0.026345 -0.067737
v 0.171470 0.026344 -0.067737
v 0.171470 0.026344 0.070220
v -0.186935 0.026345 0.070220
v 0.681370 0.308164 0.001241
v 0.434857 0.308164 0.001241
v 0.681370 0.297059 -0.025567
v 0.434857 0.297059 -0.025567
v 0.681370 0.270251 -0.036671
v 0.434857 0.270251 -0.036671
v 0.434857 0.297059 0.028049
v 0.681370 0.297059 0.028049
v 0.434857 0.270251 0.039153
v 0.681370 0.270251 0.039153
v 0.434857 0.243443 0.028049
v 0.681370 0.243443 0.028049
v 0.434857 0.232339 0.001241
v 0.681370 0.232339 0.001241
v 0.434857 0.243443 -0.025567
v 0.681370 0.243443 -0.025567
v 0.434857 0.270251 -0.036671
v 0.681370 0.270251 -0.036671
v 0.681370 0.270251 -0.062759
v 0.179492 0.224997 -0.044014
v 0.179492 0.270252 -0.062759
v 0.681370 0.224997 -0.044014
v 0.681370 0.206252 0.001241
v 0.179492 0.206252 0.001241
v 0.681370 0.224997 0.046496
v 0.179492 0.224997 0.046496
v 0.681370 0.270251 0.065241
v 0.179492 0.270252 0.065241
v 0.681370 0.315506 0.046496
v 0.179492 0.315506 0.046496
v 0.681370 0.325331 0.001241
v 0.179492 0.325331 0.001241
v 0.681370 0.315506 -0.044014
v 0.179492 0.315506 -0.044014
v 0.179492 0.270252 -0.062759
v 0.681370 0.270251 -0.062759
v -0.230181 0.209383 0.070220
v -0.318206 0.267891 0.070252
v -0.380282 0.209383 0.070220
v -0.230181 0.267891 0.089400
v -0.230181 0.209383 -0.067737
v -0.318206 0.267891 -0.067769
v -0.230181 0.267891 -0.086917
v -0.380282 0.209383 -0.067737
v -0.399916 -0.165331 -0.072025
v -0.606654 0.024669 -0.072025
v -0.374747 -0.096445 -0.072025
v -0.658634 -0.095331 -0.072025
v -0.681370 -0.215331 -0.072025
v -0.399916 -0.245331 -0.072025
v -0.670111 -0.325331 -0.072025
v -0.379917 -0.325331 -0.072025
v -0.530348 0.088574 -0.072025
v -0.335005 -0.061339 -0.072025
v -0.505005 0.158661 -0.072025
v -0.404730 0.147621 -0.072025
v -0.335005 0.108661 -0.072025
v -0.275005 0.028661 -0.072025
v -0.265005 -0.031339 -0.072025
v -0.295005 -0.061339 -0.072025
v -0.530348 0.088574 0.072025
v -0.335005 0.108661 0.072025
v -0.404730 0.147621 0.072025
v -0.505005 0.158661 0.072025
v -0.335005 -0.061339 0.072025
v -0.275005 0.028661 0.072025
v -0.265005 -0.031339 0.072025
v -0.295005 -0.061339 0.072025
v -0.374747 -0.096445 0.072025
v -0.606654 0.024669 0.072025
v -0.399916 -0.165331 0.072025
v -0.658634 -0.095331 0.072025
v -0.681370 -0.215331 0.072025
v -0.399916 -0.245331 0.072025
v -0.670111 -0.325331 0.072025
v -0.379917 -0.325331 0.072025
v 0.030194 0.209383 0.070220
v 0.203535 0.209383 0.070220
v 0.203535 0.267891 0.089217
v 0.030194 0.267891 0.089218
v 0.030194 0.209383 0.070220
v 0.203535 0.158607 0.070220
v 0.171470 0.099952 0.070220
v 0.030194 0.092016 0.070220
v 0.171470 0.026344 0.070220
v -0.186935 0.026345 0.070220
v -0.205639 0.092017 0.070220
v -0.270505 -0.000555 0.070220
v -0.230181 0.116559 0.070220
v -0.341489 0.105020 0.070220
v -0.230181 0.209383 0.070220
v -0.380282 0.209383 0.070220
v -0.436310 0.173876 0.070220
v -0.484915 0.158607 0.070220
v 0.030194 0.092016 -0.067737
v -0.186935 0.026345 -0.067737
v -0.205639 0.092017 -0.067737
v -0.270505 -0.000555 -0.067737
v 0.171470 0.026344 -0.067737
v -0.230181 0.116559 -0.067737
v 0.171470 0.099952 -0.067737
v 0.030194 0.209383 -0.067737
v 0.203535 0.158607 -0.067737
v 0.203535 0.209383 -0.067737
v -0.341489 0.105020 -0.067737
v -0.230181 0.209383 -0.067737
v -0.380282 0.209383 -0.067737
v -0.436310 0.173876 -0.067737
v -0.484915 0.158607 -0.067737
v 0.030194 0.267891 -0.086735
v 0.203535 0.267891 -0.086735
v 0.203535 0.209383 -0.067737
v 0.030194 0.209383 -0.067737
v 0.488093 0.227378 0.037825
v 0.182781 0.227378 0.037825
v 0.488093 0.163769 0.037825
v 0.182781 0.163769 0.037825
v 0.488093 0.227378 -0.035341
v 0.182781 0.163769 -0.035341
v 0.182781 0.227378 -0.035341
v 0.488093 0.163769 -0.035341
v 0.182781 0.163769 -0.035341
v 0.488093 0.163769 -0.035341
v 0.488093 0.147945 0.001242
v 0.182781 0.147945 0.001242
v 0.488093 0.163769 0.037825
v 0.182781 0.163769 0.037825
v 0.030194 0.284918 0.089545
v 0.030194 0.284918 -0.087062
v 0.030194 0.267891 -0.086735
v 0.030194 0.267891 0.089218
v 0.030194 0.209383 -0.067737
v 0.030194 0.209383 0.070220
v 0.030194 0.092016 0.070220
v 0.030194 0.092016 -0.067737
v -0.203289 0.187692 0.125308
v -0.203289 0.099086 0.088606
v -0.194497 0.099086 0.088606
v -0.194497 0.187692 0.125308
v -0.194497 0.062384 -0.000000
v -0.203289 0.062384 -0.000000
v -0.194497 0.099086 -0.088606
v -0.203289 0.099086 -0.088606
v -0.194497 0.187692 -0.125308
v -0.203289 0.187692 -0.125308
v -0.194497 0.276299 -0.088606
v -0.203289 0.276299 -0.088606
v -0.194497 0.313001 -0.000000
v -0.203289 0.313001 -0.000000
v -0.194497 0.276299 0.088606
v -0.203289 0.276299 0.088606
v -0.194497 0.187692 0.125308
v -0.203289 0.187692 0.125308
v 0.488093 0.211499 0.023035
v 0.676140 0.211499 0.023035
v 0.488093 0.220527 0.001241
v 0.676140 0.220527 0.001241
v 0.676140 0.189705 0.032063
v 0.488093 0.211499 -0.020553
v 0.488093 0.189705 0.032063
v 0.676140 0.211499 -0.020553
v 0.676140 0.167911 0.023035
v 0.488093 0.189705 -0.029580
v 0.488093 0.167911 0.023035
v 0.676140 0.189705 -0.029580
v 0.676140 0.158884 0.001241
v 0.488093 0.167911 -0.020553
v 0.488093 0.158884 0.001241
v 0.676140 0.167911 -0.020553
v -0.404730 0.147621 -0.072025
v -0.505005 0.158661 -0.072025
v -0.505005 0.158661 0.072025
v -0.404730 0.147621 0.072025
v 0.030194 0.092016 -0.067737
v -0.205639 0.092017 -0.067737
v -0.205639 0.092017 0.070220
v 0.030194 0.092016 0.070220
v 0.030194 0.284918 -0.087062
v 0.030194 0.284918 0.089545
v -0.205639 0.284918 -0.087062
v -0.205639 0.284918 0.089545
v 0.182781 0.163769 -0.035341
v 0.182781 0.227378 0.001242
v 0.182781 0.227378 -0.035341
v 0.182781 0.147945 0.001242
v 0.182781 0.163769 0.037825
v 0.182781 0.227378 0.037825
v -0.230181 0.267891 -0.086917
v -0.230181 0.267891 0.089400
v -0.230181 0.209383 -0.067737
v -0.230181 0.209383 0.070220
v -0.230181 0.116559 0.070220
v -0.230181 0.116559 -0.067737
v -0.205639 0.092017 0.070220
v -0.205639 0.092017 -0.067737
v -0.230181 0.267891 -0.086917
v -0.205639 0.284918 0.089545
v -0.230181 0.267891 0.089400
v -0.205639 0.284918 -0.087062
v -0.404730 0.147621 -0.072025
v -0.404730 0.147621 0.072025
v -0.335005 0.108661 -0.072025
v -0.335005 0.108661 0.072025
v -0.335005 0.108661 -0.072025
v -0.275005 0.028661 -0.072025
v -0.275005 0.028661 0.072025
v -0.265005 -0.031339 -0.072025
v -0.265005 -0.031339 0.072025
v -0.295005 -0.061339 -0.072025
v -0.295005 -0.061339 0.072025
v -0.335005 -0.061339 -0.072025
v -0.335005 -0.061339 0.072025
v -0.374747 -0.096445 -0.072025
v -0.374747 -0.096445 0.072025
v -0.399916 -0.165331 -0.072025
v -0.399916 -0.165331 0.072025
v -0.399916 -0.245331 -0.072025
v -0.399916 -0.245331 0.072025
v -0.379917 -0.325331 -0.072025
v -0.379917 -0.325331 0.072025
vn 1.0000 0.0005 0.0005
vn 1.0000 0.0004 0.0004
vn -0.9991 0.0425 0.0005
vn -0.9948 -0.1021 0.0005
vn -0.9559 0.2936 0.0003
vn -0.9559 0.2936 0.0006
vn -0.8014 0.5981 -0.0000
vn -0.8014 0.5982 -0.0000
vn -0.8194 0.5732 -0.0000
vn -0.8194 0.5732 0.0005
vn -0.5291 0.8486 0.0005
vn -0.8195 0.5731 0.0005
vn -0.8195 0.5731 -0.0000
vn -0.5291 0.8486 0.0006
vn 0.0005 -1.0000 0.0005
vn 0.6307 -0.5487 0.5488
vn 0.6307 -0.5487 -0.5487
vn 0.6305 0.0005 -0.7762
vn 0.6305 -0.7762 0.0005
vn 0.6305 0.0005 0.7762
vn 0.6305 0.7762 0.0005
vn 0.6308 0.5487 0.5487
vn 0.6307 0.5487 -0.5487
vn -0.7502 0.6612 0.0005
vn -0.7502 0.6612 -0.0001
vn -0.8083 0.5887 0.0003
vn -0.8084 0.5886 0.0005
vn -0.6131 0.7900 -0.0000
vn -0.7502 0.6613 -0.0000
vn -0.6131 0.7900 0.0005
vn -0.7502 0.6613 0.0005
vn -0.7344 0.6787 0.0005
vn -0.3689 0.6573 0.6572
vn -0.3688 0.9295 0.0005
vn -0.7341 0.4802 0.4801
vn -0.3689 0.6572 -0.6572
vn -0.7341 0.4802 -0.4801
vn -0.7341 0.4801 -0.4802
vn -0.3688 0.0005 -0.9295
vn -0.7344 0.0005 -0.6787
vn -0.3689 0.6572 -0.6573
vn -0.7341 0.4801 0.4802
vn -0.7344 0.0005 0.6787
vn -0.3688 0.0005 0.9295
vn -0.3689 0.6572 0.6572
vn -1.0000 0.0005 0.0005
vn -0.3689 -0.6572 -0.6572
vn -0.7344 0.0004 -0.6787
vn -0.7341 -0.4801 -0.4802
vn -0.3689 -0.6572 0.6573
vn -0.7344 0.0004 0.6787
vn -0.7341 -0.4801 0.4802
vn -0.2997 0.9540 -0.0000
vn -0.4214 0.9069 0.0004
vn -0.2995 0.9541 0.0004
vn 0.3062 -0.9520 0.0005
vn -0.3276 -0.9448 0.0005
vn -0.6197 -0.7848 0.0005
vn -0.6197 -0.7849 0.0003
vn -0.3503 -0.9367 0.0004
vn -0.3688 -0.9295 0.0005
vn -0.7341 -0.4802 -0.4801
vn -0.3689 -0.6573 -0.6572
vn -0.7344 -0.6787 0.0006
vn -0.7341 -0.4802 0.4801
vn -0.3689 -0.6572 0.6572
vn 0.9688 -0.2477 0.0004
vn 0.9688 -0.2477 0.0003
vn 0.0005 1.0000 0.0005
vn -0.1255 -0.0503 0.9908
vn -0.1021 0.3218 0.9413
vn -0.1901 0.2008 0.9610
vn -0.1275 0.0386 0.9911
vn -0.1255 -0.0503 -0.9908
vn -0.1021 0.3218 -0.9413
vn -0.1275 0.0386 -0.9911
vn -0.1901 0.2008 -0.9610
vn 0.0122 0.5114 0.8592
vn -0.1900 0.2008 0.9610
vn -0.1021 0.3219 0.9413
vn -0.0161 0.4253 0.9049
vn 0.0122 0.5114 0.8593
vn 0.0122 0.5114 -0.8592
vn -0.1900 0.2008 -0.9610
vn 0.0122 0.5114 -0.8593
vn -0.1021 0.3219 -0.9413
vn -0.0161 0.4253 -0.9049
vn 0.6306 -0.7761 0.0005
vn -0.0000 -0.7071 0.7071
vn 0.6308 -0.5487 0.5487
vn -0.0000 0.0005 1.0000
vn 0.6306 0.0005 0.7761
vn 0.6308 -0.5487 -0.5487
vn -0.0000 -0.7071 -0.7071
vn 0.6306 0.0005 -0.7761
vn 0.0005 0.0005 -1.0000
vn 0.6308 0.5487 -0.5486
vn -0.0000 0.7071 -0.7071
vn 0.6306 0.7761 0.0005
vn 0.6308 0.5486 0.5487
vn -0.0000 0.7071 0.7071
vn 0.6306 0.0004 0.7761
vn 0.0005 0.0005 1.0000
vn 0.0005 0.0004 -1.0000
vn 0.0005 -0.7071 -0.7071
vn 0.0003 -0.7071 0.7071
vn 0.0005 0.7673 0.6413
vn 0.0004 0.7673 0.6413
vn 0.0005 0.7673 -0.6413
vn 0.0004 0.7673 -0.6413
vn -0.0396 -0.0602 0.9974
vn -0.0181 -0.0269 0.9995
vn -0.0396 -0.0602 -0.9974
vn -0.1275 0.0385 -0.9911
vn -0.0181 -0.0269 -0.9995
vn 0.0004 0.0004 -1.0000
vn 0.0004 0.0004 1.0000
vn 0.0005 -0.1559 0.9878
vn -0.0000 -0.1559 0.9878
vn 0.0005 -0.3092 0.9510
vn 0.0003 -0.3090 0.9511
vn -0.0396 -0.0601 0.9974
vn 0.0005 -0.1559 -0.9878
vn -0.0000 -0.1559 -0.9878
vn -0.0396 -0.0601 -0.9974
vn 0.0004 -0.3091 -0.9510
vn 0.0003 -0.3090 -0.9511
vn 0.0003 -0.9178 -0.3971
vn 0.0006 -0.9178 -0.3971
vn 0.0005 -0.9178 0.3971
vn 0.0006 -0.9178 0.3971
vn 0.0005 0.0004 1.0000
vn 0.0003 0.7071 0.7071
vn 0.3045 0.9525 0.0005
vn 0.3825 0.9239 0.0005
vn 0.3825 0.9239 -0.0000
vn 0.2985 -0.9544 -0.0000
vn 0.2985 -0.9544 0.0005
vn 0.8571 -0.5152 0.0005
vn 0.9239 0.3826 0.0005
vn 0.9239 0.3826 0.0003
vn 0.3826 0.9239 0.0005
vn 0.3826 0.9239 -0.0000
vn 0.8570 -0.5152 -0.0020
vn 0.2986 -0.9544 -0.0014
vn 0.8570 -0.5152 0.0005
vn 0.2986 -0.9544 0.0005
vn 0.6581 0.7529 0.0005
vn 0.6582 0.7529 0.0005
vn 0.9193 0.3934 0.0005
vn 0.9193 0.3935 0.0006
vn 0.9522 -0.3054 0.0006
vn 0.3826 -0.9239 0.0003
vn 0.3541 -0.9352 0.0005
vn 0.3541 -0.9352 0.0006
vn 0.8262 -0.5634 0.0004
vn 0.9847 -0.1745 0.0005
vn 0.9847 -0.1744 0.0005
vn 0.9924 0.1227 0.0005
vn 0.9925 0.1226 0.0004
vn 0.9700 0.2429 0.0005
vt 0.250000 1.000000
vt 0.125000 1.000000
vt 0.000000 1.000000
vt 0.375000 1.000000
vt 0.500000 1.000000
vt 0.625000 1.000000
vt 0.750000 1.000000
vt 0.875000 1.000000
vt 1.000000 1.000000
vt 0.000000 0.000000
vt 0.375000 0.000000
vt 0.625000 0.000000
vt 0.625000 0.125000
vt 0.375000 0.125000
vt 0.375000 0.250000
vt 0.625000 0.250000
vt 0.080294 0.419706
vt 0.080294 0.080294
vt 0.250000 0.010000
vt 0.010000 0.250000
vt 0.250000 0.490000
vt 0.490000 0.250000
vt 0.419706 0.419706
vt 0.419706 0.080294
vt 0.750000 0.490000
vt 0.750000 0.010000
vt 0.580294 0.419706
vt 0.580294 0.080294
vt 0.919706 0.080294
vt 0.919706 0.419706
vt 0.066023 0.250000
vt 0.119909 0.380091
vt 0.119909 0.119909
vt 0.250000 0.066023
vt 0.250000 0.433977
vt 0.380091 0.119909
vt 0.433977 0.250000
vt 0.380091 0.380091
vt 0.500000 0.500000
vt 0.425297 0.541303
vt 0.375000 0.500000
vt 0.500000 0.571651
vt 0.000000 0.500000
vt 0.074703 0.541303
vt 0.000000 0.571651
vt 0.125000 0.500000
vt 0.450948 0.815090
vt 0.450948 0.586188
vt 0.500000 0.820455
vt 0.049052 0.815090
vt 0.049052 0.586188
vt 0.000000 0.820455
vt 0.450948 0.562368
vt 0.049052 0.562368
vt 0.875000 0.500000
vt 1.000000 0.500000
vt 0.750000 0.500000
vt 0.625000 0.500000
vt 0.250000 0.500000
vt 0.625000 0.613709
vt 0.875000 0.613709
vt 1.000000 0.571651
vt 0.625000 0.842126
vt 0.625000 0.859880
vt 0.625000 0.640516
vt 0.625000 0.616856
vt 0.875000 0.859880
vt 0.875000 0.640516
vt 0.875000 0.616856
vt 0.875000 0.842126
vt 1.000000 0.820455
vt 0.375000 0.750000
vt 0.625000 0.750000
vt 0.125000 0.750000
vt 0.125000 0.625000
vt 0.375000 0.625000
vt 0.375000 0.659096
vt 0.375000 0.590904
vt 0.375000 0.586477
vt 0.375000 0.663523
vt 0.375000 0.597760
vt 0.375000 0.652240
vt 0.125000 0.597760
vt 0.125000 0.652240
vt 0.625000 0.590904
vt 0.625000 0.659096
vt 0.625000 0.625000
vt 0.375000 0.163523
vt 0.375000 0.086477
vt 0.375000 0.152240
vt 0.375000 0.097760
vt 0.375000 0.090904
vt 0.375000 0.159096
s 1
f 1/1/1 2/2/1 3/2/1
f 2/2/1 4/3/1 3/2/1
f 4/3/1 2/2/1 5/3/1
f 2/2/1 1/1/1 6/1/1
f 1/1/1 7/4/1 6/1/1
f 1/1/1 8/4/1 7/4/1
f 9/5/1 7/4/1 8/4/1
f 7/4/1 9/5/1 10/5/1
f 11/6/1 10/5/1 9/5/1
f 10/5/1 11/6/1 12/6/1
f 13/7/1 12/6/1 11/6/1
f 12/6/1 13/7/1 14/7/1
f 13/7/1 15/8/1 14/7/1
f 13/7/1 16/8/1 15/8/1
f 15/8/1 16/8/1 17/9/1
f 16/8/1 18/9/1 17/9/1
f 19/10/1 20/10/2 21/10/1
f 20/10/2 19/10/1 22/10/1
f 23/10/1 20/10/2 22/10/1
f 23/10/1 22/10/1 24/10/1
f 20/10/2 23/10/1 25/10/1
f 20/10/2 25/10/1 26/10/1
f 27/3/3 28/3/4 29/10/4
f 27/3/3 29/10/4 30/10/3
f 31/3/5 27/3/3 30/10/3
f 31/3/5 30/10/3 32/10/6
f 33/3/7 31/3/5 32/10/6
f 33/3/7 32/10/6 34/10/8
f 33/3/7 34/10/8 35/3/9
f 35/3/9 34/10/8 36/10/10
f 37/10/11 38/3/12 36/10/13
f 38/3/12 37/10/11 39/10/14
f 40/11/1 41/12/1 42/13/1
f 40/11/1 42/13/1 43/14/1
f 42/13/1 44/15/1 43/14/1
f 44/15/1 42/13/1 45/16/1
f 46/3/15 47/3/15 48/10/15
f 46/3/15 48/10/15 49/10/15
f 50/17/16 51/18/17 52/19/18
f 51/18/17 50/17/16 53/20/19
f 50/17/16 52/19/18 54/21/20
f 55/22/21 54/21/20 52/19/18
f 54/21/20 55/22/21 56/23/22
f 55/22/21 52/19/18 57/24/23
f 58/25/24 59/26/25 60/27/26
f 60/27/26 59/26/25 61/28/27
f 62/29/28 63/25/29 64/30/30
f 63/25/29 62/29/28 65/26/31
f 66/31/32 67/17/33 68/20/34
f 67/17/33 66/31/32 69/32/35
f 70/18/36 66/31/32 68/20/34
f 66/31/32 70/18/36 71/33/37
f 72/33/38 73/19/39 74/34/40
f 73/19/39 72/33/38 75/18/41
f 76/32/42 77/35/43 78/21/44
f 78/21/44 79/17/45 76/32/42
f 80/36/46 81/33/46 82/34/46
f 83/37/46 81/33/46 80/36/46
f 83/37/46 84/32/46 81/33/46
f 81/33/46 84/32/46 85/31/46
f 84/32/46 83/37/46 86/38/46
f 84/32/46 86/38/46 87/35/46
f 88/24/47 89/34/48 90/19/39
f 89/34/48 88/24/47 91/36/49
f 92/23/50 93/35/51 94/38/52
f 93/35/51 92/23/50 95/21/44
f 96/30/53 97/29/54 98/30/54
f 97/29/54 96/30/53 99/29/55
f 100/29/30 98/30/54 97/29/54
f 98/30/54 100/29/30 101/30/28
f 102/30/56 103/29/57 104/30/57
f 103/29/57 102/30/56 105/29/56
f 106/29/58 104/30/57 103/29/57
f 104/30/57 106/29/58 107/30/59
f 108/29/60 107/30/59 106/29/58
f 107/30/59 108/29/60 109/30/60
f 110/22/61 111/36/62 112/24/63
f 111/36/62 110/22/61 113/37/64
f 110/22/61 114/38/65 113/37/64
f 110/22/61 115/23/66 114/38/65
f 116/8/1 117/6/2 118/8/67
f 118/8/67 117/6/2 119/6/67
f 118/8/67 119/6/67 120/6/67
f 120/6/67 121/8/68 118/8/67
f 121/8/68 120/6/67 122/6/1
f 122/6/1 123/8/1 121/8/68
f 117/6/2 116/8/1 124/2/1
f 124/2/1 116/8/1 125/3/1
f 117/6/2 124/2/1 126/4/1
f 117/6/2 126/4/1 127/5/1
f 128/2/69 129/27/69 130/28/69
f 131/2/69 132/28/69 133/4/69
f 134/39/70 135/40/71 136/41/72
f 135/40/71 134/39/70 137/42/73
f 138/43/74 139/44/75 140/45/76
f 139/44/75 138/43/74 141/46/77
f 142/4/78 143/41/79 144/47/78
f 144/47/78 143/41/79 145/40/80
f 146/48/81 144/47/78 145/40/80
f 144/47/78 147/5/82 142/4/78
f 147/5/82 144/47/78 148/49/78
f 149/50/83 150/46/84 151/2/85
f 150/46/84 149/50/83 152/44/86
f 152/44/86 149/50/83 153/51/87
f 154/3/85 149/50/83 151/2/85
f 149/50/83 154/3/85 155/52/83
f 156/42/73 157/53/81 158/40/71
f 159/54/87 160/45/76 161/44/75
f 162/30/15 163/8/15 164/6/15
f 162/30/15 164/6/15 165/29/15
f 166/1/15 167/1/88 168/2/89
f 169/2/90 168/2/89 167/1/88
f 168/2/89 169/2/90 170/3/91
f 171/3/92 170/3/91 169/2/90
f 167/1/88 166/1/15 172/4/93
f 173/4/94 172/4/93 166/1/15
f 172/4/93 173/4/94 174/5/95
f 175/5/96 174/5/95 173/4/94
f 174/5/95 175/5/96 176/6/97
f 177/6/98 176/6/97 175/5/96
f 177/6/98 178/7/99 176/6/97
f 178/7/99 177/6/98 179/7/69
f 179/7/69 180/8/100 178/7/99
f 180/8/100 179/7/69 181/8/101
f 180/8/100 181/8/101 182/9/102
f 183/9/103 182/9/102 181/8/101
f 184/9/104 185/55/105 186/56/104
f 185/55/105 184/9/104 187/8/105
f 188/7/15 185/55/105 187/8/105
f 185/55/105 188/7/15 189/57/15
f 190/6/89 189/57/15 188/7/15
f 189/57/15 190/6/89 191/58/106
f 192/5/103 191/58/106 190/6/89
f 191/58/106 192/5/103 193/39/103
f 193/39/103 192/5/103 194/4/107
f 193/39/103 194/4/107 195/41/108
f 196/1/69 195/41/108 194/4/107
f 196/1/69 197/59/69 195/41/108
f 198/2/109 197/59/69 196/1/69
f 198/2/109 199/46/110 197/59/69
f 198/2/109 200/43/96 199/46/110
f 200/43/96 198/2/109 201/3/96
f 202/60/111 203/39/70 204/58/112
f 203/39/70 202/60/111 205/42/73
f 206/61/113 207/56/74 208/62/114
f 207/56/74 206/61/113 209/55/115
f 210/3/96 211/3/96 212/3/96
f 211/3/96 210/3/96 213/3/96
f 213/3/96 210/3/96 214/3/96
f 215/3/96 214/3/96 210/3/96
f 214/3/96 215/3/96 216/3/96
f 216/3/96 215/3/96 217/3/96
f 218/3/116 212/3/96 211/3/96
f 218/3/116 219/3/116 212/3/96
f 220/10/96 221/10/96 218/3/116
f 222/3/96 218/3/116 221/10/96
f 218/3/116 222/3/96 219/3/116
f 219/3/116 222/3/96 223/3/96
f 219/3/116 223/3/96 224/3/96
f 219/3/116 224/3/96 225/3/96
f 226/10/117 227/10/103 228/10/103
f 226/10/117 228/10/103 229/10/103
f 226/10/117 230/10/117 227/10/103
f 227/10/103 230/10/117 231/10/103
f 230/10/117 232/10/103 231/10/103
f 232/10/103 230/10/117 233/10/103
f 230/10/117 226/10/117 234/10/103
f 235/10/103 234/10/103 226/10/117
f 234/10/103 235/10/103 236/10/103
f 236/10/103 235/10/103 237/10/103
f 238/10/103 236/10/103 237/10/103
f 238/10/103 239/10/103 236/10/103
f 239/10/103 238/10/103 240/10/103
f 240/10/103 241/10/103 239/10/103
f 242/63/118 243/6/119 244/5/120
f 242/63/118 244/5/120 245/49/121
f 246/63/119 247/6/103 243/6/118
f 247/6/103 246/63/119 248/6/103
f 246/63/119 249/64/103 248/6/103
f 249/64/103 250/6/103 248/6/103
f 251/58/103 250/6/103 249/64/103
f 249/64/103 252/65/103 251/58/103
f 252/65/103 253/58/103 251/58/103
f 254/66/103 253/58/103 252/65/103
f 253/58/103 254/66/103 255/58/117
f 256/60/122 255/58/117 254/66/103
f 255/58/117 256/60/122 257/58/112
f 255/58/117 257/58/112 258/58/103
f 255/58/117 258/58/103 259/58/103
f 260/67/96 261/55/96 262/68/96
f 263/55/96 262/68/96 261/55/96
f 261/55/96 260/67/96 264/8/96
f 262/68/96 263/55/96 265/69/96
f 264/8/96 260/67/96 266/8/96
f 267/70/123 266/8/96 260/67/96
f 266/8/96 267/70/123 268/8/96
f 268/8/96 267/70/123 269/8/124
f 265/69/96 263/55/96 270/55/116
f 270/55/116 271/61/125 265/69/96
f 271/61/125 270/55/116 272/55/115
f 272/55/115 270/55/116 273/55/96
f 270/55/116 274/55/96 273/55/96
f 275/71/126 276/9/127 277/8/123
f 275/71/126 277/8/123 278/70/124
f 279/16/103 280/58/103 281/15/103
f 282/41/103 281/15/103 280/58/103
f 283/6/96 284/72/96 285/73/96
f 284/72/96 283/6/96 286/4/96
f 287/72/128 288/74/129 289/75/15
f 287/72/128 289/75/15 290/76/15
f 290/76/15 289/75/15 291/46/130
f 290/76/15 291/46/130 292/41/131
f 293/77/46 294/78/46 295/79/46
f 295/79/46 296/80/46 293/77/46
f 297/81/46 296/80/46 295/79/46
f 296/80/46 297/81/46 298/82/46
f 297/81/46 299/82/46 298/82/46
f 299/82/46 297/81/46 300/81/46
f 301/9/44 302/8/50 303/8/89
f 303/8/89 304/9/132 301/9/44
f 305/7/15 303/8/89 302/8/50
f 302/8/50 306/7/61 305/7/15
f 307/6/94 305/7/15 306/7/61
f 306/7/61 308/6/47 307/6/94
f 309/5/96 307/6/94 308/6/47
f 308/6/47 310/5/39 309/5/96
f 311/4/98 309/5/96 310/5/39
f 310/5/39 312/4/41 311/4/98
f 312/4/41 313/1/69 311/4/98
f 313/1/69 312/4/41 314/1/34
f 314/1/34 315/2/133 313/1/69
f 315/2/133 314/1/34 316/2/33
f 317/3/103 315/2/133 316/2/33
f 316/2/33 318/3/44 317/3/103
f 319/10/133 320/10/101 321/10/69
f 322/10/69 321/10/69 320/10/101
f 319/10/133 323/10/103 320/10/101
f 321/10/69 322/10/69 324/10/98
f 323/10/103 319/10/133 325/10/103
f 326/10/98 324/10/98 322/10/69
f 325/10/103 327/10/89 323/10/103
f 326/10/98 328/10/96 324/10/98
f 327/10/89 325/10/103 329/10/89
f 328/10/96 326/10/98 330/10/96
f 329/10/89 331/10/15 327/10/89
f 330/10/96 332/10/105 328/10/96
f 331/10/15 329/10/89 333/10/15
f 332/10/105 330/10/96 334/10/105
f 333/10/15 334/10/105 331/10/15
f 334/10/105 333/10/15 332/10/105
f 335/10/134 336/10/11 337/10/11
f 335/10/134 337/10/11 338/10/134
f 339/83/69 340/83/135 341/84/136
f 339/83/69 341/84/136 342/84/69
f 343/85/15 344/86/15 345/85/137
f 345/85/137 344/86/15 346/86/138
f 347/72/46 348/87/46 349/73/46
f 348/87/46 347/72/46 350/76/46
f 348/87/46 350/76/46 351/41/46
f 348/87/46 351/41/46 352/58/46
f 353/88/139 354/89/139 355/90/1
f 355/90/1 354/89/139 356/91/1
f 355/90/1 356/91/1 357/91/140
f 358/90/141 355/90/1 357/91/140
f 359/91/142 358/90/141 357/91/140
f 358/90/141 359/91/142 360/90/143
f 361/88/144 362/92/145 363/89/146
f 362/92/145 361/88/144 364/93/147
f 365/10/134 366/10/134 367/3/148
f 367/3/148 366/10/134 368/10/148
f 369/3/149 368/10/149 370/3/150
f 370/3/150 368/10/149 371/10/151
f 370/3/150 371/10/151 372/3/152
f 372/3/152 371/10/151 373/10/152
f 372/3/152 373/10/152 374/3/153
f 374/3/153 373/10/152 375/10/153
f 374/3/153 375/10/153 376/3/154
f 376/3/154 375/10/153 377/10/155
f 376/3/154 377/10/155 378/3/156
f 378/3/156 377/10/155 379/10/156
f 378/3/156 379/10/156 380/3/157
f 380/3/157 379/10/156 381/10/158
f 380/3/157 381/10/158 382/3/159
f 382/3/159 381/10/158 383/10/160
f 382/3/159 383/10/160 384/3/161
f 384/3/161 383/10/160 385/10/161
o RenderMesh_123562485387966
v -0.054344 0.061300 -0.128421
v -0.054344 0.130235 -0.153589
v -0.012727 0.139333 -0.128421
v -0.034785 0.166907 -0.153589
v -0.005448 0.191355 -0.153589
v 0.049700 0.191355 -0.128421
v -0.054344 0.252476 -0.153589
v -0.073903 0.215803 -0.153589
v -0.095961 0.243377 -0.128421
v -0.054344 0.321410 -0.128421
v -0.103240 0.191355 -0.153589
v -0.158388 0.191355 -0.128421
v -0.095961 0.139333 -0.128421
v -0.158388 0.191355 -0.128421
v -0.103240 0.191355 -0.153589
v -0.073903 0.166907 -0.153589
v -0.054344 0.130235 -0.153589
v -0.054344 0.061300 -0.128421
v -0.012727 0.243377 -0.128421
v 0.049700 0.191355 -0.128421
v -0.005448 0.191355 -0.153589
v -0.034785 0.215803 -0.153589
v -0.054344 0.252476 -0.153589
v -0.054344 0.321410 -0.128421
v -0.054344 0.130235 0.153589
v -0.073903 0.166907 0.153589
v -0.095961 0.139333 0.128421
v -0.054344 0.061300 0.128421
v -0.103240 0.191355 0.153589
v -0.158388 0.191355 0.128421
v -0.012727 0.139333 0.128421
v 0.049700 0.191355 0.128421
v -0.005448 0.191355 0.153589
v -0.034785 0.166907 0.153589
v -0.054344 0.130235 0.153589
v -0.054344 0.061300 0.128421
v -0.095961 0.243377 0.128421
v -0.158388 0.191355 0.128421
v -0.103240 0.191355 0.153589
v -0.073903 0.215803 0.153589
v -0.054344 0.252476 0.153589
v -0.054344 0.321410 0.128421
v -0.054344 0.321410 0.128421
v -0.054344 0.252476 0.153589
v -0.012727 0.243377 0.128421
v -0.034785 0.215803 0.153589
v -0.005448 0.191355 0.153589
v 0.049700 0.191355 0.128421
v -0.095420 0.191355 -0.149471
v -0.070774 0.170818 -0.149471
v -0.073903 0.166907 -0.153589
v -0.103240 0.191355 -0.153589
v -0.054344 0.140011 -0.149471
v -0.054344 0.130235 -0.153589
v -0.054344 0.242699 -0.149471
v -0.070774 0.211892 -0.149471
v -0.073903 0.215803 -0.153589
v -0.054344 0.252476 -0.153589
v -0.095420 0.191355 -0.149471
v -0.103240 0.191355 -0.153589
v -0.034785 0.166907 -0.153589
v -0.054344 0.130235 -0.153589
v -0.054344 0.140011 -0.149471
v -0.037914 0.170818 -0.149471
v -0.013268 0.191355 -0.149471
v -0.005448 0.191355 -0.153589
v -0.034785 0.215803 -0.153589
v -0.005448 0.191355 -0.153589
v -0.013268 0.191355 -0.149471
v -0.037914 0.211892 -0.149471
v -0.054344 0.242699 -0.149471
v -0.054344 0.252476 -0.153589
v -0.095420 0.191355 0.149472
v -0.070774 0.211892 0.149472
v -0.073903 0.215803 0.153589
v -0.103240 0.191355 0.153589
v -0.054344 0.242699 0.149472
v -0.054344 0.252476 0.153589
v -0.034785 0.215803 0.153589
v -0.054344 0.252476 0.153589
v -0.054344 0.242699 0.149472
v -0.037914 0.211892 0.149472
v -0.013268 0.191355 0.149472
v -0.005448 0.191355 0.153589
v -0.054344 0.140011 0.149472
v -0.070774 0.170818 0.149472
v -0.073903 0.166907 0.153589
v -0.054344 0.130235 0.153589
v -0.095420 0.191355 0.149472
v -0.103240 0.191355 0.153589
v -0.034785 0.166907 0.153589
v -0.005448 0.191355 0.153589
v -0.013268 0.191355 0.149472
v -0.037914 0.170818 0.149472
v -0.054344 0.140011 0.149472
v -0.054344 0.130235 0.153589
v -0.054344 0.191355 -0.077570
v -0.158388 0.191355 -0.128421
v -0.095961 0.139333 -0.128421
v -0.054344 0.061300 -0.128421
v -0.054344 0.191355 -0.077570
v -0.054344 0.061300 -0.128421
v -0.012727 0.139333 -0.128421
v 0.049700 0.191355 -0.128421
v -0.054344 0.191355 -0.077570
v -0.054344 0.321410 -0.128421
v -0.095961 0.243377 -0.128421
v -0.158388 0.191355 -0.128421
v 0.049700 0.191355 -0.128421
v -0.012727 0.243377 -0.128421
v -0.054344 0.191355 -0.077570
v -0.054344 0.321410 -0.128421
v -0.054344 0.191355 0.084430
v -0.054344 0.321410 0.128421
v -0.012727 0.243377 0.128421
v 0.049700 0.191355 0.128421
v -0.054344 0.061300 0.128421
v -0.095961 0.139333 0.128421
v -0.054344 0.191355 0.084430
v -0.158388 0.191355 0.128421
v 0.049700 0.191355 0.128421
v -0.012727 0.139333 0.128421
v -0.054344 0.191355 0.084430
v -0.054344 0.061300 0.128421
v -0.158388 0.191355 0.128421
v -0.095961 0.243377 0.128421
v -0.054344 0.191355 0.084430
v -0.054344 0.321410 0.128421
vn 0.5409 -0.2880 -0.7903
vn 0.5409 -0.2882 -0.7902
vn 0.4678 -0.3618 -0.8064
vn 0.4490 -0.3793 -0.8090
vn 0.3716 -0.4459 -0.8143
vn -0.5409 0.2885 -0.7901
vn -0.4490 0.3793 -0.8090
vn -0.4678 0.3618 -0.8064
vn -0.3716 0.4459 -0.8143
vn -0.4677 -0.3615 -0.8066
vn -0.3716 -0.4459 -0.8143
vn -0.4490 -0.3793 -0.8090
vn -0.5409 -0.2880 -0.7902
vn 0.4675 0.3620 -0.8065
vn 0.3717 0.4456 -0.8144
vn 0.4490 0.3793 -0.8090
vn 0.5409 0.2885 -0.7901
vn -0.5409 -0.2885 0.7901
vn -0.4490 -0.3793 0.8090
vn -0.4678 -0.3618 0.8064
vn -0.3716 -0.4459 0.8143
vn 0.4676 -0.3614 0.8067
vn 0.3716 -0.4459 0.8143
vn 0.4490 -0.3793 0.8090
vn 0.5409 -0.2885 0.7901
vn -0.4678 0.3618 0.8064
vn -0.3718 0.4457 0.8144
vn -0.3718 0.4456 0.8144
vn -0.4490 0.3793 0.8090
vn -0.5409 0.2885 0.7901
vn 0.5409 0.2885 0.7901
vn 0.4678 0.3618 0.8064
vn 0.4490 0.3793 0.8090
vn 0.3717 0.4456 0.8144
vn 0.4064 0.4882 -0.7723
vn 0.4910 0.4141 -0.7664
vn 0.5102 0.3958 -0.7636
vn 0.5885 0.3139 -0.7451
vn 0.5884 -0.3142 -0.7451
vn 0.4908 -0.4138 -0.7667
vn 0.5102 -0.3958 -0.7636
vn 0.5885 -0.3138 -0.7451
vn 0.4067 -0.4880 -0.7723
vn -0.5102 0.3958 -0.7636
vn -0.5885 0.3139 -0.7451
vn -0.4910 0.4141 -0.7664
vn -0.4067 0.4880 -0.7723
vn -0.4064 0.4882 -0.7723
vn -0.5102 -0.3958 -0.7636
vn -0.4064 -0.4880 -0.7725
vn -0.4909 -0.4137 -0.7667
vn -0.5885 -0.3138 -0.7451
vn 0.4063 -0.4880 0.7725
vn 0.4909 -0.4138 0.7667
vn 0.5101 -0.3957 0.7636
vn 0.5885 -0.3142 0.7450
vn 0.5884 -0.3138 0.7452
vn -0.5102 -0.3960 0.7634
vn -0.5884 -0.3138 0.7452
vn -0.5885 -0.3141 0.7450
vn -0.4909 -0.4138 0.7667
vn -0.4066 -0.4879 0.7724
vn 0.5886 0.3134 0.7452
vn 0.4910 0.4141 0.7665
vn 0.5101 0.3957 0.7636
vn 0.5884 0.3138 0.7452
vn 0.4062 0.4883 0.7724
vn 0.4063 0.4883 0.7724
vn -0.5101 0.3957 0.7636
vn -0.4064 0.4882 0.7724
vn -0.4910 0.4141 0.7665
vn -0.5886 0.3134 0.7452
vn -0.5884 0.3138 0.7452
vn -0.4715 -0.3934 0.7892
vn -0.3885 -0.4662 0.7948
vn -0.4886 -0.3784 0.7862
vn -0.5639 -0.3007 0.7691
vn 0.4715 -0.3935 0.7892
vn 0.5640 -0.3010 0.7690
vn 0.4885 -0.3784 0.7863
vn 0.3885 -0.4662 0.7948
vn -0.4715 0.3940 0.7890
vn -0.5641 0.3005 0.7690
vn -0.4883 0.3782 0.7865
vn -0.3885 0.4662 0.7948
vn 0.3885 0.4666 0.7946
vn 0.4886 0.3780 0.7864
vn 0.4715 0.3940 0.7890
vn 0.5641 0.3005 0.7691
vn 0.4282 0.3588 -0.8294
vn 0.5150 0.2747 -0.8120
vn 0.4449 0.3435 -0.8271
vn 0.3528 0.4234 -0.8344
vn -0.5150 -0.2747 -0.8120
vn -0.4449 -0.3435 -0.8271
vn -0.4282 -0.3588 -0.8294
vn -0.3528 -0.4234 -0.8344
vn 0.3528 -0.4234 -0.8344
vn 0.4449 -0.3435 -0.8271
vn 0.4282 -0.3588 -0.8294
vn 0.5150 -0.2747 -0.8120
vn -0.3528 0.4234 -0.8344
vn -0.4449 0.3435 -0.8271
vn -0.4282 0.3588 -0.8294
vn -0.5151 0.2749 -0.8118
vt 0.000000 0.000000
s 1
f 386/94/162 387/94/163 388/94/164
f 388/94/164 387/94/163 389/94/165
f 390/94/166 388/94/164 389/94/165
f 388/94/164 390/94/166 391/94/166
f 392/94/167 393/94/168 394/94/169
f 394/94/169 395/94/167 392/94/167
f 396/94/170 394/94/169 393/94/168
f 394/94/169 396/94/170 397/94/170
f 398/94/171 399/94/172 400/94/172
f 398/94/171 400/94/172 401/94/173
f 402/94/174 398/94/171 401/94/173
f 398/94/171 402/94/174 403/94/174
f 404/94/175 405/94/176 406/94/176
f 404/94/175 406/94/176 407/94/177
f 408/94/178 404/94/175 407/94/177
f 404/94/175 408/94/178 409/94/178
f 410/94/179 411/94/180 412/94/181
f 412/94/181 413/94/179 410/94/179
f 414/94/182 412/94/181 411/94/180
f 412/94/181 414/94/182 415/94/182
f 416/94/183 417/94/184 418/94/184
f 416/94/183 418/94/184 419/94/185
f 420/94/186 416/94/183 419/94/185
f 416/94/183 420/94/186 421/94/186
f 422/94/187 423/94/188 424/94/189
f 422/94/187 424/94/189 425/94/190
f 426/94/191 422/94/187 425/94/190
f 422/94/187 426/94/191 427/94/191
f 428/94/192 429/94/192 430/94/193
f 430/94/193 429/94/192 431/94/194
f 432/94/195 430/94/193 431/94/194
f 430/94/193 432/94/195 433/94/195
f 434/94/196 435/94/197 436/94/198
f 436/94/198 437/94/196 434/94/196
f 438/94/199 436/94/198 435/94/197
f 436/94/198 438/94/199 439/94/199
f 440/94/200 441/94/201 442/94/202
f 442/94/202 443/94/203 440/94/200
f 444/94/204 442/94/202 441/94/201
f 442/94/202 444/94/204 445/94/204
f 446/94/205 447/94/206 448/94/206
f 446/94/205 448/94/206 449/94/207
f 450/94/208 446/94/205 449/94/207
f 446/94/205 450/94/208 451/94/209
f 452/94/210 453/94/211 454/94/211
f 452/94/210 454/94/211 455/94/212
f 456/94/213 452/94/210 455/94/212
f 452/94/210 456/94/213 457/94/213
f 458/94/214 459/94/215 460/94/216
f 460/94/216 461/94/214 458/94/214
f 462/94/217 460/94/216 459/94/215
f 460/94/216 462/94/217 463/94/218
f 464/94/219 465/94/220 466/94/221
f 464/94/219 466/94/221 467/94/222
f 468/94/223 464/94/219 467/94/222
f 464/94/219 468/94/223 469/94/223
f 470/94/224 471/94/225 472/94/226
f 472/94/226 473/94/227 470/94/224
f 474/94/228 472/94/226 471/94/225
f 472/94/226 474/94/228 475/94/229
f 476/94/230 477/94/231 478/94/231
f 476/94/230 478/94/231 479/94/232
f 480/94/233 476/94/230 479/94/232
f 476/94/230 480/94/233 481/94/234
f 482/94/235 483/94/236 484/94/237
f 482/94/235 484/94/237 485/94/238
f 486/94/239 487/94/240 488/94/241
f 486/94/239 488/94/241 489/94/242
f 490/94/243 491/94/244 492/94/245
f 490/94/243 492/94/245 493/94/246
f 494/94/247 495/94/248 496/94/249
f 495/94/248 497/94/250 496/94/249
f 498/94/251 499/94/252 500/94/253
f 498/94/251 500/94/253 501/94/254
f 502/94/255 503/94/256 504/94/257
f 503/94/256 505/94/258 504/94/257
f 506/94/259 507/94/260 508/94/261
f 507/94/260 509/94/262 508/94/261
f 510/94/263 511/94/264 512/94/265
f 511/94/264 513/94/266 512/94/265
o RenderMesh_116501945309970
v 0.683553 0.343937 -0.034093
v 0.683553 0.343937 0.036575
v 0.683553 0.322408 -0.034093
v 0.683553 0.322408 0.036575
v 0.683553 0.357436 -0.034093
v 0.683553 0.357436 0.036575
v -0.679124 -0.339564 0.091984
v -0.671515 -0.300462 -0.091984
v -0.679124 -0.339564 -0.091984
v -0.671515 -0.300462 0.091984
v -0.643003 -0.371557 0.072004
v -0.643003 -0.371557 -0.072004
v -0.643003 -0.371557 -0.072004
v -0.382661 -0.371557 -0.072004
v -0.382661 -0.371557 0.072004
v -0.643003 -0.371557 0.072004
v 0.215717 0.354923 -0.034093
v 0.215717 0.354923 0.036575
v 0.229217 0.343937 -0.034093
v 0.229217 0.343937 0.036575
v -0.355081 -0.321436 -0.045912
v -0.668526 -0.323289 -0.085958
v -0.355081 -0.321436 -0.085702
v -0.668526 -0.323289 -0.045625
v -0.355081 -0.321436 0.045912
v -0.668526 -0.323289 0.085958
v -0.668526 -0.323289 0.045625
v -0.355081 -0.321436 0.085702
v -0.064631 0.371557 -0.034093
v -0.022610 0.354923 0.036575
v -0.022610 0.354923 -0.034093
v -0.064631 0.371557 0.036575
v -0.243565 0.371557 -0.034093
v -0.064631 0.371557 0.036575
v -0.064631 0.371557 -0.034093
v -0.243565 0.371557 0.036575
v -0.257316 0.371557 -0.034093
v -0.257316 0.371557 0.036575
v -0.274487 0.354386 -0.034093
v -0.274487 0.354386 0.036575
v -0.274487 0.326048 0.036575
v -0.274487 0.326048 -0.034093
v 0.683553 0.357436 -0.034093
v 0.582321 0.357436 0.036575
v 0.683553 0.357436 0.036575
v 0.582321 0.357436 -0.034093
v 0.215717 0.354923 -0.034093
v -0.022610 0.354923 -0.034093
v -0.022610 0.354923 0.036575
v 0.215717 0.354923 0.036575
v 0.229217 0.343937 0.036575
v 0.568821 0.343937 0.036575
v 0.229217 0.343937 -0.034093
v 0.568821 0.343937 -0.034093
v -0.643003 -0.371557 -0.072004
v -0.346539 -0.339564 -0.091984
v -0.382661 -0.371557 -0.072004
v -0.679124 -0.339564 -0.091984
v -0.354149 -0.300462 -0.091984
v -0.671515 -0.300462 -0.091984
v -0.679124 -0.339564 0.091984
v -0.354149 -0.300462 0.091984
v -0.671515 -0.300462 0.091984
v -0.346539 -0.339564 0.091984
v -0.643003 -0.371557 0.072004
v -0.382661 -0.371557 0.072004
v -0.464844 0.092128 -0.087969
v -0.394092 0.097115 -0.087969
v -0.453247 0.072995 -0.107594
v -0.511158 0.039923 -0.087969
v -0.399139 0.075320 -0.107594
v -0.491221 0.029772 -0.107594
v -0.349225 0.067505 -0.087969
v -0.519318 -0.036430 -0.087969
v -0.363611 0.055195 -0.104577
v -0.497129 -0.033571 -0.107594
v -0.350403 0.022775 -0.102758
v -0.490585 -0.101392 -0.087969
v -0.333551 0.022263 -0.087969
v -0.469328 -0.094416 -0.107594
v -0.351241 -0.017706 -0.087969
v -0.462851 -0.158287 -0.087969
v -0.364886 -0.007804 -0.102758
v -0.444688 -0.158019 -0.103903
v -0.396933 -0.039767 -0.087969
v -0.458241 -0.200972 -0.087969
v -0.398729 -0.025938 -0.100203
v -0.446759 -0.206109 -0.099003
v -0.429628 -0.024920 -0.087969
v -0.422357 -0.014771 -0.098919
v -0.429000 0.016742 -0.087969
v -0.474519 -0.227840 -0.087969
v -0.466949 -0.236246 -0.097892
v -0.495444 -0.243011 -0.087969
v -0.492537 -0.253180 -0.097247
v -0.533567 -0.257559 -0.087969
v -0.394092 0.097115 0.087969
v -0.453247 0.072995 0.107594
v -0.399139 0.075320 0.107594
v -0.464844 0.092128 0.087969
v -0.349225 0.067505 0.087969
v -0.511158 0.039923 0.087969
v -0.363611 0.055195 0.104577
v -0.491221 0.029772 0.107594
v -0.350403 0.022775 0.102758
v -0.519318 -0.036430 0.087969
v -0.333551 0.022263 0.087969
v -0.497129 -0.033571 0.107594
v -0.351241 -0.017706 0.087969
v -0.490585 -0.101392 0.087969
v -0.364886 -0.007804 0.102758
v -0.469328 -0.094416 0.107594
v -0.396933 -0.039767 0.087969
v -0.462851 -0.158287 0.087969
v -0.398729 -0.025938 0.100203
v -0.444688 -0.158019 0.103903
v -0.429628 -0.024920 0.087969
v -0.422357 -0.014771 0.098919
v -0.429000 0.016742 0.087969
v -0.458241 -0.200972 0.087969
v -0.446759 -0.206109 0.099003
v -0.474519 -0.227840 0.087969
v -0.466949 -0.236246 0.097892
v -0.495444 -0.243011 0.087969
v -0.492537 -0.253180 0.097247
v -0.533567 -0.257559 0.087969
v 0.231879 0.281491 -0.104993
v 0.231879 0.281491 -0.055350
v 0.231879 0.225337 -0.085018
v 0.231879 0.341086 -0.085018
v 0.231879 0.225337 -0.055350
v 0.231879 0.341086 -0.055350
v 0.231879 0.171948 -0.085018
v -0.283503 0.341086 -0.085017
v 0.231879 0.171948 -0.055350
v -0.283503 0.341086 -0.055350
v 0.198164 0.110275 -0.085018
v -0.316705 0.286854 -0.055350
v 0.198164 0.110275 -0.055350
v -0.316705 0.286854 -0.085051
v 0.198164 0.032880 -0.085018
v -0.381976 0.225337 -0.085017
v 0.198164 0.032880 -0.055350
v -0.381976 0.225337 -0.055350
v -0.178681 0.032880 -0.085017
v -0.440888 0.188002 -0.085017
v -0.178681 0.032880 -0.055350
v -0.251599 0.001821 -0.055350
v -0.251599 0.001821 -0.085017
v -0.440888 0.188002 -0.055350
v -0.479573 0.178070 -0.055350
v -0.479573 0.178070 -0.085017
v 0.231879 0.281491 0.055829
v 0.231879 0.225337 0.085497
v 0.231879 0.225337 0.055829
v 0.231879 0.171948 0.085497
v 0.231879 0.281491 0.105472
v 0.231879 0.171948 0.055829
v 0.231879 0.341086 0.085497
v 0.198164 0.110275 0.085497
v 0.231879 0.341086 0.055829
v 0.198164 0.110275 0.055829
v -0.283503 0.341086 0.085497
v 0.198164 0.032880 0.085497
v -0.283503 0.341086 0.055829
v 0.198164 0.032880 0.055829
v -0.316705 0.286854 0.055829
v -0.178681 0.032880 0.085497
v -0.316705 0.286854 0.085530
v -0.178681 0.032880 0.055829
v -0.251599 0.001821 0.055829
v -0.251599 0.001821 0.085497
v -0.381976 0.225337 0.085497
v -0.381976 0.225337 0.055829
v -0.440888 0.188002 0.055830
v -0.440888 0.188002 0.085497
v -0.479573 0.178070 0.055830
v -0.479573 0.178070 0.085497
v 0.076099 0.212906 -0.099400
v 0.065590 0.246620 -0.103790
v 0.080862 0.247075 -0.090908
v 0.070827 0.277439 -0.104008
v 0.090912 0.218558 -0.085785
v 0.085200 0.272219 -0.091659
v 0.092340 0.195615 -0.093311
v 0.090068 0.297601 -0.103178
v 0.106661 0.200803 -0.079939
v 0.100513 0.287948 -0.091659
v 0.111839 0.176213 -0.089996
v 0.115185 0.301579 -0.103231
v 0.123967 0.184490 -0.077251
v 0.111354 0.289194 -0.091659
v 0.130339 0.153897 -0.089361
v 0.122061 0.286498 -0.091659
v 0.143038 0.161362 -0.076601
v 0.131719 0.296679 -0.103209
v 0.142206 0.132363 -0.089254
v 0.128938 0.274123 -0.091659
v 0.156127 0.137276 -0.076510
v 0.143538 0.277515 -0.103224
v 0.159423 0.112221 -0.076511
v 0.139870 0.252923 -0.103173
v 0.144622 0.112410 -0.089253
v 0.126565 0.259844 -0.091659
v 0.152719 0.088720 -0.076511
v 0.124570 0.257415 -0.091659
v 0.139264 0.093538 -0.089244
v 0.123273 0.244732 -0.103141
v 0.131442 0.067977 -0.076511
v 0.117216 0.261044 -0.091659
v 0.105007 0.254791 -0.101265
v 0.106309 0.277033 -0.091659
v 0.125685 0.078635 -0.089196
v 0.097955 0.065738 -0.076511
v 0.100928 0.076054 -0.087682
v 0.086087 0.083584 -0.086722
v 0.077416 0.076243 -0.076511
v 0.076109 0.099317 -0.086443
v 0.064476 0.096506 -0.076511
v 0.073479 0.115871 -0.085315
v 0.063219 0.117956 -0.076511
v 0.074528 0.137245 -0.076511
v 0.081612 0.131497 -0.084988
v 0.092750 0.144618 -0.076511
v 0.093154 0.137457 -0.084481
v 0.103147 0.133929 -0.083587
v 0.109348 0.139098 -0.076511
v 0.116208 0.123037 -0.076511
v 0.090912 0.218558 0.085785
v 0.080862 0.247075 0.090908
v 0.076099 0.212906 0.099400
v 0.065590 0.246620 0.103790
v 0.092340 0.195615 0.093311
v 0.070828 0.277439 0.104008
v 0.106662 0.200803 0.079939
v 0.085200 0.272219 0.091659
v 0.111839 0.176213 0.089995
v 0.090068 0.297601 0.103177
v 0.123967 0.184490 0.077250
v 0.100513 0.287948 0.091659
v 0.130339 0.153897 0.089360
v 0.115185 0.301579 0.103231
v 0.143038 0.161362 0.076601
v 0.111354 0.289194 0.091659
v 0.142206 0.132363 0.089254
v 0.122061 0.286498 0.091659
v 0.156127 0.137276 0.076510
v 0.131719 0.296679 0.103209
v 0.159423 0.112221 0.076511
v 0.128938 0.274123 0.091659
v 0.144622 0.112410 0.089253
v 0.143538 0.277515 0.103224
v 0.152719 0.088720 0.076511
v 0.139870 0.252923 0.103173
v 0.139264 0.093538 0.089244
v 0.126565 0.259844 0.091659
v 0.131442 0.067977 0.076511
v 0.124570 0.257415 0.091659
v 0.125685 0.078635 0.089196
v 0.123273 0.244732 0.103141
v 0.097955 0.065738 0.076511
v 0.117216 0.261044 0.091659
v 0.105007 0.254791 0.101264
v 0.106309 0.277033 0.091659
v 0.100928 0.076054 0.087682
v 0.086087 0.083584 0.086722
v 0.077416 0.076243 0.076511
v 0.076109 0.099317 0.086443
v 0.064476 0.096506 0.076511
v 0.073479 0.115871 0.085315
v 0.063219 0.117956 0.076511
v 0.074528 0.137245 0.076511
v 0.081612 0.131497 0.084988
v 0.092750 0.144618 0.076511
v 0.093154 0.137457 0.084481
v 0.103147 0.133929 0.083587
v 0.109348 0.139098 0.076511
v 0.116209 0.123037 0.076511
v 0.364323 0.326981 -0.084356
v 0.378581 0.299769 -0.082871
v 0.357888 0.315116 -0.072346
v 0.367510 0.295362 -0.072346
v 0.363353 0.266678 -0.072346
v 0.324208 0.318222 -0.072346
v 0.318864 0.334610 -0.087415
v 0.295915 0.305143 -0.072346
v 0.282781 0.316009 -0.087436
v 0.271529 0.275369 -0.089628
v 0.291189 0.276199 -0.072346
v 0.290643 0.230175 -0.093275
v 0.309347 0.244990 -0.072346
v 0.334376 0.209274 -0.093272
v 0.337042 0.232959 -0.072346
v 0.433151 0.231601 -0.092243
v 0.421981 0.251543 -0.072346
v 0.499609 0.299633 -0.072346
v 0.510695 0.287185 -0.086424
v 0.551441 0.316696 -0.072347
v 0.553248 0.302530 -0.084359
v 0.597636 0.302628 -0.080387
v 0.603091 0.310861 -0.072347
v 0.640581 0.283623 -0.072347
v 0.378581 0.299769 0.082871
v 0.364323 0.326981 0.084356
v 0.357888 0.315116 0.072346
v 0.367510 0.295362 0.072346
v 0.363353 0.266678 0.072346
v 0.324208 0.318222 0.072346
v 0.318864 0.334610 0.087415
v 0.295915 0.305143 0.072346
v 0.282781 0.316009 0.087436
v 0.271529 0.275369 0.089628
v 0.291189 0.276199 0.072346
v 0.290643 0.230175 0.093275
v 0.309347 0.244990 0.072346
v 0.334376 0.209274 0.093272
v 0.337042 0.232959 0.072346
v 0.433151 0.231601 0.092242
v 0.421981 0.251543 0.072346
v 0.499609 0.299633 0.072346
v 0.510695 0.287185 0.086424
v 0.551441 0.316696 0.072346
v 0.553248 0.302530 0.084359
v 0.597636 0.302628 0.080387
v 0.603091 0.310861 0.072346
v 0.640581 0.283623 0.072346
v -0.334260 -0.042048 0.044726
v -0.374628 -0.079623 0.044413
v -0.374628 -0.079623 0.087040
v -0.397281 -0.141621 0.087256
v -0.334260 -0.042048 0.086761
v -0.397281 -0.141621 0.044171
v -0.297799 -0.042048 0.044877
v -0.404456 -0.213621 0.087395
v -0.297799 -0.042048 0.086626
v -0.404456 -0.213621 0.044015
v -0.270800 -0.015508 0.044902
v -0.390384 -0.285621 0.045690
v -0.270800 -0.015508 0.086603
v -0.390384 -0.285621 0.085900
v -0.279800 0.032972 0.087035
v -0.635395 -0.285621 0.086108
v -0.279800 0.032972 0.044419
v -0.635395 -0.285621 0.045458
v -0.333800 0.104972 0.087125
v -0.645528 -0.186621 0.087340
v -0.333800 0.104972 0.044317
v -0.645528 -0.186621 0.044077
v -0.396552 0.140036 0.087156
v -0.625066 -0.078621 0.087436
v -0.396552 0.140036 0.044283
v -0.625066 -0.078621 0.043969
v -0.482384 0.149972 0.045177
v -0.578283 0.029379 0.044358
v -0.482384 0.149972 0.086358
v -0.578283 0.029379 0.087089
v -0.508505 0.086894 0.087000
v -0.508505 0.086894 0.044458
v -0.374628 -0.079623 -0.087040
v -0.334260 -0.042048 -0.044725
v -0.334260 -0.042048 -0.086761
v -0.297799 -0.042048 -0.044877
v -0.374628 -0.079623 -0.044413
v -0.297799 -0.042048 -0.086626
v -0.397281 -0.141621 -0.087256
v -0.270800 -0.015508 -0.044902
v -0.397281 -0.141621 -0.044171
v -0.270800 -0.015508 -0.086604
v -0.404456 -0.213621 -0.087395
v -0.279800 0.032972 -0.087035
v -0.404456 -0.213621 -0.044015
v -0.279800 0.032972 -0.044419
v -0.390384 -0.285621 -0.045690
v -0.333800 0.104972 -0.087125
v -0.390384 -0.285621 -0.085900
v -0.333800 0.104972 -0.044317
v -0.635395 -0.285621 -0.086108
v -0.396552 0.140036 -0.087156
v -0.635395 -0.285621 -0.045458
v -0.396552 0.140036 -0.044283
v -0.645528 -0.186621 -0.087340
v -0.482384 0.149972 -0.045177
v -0.645528 -0.186621 -0.044077
v -0.482384 0.149972 -0.086359
v -0.625066 -0.078621 -0.087436
v -0.508506 0.086894 -0.087000
v -0.625066 -0.078621 -0.043969
v -0.508506 0.086894 -0.044458
v -0.578283 0.029379 -0.044358
v -0.578283 0.029379 -0.087089
v -0.526672 -0.079825 -0.101574
v -0.455290 -0.097365 -0.087969
v -0.463293 -0.110649 -0.101574
v -0.522031 -0.065027 -0.087969
v -0.560288 -0.079623 -0.101574
v -0.566760 -0.065529 -0.087969
v -0.601081 -0.097681 -0.087969
v -0.587515 -0.105199 -0.101574
v -0.601498 -0.153665 -0.101574
v -0.616988 -0.152888 -0.087969
v -0.596947 -0.199321 -0.087969
v -0.586006 -0.188329 -0.101574
v -0.554735 -0.205255 -0.101574
v -0.553017 -0.220667 -0.087969
v -0.526030 -0.197535 -0.101574
v -0.513978 -0.207297 -0.087969
v -0.517928 -0.175997 -0.097585
v -0.507334 -0.173177 -0.087969
v -0.525607 -0.154831 -0.087969
v -0.529881 -0.159358 -0.093431
v -0.547836 -0.158674 -0.087969
v -0.455290 -0.097365 0.087969
v -0.526672 -0.079825 0.101574
v -0.463293 -0.110649 0.101574
v -0.522031 -0.065027 0.087969
v -0.560288 -0.079623 0.101574
v -0.566760 -0.065529 0.087969
v -0.601080 -0.097681 0.087969
v -0.587515 -0.105199 0.101574
v -0.601498 -0.153665 0.101574
v -0.616988 -0.152888 0.087969
v -0.596947 -0.199321 0.087969
v -0.586006 -0.188329 0.101574
v -0.554735 -0.205255 0.101574
v -0.553017 -0.220667 0.087969
v -0.526030 -0.197535 0.101574
v -0.513978 -0.207297 0.087969
v -0.517928 -0.175997 0.097585
v -0.507334 -0.173177 0.087969
v -0.525607 -0.154831 0.087969
v -0.529881 -0.159358 0.093431
v -0.547836 -0.158674 0.087969
v -0.333890 0.158776 -0.072346
v -0.322908 0.191183 -0.087751
v -0.319182 0.166538 -0.087754
v -0.338888 0.195725 -0.072346
v -0.289109 0.117403 -0.072346
v -0.317910 0.223874 -0.072346
v -0.281510 0.131753 -0.087265
v -0.309088 0.212340 -0.085911
v -0.240460 0.103228 -0.072347
v -0.288691 0.219274 -0.084791
v -0.236028 0.115814 -0.084343
v -0.287538 0.232360 -0.072346
v -0.217581 0.102356 -0.083303
v -0.261726 0.219103 -0.072346
v -0.226524 0.094009 -0.072346
v -0.270367 0.208972 -0.084816
v -0.214402 0.081386 -0.072346
v -0.204906 0.083531 -0.081279
v -0.200385 0.055904 -0.072346
v -0.249031 0.188053 -0.072346
v -0.260315 0.187377 -0.083221
v -0.260814 0.165929 -0.072346
v -0.268827 0.172632 -0.082357
v -0.291425 0.170062 -0.072346
v -0.322908 0.191183 0.087751
v -0.333890 0.158776 0.072346
v -0.319182 0.166538 0.087754
v -0.289109 0.117403 0.072346
v -0.338888 0.195725 0.072346
v -0.281510 0.131753 0.087265
v -0.317910 0.223874 0.072346
v -0.240460 0.103228 0.072347
v -0.309088 0.212340 0.085911
v -0.236028 0.115814 0.084343
v -0.288691 0.219274 0.084791
v -0.217581 0.102356 0.083303
v -0.287538 0.232360 0.072346
v -0.226524 0.094009 0.072346
v -0.261726 0.219103 0.072346
v -0.214402 0.081386 0.072346
v -0.204906 0.083531 0.081279
v -0.200385 0.055904 0.072347
v -0.270367 0.208972 0.084816
v -0.249031 0.188053 0.072346
v -0.260315 0.187377 0.083221
v -0.260814 0.165929 0.072346
v -0.268827 0.172632 0.082357
v -0.291425 0.170062 0.072346
v -0.482384 0.149972 0.086358
v -0.396552 0.140036 0.087156
v -0.388131 0.175338 0.087179
v -0.313211 0.133482 0.087153
v -0.501139 0.185860 0.086081
v -0.333800 0.104972 0.087125
v -0.530237 0.110901 0.087013
v -0.249303 0.048259 0.087067
v -0.508505 0.086894 0.087000
v -0.279800 0.032972 0.087035
v -0.578283 0.029379 0.087089
v -0.270800 -0.015508 0.086603
v -0.606238 0.047276 0.087085
v -0.238204 -0.022196 0.086465
v -0.625066 -0.078621 0.087436
v -0.277016 -0.061494 0.086659
v -0.660070 -0.077322 0.087446
v -0.297799 -0.042048 0.086626
v -0.645528 -0.186621 0.087340
v -0.317477 -0.061592 0.086733
v -0.683553 -0.200923 0.087338
v -0.334260 -0.042048 0.086761
v -0.635395 -0.285621 0.086108
v -0.350399 -0.090908 0.087039
v -0.668526 -0.323289 0.085958
v -0.374628 -0.079623 0.087040
v -0.390384 -0.285621 0.085900
v -0.397281 -0.141621 0.087256
v -0.355081 -0.321436 0.085702
v -0.373475 -0.154028 0.087248
v -0.373572 -0.229845 0.087434
v -0.404456 -0.213621 0.087395
v -0.508506 0.086894 -0.087000
v -0.530237 0.110901 -0.087013
v -0.482384 0.149972 -0.086359
v -0.578283 0.029379 -0.087089
v -0.501139 0.185860 -0.086081
v -0.606238 0.047276 -0.087085
v -0.388131 0.175338 -0.087179
v -0.625066 -0.078621 -0.087436
v -0.396552 0.140036 -0.087156
v -0.660071 -0.077322 -0.087446
v -0.313211 0.133482 -0.087153
v -0.645528 -0.186621 -0.087340
v -0.333800 0.104972 -0.087125
v -0.683553 -0.200923 -0.087338
v -0.249303 0.048259 -0.087067
v -0.635395 -0.285621 -0.086108
v -0.279800 0.032972 -0.087035
v -0.668526 -0.323289 -0.085958
v -0.270800 -0.015508 -0.086604
v -0.390384 -0.285621 -0.085900
v -0.238204 -0.022196 -0.086465
v -0.355081 -0.321436 -0.085702
v -0.277016 -0.061494 -0.086659
v -0.373572 -0.229845 -0.087434
v -0.297799 -0.042048 -0.086626
v -0.404456 -0.213621 -0.087395
v -0.317477 -0.061592 -0.086733
v -0.373475 -0.154028 -0.087248
v -0.334260 -0.042048 -0.086761
v -0.397281 -0.141621 -0.087256
v -0.350399 -0.090908 -0.087039
v -0.374628 -0.079623 -0.087040
v -0.263857 0.030085 -0.082738
v -0.181334 0.061999 -0.082738
v -0.178681 0.032880 -0.085017
v -0.251599 0.001821 -0.085017
v 0.165419 0.061999 -0.082738
v 0.198164 0.032880 -0.085018
v 0.198164 0.110275 -0.085018
v 0.165419 0.121412 -0.082738
v 0.193906 0.173521 -0.082738
v 0.231879 0.171948 -0.085018
v 0.193906 0.218630 -0.082738
v 0.231879 0.225337 -0.085018
v 0.193906 0.281491 -0.099615
v 0.231879 0.281491 -0.104993
v 0.193906 0.313091 -0.082738
v 0.231879 0.341086 -0.085018
v -0.283503 0.341086 -0.085017
v -0.254797 0.313091 -0.082738
v -0.316705 0.286854 -0.085051
v -0.278251 0.270607 -0.082766
v -0.333400 0.218630 -0.082738
v -0.381976 0.225337 -0.085017
v -0.383176 0.187085 -0.082738
v -0.440888 0.188002 -0.085017
v -0.413934 0.164736 -0.082738
v -0.479573 0.178070 -0.085017
v -0.181334 0.061999 0.083217
v -0.263857 0.030085 0.083217
v -0.178681 0.032880 0.085497
v -0.251599 0.001821 0.085497
v 0.165419 0.061999 0.083217
v 0.198164 0.032880 0.085497
v 0.198164 0.110275 0.085497
v 0.165419 0.121412 0.083217
v 0.193906 0.173521 0.083217
v 0.231879 0.171948 0.085497
v 0.193906 0.218630 0.083217
v 0.231879 0.225337 0.085497
v 0.193906 0.281491 0.100094
v 0.231879 0.281491 0.105472
v 0.193906 0.313091 0.083217
v 0.231879 0.341086 0.085497
v -0.283503 0.341086 0.085497
v -0.254797 0.313091 0.083217
v -0.316705 0.286854 0.085530
v -0.278251 0.270607 0.083245
v -0.333400 0.218630 0.083217
v -0.381976 0.225337 0.085497
v -0.383176 0.187085 0.083217
v -0.440888 0.188002 0.085497
v -0.413934 0.164736 0.083217
v -0.479573 0.178070 0.085497
v -0.531313 -0.094623 -0.087969
v -0.463293 -0.110649 -0.101574
v -0.471297 -0.123933 -0.087969
v -0.526672 -0.079825 -0.101574
v -0.553816 -0.093718 -0.087969
v -0.560288 -0.079623 -0.101574
v -0.587515 -0.105199 -0.101574
v -0.573951 -0.112717 -0.087969
v -0.586008 -0.154442 -0.087969
v -0.601498 -0.153665 -0.101574
v -0.586006 -0.188329 -0.101574
v -0.575065 -0.177337 -0.087969
v -0.556451 -0.189840 -0.087969
v -0.554735 -0.205255 -0.101574
v -0.538082 -0.187775 -0.087969
v -0.526030 -0.197535 -0.101574
v -0.528521 -0.178817 -0.087969
v -0.517928 -0.175997 -0.097585
v -0.534155 -0.163886 -0.087969
v -0.529881 -0.159358 -0.093431
v -0.547836 -0.158674 -0.087969
v -0.463293 -0.110649 0.101574
v -0.531313 -0.094623 0.087969
v -0.471297 -0.123933 0.087969
v -0.526672 -0.079825 0.101574
v -0.553816 -0.093718 0.087969
v -0.560288 -0.079623 0.101574
v -0.587515 -0.105199 0.101574
v -0.573951 -0.112717 0.087969
v -0.586008 -0.154442 0.087969
v -0.601498 -0.153665 0.101574
v -0.586006 -0.188329 0.101574
v -0.575065 -0.177337 0.087969
v -0.556451 -0.189840 0.087969
v -0.554735 -0.205255 0.101574
v -0.538082 -0.187775 0.087969
v -0.526030 -0.197535 0.101574
v -0.528521 -0.178817 0.087969
v -0.517928 -0.175997 0.097585
v -0.534155 -0.163886 0.087969
v -0.529881 -0.159358 0.093431
v -0.547836 -0.158674 0.087969
v -0.260315 0.187377 -0.083221
v -0.268827 0.172632 -0.082357
v -0.272965 0.187009 -0.072346
v -0.277014 0.180895 -0.072346
v -0.291425 0.170062 -0.072346
v -0.270367 0.208972 -0.084816
v -0.279820 0.198425 -0.072346
v -0.289901 0.204948 -0.072346
v -0.288691 0.219274 -0.084791
v -0.309088 0.212340 -0.085911
v -0.299569 0.200118 -0.072346
v -0.322908 0.191183 -0.087751
v -0.305925 0.186674 -0.072346
v -0.319182 0.166538 -0.087754
v -0.303629 0.174752 -0.072346
v -0.281510 0.131753 -0.087265
v -0.273506 0.146522 -0.072346
v -0.236028 0.115814 -0.084343
v -0.231921 0.128083 -0.072346
v -0.208904 0.110309 -0.072347
v -0.217581 0.102356 -0.083303
v -0.204906 0.083531 -0.081279
v -0.195655 0.084973 -0.072347
v -0.200385 0.055904 -0.072346
v -0.277014 0.180895 0.072346
v -0.268827 0.172632 0.082357
v -0.272965 0.187009 0.072346
v -0.291425 0.170062 0.072346
v -0.260315 0.187377 0.083221
v -0.270367 0.208972 0.084816
v -0.279820 0.198425 0.072346
v -0.289901 0.204948 0.072346
v -0.288691 0.219274 0.084791
v -0.309088 0.212340 0.085911
v -0.299569 0.200118 0.072346
v -0.322908 0.191183 0.087751
v -0.305925 0.186674 0.072346
v -0.319182 0.166538 0.087754
v -0.303629 0.174752 0.072346
v -0.281510 0.131753 0.087265
v -0.273506 0.146522 0.072346
v -0.236028 0.115814 0.084343
v -0.231921 0.128083 0.072346
v -0.208904 0.110309 0.072347
v -0.217581 0.102356 0.083303
v -0.204906 0.083531 0.081279
v -0.195655 0.084973 0.072347
v -0.200385 0.055904 0.072347
v 0.215717 0.322408 0.036575
v 0.215717 0.354923 0.036575
v -0.022610 0.354923 0.036575
v 0.229217 0.343937 0.036575
v -0.274487 0.326048 0.036575
v 0.555322 0.322408 0.036575
v -0.064631 0.371557 0.036575
v 0.568821 0.343937 0.036575
v -0.243565 0.371557 0.036575
v -0.274487 0.354386 0.036575
v -0.257316 0.371557 0.036575
v 0.683553 0.322408 0.036575
v 0.683553 0.343937 0.036575
v 0.582321 0.357436 0.036575
v 0.683553 0.357436 0.036575
v -0.274487 0.354386 -0.034093
v -0.243565 0.371557 -0.034093
v -0.274487 0.326048 -0.034093
v -0.257316 0.371557 -0.034093
v -0.064631 0.371557 -0.034093
v -0.022610 0.354923 -0.034093
v 0.215717 0.322408 -0.034093
v 0.215717 0.354923 -0.034093
v 0.229217 0.343937 -0.034093
v 0.555322 0.322408 -0.034093
v 0.568821 0.343937 -0.034093
v 0.683553 0.322408 -0.034093
v 0.683553 0.343937 -0.034093
v 0.582321 0.357436 -0.034093
v 0.683553 0.357436 -0.034093
v 0.290645 0.230175 -0.051418
v 0.334376 0.209274 -0.051421
v 0.309347 0.244990 -0.072346
v 0.337042 0.232959 -0.072346
v 0.291189 0.276199 -0.072346
v 0.433151 0.231601 -0.052450
v 0.271529 0.275369 -0.055065
v 0.421981 0.251543 -0.072346
v 0.295915 0.305143 -0.072346
v 0.499609 0.299633 -0.072346
v 0.282781 0.316009 -0.057257
v 0.510695 0.287185 -0.058269
v 0.318864 0.334610 -0.057278
v 0.551441 0.316696 -0.072347
v 0.324208 0.318222 -0.072346
v 0.553250 0.302530 -0.060334
v 0.364323 0.326980 -0.060337
v 0.597636 0.302628 -0.064306
v 0.603091 0.310861 -0.072347
v 0.640581 0.283623 -0.072347
v 0.357888 0.315116 -0.072346
v 0.378582 0.299771 -0.061822
v 0.367510 0.295362 -0.072346
v 0.363353 0.266678 -0.072346
v 0.309347 0.244990 0.072346
v 0.337042 0.232959 0.072346
v 0.334376 0.209274 0.051421
v 0.290645 0.230175 0.051418
v 0.433151 0.231601 0.052450
v 0.291189 0.276199 0.072346
v 0.421981 0.251543 0.072346
v 0.271529 0.275369 0.055065
v 0.499609 0.299633 0.072346
v 0.295915 0.305143 0.072346
v 0.510695 0.287185 0.058269
v 0.282781 0.316009 0.057257
v 0.551441 0.316696 0.072346
v 0.318864 0.334610 0.057278
v 0.553250 0.302530 0.060334
v 0.324208 0.318222 0.072346
v 0.597636 0.302628 0.064306
v 0.603091 0.310861 0.072346
v 0.640581 0.283623 0.072346
v 0.364323 0.326980 0.060337
v 0.357888 0.315116 0.072346
v 0.378582 0.299771 0.061822
v 0.367510 0.295362 0.072346
v 0.363353 0.266678 0.072346
v 0.078194 0.190664 -0.081233
v 0.062177 0.207693 -0.087120
v 0.076099 0.212906 -0.099400
v 0.092340 0.195615 -0.093311
v 0.065590 0.246620 -0.103790
v 0.099569 0.168009 -0.077152
v 0.051208 0.246163 -0.091667
v 0.111839 0.176213 -0.089996
v 0.058224 0.282400 -0.091660
v 0.117295 0.146368 -0.076586
v 0.070827 0.277439 -0.104008
v 0.130339 0.153897 -0.089361
v 0.083456 0.306169 -0.091659
v 0.127549 0.127430 -0.076511
v 0.090068 0.297601 -0.103178
v 0.142206 0.132363 -0.089254
v 0.116342 0.312300 -0.091659
v 0.144622 0.112410 -0.089253
v 0.115185 0.301579 -0.103231
v 0.129072 0.112663 -0.076511
v 0.131719 0.296679 -0.103209
v 0.139264 0.093538 -0.089244
v 0.138328 0.305875 -0.091659
v 0.124834 0.098687 -0.076511
v 0.155813 0.281558 -0.091659
v 0.125685 0.078635 -0.089196
v 0.143538 0.277515 -0.103224
v 0.116136 0.089610 -0.076511
v 0.139870 0.252923 -0.103173
v 0.100928 0.076054 -0.087682
v 0.149911 0.246800 -0.091659
v 0.107164 0.087564 -0.076511
v 0.121881 0.234634 -0.091659
v 0.096190 0.091516 -0.076511
v 0.123273 0.244732 -0.103141
v 0.086087 0.083584 -0.086722
v 0.105007 0.254791 -0.101265
v 0.096281 0.249356 -0.091659
v 0.106309 0.277033 -0.091659
v 0.088433 0.102489 -0.076511
v 0.076109 0.099317 -0.086443
v 0.085014 0.114155 -0.076511
v 0.073479 0.115871 -0.085315
v 0.081612 0.131497 -0.084988
v 0.090555 0.125704 -0.076511
v 0.093915 0.128871 -0.076511
v 0.093154 0.137457 -0.084481
v 0.095423 0.128080 -0.076511
v 0.103147 0.133929 -0.083587
v 0.116208 0.123037 -0.076511
v 0.062177 0.207693 0.087120
v 0.078194 0.190664 0.081233
v 0.076099 0.212906 0.099400
v 0.092340 0.195615 0.093311
v 0.065590 0.246620 0.103790
v 0.099569 0.168009 0.077151
v 0.051208 0.246163 0.091667
v 0.111839 0.176213 0.089995
v 0.058224 0.282400 0.091659
v 0.117295 0.146368 0.076586
v 0.070828 0.277439 0.104008
v 0.130339 0.153897 0.089360
v 0.083456 0.306169 0.091659
v 0.127549 0.127430 0.076510
v 0.090068 0.297601 0.103177
v 0.142206 0.132363 0.089254
v 0.116342 0.312300 0.091659
v 0.144622 0.112410 0.089253
v 0.115185 0.301579 0.103231
v 0.129072 0.112663 0.076511
v 0.131719 0.296679 0.103209
v 0.139264 0.093538 0.089244
v 0.138328 0.305875 0.091659
v 0.124834 0.098687 0.076511
v 0.155813 0.281558 0.091659
v 0.125685 0.078635 0.089196
v 0.143538 0.277515 0.103224
v 0.116136 0.089610 0.076511
v 0.139870 0.252923 0.103173
v 0.100928 0.076054 0.087682
v 0.149911 0.246800 0.091659
v 0.107164 0.087564 0.076511
v 0.121881 0.234634 0.091659
v 0.096190 0.091516 0.076511
v 0.123273 0.244732 0.103141
v 0.086087 0.083584 0.086722
v 0.105007 0.254791 0.101264
v 0.096281 0.249356 0.091659
v 0.106309 0.277033 0.091659
v 0.088433 0.102489 0.076511
v 0.076109 0.099317 0.086443
v 0.085014 0.114155 0.076511
v 0.073479 0.115871 0.085315
v 0.081612 0.131497 0.084988
v 0.090555 0.125704 0.076511
v 0.093915 0.128871 0.076511
v 0.093154 0.137457 0.084481
v 0.095423 0.128080 0.076511
v 0.103147 0.133929 0.083587
v 0.116209 0.123037 0.076511
v -0.429628 -0.024920 -0.087969
v -0.398729 -0.025938 -0.075736
v -0.422357 -0.014772 -0.077019
v -0.429000 0.016742 -0.087969
v -0.396933 -0.039767 -0.087969
v -0.364886 -0.007804 -0.073181
v -0.351241 -0.017706 -0.087969
v -0.350403 0.022775 -0.073181
v -0.333551 0.022263 -0.087969
v -0.349225 0.067505 -0.087969
v -0.363611 0.055195 -0.071361
v -0.399140 0.075319 -0.068345
v -0.394092 0.097115 -0.087969
v -0.453247 0.072995 -0.068345
v -0.464844 0.092128 -0.087969
v -0.511158 0.039923 -0.087969
v -0.491221 0.029772 -0.068345
v -0.519318 -0.036430 -0.087969
v -0.497129 -0.033571 -0.068345
v -0.490585 -0.101392 -0.087969
v -0.469328 -0.094416 -0.068345
v -0.462851 -0.158287 -0.087969
v -0.444688 -0.158019 -0.072036
v -0.458241 -0.200972 -0.087969
v -0.446759 -0.206109 -0.076936
v -0.474519 -0.227840 -0.087969
v -0.466949 -0.236246 -0.078047
v -0.495444 -0.243011 -0.087969
v -0.492537 -0.253180 -0.078692
v -0.533567 -0.257559 -0.087969
v -0.398729 -0.025938 0.075736
v -0.429628 -0.024920 0.087969
v -0.422357 -0.014772 0.077019
v -0.429000 0.016742 0.087969
v -0.396933 -0.039767 0.087969
v -0.364886 -0.007804 0.073181
v -0.351241 -0.017706 0.087969
v -0.350403 0.022775 0.073181
v -0.333551 0.022263 0.087969
v -0.349225 0.067505 0.087969
v -0.363611 0.055195 0.071361
v -0.399140 0.075319 0.068345
v -0.394092 0.097115 0.087969
v -0.453247 0.072995 0.068345
v -0.464844 0.092128 0.087969
v -0.511158 0.039923 0.087969
v -0.491221 0.029772 0.068345
v -0.519318 -0.036430 0.087969
v -0.497129 -0.033571 0.068345
v -0.490585 -0.101392 0.087969
v -0.469328 -0.094416 0.068345
v -0.462851 -0.158287 0.087969
v -0.444688 -0.158019 0.072036
v -0.458241 -0.200972 0.087969
v -0.446759 -0.206109 0.076936
v -0.474519 -0.227840 0.087969
v -0.466949 -0.236246 0.078047
v -0.495444 -0.243011 0.087969
v -0.492537 -0.253180 0.078692
v -0.533567 -0.257559 0.087969
v 0.331624 0.184812 -0.072346
v 0.290643 0.230175 -0.093275
v 0.334376 0.209274 -0.093272
v 0.271503 0.214671 -0.072346
v 0.444416 0.211195 -0.072346
v 0.271529 0.275369 -0.089628
v 0.433151 0.231601 -0.092243
v 0.251082 0.274382 -0.072346
v 0.521716 0.275101 -0.072347
v 0.282781 0.316009 -0.087436
v 0.510695 0.287185 -0.086424
v 0.268836 0.327481 -0.072346
v 0.553248 0.302530 -0.084359
v 0.313612 0.351738 -0.072346
v 0.554914 0.288723 -0.072347
v 0.318864 0.334610 -0.087415
v 0.591815 0.294882 -0.072347
v 0.597636 0.302628 -0.080387
v 0.640581 0.283623 -0.072347
v 0.371588 0.339624 -0.072346
v 0.364323 0.326981 -0.084356
v 0.390787 0.303584 -0.072346
v 0.378581 0.299769 -0.082871
v 0.363353 0.266678 -0.072346
v 0.290643 0.230175 0.093275
v 0.331624 0.184812 0.072346
v 0.334376 0.209274 0.093272
v 0.444416 0.211195 0.072346
v 0.271504 0.214671 0.072346
v 0.433151 0.231601 0.092242
v 0.271529 0.275369 0.089628
v 0.521716 0.275101 0.072346
v 0.251082 0.274382 0.072346
v 0.510695 0.287185 0.086424
v 0.282781 0.316009 0.087436
v 0.553248 0.302530 0.084359
v 0.268836 0.327481 0.072346
v 0.554914 0.288723 0.072346
v 0.313612 0.351738 0.072346
v 0.591815 0.294882 0.072346
v 0.597636 0.302628 0.080387
v 0.640581 0.283623 0.072346
v 0.318864 0.334610 0.087415
v 0.371588 0.339624 0.072346
v 0.364323 0.326981 0.084356
v 0.390787 0.303584 0.072346
v 0.378581 0.299769 0.082871
v 0.363353 0.266678 0.072346
v -0.182315 0.290136 0.088606
v -0.182315 0.201529 0.125308
v -0.148131 0.201529 0.125308
v -0.148131 0.112923 0.088606
v -0.148131 0.290136 0.088606
v -0.182315 0.112923 0.088606
v -0.182315 0.326838 -0.000000
v -0.148131 0.076221 -0.000000
v -0.148131 0.326838 -0.000000
v -0.182315 0.076221 -0.000000
v -0.182315 0.290136 -0.088606
v -0.148131 0.112923 -0.088606
v -0.148131 0.290136 -0.088606
v -0.182315 0.112923 -0.088606
v -0.182315 0.201529 -0.125308
v -0.148131 0.201529 -0.125308
v -0.148131 0.201529 0.125308
v -0.148131 0.201529 -0.125308
v -0.148131 0.290136 0.088606
v -0.148131 0.112923 0.088606
v -0.148131 0.290136 -0.088606
v -0.148131 0.326838 -0.000000
v -0.148131 0.112923 -0.088606
v -0.148131 0.076221 -0.000000
v 0.080862 0.247075 -0.090908
v 0.075909 0.213032 -0.073417
v 0.090912 0.218558 -0.085785
v 0.092081 0.195737 -0.067831
v 0.065533 0.246676 -0.079030
v 0.106661 0.200803 -0.079939
v 0.070823 0.277441 -0.079310
v 0.111708 0.176268 -0.064462
v 0.085200 0.272219 -0.091659
v 0.123967 0.184490 -0.077251
v 0.090068 0.297601 -0.080141
v 0.130323 0.153907 -0.063845
v 0.100513 0.287948 -0.091659
v 0.143038 0.161362 -0.076601
v 0.115185 0.301579 -0.080087
v 0.142204 0.132364 -0.063767
v 0.111354 0.289194 -0.091659
v 0.156127 0.137276 -0.076510
v 0.122061 0.286498 -0.091659
v 0.159423 0.112221 -0.076511
v 0.131719 0.296679 -0.080110
v 0.144622 0.112410 -0.063769
v 0.128938 0.274123 -0.091659
v 0.152719 0.088720 -0.076511
v 0.143538 0.277515 -0.080094
v 0.139264 0.093538 -0.063777
v 0.139870 0.252923 -0.080145
v 0.131442 0.067977 -0.076511
v 0.126565 0.259844 -0.091659
v 0.125685 0.078635 -0.063826
v 0.124570 0.257415 -0.091659
v 0.097955 0.065738 -0.076511
v 0.123273 0.244732 -0.080177
v 0.100928 0.076054 -0.065339
v 0.117216 0.261044 -0.091659
v 0.105007 0.254791 -0.082054
v 0.106309 0.277033 -0.091659
v 0.086087 0.083584 -0.066300
v 0.077416 0.076243 -0.076511
v 0.076109 0.099317 -0.066578
v 0.064476 0.096506 -0.076511
v 0.073479 0.115871 -0.067706
v 0.063219 0.117956 -0.076511
v 0.074528 0.137245 -0.076511
v 0.081612 0.131497 -0.068033
v 0.092750 0.144618 -0.076511
v 0.093154 0.137457 -0.068541
v 0.103147 0.133929 -0.069434
v 0.109348 0.139098 -0.076511
v 0.116208 0.123037 -0.076511
v 0.080862 0.247075 0.090908
v 0.075909 0.213032 0.073417
v 0.065533 0.246676 0.079029
v 0.070823 0.277441 0.079310
v 0.090912 0.218558 0.085785
v 0.085200 0.272219 0.091659
v 0.092081 0.195737 0.067830
v 0.090068 0.297601 0.080141
v 0.106662 0.200803 0.079939
v 0.100513 0.287948 0.091659
v 0.111708 0.176268 0.064462
v 0.115185 0.301579 0.080087
v 0.123967 0.184490 0.077250
v 0.111354 0.289194 0.091659
v 0.130324 0.153907 0.063845
v 0.122061 0.286498 0.091659
v 0.143038 0.161362 0.076601
v 0.131719 0.296679 0.080109
v 0.142204 0.132364 0.063767
v 0.128938 0.274123 0.091659
v 0.156127 0.137276 0.076510
v 0.143538 0.277515 0.080094
v 0.159423 0.112221 0.076511
v 0.139870 0.252923 0.080145
v 0.144622 0.112410 0.063768
v 0.126565 0.259844 0.091659
v 0.152719 0.088720 0.076511
v 0.124570 0.257415 0.091659
v 0.139264 0.093538 0.063777
v 0.123273 0.244732 0.080177
v 0.131442 0.067977 0.076511
v 0.117216 0.261044 0.091659
v 0.105007 0.254791 0.082054
v 0.106309 0.277033 0.091659
v 0.125685 0.078635 0.063826
v 0.097955 0.065738 0.076511
v 0.100928 0.076054 0.065339
v 0.086087 0.083584 0.066299
v 0.077416 0.076243 0.076511
v 0.076109 0.099317 0.066578
v 0.064476 0.096506 0.076511
v 0.073479 0.115871 0.067706
v 0.063219 0.117956 0.076511
v 0.074528 0.137245 0.076511
v 0.081612 0.131497 0.068033
v 0.092750 0.144618 0.076511
v 0.093154 0.137457 0.068541
v 0.103147 0.133929 0.069434
v 0.109348 0.139098 0.076511
v 0.116209 0.123037 0.076511
v -0.398729 -0.025938 -0.100203
v -0.422357 -0.014771 -0.098919
v -0.400523 -0.012107 -0.087969
v -0.415089 -0.004624 -0.087969
v -0.429000 0.016742 -0.087969
v -0.378530 0.002100 -0.087969
v -0.364886 -0.007804 -0.102758
v -0.367254 0.023288 -0.087969
v -0.350403 0.022775 -0.102758
v -0.363611 0.055195 -0.104577
v -0.377996 0.042888 -0.087969
v -0.399139 0.075320 -0.107594
v -0.404187 0.053524 -0.087969
v -0.441649 0.053864 -0.087969
v -0.453247 0.072995 -0.107594
v -0.491221 0.029772 -0.107594
v -0.471285 0.019620 -0.087969
v -0.497129 -0.033571 -0.107594
v -0.474939 -0.030710 -0.087969
v -0.469328 -0.094416 -0.107594
v -0.448070 -0.087440 -0.087969
v -0.444688 -0.158019 -0.103903
v -0.426526 -0.157751 -0.087969
v -0.446759 -0.206109 -0.099003
v -0.435278 -0.211248 -0.087969
v -0.466949 -0.236246 -0.097892
v -0.459379 -0.244652 -0.087969
v -0.492537 -0.253180 -0.097247
v -0.489631 -0.263349 -0.087969
v -0.533567 -0.257559 -0.087969
v -0.422357 -0.014771 0.098919
v -0.400523 -0.012107 0.087969
v -0.415089 -0.004624 0.087969
v -0.429000 0.016742 0.087969
v -0.398729 -0.025938 0.100203
v -0.378530 0.002100 0.087969
v -0.364886 -0.007804 0.102758
v -0.367254 0.023288 0.087969
v -0.350403 0.022775 0.102758
v -0.363611 0.055195 0.104577
v -0.377996 0.042888 0.087969
v -0.399139 0.075320 0.107594
v -0.404187 0.053524 0.087969
v -0.441649 0.053864 0.087969
v -0.453247 0.072995 0.107594
v -0.491221 0.029772 0.107594
v -0.471285 0.019620 0.087969
v -0.497129 -0.033571 0.107594
v -0.474939 -0.030710 0.087969
v -0.469328 -0.094416 0.107594
v -0.448070 -0.087440 0.087969
v -0.444688 -0.158019 0.103903
v -0.426526 -0.157751 0.087969
v -0.446759 -0.206109 0.099003
v -0.435278 -0.211248 0.087969
v -0.466949 -0.236246 0.097892
v -0.459379 -0.244652 0.087969
v -0.492537 -0.253180 0.097247
v -0.489631 -0.263349 0.087969
v -0.533567 -0.257559 0.087969
v -0.260814 0.165929 -0.072346
v -0.260315 0.187377 -0.061472
v -0.268826 0.172632 -0.062336
v -0.291425 0.170062 -0.072346
v -0.249031 0.188053 -0.072346
v -0.270367 0.208972 -0.059876
v -0.261726 0.219103 -0.072346
v -0.288691 0.219274 -0.059902
v -0.287538 0.232360 -0.072346
v -0.317910 0.223874 -0.072346
v -0.309088 0.212340 -0.058782
v -0.322906 0.191183 -0.056942
v -0.338888 0.195725 -0.072346
v -0.333890 0.158776 -0.072346
v -0.319182 0.166538 -0.056939
v -0.289109 0.117403 -0.072346
v -0.281510 0.131753 -0.057428
v -0.240460 0.103228 -0.072347
v -0.236028 0.115813 -0.060350
v -0.217581 0.102355 -0.061390
v -0.226524 0.094009 -0.072346
v -0.214402 0.081386 -0.072346
v -0.204906 0.083531 -0.063414
v -0.200385 0.055904 -0.072346
v -0.260814 0.165929 0.072346
v -0.260315 0.187377 0.061472
v -0.249031 0.188053 0.072346
v -0.268826 0.172632 0.062336
v -0.291425 0.170062 0.072346
v -0.270367 0.208972 0.059876
v -0.261726 0.219103 0.072346
v -0.288691 0.219274 0.059902
v -0.287538 0.232360 0.072346
v -0.317910 0.223874 0.072346
v -0.309088 0.212340 0.058782
v -0.322906 0.191183 0.056942
v -0.338888 0.195725 0.072346
v -0.333890 0.158776 0.072346
v -0.319182 0.166538 0.056939
v -0.289109 0.117403 0.072346
v -0.281510 0.131753 0.057428
v -0.240460 0.103228 0.072347
v -0.236028 0.115813 0.060350
v -0.217581 0.102355 0.061390
v -0.226524 0.094009 0.072346
v -0.214402 0.081386 0.072346
v -0.204906 0.083531 0.063414
v -0.200385 0.055904 0.072347
v -0.606238 0.047276 0.044363
v -0.625066 -0.078621 0.043969
v -0.660070 -0.077322 0.043958
v -0.645528 -0.186621 0.044077
v -0.578283 0.029379 0.044358
v -0.683553 -0.200923 0.044080
v -0.530237 0.110901 0.044443
v -0.635395 -0.285621 0.045458
v -0.508505 0.086894 0.044458
v -0.668526 -0.323289 0.045625
v -0.482384 0.149972 0.045177
v -0.390384 -0.285621 0.045690
v -0.501139 0.185860 0.045488
v -0.355081 -0.321436 0.045912
v -0.388131 0.175338 0.044257
v -0.373572 -0.229845 0.043972
v -0.396552 0.140036 0.044283
v -0.404456 -0.213621 0.044015
v -0.313211 0.133482 0.044286
v -0.373475 -0.154028 0.044180
v -0.333800 0.104972 0.044317
v -0.397281 -0.141621 0.044171
v -0.249303 0.048259 0.044383
v -0.350399 -0.090908 0.044414
v -0.279800 0.032972 0.044419
v -0.374628 -0.079623 0.044413
v -0.270800 -0.015508 0.044902
v -0.334260 -0.042048 0.044726
v -0.238204 -0.022196 0.045057
v -0.317477 -0.061592 0.044757
v -0.277016 -0.061494 0.044840
v -0.297799 -0.042048 0.044877
v -0.660070 -0.077322 -0.043958
v -0.645528 -0.186621 -0.044077
v -0.625066 -0.078621 -0.043969
v -0.683553 -0.200923 -0.044080
v -0.606238 0.047276 -0.044363
v -0.635395 -0.285621 -0.045458
v -0.578283 0.029379 -0.044358
v -0.668526 -0.323289 -0.045625
v -0.530237 0.110901 -0.044443
v -0.390384 -0.285621 -0.045690
v -0.508506 0.086894 -0.044458
v -0.355081 -0.321436 -0.045912
v -0.482384 0.149972 -0.045177
v -0.373572 -0.229845 -0.043972
v -0.501139 0.185860 -0.045488
v -0.404456 -0.213621 -0.044015
v -0.388131 0.175338 -0.044257
v -0.373475 -0.154028 -0.044180
v -0.396552 0.140036 -0.044283
v -0.397281 -0.141621 -0.044171
v -0.313211 0.133482 -0.044286
v -0.350399 -0.090908 -0.044414
v -0.333800 0.104972 -0.044317
v -0.374628 -0.079623 -0.044413
v -0.249303 0.048259 -0.044383
v -0.334260 -0.042048 -0.044725
v -0.279800 0.032972 -0.044419
v -0.317477 -0.061592 -0.044757
v -0.270800 -0.015508 -0.044902
v -0.297799 -0.042048 -0.044877
v -0.238204 -0.022196 -0.045057
v -0.277016 -0.061494 -0.044840
v -0.354149 -0.300462 -0.091984
v -0.354149 -0.300462 0.091984
v -0.346539 -0.339564 -0.091984
v -0.346539 -0.339564 0.091984
v -0.382661 -0.371557 -0.072004
v -0.382661 -0.371557 0.072004
v -0.455290 -0.097365 -0.087969
v -0.526672 -0.079825 -0.074365
v -0.463293 -0.110649 -0.074365
v -0.522031 -0.065027 -0.087969
v -0.560288 -0.079623 -0.074365
v -0.566760 -0.065529 -0.087969
v -0.601081 -0.097681 -0.087969
v -0.587515 -0.105199 -0.074365
v -0.601498 -0.153665 -0.074365
v -0.616988 -0.152888 -0.087969
v -0.596947 -0.199321 -0.087969
v -0.586006 -0.188329 -0.074365
v -0.554735 -0.205255 -0.074365
v -0.553017 -0.220667 -0.087969
v -0.526030 -0.197535 -0.074365
v -0.513978 -0.207297 -0.087969
v -0.517928 -0.175997 -0.078354
v -0.507334 -0.173177 -0.087969
v -0.525607 -0.154831 -0.087969
v -0.529881 -0.159358 -0.082508
v -0.547836 -0.158674 -0.087969
v -0.526672 -0.079825 0.074365
v -0.455290 -0.097365 0.087969
v -0.463293 -0.110649 0.074365
v -0.522031 -0.065027 0.087969
v -0.560288 -0.079623 0.074365
v -0.566760 -0.065529 0.087969
v -0.601080 -0.097681 0.087969
v -0.587515 -0.105199 0.074365
v -0.601498 -0.153665 0.074365
v -0.616988 -0.152888 0.087969
v -0.596947 -0.199321 0.087969
v -0.586006 -0.188329 0.074365
v -0.554735 -0.205255 0.074365
v -0.553017 -0.220667 0.087969
v -0.526030 -0.197535 0.074365
v -0.513978 -0.207297 0.087969
v -0.517928 -0.175997 0.078353
v -0.507334 -0.173177 0.087969
v -0.525607 -0.154831 0.087969
v -0.529881 -0.159358 0.082508
v -0.547836 -0.158674 0.087969
v 0.165419 0.061999 -0.055350
v 0.198164 0.032880 -0.055350
v 0.198164 0.110275 -0.055350
v -0.178681 0.032880 -0.055350
v 0.165419 0.121412 -0.055350
v -0.181334 0.061999 -0.055350
v -0.263858 0.030085 -0.055350
v -0.251599 0.001821 -0.055350
v 0.193906 0.173521 -0.055350
v 0.231879 0.171948 -0.055350
v 0.193906 0.218630 -0.055350
v 0.231879 0.225337 -0.055350
v 0.193906 0.281491 -0.055350
v 0.231879 0.281491 -0.055350
v 0.193906 0.313091 -0.055350
v 0.231879 0.341086 -0.055350
v -0.283503 0.341086 -0.055350
v -0.254797 0.313091 -0.055350
v -0.316705 0.286854 -0.055350
v -0.278251 0.270607 -0.055350
v -0.333400 0.218630 -0.055350
v -0.381976 0.225337 -0.055350
v -0.383176 0.187085 -0.055350
v -0.440888 0.188002 -0.055350
v -0.413934 0.164736 -0.055350
v -0.479573 0.178070 -0.055350
v 0.165419 0.121412 0.055829
v 0.198164 0.110275 0.055829
v 0.165419 0.061999 0.055829
v 0.193906 0.173521 0.055829
v 0.198164 0.032880 0.055829
v 0.231879 0.171948 0.055829
v -0.178681 0.032880 0.055829
v 0.193906 0.218630 0.055829
v -0.181334 0.061999 0.055829
v -0.263858 0.030085 0.055829
v -0.251599 0.001821 0.055829
v 0.231879 0.225337 0.055829
v 0.193906 0.281491 0.055829
v 0.231879 0.281491 0.055829
v 0.193906 0.313091 0.055829
v 0.231879 0.341086 0.055829
v -0.283503 0.341086 0.055829
v -0.254797 0.313091 0.055829
v -0.316705 0.286854 0.055829
v -0.278251 0.270607 0.055829
v -0.333400 0.218630 0.055829
v -0.381976 0.225337 0.055829
v -0.383176 0.187085 0.055829
v -0.440888 0.188002 0.055830
v -0.413934 0.164736 0.055830
v -0.479573 0.178070 0.055830
v -0.305925 0.186674 0.072346
v -0.319182 0.166538 0.056939
v -0.322906 0.191183 0.056942
v -0.303629 0.174752 0.072346
v -0.299569 0.200118 0.072346
v -0.281510 0.131753 0.057428
v -0.309088 0.212340 0.058782
v -0.273506 0.146522 0.072346
v -0.289901 0.204948 0.072346
v -0.236028 0.115813 0.060350
v -0.288691 0.219274 0.059902
v -0.231921 0.128083 0.072346
v -0.270367 0.208972 0.059876
v -0.208904 0.110309 0.072347
v -0.279820 0.198425 0.072346
v -0.217581 0.102355 0.061390
v -0.272965 0.187009 0.072346
v -0.204906 0.083531 0.063414
v -0.195655 0.084973 0.072347
v -0.200385 0.055904 0.072347
v -0.260315 0.187377 0.061472
v -0.268826 0.172632 0.062336
v -0.277014 0.180895 0.072346
v -0.291425 0.170062 0.072346
v -0.305925 0.186674 -0.072346
v -0.319182 0.166538 -0.056939
v -0.303629 0.174752 -0.072346
v -0.281510 0.131753 -0.057428
v -0.322906 0.191183 -0.056942
v -0.273506 0.146522 -0.072346
v -0.299569 0.200118 -0.072346
v -0.236028 0.115813 -0.060350
v -0.309088 0.212340 -0.058782
v -0.231921 0.128083 -0.072346
v -0.289901 0.204948 -0.072346
v -0.208904 0.110309 -0.072347
v -0.288691 0.219274 -0.059902
v -0.217581 0.102355 -0.061390
v -0.270367 0.208972 -0.059876
v -0.204906 0.083531 -0.063414
v -0.195655 0.084973 -0.072347
v -0.200385 0.055904 -0.072346
v -0.279820 0.198425 -0.072346
v -0.272965 0.187009 -0.072346
v -0.260315 0.187377 -0.061472
v -0.268826 0.172632 -0.062336
v -0.277014 0.180895 -0.072346
v -0.291425 0.170062 -0.072346
v -0.531313 -0.094623 -0.087969
v -0.463293 -0.110649 -0.074365
v -0.526672 -0.079825 -0.074365
v -0.471297 -0.123933 -0.087969
v -0.553816 -0.093718 -0.087969
v -0.560288 -0.079623 -0.074365
v -0.587515 -0.105199 -0.074365
v -0.573951 -0.112717 -0.087969
v -0.586008 -0.154442 -0.087969
v -0.601498 -0.153665 -0.074365
v -0.586006 -0.188329 -0.074365
v -0.575065 -0.177337 -0.087969
v -0.556451 -0.189840 -0.087969
v -0.554735 -0.205255 -0.074365
v -0.538082 -0.187775 -0.087969
v -0.526030 -0.197535 -0.074365
v -0.528521 -0.178817 -0.087969
v -0.517928 -0.175997 -0.078354
v -0.534155 -0.163886 -0.087969
v -0.529881 -0.159358 -0.082508
v -0.547836 -0.158674 -0.087969
v -0.463293 -0.110649 0.074365
v -0.531313 -0.094623 0.087969
v -0.526672 -0.079825 0.074365
v -0.471297 -0.123933 0.087969
v -0.553816 -0.093718 0.087969
v -0.560288 -0.079623 0.074365
v -0.587515 -0.105199 0.074365
v -0.573951 -0.112717 0.087969
v -0.586008 -0.154442 0.087969
v -0.601498 -0.153665 0.074365
v -0.586006 -0.188329 0.074365
v -0.575065 -0.177337 0.087969
v -0.556451 -0.189840 0.087969
v -0.554735 -0.205255 0.074365
v -0.538082 -0.187775 0.087969
v -0.526030 -0.197535 0.074365
v -0.528521 -0.178817 0.087969
v -0.517928 -0.175997 0.078353
v -0.534155 -0.163886 0.087969
v -0.529881 -0.159358 0.082508
v -0.547836 -0.158674 0.087969
v -0.317477 -0.061592 0.044757
v -0.350399 -0.090908 0.087039
v -0.350399 -0.090908 0.044414
v -0.373475 -0.154028 0.087248
v -0.317477 -0.061592 0.086733
v -0.373475 -0.154028 0.044180
v -0.277016 -0.061494 0.044840
v -0.373572 -0.229845 0.087434
v -0.277016 -0.061494 0.086659
v -0.373572 -0.229845 0.043972
v -0.355081 -0.321436 0.045912
v -0.355081 -0.321436 0.085702
v -0.238204 -0.022196 0.045057
v -0.238204 -0.022196 0.086465
v -0.249303 0.048259 0.087067
v -0.249303 0.048259 0.044383
v -0.313211 0.133482 0.087153
v -0.313211 0.133482 0.044286
v -0.388131 0.175338 0.087179
v -0.388131 0.175338 0.044257
v -0.501139 0.185860 0.045488
v -0.501139 0.185860 0.086081
v -0.530237 0.110901 0.087013
v -0.530237 0.110901 0.044443
v -0.606238 0.047276 0.087085
v -0.606238 0.047276 0.044363
v -0.660070 -0.077322 0.087446
v -0.660070 -0.077322 0.043958
v -0.683553 -0.200923 0.044080
v -0.683553 -0.200923 0.087338
v -0.668526 -0.323289 0.045625
v -0.668526 -0.323289 0.085958
v -0.350399 -0.090908 -0.044414
v -0.373475 -0.154028 -0.087248
v -0.350399 -0.090908 -0.087039
v -0.373475 -0.154028 -0.044180
v -0.317477 -0.061592 -0.044757
v -0.373572 -0.229845 -0.087434
v -0.317477 -0.061592 -0.086733
v -0.373572 -0.229845 -0.043972
v -0.355081 -0.321436 -0.045912
v -0.355081 -0.321436 -0.085702
v -0.277016 -0.061494 -0.044840
v -0.277016 -0.061494 -0.086659
v -0.238204 -0.022196 -0.045057
v -0.238204 -0.022196 -0.086465
v -0.249303 0.048259 -0.087067
v -0.249303 0.048259 -0.044383
v -0.313211 0.133482 -0.087153
v -0.313211 0.133482 -0.044286
v -0.388131 0.175338 -0.087179
v -0.388131 0.175338 -0.044257
v -0.501139 0.185860 -0.045488
v -0.501139 0.185860 -0.086081
v -0.530237 0.110901 -0.087013
v -0.530237 0.110901 -0.044443
v -0.606238 0.047276 -0.087085
v -0.606238 0.047276 -0.044363
v -0.660071 -0.077322 -0.087446
v -0.660070 -0.077322 -0.043958
v -0.683553 -0.200923 -0.044080
v -0.683553 -0.200923 -0.087338
v -0.668526 -0.323289 -0.045625
v -0.668526 -0.323289 -0.085958
v 0.364323 0.326980 -0.060337
v 0.390787 0.303584 -0.072346
v 0.371588 0.339624 -0.072346
v 0.378582 0.299771 -0.061822
v 0.363353 0.266678 -0.072346
v 0.318864 0.334610 -0.057278
v 0.313612 0.351738 -0.072346
v 0.282781 0.316009 -0.057257
v 0.268836 0.327481 -0.072346
v 0.251082 0.274382 -0.072346
v 0.271529 0.275369 -0.055065
v 0.271503 0.214671 -0.072346
v 0.290645 0.230175 -0.051418
v 0.331624 0.184812 -0.072346
v 0.334376 0.209274 -0.051421
v 0.444416 0.211195 -0.072346
v 0.433151 0.231601 -0.052450
v 0.521716 0.275101 -0.072347
v 0.510695 0.287185 -0.058269
v 0.553250 0.302530 -0.060334
v 0.554914 0.288723 -0.072347
v 0.591815 0.294882 -0.072347
v 0.597636 0.302628 -0.064306
v 0.640581 0.283623 -0.072347
v 0.390787 0.303584 0.072346
v 0.364323 0.326980 0.060337
v 0.371588 0.339624 0.072346
v 0.378582 0.299771 0.061822
v 0.363353 0.266678 0.072346
v 0.318864 0.334610 0.057278
v 0.313612 0.351738 0.072346
v 0.282781 0.316009 0.057257
v 0.268836 0.327481 0.072346
v 0.251082 0.274382 0.072346
v 0.271529 0.275369 0.055065
v 0.271504 0.214671 0.072346
v 0.290645 0.230175 0.051418
v 0.331624 0.184812 0.072346
v 0.334376 0.209274 0.051421
v 0.444416 0.211195 0.072346
v 0.433151 0.231601 0.052450
v 0.521716 0.275101 0.072346
v 0.510695 0.287185 0.058269
v 0.553250 0.302530 0.060334
v 0.554914 0.288723 0.072346
v 0.591815 0.294882 0.072346
v 0.597636 0.302628 0.064306
v 0.640581 0.283623 0.072346
v 0.065533 0.246676 -0.079030
v 0.062177 0.207693 -0.087120
v 0.075909 0.213032 -0.073417
v 0.078194 0.190664 -0.081233
v 0.051208 0.246163 -0.091667
v 0.092081 0.195737 -0.067831
v 0.058224 0.282400 -0.091660
v 0.099569 0.168009 -0.077152
v 0.070823 0.277441 -0.079310
v 0.111708 0.176268 -0.064462
v 0.083456 0.306169 -0.091659
v 0.117295 0.146368 -0.076586
v 0.090068 0.297601 -0.080141
v 0.130323 0.153907 -0.063845
v 0.116342 0.312300 -0.091659
v 0.127549 0.127430 -0.076511
v 0.115185 0.301579 -0.080087
v 0.142204 0.132364 -0.063767
v 0.131719 0.296679 -0.080110
v 0.144622 0.112410 -0.063769
v 0.138328 0.305875 -0.091659
v 0.129072 0.112663 -0.076511
v 0.155813 0.281558 -0.091659
v 0.139264 0.093538 -0.063777
v 0.143538 0.277515 -0.080094
v 0.124834 0.098687 -0.076511
v 0.139870 0.252923 -0.080145
v 0.125685 0.078635 -0.063826
v 0.149911 0.246800 -0.091659
v 0.116136 0.089610 -0.076511
v 0.121881 0.234634 -0.091659
v 0.100928 0.076054 -0.065339
v 0.123273 0.244732 -0.080177
v 0.107164 0.087564 -0.076511
v 0.105007 0.254791 -0.082054
v 0.096281 0.249356 -0.091659
v 0.106309 0.277033 -0.091659
v 0.096190 0.091516 -0.076511
v 0.086087 0.083584 -0.066300
v 0.088433 0.102489 -0.076511
v 0.076109 0.099317 -0.066578
v 0.085014 0.114155 -0.076511
v 0.073479 0.115871 -0.067706
v 0.081612 0.131497 -0.068033
v 0.090555 0.125704 -0.076511
v 0.093915 0.128871 -0.076511
v 0.093154 0.137457 -0.068541
v 0.095423 0.128080 -0.076511
v 0.103147 0.133929 -0.069434
v 0.116208 0.123037 -0.076511
v 0.062177 0.207693 0.087120
v 0.065533 0.246676 0.079029
v 0.075909 0.213032 0.073417
v 0.051208 0.246163 0.091667
v 0.078194 0.190664 0.081233
v 0.058224 0.282400 0.091659
v 0.092081 0.195737 0.067830
v 0.070823 0.277441 0.079310
v 0.099569 0.168009 0.077151
v 0.083456 0.306169 0.091659
v 0.111708 0.176268 0.064462
v 0.090068 0.297601 0.080141
v 0.117295 0.146368 0.076586
v 0.116342 0.312300 0.091659
v 0.130324 0.153907 0.063845
v 0.115185 0.301579 0.080087
v 0.127549 0.127430 0.076510
v 0.131719 0.296679 0.080109
v 0.142204 0.132364 0.063767
v 0.138328 0.305875 0.091659
v 0.144622 0.112410 0.063768
v 0.155813 0.281558 0.091659
v 0.129072 0.112663 0.076511
v 0.143538 0.277515 0.080094
v 0.139264 0.093538 0.063777
v 0.139870 0.252923 0.080145
v 0.124834 0.098687 0.076511
v 0.149911 0.246800 0.091659
v 0.125685 0.078635 0.063826
v 0.121881 0.234634 0.091659
v 0.116136 0.089610 0.076511
v 0.123273 0.244732 0.080177
v 0.100928 0.076054 0.065339
v 0.105007 0.254791 0.082054
v 0.096281 0.249356 0.091659
v 0.106309 0.277033 0.091659
v 0.107164 0.087564 0.076511
v 0.096190 0.091516 0.076511
v 0.086087 0.083584 0.066299
v 0.088433 0.102489 0.076511
v 0.076109 0.099317 0.066578
v 0.085014 0.114155 0.076511
v 0.073479 0.115871 0.067706
v 0.081612 0.131497 0.068033
v 0.090555 0.125704 0.076511
v 0.093915 0.128871 0.076511
v 0.093154 0.137457 0.068541
v 0.095423 0.128080 0.076511
v 0.103147 0.133929 0.069434
v 0.116209 0.123037 0.076511
v 0.193906 0.218630 -0.055350
v 0.193906 0.281491 -0.055350
v 0.193906 0.218630 -0.082738
v 0.193906 0.281491 -0.099615
v 0.193906 0.173521 -0.082738
v 0.193906 0.313091 -0.082738
v 0.193906 0.173521 -0.055350
v 0.193906 0.313091 -0.055350
v 0.165419 0.121412 -0.082738
v -0.254797 0.313091 -0.082738
v 0.165419 0.121412 -0.055350
v -0.254797 0.313091 -0.055350
v 0.165419 0.061999 -0.082738
v -0.278251 0.270607 -0.055350
v 0.165419 0.061999 -0.055350
v -0.278251 0.270607 -0.082766
v -0.181334 0.061999 -0.082738
v -0.333400 0.218630 -0.082738
v -0.181334 0.061999 -0.055350
v -0.263857 0.030085 -0.082738
v -0.263858 0.030085 -0.055350
v -0.333400 0.218630 -0.055350
v -0.383176 0.187085 -0.082738
v -0.383176 0.187085 -0.055350
v -0.413934 0.164736 -0.055350
v -0.413934 0.164736 -0.082738
v 0.193906 0.281491 0.055829
v 0.193906 0.218630 0.055829
v 0.193906 0.218630 0.083217
v 0.193906 0.173521 0.083217
v 0.193906 0.281491 0.100094
v 0.193906 0.173521 0.055829
v 0.193906 0.313091 0.083217
v 0.165419 0.121412 0.083217
v 0.193906 0.313091 0.055829
v 0.165419 0.121412 0.055829
v -0.254797 0.313091 0.083217
v 0.165419 0.061999 0.083217
v -0.254797 0.313091 0.055829
v 0.165419 0.061999 0.055829
v -0.278251 0.270607 0.055829
v -0.181334 0.061999 0.083217
v -0.278251 0.270607 0.083245
v -0.181334 0.061999 0.055829
v -0.263857 0.030085 0.083217
v -0.263858 0.030085 0.055829
v -0.333400 0.218630 0.083217
v -0.333400 0.218630 0.055829
v -0.383176 0.187085 0.083217
v -0.383176 0.187085 0.055829
v -0.413934 0.164736 0.055830
v -0.413934 0.164736 0.083217
v -0.399140 0.075319 0.068345
v -0.441649 0.053864 0.087969
v -0.453247 0.072995 0.068345
v -0.491221 0.029772 0.068345
v -0.404187 0.053524 0.087969
v -0.471285 0.019620 0.087969
v -0.377996 0.042888 0.087969
v -0.497129 -0.033571 0.068345
v -0.363611 0.055195 0.071361
v -0.474939 -0.030710 0.087969
v -0.367254 0.023288 0.087969
v -0.469328 -0.094416 0.068345
v -0.350403 0.022775 0.073181
v -0.448070 -0.087440 0.087969
v -0.364886 -0.007804 0.073181
v -0.444688 -0.158019 0.072036
v -0.378530 0.002100 0.087969
v -0.426526 -0.157751 0.087969
v -0.398729 -0.025938 0.075736
v -0.446759 -0.206109 0.076936
v -0.400523 -0.012107 0.087969
v -0.435278 -0.211248 0.087969
v -0.422357 -0.014772 0.077019
v -0.415089 -0.004624 0.087969
v -0.429000 0.016742 0.087969
v -0.466949 -0.236246 0.078047
v -0.459379 -0.244652 0.087969
v -0.492537 -0.253180 0.078692
v -0.489631 -0.263349 0.087969
v -0.533567 -0.257559 0.087969
v -0.399140 0.075319 -0.068345
v -0.441649 0.053864 -0.087969
v -0.404187 0.053524 -0.087969
v -0.377996 0.042888 -0.087969
v -0.453247 0.072995 -0.068345
v -0.363611 0.055195 -0.071361
v -0.491221 0.029772 -0.068345
v -0.367254 0.023288 -0.087969
v -0.471285 0.019620 -0.087969
v -0.350403 0.022775 -0.073181
v -0.497129 -0.033571 -0.068345
v -0.364886 -0.007804 -0.073181
v -0.474939 -0.030710 -0.087969
v -0.378530 0.002100 -0.087969
v -0.469328 -0.094416 -0.068345
v -0.398729 -0.025938 -0.075736
v -0.448070 -0.087440 -0.087969
v -0.400523 -0.012107 -0.087969
v -0.444688 -0.158019 -0.072036
v -0.422357 -0.014772 -0.077019
v -0.415089 -0.004624 -0.087969
v -0.429000 0.016742 -0.087969
v -0.426526 -0.157751 -0.087969
v -0.446759 -0.206109 -0.076936
v -0.435278 -0.211248 -0.087969
v -0.466949 -0.236246 -0.078047
v -0.459379 -0.244652 -0.087969
v -0.492537 -0.253180 -0.078692
v -0.489631 -0.263349 -0.087969
v -0.533567 -0.257559 -0.087969
v 0.555322 0.322408 -0.034093
v 0.215717 0.322408 0.036575
v 0.215717 0.322408 -0.034093
v 0.555322 0.322408 0.036575
v 0.683553 0.322408 -0.034093
v 0.683553 0.322408 0.036575
v 0.582321 0.357436 -0.034093
v 0.568821 0.343937 0.036575
v 0.582321 0.357436 0.036575
v 0.568821 0.343937 -0.034093
v -0.671515 -0.300462 -0.091984
v -0.354149 -0.300462 0.091984
v -0.354149 -0.300462 -0.091984
v -0.671515 -0.300462 0.091984
vn 1.0000 0.0005 0.0005
vn -0.9700 -0.2429 0.0003
vn -0.9816 0.1910 0.0003
vn -0.6629 -0.7488 0.0004
vn 0.0005 -1.0000 0.0005
vn 0.6315 0.7754 0.0003
vn 0.6316 0.7753 0.0004
vn 0.6315 0.7754 0.0004
vn 0.0063 -1.0000 0.0004
vn 0.0064 -1.0000 0.0005
vn 0.0062 -1.0000 0.0004
vn 0.3679 0.9298 0.0005
vn 0.3679 0.9299 0.0006
vn 0.3680 0.9298 0.0003
vn 0.0005 1.0000 0.0005
vn -0.3826 0.9239 0.0005
vn -0.9239 0.3826 0.0005
vn -1.0000 0.0005 0.0005
vn 0.0007 -0.5298 -0.8481
vn 0.0003 -0.2028 -0.9792
vn 0.0005 -0.5298 -0.8481
vn -0.0000 -0.2029 -0.9792
vn 0.0005 0.0005 -1.0000
vn -0.0000 -0.2029 0.9792
vn 0.0005 0.0005 1.0000
vn 0.0003 -0.2028 0.9792
vn 0.0007 -0.5298 0.8481
vn 0.0005 -0.5298 0.8481
vn -0.2945 0.5816 -0.7583
vn 0.1695 0.6431 -0.7467
vn -0.2731 0.5926 -0.7578
vn -0.6002 0.2681 -0.7536
vn 0.1705 0.6425 -0.7471
vn -0.6044 0.2575 -0.7539
vn 0.5213 0.4089 -0.7490
vn -0.6523 -0.1021 -0.7510
vn -0.6514 -0.1080 -0.7510
vn 0.6537 -0.0269 -0.7562
vn -0.6111 -0.2809 -0.7401
vn 0.6532 -0.0278 -0.7567
vn -0.6109 -0.2818 -0.7399
vn 0.4823 -0.4540 -0.7492
vn -0.6455 -0.1881 -0.7403
vn 0.4616 -0.4754 -0.7489
vn -0.6504 -0.1696 -0.7404
vn 0.0151 -0.6570 -0.7537
vn -0.6425 0.1324 -0.7548
vn -0.0112 -0.6570 -0.7538
vn -0.6365 0.1539 -0.7557
vn -0.5622 -0.4147 -0.7156
vn -0.6402 -0.3276 -0.6949
vn -0.8386 0.0123 -0.5447
vn -0.4868 0.4487 -0.7495
vn -0.4824 0.4540 -0.7491
vn -0.3201 0.5811 -0.7482
vn -0.3149 0.5835 -0.7485
vn -0.2360 0.6169 -0.7508
vn 0.1695 0.6431 0.7467
vn -0.2731 0.5926 0.7578
vn 0.1705 0.6425 0.7471
vn -0.2944 0.5816 0.7583
vn 0.5213 0.4089 0.7490
vn -0.6002 0.2681 0.7536
vn -0.6044 0.2575 0.7539
vn 0.6538 -0.0268 0.7562
vn -0.6523 -0.1021 0.7510
vn 0.6532 -0.0278 0.7567
vn -0.6514 -0.1080 0.7510
vn 0.4823 -0.4540 0.7492
vn -0.6111 -0.2809 0.7401
vn 0.4616 -0.4754 0.7489
vn -0.6109 -0.2818 0.7399
vn 0.0151 -0.6570 0.7537
vn -0.6455 -0.1881 0.7403
vn -0.0112 -0.6570 0.7538
vn -0.6504 -0.1696 0.7404
vn -0.5622 -0.4147 0.7156
vn -0.6402 -0.3276 0.6949
vn -0.8386 0.0123 0.5447
vn -0.6425 0.1324 0.7548
vn -0.6365 0.1539 0.7557
vn -0.4868 0.4487 0.7495
vn -0.4824 0.4540 0.7491
vn -0.3201 0.5811 0.7482
vn -0.3149 0.5835 0.7485
vn -0.2360 0.6169 0.7508
vn 0.7696 0.6386 0.0004
vn 0.7071 0.7071 -0.0000
vn 0.9688 -0.2477 0.0006
vn -0.4891 0.8722 0.0004
vn -0.4890 0.8723 0.0004
vn 0.9689 -0.2476 0.0003
vn -0.7761 0.6306 0.0005
vn 0.9688 -0.2477 0.0003
vn 0.7071 -0.7071 -0.0000
vn -0.6132 0.7900 0.0004
vn 0.1999 -0.9798 0.0005
vn -0.3972 0.9177 0.0006
vn 0.3922 -0.9199 0.0004
vn 0.3923 -0.9198 0.0005
vn -0.3971 0.9178 0.0005
vn -0.2486 0.9686 0.0003
vn -0.4891 0.8722 0.0005
vn 0.7071 -0.7071 0.0005
vn -0.6131 0.7900 0.0005
vn -0.3971 0.9178 0.0004
vn -0.3971 0.9178 0.0006
vn -0.2486 0.9686 0.0005
vn 0.6270 0.1754 -0.7591
vn 0.6427 -0.0171 -0.7659
vn 0.6434 -0.0054 -0.7655
vn 0.5672 -0.2721 -0.7773
vn 0.6180 0.2057 -0.7588
vn 0.5575 -0.2917 -0.7773
vn 0.5692 0.3327 -0.7519
vn 0.3326 -0.5592 -0.7594
vn 0.5495 0.3688 -0.7497
vn 0.2664 -0.6075 -0.7483
vn 0.5201 0.4108 -0.7488
vn -0.0572 -0.6806 -0.7304
vn 0.5200 0.4097 -0.7495
vn -0.0259 -0.6871 -0.7261
vn 0.5469 0.3613 -0.7553
vn -0.3689 -0.5096 -0.7773
vn 0.5490 0.3583 -0.7552
vn -0.3885 -0.4931 -0.7784
vn 0.6208 0.1980 -0.7586
vn -0.6036 -0.1120 -0.7894
vn 0.6198 0.2007 -0.7586
vn -0.6024 -0.1207 -0.7890
vn 0.6532 -0.0454 -0.7558
vn -0.5261 0.3454 -0.7772
vn 0.6524 -0.0542 -0.7559
vn -0.5155 0.3649 -0.7753
vn 0.5925 -0.3317 -0.7342
vn -0.0718 0.6490 -0.7574
vn 0.5820 -0.3592 -0.7296
vn -0.0327 0.6499 -0.7593
vn 0.2985 -0.6444 -0.7040
vn 0.3660 0.5057 -0.7812
vn 0.3716 0.4976 -0.7838
vn 0.4764 0.3250 -0.8170
vn 0.2906 -0.6482 -0.7039
vn -0.1578 -0.6992 -0.6973
vn -0.1383 -0.7051 -0.6955
vn -0.4509 -0.5076 -0.7342
vn -0.4667 -0.4882 -0.7375
vn -0.6111 -0.2125 -0.7625
vn -0.6158 -0.1949 -0.7634
vn -0.6299 0.1412 -0.7637
vn -0.6297 0.1431 -0.7635
vn -0.4665 0.5046 -0.7264
vn -0.4479 0.5270 -0.7223
vn -0.0220 0.7166 -0.6971
vn -0.0269 0.7166 -0.6970
vn 0.4079 0.5583 -0.7225
vn 0.4725 0.4842 -0.7364
vn 0.6208 0.2652 -0.7378
vn 0.6181 0.2057 0.7587
vn 0.6434 -0.0053 0.7655
vn 0.6270 0.1755 0.7590
vn 0.6427 -0.0171 0.7659
vn 0.5692 0.3327 0.7519
vn 0.5673 -0.2721 0.7773
vn 0.5495 0.3688 0.7497
vn 0.5574 -0.2917 0.7773
vn 0.5201 0.4108 0.7488
vn 0.3326 -0.5592 0.7594
vn 0.5200 0.4097 0.7495
vn 0.2664 -0.6075 0.7483
vn 0.5469 0.3613 0.7553
vn -0.0572 -0.6806 0.7304
vn 0.5489 0.3583 0.7552
vn -0.0259 -0.6871 0.7261
vn 0.6208 0.1980 0.7586
vn -0.3689 -0.5096 0.7773
vn 0.6198 0.2007 0.7586
vn -0.3885 -0.4931 0.7784
vn 0.6532 -0.0455 0.7558
vn -0.6036 -0.1119 0.7894
vn 0.6524 -0.0542 0.7560
vn -0.6024 -0.1207 0.7890
vn 0.5925 -0.3317 0.7342
vn -0.5261 0.3454 0.7772
vn 0.5820 -0.3592 0.7296
vn -0.5154 0.3649 0.7754
vn 0.2985 -0.6444 0.7040
vn -0.0718 0.6490 0.7574
vn 0.2906 -0.6482 0.7039
vn -0.0327 0.6499 0.7593
vn -0.1578 -0.6992 0.6973
vn 0.3660 0.5057 0.7812
vn 0.3716 0.4976 0.7838
vn 0.4763 0.3249 0.8170
vn -0.1383 -0.7052 0.6954
vn -0.4509 -0.5076 0.7342
vn -0.4667 -0.4882 0.7375
vn -0.6111 -0.2125 0.7625
vn -0.6159 -0.1949 0.7634
vn -0.6299 0.1412 0.7637
vn -0.6297 0.1431 0.7635
vn -0.4665 0.5046 0.7264
vn -0.4479 0.5270 0.7223
vn -0.0220 0.7166 0.6971
vn -0.0269 0.7166 0.6970
vn 0.4079 0.5583 0.7225
vn 0.4725 0.4842 0.7364
vn 0.6206 0.2651 0.7380
vn -0.3269 -0.5605 -0.7609
vn -0.6592 -0.1901 -0.7276
vn -0.3697 -0.5339 -0.7605
vn -0.6808 -0.0982 -0.7258
vn -0.7068 0.1021 -0.7000
vn 0.1079 -0.6628 -0.7410
vn 0.1392 -0.6559 -0.7419
vn 0.5146 -0.3856 -0.7658
vn 0.5137 -0.3866 -0.7659
vn 0.6533 0.1041 -0.7500
vn 0.6521 0.1128 -0.7497
vn 0.4589 0.4823 -0.7462
vn 0.4423 0.4990 -0.7453
vn 0.0757 0.6598 -0.7477
vn 0.0738 0.6599 -0.7478
vn -0.2478 0.6111 -0.7518
vn -0.2398 0.6158 -0.7506
vn -0.2838 0.5915 -0.7547
vn -0.2671 0.6010 -0.7533
vn -0.0679 0.6523 -0.7549
vn -0.0728 0.6521 -0.7547
vn 0.1910 0.6093 -0.7696
vn 0.2418 0.5848 -0.7743
vn 0.3716 0.5113 -0.7749
vn -0.6592 -0.1901 0.7276
vn -0.3269 -0.5605 0.7609
vn -0.3697 -0.5339 0.7605
vn -0.6808 -0.0982 0.7258
vn -0.7068 0.1021 0.7000
vn 0.1079 -0.6628 0.7410
vn 0.1392 -0.6559 0.7419
vn 0.5146 -0.3856 0.7658
vn 0.5137 -0.3866 0.7659
vn 0.6533 0.1041 0.7500
vn 0.6521 0.1128 0.7497
vn 0.4589 0.4823 0.7462
vn 0.4423 0.4990 0.7453
vn 0.0756 0.6598 0.7476
vn 0.0738 0.6599 0.7478
vn -0.2478 0.6111 0.7518
vn -0.2398 0.6157 0.7506
vn -0.2838 0.5915 0.7547
vn -0.2671 0.6010 0.7533
vn -0.0679 0.6523 0.7549
vn -0.0728 0.6521 0.7546
vn 0.1911 0.6093 0.7696
vn 0.2418 0.5848 0.7743
vn 0.3716 0.5113 0.7749
vn -0.3671 0.9302 0.0006
vn -0.8336 0.5523 0.0004
vn -0.8336 0.5523 -0.0000
vn -0.9749 0.2224 0.0004
vn -0.3668 0.9303 0.0004
vn -0.9750 0.2224 0.0005
vn -0.3778 0.9259 0.0003
vn -0.9990 -0.0455 0.0004
vn -0.3786 0.9256 0.0006
vn -0.9990 -0.0455 0.0005
vn -0.9541 0.2994 0.0004
vn -0.7773 0.6292 -0.0000
vn -0.7767 0.6299 -0.0000
vn -0.9155 -0.4024 0.0003
vn 0.6727 0.7399 0.0004
vn -0.9152 -0.4031 0.0005
vn 0.6736 0.7391 0.0004
vn -0.6581 -0.7529 0.0003
vn 0.9991 -0.0435 0.0005
vn -0.6581 -0.7529 0.0005
vn -0.3082 -0.9513 0.0004
vn 0.9559 -0.2936 0.0005
vn 0.9559 -0.2936 0.0006
vn 0.5066 -0.8622 0.0004
vn 0.7992 -0.6010 0.0005
vn 0.8034 -0.5954 0.0005
vn 0.8034 -0.5954 0.0004
vn -0.3671 0.9302 0.0003
vn -0.8336 0.5523 0.0005
vn -0.3785 0.9256 0.0004
vn -0.9750 0.2223 0.0006
vn -0.9541 0.2995 0.0005
vn -0.9750 0.2224 0.0004
vn -0.9541 0.2994 0.0003
vn -0.9989 -0.0463 0.0004
vn -0.7774 0.6290 0.0004
vn 0.6726 0.7400 0.0004
vn -0.3083 -0.9513 0.0005
vn 0.5065 -0.8622 0.0006
vn 0.7992 -0.6010 0.0003
vn 0.1403 0.6495 -0.7473
vn 0.2889 0.5958 -0.7494
vn 0.1520 0.6462 -0.7479
vn -0.2361 0.6115 -0.7552
vn -0.2477 0.6063 -0.7557
vn -0.5644 0.3424 -0.7511
vn -0.5612 0.3483 -0.7508
vn -0.6563 -0.0591 -0.7521
vn -0.6572 -0.0327 -0.7530
vn -0.4879 -0.4664 -0.7379
vn -0.4927 -0.4614 -0.7378
vn -0.0816 -0.6656 -0.7418
vn -0.0308 -0.6697 -0.7420
vn 0.4567 -0.4518 -0.7664
vn 0.4859 -0.4205 -0.7662
vn 0.6335 0.1568 -0.7577
vn 0.6231 0.1891 -0.7589
vn 0.2652 0.6589 -0.7039
vn 0.1813 0.7041 -0.6865
vn -0.1403 0.8135 -0.5643
vn 0.2889 0.5959 0.7493
vn 0.1403 0.6495 0.7473
vn 0.2889 0.5958 0.7493
vn 0.1519 0.6462 0.7479
vn -0.2361 0.6115 0.7552
vn -0.2477 0.6063 0.7557
vn -0.5644 0.3424 0.7511
vn -0.5612 0.3483 0.7508
vn -0.6563 -0.0591 0.7521
vn -0.6572 -0.0327 0.7530
vn -0.4879 -0.4664 0.7379
vn -0.4927 -0.4614 0.7378
vn -0.0816 -0.6656 0.7418
vn -0.0308 -0.6697 0.7420
vn 0.4567 -0.4518 0.7664
vn 0.4859 -0.4205 0.7662
vn 0.6335 0.1568 0.7577
vn 0.6231 0.1891 0.7589
vn 0.2652 0.6589 0.7039
vn 0.1813 0.7041 0.6865
vn -0.1403 0.8135 0.5643
vn -0.6014 -0.3151 -0.7342
vn -0.6572 0.1569 -0.7372
vn -0.6015 -0.3142 -0.7345
vn -0.6529 0.1714 -0.7378
vn -0.3298 -0.5908 -0.7364
vn -0.3914 0.5634 -0.7276
vn -0.3366 -0.5869 -0.7364
vn -0.3912 0.5641 -0.7272
vn -0.2847 -0.6109 -0.7388
vn 0.0699 0.6770 -0.7327
vn -0.2720 -0.6167 -0.7387
vn -0.4469 -0.5153 -0.7312
vn 0.5037 0.4705 -0.7245
vn -0.4440 -0.5163 -0.7323
vn 0.5212 0.4528 -0.7234
vn -0.5564 -0.4069 -0.7244
vn -0.5633 -0.3972 -0.7245
vn -0.6051 -0.3329 -0.7232
vn 0.6855 -0.0298 -0.7275
vn 0.6837 -0.0552 -0.7277
vn 0.3785 -0.6266 -0.6813
vn 0.2868 -0.6943 -0.6601
vn -0.1169 -0.8660 -0.4862
vn -0.6572 0.1569 0.7372
vn -0.6014 -0.3151 0.7342
vn -0.6015 -0.3142 0.7345
vn -0.3298 -0.5908 0.7364
vn -0.6529 0.1714 0.7378
vn -0.3366 -0.5869 0.7364
vn -0.3914 0.5634 0.7276
vn -0.2847 -0.6109 0.7388
vn -0.3912 0.5641 0.7272
vn -0.2720 -0.6167 0.7387
vn 0.0699 0.6770 0.7327
vn -0.4469 -0.5153 0.7312
vn -0.4440 -0.5163 0.7323
vn 0.5037 0.4705 0.7245
vn -0.5564 -0.4069 0.7244
vn -0.5633 -0.3972 0.7245
vn -0.6051 -0.3325 0.7234
vn 0.5212 0.4528 0.7234
vn 0.6855 -0.0298 0.7275
vn 0.6837 -0.0552 0.7277
vn 0.3785 -0.6266 0.6813
vn 0.2868 -0.6943 0.6601
vn -0.1169 -0.8660 0.4862
vn -0.0005 0.0005 1.0000
vn 0.0005 -0.0024 1.0000
vn 0.0005 -0.0054 1.0000
vn 0.0005 -0.0014 1.0000
vn 0.0005 -0.0053 1.0000
vn 0.0005 -0.0034 1.0000
vn -0.0005 0.0005 -1.0000
vn 0.0005 -0.0015 -1.0000
vn 0.0005 -0.0034 -1.0000
vn 0.0005 -0.0054 -1.0000
vn 0.0005 -0.0024 -1.0000
vn 0.0005 -0.0053 -1.0000
vn -0.0288 0.0718 -0.9970
vn -0.0132 0.0748 -0.9971
vn -0.0152 0.0748 -0.9971
vn -0.0337 0.0396 -0.9986
vn -0.0375 0.0365 -0.9986
vn -0.0640 0.0151 -0.9978
vn -0.0637 0.0170 -0.9978
vn -0.0592 0.0178 -0.9981
vn -0.0591 0.0131 -0.9982
vn -0.0649 -0.1324 -0.9891
vn -0.0660 -0.1667 -0.9838
vn -0.1578 0.0406 -0.9866
vn -0.1577 0.0376 -0.9868
vn -0.1060 0.1265 -0.9863
vn -0.1422 0.1969 -0.9700
vn 0.0318 -0.0474 -0.9984
vn 0.0216 -0.0582 -0.9981
vn 0.0444 -0.0374 -0.9983
vn 0.0455 -0.0347 -0.9984
vn 0.0404 -0.0476 -0.9981
vn 0.0395 -0.0562 -0.9976
vn 0.0366 -0.0611 -0.9975
vn 0.0308 -0.0631 -0.9975
vn 0.0298 -0.0630 -0.9976
vn 0.0298 -0.0631 -0.9976
vn -0.0132 0.0747 0.9971
vn -0.0288 0.0718 0.9970
vn -0.0151 0.0748 0.9971
vn -0.0337 0.0395 0.9987
vn -0.0375 0.0365 0.9986
vn -0.0640 0.0151 0.9978
vn -0.0637 0.0170 0.9978
vn -0.0592 0.0178 0.9981
vn -0.0594 0.0135 0.9981
vn -0.0649 -0.1324 0.9891
vn -0.0660 -0.1667 0.9838
vn -0.1578 0.0406 0.9866
vn -0.1577 0.0376 0.9868
vn -0.1060 0.1265 0.9863
vn -0.1422 0.1969 0.9700
vn 0.0318 -0.0475 0.9984
vn 0.0219 -0.0581 0.9981
vn 0.0443 -0.0371 0.9983
vn 0.0455 -0.0347 0.9984
vn 0.0402 -0.0478 0.9980
vn 0.0396 -0.0562 0.9976
vn 0.0366 -0.0611 0.9975
vn 0.0308 -0.0630 0.9975
vn 0.0298 -0.0630 0.9976
vn -0.1500 -0.6485 -0.7463
vn -0.2898 -0.5957 -0.7491
vn -0.1588 -0.6455 -0.7471
vn 0.2262 -0.6132 -0.7569
vn 0.2418 -0.6073 -0.7568
vn 0.5649 -0.3415 -0.7512
vn 0.5613 -0.3483 -0.7508
vn 0.6550 0.0659 -0.7527
vn 0.6561 0.0366 -0.7538
vn 0.5018 0.4617 -0.7314
vn 0.5096 0.4530 -0.7315
vn 0.1471 0.6639 -0.7333
vn 0.0777 0.6746 -0.7341
vn -0.3327 0.6014 -0.7264
vn -0.3844 0.5710 -0.7254
vn -0.6356 0.1529 -0.7567
vn -0.6405 0.1050 -0.7607
vn -0.4549 -0.4628 -0.7608
vn -0.5096 -0.4021 -0.7607
vn -0.2447 -0.6433 -0.7254
vn -0.2898 -0.5957 0.7491
vn -0.1500 -0.6485 0.7463
vn -0.1588 -0.6455 0.7471
vn 0.2262 -0.6132 0.7569
vn 0.2418 -0.6073 0.7568
vn 0.5652 -0.3415 0.7510
vn 0.5613 -0.3483 0.7508
vn 0.6550 0.0659 0.7527
vn 0.6561 0.0366 0.7538
vn 0.5018 0.4617 0.7314
vn 0.5097 0.4530 0.7315
vn 0.1471 0.6639 0.7333
vn 0.0777 0.6746 0.7341
vn -0.3326 0.6014 0.7264
vn -0.3844 0.5710 0.7254
vn -0.6356 0.1529 0.7567
vn -0.6405 0.1050 0.7607
vn -0.4549 -0.4628 0.7608
vn -0.5096 -0.4021 0.7607
vn -0.2447 -0.6433 0.7254
vn -0.6366 -0.0318 -0.7705
vn -0.5309 0.4059 -0.7439
vn -0.6375 0.0015 -0.7704
vn -0.5046 0.4313 -0.7479
vn -0.3941 0.5242 -0.7549
vn -0.4711 -0.4790 -0.7407
vn -0.4842 -0.4666 -0.7402
vn -0.0357 -0.6387 -0.7687
vn -0.0327 -0.6387 -0.7687
vn 0.4557 -0.4782 -0.7507
vn 0.4597 -0.4743 -0.7508
vn 0.6553 -0.1051 -0.7481
vn 0.6572 -0.0914 -0.7481
vn 0.5848 0.3093 -0.7499
vn 0.5836 0.3121 -0.7497
vn 0.3678 0.5593 -0.7429
vn 0.3729 0.5566 -0.7424
vn 0.3541 0.5818 -0.7322
vn 0.3415 0.5867 -0.7343
vn 0.5269 0.4449 -0.7242
vn 0.5250 0.4469 -0.7243
vn 0.6680 0.1520 -0.7285
vn 0.6765 0.1099 -0.7282
vn 0.6992 -0.1138 -0.7058
vn -0.5046 0.4313 0.7479
vn -0.5310 0.4059 0.7438
vn -0.6375 0.0015 0.7704
vn -0.3941 0.5242 0.7549
vn -0.6366 -0.0318 0.7705
vn -0.4712 -0.4790 0.7407
vn -0.4842 -0.4666 0.7402
vn -0.0357 -0.6387 0.7686
vn -0.0327 -0.6387 0.7687
vn 0.4557 -0.4782 0.7507
vn 0.4597 -0.4743 0.7508
vn 0.6552 -0.1051 0.7481
vn 0.6572 -0.0914 0.7481
vn 0.5848 0.3093 0.7499
vn 0.5836 0.3121 0.7497
vn 0.3678 0.5593 0.7429
vn 0.3729 0.5566 0.7424
vn 0.3541 0.5817 0.7322
vn 0.3415 0.5867 0.7343
vn 0.5269 0.4449 0.7242
vn 0.5250 0.4469 0.7243
vn 0.6680 0.1520 0.7285
vn 0.6765 0.1099 0.7282
vn 0.6992 -0.1138 0.7058
vn 0.4587 0.4831 0.7458
vn 0.0737 0.6599 0.7478
vn 0.6520 0.1128 0.7497
vn 0.6532 0.1041 0.7500
vn 0.1393 -0.6564 0.7414
vn -0.3697 -0.5338 0.7605
vn -0.6804 -0.0982 0.7263
vn -0.7069 0.1021 0.6999
vn 0.0737 0.6599 -0.7478
vn 0.0756 0.6598 -0.7476
vn 0.4587 0.4831 -0.7458
vn 0.6520 0.1128 -0.7497
vn -0.2398 0.6157 -0.7506
vn 0.6532 0.1041 -0.7500
vn 0.1393 -0.6564 -0.7414
vn -0.0728 0.6521 -0.7546
vn 0.1911 0.6093 -0.7695
vn 0.3715 0.5112 -0.7750
vn -0.3697 -0.5338 -0.7605
vn -0.6804 -0.0982 -0.7263
vn -0.7069 0.1021 -0.6999
vn -0.4012 -0.5762 -0.7121
vn -0.5008 -0.4471 -0.7412
vn -0.5006 -0.4478 -0.7409
vn -0.4059 -0.5678 -0.7162
vn -0.6392 -0.0767 -0.7652
vn -0.4587 -0.4861 -0.7439
vn -0.6383 -0.0825 -0.7653
vn -0.4615 -0.4820 -0.7448
vn -0.5974 0.3112 -0.7391
vn -0.5312 -0.3728 -0.7608
vn -0.5887 0.3317 -0.7372
vn -0.5327 -0.3697 -0.7613
vn -0.3396 0.6367 -0.6924
vn -0.6052 -0.1917 -0.7726
vn -0.3112 0.6542 -0.6893
vn -0.6044 -0.1950 -0.7725
vn 0.0435 0.7361 -0.6755
vn -0.6329 0.0503 -0.7726
vn 0.0366 0.7363 -0.6757
vn -0.6320 0.0591 -0.7727
vn 0.4119 0.5663 -0.7139
vn -0.5653 0.3073 -0.7655
vn 0.4109 0.5672 -0.7138
vn -0.5538 0.3309 -0.7640
vn 0.6682 0.1589 -0.7268
vn -0.3453 0.5759 -0.7410
vn 0.6744 0.1333 -0.7262
vn -0.3014 0.6082 -0.7343
vn 0.5469 -0.4511 -0.7053
vn 0.0864 0.6705 -0.7369
vn 0.5660 -0.4214 -0.7086
vn 0.0249 0.6856 -0.7276
vn -0.0503 -0.7236 -0.6884
vn 0.3758 0.5087 -0.7746
vn -0.0142 -0.7268 -0.6867
vn 0.4021 0.4841 -0.7772
vn -0.6608 -0.2525 -0.7068
vn -0.6524 -0.2702 -0.7081
vn -0.7842 0.2841 -0.5516
vn 0.5619 0.2680 -0.7826
vn 0.5673 0.2545 -0.7832
vn 0.5966 -0.0512 -0.8009
vn 0.5966 -0.0513 -0.8009
vn 0.4888 -0.4098 -0.7701
vn 0.4742 -0.4352 -0.7653
vn 0.1011 -0.6456 -0.7570
vn 0.1099 -0.6444 -0.7568
vn -0.1812 -0.6639 -0.7255
vn -0.1753 -0.6647 -0.7262
vn -0.1617 -0.6670 -0.7273
vn -0.5008 -0.4471 0.7412
vn -0.4013 -0.5762 0.7120
vn -0.5006 -0.4478 0.7409
vn -0.4057 -0.5678 0.7162
vn -0.6392 -0.0766 0.7652
vn -0.4587 -0.4860 0.7439
vn -0.6383 -0.0825 0.7653
vn -0.4615 -0.4820 0.7448
vn -0.5974 0.3111 0.7391
vn -0.5312 -0.3728 0.7608
vn -0.5887 0.3317 0.7372
vn -0.5327 -0.3697 0.7613
vn -0.3396 0.6367 0.6923
vn -0.6053 -0.1920 0.7725
vn -0.3112 0.6542 0.6893
vn -0.6044 -0.1949 0.7725
vn 0.0435 0.7361 0.6755
vn -0.6329 0.0503 0.7726
vn 0.0366 0.7363 0.6757
vn -0.6320 0.0592 0.7727
vn 0.4119 0.5663 0.7139
vn -0.5653 0.3073 0.7655
vn 0.4109 0.5672 0.7138
vn -0.5538 0.3310 0.7640
vn 0.6682 0.1589 0.7268
vn -0.3453 0.5759 0.7410
vn 0.6744 0.1333 0.7262
vn -0.3014 0.6082 0.7343
vn 0.5469 -0.4511 0.7053
vn 0.0864 0.6705 0.7369
vn 0.5660 -0.4214 0.7086
vn 0.0249 0.6856 0.7276
vn -0.0503 -0.7236 0.6884
vn 0.3758 0.5087 0.7746
vn -0.0142 -0.7268 0.6867
vn 0.4021 0.4841 0.7772
vn -0.6608 -0.2525 0.7068
vn -0.6524 -0.2702 0.7081
vn -0.7842 0.2841 0.5516
vn 0.5619 0.2680 0.7826
vn 0.5672 0.2546 0.7832
vn 0.5967 -0.0514 0.8008
vn 0.5966 -0.0513 0.8009
vn 0.4888 -0.4098 0.7701
vn 0.4742 -0.4352 0.7653
vn 0.1011 -0.6456 0.7570
vn 0.1099 -0.6444 0.7568
vn -0.1812 -0.6639 0.7255
vn -0.1753 -0.6647 0.7262
vn -0.1617 -0.6667 0.7276
vn -0.5632 -0.4147 0.7147
vn 0.4823 -0.4540 0.7491
vn 0.6531 -0.0278 0.7567
vn 0.5213 0.4090 0.7490
vn 0.1695 0.6432 0.7467
vn -0.2945 0.5816 0.7583
vn -0.6514 -0.1080 0.7511
vn -0.6505 -0.1696 0.7404
vn -0.6366 0.1539 0.7557
vn -0.4823 0.4540 0.7492
vn -0.3149 0.5835 0.7486
vn -0.2361 0.6168 0.7509
vn -0.5632 -0.4147 -0.7147
vn 0.4823 -0.4540 -0.7491
vn 0.6538 -0.0268 -0.7562
vn 0.6531 -0.0278 -0.7567
vn 0.1695 0.6432 -0.7467
vn -0.6002 0.2681 -0.7535
vn -0.6514 -0.1080 -0.7511
vn -0.6505 -0.1696 -0.7404
vn -0.6366 0.1539 -0.7557
vn -0.3149 0.5835 -0.7486
vn -0.2361 0.6168 -0.7509
vn -0.0737 -0.6452 -0.7604
vn -0.4726 -0.4345 -0.7668
vn -0.0747 -0.6451 -0.7604
vn -0.4850 -0.4195 -0.7673
vn 0.2916 -0.5816 -0.7594
vn -0.6476 -0.0053 -0.7620
vn 0.2820 -0.5869 -0.7589
vn -0.6476 -0.0044 -0.7620
vn 0.3317 -0.5700 -0.7517
vn -0.4891 0.4089 -0.7704
vn 0.3514 -0.5565 -0.7529
vn -0.4881 0.4099 -0.7705
vn 0.1733 -0.6568 -0.7339
vn -0.1031 0.6358 -0.7649
vn 0.1794 -0.6544 -0.7346
vn -0.0718 0.6416 -0.7637
vn 0.0005 -0.6803 -0.7330
vn -0.0523 -0.6737 -0.7372
vn -0.1512 -0.6549 -0.7404
vn 0.3739 0.5157 -0.7709
vn 0.3962 0.4978 -0.7715
vn 0.6757 -0.0024 -0.7372
vn 0.6862 -0.1197 -0.7175
vn 0.6530 -0.4854 -0.5814
vn -0.4726 -0.4345 0.7668
vn -0.0737 -0.6452 0.7604
vn -0.0747 -0.6451 0.7604
vn 0.2916 -0.5816 0.7594
vn -0.4850 -0.4195 0.7673
vn 0.2820 -0.5869 0.7590
vn -0.6476 -0.0054 0.7620
vn 0.3317 -0.5700 0.7517
vn -0.6476 -0.0044 0.7620
vn 0.3513 -0.5565 0.7529
vn -0.4890 0.4089 0.7705
vn 0.1733 -0.6567 0.7339
vn -0.4881 0.4099 0.7705
vn 0.1794 -0.6544 0.7346
vn -0.1031 0.6358 0.7649
vn 0.0005 -0.6803 0.7330
vn -0.0523 -0.6737 0.7372
vn -0.1512 -0.6550 0.7404
vn -0.0718 0.6416 0.7637
vn 0.3739 0.5157 0.7709
vn 0.3962 0.4978 0.7715
vn 0.6757 -0.0024 0.7372
vn 0.6862 -0.1196 0.7175
vn 0.6530 -0.4854 0.5814
vn -0.0000 0.7071 0.7071
vn -0.0000 -0.7071 0.7071
vn -0.0000 0.7071 -0.7071
vn -0.0000 -0.7071 -0.7071
vn 0.6004 0.1119 0.7919
vn 0.4757 0.4541 0.7533
vn 0.4745 0.4559 0.7530
vn 0.3944 0.5674 0.7228
vn 0.5994 0.1167 0.7919
vn 0.3979 0.5620 0.7251
vn 0.5624 -0.2565 0.7861
vn 0.4520 0.4931 0.7434
vn 0.5526 -0.2799 0.7851
vn 0.4567 0.4879 0.7439
vn 0.5360 0.3777 0.7550
vn 0.5380 0.3748 0.7550
vn 0.6199 0.1999 0.7588
vn 0.6183 0.2038 0.7591
vn 0.6523 -0.0543 0.7560
vn -0.6037 -0.1119 0.7893
vn 0.5925 -0.3317 0.7341
vn -0.1382 -0.7057 0.6949
vn -0.4478 0.5270 0.7223
vn 0.4078 0.5583 0.7225
vn 0.6209 0.2652 0.7377
vn 0.6004 0.1119 -0.7919
vn 0.4757 0.4541 -0.7533
vn 0.5994 0.1168 -0.7919
vn 0.5624 -0.2565 -0.7861
vn 0.4745 0.4559 -0.7530
vn 0.5526 -0.2799 -0.7851
vn 0.3944 0.5674 -0.7228
vn 0.3980 0.5620 -0.7251
vn 0.4520 0.4931 -0.7433
vn 0.4567 0.4879 -0.7439
vn 0.5360 0.3777 -0.7550
vn 0.5380 0.3748 -0.7550
vn 0.6200 0.1998 -0.7587
vn 0.6183 0.2038 -0.7591
vn 0.6532 -0.0455 -0.7558
vn 0.6524 -0.0543 -0.7560
vn 0.5925 -0.3317 -0.7341
vn 0.4763 0.3249 -0.8170
vn -0.1382 -0.7057 -0.6949
vn -0.4509 -0.5075 -0.7342
vn -0.6159 -0.1949 -0.7634
vn -0.4478 0.5270 -0.7223
vn 0.4079 0.5583 -0.7224
vn 0.6208 0.2652 -0.7377
vn -0.0776 0.6402 -0.7643
vn 0.3942 0.5504 -0.7360
vn -0.0357 0.6435 -0.7646
vn 0.4451 0.5067 -0.7383
vn 0.5747 0.3738 -0.7280
vn -0.4920 0.4568 -0.7411
vn -0.5088 0.4374 -0.7415
vn -0.6418 -0.0073 -0.7669
vn -0.4521 -0.4824 -0.7502
vn -0.4471 -0.4872 -0.7501
vn -0.1275 -0.6648 -0.7361
vn -0.1294 -0.6646 -0.7359
vn 0.2605 -0.5957 -0.7598
vn 0.2867 -0.5827 -0.7605
vn 0.6024 -0.2624 -0.7539
vn 0.6081 -0.2496 -0.7536
vn 0.6522 0.1109 -0.7499
vn 0.6500 0.1187 -0.7506
vn 0.6217 0.2427 -0.7447
vn 0.6227 0.2398 -0.7448
vn 0.6542 0.0611 -0.7538
vn 0.6559 0.0425 -0.7536
vn 0.6122 -0.2418 -0.7528
vn 0.6069 -0.2534 -0.7533
vn 0.4549 -0.4803 -0.7500
vn 0.4509 -0.4841 -0.7499
vn 0.1529 -0.6393 -0.7536
vn 0.1441 -0.6413 -0.7537
vn -0.0903 -0.6852 -0.7227
vn 0.3941 0.5504 0.7360
vn -0.0357 0.6435 0.7646
vn 0.4451 0.5067 0.7383
vn 0.5747 0.3738 0.7280
vn -0.0776 0.6402 0.7643
vn -0.4920 0.4568 0.7411
vn -0.5088 0.4374 0.7415
vn -0.6418 -0.0073 0.7669
vn -0.4521 -0.4824 0.7502
vn -0.4471 -0.4872 0.7501
vn -0.1275 -0.6648 0.7361
vn -0.1294 -0.6646 0.7359
vn 0.2605 -0.5957 0.7598
vn 0.2867 -0.5827 0.7605
vn 0.6024 -0.2624 0.7539
vn 0.6081 -0.2495 0.7536
vn 0.6522 0.1109 0.7499
vn 0.6500 0.1187 0.7506
vn 0.6217 0.2427 0.7447
vn 0.6227 0.2398 0.7448
vn 0.6542 0.0611 0.7538
vn 0.6559 0.0425 0.7536
vn 0.6121 -0.2418 0.7529
vn 0.6069 -0.2534 0.7533
vn 0.4549 -0.4803 0.7500
vn 0.4509 -0.4840 0.7500
vn 0.1529 -0.6393 0.7536
vn 0.1441 -0.6413 0.7536
vn -0.0903 -0.6852 0.7227
vn -0.1167 -0.8661 0.4860
vn -0.6571 0.1568 0.7373
vn -0.3298 -0.5908 0.7363
vn -0.3366 -0.5868 0.7364
vn -0.2847 -0.6108 0.7388
vn -0.2720 -0.6167 0.7388
vn -0.6052 -0.3324 0.7234
vn 0.6837 -0.0553 -0.7277
vn -0.1167 -0.8661 -0.4860
vn -0.3298 -0.5908 -0.7363
vn -0.3366 -0.5868 -0.7364
vn -0.2720 -0.6167 -0.7388
vn -0.4441 -0.5163 -0.7323
vn -0.6052 -0.3324 -0.7234
vn -0.0004 0.0005 -1.0000
vn 0.0005 -0.0063 -1.0000
vn 0.0005 -0.0064 -1.0000
vn 0.0005 -0.0025 -1.0000
vn 0.0005 -0.0015 1.0000
vn -0.0004 0.0005 1.0000
vn 0.0005 -0.0063 1.0000
vn -0.0005 0.0004 1.0000
vn 0.0005 -0.0064 1.0000
vn 0.0005 -0.0025 1.0000
vn 0.9816 0.1910 0.0005
vn 0.9816 0.1910 0.0003
vn 0.9701 -0.2429 0.0006
vn 0.9701 -0.2429 0.0005
vn 0.6628 -0.7488 0.0004
vn -0.2477 0.6062 0.7557
vn -0.6564 -0.0591 0.7521
vn -0.0815 -0.6656 0.7418
vn 0.6336 0.1568 0.7576
vn -0.1402 0.8135 0.5644
vn 0.2889 0.5958 -0.7493
vn -0.2477 0.6062 -0.7557
vn -0.5644 0.3425 -0.7511
vn -0.6563 -0.0591 -0.7522
vn -0.0815 -0.6656 -0.7418
vn 0.6336 0.1568 -0.7576
vn -0.1402 0.8135 -0.5644
vn 0.3541 0.5817 -0.7322
vn 0.3415 0.5867 -0.7342
vn -0.4712 -0.4790 -0.7407
vn -0.6369 0.0015 -0.7709
vn -0.5311 0.4059 -0.7437
vn -0.3940 0.5242 -0.7550
vn 0.6553 -0.1051 0.7481
vn 0.3541 0.5818 0.7322
vn 0.4557 -0.4782 0.7508
vn 0.3415 0.5867 0.7342
vn -0.0357 -0.6387 0.7687
vn -0.4711 -0.4790 0.7407
vn -0.6370 0.0015 0.7709
vn -0.3940 0.5242 0.7550
vn 0.5649 -0.3415 0.7512
vn 0.5018 0.4617 0.7315
vn 0.5096 0.4529 0.7315
vn 0.1470 0.6639 0.7332
vn -0.3327 0.6014 0.7264
vn -0.4549 -0.4627 0.7609
vn -0.2451 -0.6434 0.7253
vn 0.5652 -0.3415 -0.7510
vn 0.5612 -0.3482 -0.7508
vn 0.5096 0.4529 -0.7315
vn 0.1470 0.6639 -0.7332
vn -0.4549 -0.4627 -0.7609
vn -0.2451 -0.6434 -0.7253
vn 0.3581 -0.9337 0.0006
vn 0.8277 -0.5612 0.0004
vn 0.8277 -0.5611 0.0004
vn 0.9847 -0.1745 0.0004
vn 0.3581 -0.9337 0.0004
vn 0.9847 -0.1745 0.0003
vn 0.3855 -0.9227 0.0004
vn 0.9952 0.0982 0.0006
vn 0.3862 -0.9224 0.0003
vn 0.9802 0.1978 0.0005
vn 0.9523 -0.3053 0.0006
vn 0.9522 -0.3054 0.0005
vn 0.9208 0.3901 0.0003
vn 0.9207 0.3902 0.0004
vn 0.6581 0.7529 -0.0000
vn 0.6581 0.7529 0.0005
vn 0.2974 0.9548 0.0003
vn 0.2974 0.9548 0.0005
vn -0.5260 0.8505 0.0006
vn -0.5261 0.8504 0.0005
vn -0.8121 0.5835 0.0003
vn -0.8121 0.5835 0.0005
vn -0.8018 0.5976 0.0003
vn -0.9559 0.2936 0.0005
vn -0.9994 0.0336 0.0003
vn -0.9926 -0.1217 0.0005
vn -0.9926 -0.1216 0.0006
vn 0.8277 -0.5612 0.0003
vn 0.8277 -0.5611 0.0005
vn 0.3581 -0.9337 0.0005
vn 0.9522 -0.3053 0.0005
vn 0.9207 0.3902 0.0003
vn 0.2974 0.9547 0.0005
vn -0.8018 0.5976 0.0005
vn -0.9559 0.2936 0.0006
vn -0.9994 0.0336 0.0004
vn 0.6862 -0.1197 0.7175
vn 0.6530 -0.4851 0.5816
vn -0.1031 0.6359 0.7649
vn -0.6476 -0.0053 0.7620
vn 0.1733 -0.6568 0.7339
vn 0.6530 -0.4851 -0.5816
vn -0.1031 0.6359 -0.7649
vn -0.4890 0.4089 -0.7705
vn -0.6476 -0.0054 -0.7620
vn 0.2820 -0.5870 -0.7589
vn 0.3513 -0.5565 -0.7529
vn -0.6715 0.0103 0.7409
vn -0.6453 -0.1891 0.7401
vn -0.6350 -0.2234 0.7395
vn -0.5789 -0.3464 0.7382
vn -0.6709 0.0191 0.7413
vn -0.5632 -0.3678 0.7400
vn -0.6007 0.3153 0.7347
vn -0.5280 -0.3990 0.7497
vn -0.5928 0.3347 0.7325
vn -0.5252 -0.4002 0.7510
vn -0.3396 0.6367 0.6924
vn -0.5398 -0.3570 0.7624
vn -0.3112 0.6542 0.6894
vn -0.5418 -0.3532 0.7627
vn -0.6062 -0.1900 0.7723
vn -0.6054 -0.1920 0.7724
vn -0.6320 0.0591 0.7727
vn -0.5652 0.3073 0.7656
vn -0.5538 0.3309 0.7640
vn -0.3014 0.6083 0.7343
vn 0.0864 0.6705 0.7368
vn 0.0249 0.6861 0.7271
vn -0.7842 0.2841 0.5517
vn 0.5673 0.2546 0.7832
vn 0.5966 -0.0512 0.8009
vn 0.4889 -0.4097 0.7702
vn 0.4743 -0.4351 0.7653
vn -0.1813 -0.6639 0.7255
vn -0.1616 -0.6671 0.7273
vn -0.6453 -0.1891 -0.7401
vn -0.6716 0.0103 -0.7409
vn -0.6350 -0.2234 -0.7395
vn -0.6709 0.0191 -0.7413
vn -0.5789 -0.3464 -0.7382
vn -0.6007 0.3153 -0.7347
vn -0.5631 -0.3678 -0.7400
vn -0.5928 0.3347 -0.7325
vn -0.5280 -0.3990 -0.7497
vn -0.5253 -0.4002 -0.7510
vn -0.5398 -0.3570 -0.7624
vn -0.5418 -0.3532 -0.7627
vn -0.6062 -0.1900 -0.7723
vn -0.6054 -0.1920 -0.7724
vn -0.3014 0.6083 -0.7343
vn 0.0864 0.6705 -0.7368
vn -0.7842 0.2841 -0.5517
vn 0.0249 0.6861 -0.7271
vn 0.4020 0.4841 -0.7772
vn 0.5672 0.2546 -0.7832
vn 0.4889 -0.4097 -0.7702
vn 0.4743 -0.4351 -0.7653
vn -0.1813 -0.6639 -0.7255
vn -0.1618 -0.6667 -0.7276
vn -0.9688 0.2477 0.0004
vn -0.7954 -0.6060 0.0003
vn -0.9689 0.2476 0.0003
vn -0.7071 -0.7071 -0.0000
vn 0.5084 -0.8611 0.0005
vn 0.5084 -0.8611 0.0004
vn -0.7071 0.7071 -0.0000
vn 0.7902 -0.6129 -0.0000
vn 0.7900 -0.6131 0.0004
vn -0.1831 0.9831 0.0005
vn 0.6134 -0.7898 -0.0000
vn -0.3610 0.9326 0.0005
vn 0.6132 -0.7900 0.0004
vn 0.5616 -0.8274 0.0004
vn 0.5875 -0.8092 0.0004
vn 0.5876 -0.8092 0.0004
vn -0.9689 0.2475 -0.0000
vn -0.9688 0.2477 0.0005
vn -0.7955 -0.6060 0.0005
vn -0.3611 0.9325 0.0006
vn 0.6132 -0.7899 0.0003
vn 0.2604 -0.5957 -0.7598
vn 0.2867 -0.5827 -0.7604
vn 0.6024 -0.2624 -0.7538
vn 0.6523 0.1110 -0.7498
vn 0.6216 0.2427 -0.7448
vn 0.6542 0.0611 -0.7539
vn 0.6560 0.0425 -0.7536
vn 0.4448 0.5063 -0.7388
vn 0.5747 0.3736 -0.7281
vn 0.1441 -0.6413 -0.7536
vn -0.0903 -0.6852 -0.7228
vn 0.2604 -0.5957 0.7598
vn 0.2867 -0.5827 0.7604
vn 0.6024 -0.2624 0.7538
vn 0.6081 -0.2496 0.7536
vn 0.6523 0.1110 0.7498
vn 0.6216 0.2427 0.7448
vn 0.6542 0.0611 0.7539
vn 0.4448 0.5063 0.7388
vn 0.5747 0.3736 0.7281
vn 0.6560 0.0425 0.7536
vn 0.6122 -0.2418 0.7528
vn 0.4549 -0.4802 0.7500
vn 0.4509 -0.4841 0.7499
vn -0.0903 -0.6852 0.7228
vn -0.7071 0.7071 0.0005
vt 0.000000 0.000000
s 1
f 514/95/267 515/95/267 516/95/267
f 516/95/267 515/95/267 517/95/267
f 518/95/267 515/95/267 514/95/267
f 515/95/267 518/95/267 519/95/267
f 520/95/268 521/95/269 522/95/268
f 521/95/269 520/95/268 523/95/269
f 520/95/268 522/95/268 524/95/270
f 524/95/270 522/95/268 525/95/270
f 526/95/271 527/95/271 528/95/271
f 526/95/271 528/95/271 529/95/271
f 530/95/272 531/95/273 532/95/273
f 532/95/273 531/95/273 533/95/274
f 534/95/275 535/95/275 536/95/276
f 535/95/275 534/95/275 537/95/277
f 538/95/275 539/95/275 540/95/275
f 539/95/275 538/95/275 541/95/276
f 542/95/278 543/95/278 544/95/279
f 543/95/278 542/95/278 545/95/280
f 546/95/281 547/95/281 548/95/281
f 547/95/281 546/95/281 549/95/281
f 550/95/282 549/95/281 546/95/281
f 549/95/281 550/95/282 551/95/282
f 552/95/283 551/95/282 550/95/282
f 551/95/282 552/95/283 553/95/283
f 552/95/283 554/95/284 553/95/283
f 555/95/284 554/95/284 552/95/283
f 556/95/281 557/95/281 558/95/281
f 557/95/281 556/95/281 559/95/281
f 560/95/281 561/95/281 562/95/281
f 560/95/281 562/95/281 563/95/281
f 564/95/281 565/95/281 566/95/281
f 567/95/281 566/95/281 565/95/281
f 568/95/285 569/95/286 570/95/287
f 571/95/288 569/95/286 568/95/285
f 569/95/286 571/95/288 572/95/289
f 573/95/289 572/95/289 571/95/288
f 574/95/290 575/95/291 576/95/291
f 575/95/291 574/95/290 577/95/292
f 578/95/293 577/95/292 574/95/290
f 577/95/292 578/95/293 579/95/294
f 580/95/295 581/95/296 582/95/297
f 582/95/297 583/95/298 580/95/295
f 582/95/297 581/95/296 584/95/299
f 583/95/298 582/95/297 585/95/300
f 584/95/299 581/95/296 586/95/301
f 585/95/300 587/95/302 583/95/298
f 588/95/301 584/95/299 586/95/301
f 587/95/302 585/95/300 589/95/303
f 586/95/301 590/95/304 588/95/301
f 589/95/303 591/95/305 587/95/302
f 590/95/304 586/95/301 592/95/306
f 591/95/305 589/95/303 593/95/307
f 592/95/306 594/95/308 590/95/304
f 593/95/307 595/95/309 591/95/305
f 590/95/304 594/95/308 596/95/310
f 595/95/309 593/95/307 597/95/311
f 596/95/310 594/95/308 598/95/312
f 597/95/311 599/95/313 595/95/309
f 600/95/314 596/95/310 598/95/312
f 599/95/313 597/95/311 601/95/315
f 598/95/312 602/95/316 600/95/314
f 600/95/314 602/95/316 603/95/317
f 603/95/317 602/95/316 604/95/318
f 601/95/315 605/95/319 599/95/313
f 605/95/319 601/95/315 606/95/320
f 606/95/320 607/95/321 605/95/319
f 607/95/321 606/95/320 608/95/322
f 607/95/321 608/95/322 609/95/323
f 610/95/324 611/95/325 612/95/326
f 611/95/325 610/95/324 613/95/327
f 614/95/328 610/95/324 612/95/326
f 615/95/329 611/95/325 613/95/327
f 612/95/326 616/95/328 614/95/328
f 611/95/325 615/95/329 617/95/330
f 618/95/331 614/95/328 616/95/328
f 619/95/332 617/95/330 615/95/329
f 614/95/328 618/95/331 620/95/333
f 617/95/330 619/95/332 621/95/334
f 618/95/331 622/95/335 620/95/333
f 623/95/336 621/95/334 619/95/332
f 622/95/335 618/95/331 624/95/337
f 621/95/334 623/95/336 625/95/338
f 626/95/339 622/95/335 624/95/337
f 627/95/340 625/95/338 623/95/336
f 626/95/339 624/95/337 628/95/341
f 625/95/338 627/95/340 629/95/342
f 630/95/343 626/95/339 628/95/341
f 630/95/343 628/95/341 631/95/344
f 631/95/344 632/95/345 630/95/343
f 633/95/346 629/95/342 627/95/340
f 629/95/342 633/95/346 634/95/347
f 635/95/348 634/95/347 633/95/346
f 634/95/347 635/95/348 636/95/349
f 637/95/350 636/95/349 635/95/348
f 636/95/349 637/95/350 638/95/351
f 637/95/350 639/95/352 638/95/351
f 640/95/267 641/95/267 642/95/267
f 640/95/267 643/95/353 641/95/267
f 642/95/267 641/95/267 644/95/267
f 645/95/354 641/95/267 643/95/353
f 646/95/355 642/95/267 644/95/267
f 643/95/353 647/95/356 645/95/354
f 646/95/355 644/95/267 648/95/355
f 649/95/357 645/95/354 647/95/356
f 650/95/358 646/95/355 648/95/355
f 647/95/356 651/95/359 649/95/357
f 650/95/358 648/95/355 652/95/360
f 647/95/356 653/95/359 651/95/359
f 652/95/360 654/95/361 650/95/358
f 653/95/359 655/95/362 651/95/359
f 654/95/361 652/95/360 656/95/361
f 657/95/362 651/95/359 655/95/362
f 658/95/363 654/95/361 656/95/361
f 655/95/362 659/95/364 657/95/362
f 658/95/363 656/95/361 660/95/363
f 660/95/363 661/95/365 658/95/363
f 662/95/366 658/95/363 661/95/365
f 663/95/367 657/95/362 659/95/364
f 659/95/364 664/95/368 663/95/367
f 665/95/368 664/95/368 659/95/364
f 666/95/267 667/95/267 668/95/267
f 669/95/355 668/95/267 667/95/267
f 667/95/267 666/95/267 670/95/267
f 668/95/267 669/95/355 671/95/355
f 666/95/267 672/95/353 670/95/267
f 673/95/358 671/95/355 669/95/355
f 666/95/267 674/95/354 672/95/353
f 671/95/355 673/95/358 675/95/360
f 674/95/354 676/95/356 672/95/353
f 677/95/361 675/95/360 673/95/358
f 674/95/354 678/95/369 676/95/356
f 675/95/360 677/95/361 679/95/370
f 680/95/359 676/95/356 678/95/369
f 681/95/363 679/95/370 677/95/361
f 676/95/356 680/95/359 682/95/359
f 679/95/370 681/95/363 683/95/363
f 684/95/366 683/95/363 681/95/363
f 684/95/366 681/95/363 685/95/365
f 680/95/359 686/95/371 682/95/359
f 680/95/359 687/95/362 686/95/371
f 688/95/372 686/95/371 687/95/362
f 686/95/371 688/95/372 689/95/373
f 690/95/374 689/95/373 688/95/372
f 689/95/373 690/95/374 691/95/374
f 692/95/375 693/95/376 694/95/377
f 695/95/378 694/95/377 693/95/376
f 692/95/375 694/95/377 696/95/379
f 694/95/377 695/95/378 697/95/380
f 698/95/381 692/95/375 696/95/379
f 699/95/382 697/95/380 695/95/378
f 696/95/379 700/95/383 698/95/381
f 697/95/380 699/95/382 701/95/384
f 702/95/385 698/95/381 700/95/383
f 703/95/386 701/95/384 699/95/382
f 702/95/385 700/95/383 704/95/387
f 701/95/384 703/95/386 705/95/388
f 706/95/389 702/95/385 704/95/387
f 703/95/386 707/95/390 705/95/388
f 706/95/389 704/95/387 708/95/391
f 707/95/390 703/95/386 709/95/392
f 710/95/393 706/95/389 708/95/391
f 709/95/392 711/95/394 707/95/390
f 708/95/391 712/95/395 710/95/393
f 709/95/392 713/95/396 711/95/394
f 714/95/397 710/95/393 712/95/395
f 715/95/398 711/95/394 713/95/396
f 710/95/393 714/95/397 716/95/399
f 711/95/394 715/95/398 717/95/400
f 718/95/401 716/95/399 714/95/397
f 715/95/398 719/95/402 717/95/400
f 716/95/399 718/95/401 720/95/403
f 719/95/402 715/95/398 721/95/404
f 722/95/405 720/95/403 718/95/401
f 719/95/402 721/95/404 723/95/406
f 721/95/404 724/95/407 723/95/406
f 724/95/407 725/95/408 723/95/406
f 720/95/403 722/95/405 726/95/409
f 727/95/410 726/95/409 722/95/405
f 726/95/409 727/95/410 728/95/411
f 729/95/412 728/95/411 727/95/410
f 727/95/410 730/95/413 729/95/412
f 730/95/413 731/95/414 729/95/412
f 730/95/413 732/95/415 731/95/414
f 732/95/415 733/95/416 731/95/414
f 733/95/416 732/95/415 734/95/417
f 735/95/418 733/95/416 734/95/417
f 733/95/416 735/95/418 736/95/419
f 737/95/420 736/95/419 735/95/418
f 736/95/419 737/95/420 738/95/421
f 739/95/422 738/95/421 737/95/420
f 737/95/420 740/95/423 739/95/422
f 740/95/423 741/95/424 739/95/422
f 742/95/425 743/95/426 744/95/427
f 743/95/426 745/95/428 744/95/427
f 744/95/427 746/95/429 742/95/425
f 743/95/426 747/95/430 745/95/428
f 748/95/431 742/95/425 746/95/429
f 747/95/430 743/95/426 749/95/432
f 746/95/429 750/95/433 748/95/431
f 749/95/432 751/95/434 747/95/430
f 752/95/435 748/95/431 750/95/433
f 751/95/434 749/95/432 753/95/436
f 750/95/433 754/95/437 752/95/435
f 753/95/436 755/95/438 751/95/434
f 756/95/439 752/95/435 754/95/437
f 755/95/438 753/95/436 757/95/440
f 756/95/439 754/95/437 758/95/441
f 759/95/442 755/95/438 757/95/440
f 760/95/443 756/95/439 758/95/441
f 755/95/438 759/95/442 761/95/444
f 758/95/441 762/95/445 760/95/443
f 761/95/444 759/95/442 763/95/446
f 762/95/445 758/95/441 764/95/447
f 765/95/448 761/95/444 763/95/446
f 764/95/447 766/95/449 762/95/445
f 763/95/446 767/95/450 765/95/448
f 766/95/449 764/95/447 768/95/451
f 767/95/450 763/95/446 769/95/452
f 768/95/451 770/95/453 766/95/449
f 771/95/454 767/95/450 769/95/452
f 770/95/453 768/95/451 772/95/455
f 773/95/456 767/95/450 771/95/454
f 772/95/455 774/95/457 770/95/453
f 775/95/458 773/95/456 771/95/454
f 775/95/458 776/95/459 773/95/456
f 776/95/459 775/95/458 777/95/460
f 774/95/457 772/95/455 778/95/461
f 779/95/462 774/95/457 778/95/461
f 780/95/463 774/95/457 779/95/462
f 781/95/464 780/95/463 779/95/462
f 780/95/463 781/95/464 782/95/465
f 783/95/466 782/95/465 781/95/464
f 782/95/465 783/95/466 784/95/467
f 783/95/466 785/95/468 784/95/467
f 785/95/468 783/95/466 786/95/469
f 786/95/469 787/95/470 785/95/468
f 787/95/470 786/95/469 788/95/471
f 787/95/470 788/95/471 789/95/472
f 790/95/473 787/95/470 789/95/472
f 790/95/473 789/95/472 791/95/474
f 792/95/475 793/95/476 794/95/477
f 795/95/478 794/95/477 793/95/476
f 795/95/478 793/95/476 796/95/479
f 797/95/480 792/95/475 794/95/477
f 792/95/475 797/95/480 798/95/481
f 799/95/482 798/95/481 797/95/480
f 800/95/483 798/95/481 799/95/482
f 799/95/482 801/95/484 800/95/483
f 801/95/484 799/95/482 802/95/485
f 802/95/485 803/95/486 801/95/484
f 803/95/486 802/95/485 804/95/487
f 804/95/487 805/95/488 803/95/486
f 805/95/488 804/95/487 806/95/489
f 806/95/489 807/95/490 805/95/488
f 807/95/490 806/95/489 808/95/491
f 809/95/492 807/95/490 808/95/491
f 807/95/490 809/95/492 810/95/493
f 809/95/492 811/95/494 810/95/493
f 810/95/493 811/95/494 812/95/495
f 811/95/494 813/95/496 812/95/495
f 813/95/496 811/95/494 814/95/497
f 813/95/496 814/95/497 815/95/498
f 816/95/499 817/95/500 818/95/501
f 816/95/499 818/95/501 819/95/502
f 819/95/502 820/95/503 816/95/499
f 821/95/504 818/95/501 817/95/500
f 821/95/504 817/95/500 822/95/505
f 822/95/505 823/95/506 821/95/504
f 823/95/506 822/95/505 824/95/507
f 825/95/508 823/95/506 824/95/507
f 823/95/506 825/95/508 826/95/509
f 827/95/510 826/95/509 825/95/508
f 826/95/509 827/95/510 828/95/511
f 829/95/512 828/95/511 827/95/510
f 828/95/511 829/95/512 830/95/513
f 831/95/514 830/95/513 829/95/512
f 830/95/513 831/95/514 832/95/515
f 831/95/514 833/95/516 832/95/515
f 833/95/516 831/95/514 834/95/517
f 834/95/517 835/95/518 833/95/516
f 835/95/518 834/95/517 836/95/519
f 837/95/520 835/95/518 836/95/519
f 835/95/518 837/95/520 838/95/521
f 837/95/520 839/95/522 838/95/521
f 840/95/523 841/95/524 842/95/525
f 841/95/524 843/95/526 842/95/525
f 840/95/523 842/95/525 844/95/527
f 841/95/524 845/95/528 843/95/526
f 846/95/529 840/95/523 844/95/527
f 845/95/528 847/95/530 843/95/526
f 846/95/529 844/95/527 848/95/531
f 845/95/528 849/95/532 847/95/530
f 850/95/533 846/95/529 848/95/531
f 851/95/534 847/95/530 849/95/532
f 850/95/533 848/95/531 852/95/533
f 847/95/530 851/95/534 853/95/535
f 854/95/536 850/95/533 852/95/533
f 851/95/534 855/95/537 853/95/535
f 850/95/533 854/95/536 856/95/538
f 851/95/534 857/95/539 855/95/537
f 858/95/540 856/95/538 854/95/536
f 857/95/539 859/95/541 855/95/537
f 856/95/538 858/95/540 860/95/542
f 857/95/539 861/95/541 859/95/541
f 862/95/543 860/95/542 858/95/540
f 861/95/541 863/95/544 859/95/541
f 860/95/542 862/95/543 864/95/543
f 861/95/541 865/95/545 863/95/544
f 866/95/546 864/95/543 862/95/543
f 867/95/547 863/95/544 865/95/545
f 866/95/546 862/95/543 868/95/546
f 863/95/544 867/95/547 869/95/547
f 870/95/548 866/95/546 868/95/546
f 871/95/549 869/95/547 867/95/547
f 866/95/546 870/95/548 871/95/549
f 869/95/547 871/95/549 870/95/548
f 872/95/525 873/95/550 874/95/527
f 875/95/529 874/95/527 873/95/550
f 873/95/550 872/95/525 876/95/551
f 874/95/527 875/95/529 877/95/552
f 878/95/553 876/95/551 872/95/525
f 879/95/554 877/95/552 875/95/529
f 876/95/551 878/95/553 880/95/555
f 877/95/552 879/95/554 881/95/556
f 882/95/557 880/95/555 878/95/553
f 883/95/536 881/95/556 879/95/554
f 880/95/555 882/95/557 884/95/532
f 883/95/536 879/95/554 885/95/538
f 882/95/557 886/95/558 884/95/532
f 887/95/540 883/95/536 885/95/538
f 882/95/557 888/95/535 886/95/558
f 887/95/540 885/95/538 889/95/540
f 890/95/559 886/95/558 888/95/535
f 891/95/560 887/95/540 889/95/540
f 886/95/558 890/95/559 892/95/539
f 891/95/560 889/95/540 893/95/543
f 894/95/541 892/95/539 890/95/559
f 895/95/561 891/95/560 893/95/543
f 892/95/539 894/95/541 896/95/541
f 891/95/560 895/95/561 897/95/546
f 898/95/544 896/95/541 894/95/541
f 899/95/548 897/95/546 895/95/561
f 896/95/541 898/95/544 900/95/545
f 899/95/548 895/95/561 901/95/549
f 898/95/544 902/95/547 900/95/545
f 903/95/562 899/95/548 901/95/549
f 898/95/544 903/95/562 902/95/547
f 903/95/562 901/95/549 902/95/547
f 904/95/563 905/95/564 906/95/564
f 905/95/564 904/95/563 907/95/565
f 904/95/563 908/95/566 907/95/565
f 909/95/567 907/95/565 908/95/566
f 908/95/566 910/95/568 909/95/567
f 910/95/568 908/95/566 911/95/569
f 912/95/570 910/95/568 911/95/569
f 910/95/568 912/95/570 913/95/571
f 912/95/570 914/95/572 913/95/571
f 914/95/572 912/95/570 915/95/573
f 916/95/574 914/95/572 915/95/573
f 917/95/575 914/95/572 916/95/574
f 918/95/576 917/95/575 916/95/574
f 917/95/575 918/95/576 919/95/577
f 919/95/577 918/95/576 920/95/578
f 921/95/579 919/95/577 920/95/578
f 920/95/578 922/95/580 921/95/579
f 922/95/580 920/95/578 923/95/581
f 922/95/580 923/95/581 924/95/582
f 925/95/583 926/95/584 927/95/585
f 926/95/584 925/95/583 928/95/586
f 928/95/586 929/95/587 926/95/584
f 928/95/586 930/95/588 929/95/587
f 931/95/589 929/95/587 930/95/588
f 929/95/587 931/95/589 932/95/590
f 931/95/589 933/95/591 932/95/590
f 933/95/591 931/95/589 934/95/592
f 935/95/593 933/95/591 934/95/592
f 933/95/591 935/95/593 936/95/594
f 937/95/595 936/95/594 935/95/593
f 935/95/593 938/95/596 937/95/595
f 938/95/596 939/95/597 937/95/595
f 939/95/597 938/95/596 940/95/598
f 940/95/598 941/95/599 939/95/597
f 940/95/598 942/95/600 941/95/599
f 943/95/601 941/95/599 942/95/600
f 941/95/599 943/95/601 944/95/602
f 943/95/601 945/95/603 944/95/602
f 946/95/604 947/95/605 948/95/606
f 947/95/605 946/95/604 949/95/607
f 948/95/606 950/95/608 946/95/604
f 949/95/607 951/95/609 947/95/605
f 950/95/608 948/95/606 952/95/610
f 947/95/605 951/95/609 953/95/611
f 952/95/610 954/95/612 950/95/608
f 951/95/609 955/95/613 953/95/611
f 954/95/612 952/95/610 956/95/614
f 955/95/613 951/95/609 957/95/613
f 954/95/612 956/95/614 958/95/615
f 959/95/616 955/95/613 957/95/613
f 960/95/617 954/95/612 958/95/615
f 961/95/618 955/95/613 959/95/616
f 958/95/615 962/95/619 960/95/617
f 962/95/619 958/95/615 963/95/620
f 962/95/619 963/95/620 964/95/621
f 959/95/616 965/95/622 961/95/618
f 961/95/618 965/95/622 966/95/623
f 965/95/622 967/95/624 966/95/623
f 966/95/623 967/95/624 968/95/625
f 968/95/625 967/95/624 969/95/626
f 970/95/627 971/95/628 972/95/629
f 973/95/630 972/95/629 971/95/628
f 971/95/628 970/95/627 974/95/631
f 972/95/629 973/95/630 975/95/632
f 976/95/633 974/95/631 970/95/627
f 977/95/634 975/95/632 973/95/630
f 976/95/633 970/95/627 978/95/635
f 975/95/632 977/95/634 979/95/636
f 980/95/637 976/95/633 978/95/635
f 981/95/638 979/95/636 977/95/634
f 976/95/633 980/95/637 982/95/637
f 977/95/634 983/95/639 981/95/638
f 984/95/640 982/95/637 980/95/637
f 985/95/641 981/95/638 983/95/639
f 981/95/638 985/95/641 986/95/642
f 985/95/641 987/95/643 986/95/642
f 980/95/637 988/95/644 984/95/640
f 989/95/645 984/95/640 988/95/644
f 989/95/645 988/95/644 990/95/646
f 990/95/646 991/95/647 989/95/645
f 990/95/646 992/95/648 991/95/647
f 992/95/648 993/95/649 991/95/647
f 994/95/650 995/95/650 996/95/650
f 997/95/650 996/95/650 995/95/650
f 996/95/650 998/95/650 994/95/650
f 997/95/650 995/95/650 999/95/650
f 1000/95/650 994/95/650 998/95/650
f 999/95/650 1001/95/650 997/95/650
f 994/95/650 1000/95/650 1002/95/650
f 1001/95/650 999/95/650 1003/95/650
f 1000/95/650 1004/95/650 1002/95/650
f 1005/95/651 1001/95/650 1003/95/650
f 1004/95/650 1000/95/650 1006/95/650
f 1001/95/650 1005/95/651 1007/95/651
f 1006/95/650 1008/95/650 1004/95/650
f 1005/95/651 1009/95/652 1007/95/651
f 1008/95/650 1006/95/650 1010/95/650
f 1009/95/652 1005/95/651 1011/95/652
f 1010/95/650 1012/95/653 1008/95/650
f 1009/95/652 1011/95/652 1013/95/654
f 1012/95/653 1010/95/650 1014/95/655
f 1015/95/652 1013/95/654 1011/95/652
f 1016/95/652 1012/95/653 1014/95/655
f 1013/95/654 1015/95/652 1017/95/652
f 1014/95/655 1018/95/652 1016/95/652
f 1019/95/652 1017/95/652 1015/95/652
f 1018/95/652 1020/95/652 1016/95/652
f 1017/95/652 1019/95/652 1021/95/654
f 1018/95/652 1022/95/652 1020/95/652
f 1017/95/652 1021/95/654 1023/95/652
f 1024/95/652 1020/95/652 1022/95/652
f 1025/95/652 1023/95/652 1021/95/654
f 1020/95/652 1024/95/652 1025/95/652
f 1023/95/652 1025/95/652 1024/95/652
f 1026/95/656 1027/95/656 1028/95/656
f 1029/95/656 1027/95/656 1026/95/656
f 1028/95/656 1027/95/656 1030/95/656
f 1027/95/656 1029/95/656 1031/95/656
f 1030/95/656 1032/95/656 1028/95/656
f 1033/95/656 1031/95/656 1029/95/656
f 1034/95/656 1028/95/656 1032/95/656
f 1033/95/656 1035/95/656 1031/95/656
f 1036/95/656 1034/95/656 1032/95/656
f 1037/95/657 1035/95/656 1033/95/656
f 1034/95/656 1036/95/656 1038/95/656
f 1035/95/656 1037/95/657 1039/95/658
f 1040/95/656 1038/95/656 1036/95/656
f 1037/95/657 1041/95/659 1039/95/658
f 1038/95/656 1040/95/656 1042/95/656
f 1043/95/659 1039/95/658 1041/95/659
f 1040/95/656 1044/95/660 1042/95/656
f 1045/95/659 1043/95/659 1041/95/659
f 1044/95/660 1040/95/656 1046/95/660
f 1043/95/659 1045/95/659 1047/95/659
f 1048/95/659 1044/95/660 1046/95/660
f 1049/95/659 1047/95/659 1045/95/659
f 1044/95/660 1048/95/659 1050/95/659
f 1051/95/659 1049/95/659 1045/95/659
f 1052/95/661 1050/95/659 1048/95/659
f 1051/95/659 1053/95/659 1049/95/659
f 1050/95/659 1052/95/661 1054/95/659
f 1053/95/659 1051/95/659 1055/95/661
f 1056/95/659 1054/95/659 1052/95/661
f 1055/95/661 1056/95/659 1053/95/659
f 1054/95/659 1056/95/659 1057/95/659
f 1055/95/661 1057/95/659 1056/95/659
f 1058/95/662 1059/95/663 1060/95/664
f 1058/95/662 1060/95/664 1061/95/662
f 1062/95/665 1060/95/664 1059/95/663
f 1060/95/664 1062/95/665 1063/95/666
f 1062/95/665 1064/95/667 1063/95/666
f 1064/95/667 1062/95/665 1065/95/668
f 1064/95/667 1065/95/668 1066/95/669
f 1067/95/670 1064/95/667 1066/95/669
f 1068/95/671 1067/95/670 1066/95/669
f 1068/95/671 1069/95/672 1067/95/670
f 1070/95/673 1069/95/672 1068/95/671
f 1070/95/673 1071/95/674 1069/95/672
f 1072/95/675 1071/95/674 1070/95/673
f 1071/95/674 1072/95/675 1073/95/676
f 1074/95/677 1073/95/676 1072/95/675
f 1074/95/677 1072/95/675 1075/95/678
f 1075/95/678 1076/95/679 1074/95/677
f 1076/95/679 1075/95/678 1077/95/680
f 1078/95/681 1076/95/679 1077/95/680
f 1076/95/679 1078/95/681 1079/95/682
f 1080/95/683 1079/95/682 1078/95/681
f 1079/95/682 1080/95/683 1081/95/684
f 1080/95/683 1082/95/685 1081/95/684
f 1082/95/685 1083/95/686 1081/95/684
f 1084/95/687 1085/95/688 1086/95/689
f 1086/95/689 1085/95/688 1087/95/688
f 1086/95/689 1088/95/690 1084/95/687
f 1086/95/689 1089/95/691 1088/95/690
f 1090/95/692 1088/95/690 1089/95/691
f 1088/95/690 1090/95/692 1091/95/693
f 1092/95/694 1091/95/693 1090/95/692
f 1090/95/692 1093/95/695 1092/95/694
f 1092/95/694 1093/95/695 1094/95/696
f 1093/95/695 1095/95/697 1094/95/696
f 1094/95/696 1095/95/697 1096/95/698
f 1095/95/697 1097/95/699 1096/95/698
f 1097/95/699 1098/95/700 1096/95/698
f 1098/95/700 1097/95/699 1099/95/701
f 1099/95/701 1100/95/702 1098/95/700
f 1098/95/700 1100/95/702 1101/95/703
f 1102/95/704 1101/95/703 1100/95/702
f 1101/95/703 1102/95/704 1103/95/705
f 1102/95/704 1104/95/706 1103/95/705
f 1104/95/706 1102/95/704 1105/95/707
f 1105/95/707 1106/95/708 1104/95/706
f 1106/95/708 1105/95/707 1107/95/709
f 1107/95/709 1108/95/710 1106/95/708
f 1109/95/710 1108/95/710 1107/95/709
f 1110/95/711 1111/95/712 1112/95/712
f 1111/95/712 1110/95/711 1113/95/713
f 1110/95/711 1114/95/714 1113/95/713
f 1115/95/715 1113/95/713 1114/95/714
f 1114/95/714 1116/95/716 1115/95/715
f 1116/95/716 1114/95/714 1117/95/717
f 1118/95/718 1116/95/716 1117/95/717
f 1116/95/716 1118/95/718 1119/95/719
f 1118/95/718 1120/95/720 1119/95/719
f 1120/95/720 1118/95/718 1121/95/721
f 1122/95/722 1120/95/720 1121/95/721
f 1123/95/723 1120/95/720 1122/95/722
f 1124/95/724 1123/95/723 1122/95/722
f 1123/95/723 1124/95/724 1125/95/725
f 1125/95/725 1124/95/724 1126/95/726
f 1127/95/727 1125/95/725 1126/95/726
f 1128/95/728 1127/95/727 1126/95/726
f 1127/95/727 1128/95/728 1129/95/729
f 1129/95/729 1128/95/728 1130/95/730
f 1131/95/731 1132/95/732 1133/95/731
f 1132/95/732 1131/95/731 1134/95/733
f 1134/95/733 1135/95/734 1132/95/732
f 1134/95/733 1136/95/735 1135/95/734
f 1137/95/736 1135/95/734 1136/95/735
f 1135/95/734 1137/95/736 1138/95/737
f 1137/95/736 1139/95/738 1138/95/737
f 1139/95/738 1137/95/736 1140/95/739
f 1141/95/740 1139/95/738 1140/95/739
f 1139/95/738 1141/95/740 1142/95/741
f 1143/95/742 1142/95/741 1141/95/740
f 1141/95/740 1144/95/743 1143/95/742
f 1144/95/743 1145/95/744 1143/95/742
f 1145/95/744 1144/95/743 1146/95/745
f 1146/95/745 1147/95/746 1145/95/744
f 1146/95/745 1148/95/747 1147/95/746
f 1148/95/747 1149/95/748 1147/95/746
f 1149/95/748 1148/95/747 1150/95/749
f 1150/95/749 1151/95/750 1149/95/748
f 1152/95/751 1153/95/752 1154/95/753
f 1154/95/753 1153/95/752 1155/95/754
f 1155/95/754 1153/95/752 1156/95/755
f 1154/95/753 1157/95/756 1152/95/751
f 1157/95/756 1154/95/753 1158/95/757
f 1157/95/756 1158/95/757 1159/95/758
f 1157/95/756 1159/95/758 1160/95/759
f 1159/95/758 1161/95/760 1160/95/759
f 1161/95/760 1159/95/758 1162/95/761
f 1162/95/761 1163/95/762 1161/95/760
f 1163/95/762 1162/95/761 1164/95/763
f 1164/95/763 1165/95/764 1163/95/762
f 1165/95/764 1164/95/763 1166/95/765
f 1166/95/765 1167/95/766 1165/95/764
f 1167/95/766 1166/95/765 1168/95/767
f 1168/95/767 1169/95/768 1167/95/766
f 1169/95/768 1168/95/767 1170/95/769
f 1169/95/768 1170/95/769 1171/95/770
f 1172/95/771 1169/95/768 1171/95/770
f 1171/95/770 1173/95/772 1172/95/771
f 1173/95/772 1171/95/770 1174/95/773
f 1173/95/772 1174/95/773 1175/95/774
f 1176/95/775 1177/95/776 1178/95/777
f 1176/95/775 1179/95/778 1177/95/776
f 1178/95/777 1177/95/776 1180/95/779
f 1181/95/780 1178/95/777 1180/95/779
f 1178/95/777 1181/95/780 1182/95/781
f 1183/95/782 1182/95/781 1181/95/780
f 1184/95/783 1183/95/782 1181/95/780
f 1185/95/784 1183/95/782 1184/95/783
f 1183/95/782 1185/95/784 1186/95/785
f 1187/95/786 1186/95/785 1185/95/784
f 1186/95/785 1187/95/786 1188/95/787
f 1189/95/788 1188/95/787 1187/95/786
f 1188/95/787 1189/95/788 1190/95/789
f 1191/95/790 1190/95/789 1189/95/788
f 1190/95/789 1191/95/790 1192/95/791
f 1193/95/792 1192/95/791 1191/95/790
f 1192/95/791 1193/95/792 1194/95/793
f 1195/95/794 1194/95/793 1193/95/792
f 1193/95/792 1196/95/795 1195/95/794
f 1197/95/796 1195/95/794 1196/95/795
f 1195/95/794 1197/95/796 1198/95/797
f 1197/95/796 1199/95/798 1198/95/797
f 1200/95/291 1201/95/291 1202/95/291
f 1201/95/291 1200/95/291 1203/95/291
f 1204/95/291 1200/95/291 1202/95/291
f 1200/95/291 1205/95/291 1203/95/291
f 1204/95/291 1202/95/291 1206/95/291
f 1203/95/291 1205/95/291 1207/95/291
f 1204/95/291 1206/95/291 1208/95/291
f 1208/95/291 1209/95/291 1204/95/291
f 1209/95/291 1208/95/291 1210/95/291
f 1205/95/291 1211/95/291 1207/95/291
f 1207/95/291 1211/95/291 1212/95/291
f 1212/95/291 1213/95/291 1207/95/291
f 1213/95/291 1212/95/291 1214/95/291
f 1215/95/289 1216/95/289 1217/95/289
f 1216/95/289 1215/95/289 1218/95/289
f 1219/95/289 1217/95/289 1216/95/289
f 1217/95/289 1219/95/289 1220/95/289
f 1221/95/289 1217/95/289 1220/95/289
f 1222/95/289 1221/95/289 1220/95/289
f 1221/95/289 1222/95/289 1223/95/289
f 1223/95/289 1224/95/289 1221/95/289
f 1224/95/289 1223/95/289 1225/95/289
f 1225/95/289 1226/95/289 1224/95/289
f 1226/95/289 1225/95/289 1227/95/289
f 1227/95/289 1225/95/289 1228/95/289
f 1228/95/289 1229/95/289 1227/95/289
f 1230/95/799 1231/95/512 1232/95/511
f 1232/95/511 1231/95/512 1233/95/800
f 1234/95/801 1230/95/799 1232/95/511
f 1235/95/514 1233/95/800 1231/95/512
f 1230/95/799 1234/95/801 1236/95/802
f 1233/95/800 1235/95/514 1237/95/515
f 1238/95/506 1236/95/802 1234/95/801
f 1235/95/514 1239/95/516 1237/95/515
f 1240/95/507 1236/95/802 1238/95/506
f 1239/95/516 1235/95/514 1241/95/517
f 1238/95/506 1242/95/803 1240/95/507
f 1241/95/517 1243/95/518 1239/95/516
f 1242/95/803 1238/95/506 1244/95/504
f 1243/95/518 1241/95/517 1245/95/519
f 1244/95/504 1246/95/500 1242/95/803
f 1247/95/520 1243/95/518 1245/95/519
f 1243/95/518 1247/95/520 1248/95/521
f 1248/95/521 1247/95/520 1249/95/522
f 1246/95/500 1244/95/504 1250/95/804
f 1250/95/804 1251/95/499 1246/95/500
f 1251/95/499 1250/95/804 1252/95/805
f 1251/95/499 1252/95/805 1253/95/806
f 1254/95/487 1255/95/807 1256/95/808
f 1256/95/808 1257/95/809 1254/95/487
f 1255/95/807 1258/95/490 1256/95/808
f 1257/95/809 1259/95/810 1254/95/487
f 1255/95/807 1260/95/811 1258/95/490
f 1259/95/810 1257/95/809 1261/95/812
f 1262/95/492 1258/95/490 1260/95/811
f 1261/95/812 1263/95/482 1259/95/810
f 1258/95/490 1262/95/492 1264/95/493
f 1261/95/812 1265/95/483 1263/95/482
f 1266/95/494 1264/95/493 1262/95/492
f 1267/95/813 1263/95/482 1265/95/483
f 1264/95/493 1266/95/494 1268/95/814
f 1263/95/482 1267/95/813 1269/95/480
f 1266/95/494 1270/95/815 1268/95/814
f 1270/95/815 1266/95/494 1271/95/497
f 1271/95/497 1272/95/816 1270/95/815
f 1273/95/475 1269/95/480 1267/95/813
f 1269/95/480 1273/95/475 1274/95/817
f 1275/95/476 1274/95/817 1273/95/475
f 1274/95/817 1275/95/476 1276/95/818
f 1275/95/476 1277/95/819 1276/95/818
f 1278/95/820 1279/95/821 1280/95/822
f 1280/95/822 1281/95/823 1278/95/820
f 1279/95/821 1282/95/824 1280/95/822
f 1283/95/825 1278/95/820 1281/95/823
f 1282/95/824 1279/95/821 1284/95/826
f 1283/95/825 1281/95/823 1285/95/827
f 1286/95/828 1282/95/824 1284/95/826
f 1287/95/829 1283/95/825 1285/95/827
f 1282/95/824 1286/95/828 1288/95/830
f 1287/95/829 1285/95/827 1289/95/831
f 1290/95/832 1288/95/830 1286/95/828
f 1291/95/833 1287/95/829 1289/95/831
f 1288/95/830 1290/95/832 1292/95/834
f 1289/95/831 1293/95/835 1291/95/833
f 1294/95/836 1292/95/834 1290/95/832
f 1295/95/837 1291/95/833 1293/95/835
f 1292/95/834 1294/95/836 1296/95/838
f 1291/95/833 1295/95/837 1297/95/839
f 1298/95/840 1296/95/838 1294/95/836
f 1299/95/841 1297/95/839 1295/95/837
f 1294/95/836 1300/95/842 1298/95/840
f 1297/95/839 1299/95/841 1301/95/843
f 1302/95/844 1298/95/840 1300/95/842
f 1303/95/845 1301/95/843 1299/95/841
f 1298/95/840 1302/95/844 1304/95/846
f 1301/95/843 1303/95/845 1305/95/847
f 1302/95/844 1306/95/848 1304/95/846
f 1307/95/849 1305/95/847 1303/95/845
f 1302/95/844 1308/95/850 1306/95/848
f 1305/95/847 1307/95/849 1309/95/851
f 1310/95/852 1306/95/848 1308/95/850
f 1309/95/851 1307/95/849 1311/95/853
f 1306/95/848 1310/95/852 1312/95/854
f 1307/95/849 1313/95/855 1311/95/853
f 1314/95/856 1312/95/854 1310/95/852
f 1310/95/852 1315/95/857 1314/95/856
f 1315/95/857 1316/95/858 1314/95/856
f 1313/95/855 1317/95/859 1311/95/853
f 1318/95/860 1317/95/859 1313/95/855
f 1318/95/860 1319/95/861 1317/95/859
f 1319/95/861 1318/95/860 1320/95/862
f 1321/95/863 1319/95/861 1320/95/862
f 1319/95/861 1321/95/863 1322/95/864
f 1322/95/864 1321/95/863 1323/95/865
f 1321/95/863 1324/95/866 1323/95/865
f 1324/95/866 1325/95/867 1323/95/865
f 1325/95/867 1324/95/866 1326/95/868
f 1326/95/868 1327/95/869 1325/95/867
f 1328/95/870 1329/95/871 1330/95/872
f 1331/95/873 1330/95/872 1329/95/871
f 1332/95/874 1328/95/870 1330/95/872
f 1329/95/871 1333/95/875 1331/95/873
f 1328/95/870 1332/95/874 1334/95/876
f 1335/95/877 1331/95/873 1333/95/875
f 1332/95/874 1336/95/878 1334/95/876
f 1333/95/875 1337/95/879 1335/95/877
f 1336/95/878 1332/95/874 1338/95/880
f 1339/95/881 1335/95/877 1337/95/879
f 1338/95/880 1340/95/882 1336/95/878
f 1339/95/881 1337/95/879 1341/95/883
f 1340/95/882 1338/95/880 1342/95/884
f 1343/95/885 1339/95/881 1341/95/883
f 1342/95/884 1344/95/886 1340/95/882
f 1341/95/883 1345/95/887 1343/95/885
f 1344/95/886 1342/95/884 1346/95/888
f 1345/95/887 1341/95/883 1347/95/889
f 1344/95/886 1346/95/888 1348/95/890
f 1347/95/889 1349/95/891 1345/95/887
f 1350/95/892 1344/95/886 1348/95/890
f 1349/95/891 1347/95/889 1351/95/893
f 1348/95/890 1352/95/894 1350/95/892
f 1351/95/893 1353/95/895 1349/95/891
f 1352/95/894 1348/95/890 1354/95/896
f 1353/95/895 1351/95/893 1355/95/897
f 1354/95/896 1356/95/898 1352/95/894
f 1355/95/897 1357/95/899 1353/95/895
f 1358/95/900 1352/95/894 1356/95/898
f 1357/95/899 1355/95/897 1359/95/901
f 1356/95/898 1360/95/902 1358/95/900
f 1357/95/899 1359/95/901 1361/95/903
f 1360/95/902 1356/95/898 1362/95/904
f 1361/95/903 1363/95/905 1357/95/899
f 1364/95/906 1360/95/902 1362/95/904
f 1365/95/907 1360/95/902 1364/95/906
f 1365/95/907 1364/95/906 1366/95/908
f 1367/95/909 1363/95/905 1361/95/903
f 1363/95/905 1367/95/909 1368/95/910
f 1369/95/911 1368/95/910 1367/95/909
f 1368/95/910 1369/95/911 1370/95/912
f 1369/95/911 1371/95/913 1370/95/912
f 1371/95/913 1369/95/911 1372/95/914
f 1371/95/913 1372/95/914 1373/95/915
f 1373/95/915 1374/95/916 1371/95/913
f 1375/95/917 1374/95/916 1373/95/915
f 1374/95/916 1375/95/917 1376/95/918
f 1376/95/918 1375/95/917 1377/95/919
f 1378/95/920 1379/95/341 1380/95/344
f 1378/95/920 1380/95/344 1381/95/345
f 1379/95/341 1378/95/920 1382/95/339
f 1382/95/339 1383/95/337 1379/95/341
f 1383/95/337 1382/95/339 1384/95/921
f 1384/95/921 1385/95/331 1383/95/337
f 1385/95/331 1384/95/921 1386/95/922
f 1386/95/922 1387/95/328 1385/95/331
f 1387/95/328 1388/95/923 1385/95/331
f 1387/95/328 1389/95/326 1388/95/923
f 1389/95/326 1387/95/328 1390/95/924
f 1390/95/924 1391/95/325 1389/95/326
f 1391/95/325 1390/95/924 1392/95/925
f 1392/95/925 1393/95/329 1391/95/325
f 1391/95/325 1393/95/329 1394/95/330
f 1395/95/332 1394/95/330 1393/95/329
f 1396/95/926 1394/95/330 1395/95/332
f 1395/95/332 1397/95/336 1396/95/926
f 1398/95/338 1396/95/926 1397/95/336
f 1397/95/336 1399/95/340 1398/95/338
f 1400/95/927 1398/95/338 1399/95/340
f 1400/95/927 1399/95/340 1401/95/346
f 1402/95/928 1400/95/927 1401/95/346
f 1403/95/348 1402/95/928 1401/95/346
f 1402/95/928 1403/95/348 1404/95/929
f 1405/95/350 1404/95/929 1403/95/348
f 1404/95/929 1405/95/350 1406/95/930
f 1406/95/930 1405/95/350 1407/95/931
f 1408/95/314 1409/95/932 1410/95/317
f 1409/95/932 1411/95/318 1410/95/317
f 1409/95/932 1408/95/314 1412/95/312
f 1413/95/310 1412/95/312 1408/95/314
f 1412/95/312 1413/95/310 1414/95/933
f 1415/95/934 1414/95/933 1413/95/310
f 1414/95/933 1415/95/934 1416/95/935
f 1417/95/301 1416/95/935 1415/95/934
f 1417/95/301 1415/95/934 1418/95/301
f 1419/95/299 1417/95/301 1418/95/301
f 1417/95/301 1419/95/299 1420/95/936
f 1421/95/297 1420/95/936 1419/95/299
f 1420/95/936 1421/95/297 1422/95/295
f 1421/95/297 1423/95/937 1422/95/295
f 1423/95/937 1421/95/297 1424/95/300
f 1425/95/302 1423/95/937 1424/95/300
f 1424/95/300 1426/95/938 1425/95/302
f 1427/95/305 1425/95/302 1426/95/938
f 1426/95/938 1428/95/307 1427/95/305
f 1429/95/309 1427/95/305 1428/95/307
f 1428/95/307 1430/95/939 1429/95/309
f 1431/95/313 1429/95/309 1430/95/939
f 1430/95/939 1432/95/940 1431/95/313
f 1432/95/940 1433/95/319 1431/95/313
f 1433/95/319 1432/95/940 1434/95/320
f 1434/95/320 1435/95/321 1433/95/319
f 1435/95/321 1434/95/320 1436/95/941
f 1436/95/941 1437/95/942 1435/95/321
f 1438/95/943 1439/95/944 1440/95/945
f 1439/95/944 1438/95/943 1441/95/946
f 1440/95/945 1442/95/947 1438/95/943
f 1441/95/946 1443/95/948 1439/95/944
f 1442/95/947 1440/95/945 1444/95/949
f 1443/95/948 1441/95/946 1445/95/950
f 1444/95/949 1446/95/951 1442/95/947
f 1445/95/950 1447/95/952 1443/95/948
f 1446/95/951 1444/95/949 1448/95/953
f 1447/95/952 1445/95/950 1449/95/954
f 1448/95/953 1450/95/955 1446/95/951
f 1449/95/954 1451/95/956 1447/95/952
f 1446/95/951 1450/95/955 1452/95/957
f 1447/95/952 1451/95/956 1453/95/958
f 1450/95/955 1454/95/959 1452/95/957
f 1454/95/959 1450/95/955 1455/95/960
f 1454/95/959 1455/95/960 1456/95/961
f 1457/95/962 1453/95/958 1451/95/956
f 1453/95/958 1457/95/962 1458/95/963
f 1457/95/962 1459/95/964 1458/95/963
f 1458/95/963 1459/95/964 1460/95/965
f 1460/95/965 1459/95/964 1461/95/966
f 1462/95/967 1463/95/968 1464/95/969
f 1465/95/970 1464/95/969 1463/95/968
f 1463/95/968 1462/95/967 1466/95/971
f 1464/95/969 1465/95/970 1467/95/972
f 1468/95/973 1466/95/971 1462/95/967
f 1469/95/974 1467/95/972 1465/95/970
f 1466/95/971 1468/95/973 1470/95/975
f 1467/95/972 1469/95/974 1471/95/976
f 1472/95/977 1470/95/975 1468/95/973
f 1469/95/974 1473/95/978 1471/95/976
f 1470/95/975 1472/95/977 1474/95/979
f 1473/95/978 1469/95/974 1475/95/980
f 1476/95/981 1474/95/979 1472/95/977
f 1477/95/982 1473/95/978 1475/95/980
f 1473/95/978 1477/95/982 1478/95/983
f 1477/95/982 1479/95/984 1478/95/983
f 1476/95/981 1472/95/977 1480/95/985
f 1480/95/985 1481/95/986 1476/95/981
f 1480/95/985 1482/95/987 1481/95/986
f 1483/95/988 1481/95/986 1482/95/987
f 1483/95/988 1482/95/987 1484/95/989
f 1484/95/989 1485/95/990 1483/95/988
f 1486/95/991 1487/95/291 1488/95/291
f 1489/95/992 1488/95/291 1487/95/291
f 1488/95/291 1490/95/991 1486/95/991
f 1487/95/291 1491/95/992 1489/95/992
f 1490/95/991 1492/95/281 1486/95/991
f 1493/95/271 1489/95/992 1491/95/992
f 1492/95/281 1490/95/991 1494/95/281
f 1491/95/992 1495/95/271 1493/95/271
f 1494/95/281 1496/95/993 1492/95/281
f 1497/95/994 1493/95/271 1495/95/271
f 1496/95/993 1494/95/281 1498/95/993
f 1495/95/271 1499/95/994 1497/95/994
f 1500/95/289 1496/95/993 1498/95/993
f 1501/95/289 1497/95/994 1499/95/994
f 1499/95/994 1500/95/289 1501/95/289
f 1498/95/993 1501/95/289 1500/95/289
f 1502/95/267 1503/95/267 1504/95/267
f 1503/95/267 1502/95/267 1505/95/267
f 1504/95/267 1503/95/267 1506/95/267
f 1504/95/267 1506/95/267 1507/95/267
f 1503/95/267 1505/95/267 1508/95/267
f 1508/95/267 1505/95/267 1509/95/267
f 1510/95/995 1511/95/996 1512/95/997
f 1513/95/998 1512/95/997 1511/95/996
f 1511/95/996 1510/95/995 1514/95/999
f 1512/95/997 1513/95/998 1515/95/1000
f 1516/95/1001 1514/95/999 1510/95/995
f 1517/95/1002 1515/95/1000 1513/95/998
f 1516/95/1001 1510/95/995 1518/95/1003
f 1515/95/1000 1517/95/1002 1519/95/1004
f 1520/95/434 1516/95/1001 1518/95/1003
f 1521/95/1005 1519/95/1004 1517/95/1002
f 1520/95/434 1518/95/1003 1522/95/436
f 1519/95/1004 1521/95/1005 1523/95/1006
f 1522/95/436 1524/95/438 1520/95/434
f 1525/95/1007 1523/95/1006 1521/95/1005
f 1526/95/440 1524/95/438 1522/95/436
f 1523/95/1006 1525/95/1007 1527/95/1008
f 1528/95/442 1524/95/438 1526/95/440
f 1525/95/1007 1529/95/445 1527/95/1008
f 1524/95/438 1528/95/442 1530/95/444
f 1529/95/445 1525/95/1007 1531/95/1009
f 1532/95/1010 1530/95/444 1528/95/442
f 1531/95/1009 1533/95/1011 1529/95/445
f 1530/95/444 1532/95/1010 1534/95/448
f 1533/95/1011 1531/95/1009 1535/95/451
f 1532/95/1010 1536/95/450 1534/95/448
f 1535/95/451 1537/95/453 1533/95/1011
f 1536/95/450 1532/95/1010 1538/95/452
f 1535/95/451 1539/95/455 1537/95/453
f 1540/95/454 1536/95/450 1538/95/452
f 1541/95/457 1537/95/453 1539/95/455
f 1536/95/450 1540/95/454 1542/95/456
f 1541/95/457 1539/95/455 1543/95/1012
f 1544/95/458 1542/95/456 1540/95/454
f 1542/95/456 1544/95/458 1545/95/459
f 1544/95/458 1546/95/460 1545/95/459
f 1547/95/462 1541/95/457 1543/95/1012
f 1541/95/457 1547/95/462 1548/95/463
f 1549/95/464 1548/95/463 1547/95/462
f 1548/95/463 1549/95/464 1550/95/465
f 1551/95/466 1550/95/465 1549/95/464
f 1550/95/465 1551/95/466 1552/95/467
f 1553/95/468 1552/95/467 1551/95/466
f 1553/95/468 1551/95/466 1554/95/1013
f 1555/95/470 1553/95/468 1554/95/1013
f 1555/95/470 1554/95/1013 1556/95/471
f 1557/95/1014 1555/95/470 1556/95/471
f 1555/95/470 1557/95/1014 1558/95/473
f 1557/95/1014 1559/95/1015 1558/95/473
f 1560/95/1016 1561/95/1017 1562/95/1018
f 1560/95/1016 1562/95/1018 1563/95/1019
f 1561/95/1017 1560/95/1016 1564/95/1020
f 1565/95/1021 1560/95/1016 1563/95/1019
f 1564/95/1020 1566/95/1022 1561/95/1017
f 1563/95/1019 1567/95/382 1565/95/1021
f 1566/95/1022 1564/95/1020 1568/95/1023
f 1565/95/1021 1567/95/382 1569/95/384
f 1568/95/1023 1570/95/1024 1566/95/1022
f 1567/95/382 1571/95/386 1569/95/384
f 1570/95/1024 1568/95/1023 1572/95/1025
f 1569/95/384 1571/95/386 1573/95/388
f 1572/95/1025 1574/95/1026 1570/95/1024
f 1571/95/386 1575/95/390 1573/95/388
f 1574/95/1026 1572/95/1025 1576/95/1027
f 1575/95/390 1571/95/386 1577/95/392
f 1576/95/1027 1578/95/1028 1574/95/1026
f 1577/95/392 1579/95/394 1575/95/390
f 1578/95/1028 1576/95/1027 1580/95/1029
f 1579/95/394 1577/95/392 1581/95/396
f 1580/95/1029 1582/95/1030 1578/95/1028
f 1581/95/396 1583/95/398 1579/95/394
f 1578/95/1028 1582/95/1030 1584/95/1031
f 1579/95/394 1583/95/398 1585/95/400
f 1582/95/1030 1586/95/1032 1584/95/1031
f 1583/95/398 1587/95/402 1585/95/400
f 1584/95/1031 1586/95/1032 1588/95/403
f 1587/95/402 1583/95/398 1589/95/404
f 1590/95/405 1588/95/403 1586/95/1032
f 1589/95/404 1591/95/406 1587/95/402
f 1591/95/406 1589/95/404 1592/95/407
f 1591/95/406 1592/95/407 1593/95/1033
f 1588/95/403 1590/95/405 1594/95/409
f 1590/95/405 1595/95/410 1594/95/409
f 1594/95/409 1595/95/410 1596/95/1034
f 1595/95/410 1597/95/1035 1596/95/1034
f 1597/95/1035 1595/95/410 1598/95/413
f 1598/95/413 1599/95/414 1597/95/1035
f 1599/95/414 1598/95/413 1600/95/1036
f 1600/95/1036 1601/95/416 1599/95/414
f 1601/95/416 1600/95/1036 1602/95/417
f 1602/95/417 1603/95/418 1601/95/416
f 1604/95/1037 1601/95/416 1603/95/418
f 1604/95/1037 1603/95/418 1605/95/420
f 1606/95/421 1604/95/1037 1605/95/420
f 1605/95/420 1607/95/1038 1606/95/421
f 1607/95/1038 1605/95/420 1608/95/423
f 1607/95/1038 1608/95/423 1609/95/1039
f 1610/95/1040 1611/95/1041 1612/95/1042
f 1612/95/1042 1611/95/1041 1613/95/1043
f 1613/95/1043 1611/95/1041 1614/95/1044
f 1612/95/1042 1615/95/1045 1610/95/1040
f 1610/95/1040 1615/95/1045 1616/95/1046
f 1617/95/1047 1616/95/1046 1615/95/1045
f 1618/95/1047 1616/95/1046 1617/95/1047
f 1617/95/1047 1619/95/1048 1618/95/1047
f 1619/95/1048 1617/95/1047 1620/95/1049
f 1620/95/1049 1621/95/1050 1619/95/1048
f 1621/95/1050 1620/95/1049 1622/95/1051
f 1623/95/1052 1621/95/1050 1622/95/1051
f 1624/95/1053 1621/95/1050 1623/95/1052
f 1623/95/1052 1625/95/1054 1624/95/1053
f 1625/95/1054 1623/95/1052 1626/95/1055
f 1626/95/1055 1627/95/1056 1625/95/1054
f 1627/95/1056 1626/95/1055 1628/95/1057
f 1628/95/1057 1629/95/1058 1627/95/1056
f 1629/95/1058 1628/95/1057 1630/95/1059
f 1630/95/1059 1631/95/1060 1629/95/1058
f 1631/95/1060 1630/95/1059 1632/95/1061
f 1632/95/1061 1633/95/1062 1631/95/1060
f 1633/95/1062 1632/95/1061 1634/95/1063
f 1634/95/1063 1635/95/1064 1633/95/1062
f 1635/95/1064 1634/95/1063 1636/95/1065
f 1636/95/1065 1637/95/1066 1635/95/1064
f 1637/95/1066 1636/95/1065 1638/95/1067
f 1637/95/1066 1638/95/1067 1639/95/1068
f 1640/95/1069 1641/95/1070 1642/95/1071
f 1642/95/1071 1643/95/1072 1640/95/1069
f 1640/95/1069 1644/95/1073 1641/95/1070
f 1644/95/1073 1645/95/1074 1641/95/1070
f 1644/95/1073 1646/95/1075 1645/95/1074
f 1646/95/1075 1647/95/1076 1645/95/1074
f 1647/95/1076 1646/95/1075 1648/95/1076
f 1649/95/1077 1647/95/1076 1648/95/1076
f 1647/95/1076 1649/95/1077 1650/95/1078
f 1651/95/1079 1650/95/1078 1649/95/1077
f 1650/95/1078 1651/95/1079 1652/95/1080
f 1653/95/1081 1652/95/1080 1651/95/1079
f 1653/95/1081 1651/95/1079 1654/95/1082
f 1655/95/1083 1653/95/1081 1654/95/1082
f 1653/95/1081 1655/95/1083 1656/95/1084
f 1657/95/1085 1656/95/1084 1655/95/1083
f 1656/95/1084 1657/95/1085 1658/95/1086
f 1659/95/1087 1658/95/1086 1657/95/1085
f 1658/95/1086 1659/95/1087 1660/95/1088
f 1661/95/1089 1660/95/1088 1659/95/1087
f 1660/95/1088 1661/95/1089 1662/95/1090
f 1663/95/1091 1662/95/1090 1661/95/1089
f 1662/95/1090 1663/95/1091 1664/95/1092
f 1665/95/1093 1664/95/1092 1663/95/1091
f 1664/95/1092 1665/95/1093 1666/95/1094
f 1667/95/1095 1666/95/1094 1665/95/1093
f 1666/95/1094 1667/95/1095 1668/95/1096
f 1667/95/1095 1669/95/1097 1668/95/1096
f 1670/95/647 1671/95/646 1672/95/648
f 1670/95/647 1672/95/648 1673/95/1098
f 1671/95/646 1670/95/647 1674/95/645
f 1674/95/645 1675/95/644 1671/95/646
f 1675/95/644 1674/95/645 1676/95/640
f 1676/95/640 1677/95/637 1675/95/644
f 1677/95/637 1676/95/640 1678/95/637
f 1679/95/633 1677/95/637 1678/95/637
f 1677/95/637 1679/95/633 1680/95/635
f 1679/95/633 1681/95/1099 1680/95/635
f 1681/95/1099 1679/95/633 1682/95/631
f 1683/95/628 1681/95/1099 1682/95/631
f 1681/95/1099 1683/95/628 1684/95/629
f 1683/95/628 1685/95/1100 1684/95/629
f 1684/95/629 1685/95/1100 1686/95/1101
f 1685/95/1100 1687/95/1102 1686/95/1101
f 1686/95/1101 1687/95/1102 1688/95/1103
f 1687/95/1102 1689/95/638 1688/95/1103
f 1689/95/638 1687/95/1102 1690/95/639
f 1690/95/639 1691/95/641 1689/95/638
f 1692/95/642 1689/95/638 1691/95/641
f 1692/95/642 1691/95/641 1693/95/1104
f 1694/95/624 1695/95/1105 1696/95/622
f 1695/95/1105 1694/95/624 1697/95/625
f 1694/95/624 1698/95/1106 1697/95/625
f 1699/95/618 1696/95/622 1695/95/1105
f 1696/95/622 1699/95/618 1700/95/616
f 1701/95/613 1700/95/616 1699/95/618
f 1700/95/616 1701/95/613 1702/95/613
f 1703/95/609 1702/95/613 1701/95/613
f 1703/95/609 1701/95/613 1704/95/611
f 1705/95/605 1703/95/609 1704/95/611
f 1703/95/609 1705/95/605 1706/95/607
f 1705/95/605 1707/95/604 1706/95/607
f 1707/95/604 1705/95/605 1708/95/606
f 1709/95/1107 1707/95/604 1708/95/606
f 1709/95/1107 1708/95/606 1710/95/1108
f 1710/95/1108 1711/95/612 1709/95/1107
f 1711/95/612 1710/95/1108 1712/95/1109
f 1713/95/615 1711/95/612 1712/95/1109
f 1711/95/612 1713/95/615 1714/95/1110
f 1713/95/615 1715/95/619 1714/95/1110
f 1713/95/615 1716/95/620 1715/95/619
f 1716/95/620 1717/95/1111 1715/95/619
f 1718/95/656 1719/95/1112 1720/95/656
f 1721/95/657 1720/95/656 1719/95/1112
f 1719/95/1112 1718/95/656 1722/95/656
f 1720/95/656 1721/95/657 1723/95/658
f 1722/95/656 1718/95/656 1724/95/656
f 1721/95/657 1725/95/1113 1723/95/658
f 1726/95/656 1722/95/656 1724/95/656
f 1727/95/1113 1723/95/658 1725/95/1113
f 1728/95/656 1726/95/656 1724/95/656
f 1729/95/1113 1727/95/1113 1725/95/1113
f 1728/95/656 1724/95/656 1730/95/656
f 1727/95/1113 1729/95/1113 1731/95/1114
f 1732/95/656 1728/95/656 1730/95/656
f 1733/95/1114 1731/95/1114 1729/95/1113
f 1728/95/656 1732/95/656 1734/95/656
f 1735/95/1114 1733/95/1114 1729/95/1113
f 1734/95/656 1732/95/656 1736/95/656
f 1735/95/1114 1737/95/1113 1733/95/1114
f 1738/95/656 1734/95/656 1736/95/656
f 1737/95/1113 1735/95/1114 1739/95/1113
f 1738/95/656 1736/95/656 1740/95/656
f 1739/95/1113 1741/95/1114 1737/95/1113
f 1738/95/656 1740/95/656 1742/95/656
f 1739/95/1113 1743/95/1113 1741/95/1114
f 1740/95/656 1744/95/1115 1742/95/656
f 1745/95/1113 1741/95/1114 1743/95/1113
f 1744/95/1115 1740/95/656 1746/95/660
f 1741/95/1114 1745/95/1113 1747/95/1113
f 1748/95/1114 1744/95/1115 1746/95/660
f 1749/95/1114 1747/95/1113 1745/95/1113
f 1744/95/1115 1748/95/1114 1749/95/1114
f 1747/95/1113 1749/95/1114 1748/95/1114
f 1750/95/650 1751/95/1116 1752/95/1117
f 1751/95/1116 1750/95/650 1753/95/655
f 1752/95/1117 1754/95/650 1750/95/650
f 1755/95/1118 1751/95/1116 1753/95/655
f 1754/95/650 1752/95/1117 1756/95/650
f 1753/95/655 1757/95/1118 1755/95/1118
f 1758/95/1119 1754/95/650 1756/95/650
f 1757/95/1118 1759/95/1118 1755/95/1118
f 1758/95/1119 1756/95/650 1760/95/650
f 1757/95/1118 1761/95/1120 1759/95/1118
f 1760/95/650 1762/95/650 1758/95/1119
f 1763/95/1120 1759/95/1118 1761/95/1120
f 1762/95/650 1764/95/650 1758/95/1119
f 1759/95/1118 1763/95/1120 1765/95/1120
f 1762/95/650 1766/95/650 1764/95/650
f 1767/95/1118 1765/95/1120 1763/95/1120
f 1762/95/650 1768/95/650 1766/95/650
f 1765/95/1120 1767/95/1118 1769/95/1118
f 1768/95/650 1770/95/650 1766/95/650
f 1771/95/1118 1769/95/1118 1767/95/1118
f 1770/95/650 1768/95/650 1772/95/650
f 1771/95/1118 1773/95/1118 1769/95/1118
f 1770/95/650 1772/95/650 1774/95/650
f 1773/95/1118 1771/95/1118 1775/95/1118
f 1774/95/650 1772/95/650 1776/95/650
f 1777/95/1118 1775/95/1118 1771/95/1118
f 1778/95/1121 1774/95/650 1776/95/650
f 1775/95/1118 1777/95/1118 1779/95/1118
f 1774/95/650 1778/95/1121 1780/95/651
f 1781/95/1120 1779/95/1118 1777/95/1118
f 1781/95/1120 1778/95/1121 1779/95/1118
f 1778/95/1121 1781/95/1120 1780/95/651
f 1782/95/1122 1783/95/1123 1784/95/1124
f 1784/95/1124 1783/95/1123 1785/95/1125
f 1784/95/1124 1785/95/1125 1786/95/1126
f 1786/95/1126 1785/95/1125 1787/95/1126
f 1788/95/585 1789/95/584 1790/95/583
f 1789/95/584 1788/95/585 1791/95/586
f 1791/95/586 1792/95/587 1789/95/584
f 1791/95/586 1793/95/1127 1792/95/587
f 1794/95/589 1792/95/587 1793/95/1127
f 1792/95/587 1794/95/589 1795/95/590
f 1794/95/589 1796/95/1128 1795/95/590
f 1796/95/1128 1794/95/589 1797/95/592
f 1798/95/593 1796/95/1128 1797/95/592
f 1796/95/1128 1798/95/593 1799/95/594
f 1800/95/1129 1799/95/594 1798/95/593
f 1798/95/593 1801/95/596 1800/95/1129
f 1801/95/596 1802/95/597 1800/95/1129
f 1802/95/597 1801/95/596 1803/95/598
f 1803/95/598 1804/95/1130 1802/95/597
f 1803/95/598 1805/95/600 1804/95/1130
f 1806/95/601 1804/95/1130 1805/95/600
f 1804/95/1130 1806/95/601 1807/95/602
f 1806/95/601 1808/95/1131 1807/95/602
f 1809/95/563 1810/95/1132 1811/95/564
f 1810/95/1132 1809/95/563 1812/95/565
f 1809/95/563 1813/95/566 1812/95/565
f 1814/95/1133 1812/95/565 1813/95/566
f 1813/95/566 1815/95/1134 1814/95/1133
f 1815/95/1134 1813/95/566 1816/95/569
f 1817/95/1135 1815/95/1134 1816/95/569
f 1815/95/1134 1817/95/1135 1818/95/571
f 1817/95/1135 1819/95/572 1818/95/571
f 1819/95/572 1817/95/1135 1820/95/573
f 1821/95/1136 1819/95/572 1820/95/573
f 1822/95/575 1819/95/572 1821/95/1136
f 1823/95/576 1822/95/575 1821/95/1136
f 1822/95/575 1823/95/576 1824/95/577
f 1824/95/577 1823/95/576 1825/95/1137
f 1826/95/579 1824/95/577 1825/95/1137
f 1825/95/1137 1827/95/580 1826/95/579
f 1827/95/580 1825/95/1137 1828/95/581
f 1827/95/580 1828/95/581 1829/95/1138
f 1830/95/291 1831/95/291 1832/95/291
f 1830/95/291 1833/95/291 1831/95/291
f 1830/95/291 1832/95/291 1834/95/291
f 1833/95/291 1830/95/291 1835/95/291
f 1836/95/291 1833/95/291 1835/95/291
f 1833/95/291 1836/95/291 1837/95/291
f 1832/95/291 1838/95/291 1834/95/291
f 1838/95/291 1832/95/291 1839/95/291
f 1839/95/291 1840/95/291 1838/95/291
f 1840/95/291 1839/95/291 1841/95/291
f 1841/95/291 1842/95/291 1840/95/291
f 1842/95/291 1841/95/291 1843/95/291
f 1842/95/291 1843/95/291 1844/95/291
f 1843/95/291 1845/95/291 1844/95/291
f 1846/95/291 1844/95/291 1845/95/291
f 1844/95/291 1846/95/291 1847/95/291
f 1846/95/291 1848/95/291 1847/95/291
f 1848/95/291 1849/95/291 1847/95/291
f 1848/95/291 1850/95/291 1849/95/291
f 1848/95/291 1851/95/291 1850/95/291
f 1850/95/291 1851/95/291 1852/95/291
f 1851/95/291 1853/95/291 1852/95/291
f 1853/95/291 1854/95/291 1852/95/291
f 1854/95/291 1853/95/291 1855/95/291
f 1856/95/289 1857/95/289 1858/95/289
f 1859/95/289 1857/95/289 1856/95/289
f 1857/95/289 1860/95/289 1858/95/289
f 1857/95/289 1859/95/289 1861/95/289
f 1862/95/289 1858/95/289 1860/95/289
f 1863/95/289 1861/95/289 1859/95/289
f 1858/95/289 1862/95/289 1864/95/289
f 1862/95/289 1865/95/289 1864/95/289
f 1865/95/289 1862/95/289 1866/95/289
f 1861/95/289 1863/95/289 1867/95/289
f 1868/95/289 1867/95/289 1863/95/289
f 1867/95/289 1868/95/289 1869/95/289
f 1870/95/289 1869/95/289 1868/95/289
f 1870/95/289 1871/95/289 1869/95/289
f 1870/95/289 1872/95/289 1871/95/289
f 1872/95/289 1870/95/289 1873/95/289
f 1874/95/289 1872/95/289 1873/95/289
f 1873/95/289 1875/95/289 1874/95/289
f 1876/95/289 1874/95/289 1875/95/289
f 1874/95/289 1876/95/289 1877/95/289
f 1876/95/289 1878/95/289 1877/95/289
f 1878/95/289 1879/95/289 1877/95/289
f 1878/95/289 1880/95/289 1879/95/289
f 1881/95/289 1879/95/289 1880/95/289
f 1882/95/763 1883/95/764 1884/95/762
f 1883/95/764 1882/95/763 1885/95/765
f 1884/95/762 1886/95/761 1882/95/763
f 1887/95/766 1883/95/764 1885/95/765
f 1884/95/762 1888/95/760 1886/95/761
f 1887/95/766 1885/95/765 1889/95/767
f 1886/95/761 1888/95/760 1890/95/758
f 1889/95/767 1891/95/1139 1887/95/766
f 1888/95/760 1892/95/759 1890/95/758
f 1891/95/1139 1889/95/767 1893/95/1140
f 1894/95/1141 1890/95/758 1892/95/759
f 1895/95/770 1891/95/1139 1893/95/1140
f 1890/95/758 1894/95/1141 1896/95/757
f 1891/95/1139 1895/95/770 1897/95/771
f 1894/95/1141 1898/95/1142 1896/95/757
f 1895/95/770 1899/95/772 1897/95/771
f 1895/95/770 1900/95/773 1899/95/772
f 1900/95/773 1901/95/774 1899/95/772
f 1894/95/1141 1902/95/751 1898/95/1142
f 1903/95/1143 1898/95/1142 1902/95/751
f 1898/95/1142 1903/95/1143 1904/95/754
f 1903/95/1143 1905/95/1144 1904/95/754
f 1906/95/787 1907/95/788 1908/95/789
f 1907/95/788 1909/95/790 1908/95/789
f 1907/95/788 1906/95/787 1910/95/1145
f 1908/95/789 1909/95/790 1911/95/791
f 1910/95/1145 1906/95/787 1912/95/785
f 1909/95/790 1913/95/1146 1911/95/791
f 1914/95/1147 1910/95/1145 1912/95/785
f 1911/95/791 1913/95/1146 1915/95/1148
f 1916/95/1149 1914/95/1147 1912/95/785
f 1913/95/1146 1917/95/794 1915/95/1148
f 1914/95/1147 1916/95/1149 1918/95/783
f 1917/95/794 1913/95/1146 1919/95/795
f 1916/95/1149 1920/95/1150 1918/95/783
f 1919/95/795 1921/95/796 1917/95/794
f 1922/95/797 1917/95/794 1921/95/796
f 1922/95/797 1921/95/796 1923/95/798
f 1920/95/1150 1916/95/1149 1924/95/781
f 1920/95/1150 1924/95/781 1925/95/1151
f 1926/95/779 1920/95/1150 1925/95/1151
f 1925/95/1151 1927/95/776 1926/95/779
f 1927/95/776 1925/95/1151 1928/95/775
f 1927/95/776 1928/95/775 1929/95/1152
f 1930/95/732 1931/95/731 1932/95/733
f 1931/95/731 1930/95/732 1933/95/731
f 1932/95/733 1934/95/734 1930/95/732
f 1934/95/734 1932/95/733 1935/95/735
f 1935/95/735 1936/95/1153 1934/95/734
f 1934/95/734 1936/95/1153 1937/95/737
f 1936/95/1153 1938/95/738 1937/95/737
f 1938/95/738 1936/95/1153 1939/95/739
f 1939/95/739 1940/95/1154 1938/95/738
f 1938/95/738 1940/95/1154 1941/95/1155
f 1940/95/1154 1942/95/1156 1941/95/1155
f 1942/95/1156 1940/95/1154 1943/95/743
f 1943/95/743 1944/95/1157 1942/95/1156
f 1944/95/1157 1943/95/743 1945/95/745
f 1945/95/745 1946/95/746 1944/95/1157
f 1946/95/746 1945/95/745 1947/95/747
f 1947/95/747 1948/95/1158 1946/95/746
f 1948/95/1158 1947/95/747 1949/95/749
f 1948/95/1158 1949/95/749 1950/95/1159
f 1951/95/712 1952/95/711 1953/95/713
f 1952/95/711 1951/95/712 1954/95/712
f 1955/95/714 1953/95/713 1952/95/711
f 1953/95/713 1955/95/714 1956/95/715
f 1955/95/714 1957/95/1160 1956/95/715
f 1957/95/1160 1955/95/714 1958/95/1161
f 1959/95/718 1957/95/1160 1958/95/1161
f 1957/95/1160 1959/95/718 1960/95/719
f 1961/95/720 1960/95/719 1959/95/718
f 1961/95/720 1959/95/718 1962/95/1162
f 1963/95/1163 1961/95/720 1962/95/1162
f 1961/95/720 1963/95/1163 1964/95/723
f 1965/95/724 1964/95/723 1963/95/1163
f 1964/95/723 1965/95/724 1966/95/725
f 1967/95/726 1966/95/725 1965/95/724
f 1966/95/725 1967/95/726 1968/95/727
f 1969/95/1164 1968/95/727 1967/95/726
f 1968/95/727 1969/95/1164 1970/95/729
f 1969/95/1164 1971/95/1165 1970/95/729
f 1972/95/1166 1973/95/1167 1974/95/1168
f 1975/95/1169 1974/95/1168 1973/95/1167
f 1973/95/1167 1972/95/1166 1976/95/1170
f 1974/95/1168 1975/95/1169 1977/95/1171
f 1978/95/1172 1976/95/1170 1972/95/1166
f 1979/95/1173 1977/95/1171 1975/95/1169
f 1976/95/1170 1978/95/1172 1980/95/1174
f 1977/95/1171 1979/95/1173 1981/95/1173
f 1982/95/1175 1981/95/1173 1979/95/1173
f 1982/95/1175 1979/95/1173 1983/95/1175
f 1984/95/1176 1980/95/1174 1978/95/1172
f 1980/95/1174 1984/95/1176 1985/95/1177
f 1984/95/1176 1986/95/1178 1985/95/1177
f 1984/95/1176 1987/95/1179 1986/95/1178
f 1987/95/1179 1988/95/1180 1986/95/1178
f 1987/95/1179 1989/95/1181 1988/95/1180
f 1989/95/1181 1990/95/1182 1988/95/1180
f 1989/95/1181 1991/95/1183 1990/95/1182
f 1992/95/1184 1990/95/1182 1991/95/1183
f 1990/95/1182 1992/95/1184 1993/95/1185
f 1992/95/1184 1994/95/1186 1993/95/1185
f 1992/95/1184 1995/95/1187 1994/95/1186
f 1995/95/1187 1996/95/1188 1994/95/1186
f 1995/95/1187 1997/95/1188 1996/95/1188
f 1997/95/1188 1998/95/1189 1996/95/1188
f 1997/95/1188 1999/95/1189 1998/95/1189
f 2000/95/1190 1998/95/1189 1999/95/1189
f 1998/95/1189 2000/95/1190 2001/95/1190
f 2002/95/1191 2001/95/1190 2000/95/1190
f 2001/95/1190 2002/95/1191 2003/95/1192
f 2004/95/1193 2005/95/1169 2006/95/1194
f 2005/95/1169 2004/95/1193 2007/95/1171
f 2006/95/1194 2008/95/1195 2004/95/1193
f 2007/95/1171 2009/95/1173 2005/95/1169
f 2008/95/1195 2006/95/1194 2010/95/1170
f 2009/95/1173 2007/95/1171 2011/95/1173
f 2012/95/1175 2009/95/1173 2011/95/1173
f 2009/95/1173 2012/95/1175 2013/95/1175
f 2010/95/1170 2014/95/1172 2008/95/1195
f 2014/95/1172 2010/95/1170 2015/95/1174
f 2015/95/1174 2016/95/1196 2014/95/1172
f 2016/95/1196 2015/95/1174 2017/95/1177
f 2018/95/1178 2016/95/1196 2017/95/1177
f 2016/95/1196 2018/95/1178 2019/95/1197
f 2020/95/1181 2019/95/1197 2018/95/1178
f 2019/95/1197 2020/95/1181 2021/95/1181
f 2022/95/1198 2021/95/1181 2020/95/1181
f 2021/95/1181 2022/95/1198 2023/95/1183
f 2022/95/1198 2024/95/1185 2023/95/1183
f 2024/95/1185 2022/95/1198 2025/95/1184
f 2026/95/1187 2024/95/1185 2025/95/1184
f 2024/95/1185 2026/95/1187 2027/95/1187
f 2028/95/1199 2027/95/1187 2026/95/1187
f 2027/95/1187 2028/95/1199 2029/95/1188
f 2030/95/1189 2029/95/1188 2028/95/1199
f 2029/95/1188 2030/95/1189 2031/95/1200
f 2030/95/1189 2032/95/1190 2031/95/1200
f 2032/95/1190 2030/95/1189 2033/95/1201
f 2033/95/1201 2034/95/1191 2032/95/1190
f 2034/95/1191 2033/95/1201 2035/95/1191
f 2036/95/987 2037/95/988 2038/95/986
f 2037/95/988 2036/95/987 2039/95/1202
f 2037/95/988 2039/95/1202 2040/95/1203
f 2038/95/986 2041/95/985 2036/95/987
f 2041/95/985 2038/95/986 2042/95/1204
f 2042/95/1204 2043/95/977 2041/95/985
f 2043/95/977 2042/95/1204 2044/95/979
f 2044/95/979 2045/95/975 2043/95/977
f 2043/95/977 2045/95/975 2046/95/1205
f 2047/95/971 2046/95/1205 2045/95/975
f 2046/95/1205 2047/95/971 2048/95/967
f 2047/95/971 2049/95/968 2048/95/967
f 2048/95/967 2049/95/968 2050/95/969
f 2051/95/970 2050/95/969 2049/95/968
f 2052/95/972 2050/95/969 2051/95/970
f 2052/95/972 2051/95/970 2053/95/974
f 2054/95/976 2052/95/972 2053/95/974
f 2053/95/974 2055/95/1206 2054/95/976
f 2055/95/1206 2053/95/974 2056/95/980
f 2057/95/982 2055/95/1206 2056/95/980
f 2055/95/1206 2057/95/982 2058/95/983
f 2058/95/983 2057/95/982 2059/95/984
f 2060/95/964 2061/95/963 2062/95/962
f 2061/95/963 2060/95/964 2063/95/965
f 2060/95/964 2064/95/1207 2063/95/965
f 2065/95/958 2062/95/962 2061/95/963
f 2062/95/962 2065/95/958 2066/95/1208
f 2067/95/1209 2066/95/1208 2065/95/958
f 2066/95/1208 2067/95/1209 2068/95/954
f 2067/95/1209 2069/95/950 2068/95/954
f 2069/95/950 2067/95/1209 2070/95/1210
f 2070/95/1210 2071/95/946 2069/95/950
f 2071/95/946 2070/95/1210 2072/95/944
f 2073/95/943 2071/95/946 2072/95/944
f 2072/95/944 2074/95/945 2073/95/943
f 2075/95/947 2073/95/943 2074/95/945
f 2074/95/945 2076/95/1211 2075/95/947
f 2077/95/951 2075/95/947 2076/95/1211
f 2076/95/1211 2078/95/1212 2077/95/951
f 2079/95/955 2077/95/951 2078/95/1212
f 2077/95/951 2079/95/955 2080/95/957
f 2079/95/955 2081/95/959 2080/95/957
f 2079/95/955 2082/95/960 2081/95/959
f 2082/95/960 2083/95/961 2081/95/959
f 2084/95/1213 2085/95/1214 2086/95/1215
f 2087/95/1216 2086/95/1215 2085/95/1214
f 2085/95/1214 2084/95/1213 2088/95/1217
f 2086/95/1215 2087/95/1216 2089/95/1218
f 2090/95/1219 2088/95/1217 2084/95/1213
f 2091/95/1220 2089/95/1218 2087/95/1216
f 2090/95/1219 2084/95/1213 2092/95/1221
f 2089/95/1218 2091/95/1220 2093/95/1222
f 2094/95/1223 2090/95/1219 2092/95/1221
f 2095/95/1224 2093/95/1222 2091/95/1220
f 2094/95/1223 2092/95/1221 2096/95/1225
f 2093/95/1222 2095/95/1224 2097/95/1226
f 2098/95/886 2094/95/1223 2096/95/1225
f 2099/95/1227 2097/95/1226 2095/95/1224
f 2098/95/886 2096/95/1225 2100/95/888
f 2097/95/1226 2099/95/1227 2101/95/1228
f 2102/95/890 2098/95/886 2100/95/888
f 2099/95/1227 2103/95/887 2101/95/1228
f 2098/95/886 2102/95/890 2104/95/892
f 2103/95/887 2099/95/1227 2105/95/1229
f 2106/95/894 2104/95/892 2102/95/890
f 2105/95/1229 2107/95/1230 2103/95/887
f 2106/95/894 2102/95/890 2108/95/896
f 2107/95/1230 2105/95/1229 2109/95/1231
f 2110/95/898 2106/95/894 2108/95/896
f 2109/95/1231 2111/95/895 2107/95/1230
f 2106/95/894 2110/95/898 2112/95/900
f 2113/95/1232 2111/95/895 2109/95/1231
f 2114/95/902 2112/95/900 2110/95/898
f 2113/95/1232 2115/95/1233 2111/95/895
f 2114/95/902 2110/95/898 2116/95/904
f 2117/95/1234 2115/95/1233 2113/95/1232
f 2118/95/906 2114/95/902 2116/95/904
f 2114/95/902 2118/95/906 2119/95/907
f 2118/95/906 2120/95/1235 2119/95/907
f 2121/95/903 2115/95/1233 2117/95/1234
f 2115/95/1233 2121/95/903 2122/95/905
f 2123/95/909 2122/95/905 2121/95/903
f 2122/95/905 2123/95/909 2124/95/1236
f 2125/95/1237 2124/95/1236 2123/95/909
f 2124/95/1236 2125/95/1237 2126/95/912
f 2127/95/1238 2126/95/912 2125/95/1237
f 2127/95/1238 2125/95/1237 2128/95/1239
f 2129/95/915 2127/95/1238 2128/95/1239
f 2127/95/1238 2129/95/915 2130/95/916
f 2131/95/1240 2130/95/916 2129/95/915
f 2130/95/916 2131/95/1240 2132/95/918
f 2131/95/1240 2133/95/1241 2132/95/918
f 2134/95/1242 2135/95/1243 2136/95/1244
f 2135/95/1243 2134/95/1242 2137/95/1245
f 2136/95/1244 2138/95/1246 2134/95/1242
f 2135/95/1243 2137/95/1245 2139/95/1247
f 2138/95/1246 2136/95/1244 2140/95/1248
f 2141/95/1249 2135/95/1243 2139/95/1247
f 2140/95/1248 2142/95/1250 2138/95/1246
f 2139/95/1247 2143/95/832 2141/95/1249
f 2142/95/1250 2140/95/1248 2144/95/1251
f 2141/95/1249 2143/95/832 2145/95/834
f 2144/95/1251 2146/95/1252 2142/95/1250
f 2143/95/832 2147/95/836 2145/95/834
f 2146/95/1252 2144/95/1251 2148/95/1253
f 2149/95/838 2145/95/834 2147/95/836
f 2148/95/1253 2150/95/1254 2146/95/1252
f 2147/95/836 2151/95/840 2149/95/838
f 2150/95/1254 2148/95/1253 2152/95/1255
f 2151/95/840 2147/95/836 2153/95/842
f 2152/95/1255 2154/95/837 2150/95/1254
f 2153/95/842 2155/95/844 2151/95/840
f 2150/95/1254 2154/95/837 2156/95/839
f 2151/95/840 2155/95/844 2157/95/846
f 2154/95/837 2158/95/841 2156/95/839
f 2155/95/844 2159/95/848 2157/95/846
f 2156/95/839 2158/95/841 2160/95/843
f 2159/95/848 2155/95/844 2161/95/850
f 2162/95/845 2160/95/843 2158/95/841
f 2159/95/848 2161/95/850 2163/95/852
f 2160/95/843 2162/95/845 2164/95/1256
f 2165/95/854 2159/95/848 2163/95/852
f 2162/95/845 2166/95/1257 2164/95/1256
f 2163/95/852 2167/95/856 2165/95/854
f 2167/95/856 2163/95/852 2168/95/857
f 2167/95/856 2168/95/857 2169/95/1258
f 2164/95/1256 2166/95/1257 2170/95/1259
f 2166/95/1257 2171/95/853 2170/95/1259
f 2171/95/853 2166/95/1257 2172/95/1260
f 2172/95/1260 2173/95/859 2171/95/853
f 2173/95/859 2172/95/1260 2174/95/1261
f 2174/95/1261 2175/95/861 2173/95/859
f 2175/95/861 2174/95/1261 2176/95/862
f 2175/95/861 2176/95/862 2177/95/1262
f 2178/95/1263 2175/95/861 2177/95/1262
f 2177/95/1262 2179/95/865 2178/95/1263
f 2179/95/865 2177/95/1262 2180/95/866
f 2180/95/866 2181/95/1264 2179/95/865
f 2181/95/1264 2180/95/866 2182/95/868
f 2181/95/1264 2182/95/868 2183/95/1265
f 2184/95/284 2185/95/284 2186/95/284
f 2187/95/284 2186/95/284 2185/95/284
f 2186/95/284 2188/95/1266 2184/95/284
f 2187/95/284 2185/95/284 2189/95/1267
f 2188/95/1266 2190/95/1268 2184/95/284
f 2189/95/1267 2185/95/284 2191/95/1269
f 2188/95/1266 2192/95/1268 2190/95/1268
f 2191/95/1269 2193/95/1270 2189/95/1267
f 2194/95/1268 2190/95/1268 2192/95/1268
f 2193/95/1270 2191/95/1269 2195/95/1271
f 2192/95/1268 2196/95/1272 2194/95/1268
f 2193/95/1270 2195/95/1271 2197/95/1273
f 2198/95/1272 2194/95/1268 2196/95/1272
f 2199/95/1274 2193/95/1270 2197/95/1273
f 2196/95/1272 2200/95/1275 2198/95/1272
f 2201/95/1276 2199/95/1274 2197/95/1273
f 2202/95/1275 2198/95/1272 2200/95/1275
f 2203/95/1277 2202/95/1275 2200/95/1275
f 2202/95/1275 2203/95/1277 2204/95/1277
f 2201/95/1276 2197/95/1273 2205/95/1278
f 2206/95/1279 2201/95/1276 2205/95/1278
f 2206/95/1279 2205/95/1278 2207/95/1279
f 2206/95/1279 2207/95/1279 2208/95/1280
f 2209/95/1281 2206/95/1279 2208/95/1280
f 2210/95/284 2211/95/284 2212/95/284
f 2211/95/284 2213/95/1282 2212/95/284
f 2210/95/284 2212/95/284 2214/95/284
f 2211/95/284 2215/95/1283 2213/95/1282
f 2210/95/284 2214/95/284 2216/95/1284
f 2215/95/1283 2217/95/1268 2213/95/1282
f 2210/95/284 2216/95/1284 2218/95/1269
f 2215/95/1283 2219/95/1268 2217/95/1268
f 2220/95/1270 2218/95/1269 2216/95/1284
f 2219/95/1268 2221/95/1272 2217/95/1268
f 2218/95/1269 2220/95/1270 2222/95/1271
f 2219/95/1268 2223/95/1272 2221/95/1272
f 2224/95/1274 2222/95/1271 2220/95/1270
f 2223/95/1272 2225/95/1275 2221/95/1272
f 2224/95/1274 2220/95/1270 2226/95/1274
f 2223/95/1272 2227/95/1275 2225/95/1275
f 2227/95/1275 2228/95/1277 2225/95/1275
f 2228/95/1277 2227/95/1275 2229/95/1285
f 2230/95/1286 2224/95/1274 2226/95/1274
f 2224/95/1274 2230/95/1286 2231/95/1286
f 2232/95/1279 2231/95/1286 2230/95/1286
f 2231/95/1286 2232/95/1279 2233/95/1279
f 2234/95/1281 2233/95/1279 2232/95/1279
f 2234/95/1281 2232/95/1279 2235/95/1281
f 2236/95/1050 2237/95/1287 2238/95/1288
f 2237/95/1287 2239/95/1289 2238/95/1288
f 2237/95/1287 2236/95/1050 2240/95/1051
f 2239/95/1289 2237/95/1287 2241/95/1055
f 2236/95/1050 2242/95/1049 2240/95/1051
f 2243/95/1290 2239/95/1289 2241/95/1055
f 2242/95/1049 2236/95/1050 2244/95/1048
f 2241/95/1055 2245/95/1057 2243/95/1290
f 2244/95/1048 2246/95/1047 2242/95/1049
f 2247/95/1291 2243/95/1290 2245/95/1057
f 2244/95/1048 2248/95/1047 2246/95/1047
f 2245/95/1057 2249/95/1059 2247/95/1291
f 2250/95/1046 2246/95/1047 2248/95/1047
f 2251/95/1292 2247/95/1291 2249/95/1059
f 2246/95/1047 2250/95/1046 2252/95/1045
f 2249/95/1059 2253/95/1293 2251/95/1292
f 2254/95/1040 2252/95/1045 2250/95/1046
f 2255/95/1062 2251/95/1292 2253/95/1293
f 2252/95/1045 2254/95/1040 2256/95/1042
f 2253/95/1293 2257/95/1063 2255/95/1062
f 2258/95/1041 2256/95/1042 2254/95/1040
f 2256/95/1042 2258/95/1041 2259/95/1294
f 2258/95/1041 2260/95/1295 2259/95/1294
f 2257/95/1063 2261/95/1064 2255/95/1062
f 2261/95/1064 2257/95/1063 2262/95/1065
f 2262/95/1065 2263/95/1066 2261/95/1064
f 2263/95/1066 2262/95/1065 2264/95/1296
f 2264/95/1296 2265/95/1297 2263/95/1066
f 2266/95/1079 2267/95/1298 2268/95/1080
f 2269/95/1078 2266/95/1079 2268/95/1080
f 2267/95/1298 2266/95/1079 2270/95/1299
f 2266/95/1079 2269/95/1078 2271/95/1077
f 2270/95/1299 2272/95/1300 2267/95/1298
f 2271/95/1077 2269/95/1078 2273/95/1076
f 2267/95/1298 2272/95/1300 2274/95/1301
f 2275/95/1076 2271/95/1077 2273/95/1076
f 2276/95/1302 2274/95/1301 2272/95/1300
f 2273/95/1076 2277/95/1075 2275/95/1076
f 2278/95/1086 2274/95/1301 2276/95/1302
f 2277/95/1075 2273/95/1076 2279/95/1074
f 2276/95/1302 2280/95/1303 2278/95/1086
f 2279/95/1074 2281/95/1073 2277/95/1075
f 2282/95/1088 2278/95/1086 2280/95/1303
f 2281/95/1073 2279/95/1074 2283/95/1070
f 2280/95/1303 2284/95/1304 2282/95/1088
f 2283/95/1070 2285/95/1069 2281/95/1073
f 2285/95/1069 2283/95/1070 2286/95/1305
f 2285/95/1069 2286/95/1305 2287/95/1306
f 2288/95/1307 2282/95/1088 2284/95/1304
f 2289/95/1308 2288/95/1307 2284/95/1304
f 2290/95/1092 2288/95/1307 2289/95/1308
f 2291/95/1309 2290/95/1092 2289/95/1308
f 2290/95/1092 2291/95/1309 2292/95/1310
f 2293/95/1095 2292/95/1310 2291/95/1309
f 2292/95/1310 2293/95/1095 2294/95/1096
f 2294/95/1096 2293/95/1095 2295/95/1311
f 2296/95/271 2297/95/271 2298/95/271
f 2297/95/271 2296/95/271 2299/95/271
f 2300/95/271 2299/95/271 2296/95/271
f 2299/95/271 2300/95/271 2301/95/271
f 2302/95/1312 2303/95/1312 2304/95/1312
f 2303/95/1312 2302/95/1312 2305/95/1312
f 2306/95/281 2307/95/281 2308/95/281
f 2307/95/281 2306/95/281 2309/95/281
o RenderMesh_110214087686282
v 0.108908 0.086937 -0.150055
v 0.108908 0.099664 -0.114265
v 0.098222 0.098085 -0.147683
v 0.098678 0.110537 -0.115183
v 0.099925 0.110759 -0.087648
v 0.108908 0.101178 -0.087765
v 0.108908 0.086937 -0.150055
v 0.098222 0.108716 -0.165258
v 0.108908 0.102386 -0.174738
v 0.098222 0.098085 -0.147683
v 0.098222 0.108716 -0.165258
v 0.108908 0.129035 -0.181059
v 0.099865 0.128583 -0.171424
v 0.108908 0.151298 -0.171090
v 0.108908 0.129035 -0.181059
v 0.100856 0.145227 -0.165013
v 0.099865 0.128583 -0.171424
v 0.100856 0.145227 -0.165013
v 0.108908 0.159961 -0.150575
v 0.100856 0.151524 -0.148966
v 0.100856 0.151524 -0.148966
v 0.108908 0.152206 -0.125916
v 0.108908 0.159961 -0.150575
v 0.102247 0.146446 -0.130076
v 0.108908 0.135285 -0.118961
v 0.102247 0.146446 -0.130076
v 0.102946 0.134055 -0.125201
v 0.108908 0.152206 -0.125916
v 0.108908 0.135285 -0.118961
v 0.102946 0.134055 -0.125201
v 0.108908 0.120039 -0.133732
v 0.108908 0.086937 -0.150055
v 0.119594 0.108716 -0.165258
v 0.119594 0.098085 -0.147683
v 0.108908 0.102386 -0.174738
v 0.108908 0.099664 -0.114265
v 0.108908 0.129035 -0.181059
v 0.119138 0.110537 -0.115183
v 0.117891 0.110759 -0.087648
v 0.108908 0.101178 -0.087765
v 0.117951 0.128583 -0.171424
v 0.116960 0.145227 -0.165013
v 0.108908 0.151298 -0.171090
v 0.108908 0.159961 -0.150575
v 0.116960 0.151524 -0.148967
v 0.108908 0.152206 -0.125916
v 0.115569 0.146446 -0.130076
v 0.108908 0.135285 -0.118961
v 0.114870 0.134055 -0.125201
v 0.108908 0.120039 -0.133732
v 0.098222 0.098085 -0.147683
v 0.108908 0.115045 -0.155779
v 0.098222 0.108716 -0.165258
v 0.108908 0.128133 -0.161788
v 0.108908 0.109234 -0.145312
v 0.099865 0.128583 -0.171424
v 0.098678 0.110537 -0.115183
v 0.108908 0.139156 -0.158937
v 0.108908 0.121410 -0.116101
v 0.108908 0.120340 -0.087531
v 0.099925 0.110759 -0.087648
v 0.100856 0.145227 -0.165013
v 0.100856 0.151524 -0.148966
v 0.108908 0.143087 -0.147358
v 0.108908 0.140686 -0.134236
v 0.102247 0.146446 -0.130076
v 0.102946 0.134055 -0.125201
v 0.108908 0.132825 -0.131440
v 0.108908 0.120039 -0.133732
v 0.108908 0.121410 -0.116101
v 0.108908 0.120340 -0.087531
v 0.119138 0.110537 -0.115183
v 0.117891 0.110759 -0.087648
v 0.108908 0.132825 -0.131440
v 0.114870 0.134055 -0.125201
v 0.108908 0.120039 -0.133732
v 0.108908 0.132825 -0.131440
v 0.108908 0.140686 -0.134236
v 0.114870 0.134055 -0.125201
v 0.115569 0.146446 -0.130076
v 0.116960 0.151524 -0.148967
v 0.108908 0.143087 -0.147358
v 0.119594 0.098085 -0.147683
v 0.108908 0.115045 -0.155779
v 0.108908 0.109234 -0.145312
v 0.119594 0.108716 -0.165258
v 0.119594 0.108716 -0.165258
v 0.108908 0.128133 -0.161788
v 0.117951 0.128583 -0.171424
v 0.108908 0.109234 -0.145312
v 0.119138 0.110537 -0.115183
v 0.119594 0.098085 -0.147683
v 0.108908 0.121410 -0.116101
v 0.116960 0.145227 -0.165013
v 0.116960 0.151524 -0.148967
v 0.108908 0.139156 -0.158937
v 0.108908 0.143087 -0.147358
v 0.117951 0.128583 -0.171424
v 0.108908 0.139156 -0.158937
v 0.108908 0.128133 -0.161788
v 0.116960 0.145227 -0.165013
vn -0.7353 -0.6715 -0.0915
vn -0.6343 -0.7552 0.1653
vn -0.7347 -0.6769 -0.0457
vn -0.7377 -0.6439 0.2028
vn -0.6996 -0.7063 0.1082
vn -0.6675 -0.7328 0.1322
vn -0.7342 -0.4136 -0.5384
vn -0.7347 -0.3706 -0.5683
vn -0.7347 -0.6769 -0.0458
vn -0.7342 -0.4135 -0.5385
vn -0.7272 0.0573 -0.6840
vn -0.7347 -0.3705 -0.5683
vn -0.7271 0.0611 -0.6838
vn -0.7338 0.4673 -0.4932
vn -0.7273 0.0575 -0.6840
vn -0.7345 0.4897 -0.4698
vn -0.7271 0.0612 -0.6838
vn -0.7345 0.4898 -0.4698
vn -0.7271 0.6850 -0.0458
vn -0.7338 0.4673 -0.4931
vn -0.7260 0.6876 -0.0082
vn -0.7260 0.6877 -0.0081
vn -0.7318 0.4855 0.4784
vn -0.7271 0.6850 -0.0457
vn -0.7317 0.4922 0.4716
vn -0.6927 -0.0777 0.7171
vn -0.7317 0.4921 0.4716
vn -0.6726 -0.1964 0.7135
vn -0.7318 0.4854 0.4784
vn -0.6926 -0.0777 0.7171
vn -0.6725 -0.1964 0.7135
vn -0.5196 -0.5945 0.6136
vn 0.7353 -0.6716 -0.0915
vn 0.7342 -0.4135 -0.5385
vn 0.7346 -0.6769 -0.0457
vn 0.7346 -0.3706 -0.5684
vn 0.6343 -0.7552 0.1653
vn 0.7272 0.0574 -0.6840
vn 0.7377 -0.6439 0.2028
vn 0.6995 -0.7063 0.1082
vn 0.6679 -0.7325 0.1322
vn 0.7271 0.0612 -0.6838
vn 0.7345 0.4898 -0.4698
vn 0.7338 0.4673 -0.4931
vn 0.7271 0.6850 -0.0457
vn 0.7260 0.6877 -0.0082
vn 0.7318 0.4854 0.4784
vn 0.7317 0.4921 0.4716
vn 0.6926 -0.0778 0.7171
vn 0.6725 -0.1964 0.7135
vn 0.5192 -0.5946 0.6139
vn -0.7334 0.6748 0.0827
vn -0.7235 0.4734 0.5024
vn -0.7243 0.4351 0.5348
vn -0.7282 0.0499 0.6836
vn -0.7327 0.6800 0.0278
vn -0.7280 0.0439 0.6842
vn -0.7480 0.6391 -0.1793
vn -0.7454 -0.4548 0.4875
vn -0.7496 0.6527 -0.1103
vn -0.7489 0.6625 -0.0104
vn -0.7687 0.6395 -0.0142
vn -0.7444 -0.4268 0.5136
vn -0.7191 -0.6906 0.0774
vn -0.7183 -0.6943 0.0444
vn -0.7430 -0.5147 -0.4279
vn -0.7430 -0.5171 -0.4249
vn -0.7130 -0.1363 -0.6878
vn -0.7161 -0.0695 -0.6946
vn -0.7048 0.1252 -0.6982
vn 0.7495 0.6527 -0.1103
vn 0.7489 0.6626 -0.0104
vn 0.7479 0.6391 -0.1793
vn 0.7687 0.6395 -0.0142
vn 0.7160 -0.0695 -0.6946
vn 0.7134 -0.1362 -0.6874
vn 0.7048 0.1252 -0.6982
vn 0.7156 -0.0697 -0.6950
vn 0.7429 -0.5147 -0.4279
vn 0.7134 -0.1363 -0.6874
vn 0.7430 -0.5171 -0.4249
vn 0.7191 -0.6906 0.0774
vn 0.7183 -0.6943 0.0443
vn 0.7334 0.6748 0.0828
vn 0.7235 0.4735 0.5024
vn 0.7326 0.6801 0.0279
vn 0.7243 0.4352 0.5347
vn 0.7243 0.4352 0.5348
vn 0.7282 0.0500 0.6836
vn 0.7235 0.4734 0.5025
vn 0.7280 0.0440 0.6842
vn 0.7326 0.6801 0.0278
vn 0.7334 0.6748 0.0826
vn 0.7443 -0.4269 0.5136
vn 0.7191 -0.6906 0.0775
vn 0.7454 -0.4548 0.4874
vn 0.7183 -0.6943 0.0444
vn 0.7280 0.0438 0.6842
vn 0.7453 -0.4548 0.4875
vn 0.7282 0.0499 0.6836
vn 0.7443 -0.4268 0.5136
vt 0.375000 0.750000
vt 0.375000 0.500000
vt 0.625000 0.750000
vt 0.625000 0.500000
s 1
f 2310/96/1313 2311/96/1314 2312/97/1315
f 2312/97/1315 2311/96/1314 2313/97/1316
f 2311/96/1314 2314/97/1317 2313/97/1316
f 2314/97/1317 2311/96/1314 2315/96/1318
f 2316/96/1313 2317/97/1319 2318/96/1320
f 2317/97/1319 2316/96/1313 2319/97/1321
f 2320/97/1322 2321/96/1323 2318/96/1324
f 2321/96/1323 2320/97/1322 2322/97/1325
f 2323/96/1326 2324/96/1327 2325/97/1328
f 2324/96/1327 2326/97/1329 2325/97/1328
f 2327/97/1330 2328/96/1331 2323/96/1332
f 2328/96/1331 2327/97/1330 2329/97/1333
f 2330/97/1334 2331/96/1335 2332/96/1336
f 2331/96/1335 2330/97/1334 2333/97/1337
f 2334/96/1338 2335/97/1339 2336/97/1340
f 2335/97/1339 2334/96/1338 2337/96/1341
f 2338/96/1342 2339/97/1343 2340/96/1344
f 2341/96/1345 2342/98/1346 2343/98/1347
f 2342/98/1346 2341/96/1345 2344/96/1348
f 2343/98/1347 2345/96/1349 2341/96/1345
f 2344/96/1348 2346/96/1350 2342/98/1346
f 2345/96/1349 2343/98/1347 2347/98/1351
f 2347/98/1351 2348/98/1352 2345/96/1349
f 2345/96/1349 2348/98/1352 2349/96/1353
f 2342/98/1346 2346/96/1350 2350/98/1354
f 2346/96/1350 2351/98/1355 2350/98/1354
f 2351/98/1355 2346/96/1350 2352/96/1356
f 2352/96/1356 2353/96/1357 2351/98/1355
f 2351/98/1355 2353/96/1357 2354/98/1358
f 2353/96/1357 2355/96/1359 2354/98/1358
f 2354/98/1358 2355/96/1359 2356/98/1360
f 2356/98/1360 2355/96/1359 2357/96/1361
f 2358/98/1362 2356/98/1360 2357/96/1361
f 2358/98/1362 2357/96/1361 2359/98/1363
f 2360/97/1364 2361/99/1365 2362/97/1366
f 2363/99/1367 2362/97/1366 2361/99/1365
f 2361/99/1365 2360/97/1364 2364/99/1368
f 2365/97/1369 2362/97/1366 2363/99/1367
f 2360/97/1364 2366/97/1370 2364/99/1368
f 2365/97/1369 2363/99/1367 2367/99/1371
f 2364/99/1368 2366/97/1370 2368/99/1372
f 2366/97/1370 2369/99/1373 2368/99/1372
f 2369/99/1373 2366/97/1370 2370/97/1374
f 2371/97/1375 2365/97/1369 2367/99/1371
f 2367/99/1371 2372/97/1376 2371/97/1375
f 2372/97/1376 2367/99/1371 2373/99/1377
f 2374/99/1378 2372/97/1376 2373/99/1377
f 2375/97/1379 2372/97/1376 2374/99/1378
f 2374/99/1378 2376/97/1380 2375/97/1379
f 2376/97/1380 2374/99/1378 2377/99/1381
f 2376/97/1380 2377/99/1381 2378/97/1382
f 2379/99/1383 2380/99/1384 2381/98/1385
f 2381/98/1385 2380/99/1384 2382/98/1386
f 2383/99/1387 2384/98/1388 2385/99/1389
f 2386/99/1390 2387/99/1391 2388/98/1392
f 2387/99/1391 2389/98/1393 2388/98/1392
f 2387/99/1391 2390/98/1394 2389/98/1393
f 2390/98/1394 2387/99/1391 2391/99/1395
f 2392/98/1396 2393/99/1397 2394/99/1398
f 2393/99/1397 2392/98/1396 2395/98/1399
f 2396/98/1400 2397/99/1401 2393/99/1402
f 2397/99/1401 2396/98/1400 2398/98/1403
f 2399/99/1404 2400/98/1385 2401/98/1405
f 2400/98/1385 2399/99/1404 2402/99/1383
f 2403/98/1406 2404/98/1407 2405/99/1408
f 2405/99/1408 2404/98/1407 2406/99/1409
f 2407/98/1410 2408/99/1411 2409/99/1412
f 2408/99/1411 2407/98/1410 2410/98/1413
o RenderMesh_103091833876386
v -0.617427 -0.264439 -0.070489
v -0.635722 -0.252243 -0.070489
v -0.605231 -0.252243 -0.084073
v -0.605231 -0.282733 -0.070489
v -0.593036 -0.264439 -0.070489
v -0.605231 -0.282733 -0.070489
v -0.605231 -0.252243 -0.084073
v -0.574742 -0.252243 -0.070489
v -0.617427 -0.240047 -0.070489
v -0.605231 -0.221753 -0.070489
v -0.605231 -0.252243 -0.084073
v -0.635722 -0.252243 -0.070489
v -0.605231 -0.221753 -0.070489
v -0.593036 -0.240047 -0.070489
v -0.605231 -0.252243 -0.084073
v -0.574742 -0.252243 -0.070489
v -0.617427 -0.264439 0.070488
v -0.605231 -0.252243 0.084073
v -0.635722 -0.252243 0.070488
v -0.605231 -0.282733 0.070488
v -0.593036 -0.264439 0.070488
v -0.605231 -0.252243 0.084073
v -0.605231 -0.282733 0.070488
v -0.574742 -0.252243 0.070488
v -0.617427 -0.240047 0.070488
v -0.605231 -0.252243 0.084073
v -0.605231 -0.221753 0.070488
v -0.635722 -0.252243 0.070488
v -0.605231 -0.221753 0.070488
v -0.605231 -0.252243 0.084073
v -0.593036 -0.240047 0.070488
v -0.574742 -0.252243 0.070488
vn -0.4375 -0.4375 -0.7856
vn -0.3478 -0.5211 -0.7794
vn -0.5211 -0.3476 -0.7795
vn 0.4375 -0.4375 -0.7856
vn 0.5211 -0.3473 -0.7796
vn 0.4377 -0.4373 -0.7856
vn 0.3474 -0.5210 -0.7796
vn -0.4375 0.4375 -0.7856
vn -0.5210 0.3474 -0.7797
vn -0.3476 0.5213 -0.7794
vn 0.5214 0.3471 -0.7795
vn 0.4375 0.4375 -0.7856
vn 0.3470 0.5215 -0.7795
vn -0.4375 -0.4375 0.7856
vn -0.4374 -0.4373 0.7858
vn -0.3474 -0.5211 0.7796
vn -0.5211 -0.3474 0.7796
vn 0.4375 -0.4375 0.7856
vn 0.5211 -0.3474 0.7796
vn 0.3474 -0.5211 0.7796
vn -0.4375 0.4375 0.7856
vn -0.5211 0.3474 0.7796
vn -0.3474 0.5211 0.7796
vn 0.5214 0.3471 0.7795
vn 0.4375 0.4375 0.7856
vn 0.3471 0.5214 0.7795
vt 0.000000 0.000000
s 1
f 2411/100/1414 2412/100/1415 2413/100/1414
f 2414/100/1416 2411/100/1414 2413/100/1414
f 2415/100/1417 2416/100/1418 2417/100/1419
f 2418/100/1420 2415/100/1417 2417/100/1419
f 2419/100/1421 2420/100/1422 2421/100/1421
f 2422/100/1423 2419/100/1421 2421/100/1421
f 2423/100/1424 2424/100/1425 2425/100/1425
f 2424/100/1425 2426/100/1426 2425/100/1425
f 2427/100/1427 2428/100/1428 2429/100/1429
f 2430/100/1430 2428/100/1428 2427/100/1427
f 2431/100/1431 2432/100/1431 2433/100/1432
f 2434/100/1433 2432/100/1431 2431/100/1431
f 2435/100/1434 2436/100/1434 2437/100/1435
f 2438/100/1436 2436/100/1434 2435/100/1434
f 2439/100/1437 2440/100/1438 2441/100/1438
f 2441/100/1438 2440/100/1438 2442/100/1439
o RenderMesh_98041979967518
v -0.054344 0.134876 0.149471
v -0.009161 0.191355 0.149471
v -0.054344 0.191355 0.172691
v -0.099527 0.191355 0.149471
v -0.054344 0.134876 0.149471
v -0.054344 0.191355 0.172691
v -0.054344 0.247834 0.149471
v -0.099527 0.191355 0.149471
v -0.054344 0.191355 0.172691
v -0.009161 0.191355 0.149471
v -0.054344 0.247834 0.149471
v -0.054344 0.191355 0.172691
v -0.054344 0.247834 -0.149471
v -0.009161 0.191355 -0.149471
v -0.054344 0.191355 -0.172691
v -0.099527 0.191355 -0.149471
v -0.054344 0.247834 -0.149471
v -0.054344 0.191355 -0.172691
v -0.054344 0.134876 -0.149471
v -0.099527 0.191355 -0.149471
v -0.054344 0.191355 -0.172691
v -0.009161 0.191355 -0.149471
v -0.054344 0.134876 -0.149471
v -0.054344 0.191355 -0.172691
vn 0.4293 -0.3434 0.8353
vn -0.4293 -0.3434 0.8353
vn -0.4293 0.3437 0.8352
vn 0.4292 0.3439 0.8352
vn 0.4292 0.3439 -0.8352
vn -0.4293 0.3437 -0.8352
vn -0.4293 -0.3434 -0.8353
vn 0.4293 -0.3434 -0.8353
vt 0.000000 0.000000
s 1
f 2443/101/1440 2444/101/1440 2445/101/1440
f 2446/101/1441 2447/101/1441 2448/101/1441
f 2449/101/1442 2450/101/1442 2451/101/1442
f 2452/101/1443 2453/101/1443 2454/101/1443
f 2455/101/1444 2456/101/1444 2457/101/1444
f 2458/101/1445 2459/101/1445 2460/101/1445
f 2461/101/1446 2462/101/1446 2463/101/1446
f 2464/101/1447 2465/101/1447 2466/101/1447
o RenderMesh_90014227545502
v -0.496693 0.343748 -0.023426
v -0.496693 0.343748 0.023427
v -0.486380 0.355172 -0.023426
v -0.486380 0.355172 0.023427
v -0.493474 0.328697 0.023427
v -0.459905 0.348078 -0.023426
v -0.493474 0.328697 -0.023426
v -0.459905 0.348078 0.023427
v -0.466999 0.321603 0.023427
v -0.423770 0.320975 0.023427
v -0.466999 0.321603 -0.023426
v -0.423770 0.320975 -0.023426
v -0.440431 0.299212 -0.023426
v -0.390127 0.311960 0.023427
v -0.440431 0.299212 0.023427
v -0.390127 0.311960 -0.023426
v -0.427392 0.270717 -0.023426
v -0.295115 0.317057 0.023427
v -0.427392 0.270717 0.023427
v -0.295115 0.317057 -0.023426
v -0.426899 0.233083 -0.023426
v -0.294407 0.293551 0.023427
v -0.426899 0.233083 0.023427
v -0.294407 0.293551 -0.023427
v -0.433053 0.192903 -0.023426
v -0.411173 0.151584 -0.023426
v -0.433053 0.192903 0.023427
v -0.411173 0.151584 0.023427
v -0.411173 0.151584 0.023427
v -0.426899 0.233083 0.023427
v -0.433053 0.192903 0.023427
v -0.294407 0.293551 0.023427
v -0.390127 0.311960 0.023427
v -0.295115 0.317057 0.023427
v -0.427392 0.270717 0.023427
v -0.440431 0.299212 0.023427
v -0.423770 0.320975 0.023427
v -0.466999 0.321603 0.023427
v -0.459905 0.348078 0.023427
v -0.486380 0.355172 0.023427
v -0.493474 0.328697 0.023427
v -0.496693 0.343748 0.023427
v -0.294407 0.293551 -0.023427
v -0.390127 0.311960 -0.023426
v -0.295115 0.317057 -0.023426
v -0.426899 0.233083 -0.023426
v -0.411173 0.151584 -0.023426
v -0.433053 0.192903 -0.023426
v -0.427392 0.270717 -0.023426
v -0.440431 0.299212 -0.023426
v -0.423770 0.320975 -0.023426
v -0.466999 0.321603 -0.023426
v -0.459905 0.348078 -0.023426
v -0.486380 0.355172 -0.023426
v -0.493474 0.328697 -0.023426
v -0.496693 0.343748 -0.023426
vn -0.9660 0.2585 0.0005
vn -0.2833 0.9590 0.0005
vn -0.2834 0.9590 0.0003
vn -0.7248 -0.6889 0.0004
vn 0.4375 0.8992 0.0004
vn -0.4630 -0.8864 0.0004
vn 0.4375 0.8992 0.0003
vn -0.4630 -0.8863 0.0005
vn 0.4375 0.8992 0.0005
vn -0.7962 -0.6050 0.0005
vn 0.1036 0.9946 0.0004
vn 0.1036 0.9946 0.0005
vn -0.9757 -0.2191 0.0004
vn 0.6769 0.7361 -0.0000
vn 0.6768 0.7361 0.0005
vn -0.9976 0.0691 0.0004
vn 0.9465 -0.3227 0.0004
vn -0.9976 0.0691 0.0005
vn -0.9860 -0.1665 0.0004
vn -0.1006 -0.9949 0.0003
vn -0.9861 -0.1664 0.0005
vn -0.1007 -0.9949 0.0006
vn -0.0000 -0.0000 1.0000
vn -0.0000 -0.0003 1.0000
vn -0.0000 -0.0000 -1.0000
vn -0.0000 -0.0003 -1.0000
vt 0.000000 0.000000
s 1
f 2467/102/1448 2468/102/1448 2469/102/1449
f 2469/102/1449 2468/102/1448 2470/102/1450
f 2467/102/1448 2471/102/1451 2468/102/1448
f 2470/102/1450 2472/102/1452 2469/102/1449
f 2473/102/1451 2471/102/1451 2467/102/1448
f 2472/102/1452 2470/102/1450 2474/102/1452
f 2473/102/1451 2475/102/1453 2471/102/1451
f 2472/102/1452 2474/102/1452 2476/102/1454
f 2475/102/1453 2473/102/1451 2477/102/1455
f 2478/102/1456 2472/102/1452 2476/102/1454
f 2479/102/1457 2475/102/1453 2477/102/1455
f 2478/102/1456 2476/102/1454 2480/102/1458
f 2475/102/1453 2479/102/1457 2481/102/1457
f 2482/102/1459 2478/102/1456 2480/102/1458
f 2483/102/1460 2481/102/1457 2479/102/1457
f 2480/102/1458 2484/102/1461 2482/102/1459
f 2481/102/1457 2483/102/1460 2485/102/1460
f 2486/102/1462 2482/102/1459 2484/102/1461
f 2487/102/1463 2485/102/1460 2483/102/1460
f 2486/102/1462 2484/102/1461 2488/102/1464
f 2485/102/1460 2487/102/1463 2489/102/1465
f 2488/102/1464 2490/102/1464 2486/102/1462
f 2491/102/1466 2489/102/1465 2487/102/1463
f 2492/102/1467 2490/102/1464 2488/102/1464
f 2489/102/1465 2491/102/1466 2493/102/1468
f 2492/102/1467 2493/102/1468 2491/102/1466
f 2493/102/1468 2492/102/1467 2494/102/1469
f 2492/102/1467 2488/102/1464 2494/102/1469
f 2495/102/1470 2496/102/1470 2497/102/1470
f 2498/102/1470 2496/102/1470 2495/102/1470
f 2496/102/1470 2498/102/1470 2499/102/1470
f 2500/102/1471 2499/102/1470 2498/102/1470
f 2499/102/1470 2501/102/1470 2496/102/1470
f 2499/102/1470 2502/102/1470 2501/102/1470
f 2502/102/1470 2499/102/1470 2503/102/1470
f 2503/102/1470 2504/102/1470 2502/102/1470
f 2505/102/1470 2504/102/1470 2503/102/1470
f 2506/102/1470 2504/102/1470 2505/102/1470
f 2504/102/1470 2506/102/1470 2507/102/1470
f 2507/102/1470 2506/102/1470 2508/102/1470
f 2509/102/1472 2510/102/1472 2511/102/1473
f 2510/102/1472 2509/102/1472 2512/102/1472
f 2509/102/1472 2513/102/1472 2512/102/1472
f 2512/102/1472 2513/102/1472 2514/102/1472
f 2510/102/1472 2512/102/1472 2515/102/1472
f 2510/102/1472 2515/102/1472 2516/102/1472
f 2510/102/1472 2516/102/1472 2517/102/1472
f 2518/102/1472 2517/102/1472 2516/102/1472
f 2517/102/1472 2518/102/1472 2519/102/1472
f 2519/102/1472 2518/102/1472 2520/102/1472
f 2521/102/1472 2520/102/1472 2518/102/1472
f 2520/102/1472 2521/102/1472 2522/102/1472
o RenderMesh_14241791734
v -0.160909 0.180271 0.046010
v -0.160909 0.207793 0.018488
v -0.160909 0.188332 0.026549
v -0.160909 0.207793 0.073532
v -0.160909 0.188332 0.065471
v -0.160909 0.235315 0.046010
v -0.160909 0.227254 0.026549
v -0.160909 0.227254 0.065471
v -0.001828 0.190015 0.028232
v -0.001828 0.182651 0.046010
v -0.013836 0.190503 0.028719
v -0.013836 0.183341 0.046010
v -0.013836 0.190503 0.063300
v -0.001828 0.207793 0.020868
v -0.013836 0.207793 0.021557
v -0.013836 0.225084 0.028719
v 0.010178 0.191370 0.029586
v -0.001828 0.225571 0.028232
v -0.001828 0.190015 0.063787
v -0.001828 0.232935 0.046010
v -0.013836 0.232246 0.046010
v 0.010178 0.224216 0.029586
v -0.013836 0.225084 0.063300
v 0.010178 0.207793 0.022783
v -0.001828 0.225571 0.063787
v 0.023318 0.221006 0.032797
v 0.010178 0.231019 0.046010
v 0.010178 0.224216 0.062433
v -0.001828 0.207793 0.071151
v -0.013836 0.207793 0.070462
v 0.010178 0.191370 0.062433
v 0.010178 0.207793 0.069236
v 0.010178 0.184567 0.046010
v 0.023318 0.194580 0.059222
v 0.023318 0.221006 0.059222
v 0.023318 0.207793 0.064695
v 0.023318 0.194580 0.032797
v 0.023318 0.189107 0.046010
v 0.035326 0.199450 0.054353
v 0.035326 0.207793 0.057808
v 0.035326 0.195994 0.046010
v 0.035326 0.216136 0.054353
v 0.042349 0.207793 0.046010
v 0.035326 0.199450 0.037667
v 0.035326 0.219592 0.046010
v 0.035326 0.207793 0.034211
v 0.023318 0.207793 0.027324
v 0.035326 0.216136 0.037667
v 0.023318 0.226479 0.046010
v -0.025615 0.227254 0.026549
v -0.160909 0.207793 0.018488
v -0.160909 0.227254 0.026549
v -0.025615 0.207793 0.018488
v -0.025615 0.235315 0.046010
v -0.160909 0.188332 0.026549
v -0.160909 0.235315 0.046010
v -0.025615 0.188332 0.026549
v -0.025615 0.227254 0.065471
v -0.160909 0.180271 0.046010
v -0.160909 0.227254 0.065471
v -0.025615 0.180271 0.046010
v -0.025615 0.207793 0.073532
v -0.160909 0.188332 0.065471
v -0.160909 0.207793 0.073532
v -0.025615 0.188332 0.065471
v -0.013836 0.190503 0.028719
v -0.025615 0.180271 0.046010
v -0.025615 0.188332 0.026549
v -0.025615 0.207793 0.018488
v -0.013836 0.183341 0.046010
v -0.013836 0.207793 0.021557
v -0.013836 0.190503 0.063300
v -0.013836 0.225084 0.028719
v -0.025615 0.188332 0.065471
v -0.025615 0.227254 0.026549
v -0.025615 0.207793 0.073532
v -0.025615 0.235315 0.046010
v -0.013836 0.207793 0.070462
v -0.013836 0.232246 0.046010
v -0.013836 0.225084 0.063300
v -0.025615 0.227254 0.065471
vn -1.0000 0.0005 0.0005
vn 0.0491 -0.7063 -0.7062
vn 0.0493 -0.9988 0.0004
vn -0.0573 -0.7059 -0.7060
vn -0.0572 -0.9984 0.0005
vn -0.0573 -0.7059 0.7060
vn 0.0493 0.0003 -0.9988
vn -0.0572 0.0006 -0.9984
vn -0.0573 0.7059 -0.7059
vn 0.2381 -0.6868 -0.6868
vn 0.0492 0.7063 -0.7062
vn 0.0491 -0.7063 0.7062
vn 0.0493 0.9988 0.0003
vn -0.0571 0.9984 0.0006
vn 0.2381 0.6868 -0.6868
vn -0.0573 0.7059 0.7060
vn 0.2379 0.0004 -0.9713
vn 0.0492 0.7062 0.7063
vn 0.4058 0.6463 -0.6463
vn 0.2380 0.9713 0.0003
vn 0.2381 0.6868 0.6868
vn 0.0493 0.0003 0.9988
vn -0.0572 0.0006 0.9984
vn 0.2381 -0.6868 0.6868
vn 0.2380 0.0003 0.9713
vn 0.2380 -0.9713 0.0003
vn 0.4059 -0.6462 0.6462
vn 0.4059 0.6462 0.6462
vn 0.4059 0.0004 0.9139
vn 0.4055 -0.6464 -0.6464
vn 0.4059 -0.9139 0.0005
vn 0.6715 -0.5240 0.5240
vn 0.6716 0.0006 0.7409
vn 0.6716 -0.7409 0.0005
vn 0.6715 0.5240 0.5240
vn 1.0000 0.0004 0.0004
vn 0.6715 -0.5240 -0.5240
vn 0.6716 0.7409 0.0005
vn 0.6716 0.0005 -0.7409
vn 0.4058 0.0004 -0.9140
vn 0.6715 0.5240 -0.5240
vn 0.4059 0.9139 0.0005
vn -0.0000 0.7071 -0.7071
vn 0.0005 0.0005 -1.0000
vn 0.0005 1.0000 0.0005
vn -0.0000 -0.7071 -0.7071
vn -0.0000 0.7071 0.7071
vn 0.0005 -1.0000 0.0005
vn 0.0005 0.0005 1.0000
vn -0.0000 -0.7071 0.7071
vn 0.2525 -0.6842 -0.6842
vn 0.2525 -0.9676 0.0005
vn 0.2522 -0.6843 -0.6842
vn 0.2525 0.0005 -0.9676
vn 0.2525 -0.9676 0.0004
vn 0.2522 -0.6842 0.6842
vn 0.2525 0.6842 -0.6842
vn 0.2524 0.6842 -0.6842
vn 0.2526 0.0006 0.9676
vn 0.2526 0.9676 0.0005
vn 0.2525 0.0005 0.9676
vn 0.2525 0.9676 0.0005
vn 0.2525 0.6842 0.6842
vn 0.2522 0.6842 0.6843
vt 0.000000 0.000000
s 1
f 2523/103/1474 2524/103/1474 2525/103/1474
f 2526/103/1474 2524/103/1474 2523/103/1474
f 2526/103/1474 2523/103/1474 2527/103/1474
f 2526/103/1474 2528/103/1474 2524/103/1474
f 2524/103/1474 2528/103/1474 2529/103/1474
f 2528/103/1474 2526/103/1474 2530/103/1474
f 2531/103/1475 2532/103/1476 2533/103/1477
f 2533/103/1477 2532/103/1476 2534/103/1478
f 2532/103/1476 2535/103/1479 2534/103/1478
f 2533/103/1477 2536/103/1480 2531/103/1475
f 2536/103/1480 2533/103/1477 2537/103/1481
f 2538/103/1482 2536/103/1480 2537/103/1481
f 2536/103/1480 2539/103/1483 2531/103/1475
f 2539/103/1483 2532/103/1476 2531/103/1475
f 2540/103/1484 2536/103/1480 2538/103/1482
f 2535/103/1479 2532/103/1476 2541/103/1485
f 2538/103/1482 2542/103/1486 2540/103/1484
f 2542/103/1486 2538/103/1482 2543/103/1487
f 2544/103/1488 2536/103/1480 2540/103/1484
f 2544/103/1488 2540/103/1484 2542/103/1486
f 2542/103/1486 2543/103/1487 2545/103/1489
f 2536/103/1480 2544/103/1488 2546/103/1490
f 2546/103/1490 2539/103/1483 2536/103/1480
f 2542/103/1486 2545/103/1489 2547/103/1491
f 2548/103/1492 2546/103/1490 2544/103/1488
f 2544/103/1488 2542/103/1486 2549/103/1493
f 2548/103/1492 2544/103/1488 2549/103/1493
f 2550/103/1494 2542/103/1486 2547/103/1491
f 2542/103/1486 2550/103/1494 2549/103/1493
f 2545/103/1489 2551/103/1495 2547/103/1491
f 2551/103/1495 2550/103/1494 2547/103/1491
f 2551/103/1495 2545/103/1489 2552/103/1496
f 2535/103/1479 2551/103/1495 2552/103/1496
f 2541/103/1485 2551/103/1495 2535/103/1479
f 2553/103/1497 2551/103/1495 2541/103/1485
f 2532/103/1476 2553/103/1497 2541/103/1485
f 2554/103/1498 2550/103/1494 2551/103/1495
f 2551/103/1495 2553/103/1497 2554/103/1498
f 2555/103/1499 2553/103/1497 2532/103/1476
f 2532/103/1476 2539/103/1483 2555/103/1499
f 2556/103/1500 2554/103/1498 2553/103/1497
f 2555/103/1499 2556/103/1500 2553/103/1497
f 2554/103/1498 2557/103/1501 2550/103/1494
f 2557/103/1501 2549/103/1493 2550/103/1494
f 2554/103/1498 2556/103/1500 2558/103/1502
f 2558/103/1502 2557/103/1501 2554/103/1498
f 2559/103/1503 2555/103/1499 2539/103/1483
f 2546/103/1490 2559/103/1503 2539/103/1483
f 2560/103/1504 2556/103/1500 2555/103/1499
f 2555/103/1499 2559/103/1503 2560/103/1504
f 2561/103/1505 2558/103/1502 2556/103/1500
f 2560/103/1504 2561/103/1505 2556/103/1500
f 2558/103/1502 2561/103/1505 2562/103/1506
f 2563/103/1507 2561/103/1505 2560/103/1504
f 2562/103/1506 2564/103/1508 2558/103/1502
f 2558/103/1502 2564/103/1508 2557/103/1501
f 2561/103/1505 2565/103/1509 2562/103/1506
f 2563/103/1507 2565/103/1509 2561/103/1505
f 2562/103/1506 2565/103/1509 2564/103/1508
f 2560/103/1504 2566/103/1510 2563/103/1507
f 2566/103/1510 2560/103/1504 2559/103/1503
f 2566/103/1510 2565/103/1509 2563/103/1507
f 2564/103/1508 2565/103/1509 2567/103/1511
f 2568/103/1512 2565/103/1509 2566/103/1510
f 2569/103/1513 2566/103/1510 2559/103/1503
f 2568/103/1512 2566/103/1510 2569/103/1513
f 2559/103/1503 2546/103/1490 2569/103/1513
f 2546/103/1490 2548/103/1492 2569/103/1513
f 2569/103/1513 2570/103/1514 2568/103/1512
f 2570/103/1514 2565/103/1509 2568/103/1512
f 2570/103/1514 2569/103/1513 2548/103/1492
f 2567/103/1511 2565/103/1509 2570/103/1514
f 2571/103/1515 2564/103/1508 2567/103/1511
f 2570/103/1514 2571/103/1515 2567/103/1511
f 2570/103/1514 2548/103/1492 2571/103/1515
f 2564/103/1508 2571/103/1515 2557/103/1501
f 2548/103/1492 2549/103/1493 2571/103/1515
f 2549/103/1493 2557/103/1501 2571/103/1515
f 2572/103/1516 2573/103/1517 2574/103/1516
f 2573/103/1517 2572/103/1516 2575/103/1517
f 2572/103/1516 2574/103/1516 2576/103/1518
f 2575/103/1517 2577/103/1519 2573/103/1517
f 2578/103/1518 2576/103/1518 2574/103/1516
f 2577/103/1519 2575/103/1517 2579/103/1519
f 2576/103/1518 2578/103/1518 2580/103/1520
f 2579/103/1519 2581/103/1521 2577/103/1519
f 2582/103/1520 2580/103/1520 2578/103/1518
f 2581/103/1521 2579/103/1519 2583/103/1521
f 2582/103/1520 2584/103/1522 2580/103/1520
f 2583/103/1521 2585/103/1523 2581/103/1521
f 2584/103/1522 2582/103/1520 2586/103/1522
f 2585/103/1523 2583/103/1521 2587/103/1523
f 2586/103/1522 2587/103/1523 2584/103/1522
f 2587/103/1523 2586/103/1522 2585/103/1523
f 2588/103/1524 2589/103/1525 2590/103/1526
f 2591/103/1527 2588/103/1524 2590/103/1526
f 2589/103/1525 2588/103/1524 2592/103/1528
f 2593/103/1527 2588/103/1524 2591/103/1527
f 2592/103/1528 2594/103/1529 2589/103/1525
f 2591/103/1527 2595/103/1530 2593/103/1527
f 2589/103/1525 2594/103/1529 2596/103/1529
f 2595/103/1530 2591/103/1527 2597/103/1531
f 2594/103/1529 2598/103/1532 2596/103/1529
f 2595/103/1530 2597/103/1531 2599/103/1533
f 2598/103/1532 2594/103/1529 2600/103/1534
f 2595/103/1530 2599/103/1533 2601/103/1535
f 2600/103/1534 2602/103/1536 2598/103/1532
f 2599/103/1533 2602/103/1536 2601/103/1535
f 2598/103/1532 2602/103/1536 2603/103/1537
f 2602/103/1536 2599/103/1533 2603/103/1537
o RenderMesh_14241791573
v -0.162380 0.207459 -0.026292
v -0.162380 0.179937 -0.053814
v -0.162380 0.187998 -0.034353
v -0.162380 0.207459 -0.081336
v -0.162380 0.187998 -0.073275
v -0.162380 0.234981 -0.053814
v -0.162380 0.226920 -0.073275
v -0.162380 0.226920 -0.034353
v 0.008707 0.207459 -0.077041
v 0.008707 0.191036 -0.070238
v -0.003299 0.207459 -0.078956
v -0.003299 0.189681 -0.071592
v -0.003299 0.182318 -0.053814
v -0.015307 0.190169 -0.071105
v -0.015307 0.207459 -0.078267
v -0.015307 0.224750 -0.071105
v -0.015307 0.183007 -0.053814
v -0.003299 0.225237 -0.071592
v -0.015307 0.190169 -0.036524
v 0.008707 0.223883 -0.070238
v -0.003299 0.232601 -0.053814
v -0.015307 0.231912 -0.053814
v -0.015307 0.224750 -0.036524
v -0.003299 0.189681 -0.036037
v -0.003299 0.225237 -0.036037
v -0.003299 0.207459 -0.028673
v -0.015307 0.207459 -0.029362
v 0.008707 0.223883 -0.037391
v 0.008707 0.191036 -0.037391
v 0.008707 0.207459 -0.030588
v 0.008707 0.230685 -0.053814
v 0.021847 0.220672 -0.040602
v 0.021847 0.220672 -0.067027
v 0.021847 0.226145 -0.053814
v 0.021847 0.207459 -0.035129
v 0.021847 0.207459 -0.072500
v 0.033855 0.215802 -0.045471
v 0.033855 0.219258 -0.053814
v 0.033855 0.215802 -0.062157
v 0.040878 0.207459 -0.053814
v 0.033855 0.207459 -0.042016
v 0.033855 0.207459 -0.065613
v 0.033855 0.199116 -0.062157
v 0.021847 0.194246 -0.067027
v 0.033855 0.195661 -0.053814
v 0.033855 0.199116 -0.045471
v 0.021847 0.188773 -0.053814
v 0.008707 0.184233 -0.053814
v 0.021847 0.194246 -0.040602
v -0.027086 0.226920 -0.073275
v -0.162380 0.207459 -0.081336
v -0.162380 0.226920 -0.073275
v -0.027086 0.207459 -0.081336
v -0.027086 0.234981 -0.053814
v -0.162380 0.187998 -0.073275
v -0.162380 0.234981 -0.053814
v -0.027086 0.187998 -0.073275
v -0.027086 0.226920 -0.034353
v -0.162380 0.179937 -0.053814
v -0.162380 0.226920 -0.034353
v -0.027086 0.179937 -0.053814
v -0.027086 0.207459 -0.026292
v -0.162380 0.187998 -0.034353
v -0.162380 0.207459 -0.026292
v -0.027086 0.187998 -0.034353
v -0.015307 0.190169 -0.071105
v -0.027086 0.179937 -0.053814
v -0.027086 0.187998 -0.073275
v -0.027086 0.207459 -0.081336
v -0.015307 0.183007 -0.053814
v -0.015307 0.207459 -0.078267
v -0.015307 0.190169 -0.036524
v -0.015307 0.224750 -0.071105
v -0.027086 0.187998 -0.034353
v -0.027086 0.226920 -0.073275
v -0.027086 0.207459 -0.026292
v -0.027086 0.234981 -0.053814
v -0.015307 0.207459 -0.029362
v -0.015307 0.231912 -0.053814
v -0.015307 0.224750 -0.036524
v -0.027086 0.226920 -0.034353
vn -1.0000 0.0005 0.0005
vn 0.2380 0.0003 -0.9713
vn 0.2381 -0.6868 -0.6868
vn 0.0491 -0.0000 -0.9988
vn 0.0495 -0.7062 -0.7063
vn 0.0493 -0.9988 0.0003
vn -0.0568 -0.7060 -0.7060
vn -0.0572 0.0006 -0.9984
vn -0.0573 0.7059 -0.7059
vn -0.0571 -0.9984 0.0006
vn 0.0495 0.7062 -0.7062
vn -0.0573 -0.7059 0.7059
vn 0.2381 0.6868 -0.6868
vn 0.0492 0.9988 -0.0000
vn -0.0571 0.9984 0.0006
vn -0.0573 0.7059 0.7060
vn 0.0495 -0.7062 0.7063
vn 0.0491 0.7062 0.7063
vn 0.0491 -0.0000 0.9988
vn -0.0572 0.0006 0.9984
vn 0.2381 0.6868 0.6868
vn 0.2381 -0.6868 0.6868
vn 0.2380 0.0003 0.9713
vn 0.2379 0.9713 0.0004
vn 0.4058 0.6463 0.6463
vn 0.4055 0.6464 -0.6464
vn 0.4059 0.9139 0.0004
vn 0.4059 0.0004 0.9139
vn 0.4059 0.0004 -0.9139
vn 0.6715 0.5240 0.5240
vn 0.6716 0.7409 0.0005
vn 0.6715 0.5240 -0.5240
vn 1.0000 0.0004 0.0004
vn 0.6716 0.0005 0.7409
vn 0.6716 0.0005 -0.7409
vn 0.6715 -0.5240 -0.5240
vn 0.4055 -0.6464 -0.6464
vn 0.6715 -0.7410 0.0003
vn 0.6715 -0.5240 0.5240
vn 0.4059 -0.9139 0.0004
vn 0.2378 -0.9713 0.0004
vn 0.4059 -0.6462 0.6462
vn -0.0000 0.7071 -0.7071
vn 0.0005 0.0005 -1.0000
vn 0.0005 1.0000 0.0005
vn -0.0000 -0.7071 -0.7071
vn -0.0000 0.7071 0.7071
vn 0.0005 -1.0000 0.0005
vn 0.0005 0.0005 1.0000
vn -0.0000 -0.7071 0.7071
vn 0.2525 -0.6842 -0.6842
vn 0.2525 -0.9676 0.0005
vn 0.2522 -0.6843 -0.6842
vn 0.2525 0.0005 -0.9676
vn 0.2525 -0.9676 0.0004
vn 0.2522 -0.6842 0.6842
vn 0.2525 0.6842 -0.6842
vn 0.2524 0.6842 -0.6842
vn 0.2526 0.0006 0.9676
vn 0.2526 0.9676 0.0005
vn 0.2525 0.0005 0.9676
vn 0.2525 0.9676 0.0005
vn 0.2525 0.6842 0.6842
vn 0.2522 0.6842 0.6843
vt 0.000000 0.000000
s 1
f 2604/104/1538 2605/104/1538 2606/104/1538
f 2604/104/1538 2607/104/1538 2605/104/1538
f 2605/104/1538 2607/104/1538 2608/104/1538
f 2604/104/1538 2609/104/1538 2607/104/1538
f 2607/104/1538 2609/104/1538 2610/104/1538
f 2609/104/1538 2604/104/1538 2611/104/1538
f 2612/104/1539 2613/104/1540 2614/104/1541
f 2614/104/1541 2613/104/1540 2615/104/1542
f 2613/104/1540 2616/104/1543 2615/104/1542
f 2617/104/1544 2614/104/1541 2615/104/1542
f 2615/104/1542 2616/104/1543 2617/104/1544
f 2614/104/1541 2617/104/1544 2618/104/1545
f 2619/104/1546 2614/104/1541 2618/104/1545
f 2617/104/1544 2616/104/1543 2620/104/1547
f 2621/104/1548 2614/104/1541 2619/104/1546
f 2616/104/1543 2622/104/1549 2620/104/1547
f 2623/104/1550 2614/104/1541 2621/104/1548
f 2614/104/1541 2623/104/1550 2612/104/1539
f 2619/104/1546 2624/104/1551 2621/104/1548
f 2623/104/1550 2621/104/1548 2624/104/1551
f 2624/104/1551 2619/104/1546 2625/104/1552
f 2624/104/1551 2625/104/1552 2626/104/1553
f 2622/104/1549 2616/104/1543 2627/104/1554
f 2624/104/1551 2626/104/1553 2628/104/1555
f 2627/104/1554 2629/104/1556 2622/104/1549
f 2626/104/1553 2629/104/1556 2628/104/1555
f 2629/104/1556 2626/104/1553 2630/104/1557
f 2622/104/1549 2629/104/1556 2630/104/1557
f 2629/104/1556 2631/104/1558 2628/104/1555
f 2631/104/1558 2624/104/1551 2628/104/1555
f 2632/104/1559 2629/104/1556 2627/104/1554
f 2616/104/1543 2632/104/1559 2627/104/1554
f 2633/104/1560 2631/104/1558 2629/104/1556
f 2629/104/1556 2632/104/1559 2633/104/1560
f 2624/104/1551 2631/104/1558 2634/104/1561
f 2623/104/1550 2624/104/1551 2634/104/1561
f 2633/104/1560 2635/104/1562 2631/104/1558
f 2635/104/1562 2634/104/1561 2631/104/1558
f 2636/104/1563 2623/104/1550 2634/104/1561
f 2636/104/1563 2612/104/1539 2623/104/1550
f 2634/104/1561 2635/104/1562 2637/104/1564
f 2636/104/1563 2634/104/1561 2637/104/1564
f 2638/104/1565 2635/104/1562 2633/104/1560
f 2612/104/1539 2636/104/1563 2639/104/1566
f 2640/104/1567 2637/104/1564 2635/104/1562
f 2638/104/1565 2640/104/1567 2635/104/1562
f 2637/104/1564 2640/104/1567 2641/104/1568
f 2642/104/1569 2636/104/1563 2637/104/1564
f 2642/104/1569 2637/104/1564 2641/104/1568
f 2642/104/1569 2639/104/1566 2636/104/1563
f 2640/104/1567 2643/104/1570 2641/104/1568
f 2641/104/1568 2643/104/1570 2642/104/1569
f 2644/104/1571 2640/104/1567 2638/104/1565
f 2644/104/1571 2643/104/1570 2640/104/1567
f 2639/104/1566 2642/104/1569 2645/104/1572
f 2642/104/1569 2643/104/1570 2645/104/1572
f 2645/104/1572 2646/104/1573 2639/104/1566
f 2645/104/1572 2643/104/1570 2646/104/1573
f 2639/104/1566 2647/104/1574 2612/104/1539
f 2639/104/1566 2646/104/1573 2647/104/1574
f 2612/104/1539 2647/104/1574 2613/104/1540
f 2646/104/1573 2643/104/1570 2648/104/1575
f 2649/104/1576 2643/104/1570 2644/104/1571
f 2648/104/1575 2643/104/1570 2649/104/1576
f 2638/104/1565 2649/104/1576 2644/104/1571
f 2650/104/1577 2646/104/1573 2648/104/1575
f 2646/104/1573 2650/104/1577 2647/104/1574
f 2648/104/1575 2649/104/1576 2650/104/1577
f 2647/104/1574 2651/104/1578 2613/104/1540
f 2651/104/1578 2647/104/1574 2650/104/1577
f 2616/104/1543 2613/104/1540 2651/104/1578
f 2651/104/1578 2632/104/1559 2616/104/1543
f 2649/104/1576 2638/104/1565 2652/104/1579
f 2650/104/1577 2649/104/1576 2652/104/1579
f 2650/104/1577 2652/104/1579 2651/104/1578
f 2651/104/1578 2652/104/1579 2632/104/1559
f 2633/104/1560 2652/104/1579 2638/104/1565
f 2652/104/1579 2633/104/1560 2632/104/1559
f 2653/104/1580 2654/104/1581 2655/104/1580
f 2654/104/1581 2653/104/1580 2656/104/1581
f 2653/104/1580 2655/104/1580 2657/104/1582
f 2656/104/1581 2658/104/1583 2654/104/1581
f 2659/104/1582 2657/104/1582 2655/104/1580
f 2658/104/1583 2656/104/1581 2660/104/1583
f 2657/104/1582 2659/104/1582 2661/104/1584
f 2660/104/1583 2662/104/1585 2658/104/1583
f 2663/104/1584 2661/104/1584 2659/104/1582
f 2662/104/1585 2660/104/1583 2664/104/1585
f 2663/104/1584 2665/104/1586 2661/104/1584
f 2664/104/1585 2666/104/1587 2662/104/1585
f 2665/104/1586 2663/104/1584 2667/104/1586
f 2666/104/1587 2664/104/1585 2668/104/1587
f 2667/104/1586 2668/104/1587 2665/104/1586
f 2668/104/1587 2667/104/1586 2666/104/1587
f 2669/104/1588 2670/104/1589 2671/104/1590
f 2672/104/1591 2669/104/1588 2671/104/1590
f 2670/104/1589 2669/104/1588 2673/104/1592
f 2674/104/1591 2669/104/1588 2672/104/1591
f 2673/104/1592 2675/104/1593 2670/104/1589
f 2672/104/1591 2676/104/1594 2674/104/1591
f 2670/104/1589 2675/104/1593 2677/104/1593
f 2676/104/1594 2672/104/1591 2678/104/1595
f 2675/104/1593 2679/104/1596 2677/104/1593
f 2676/104/1594 2678/104/1595 2680/104/1597
f 2679/104/1596 2675/104/1593 2681/104/1598
f 2676/104/1594 2680/104/1597 2682/104/1599
f 2681/104/1598 2683/104/1600 2679/104/1596
f 2680/104/1597 2683/104/1600 2682/104/1599
f 2679/104/1596 2683/104/1600 2684/104/1601
f 2683/104/1600 2680/104/1597 2684/104/1601
