# Blender 5.2.2 LTS
# www.blender.org
mtllib hydro pistols.mtl
o RenderMesh_75824549175291
v -0.172126 0.281403 0.023449
v -0.171360 0.281309 0.025622
v -0.189087 0.313889 0.032053
v -0.181542 0.245078 0.026432
v -0.067804 0.328532 -0.012229
v -0.060736 0.315969 -0.011025
v -0.062065 0.316131 -0.014787
v -0.066476 0.328370 -0.008467
v -0.075280 0.337710 -0.009197
v -0.073952 0.337549 -0.005436
v -0.050500 0.266300 -0.003733
v -0.058671 0.258344 0.001451
v -0.059696 0.257666 -0.001203
v -0.051525 0.265623 -0.006388
v -0.047890 0.279247 -0.008045
v -0.048914 0.278569 -0.010700
v -0.059996 0.267458 -0.030650
v -0.068978 0.258797 -0.027509
v -0.069825 0.259703 -0.030160
v -0.059150 0.266552 -0.027999
v -0.054066 0.279196 -0.025302
v -0.054914 0.280103 -0.027952
v -0.115023 0.302297 0.003304
v -0.110780 0.310047 0.006377
v -0.112109 0.310208 0.002615
v -0.113696 0.302135 0.007066
v -0.091540 0.325046 -0.004004
v -0.090213 0.324884 -0.000242
v -0.075280 0.337710 -0.009197
v -0.073952 0.337549 -0.005436
v -0.084752 0.314239 0.011935
v -0.065480 0.319560 -0.024994
v -0.095203 0.315513 -0.017683
v -0.056910 0.318516 -0.000706
v -0.110466 0.304579 0.018107
v -0.041647 0.317781 -0.009083
v -0.119359 0.305662 -0.007098
v -0.048362 0.318599 -0.028116
v -0.134393 0.296303 0.021296
v -0.029263 0.314843 -0.017288
v -0.033655 0.315378 -0.029735
v -0.012419 0.303340 -0.030735
v -0.140217 0.297013 0.004788
v -0.154312 0.287666 0.023876
v -0.157581 0.288064 0.014607
v -0.189087 0.313889 0.032053
v -0.114131 0.276253 0.013439
v -0.108141 0.265175 0.017356
v -0.107504 0.266331 0.019651
v -0.113494 0.277408 0.015734
v -0.110313 0.255682 0.022739
v -0.109676 0.256838 0.025034
v -0.120963 0.278318 -0.005434
v -0.118139 0.266394 -0.010980
v -0.120053 0.276974 -0.003344
v -0.119050 0.267738 -0.013071
v -0.124370 0.258628 -0.016610
v -0.123459 0.257284 -0.014520
v -0.119359 0.305662 -0.007098
v -0.090399 0.271701 -0.021262
v -0.115919 0.274292 -0.009660
v -0.095203 0.315513 -0.017683
v -0.140217 0.297013 0.004788
v -0.060636 0.275372 -0.028604
v -0.137939 0.276228 0.003090
v -0.065480 0.319560 -0.024994
v -0.157581 0.288064 0.014607
v -0.044183 0.280484 -0.031229
v -0.048362 0.318599 -0.028116
v -0.030544 0.287012 -0.032052
v -0.033655 0.315378 -0.029735
v -0.012419 0.303340 -0.030735
v -0.156647 0.279535 0.013910
v -0.172126 0.281403 0.023449
v -0.181542 0.245078 0.026432
v -0.189087 0.313889 0.032053
v -0.079948 0.270427 0.008357
v -0.052066 0.274328 -0.004316
v -0.084752 0.314239 0.011935
v -0.056910 0.318516 -0.000706
v -0.110466 0.304579 0.018107
v -0.037468 0.279665 -0.012196
v -0.107026 0.273208 0.015544
v -0.041647 0.317781 -0.009083
v -0.134393 0.296303 0.021296
v -0.026152 0.286477 -0.019605
v -0.029263 0.314843 -0.017288
v -0.012419 0.303340 -0.030735
v -0.132114 0.275518 0.019598
v -0.154312 0.287666 0.023876
v -0.153377 0.279136 0.023179
v -0.171360 0.281309 0.025622
v -0.189087 0.313889 0.032053
v -0.181542 0.245078 0.026432
v -0.044183 0.280484 -0.031229
v -0.052066 0.274328 -0.004316
v -0.060636 0.275372 -0.028604
v -0.037468 0.279665 -0.012196
v -0.079948 0.270427 0.008357
v -0.030544 0.287012 -0.032052
v -0.026152 0.286477 -0.019605
v -0.012419 0.303340 -0.030735
v -0.090399 0.271701 -0.021262
v -0.115919 0.274292 -0.009660
v -0.107026 0.273208 0.015544
v -0.137939 0.276228 0.003090
v -0.132114 0.275518 0.019598
v -0.156647 0.279535 0.013910
v -0.153377 0.279136 0.023179
v -0.181542 0.245078 0.026432
v -0.070086 0.275359 -0.024724
v -0.059996 0.267458 -0.030650
v -0.069825 0.259703 -0.030160
v -0.054914 0.280103 -0.027952
v -0.061858 0.274357 -0.001405
v -0.050500 0.266300 -0.003733
v -0.047890 0.279247 -0.008045
v -0.058671 0.258344 0.001451
v -0.102806 0.274085 -0.012714
v -0.112138 0.265444 -0.017556
v -0.103718 0.275429 -0.014804
v -0.111228 0.264100 -0.015466
v -0.116086 0.261242 -0.015187
v -0.116997 0.262586 -0.017277
v -0.123459 0.257284 -0.014520
v -0.124370 0.258628 -0.016610
v -0.094268 0.274277 0.011977
v -0.099371 0.263889 0.018625
v -0.100009 0.262733 0.016330
v -0.094905 0.273122 0.009682
v -0.104045 0.259775 0.018940
v -0.103408 0.260931 0.021234
v -0.110313 0.255682 0.022739
v -0.109676 0.256838 0.025034
v -0.120963 0.278318 -0.005434
v -0.103718 0.275429 -0.014804
v -0.112138 0.265444 -0.017556
v -0.119050 0.267738 -0.013071
v -0.116997 0.262586 -0.017277
v -0.124370 0.258628 -0.016610
v -0.094268 0.274277 0.011977
v -0.107504 0.266331 0.019651
v -0.099371 0.263889 0.018625
v -0.113494 0.277408 0.015734
v -0.103408 0.260931 0.021234
v -0.109676 0.256838 0.025034
v -0.062065 0.316131 -0.014787
v -0.112109 0.310208 0.002615
v -0.067804 0.328532 -0.012229
v -0.115023 0.302297 0.003304
v -0.091540 0.325046 -0.004004
v -0.075280 0.337710 -0.009197
v -0.066476 0.328370 -0.008467
v -0.110780 0.310047 0.006377
v -0.060736 0.315969 -0.011025
v -0.113696 0.302135 0.007066
v -0.090213 0.324884 -0.000242
v -0.073952 0.337549 -0.005436
v -0.114131 0.276253 0.013439
v -0.094905 0.273122 0.009682
v -0.108141 0.265175 0.017356
v -0.100009 0.262733 0.016330
v -0.104045 0.259775 0.018940
v -0.110313 0.255682 0.022739
v -0.111228 0.264100 -0.015466
v -0.120053 0.276974 -0.003344
v -0.118139 0.266394 -0.010980
v -0.102806 0.274085 -0.012714
v -0.116086 0.261242 -0.015187
v -0.123459 0.257284 -0.014520
v -0.048914 0.278569 -0.010700
v -0.051525 0.265623 -0.006388
v -0.062884 0.273679 -0.004060
v -0.059696 0.257666 -0.001203
v -0.069239 0.274453 -0.022074
v -0.068978 0.258797 -0.027509
v -0.059150 0.266552 -0.027999
v -0.054066 0.279196 -0.025302
v -0.113494 0.277408 0.015734
v -0.094905 0.273122 0.009682
v -0.114131 0.276253 0.013439
v -0.094268 0.274277 0.011977
v -0.120053 0.276974 -0.003344
v -0.102806 0.274085 -0.012714
v -0.120963 0.278318 -0.005434
v -0.103718 0.275429 -0.014804
v -0.062884 0.273679 -0.004060
v -0.047890 0.279247 -0.008045
v -0.048914 0.278569 -0.010700
v -0.061858 0.274357 -0.001405
v -0.069239 0.274453 -0.022074
v -0.054914 0.280103 -0.027952
v -0.070086 0.275359 -0.024724
v -0.054066 0.279196 -0.025302
v -0.113696 0.302135 0.007066
v -0.062065 0.316131 -0.014787
v -0.060736 0.315969 -0.011025
v -0.115023 0.302297 0.003304
v -0.058671 0.258344 0.001451
v -0.062884 0.273679 -0.004060
v -0.059696 0.257666 -0.001203
v -0.061858 0.274357 -0.001405
v -0.070086 0.275359 -0.024724
v -0.068978 0.258797 -0.027509
v -0.069239 0.274453 -0.022074
v -0.069825 0.259703 -0.030160
vn -0.9431 -0.0257 0.3316
vn -0.9289 -0.1871 0.3197
vn -0.8229 -0.5007 0.2684
vn -0.9065 0.2622 0.3309
vn 0.8228 0.5008 -0.2688
vn 0.8479 0.4502 -0.2801
vn 0.7559 0.6089 -0.2405
vn 0.7178 0.6589 -0.2249
vn 0.7179 0.6589 -0.2247
vn 0.7368 -0.6664 -0.1145
vn 0.6722 -0.7369 -0.0714
vn 0.8981 -0.3581 -0.2554
vn 0.9177 -0.2792 -0.2827
vn 0.9177 -0.2792 -0.2826
vn 0.6974 -0.5799 -0.4211
vn 0.5485 -0.7219 -0.4219
vn 0.5485 -0.7219 -0.4220
vn 0.7683 -0.4892 -0.4128
vn 0.8845 -0.2752 -0.3768
vn -0.8779 0.3518 0.3249
vn -0.8160 0.4885 0.3089
vn -0.6682 0.6949 0.2657
vn -0.8779 0.3516 0.3250
vn -0.5454 0.8068 0.2271
vn -0.5295 0.8187 0.2220
vn -0.5515 0.8021 0.2291
vn -0.2834 0.9486 0.1408
vn 0.0172 0.9992 0.0369
vn -0.1500 0.9841 0.0952
vn -0.0917 0.9930 0.0750
vn -0.3082 0.9395 0.1492
vn 0.0775 0.9969 0.0155
vn -0.3142 0.9372 0.1512
vn 0.1651 0.9862 -0.0158
vn -0.3507 0.9221 0.1634
vn 0.2420 0.9693 -0.0437
vn 0.3805 0.9199 -0.0947
vn 0.4840 0.8648 -0.1336
vn -0.3148 0.9370 0.1514
vn 0.3020 0.9510 -0.0657
vn -0.2483 0.9601 0.1289
vn 0.5686 0.8057 -0.1659
vn -0.8578 -0.3223 0.4003
vn -0.8957 -0.2442 0.3716
vn -0.9682 0.1712 0.1825
vn -0.9508 0.2856 0.1200
vn -0.9277 -0.3138 0.2022
vn -0.9387 -0.2051 0.2771
vn -0.8436 0.2020 0.4976
vn -0.8081 0.2681 0.5246
vn -0.8081 0.2680 0.5246
vn -0.4600 0.0221 -0.8877
vn -0.2951 0.0456 -0.9544
vn -0.4403 0.0250 -0.8975
vn -0.3292 0.0410 -0.9434
vn -0.4994 0.0160 -0.8662
vn -0.2031 0.0576 -0.9775
vn -0.4993 0.0160 -0.8663
vn -0.2156 0.0560 -0.9749
vn -0.5122 0.0082 -0.8588
vn -0.1327 0.0662 -0.9889
vn -0.1429 0.0650 -0.9876
vn -0.0609 0.0746 -0.9954
vn -0.0633 0.0743 -0.9952
vn -0.0008 0.0813 -0.9967
vn -0.5087 0.0214 -0.8607
vn -0.5128 0.0087 -0.8584
vn -0.5179 0.0642 -0.8530
vn -0.5068 -0.0365 -0.8613
vn 0.3426 -0.0391 0.9387
vn 0.4537 -0.0230 0.8908
vn 0.3074 -0.0439 0.9506
vn 0.4391 -0.0253 0.8981
vn 0.1941 -0.0587 0.9792
vn 0.5201 -0.0127 0.8540
vn 0.2101 -0.0567 0.9760
vn 0.5038 -0.0153 0.8637
vn 0.1542 -0.0636 0.9860
vn 0.5917 -0.0010 0.8061
vn 0.5743 -0.0039 0.8186
vn 0.6260 0.0050 0.7798
vn 0.1539 -0.0635 0.9860
vn 0.1413 -0.0755 0.9871
vn 0.1417 -0.0534 0.9885
vn 0.1370 -0.0657 0.9884
vn 0.1438 -0.1157 0.9828
vn 0.1328 -0.0152 0.9910
vn 0.3671 -0.9147 -0.1688
vn 0.1267 -0.9881 -0.0872
vn 0.2317 -0.9649 -0.1233
vn 0.2919 -0.9456 -0.1437
vn -0.0706 -0.9973 -0.0180
vn 0.5388 -0.8118 -0.2250
vn 0.4488 -0.8719 -0.1958
vn 0.6564 -0.7075 -0.2620
vn 0.0694 -0.9953 -0.0673
vn -0.1024 -0.9947 -0.0066
vn -0.0958 -0.9954 -0.0090
vn -0.1023 -0.9947 -0.0067
vn -0.1438 -0.9896 0.0082
vn 0.0032 -0.9990 -0.0441
vn 0.4996 -0.8398 -0.2124
vn 0.7257 -0.6271 -0.2830
vn -0.2895 0.3096 -0.9057
vn -0.2895 0.3097 -0.9057
vn 0.3503 0.2316 0.9075
vn 0.3503 0.2316 0.9076
vn 0.6954 -0.4271 -0.5780
vn 0.5025 -0.6109 -0.6117
vn 0.6953 -0.4270 -0.5780
vn 0.5661 -0.5588 -0.6060
vn 0.3496 -0.7114 -0.6097
vn 0.3579 -0.7067 -0.6103
vn 0.3320 -0.7209 -0.6083
vn 0.8921 -0.4514 -0.0205
vn 0.6958 -0.7003 0.1593
vn 0.8672 -0.4979 0.0098
vn 0.6511 -0.7350 0.1895
vn 0.6256 -0.7526 0.2055
vn 0.6203 -0.7561 0.2087
vn -0.3440 0.5078 -0.7898
vn -0.3441 0.5078 -0.7898
vn -0.3439 0.5078 -0.7898
vn -0.3440 0.5077 -0.7898
vn 0.2405 0.4366 0.8669
vn 0.2405 0.4365 0.8669
vn -0.3324 0.0405 -0.9423
vn -0.3324 0.0404 -0.9423
vn -0.3325 0.0405 -0.9423
vn -0.3326 0.0407 -0.9422
vn -0.3325 0.0405 -0.9422
vn 0.3324 -0.0405 0.9423
vn 0.3324 -0.0404 0.9423
vn -0.2405 -0.4366 -0.8669
vn -0.2404 -0.4367 -0.8669
vn -0.2403 -0.4366 -0.8670
vn 0.3441 -0.5078 0.7898
vn 0.3440 -0.5078 0.7898
vn -0.3503 -0.2316 -0.9076
vn -0.3503 -0.2316 -0.9075
vn -0.3503 -0.2317 -0.9075
vn 0.2895 -0.3096 0.9057
vn 0.0542 0.8858 -0.4608
vn 0.0542 0.8858 -0.4609
vn 0.0541 0.8857 -0.4611
vn 0.3549 0.8490 0.3914
vn 0.3548 0.8491 0.3912
vn -0.3684 0.9249 -0.0939
vn -0.3684 0.9249 -0.0940
vn -0.3685 0.9249 -0.0941
vn -0.3684 0.9249 -0.0938
vn -0.2032 0.9047 0.3743
vn -0.2032 0.9048 0.3743
vn -0.2033 0.9048 0.3743
vn -0.2032 0.9048 0.3741
vn 0.2134 -0.9699 -0.1170
vn 0.2133 -0.9699 -0.1171
vn -0.9166 -0.1141 0.3832
vn -0.9167 -0.1141 0.3829
vn -0.9571 -0.1092 0.2686
vn -0.9571 -0.1092 0.2685
vt 0.000000 0.000000
s 1
f 1/1/1 2/1/2 3/1/3
f 2/1/2 1/1/1 4/1/4
f 5/1/5 6/1/6 7/1/6
f 6/1/6 5/1/5 8/1/7
f 9/1/8 8/1/7 5/1/5
f 8/1/7 9/1/8 10/1/9
f 11/1/10 12/1/11 13/1/11
f 13/1/11 14/1/12 11/1/10
f 15/1/13 11/1/10 14/1/12
f 14/1/12 16/1/14 15/1/13
f 17/1/15 18/1/16 19/1/17
f 18/1/16 17/1/15 20/1/18
f 17/1/15 21/1/19 20/1/18
f 21/1/19 17/1/15 22/1/19
f 23/1/20 24/1/21 25/1/22
f 24/1/21 23/1/20 26/1/23
f 24/1/21 27/1/24 25/1/22
f 27/1/24 24/1/21 28/1/25
f 28/1/25 29/1/26 27/1/24
f 29/1/26 28/1/25 30/1/26
f 31/1/27 32/1/28 33/1/29
f 32/1/28 31/1/27 34/1/30
f 33/1/29 35/1/31 31/1/27
f 32/1/28 34/1/30 36/1/32
f 35/1/31 33/1/29 37/1/33
f 32/1/28 36/1/32 38/1/34
f 37/1/33 39/1/35 35/1/31
f 36/1/32 40/1/36 38/1/34
f 38/1/34 40/1/36 41/1/37
f 41/1/37 40/1/36 42/1/38
f 39/1/35 37/1/33 43/1/39
f 43/1/39 44/1/40 39/1/35
f 44/1/40 43/1/39 45/1/41
f 44/1/40 45/1/41 46/1/42
f 47/1/43 48/1/44 49/1/45
f 49/1/45 50/1/43 47/1/43
f 51/1/46 49/1/45 48/1/44
f 52/1/46 49/1/45 51/1/46
f 53/1/47 54/1/48 55/1/47
f 54/1/48 53/1/47 56/1/49
f 57/1/50 54/1/48 56/1/49
f 54/1/48 57/1/50 58/1/51
f 59/1/52 60/1/53 61/1/54
f 60/1/53 59/1/52 62/1/55
f 61/1/54 63/1/56 59/1/52
f 62/1/55 64/1/57 60/1/53
f 63/1/56 61/1/54 65/1/58
f 64/1/57 62/1/55 66/1/59
f 65/1/58 67/1/60 63/1/56
f 66/1/59 68/1/61 64/1/57
f 68/1/61 66/1/59 69/1/62
f 69/1/62 70/1/63 68/1/61
f 70/1/63 69/1/62 71/1/64
f 70/1/63 71/1/64 72/1/65
f 67/1/60 65/1/58 73/1/66
f 67/1/60 73/1/66 74/1/67
f 74/1/67 73/1/66 75/1/68
f 67/1/60 74/1/67 76/1/69
f 77/1/70 78/1/71 79/1/72
f 78/1/71 80/1/73 79/1/72
f 77/1/70 79/1/72 81/1/74
f 82/1/75 80/1/73 78/1/71
f 83/1/76 77/1/70 81/1/74
f 80/1/73 82/1/75 84/1/77
f 83/1/76 81/1/74 85/1/78
f 86/1/79 84/1/77 82/1/75
f 84/1/77 86/1/79 87/1/80
f 87/1/80 86/1/79 88/1/81
f 89/1/82 83/1/76 85/1/78
f 85/1/78 90/1/83 89/1/82
f 91/1/84 89/1/82 90/1/83
f 91/1/84 90/1/83 92/1/85
f 92/1/85 90/1/83 93/1/86
f 91/1/84 92/1/85 94/1/87
f 95/1/88 96/1/89 97/1/90
f 96/1/89 95/1/88 98/1/91
f 99/1/92 97/1/90 96/1/89
f 100/1/93 98/1/91 95/1/88
f 98/1/91 100/1/93 101/1/94
f 101/1/94 100/1/93 102/1/95
f 97/1/90 99/1/92 103/1/96
f 99/1/92 104/1/97 103/1/96
f 104/1/97 99/1/92 105/1/98
f 105/1/98 106/1/99 104/1/97
f 106/1/99 105/1/98 107/1/100
f 107/1/100 108/1/101 106/1/99
f 108/1/101 107/1/100 109/1/102
f 108/1/101 109/1/102 110/1/103
f 111/1/104 112/1/104 113/1/105
f 112/1/104 111/1/104 114/1/104
f 115/1/106 116/1/106 117/1/106
f 116/1/106 115/1/106 118/1/107
f 119/1/108 120/1/109 121/1/110
f 120/1/109 119/1/108 122/1/111
f 123/1/112 120/1/109 122/1/111
f 120/1/109 123/1/112 124/1/113
f 125/1/114 124/1/113 123/1/112
f 124/1/113 125/1/114 126/1/114
f 127/1/115 128/1/116 129/1/117
f 129/1/117 130/1/115 127/1/115
f 128/1/116 131/1/118 129/1/117
f 131/1/118 128/1/116 132/1/119
f 133/1/120 131/1/118 132/1/119
f 132/1/119 134/1/120 133/1/120
f 135/1/121 136/1/122 137/1/121
f 135/1/121 137/1/121 138/1/123
f 138/1/123 137/1/121 139/1/124
f 139/1/124 140/1/124 138/1/123
f 141/1/125 142/1/125 143/1/125
f 142/1/125 141/1/125 144/1/125
f 142/1/125 145/1/126 143/1/125
f 145/1/126 142/1/125 146/1/125
f 147/1/127 148/1/128 149/1/129
f 148/1/128 147/1/127 150/1/130
f 149/1/129 148/1/128 151/1/131
f 149/1/129 151/1/131 152/1/129
f 153/1/132 154/1/132 155/1/132
f 156/1/132 155/1/132 154/1/132
f 154/1/132 153/1/132 157/1/132
f 153/1/132 158/1/133 157/1/132
f 159/1/134 160/1/134 161/1/134
f 161/1/134 160/1/134 162/1/134
f 163/1/135 161/1/134 162/1/134
f 164/1/136 161/1/134 163/1/135
f 165/1/137 166/1/138 167/1/137
f 166/1/138 165/1/137 168/1/138
f 165/1/137 167/1/137 169/1/137
f 170/1/137 169/1/137 167/1/137
f 171/1/139 172/1/140 173/1/140
f 174/1/141 173/1/140 172/1/140
f 175/1/142 176/1/142 177/1/142
f 175/1/142 177/1/142 178/1/142
f 179/1/143 180/1/144 181/1/145
f 180/1/144 179/1/143 182/1/144
f 183/1/146 184/1/147 185/1/146
f 185/1/146 184/1/147 186/1/147
f 187/1/148 188/1/149 189/1/150
f 188/1/149 187/1/148 190/1/151
f 191/1/152 192/1/153 193/1/154
f 192/1/153 191/1/152 194/1/155
f 195/1/156 196/1/157 197/1/157
f 196/1/157 195/1/156 198/1/156
f 199/1/158 200/1/159 201/1/158
f 200/1/159 199/1/158 202/1/159
f 203/1/160 204/1/161 205/1/160
f 204/1/161 203/1/160 206/1/161
o RenderMesh_82607175198529
v 0.289436 0.197802 0.015360
v 0.289905 0.197715 0.013241
v 0.307278 0.228399 0.016927
v 0.298449 0.163591 0.017663
v 0.189080 0.242039 -0.011734
v 0.183219 0.230359 -0.012546
v 0.182406 0.230511 -0.008878
v 0.188269 0.242191 -0.008065
v 0.196567 0.250684 -0.010435
v 0.195756 0.250835 -0.006767
v 0.178667 0.183579 -0.023474
v 0.187780 0.176084 -0.023551
v 0.187278 0.175446 -0.020917
v 0.178163 0.182941 -0.020841
v 0.173930 0.195134 -0.018693
v 0.174433 0.195772 -0.021327
v 0.180957 0.177365 0.007276
v 0.172856 0.184668 0.002774
v 0.181598 0.176511 0.004735
v 0.173498 0.183816 0.000233
v 0.170134 0.196579 -0.001914
v 0.170777 0.195725 -0.004455
v 0.234566 0.217330 -0.000638
v 0.231892 0.224781 -0.001539
v 0.231081 0.224934 0.002129
v 0.233753 0.217482 0.003030
v 0.211342 0.238908 -0.002821
v 0.212154 0.238756 -0.006490
v 0.195756 0.250835 -0.006767
v 0.196567 0.250684 -0.010435
v 0.180055 0.233741 0.000983
v 0.213852 0.228730 -0.018944
v 0.185299 0.232758 -0.022701
v 0.168926 0.232066 -0.023605
v 0.207458 0.229929 0.009938
v 0.164816 0.232835 -0.005045
v 0.237481 0.219631 -0.011073
v 0.154939 0.229299 -0.023212
v 0.152252 0.229803 -0.011075
v 0.134778 0.218465 -0.020849
v 0.232039 0.220652 0.013504
v 0.258197 0.211837 -0.001709
v 0.254634 0.212506 0.014389
v 0.275405 0.203702 0.006148
v 0.273405 0.204076 0.015186
v 0.307278 0.228399 0.016927
v 0.238721 0.194040 -0.007668
v 0.235248 0.182520 -0.011631
v 0.235882 0.183608 -0.013783
v 0.238087 0.192952 -0.005517
v 0.240299 0.174666 -0.017005
v 0.239666 0.173578 -0.014854
v 0.229131 0.183667 0.016001
v 0.234464 0.193631 0.010848
v 0.228818 0.184933 0.018125
v 0.234151 0.194897 0.012973
v 0.231621 0.175087 0.021480
v 0.231309 0.176353 0.023605
v 0.228014 0.191106 0.013840
v 0.207458 0.229929 0.009938
v 0.201834 0.188665 0.010407
v 0.180055 0.233741 0.000983
v 0.232039 0.220652 0.013504
v 0.174385 0.192123 0.001456
v 0.251966 0.192929 0.014612
v 0.164816 0.232835 -0.005045
v 0.254634 0.212506 0.014389
v 0.159924 0.196938 -0.004637
v 0.272311 0.196044 0.015277
v 0.152252 0.229803 -0.011075
v 0.148612 0.203087 -0.010771
v 0.134778 0.218465 -0.020849
v 0.273405 0.204076 0.015186
v 0.289436 0.197802 0.015360
v 0.298449 0.163591 0.017663
v 0.307278 0.228399 0.016927
v 0.208228 0.187466 -0.018475
v 0.185299 0.232758 -0.022701
v 0.213852 0.228730 -0.018944
v 0.179628 0.191140 -0.022228
v 0.233455 0.190085 -0.010738
v 0.168926 0.232066 -0.023605
v 0.237481 0.219631 -0.011073
v 0.164034 0.196166 -0.023197
v 0.255530 0.192261 -0.001486
v 0.151299 0.202583 -0.022909
v 0.154939 0.229299 -0.023212
v 0.134778 0.218465 -0.020849
v 0.258197 0.211837 -0.001709
v 0.274312 0.195669 0.006239
v 0.275405 0.203702 0.006148
v 0.289905 0.197715 0.013241
v 0.307278 0.228399 0.016927
v 0.298449 0.163591 0.017663
v 0.179628 0.191140 -0.022228
v 0.174385 0.192123 0.001456
v 0.159924 0.196938 -0.004637
v 0.164034 0.196166 -0.023197
v 0.208228 0.187466 -0.018475
v 0.148612 0.203087 -0.010771
v 0.151299 0.202583 -0.022909
v 0.134778 0.218465 -0.020849
v 0.201834 0.188665 0.010407
v 0.228014 0.191106 0.013840
v 0.233455 0.190085 -0.010738
v 0.251966 0.192929 0.014612
v 0.255530 0.192261 -0.001486
v 0.272311 0.196044 0.015277
v 0.274312 0.195669 0.006239
v 0.298449 0.163591 0.017663
v 0.188906 0.191166 -0.019679
v 0.178667 0.183579 -0.023474
v 0.174433 0.195772 -0.021327
v 0.187780 0.176084 -0.023551
v 0.183872 0.192110 0.003061
v 0.172856 0.184668 0.002774
v 0.180957 0.177365 0.007276
v 0.170134 0.196579 -0.001914
v 0.228870 0.181308 -0.017012
v 0.220846 0.190003 -0.012087
v 0.221480 0.191091 -0.014239
v 0.228237 0.180219 -0.014860
v 0.232763 0.177432 -0.014937
v 0.233396 0.178521 -0.017088
v 0.239666 0.173578 -0.014854
v 0.240299 0.174666 -0.017005
v 0.221060 0.182772 0.018270
v 0.215698 0.192177 0.011877
v 0.221372 0.181506 0.016145
v 0.216011 0.190911 0.009752
v 0.225396 0.178814 0.018342
v 0.225083 0.180080 0.020466
v 0.231621 0.175087 0.021480
v 0.231309 0.176353 0.023605
v 0.221480 0.191091 -0.014239
v 0.235882 0.183608 -0.013783
v 0.228870 0.181308 -0.017012
v 0.238721 0.194040 -0.007668
v 0.233396 0.178521 -0.017088
v 0.240299 0.174666 -0.017005
v 0.228818 0.184933 0.018125
v 0.215698 0.192177 0.011877
v 0.221060 0.182772 0.018270
v 0.234151 0.194897 0.012973
v 0.225083 0.180080 0.020466
v 0.231309 0.176353 0.023605
v 0.231081 0.224934 0.002129
v 0.182406 0.230511 -0.008878
v 0.233753 0.217482 0.003030
v 0.188269 0.242191 -0.008065
v 0.211342 0.238908 -0.002821
v 0.195756 0.250835 -0.006767
v 0.234566 0.217330 -0.000638
v 0.183219 0.230359 -0.012546
v 0.231892 0.224781 -0.001539
v 0.189080 0.242039 -0.011734
v 0.212154 0.238756 -0.006490
v 0.196567 0.250684 -0.010435
v 0.238087 0.192952 -0.005517
v 0.220846 0.190003 -0.012087
v 0.235248 0.182520 -0.011631
v 0.228237 0.180219 -0.014860
v 0.232763 0.177432 -0.014937
v 0.239666 0.173578 -0.014854
v 0.216011 0.190911 0.009752
v 0.234464 0.193631 0.010848
v 0.229131 0.183667 0.016001
v 0.221372 0.181506 0.016145
v 0.225396 0.178814 0.018342
v 0.231621 0.175087 0.021480
v 0.178163 0.182941 -0.020841
v 0.187278 0.175446 -0.020917
v 0.188404 0.190528 -0.017046
v 0.173930 0.195134 -0.018693
v 0.170777 0.195725 -0.004455
v 0.184515 0.191258 0.000520
v 0.173498 0.183816 0.000233
v 0.181598 0.176511 0.004735
v 0.220846 0.190003 -0.012087
v 0.238721 0.194040 -0.007668
v 0.221480 0.191091 -0.014239
v 0.238087 0.192952 -0.005517
v 0.215698 0.192177 0.011877
v 0.234151 0.194897 0.012973
v 0.216011 0.190911 0.009752
v 0.234464 0.193631 0.010848
v 0.174433 0.195772 -0.021327
v 0.188404 0.190528 -0.017046
v 0.188906 0.191166 -0.019679
v 0.173930 0.195134 -0.018693
v 0.184515 0.191258 0.000520
v 0.170134 0.196579 -0.001914
v 0.183872 0.192110 0.003061
v 0.170777 0.195725 -0.004455
v 0.234566 0.217330 -0.000638
v 0.182406 0.230511 -0.008878
v 0.183219 0.230359 -0.012546
v 0.233753 0.217482 0.003030
v 0.188906 0.191166 -0.019679
v 0.187278 0.175446 -0.020917
v 0.187780 0.176084 -0.023551
v 0.188404 0.190528 -0.017046
v 0.183872 0.192110 0.003061
v 0.180957 0.177365 0.007276
v 0.184515 0.191258 0.000520
v 0.181598 0.176511 0.004735
vn 0.9684 -0.1188 0.2193
vn 0.9648 -0.1448 0.2196
vn 0.8406 -0.5007 0.2066
vn 0.9444 0.2622 0.1983
vn -0.8235 0.5293 -0.2040
vn -0.8677 0.4503 -0.2106
vn -0.8677 0.4501 -0.2109
vn -0.7872 0.5840 -0.1982
vn -0.7282 0.6589 -0.1886
vn -0.7282 0.6589 -0.1887
vn -0.7491 -0.5967 -0.2879
vn -0.6084 -0.7369 -0.2948
vn -0.6085 -0.7369 -0.2945
vn -0.8295 -0.4853 -0.2764
vn -0.9284 -0.2792 -0.2450
vn -0.9284 -0.2793 -0.2449
vn -0.6887 -0.7218 0.0681
vn -0.7505 -0.6601 0.0319
vn -0.9273 -0.3563 -0.1149
vn -0.9499 -0.2752 -0.1479
vn -0.9499 -0.2753 -0.1479
vn 0.9170 0.3517 0.1885
vn 0.7000 0.7031 0.1254
vn 0.8505 0.4987 0.1673
vn 0.9169 0.3516 0.1887
vn 0.5678 0.8180 0.0917
vn 0.5820 0.8076 0.0953
vn 0.5892 0.8021 0.0972
vn 0.5892 0.8021 0.0973
vn 0.1120 0.9936 -0.0165
vn 0.1872 0.9823 0.0006
vn 0.0256 0.9990 -0.0358
vn -0.1196 0.9905 -0.0676
vn 0.3052 0.9519 0.0280
vn -0.0615 0.9966 -0.0550
vn 0.3464 0.9373 0.0378
vn -0.3063 0.9459 -0.1071
vn -0.2357 0.9674 -0.0923
vn -0.4814 0.8648 -0.1425
vn 0.3415 0.9392 0.0366
vn 0.3484 0.9366 0.0382
vn 0.3761 0.9255 0.0448
vn 0.2325 0.9725 0.0111
vn -0.1578 0.9846 -0.0758
vn -0.5704 0.8057 -0.1596
vn 0.9397 -0.3225 0.1139
vn 0.9614 -0.2116 0.1762
vn 0.9049 0.2076 0.3716
vn 0.9398 -0.3222 0.1136
vn 0.8705 0.2857 0.4007
vn 0.9279 -0.2437 0.2820
vn 0.8944 -0.3139 0.3187
vn 0.9829 0.1805 0.0371
vn 0.9632 0.2682 -0.0179
vn 0.9632 0.2683 -0.0177
vn -0.0844 0.0228 0.9962
vn -0.2086 0.0395 0.9772
vn -0.2041 0.0389 0.9782
vn -0.3353 0.0564 0.9404
vn -0.0856 0.0230 0.9961
vn -0.3328 0.0560 0.9413
vn -0.0341 0.0160 0.9993
vn -0.4040 0.0654 0.9124
vn -0.4015 0.0651 0.9135
vn -0.0203 0.0263 0.9994
vn -0.4798 0.0753 0.8742
vn -0.4771 0.0750 0.8757
vn -0.5262 0.0813 0.8464
vn -0.0235 0.0023 0.9997
vn -0.0169 0.0129 0.9998
vn -0.0114 0.0642 0.9979
vn -0.0251 -0.0365 0.9990
vn 0.1935 -0.0376 -0.9804
vn 0.0903 -0.0236 -0.9956
vn 0.1892 -0.0369 -0.9812
vn 0.0914 -0.0238 -0.9955
vn 0.3384 -0.0568 -0.9393
vn 0.0209 -0.0142 -0.9997
vn 0.3355 -0.0564 -0.9403
vn 0.0212 -0.0142 -0.9997
vn 0.3904 -0.0636 -0.9184
vn -0.0563 -0.0037 -0.9984
vn -0.0554 -0.0038 -0.9985
vn -0.1190 0.0050 -0.9929
vn 0.4033 -0.0582 -0.9132
vn 0.4006 -0.0723 -0.9134
vn 0.4055 -0.0647 -0.9118
vn 0.3975 -0.1157 -0.9103
vn 0.4112 -0.0151 -0.9114
vn -0.2430 -0.9699 -0.0135
vn -0.1577 -0.9875 0.0061
vn -0.3257 -0.9449 -0.0329
vn -0.3818 -0.9231 -0.0462
vn -0.0819 -0.9964 0.0232
vn -0.4853 -0.8714 -0.0713
vn -0.5527 -0.8287 -0.0879
vn -0.6957 -0.7075 -0.1246
vn 0.0392 -0.9980 0.0501
vn 0.0780 -0.9952 0.0586
vn 0.0831 -0.9948 0.0597
vn 0.1143 -0.9912 0.0665
vn 0.0854 -0.9945 0.0602
vn -0.4195 -0.9061 -0.0552
vn -0.0294 -0.9990 0.0350
vn -0.7656 -0.6271 -0.1435
vn 0.1825 0.2317 -0.9555
vn 0.1825 0.2316 -0.9555
vn -0.2332 0.3096 0.9218
vn -0.2331 0.3096 0.9219
vn -0.5647 -0.6575 -0.4988
vn -0.7680 -0.4513 -0.4544
vn -0.6605 -0.5736 -0.4845
vn -0.4375 -0.7438 -0.5053
vn -0.4162 -0.7561 -0.5050
vn -0.4162 -0.7562 -0.5050
vn -0.6826 -0.6676 0.2973
vn -0.8958 -0.4272 0.1226
vn -0.8654 -0.4761 0.1562
vn -0.8958 -0.4273 0.1226
vn -0.6354 -0.7009 0.3241
vn -0.6095 -0.7173 0.3377
vn -0.6034 -0.7209 0.3409
vn 0.2542 0.4366 -0.8630
vn 0.2542 0.4367 -0.8630
vn 0.2542 0.4368 -0.8629
vn 0.2542 0.4365 -0.8631
vn -0.1255 0.5078 0.8523
vn -0.1256 0.5078 0.8523
vn -0.1257 0.5078 0.8522
vn -0.2160 0.0405 0.9756
vn -0.2160 0.0406 0.9756
vn 0.2160 -0.0405 -0.9756
vn 0.2159 -0.0406 -0.9756
vn 0.2160 -0.0404 -0.9756
vn -0.2542 -0.4366 0.8630
vn -0.2541 -0.4366 0.8630
vn 0.1255 -0.5078 -0.8523
vn 0.1255 -0.5079 -0.8522
vn 0.1256 -0.5078 -0.8523
vn -0.1825 -0.2316 0.9555
vn -0.1825 -0.2317 0.9555
vn 0.2332 -0.3096 -0.9218
vn 0.2331 -0.3096 -0.9218
vn -0.2897 0.8858 0.3625
vn -0.2897 0.8856 0.3629
vn -0.2897 0.8858 0.3626
vn -0.0943 0.8491 -0.5198
vn 0.2631 0.9249 0.2743
vn 0.2631 0.9249 0.2746
vn 0.3703 0.9049 -0.2098
vn 0.3704 0.9048 -0.2103
vn 0.3704 0.9048 -0.2100
vn 0.3704 0.9048 -0.2104
vn -0.2430 -0.9699 -0.0137
vn 0.9806 -0.1141 0.1593
vn 0.9805 -0.1141 0.1597
vn 0.9806 -0.1141 0.1596
vn 0.9543 -0.1092 0.2781
vn 0.9543 -0.1092 0.2780
vn 0.9544 -0.1093 0.2778
vt 0.000000 0.000000
s 1
f 207/2/162 208/2/163 209/2/164
f 208/2/163 207/2/162 210/2/165
f 211/2/166 212/2/167 213/2/168
f 211/2/166 213/2/168 214/2/169
f 214/2/169 215/2/170 211/2/166
f 215/2/170 214/2/169 216/2/171
f 217/2/172 218/2/173 219/2/174
f 217/2/172 219/2/174 220/2/175
f 221/2/176 217/2/172 220/2/175
f 217/2/172 221/2/176 222/2/177
f 223/2/178 224/2/179 225/2/178
f 225/2/178 224/2/179 226/2/180
f 224/2/179 227/2/181 226/2/180
f 226/2/180 227/2/181 228/2/182
f 229/2/183 230/2/184 231/2/185
f 229/2/183 231/2/185 232/2/186
f 230/2/184 233/2/187 231/2/185
f 233/2/187 230/2/184 234/2/188
f 234/2/188 235/2/189 233/2/187
f 234/2/188 236/2/190 235/2/189
f 237/2/191 238/2/192 239/2/193
f 240/2/194 237/2/191 239/2/193
f 238/2/192 237/2/191 241/2/195
f 237/2/191 240/2/194 242/2/196
f 241/2/195 243/2/197 238/2/192
f 244/2/198 242/2/196 240/2/194
f 242/2/196 244/2/198 245/2/199
f 245/2/199 244/2/198 246/2/200
f 243/2/197 241/2/195 247/2/201
f 247/2/201 248/2/202 243/2/197
f 248/2/202 247/2/201 249/2/203
f 249/2/203 250/2/204 248/2/202
f 250/2/204 249/2/203 251/2/205
f 250/2/204 251/2/205 252/2/206
f 253/2/207 254/2/208 255/2/209
f 254/2/208 253/2/207 256/2/210
f 254/2/208 257/2/211 255/2/209
f 257/2/211 254/2/208 258/2/211
f 259/2/212 260/2/213 261/2/214
f 261/2/214 260/2/213 262/2/213
f 261/2/214 263/2/215 259/2/212
f 263/2/215 261/2/214 264/2/216
f 265/2/217 266/2/218 267/2/219
f 267/2/219 266/2/218 268/2/220
f 266/2/218 265/2/217 269/2/221
f 268/2/220 270/2/222 267/2/219
f 271/2/223 269/2/221 265/2/217
f 270/2/222 268/2/220 272/2/224
f 269/2/221 271/2/223 273/2/223
f 272/2/224 274/2/225 270/2/222
f 275/2/226 273/2/223 271/2/223
f 274/2/225 272/2/224 276/2/227
f 276/2/227 277/2/228 274/2/225
f 277/2/228 276/2/227 278/2/229
f 273/2/223 275/2/226 279/2/230
f 279/2/230 275/2/226 280/2/231
f 280/2/231 275/2/226 281/2/232
f 279/2/230 280/2/231 282/2/233
f 283/2/234 284/2/235 285/2/236
f 284/2/235 283/2/234 286/2/237
f 285/2/236 287/2/238 283/2/234
f 286/2/237 288/2/239 284/2/235
f 287/2/238 285/2/236 289/2/240
f 288/2/239 286/2/237 290/2/241
f 289/2/240 291/2/242 287/2/238
f 288/2/239 290/2/241 292/2/243
f 288/2/239 292/2/243 293/2/244
f 293/2/244 292/2/243 294/2/245
f 291/2/242 289/2/240 295/2/242
f 295/2/242 296/2/246 291/2/242
f 296/2/246 295/2/242 297/2/247
f 296/2/246 297/2/247 298/2/248
f 298/2/248 297/2/247 299/2/249
f 296/2/246 298/2/248 300/2/250
f 301/2/251 302/2/252 303/2/253
f 301/2/251 303/2/253 304/2/254
f 305/2/255 302/2/252 301/2/251
f 304/2/254 303/2/253 306/2/256
f 304/2/254 306/2/256 307/2/257
f 307/2/257 306/2/256 308/2/258
f 302/2/252 305/2/255 309/2/259
f 305/2/255 310/2/260 309/2/259
f 310/2/260 305/2/255 311/2/261
f 311/2/261 312/2/262 310/2/260
f 312/2/262 311/2/261 313/2/263
f 313/2/263 314/2/264 312/2/262
f 314/2/264 313/2/263 315/2/265
f 314/2/264 315/2/265 316/2/266
f 317/2/267 318/2/267 319/2/268
f 318/2/267 317/2/267 320/2/267
f 321/2/269 322/2/269 323/2/269
f 322/2/269 321/2/269 324/2/270
f 325/2/271 326/2/272 327/2/272
f 326/2/272 325/2/271 328/2/273
f 325/2/271 329/2/274 328/2/273
f 329/2/274 325/2/271 330/2/274
f 331/2/275 329/2/274 330/2/274
f 330/2/274 332/2/276 331/2/275
f 333/2/277 334/2/278 335/2/279
f 335/2/279 334/2/278 336/2/280
f 337/2/281 333/2/277 335/2/279
f 333/2/277 337/2/281 338/2/282
f 337/2/281 339/2/283 338/2/282
f 340/2/283 338/2/282 339/2/283
f 341/2/284 342/2/284 343/2/284
f 342/2/284 341/2/284 344/2/285
f 342/2/284 345/2/286 343/2/284
f 345/2/286 342/2/284 346/2/287
f 347/2/288 348/2/288 349/2/288
f 348/2/288 347/2/288 350/2/288
f 349/2/288 351/2/289 347/2/288
f 352/2/290 347/2/288 351/2/289
f 353/2/291 354/2/291 355/2/291
f 354/2/291 353/2/291 356/2/291
f 356/2/291 353/2/291 357/2/291
f 357/2/291 358/2/292 356/2/291
f 359/2/293 360/2/293 361/2/293
f 361/2/293 360/2/293 362/2/293
f 361/2/293 362/2/293 363/2/294
f 362/2/293 364/2/295 363/2/294
f 365/2/296 366/2/296 367/2/296
f 367/2/296 366/2/296 368/2/296
f 367/2/296 368/2/296 369/2/296
f 370/2/297 367/2/296 369/2/296
f 371/2/298 372/2/299 373/2/300
f 371/2/298 373/2/300 374/2/300
f 374/2/300 373/2/300 375/2/300
f 373/2/300 376/2/300 375/2/300
f 377/2/301 378/2/301 379/2/302
f 379/2/302 380/2/302 377/2/301
f 381/2/303 382/2/303 383/2/303
f 382/2/303 384/2/304 383/2/303
f 385/2/305 386/2/306 387/2/306
f 386/2/306 385/2/305 388/2/307
f 389/2/308 390/2/308 391/2/308
f 392/2/308 391/2/308 390/2/308
f 393/2/309 394/2/310 395/2/309
f 394/2/310 393/2/309 396/2/309
f 397/2/311 398/2/312 399/2/313
f 398/2/312 397/2/311 400/2/314
f 401/2/315 402/2/315 403/2/315
f 402/2/315 401/2/315 404/2/315
f 405/2/316 406/2/317 407/2/318
f 406/2/317 405/2/316 408/2/316
f 409/2/319 410/2/320 411/2/320
f 412/2/321 411/2/320 410/2/320
o RenderMesh_91116277837323
v 0.190632 0.291273 -0.042267
v 0.189304 0.291344 -0.044125
v 0.199807 0.326817 -0.048878
v 0.203436 0.258294 -0.054085
v 0.091246 0.300137 0.025305
v 0.096565 0.313353 0.026871
v 0.094264 0.313476 0.023655
v 0.093545 0.300014 0.028522
v 0.101507 0.323955 0.023741
v 0.099206 0.324077 0.020524
v 0.086121 0.251377 0.012135
v 0.095183 0.245023 0.005809
v 0.087933 0.250542 0.014240
v 0.093371 0.245858 0.003704
v 0.083186 0.262819 0.019204
v 0.084997 0.261984 0.021308
v 0.101146 0.249837 0.032717
v 0.111267 0.244165 0.028300
v 0.102579 0.250500 0.035149
v 0.112700 0.244828 0.030732
v 0.093925 0.261508 0.033792
v 0.095358 0.262170 0.036225
v 0.134078 0.305690 -0.005113
v 0.139968 0.298543 -0.004731
v 0.137668 0.298665 -0.007948
v 0.136377 0.305567 -0.001896
v 0.114680 0.315452 0.009131
v 0.116980 0.315329 0.012348
v 0.099206 0.324077 0.020524
v 0.101507 0.323955 0.023741
v 0.099216 0.302536 0.037837
v 0.125589 0.304908 0.022515
v 0.107480 0.305873 -0.002808
v 0.146565 0.301138 0.004517
v 0.084367 0.303327 0.017072
v 0.131156 0.301960 -0.017032
v 0.084151 0.298141 0.045044
v 0.163915 0.298120 -0.013628
v 0.072516 0.298761 0.028771
v 0.153820 0.298658 -0.027743
v 0.071222 0.292198 0.049804
v 0.063611 0.292604 0.039162
v 0.053150 0.276671 0.054085
v 0.178609 0.293910 -0.028980
v 0.172943 0.294213 -0.036904
v 0.199807 0.326817 -0.048878
v 0.139683 0.274633 -0.018726
v 0.132996 0.264729 -0.024630
v 0.138277 0.275949 -0.020506
v 0.134403 0.263413 -0.022850
v 0.136164 0.255372 -0.030187
v 0.134758 0.256688 -0.031967
v 0.151728 0.262489 0.001377
v 0.149944 0.274086 -0.004377
v 0.153003 0.263662 0.003346
v 0.151219 0.275259 -0.002408
v 0.160219 0.255331 0.003639
v 0.158945 0.254158 0.001670
v 0.148219 0.269899 0.002143
v 0.125589 0.304908 0.022515
v 0.127899 0.261279 0.019200
v 0.099216 0.302536 0.037837
v 0.146565 0.301138 0.004517
v 0.101546 0.258532 0.034493
v 0.165010 0.277422 -0.015201
v 0.084151 0.298141 0.045044
v 0.163915 0.298120 -0.013628
v 0.086163 0.260184 0.042159
v 0.179060 0.285416 -0.029625
v 0.071222 0.292198 0.049804
v 0.072719 0.263951 0.047658
v 0.053150 0.276671 0.054085
v 0.178609 0.293910 -0.028980
v 0.190632 0.291273 -0.042267
v 0.203436 0.258294 -0.054085
v 0.199807 0.326817 -0.048878
v 0.084367 0.303327 0.017072
v 0.109791 0.262244 -0.006123
v 0.086696 0.259323 0.013728
v 0.107480 0.305873 -0.002808
v 0.072516 0.298761 0.028771
v 0.132810 0.270720 -0.019406
v 0.074525 0.260805 0.025886
v 0.131156 0.301960 -0.017032
v 0.063611 0.292604 0.039162
v 0.065108 0.264356 0.037015
v 0.053150 0.276671 0.054085
v 0.154916 0.277960 -0.029316
v 0.153820 0.298658 -0.027743
v 0.173393 0.285719 -0.037550
v 0.172943 0.294213 -0.036904
v 0.189304 0.291344 -0.044125
v 0.199807 0.326817 -0.048878
v 0.203436 0.258294 -0.054085
v 0.074525 0.260805 0.025886
v 0.101546 0.258532 0.034493
v 0.086163 0.260184 0.042159
v 0.086696 0.259323 0.013728
v 0.065108 0.264356 0.037015
v 0.072719 0.263951 0.047658
v 0.053150 0.276671 0.054085
v 0.109791 0.262244 -0.006123
v 0.127899 0.261279 0.019200
v 0.132810 0.270720 -0.019406
v 0.148219 0.269899 0.002143
v 0.154916 0.277960 -0.029316
v 0.165010 0.277422 -0.015201
v 0.173393 0.285719 -0.037550
v 0.179060 0.285416 -0.029625
v 0.203436 0.258294 -0.054085
v 0.095061 0.261488 0.008454
v 0.086121 0.251377 0.012135
v 0.083186 0.262819 0.019204
v 0.093371 0.245858 0.003704
v 0.109320 0.260728 0.028392
v 0.102579 0.250500 0.035149
v 0.112700 0.244828 0.030732
v 0.095358 0.262170 0.036225
v 0.121700 0.268998 -0.012548
v 0.127380 0.259471 -0.020215
v 0.123108 0.267682 -0.010768
v 0.125973 0.260787 -0.021995
v 0.130819 0.257690 -0.024249
v 0.129412 0.259006 -0.026029
v 0.136164 0.255372 -0.030187
v 0.134758 0.256688 -0.031967
v 0.138075 0.268126 0.010350
v 0.146820 0.258435 0.006970
v 0.148095 0.259608 0.008939
v 0.136800 0.266952 0.008381
v 0.151683 0.256577 0.004928
v 0.152958 0.257751 0.006898
v 0.158945 0.254158 0.001670
v 0.160219 0.255331 0.003639
v 0.121700 0.268998 -0.012548
v 0.132996 0.264729 -0.024630
v 0.125973 0.260787 -0.021995
v 0.138277 0.275949 -0.020506
v 0.129412 0.259006 -0.026029
v 0.134758 0.256688 -0.031967
v 0.153003 0.263662 0.003346
v 0.138075 0.268126 0.010350
v 0.148095 0.259608 0.008939
v 0.151219 0.275259 -0.002408
v 0.152958 0.257751 0.006898
v 0.160219 0.255331 0.003639
v 0.136377 0.305567 -0.001896
v 0.093545 0.300014 0.028522
v 0.139968 0.298543 -0.004731
v 0.096565 0.313353 0.026871
v 0.116980 0.315329 0.012348
v 0.101507 0.323955 0.023741
v 0.091246 0.300137 0.025305
v 0.134078 0.305690 -0.005113
v 0.137668 0.298665 -0.007948
v 0.094264 0.313476 0.023655
v 0.114680 0.315452 0.009131
v 0.099206 0.324077 0.020524
v 0.139683 0.274633 -0.018726
v 0.123108 0.267682 -0.010768
v 0.134403 0.263413 -0.022850
v 0.127380 0.259471 -0.020215
v 0.130819 0.257690 -0.024249
v 0.136164 0.255372 -0.030187
v 0.136800 0.266952 0.008381
v 0.151728 0.262489 0.001377
v 0.146820 0.258435 0.006970
v 0.149944 0.274086 -0.004377
v 0.151683 0.256577 0.004928
v 0.158945 0.254158 0.001670
v 0.087933 0.250542 0.014240
v 0.095183 0.245023 0.005809
v 0.096873 0.260653 0.010559
v 0.084997 0.261984 0.021308
v 0.093925 0.261508 0.033792
v 0.107887 0.260066 0.025960
v 0.101146 0.249837 0.032717
v 0.111267 0.244165 0.028300
v 0.138277 0.275949 -0.020506
v 0.121700 0.268998 -0.012548
v 0.123108 0.267682 -0.010768
v 0.139683 0.274633 -0.018726
v 0.138075 0.268126 0.010350
v 0.151219 0.275259 -0.002408
v 0.136800 0.266952 0.008381
v 0.149944 0.274086 -0.004377
v 0.096873 0.260653 0.010559
v 0.083186 0.262819 0.019204
v 0.084997 0.261984 0.021308
v 0.095061 0.261488 0.008454
v 0.095358 0.262170 0.036225
v 0.107887 0.260066 0.025960
v 0.093925 0.261508 0.033792
v 0.109320 0.260728 0.028392
v 0.091246 0.300137 0.025305
v 0.139968 0.298543 -0.004731
v 0.093545 0.300014 0.028522
v 0.137668 0.298665 -0.007948
v 0.093371 0.245858 0.003704
v 0.095061 0.261488 0.008454
v 0.096873 0.260653 0.010559
v 0.095183 0.245023 0.005809
v 0.109320 0.260728 0.028392
v 0.112700 0.244828 0.030732
v 0.107887 0.260066 0.025960
v 0.111267 0.244165 0.028300
vn 0.8135 0.0031 -0.5816
vn 0.8105 0.1093 -0.5754
vn 0.7695 -0.3032 -0.5620
vn 0.7290 0.4635 -0.5037
vn -0.7836 0.2479 0.5697
vn -0.7689 0.3057 0.5615
vn -0.7331 0.4135 0.5400
vn -0.7039 0.4822 0.5216
vn -0.7039 0.4822 0.5215
vn -0.5654 -0.8079 0.1662
vn -0.5183 -0.8482 0.1095
vn -0.7364 -0.5262 0.4252
vn -0.5183 -0.8481 0.1095
vn -0.7512 -0.4756 0.4578
vn -0.4482 -0.7597 0.4712
vn -0.3019 -0.8596 0.4122
vn -0.6282 -0.5730 0.5264
vn -0.6933 -0.4787 0.5387
vn -0.6934 -0.4787 0.5386
vn 0.6582 0.6054 -0.4476
vn 0.6918 0.5448 -0.4739
vn 0.4036 0.8787 -0.2550
vn 0.3263 0.9243 -0.1980
vn 0.3462 0.9137 -0.2126
vn 0.3497 0.9118 -0.2154
vn -0.1750 0.9711 0.1622
vn -0.0267 0.9980 0.0572
vn 0.1097 0.9931 -0.0406
vn 0.1294 0.9901 -0.0548
vn -0.0640 0.9944 0.0837
vn 0.1226 0.9912 -0.0499
vn -0.3000 0.9207 0.2496
vn 0.1277 0.9904 -0.0536
vn -0.2096 0.9598 0.1865
vn 0.1726 0.9812 -0.0860
vn -0.4935 0.7810 0.3827
vn -0.3462 0.8949 0.2817
vn -0.5359 0.7372 0.4114
vn 0.0707 0.9974 -0.0125
vn -0.5088 0.7659 0.3930
vn -0.5989 0.6600 0.4535
vn 0.7410 -0.1049 -0.6633
vn 0.8432 0.3540 -0.4047
vn 0.7684 -0.0421 -0.6385
vn 0.8289 0.4652 -0.3109
vn 0.8287 0.4652 -0.3111
vn 0.7985 0.1218 -0.5895
vn 0.8633 -0.1114 -0.4922
vn 0.6604 0.3748 -0.6507
vn 0.5792 0.4785 -0.6600
vn 0.5792 0.4784 -0.6601
vn 0.6908 -0.0183 0.7228
vn 0.5533 -0.0338 0.8323
vn 0.5855 -0.0305 0.8101
vn 0.4655 -0.0425 0.8840
vn 0.6746 -0.0203 0.7379
vn 0.4794 -0.0412 0.8766
vn 0.7210 -0.0145 0.6928
vn 0.3962 -0.0487 0.9169
vn 0.4123 -0.0473 0.9098
vn 0.7318 -0.0087 0.6815
vn 0.3178 -0.0551 0.9466
vn 0.3351 -0.0537 0.9407
vn 0.2772 -0.0582 0.9591
vn 0.7282 -0.0184 0.6851
vn 0.7320 -0.0102 0.6812
vn 0.7283 0.0376 0.6842
vn 0.7337 -0.0636 0.6765
vn -0.6846 0.0191 -0.7287
vn -0.5620 0.0330 -0.8265
vn -0.6727 0.0206 -0.7397
vn -0.5945 0.0296 -0.8035
vn -0.7386 0.0121 -0.6740
vn -0.4557 0.0434 -0.8891
vn -0.7258 0.0138 -0.6878
vn -0.4748 0.0417 -0.8791
vn -0.7945 0.0041 -0.6072
vn -0.7814 0.0060 -0.6240
vn -0.8190 0.0002 -0.5738
vn -0.4219 0.0465 -0.9054
vn -0.4077 0.0539 -0.9115
vn -0.4117 0.0400 -0.9104
vn -0.4069 0.0499 -0.9121
vn -0.4042 -0.0029 -0.9147
vn -0.4095 0.0982 -0.9070
vn -0.1056 -0.9937 0.0376
vn -0.0706 -0.9974 0.0125
vn -0.2006 -0.9739 0.1063
vn 0.0420 -0.9968 -0.0680
vn -0.2457 -0.9593 0.1391
vn -0.4114 -0.8733 0.2609
vn -0.4523 -0.8430 0.2913
vn 0.2132 -0.9586 -0.1890
vn 0.0796 -0.9923 -0.0948
vn 0.2257 -0.9539 -0.1977
vn 0.2322 -0.9514 -0.2023
vn 0.2735 -0.9337 -0.2312
vn 0.2308 -0.9519 -0.2013
vn -0.4134 -0.8719 0.2624
vn 0.1941 -0.9652 -0.1756
vn -0.5227 -0.7800 0.3440
vn -0.6247 0.2881 -0.7258
vn 0.4942 0.2285 0.8388
vn -0.7797 -0.6023 0.1709
vn -0.7625 -0.6329 0.1344
vn -0.7797 -0.6024 0.1710
vn -0.6089 -0.7868 -0.1007
vn -0.5744 -0.8062 -0.1420
vn -0.5511 -0.8172 -0.1686
vn -0.5473 -0.8189 -0.1730
vn -0.5473 -0.8188 -0.1731
vn -0.4357 -0.6206 0.6519
vn -0.2002 -0.7792 0.5939
vn -0.3722 -0.6713 0.6409
vn -0.0507 -0.8432 0.5353
vn -0.0789 -0.8331 0.5475
vn -0.0432 -0.8458 0.5318
vn -0.5363 0.5018 -0.6787
vn -0.5362 0.5018 -0.6787
vn 0.4860 0.4474 0.7508
vn 0.4860 0.4473 0.7508
vn 0.4860 0.4475 0.7507
vn 0.4860 0.4472 0.7509
vn 0.5814 -0.0310 0.8130
vn -0.5814 0.0310 -0.8130
vn -0.5814 0.0309 -0.8130
vn 0.5363 -0.5018 0.6787
vn 0.5362 -0.5018 0.6787
vn 0.5363 -0.5018 0.6786
vn -0.4860 -0.4473 -0.7508
vn -0.4859 -0.4473 -0.7509
vn 0.6247 -0.2881 0.7258
vn 0.6247 -0.2881 0.7257
vn -0.4942 -0.2285 -0.8388
vn -0.0369 0.7894 0.6128
vn -0.5630 0.8173 -0.1230
vn -0.5628 0.8174 -0.1228
vn -0.5629 0.8173 -0.1230
vn 0.2527 0.9541 0.1610
vn 0.2527 0.9540 0.1611
vn 0.2530 0.9539 0.1613
vn -0.0360 0.9695 -0.2426
vn -0.0360 0.9694 -0.2427
vn -0.0390 -0.9992 -0.0103
vn -0.0389 -0.9992 -0.0101
vn 0.7742 0.1059 -0.6241
vn 0.7740 0.1060 -0.6242
vn 0.7740 0.1061 -0.6243
vn 0.8446 0.1022 -0.5255
vt 0.000000 0.000000
s 1
f 413/3/322 414/3/323 415/3/324
f 414/3/323 413/3/322 416/3/325
f 417/3/326 418/3/327 419/3/328
f 418/3/327 417/3/326 420/3/326
f 418/3/327 421/3/329 419/3/328
f 422/3/330 419/3/328 421/3/329
f 423/3/331 424/3/332 425/3/333
f 424/3/332 423/3/331 426/3/334
f 425/3/333 427/3/335 423/3/331
f 427/3/335 425/3/333 428/3/335
f 429/3/336 430/3/337 431/3/338
f 430/3/337 432/3/337 431/3/338
f 431/3/338 433/3/339 429/3/336
f 433/3/339 431/3/338 434/3/340
f 435/3/341 436/3/342 437/3/342
f 436/3/342 435/3/341 438/3/343
f 438/3/343 435/3/341 439/3/344
f 440/3/345 438/3/343 439/3/344
f 441/3/346 440/3/345 439/3/344
f 440/3/345 441/3/346 442/3/346
f 443/3/347 444/3/348 445/3/349
f 446/3/350 445/3/349 444/3/348
f 443/3/347 445/3/349 447/3/351
f 445/3/349 446/3/350 448/3/352
f 447/3/351 449/3/353 443/3/347
f 450/3/354 448/3/352 446/3/350
f 449/3/353 447/3/351 451/3/355
f 448/3/352 450/3/354 452/3/356
f 451/3/355 453/3/357 449/3/353
f 453/3/357 451/3/355 454/3/358
f 453/3/357 454/3/358 455/3/359
f 456/3/360 452/3/356 450/3/354
f 452/3/356 456/3/360 457/3/361
f 457/3/361 456/3/360 458/3/362
f 459/3/363 460/3/364 461/3/363
f 460/3/364 459/3/363 462/3/365
f 463/3/366 460/3/364 462/3/365
f 460/3/364 463/3/366 464/3/367
f 465/3/368 466/3/369 467/3/370
f 467/3/370 466/3/369 468/3/369
f 469/3/371 465/3/368 467/3/370
f 465/3/368 469/3/371 470/3/372
f 471/3/373 472/3/374 473/3/375
f 473/3/375 472/3/374 474/3/376
f 472/3/374 471/3/373 475/3/377
f 476/3/378 473/3/375 474/3/376
f 475/3/377 471/3/373 477/3/379
f 476/3/378 474/3/376 478/3/380
f 477/3/379 479/3/379 475/3/377
f 478/3/380 480/3/381 476/3/378
f 479/3/379 477/3/379 481/3/382
f 480/3/381 478/3/380 482/3/383
f 482/3/383 483/3/384 480/3/381
f 483/3/384 482/3/383 484/3/385
f 479/3/379 481/3/382 485/3/386
f 485/3/386 481/3/382 486/3/387
f 486/3/387 481/3/382 487/3/388
f 485/3/386 486/3/387 488/3/389
f 489/3/390 490/3/391 491/3/392
f 490/3/391 489/3/390 492/3/393
f 491/3/392 493/3/394 489/3/390
f 492/3/393 494/3/395 490/3/391
f 493/3/394 491/3/392 495/3/396
f 494/3/395 492/3/393 496/3/397
f 495/3/396 497/3/398 493/3/394
f 497/3/398 495/3/396 498/3/399
f 497/3/398 498/3/399 499/3/400
f 496/3/397 500/3/401 494/3/395
f 500/3/401 496/3/397 501/3/401
f 501/3/401 502/3/402 500/3/401
f 502/3/402 501/3/401 503/3/403
f 502/3/402 503/3/403 504/3/404
f 504/3/404 503/3/403 505/3/405
f 502/3/402 504/3/404 506/3/406
f 507/3/407 508/3/408 509/3/409
f 508/3/408 507/3/407 510/3/410
f 509/3/409 511/3/411 507/3/407
f 511/3/411 509/3/409 512/3/412
f 511/3/411 512/3/412 513/3/413
f 514/3/414 508/3/408 510/3/410
f 508/3/408 514/3/414 515/3/415
f 514/3/414 516/3/416 515/3/415
f 515/3/415 516/3/416 517/3/417
f 516/3/416 518/3/418 517/3/417
f 517/3/417 518/3/418 519/3/419
f 518/3/418 520/3/420 519/3/419
f 519/3/419 520/3/420 521/3/421
f 521/3/421 520/3/420 522/3/422
f 523/3/423 524/3/423 525/3/423
f 524/3/423 523/3/423 526/3/423
f 527/3/424 528/3/424 529/3/424
f 528/3/424 527/3/424 530/3/424
f 531/3/425 532/3/426 533/3/427
f 532/3/426 531/3/425 534/3/428
f 534/3/428 535/3/429 532/3/426
f 535/3/429 534/3/428 536/3/430
f 536/3/430 537/3/431 535/3/429
f 537/3/431 536/3/430 538/3/432
f 539/3/433 540/3/434 541/3/435
f 542/3/433 540/3/434 539/3/433
f 543/3/436 541/3/435 540/3/434
f 541/3/435 543/3/436 544/3/437
f 543/3/436 545/3/438 544/3/437
f 545/3/438 546/3/438 544/3/437
f 547/3/439 548/3/439 549/3/439
f 548/3/439 547/3/439 550/3/439
f 548/3/439 551/3/439 549/3/439
f 551/3/439 548/3/439 552/3/440
f 553/3/441 554/3/442 555/3/441
f 554/3/442 553/3/441 556/3/442
f 557/3/443 553/3/441 555/3/441
f 558/3/444 553/3/441 557/3/443
f 559/3/445 560/3/445 561/3/445
f 560/3/445 559/3/445 562/3/445
f 562/3/445 559/3/445 563/3/445
f 562/3/445 563/3/445 564/3/445
f 565/3/446 566/3/446 567/3/446
f 566/3/446 565/3/446 568/3/446
f 566/3/446 568/3/446 569/3/446
f 568/3/446 570/3/447 569/3/446
f 571/3/448 572/3/448 573/3/448
f 573/3/448 572/3/448 574/3/449
f 573/3/448 574/3/449 575/3/448
f 576/3/450 573/3/448 575/3/448
f 577/3/451 578/3/451 579/3/451
f 577/3/451 580/3/451 578/3/451
f 578/3/451 581/3/451 579/3/451
f 578/3/451 582/3/452 581/3/451
f 583/3/453 584/3/454 585/3/453
f 585/3/453 586/3/453 583/3/453
f 587/3/455 588/3/455 589/3/455
f 588/3/455 590/3/455 589/3/455
f 591/3/456 592/3/456 593/3/456
f 593/3/456 594/3/456 591/3/456
f 595/3/457 596/3/458 597/3/459
f 597/3/459 596/3/458 598/3/458
f 599/3/460 600/3/461 601/3/461
f 600/3/461 599/3/460 602/3/462
f 603/3/463 604/3/464 605/3/463
f 604/3/464 603/3/463 606/3/464
f 607/3/465 608/3/466 609/3/465
f 608/3/466 607/3/465 610/3/466
f 611/3/467 612/3/468 613/3/468
f 613/3/468 614/3/469 611/3/467
f 615/3/470 616/3/470 617/3/470
f 618/3/470 617/3/470 616/3/470
o RenderMesh_95056811557638
v -0.233586 -0.383330 -0.100440
v -0.248720 -0.377061 -0.100440
v -0.218453 -0.377061 -0.100440
v -0.254988 -0.361928 -0.100440
v -0.233586 -0.340526 -0.100440
v -0.248720 -0.346794 -0.100440
v -0.218453 -0.346794 -0.100440
v -0.212184 -0.361928 -0.100440
v -0.218453 -0.377061 0.100440
v -0.248719 -0.377061 0.100440
v -0.233586 -0.383330 0.100440
v -0.248719 -0.346794 0.100440
v -0.254988 -0.361928 0.100440
v -0.233586 -0.340526 0.100440
v -0.218453 -0.346794 0.100440
v -0.212184 -0.361928 0.100440
v 0.452729 -0.056049 -0.100440
v 0.437595 -0.049780 -0.100440
v 0.467861 -0.049780 -0.100440
v 0.431328 -0.034647 -0.100440
v 0.467861 -0.019514 -0.100440
v 0.474131 -0.034647 -0.100440
v 0.437595 -0.019514 -0.100440
v 0.452729 -0.013245 -0.100440
v 0.467862 -0.049780 0.100440
v 0.437597 -0.049780 0.100440
v 0.452730 -0.056049 0.100440
v 0.474131 -0.034647 0.100440
v 0.437597 -0.019514 0.100440
v 0.431328 -0.034647 0.100440
v 0.467862 -0.019514 0.100440
v 0.452730 -0.013245 0.100440
v -0.580343 0.269527 -0.100440
v -0.565209 0.306062 -0.100440
v -0.565209 0.275795 -0.100440
v -0.558941 0.290928 -0.100440
v -0.580343 0.312330 -0.100440
v -0.601745 0.290928 -0.100440
v -0.595476 0.306062 -0.100440
v -0.595476 0.275795 -0.100440
v -0.565209 0.275795 0.100440
v -0.580343 0.312330 0.100440
v -0.580343 0.269527 0.100440
v -0.595475 0.275795 0.100440
v -0.565209 0.306062 0.100440
v -0.558941 0.290928 0.100440
v -0.595475 0.306062 0.100440
v -0.601745 0.290928 0.100440
v 0.452729 -0.013245 -0.100440
v 0.437597 -0.019514 0.100440
v 0.452730 -0.013245 0.100440
v 0.437595 -0.019514 -0.100440
v 0.467861 -0.019514 -0.100440
v 0.431328 -0.034647 -0.100440
v 0.467862 -0.019514 0.100440
v 0.431328 -0.034647 0.100440
v 0.474131 -0.034647 0.100440
v 0.437595 -0.049780 -0.100440
v 0.474131 -0.034647 -0.100440
v 0.437597 -0.049780 0.100440
v 0.467862 -0.049780 0.100440
v 0.452729 -0.056049 -0.100440
v 0.467861 -0.049780 -0.100440
v 0.452730 -0.056049 0.100440
v -0.580343 0.312330 -0.100440
v -0.595475 0.306062 0.100440
v -0.580343 0.312330 0.100440
v -0.565209 0.306062 0.100440
v -0.595476 0.306062 -0.100440
v -0.565209 0.306062 -0.100440
v -0.601745 0.290928 -0.100440
v -0.558941 0.290928 0.100440
v -0.601745 0.290928 0.100440
v -0.558941 0.290928 -0.100440
v -0.595476 0.275795 -0.100440
v -0.565209 0.275795 0.100440
v -0.595475 0.275795 0.100440
v -0.565209 0.275795 -0.100440
v -0.580343 0.269527 -0.100440
v -0.580343 0.269527 0.100440
v -0.233586 -0.340526 -0.100440
v -0.248719 -0.346794 0.100440
v -0.233586 -0.340526 0.100440
v -0.218453 -0.346794 0.100440
v -0.248720 -0.346794 -0.100440
v -0.218453 -0.346794 -0.100440
v -0.254988 -0.361928 -0.100440
v -0.212184 -0.361928 0.100440
v -0.254988 -0.361928 0.100440
v -0.212184 -0.361928 -0.100440
v -0.248720 -0.377061 -0.100440
v -0.218453 -0.377061 0.100440
v -0.248719 -0.377061 0.100440
v -0.218453 -0.377061 -0.100440
v -0.233586 -0.383330 -0.100440
v -0.233586 -0.383330 0.100440
vn -0.0000 -0.0000 -1.0000
vn -0.0000 -0.0000 1.0000
vn -0.0000 1.0000 -0.0000
vn -0.7071 0.7071 -0.0000
vn 0.7071 0.7071 -0.0000
vn -1.0000 -0.0000 -0.0000
vn 1.0000 -0.0000 -0.0000
vn -0.7071 -0.7071 -0.0000
vn 0.7071 -0.7071 -0.0000
vn -0.0000 -1.0000 -0.0000
vt 0.000000 0.000000
s 1
f 619/4/471 620/4/471 621/4/471
f 622/4/471 621/4/471 620/4/471
f 621/4/471 622/4/471 623/4/471
f 623/4/471 622/4/471 624/4/471
f 625/4/471 621/4/471 623/4/471
f 621/4/471 625/4/471 626/4/471
f 627/4/472 628/4/472 629/4/472
f 628/4/472 630/4/472 631/4/472
f 630/4/472 628/4/472 632/4/472
f 627/4/472 632/4/472 628/4/472
f 632/4/472 627/4/472 633/4/472
f 633/4/472 627/4/472 634/4/472
f 635/4/471 636/4/471 637/4/471
f 638/4/471 637/4/471 636/4/471
f 637/4/471 638/4/471 639/4/471
f 637/4/471 639/4/471 640/4/471
f 641/4/471 639/4/471 638/4/471
f 639/4/471 641/4/471 642/4/471
f 643/4/472 644/4/472 645/4/472
f 646/4/472 644/4/472 643/4/472
f 646/4/472 647/4/472 644/4/472
f 644/4/472 647/4/472 648/4/472
f 647/4/472 646/4/472 649/4/472
f 647/4/472 649/4/472 650/4/472
f 651/4/471 652/4/471 653/4/471
f 653/4/471 652/4/471 654/4/471
f 652/4/471 651/4/471 655/4/471
f 651/4/471 656/4/471 655/4/471
f 655/4/471 656/4/471 657/4/471
f 656/4/471 651/4/471 658/4/471
f 659/4/472 660/4/472 661/4/472
f 660/4/472 662/4/472 661/4/472
f 660/4/472 659/4/472 663/4/472
f 663/4/472 659/4/472 664/4/472
f 662/4/472 660/4/472 665/4/472
f 662/4/472 665/4/472 666/4/472
f 667/4/473 668/4/474 669/4/473
f 668/4/474 667/4/473 670/4/474
f 669/4/473 671/4/475 667/4/473
f 668/4/474 670/4/474 672/4/476
f 671/4/475 669/4/473 673/4/475
f 672/4/476 674/4/476 668/4/474
f 671/4/475 673/4/475 675/4/477
f 674/4/476 672/4/476 676/4/478
f 675/4/477 677/4/477 671/4/475
f 676/4/478 678/4/478 674/4/476
f 677/4/477 675/4/477 679/4/479
f 678/4/478 676/4/478 680/4/480
f 679/4/479 681/4/479 677/4/477
f 680/4/480 682/4/480 678/4/478
f 681/4/479 679/4/479 682/4/480
f 682/4/480 680/4/480 681/4/479
f 683/4/473 684/4/474 685/4/473
f 683/4/473 685/4/473 686/4/475
f 684/4/474 683/4/473 687/4/474
f 686/4/475 688/4/475 683/4/473
f 684/4/474 687/4/474 689/4/476
f 688/4/475 686/4/475 690/4/477
f 689/4/476 691/4/476 684/4/474
f 690/4/477 692/4/477 688/4/475
f 691/4/476 689/4/476 693/4/478
f 692/4/477 690/4/477 694/4/479
f 693/4/478 695/4/478 691/4/476
f 694/4/479 696/4/479 692/4/477
f 695/4/478 693/4/478 697/4/480
f 696/4/479 694/4/479 698/4/480
f 697/4/480 698/4/480 695/4/478
f 698/4/480 697/4/480 696/4/479
f 699/4/473 700/4/474 701/4/473
f 699/4/473 701/4/473 702/4/475
f 700/4/474 699/4/473 703/4/474
f 702/4/475 704/4/475 699/4/473
f 700/4/474 703/4/474 705/4/476
f 704/4/475 702/4/475 706/4/477
f 705/4/476 707/4/476 700/4/474
f 706/4/477 708/4/477 704/4/475
f 707/4/476 705/4/476 709/4/478
f 708/4/477 706/4/477 710/4/479
f 709/4/478 711/4/478 707/4/476
f 710/4/479 712/4/479 708/4/477
f 711/4/478 709/4/478 713/4/480
f 712/4/479 710/4/479 714/4/480
f 713/4/480 714/4/480 711/4/478
f 714/4/480 713/4/480 712/4/479
o RenderMesh_97543081698506
v -0.429028 0.207649 -0.094768
v -0.454293 0.224030 -0.094799
v -0.453430 0.224288 -0.047230
v -0.455193 0.198601 -0.094557
v -0.437070 0.188742 -0.094996
v -0.452406 0.202391 -0.038881
v -0.391120 0.207317 -0.057441
v -0.447982 0.223863 -0.002607
v -0.395420 0.189963 -0.096428
v -0.420077 0.192943 -0.049775
v -0.360997 0.145216 -0.094903
v -0.389932 0.179239 -0.057248
v -0.447679 0.199219 -0.005693
v -0.383161 0.174688 -0.019648
v -0.428109 0.212443 -0.005725
v -0.401568 0.177991 -0.005568
v -0.451701 0.199396 0.097416
v -0.452082 0.223965 0.096639
v -0.422012 0.180324 0.030555
v -0.402245 0.168823 0.062673
v -0.390453 0.161448 0.097693
v -0.388476 0.183840 0.097704
v -0.405309 0.194044 0.036963
v -0.389531 0.173000 0.043478
v -0.360834 0.152819 0.073978
v -0.385125 0.198075 -0.012112
v -0.389409 0.192101 0.043372
v -0.383201 0.184022 0.061813
v -0.346613 0.208174 0.014538
v -0.351329 0.208451 0.042976
v -0.373522 0.173788 0.097533
v -0.355368 0.181205 0.068080
v -0.362061 0.145657 0.097678
v -0.338717 0.153231 0.097714
v -0.318931 0.202950 0.042710
v -0.305023 0.173326 0.065536
v -0.340026 0.128629 0.097714
v -0.304224 0.152285 0.097709
v -0.265781 0.130781 0.097757
v -0.291729 0.191310 0.042204
v -0.313872 0.135166 0.069237
v -0.338503 0.136268 0.070211
v -0.338648 0.158742 0.042710
v -0.318940 0.201931 0.011734
v -0.314277 0.156202 0.041533
v -0.264735 0.156445 0.044916
v -0.286291 0.142308 -0.013096
v -0.338830 0.162330 0.014182
v -0.317225 0.153526 0.006525
v -0.298672 0.150376 -0.059580
v -0.260750 0.133292 -0.048801
v -0.282775 0.129077 -0.094601
v -0.251814 0.127642 -0.094731
v -0.318931 0.155962 -0.062297
v -0.338676 0.153890 -0.025252
v -0.313010 0.147175 -0.078406
v -0.338652 0.154591 -0.060566
v -0.353964 0.166960 -0.025778
v -0.354376 0.178731 0.042710
v -0.354332 0.180979 0.014718
v -0.367428 0.182345 0.034834
v -0.359452 0.170295 -0.058834
v -0.340114 0.131111 -0.095436
v -0.344881 0.159027 -0.096190
v -0.318544 0.130862 -0.096768
v -0.308339 0.158233 -0.097860
v -0.364431 0.178589 -0.087387
v -0.339039 0.174228 -0.084348
v -0.338416 0.189490 -0.067513
v -0.263483 0.152378 -0.094672
v -0.315460 0.180760 -0.081769
v -0.279786 0.163469 -0.075807
v -0.313376 0.189167 -0.069948
v -0.260952 0.161296 -0.052103
v -0.164455 0.157313 -0.094812
v -0.161277 0.130448 -0.094790
v -0.100619 0.152237 -0.094804
v -0.146305 0.190830 -0.043961
v -0.239722 0.160365 -0.075814
v -0.181069 0.182514 -0.039795
v -0.240642 0.169976 -0.039795
v -0.181069 0.182692 -0.012293
v -0.261879 0.162373 -0.015376
v -0.256395 0.180689 0.016170
v -0.279786 0.185619 0.014895
v -0.307644 0.186351 -0.027768
v -0.339072 0.188525 -0.033192
v -0.357796 0.194497 -0.030958
v 0.426597 0.125776 -0.012293
v 0.362164 0.155650 -0.012293
v 0.413846 0.118536 0.015209
v 0.366427 0.145369 -0.039795
v 0.436433 0.139080 -0.039795
v 0.362164 0.123583 -0.067298
v 0.461044 0.108786 0.007875
v 0.416212 0.115174 0.042710
v 0.436976 0.104756 -0.094831
v 0.463531 0.118629 -0.067298
v 0.471263 0.122755 -0.039795
v 0.455083 0.092057 -0.067298
v 0.468305 0.094098 -0.039795
v 0.434302 0.078366 -0.094776
v 0.210572 0.076976 -0.094720
v 0.413050 0.102535 -0.054720
v 0.426265 0.107559 -0.039795
v 0.459753 0.092057 -0.012293
v 0.459936 0.079169 0.015209
v 0.420585 0.098875 -0.012293
v 0.363304 0.117768 -0.039795
v 0.263765 0.093049 -0.067298
v 0.218434 0.095215 -0.058624
v 0.159520 0.086865 -0.039071
v 0.190451 0.123504 0.011857
v 0.227769 0.115243 -0.039795
v 0.263765 0.124513 -0.039795
v 0.227769 0.133385 -0.012293
v 0.251306 0.137292 0.014763
v 0.196881 0.124814 0.042231
v 0.263765 0.138301 -0.012293
v 0.360524 0.128557 -0.012293
v 0.263765 0.128576 0.042710
v 0.360949 0.111499 0.041030
v 0.284587 0.081831 0.097695
v 0.147962 0.080779 0.097860
v 0.271009 0.109354 0.097642
v 0.412068 0.091182 0.015209
v 0.379447 0.077236 0.097539
v 0.378211 0.102210 0.097698
v 0.416775 0.087827 0.042710
v 0.467463 0.078967 0.049370
v 0.438923 0.076920 0.097714
v 0.438923 0.101560 0.097714
v 0.457518 0.101560 0.070211
v 0.468159 0.101560 0.042710
v 0.083786 0.102667 -0.094799
v 0.062039 0.106886 -0.067298
v 0.061691 0.122032 -0.039701
v 0.048397 0.130237 -0.042131
v 0.060554 0.081739 -0.094836
v 0.046015 0.123408 -0.067298
v 0.084535 0.078755 -0.094786
v 0.030016 0.088009 -0.094790
v 0.119782 0.113242 -0.067298
v 0.017350 0.144092 -0.065315
v 0.058664 0.052180 -0.094799
v 0.062039 0.147679 -0.012293
v -0.002057 0.142967 -0.067298
v 0.013967 0.146272 -0.039795
v 0.041514 0.161403 -0.009677
v -0.015241 0.148933 -0.038769
v 0.013846 0.156918 -0.017695
v 0.041919 0.166099 0.010020
v -0.034400 0.149745 -0.011490
v -0.016224 0.165858 0.016620
v -0.055020 0.145261 -0.040561
v -0.019687 0.129689 -0.063426
v -0.014886 0.079575 -0.094747
v 0.020287 0.054978 -0.094821
v -0.038456 0.101343 -0.094781
v -0.053102 0.111196 -0.094636
v -0.021156 0.055855 -0.094850
v -0.069083 0.100067 -0.094809
v -0.016950 0.064163 -0.064150
v -0.042858 0.113424 -0.041481
v -0.076295 0.152031 -0.071874
v 0.031755 0.069652 -0.072191
v -0.079422 0.187763 -0.038531
v 0.046015 0.074688 -0.067298
v -0.102966 0.168803 -0.068420
v 0.046015 0.100432 -0.039795
v 0.063535 0.081219 -0.041723
v 0.083786 0.088103 -0.067298
v 0.084769 0.103897 -0.043162
v 0.148665 0.079227 -0.057453
v 0.062039 0.094894 -0.012293
v 0.083786 0.120817 -0.012293
v 0.121851 0.102020 -0.094804
v 0.062039 0.083154 0.015209
v 0.155778 0.096497 -0.012293
v 0.122610 0.110459 0.010362
v 0.083786 0.136444 0.015209
v 0.155778 0.118692 0.015209
v 0.119782 0.111499 0.042710
v 0.083786 0.132454 0.042710
v 0.155778 0.122169 0.042710
v 0.119782 0.088962 0.070211
v 0.062747 0.086520 0.044047
v 0.083191 0.080409 0.097649
v 0.032553 0.111672 0.010108
v 0.046015 0.107663 -0.012293
v 0.029991 0.106128 -0.012293
v 0.018498 0.113768 -0.041061
v 0.013967 0.102055 -0.012293
v -0.002057 0.103079 -0.039795
v 0.002809 0.122456 0.015153
v -0.017377 0.085837 -0.011833
v -0.018081 0.086439 -0.039795
v -0.018081 0.099099 0.015209
v -0.029660 0.108077 -0.039626
v -0.027492 0.102949 -0.012293
v -0.043472 0.116539 -0.008321
v -0.029539 0.118678 0.019214
v -0.018081 0.099893 0.042710
v 0.008232 0.122519 0.040465
v -0.018606 0.078936 0.064289
v 0.032586 0.119793 0.042753
v 0.013967 0.082995 0.070211
v 0.038827 0.084801 0.066879
v 0.058309 0.050716 0.097640
v 0.019989 0.057115 0.097674
v 0.050702 0.089950 0.097747
v -0.018792 0.057285 0.097705
v -0.027492 0.118199 0.042710
v -0.051383 0.097094 0.071797
v -0.041145 0.128714 0.042576
v -0.052190 0.120168 0.012847
v -0.055725 0.128620 0.042710
v -0.070431 0.130538 0.045668
v -0.061560 0.124885 -0.016395
v -0.065136 0.130296 0.015209
v -0.080930 0.160612 0.004955
v -0.065764 0.123367 -0.041074
v -0.056899 0.087989 0.097713
v -0.100958 0.169961 0.041530
v -0.084661 0.136272 -0.062461
v -0.089366 0.164785 -0.039500
v -0.101370 0.181986 -0.000912
v -0.101998 0.141875 0.075450
v -0.102749 0.129965 -0.094809
v -0.102780 0.148109 -0.067298
v -0.102299 0.178175 -0.036934
v -0.149815 0.156366 -0.043665
v -0.127866 0.168385 -0.008343
v -0.146704 0.148398 0.042385
v -0.151277 0.162670 -0.010482
v -0.181069 0.142356 -0.067298
v -0.171365 0.153453 -0.040320
v -0.240642 0.140498 -0.039795
v -0.181069 0.148752 -0.012293
v -0.161497 0.153862 0.015209
v -0.260229 0.132406 -0.013535
v -0.181069 0.154328 0.042710
v -0.254038 0.145329 0.010301
v -0.156767 0.136181 0.066305
v -0.103447 0.129929 0.097686
v -0.193650 0.128486 0.097470
v -0.260454 0.142352 0.075411
v -0.183256 0.154081 0.097686
v -0.259778 0.157477 0.097706
v -0.105715 0.154588 0.097678
v -0.256174 0.172294 0.075053
v -0.154159 0.162714 0.071114
v -0.078442 0.135806 0.097710
v -0.102187 0.166441 0.071865
v -0.039390 0.099873 0.097630
v -0.067729 0.167051 0.041710
v -0.059624 0.163033 0.042452
v -0.097867 0.187786 0.043673
v -0.143410 0.190466 0.029477
v -0.240300 0.186132 0.043084
v -0.097348 0.201704 0.014026
v -0.174003 0.192083 0.017977
v -0.056663 0.170273 0.018434
v -0.155008 0.196698 -0.014835
v -0.081615 0.195033 -0.014094
v -0.100388 0.204542 -0.011516
v -0.102780 0.196175 -0.039795
v -0.046428 0.164898 0.013869
v -0.161497 0.191180 -0.039795
v -0.032837 0.166216 0.042855
v -0.042374 0.126226 0.072615
v -0.012190 0.161657 0.041444
v -0.020864 0.140748 0.055718
v 0.013967 0.157769 0.042710
v -0.010775 0.079974 0.097691
v 0.013967 0.131779 0.070211
v 0.043198 0.137670 0.071025
v 0.046682 0.160188 0.043022
v 0.062039 0.127143 0.070211
v 0.062039 0.154686 0.042710
v 0.062039 0.157979 0.015209
v 0.083081 0.154089 0.042397
v 0.083786 0.107710 0.097714
v 0.116863 0.100642 0.097559
v 0.083786 0.160405 0.015209
v 0.153314 0.112445 0.097746
v 0.119782 0.139450 0.042710
v 0.155942 0.141710 0.068965
v 0.158463 0.159809 0.043907
v 0.122012 0.142343 0.014959
v 0.254747 0.160508 0.042203
v 0.191773 0.156614 0.015209
v 0.119782 0.132244 -0.012293
v 0.085629 0.136209 -0.028428
v 0.119782 0.137914 -0.039795
v 0.155778 0.127795 -0.012293
v 0.155574 0.106436 -0.061212
v 0.155778 0.118772 -0.039795
v 0.184915 0.130799 -0.024860
v 0.209895 0.103215 -0.094819
v 0.229071 0.118246 -0.070092
v 0.235862 0.159702 -0.019945
v 0.227769 0.165983 0.015209
v 0.263765 0.150090 -0.039795
v 0.263765 0.166580 -0.012293
v 0.263765 0.168528 0.015209
v 0.359761 0.152095 0.015209
v 0.359831 0.140321 0.042710
v 0.359944 0.121171 0.070211
vn 0.2310 0.5763 -0.7839
vn -0.3923 0.7353 -0.5527
vn -0.5906 0.8061 0.0368
vn -0.7035 -0.4186 -0.5744
vn -0.3322 -0.6954 -0.6372
vn -0.8161 -0.5716 0.0854
vn 0.3111 0.9391 -0.1456
vn -0.4729 0.8808 0.0234
vn 0.2326 0.4610 -0.8563
vn -0.3338 -0.9412 0.0521
vn -0.4417 -0.7560 -0.4830
vn -0.3648 -0.9158 0.1679
vn -0.8250 -0.5640 -0.0349
vn -0.2087 -0.9780 0.0028
vn 0.4200 0.9041 0.0788
vn -0.3155 -0.9428 -0.1079
vn -0.6972 -0.3758 0.6104
vn -0.4264 0.7301 0.5339
vn -0.4596 -0.8844 -0.0815
vn -0.3183 -0.9320 -0.1734
vn -0.3279 -0.6632 0.6728
vn 0.3601 0.5949 0.7186
vn 0.3573 0.9274 0.1107
vn 0.0803 -0.9622 -0.2603
vn -0.4452 -0.8126 -0.3761
vn 0.1199 0.9909 0.0604
vn -0.1340 0.9345 0.3297
vn 0.1103 0.9371 0.3313
vn -0.0139 0.9927 -0.1195
vn -0.0666 0.9283 0.3659
vn 0.2511 0.5356 0.8063
vn 0.0851 0.8126 0.5766
vn -0.3940 -0.6498 0.6500
vn 0.1013 0.3896 0.9154
vn 0.2908 0.8871 0.3585
vn 0.0195 0.7801 0.6254
vn -0.2728 -0.7965 0.5396
vn 0.0015 0.4417 0.8972
vn 0.0548 -0.8306 0.5542
vn 0.2251 0.9434 0.2435
vn 0.0209 -0.9064 -0.4218
vn -0.3398 -0.8317 -0.4391
vn -0.4821 -0.7988 -0.3599
vn 0.3113 0.9346 -0.1721
vn -0.0875 -0.9661 -0.2431
vn 0.0055 -0.9925 -0.1224
vn -0.2961 -0.9497 0.1015
vn -0.5435 -0.8361 0.0745
vn -0.2629 -0.9628 0.0618
vn -0.3629 -0.9183 0.1584
vn -0.0402 -0.9944 0.0977
vn -0.1596 -0.8175 -0.5534
vn 0.0481 -0.7795 -0.6245
vn -0.0711 -0.9666 0.2463
vn -0.3598 -0.9313 0.0569
vn -0.1196 -0.8480 0.5164
vn -0.2642 -0.9178 0.2965
vn -0.4677 -0.8793 0.0903
vn -0.3754 -0.8362 -0.3999
vn -0.4379 -0.8902 0.1252
vn 0.0521 -0.9816 -0.1837
vn -0.4035 -0.8769 0.2612
vn -0.2401 -0.8934 -0.3796
vn 0.0247 0.2487 -0.9683
vn -0.0267 -0.9057 -0.4231
vn 0.0957 0.3772 -0.9212
vn 0.3126 0.7286 -0.6094
vn 0.0573 0.6638 -0.7457
vn 0.1155 0.9338 -0.3385
vn 0.0826 0.5359 -0.8402
vn 0.1430 0.7574 -0.6371
vn 0.3961 0.8161 -0.4208
vn 0.2367 0.9259 -0.2945
vn 0.0942 0.9812 -0.1687
vn -0.0159 0.4998 -0.8660
vn 0.0215 -0.8447 -0.5349
vn 0.2141 0.5061 -0.8354
vn -0.0644 0.9121 -0.4049
vn -0.1377 0.9441 -0.2994
vn -0.2945 0.9473 -0.1264
vn -0.2577 0.9611 -0.0991
vn -0.3225 0.9347 -0.1493
vn 0.1183 0.9707 -0.2093
vn 0.0326 0.9525 -0.3029
vn 0.2447 0.9356 -0.2547
vn 0.3140 0.9399 -0.1339
vn 0.1860 0.9734 -0.1340
vn 0.2219 0.9711 -0.0875
vn 0.3108 0.9044 0.2924
vn 0.2383 0.9711 -0.0153
vn 0.3647 0.8996 0.2403
vn 0.1048 0.9123 -0.3959
vn 0.2231 0.9668 -0.1246
vn 0.0042 0.7902 -0.6129
vn 0.8059 0.5687 0.1649
vn 0.2783 0.9276 0.2493
vn 0.3904 0.3526 -0.8504
vn 0.7219 0.4219 -0.5485
vn 0.8504 0.5235 -0.0528
vn 0.5855 -0.7996 -0.1333
vn 0.6615 -0.7483 -0.0498
vn 0.3234 -0.8081 -0.4924
vn 0.0917 -0.8216 -0.5627
vn -0.0969 -0.8799 0.4651
vn -0.2417 -0.9651 0.1013
vn 0.5675 -0.8118 -0.1373
vn 0.5029 -0.8279 -0.2483
vn -0.2957 -0.9253 -0.2373
vn -0.1307 -0.8772 0.4619
vn 0.0354 -0.8011 0.5974
vn 0.2207 -0.8334 0.5068
vn 0.0587 -0.9191 0.3896
vn 0.2467 -0.9385 0.2416
vn 0.3158 -0.7507 0.5802
vn 0.0502 -0.8050 0.5911
vn 0.3012 -0.9096 0.2861
vn 0.0308 -0.9856 -0.1664
vn 0.0912 -0.9370 -0.3373
vn 0.0035 -0.9873 0.1586
vn -0.2437 -0.9695 -0.0246
vn -0.0516 -0.8935 -0.4462
vn -0.2508 -0.8936 -0.3722
vn -0.0514 -0.8865 0.4598
vn 0.0944 -0.8669 0.4895
vn 0.0386 0.4166 0.9083
vn -0.3334 -0.9208 -0.2023
vn -0.1515 -0.8255 0.5437
vn 0.0991 0.5247 0.8455
vn -0.2507 -0.9522 -0.1744
vn 0.7264 -0.6817 0.0871
vn 0.3781 -0.6410 0.6680
vn 0.3906 0.5989 0.6991
vn 0.6663 0.5958 0.4484
vn 0.8379 0.5346 0.1104
vn -0.1688 0.5825 -0.7951
vn 0.0899 0.8231 -0.5607
vn 0.2059 0.8141 -0.5430
vn 0.4771 0.7709 -0.4220
vn -0.0191 0.2505 -0.9679
vn 0.4737 0.6842 -0.5545
vn 0.2320 -0.6538 -0.7202
vn 0.0605 0.2849 -0.9566
vn 0.0994 0.8779 -0.4685
vn 0.2005 0.8365 -0.5099
vn 0.2345 -0.8776 -0.4182
vn 0.2334 0.8289 -0.5084
vn -0.2295 0.7565 -0.6124
vn 0.1773 0.9307 -0.3200
vn 0.2365 0.8855 -0.4000
vn -0.1115 0.9482 -0.2975
vn 0.0117 0.9179 -0.3967
vn 0.1867 0.9796 -0.0741
vn 0.0376 0.9476 -0.3173
vn -0.0041 0.9916 -0.1296
vn 0.4683 0.7901 -0.3954
vn -0.2120 0.7043 -0.6775
vn 0.0368 0.1804 -0.9829
vn 0.0568 -0.8527 -0.5193
vn 0.2358 0.2997 -0.9244
vn 0.2199 0.3591 -0.9070
vn -0.3657 -0.7821 -0.5046
vn -0.5553 -0.6319 -0.5407
vn -0.2942 -0.7865 0.5431
vn -0.4558 -0.8307 0.3198
vn 0.5861 0.6362 -0.5018
vn 0.0260 -0.7498 0.6612
vn 0.5801 0.7107 -0.3980
vn -0.2866 -0.7441 0.6034
vn 0.2248 0.7748 -0.5909
vn -0.4555 -0.7873 0.4155
vn 0.0931 -0.8615 0.4991
vn 0.2890 -0.8630 0.4144
vn 0.2393 -0.8558 0.4587
vn -0.0539 -0.9555 0.2900
vn 0.1228 -0.9832 0.1350
vn 0.2469 -0.8874 0.3892
vn 0.0361 0.5874 -0.8085
vn 0.1501 -0.9882 -0.0292
vn 0.0581 -0.8950 0.4423
vn -0.1908 -0.9463 0.2609
vn 0.2500 -0.9603 0.1237
vn 0.1684 -0.9238 0.3439
vn -0.1161 -0.9237 -0.3651
vn 0.2770 -0.8996 -0.3377
vn 0.1727 -0.9480 -0.2672
vn -0.0227 -0.8390 -0.5437
vn 0.2451 -0.8872 -0.3909
vn 0.3516 -0.6639 0.6601
vn -0.3870 -0.9065 0.1688
vn -0.4523 -0.8918 0.0123
vn -0.0355 -0.9911 0.1285
vn 0.1093 -0.9370 0.3319
vn 0.2712 -0.9524 0.1393
vn 0.4991 -0.8151 0.2942
vn 0.3041 -0.9161 0.2612
vn -0.1832 -0.9650 0.1876
vn -0.1909 -0.8886 0.4172
vn -0.1361 -0.9600 0.2447
vn -0.6192 -0.6997 0.3564
vn -0.7774 -0.6207 0.1018
vn -0.4511 -0.8863 0.1051
vn -0.5907 -0.7844 0.1892
vn -0.2275 -0.8557 -0.4648
vn 0.1971 -0.9158 -0.3499
vn -0.1679 -0.7129 -0.6809
vn -0.4030 -0.8504 -0.3383
vn 0.0934 -0.6541 -0.7506
vn -0.2694 -0.6766 -0.6853
vn 0.2148 -0.9059 0.3650
vn -0.0151 -0.9034 0.4286
vn -0.0353 0.2667 0.9631
vn -0.2623 -0.8656 0.4266
vn -0.7007 -0.6287 -0.3373
vn -0.5293 -0.6645 -0.5275
vn -0.2773 -0.9189 -0.2807
vn -0.3154 -0.9396 0.1331
vn -0.1955 -0.9338 -0.2996
vn -0.5965 -0.7211 -0.3524
vn -0.6532 -0.7515 0.0919
vn -0.7104 -0.7037 -0.0104
vn -0.7949 -0.6036 -0.0615
vn -0.6438 -0.7180 0.2646
vn -0.5458 -0.6320 0.5502
vn -0.1798 -0.8846 -0.4303
vn -0.6702 -0.5948 0.4438
vn -0.7147 -0.6067 0.3480
vn -0.1587 -0.9846 -0.0737
vn -0.2264 -0.8212 -0.5239
vn -0.2917 -0.7384 -0.6079
vn -0.2137 -0.7600 0.6138
vn -0.1611 -0.9182 0.3619
vn 0.1829 -0.9194 0.3481
vn 0.3697 -0.9271 -0.0617
vn 0.1484 -0.9291 -0.3388
vn 0.2369 -0.9715 -0.0037
vn 0.0947 -0.9310 0.3524
vn 0.2188 -0.9644 0.1487
vn 0.2246 -0.9734 0.0448
vn 0.2357 -0.9718 0.0089
vn 0.1139 -0.9909 -0.0715
vn -0.0720 -0.9737 0.2163
vn -0.0559 -0.9788 -0.1972
vn -0.0188 -0.9442 0.3289
vn -0.0370 -0.9228 -0.3835
vn -0.2387 -0.7161 0.6559
vn -0.0519 -0.8396 0.5407
vn 0.0425 -0.8883 -0.4573
vn 0.0321 0.5246 0.8507
vn -0.0068 0.5090 0.8607
vn 0.1384 0.5762 0.8055
vn 0.0178 0.8649 0.5016
vn 0.0054 0.8957 0.4446
vn 0.3081 0.4152 0.8560
vn 0.2007 0.8297 0.5209
vn 0.2577 0.3490 0.9010
vn 0.4542 0.7793 0.4318
vn 0.2453 0.8533 0.4602
vn 0.2236 0.8268 0.5162
vn -0.0621 0.9012 0.4290
vn 0.0357 0.9723 0.2312
vn 0.2379 0.9381 0.2518
vn -0.1668 0.9842 -0.0587
vn 0.5899 0.7986 0.1190
vn -0.2439 0.9664 -0.0814
vn 0.5950 0.8005 -0.0714
vn 0.1429 0.9869 -0.0743
vn 0.1240 0.8674 -0.4819
vn 0.2043 0.9570 -0.2057
vn -0.2604 0.9491 -0.1773
vn 0.0514 0.8860 0.4609
vn 0.2316 0.6336 0.7381
vn 0.0744 0.8661 0.4942
vn 0.0867 0.5823 0.8083
vn -0.0342 0.8714 0.4894
vn 0.0214 0.2282 0.9734
vn -0.1304 0.6065 0.7843
vn 0.0972 0.6486 0.7549
vn 0.1462 0.8997 0.4114
vn 0.0548 0.6719 0.7386
vn 0.1863 0.8758 0.4453
vn 0.2118 0.9721 -0.1004
vn 0.1445 0.8955 0.4209
vn -0.0268 0.4784 0.8777
vn -0.0235 0.3704 0.9286
vn 0.1863 0.9743 -0.1267
vn -0.0667 0.4238 0.9033
vn -0.0510 0.9223 0.3831
vn -0.1825 0.7693 0.6123
vn -0.2175 0.9538 0.2075
vn 0.0799 0.9706 -0.2269
vn 0.0460 0.8869 0.4597
vn -0.2077 0.9419 -0.2640
vn 0.2308 0.9512 -0.2050
vn -0.0233 0.8645 -0.5022
vn 0.0994 0.9424 -0.3195
vn -0.0430 0.9257 -0.3759
vn 0.0373 0.9148 -0.4022
vn 0.0934 0.9074 -0.4098
vn -0.2614 0.8441 -0.4681
vn -0.0631 0.5473 -0.8346
vn -0.1248 0.8364 -0.5338
vn -0.2149 0.8851 -0.4128
vn -0.1705 0.9809 -0.0933
vn -0.0327 0.8112 -0.5839
vn 0.0008 0.9682 -0.2503
vn 0.0395 0.9900 0.1353
vn 0.3015 0.9252 0.2303
vn 0.2809 0.8697 0.4058
vn 0.1905 0.8248 0.5324
vt 0.000000 0.000000
s 1
f 715/5/481 716/5/482 717/5/483
f 715/5/481 718/5/484 716/5/482
f 716/5/482 718/5/484 717/5/483
f 715/5/481 719/5/485 718/5/484
f 717/5/483 718/5/484 720/5/486
f 720/5/486 718/5/484 719/5/485
f 721/5/487 715/5/481 717/5/483
f 720/5/486 722/5/488 717/5/483
f 721/5/487 723/5/489 715/5/481
f 723/5/489 719/5/485 715/5/481
f 724/5/490 720/5/486 719/5/485
f 723/5/489 725/5/491 719/5/485
f 724/5/490 719/5/485 726/5/492
f 726/5/492 719/5/485 725/5/491
f 727/5/493 720/5/486 724/5/490
f 722/5/488 720/5/486 727/5/493
f 728/5/494 724/5/490 726/5/492
f 717/5/483 722/5/488 729/5/495
f 729/5/495 721/5/487 717/5/483
f 727/5/493 724/5/490 730/5/496
f 724/5/490 728/5/494 730/5/496
f 731/5/497 722/5/488 727/5/493
f 732/5/498 729/5/495 722/5/488
f 722/5/488 731/5/497 732/5/498
f 733/5/499 727/5/493 730/5/496
f 733/5/499 731/5/497 727/5/493
f 734/5/500 733/5/499 730/5/496
f 731/5/497 733/5/499 735/5/501
f 735/5/501 733/5/499 734/5/500
f 731/5/497 736/5/502 732/5/498
f 731/5/497 735/5/501 736/5/502
f 737/5/503 729/5/495 732/5/498
f 737/5/503 732/5/498 736/5/502
f 738/5/504 734/5/500 730/5/496
f 730/5/496 728/5/494 738/5/504
f 734/5/500 739/5/505 735/5/501
f 738/5/504 739/5/505 734/5/500
f 740/5/506 729/5/495 737/5/503
f 721/5/487 729/5/495 740/5/506
f 741/5/507 740/5/506 737/5/503
f 741/5/507 737/5/503 742/5/508
f 742/5/508 737/5/503 736/5/502
f 741/5/507 743/5/509 740/5/506
f 742/5/508 744/5/510 741/5/507
f 743/5/509 741/5/507 744/5/510
f 742/5/508 736/5/502 745/5/511
f 735/5/501 745/5/511 736/5/502
f 744/5/510 742/5/508 746/5/512
f 746/5/512 742/5/508 745/5/511
f 735/5/501 747/5/513 745/5/511
f 739/5/505 747/5/513 735/5/501
f 746/5/512 745/5/511 748/5/514
f 748/5/514 745/5/511 747/5/513
f 746/5/512 749/5/515 744/5/510
f 743/5/509 744/5/510 749/5/515
f 750/5/516 746/5/512 748/5/514
f 750/5/516 749/5/515 746/5/512
f 747/5/513 751/5/517 748/5/514
f 739/5/505 751/5/517 747/5/513
f 750/5/516 748/5/514 752/5/518
f 751/5/517 752/5/518 748/5/514
f 752/5/518 751/5/517 753/5/519
f 752/5/518 754/5/520 750/5/516
f 754/5/520 749/5/515 750/5/516
f 753/5/519 751/5/517 755/5/521
f 751/5/517 756/5/522 755/5/521
f 751/5/517 739/5/505 756/5/522
f 757/5/523 755/5/521 756/5/522
f 757/5/523 756/5/522 739/5/505
f 758/5/524 749/5/515 754/5/520
f 758/5/524 743/5/509 749/5/515
f 755/5/521 757/5/523 759/5/525
f 760/5/526 755/5/521 759/5/525
f 759/5/525 761/5/527 760/5/526
f 762/5/528 759/5/525 757/5/523
f 759/5/525 763/5/529 761/5/527
f 763/5/529 759/5/525 762/5/528
f 763/5/529 764/5/530 761/5/527
f 764/5/530 765/5/531 761/5/527
f 766/5/532 765/5/531 764/5/530
f 766/5/532 767/5/533 765/5/531
f 763/5/529 768/5/534 764/5/530
f 769/5/535 768/5/534 763/5/529
f 763/5/529 762/5/528 769/5/535
f 768/5/534 770/5/536 764/5/530
f 764/5/530 770/5/536 766/5/532
f 768/5/534 769/5/535 771/5/537
f 771/5/537 770/5/536 768/5/534
f 769/5/535 762/5/528 772/5/538
f 771/5/537 769/5/535 772/5/538
f 762/5/528 757/5/523 773/5/539
f 739/5/505 773/5/539 757/5/523
f 772/5/538 762/5/528 774/5/540
f 773/5/539 774/5/540 762/5/528
f 739/5/505 775/5/541 773/5/539
f 773/5/539 775/5/541 774/5/540
f 775/5/541 739/5/505 738/5/504
f 775/5/541 738/5/504 728/5/494
f 775/5/541 728/5/494 774/5/540
f 772/5/538 774/5/540 728/5/494
f 772/5/538 728/5/494 776/5/542
f 772/5/538 776/5/542 771/5/537
f 728/5/494 726/5/492 776/5/542
f 776/5/542 726/5/492 725/5/491
f 725/5/491 771/5/537 776/5/542
f 777/5/543 771/5/537 725/5/491
f 770/5/536 771/5/537 777/5/543
f 778/5/544 777/5/543 725/5/491
f 777/5/543 779/5/545 770/5/536
f 778/5/544 779/5/545 777/5/543
f 770/5/536 779/5/545 766/5/532
f 778/5/544 725/5/491 723/5/489
f 780/5/546 766/5/532 779/5/545
f 779/5/545 778/5/544 780/5/546
f 781/5/547 778/5/544 723/5/489
f 721/5/487 781/5/547 723/5/489
f 782/5/548 778/5/544 781/5/547
f 782/5/548 780/5/546 778/5/544
f 783/5/549 781/5/547 721/5/487
f 783/5/549 782/5/548 781/5/547
f 766/5/532 780/5/546 784/5/550
f 784/5/550 767/5/533 766/5/532
f 782/5/548 785/5/551 780/5/546
f 783/5/549 785/5/551 782/5/548
f 780/5/546 785/5/551 786/5/552
f 784/5/550 780/5/546 786/5/552
f 785/5/551 783/5/549 787/5/553
f 786/5/552 785/5/551 787/5/553
f 784/5/550 786/5/552 788/5/554
f 787/5/553 788/5/554 786/5/552
f 789/5/555 767/5/533 784/5/550
f 767/5/533 789/5/555 790/5/556
f 791/5/557 790/5/556 789/5/555
f 792/5/558 791/5/557 789/5/555
f 789/5/555 784/5/550 793/5/559
f 789/5/555 793/5/559 792/5/558
f 784/5/550 788/5/554 793/5/559
f 792/5/558 793/5/559 794/5/560
f 793/5/559 795/5/561 794/5/560
f 793/5/559 788/5/554 795/5/561
f 794/5/560 795/5/561 796/5/562
f 797/5/563 796/5/562 795/5/561
f 795/5/561 788/5/554 797/5/563
f 796/5/562 797/5/563 798/5/564
f 797/5/563 799/5/565 798/5/564
f 754/5/520 798/5/564 799/5/565
f 788/5/554 800/5/566 797/5/563
f 797/5/563 800/5/566 799/5/565
f 799/5/565 800/5/566 754/5/520
f 788/5/554 787/5/553 800/5/566
f 758/5/524 754/5/520 800/5/566
f 787/5/553 801/5/567 800/5/566
f 758/5/524 800/5/566 801/5/567
f 801/5/567 787/5/553 783/5/549
f 801/5/567 743/5/509 758/5/524
f 801/5/567 783/5/549 802/5/568
f 743/5/509 801/5/567 802/5/568
f 802/5/568 783/5/549 721/5/487
f 743/5/509 802/5/568 740/5/506
f 802/5/568 721/5/487 740/5/506
f 803/5/569 804/5/570 805/5/571
f 803/5/569 806/5/572 804/5/570
f 807/5/573 808/5/574 806/5/572
f 806/5/572 803/5/569 807/5/573
f 803/5/569 805/5/571 809/5/575
f 809/5/575 805/5/571 810/5/576
f 809/5/575 807/5/573 803/5/569
f 808/5/574 807/5/573 811/5/577
f 812/5/578 811/5/577 807/5/573
f 807/5/573 813/5/579 812/5/578
f 807/5/573 809/5/575 813/5/579
f 811/5/577 812/5/578 814/5/580
f 812/5/578 813/5/579 815/5/581
f 814/5/580 812/5/578 815/5/581
f 814/5/580 816/5/582 811/5/577
f 811/5/577 816/5/582 817/5/583
f 816/5/582 814/5/580 818/5/584
f 816/5/582 818/5/584 817/5/583
f 819/5/585 814/5/580 815/5/581
f 818/5/584 814/5/580 819/5/585
f 813/5/579 820/5/586 815/5/581
f 815/5/581 820/5/586 819/5/585
f 820/5/586 813/5/579 809/5/575
f 809/5/575 821/5/587 820/5/586
f 819/5/585 820/5/586 822/5/588
f 820/5/586 821/5/587 822/5/588
f 818/5/584 819/5/585 823/5/589
f 823/5/589 819/5/585 822/5/588
f 823/5/589 824/5/590 818/5/584
f 817/5/583 818/5/584 824/5/590
f 817/5/583 824/5/590 825/5/591
f 817/5/583 825/5/591 826/5/592
f 827/5/593 826/5/592 825/5/591
f 825/5/591 824/5/590 828/5/594
f 827/5/593 825/5/591 828/5/594
f 824/5/590 823/5/589 829/5/595
f 828/5/594 824/5/590 829/5/595
f 827/5/593 828/5/594 830/5/596
f 829/5/595 830/5/596 828/5/594
f 830/5/596 831/5/597 827/5/593
f 832/5/598 827/5/593 831/5/597
f 830/5/596 829/5/595 833/5/599
f 831/5/597 830/5/596 833/5/599
f 829/5/595 823/5/589 834/5/600
f 829/5/595 834/5/600 833/5/599
f 823/5/589 822/5/588 834/5/600
f 835/5/601 832/5/598 831/5/597
f 833/5/599 836/5/602 831/5/597
f 836/5/602 835/5/601 831/5/597
f 836/5/602 833/5/599 834/5/600
f 837/5/603 832/5/598 835/5/601
f 836/5/602 837/5/603 835/5/601
f 838/5/604 832/5/598 837/5/603
f 838/5/604 837/5/603 839/5/605
f 840/5/606 834/5/600 822/5/588
f 836/5/602 834/5/600 840/5/606
f 822/5/588 821/5/587 840/5/606
f 837/5/603 841/5/607 839/5/605
f 837/5/603 836/5/602 841/5/607
f 841/5/607 842/5/608 839/5/605
f 840/5/606 843/5/609 836/5/602
f 821/5/587 843/5/609 840/5/606
f 843/5/609 841/5/607 836/5/602
f 843/5/609 821/5/587 844/5/610
f 844/5/610 841/5/607 843/5/609
f 845/5/611 841/5/607 844/5/610
f 841/5/607 846/5/612 842/5/608
f 841/5/607 845/5/611 846/5/612
f 842/5/608 846/5/612 847/5/613
f 847/5/613 846/5/612 845/5/611
f 844/5/610 847/5/613 845/5/611
f 847/5/613 810/5/576 842/5/608
f 821/5/587 848/5/614 844/5/610
f 844/5/610 848/5/614 847/5/613
f 848/5/614 810/5/576 847/5/613
f 809/5/575 848/5/614 821/5/587
f 810/5/576 848/5/614 809/5/575
f 849/5/615 850/5/616 851/5/617
f 850/5/616 852/5/618 851/5/617
f 849/5/615 853/5/619 850/5/616
f 852/5/618 850/5/616 854/5/620
f 850/5/616 853/5/619 854/5/620
f 853/5/619 849/5/615 855/5/621
f 856/5/622 854/5/620 853/5/619
f 857/5/623 849/5/615 851/5/617
f 856/5/622 858/5/624 854/5/620
f 852/5/618 854/5/620 858/5/624
f 859/5/625 856/5/622 853/5/619
f 859/5/625 853/5/619 855/5/621
f 860/5/626 851/5/617 852/5/618
f 858/5/624 856/5/622 861/5/627
f 852/5/618 858/5/624 862/5/628
f 862/5/628 858/5/624 861/5/627
f 852/5/618 862/5/628 863/5/629
f 852/5/618 863/5/629 860/5/626
f 861/5/627 864/5/630 862/5/628
f 862/5/628 865/5/631 863/5/629
f 865/5/631 862/5/628 864/5/630
f 863/5/629 865/5/631 866/5/632
f 866/5/632 860/5/626 863/5/629
f 864/5/630 867/5/633 865/5/631
f 865/5/631 868/5/634 866/5/632
f 865/5/631 867/5/633 868/5/634
f 864/5/630 869/5/635 867/5/633
f 861/5/627 870/5/636 864/5/630
f 869/5/635 864/5/630 870/5/636
f 871/5/637 870/5/636 861/5/627
f 861/5/627 856/5/622 871/5/637
f 872/5/638 871/5/637 856/5/622
f 870/5/636 871/5/637 873/5/639
f 856/5/622 859/5/625 872/5/638
f 870/5/636 873/5/639 874/5/640
f 870/5/636 874/5/640 869/5/635
f 871/5/637 875/5/641 873/5/639
f 872/5/638 875/5/641 871/5/637
f 873/5/639 876/5/642 874/5/640
f 875/5/641 876/5/642 873/5/639
f 877/5/643 875/5/641 872/5/638
f 878/5/644 876/5/642 875/5/641
f 877/5/643 878/5/644 875/5/641
f 869/5/635 874/5/640 879/5/645
f 877/5/643 872/5/638 880/5/646
f 859/5/625 880/5/646 872/5/638
f 879/5/645 874/5/640 791/5/557
f 874/5/640 876/5/642 791/5/557
f 879/5/645 881/5/647 869/5/635
f 880/5/646 859/5/625 882/5/648
f 879/5/645 791/5/557 883/5/649
f 879/5/645 883/5/649 881/5/647
f 884/5/650 880/5/646 882/5/648
f 885/5/651 882/5/648 859/5/625
f 885/5/651 884/5/650 882/5/648
f 859/5/625 886/5/652 885/5/651
f 886/5/652 859/5/625 855/5/621
f 885/5/651 886/5/652 887/5/653
f 888/5/654 886/5/652 855/5/621
f 887/5/653 886/5/652 888/5/654
f 888/5/654 855/5/621 817/5/583
f 889/5/655 885/5/651 887/5/653
f 885/5/651 889/5/655 884/5/650
f 826/5/592 887/5/653 888/5/654
f 817/5/583 826/5/592 888/5/654
f 887/5/653 890/5/656 889/5/655
f 817/5/583 855/5/621 891/5/657
f 891/5/657 855/5/621 849/5/615
f 849/5/615 857/5/623 891/5/657
f 890/5/656 892/5/658 889/5/655
f 893/5/659 887/5/653 826/5/592
f 894/5/660 890/5/656 887/5/653
f 894/5/660 887/5/653 893/5/659
f 894/5/660 895/5/661 890/5/656
f 890/5/656 895/5/661 892/5/658
f 893/5/659 896/5/662 894/5/660
f 826/5/592 827/5/593 893/5/659
f 827/5/593 896/5/662 893/5/659
f 897/5/663 895/5/661 894/5/660
f 896/5/662 897/5/663 894/5/660
f 895/5/661 897/5/663 898/5/664
f 892/5/658 895/5/661 898/5/664
f 897/5/663 896/5/662 899/5/665
f 827/5/593 899/5/665 896/5/662
f 900/5/666 898/5/664 897/5/663
f 899/5/665 900/5/666 897/5/663
f 892/5/658 898/5/664 901/5/667
f 898/5/664 900/5/666 902/5/668
f 902/5/668 901/5/667 898/5/664
f 900/5/666 899/5/665 838/5/604
f 900/5/666 838/5/604 902/5/668
f 899/5/665 827/5/593 832/5/598
f 832/5/598 838/5/604 899/5/665
f 901/5/667 903/5/669 892/5/658
f 904/5/670 892/5/658 903/5/669
f 892/5/658 904/5/670 889/5/655
f 884/5/650 889/5/655 904/5/670
f 905/5/671 884/5/650 904/5/670
f 903/5/669 905/5/671 904/5/670
f 884/5/650 905/5/671 906/5/672
f 906/5/672 880/5/646 884/5/650
f 907/5/673 906/5/672 905/5/671
f 905/5/671 903/5/669 907/5/673
f 880/5/646 906/5/672 908/5/674
f 906/5/672 907/5/673 908/5/674
f 877/5/643 880/5/646 908/5/674
f 907/5/673 903/5/669 909/5/675
f 908/5/674 907/5/673 910/5/676
f 909/5/675 910/5/676 907/5/673
f 910/5/676 911/5/677 908/5/674
f 911/5/677 877/5/643 908/5/674
f 912/5/678 910/5/676 909/5/675
f 911/5/677 913/5/679 877/5/643
f 911/5/677 910/5/676 914/5/680
f 910/5/676 912/5/678 914/5/680
f 913/5/679 911/5/677 914/5/680
f 913/5/679 878/5/644 877/5/643
f 915/5/681 913/5/679 914/5/680
f 915/5/681 878/5/644 913/5/679
f 914/5/680 912/5/678 916/5/682
f 916/5/682 915/5/681 914/5/680
f 909/5/675 917/5/683 912/5/678
f 912/5/678 917/5/683 916/5/682
f 917/5/683 909/5/675 918/5/684
f 903/5/669 918/5/684 909/5/675
f 919/5/685 917/5/683 918/5/684
f 918/5/684 903/5/669 920/5/686
f 903/5/669 901/5/667 920/5/686
f 921/5/687 918/5/684 920/5/686
f 921/5/687 919/5/685 918/5/684
f 922/5/688 920/5/686 901/5/667
f 920/5/686 922/5/688 921/5/687
f 923/5/689 922/5/688 901/5/667
f 924/5/690 921/5/687 922/5/688
f 924/5/690 922/5/688 923/5/689
f 924/5/690 919/5/685 921/5/687
f 902/5/668 923/5/689 901/5/667
f 925/5/691 924/5/690 923/5/689
f 902/5/668 925/5/691 923/5/689
f 924/5/690 926/5/692 919/5/685
f 919/5/685 927/5/693 917/5/683
f 916/5/682 917/5/683 927/5/693
f 927/5/693 919/5/685 928/5/694
f 926/5/692 928/5/694 919/5/685
f 927/5/693 929/5/695 916/5/682
f 927/5/693 928/5/694 929/5/695
f 929/5/695 930/5/696 916/5/682
f 916/5/682 930/5/696 915/5/681
f 928/5/694 931/5/697 929/5/695
f 929/5/695 931/5/697 930/5/696
f 932/5/698 931/5/697 928/5/694
f 930/5/696 933/5/699 915/5/681
f 930/5/696 931/5/697 934/5/700
f 934/5/700 933/5/699 930/5/696
f 934/5/700 931/5/697 932/5/698
f 933/5/699 878/5/644 915/5/681
f 934/5/700 935/5/701 933/5/699
f 932/5/698 935/5/701 934/5/700
f 878/5/644 933/5/699 936/5/702
f 933/5/699 935/5/701 936/5/702
f 936/5/702 876/5/642 878/5/644
f 937/5/703 932/5/698 928/5/694
f 937/5/703 928/5/694 926/5/692
f 938/5/704 935/5/701 932/5/698
f 936/5/702 939/5/705 876/5/642
f 935/5/701 940/5/706 936/5/702
f 936/5/702 940/5/706 939/5/705
f 935/5/701 941/5/707 940/5/706
f 938/5/704 941/5/707 935/5/701
f 942/5/708 938/5/704 932/5/698
f 937/5/703 942/5/708 932/5/698
f 876/5/642 939/5/705 943/5/709
f 939/5/705 940/5/706 944/5/710
f 943/5/709 939/5/705 944/5/710
f 791/5/557 876/5/642 943/5/709
f 945/5/711 944/5/710 940/5/706
f 941/5/707 945/5/711 940/5/706
f 946/5/712 943/5/709 944/5/710
f 945/5/711 946/5/712 944/5/710
f 947/5/713 945/5/711 941/5/707
f 938/5/704 947/5/713 941/5/707
f 947/5/713 946/5/712 945/5/711
f 947/5/713 938/5/704 948/5/714
f 942/5/708 948/5/714 938/5/704
f 791/5/557 943/5/709 790/5/556
f 946/5/712 790/5/556 943/5/709
f 946/5/712 947/5/713 949/5/715
f 948/5/714 949/5/715 947/5/713
f 950/5/716 790/5/556 946/5/712
f 949/5/715 951/5/717 946/5/712
f 951/5/717 950/5/716 946/5/712
f 767/5/533 790/5/556 950/5/716
f 951/5/717 952/5/718 950/5/716
f 767/5/533 950/5/716 952/5/718
f 953/5/719 951/5/717 949/5/715
f 952/5/718 951/5/717 953/5/719
f 949/5/715 954/5/720 953/5/719
f 948/5/714 954/5/720 949/5/715
f 952/5/718 953/5/719 955/5/721
f 954/5/720 948/5/714 956/5/722
f 954/5/720 957/5/723 953/5/719
f 957/5/723 955/5/721 953/5/719
f 957/5/723 954/5/720 956/5/722
f 955/5/721 765/5/531 952/5/718
f 765/5/531 767/5/533 952/5/718
f 761/5/527 955/5/721 957/5/723
f 761/5/527 765/5/531 955/5/721
f 760/5/526 957/5/723 956/5/722
f 760/5/526 761/5/527 957/5/723
f 958/5/724 956/5/722 948/5/714
f 959/5/725 958/5/724 948/5/714
f 942/5/708 959/5/725 948/5/714
f 956/5/722 958/5/724 960/5/726
f 959/5/725 960/5/726 958/5/724
f 959/5/725 942/5/708 937/5/703
f 960/5/726 961/5/727 956/5/722
f 760/5/526 956/5/722 961/5/727
f 960/5/726 959/5/725 962/5/728
f 755/5/521 760/5/526 961/5/727
f 753/5/519 961/5/727 960/5/726
f 753/5/519 755/5/521 961/5/727
f 960/5/726 963/5/729 753/5/519
f 963/5/729 960/5/726 962/5/728
f 752/5/518 753/5/519 963/5/729
f 964/5/730 962/5/728 959/5/725
f 959/5/725 937/5/703 964/5/730
f 962/5/728 965/5/731 963/5/729
f 965/5/731 752/5/518 963/5/729
f 964/5/730 966/5/732 962/5/728
f 965/5/731 962/5/728 966/5/732
f 937/5/703 967/5/733 964/5/730
f 964/5/730 968/5/734 966/5/732
f 967/5/733 968/5/734 964/5/730
f 937/5/703 969/5/735 967/5/733
f 937/5/703 926/5/692 969/5/735
f 968/5/734 967/5/733 970/5/736
f 971/5/737 967/5/733 969/5/735
f 971/5/737 970/5/736 967/5/733
f 972/5/738 968/5/734 970/5/736
f 968/5/734 973/5/739 966/5/732
f 968/5/734 972/5/738 973/5/739
f 974/5/740 966/5/732 973/5/739
f 966/5/732 974/5/740 965/5/731
f 972/5/738 975/5/741 973/5/739
f 970/5/736 975/5/741 972/5/738
f 974/5/740 973/5/739 976/5/742
f 973/5/739 975/5/741 976/5/742
f 965/5/731 974/5/740 754/5/520
f 976/5/742 798/5/564 974/5/740
f 798/5/564 754/5/520 974/5/740
f 752/5/518 965/5/731 754/5/520
f 798/5/564 976/5/742 796/5/562
f 975/5/741 970/5/736 977/5/743
f 977/5/743 970/5/736 971/5/737
f 975/5/741 978/5/744 976/5/742
f 978/5/744 796/5/562 976/5/742
f 979/5/745 975/5/741 977/5/743
f 975/5/741 980/5/746 978/5/744
f 979/5/745 980/5/746 975/5/741
f 979/5/745 881/5/647 980/5/746
f 977/5/743 881/5/647 979/5/745
f 869/5/635 881/5/647 977/5/743
f 977/5/743 867/5/633 869/5/635
f 980/5/746 881/5/647 981/5/747
f 883/5/649 981/5/747 881/5/647
f 792/5/558 980/5/746 981/5/747
f 883/5/649 792/5/558 981/5/747
f 980/5/746 792/5/558 978/5/744
f 883/5/649 791/5/557 792/5/558
f 867/5/633 977/5/743 982/5/748
f 982/5/748 977/5/743 971/5/737
f 868/5/634 867/5/633 982/5/748
f 792/5/558 983/5/749 978/5/744
f 796/5/562 978/5/744 983/5/749
f 792/5/558 794/5/560 983/5/749
f 983/5/749 794/5/560 796/5/562
f 984/5/750 982/5/748 971/5/737
f 868/5/634 982/5/748 984/5/750
f 984/5/750 971/5/737 985/5/751
f 985/5/751 971/5/737 969/5/735
f 868/5/634 984/5/750 986/5/752
f 987/5/753 984/5/750 985/5/751
f 984/5/750 987/5/753 986/5/752
f 988/5/754 868/5/634 986/5/752
f 987/5/753 988/5/754 986/5/752
f 868/5/634 988/5/754 866/5/632
f 985/5/751 969/5/735 989/5/755
f 987/5/753 985/5/751 989/5/755
f 926/5/692 989/5/755 969/5/735
f 988/5/754 987/5/753 990/5/756
f 989/5/755 990/5/756 987/5/753
f 989/5/755 926/5/692 924/5/690
f 988/5/754 990/5/756 991/5/757
f 989/5/755 991/5/757 990/5/756
f 924/5/690 925/5/691 989/5/755
f 925/5/691 991/5/757 989/5/755
f 992/5/758 988/5/754 991/5/757
f 992/5/758 866/5/632 988/5/754
f 993/5/759 991/5/757 925/5/691
f 993/5/759 992/5/758 991/5/757
f 992/5/758 993/5/759 994/5/760
f 866/5/632 992/5/758 995/5/761
f 995/5/761 992/5/758 994/5/760
f 860/5/626 866/5/632 995/5/761
f 996/5/762 994/5/760 993/5/759
f 995/5/761 994/5/760 996/5/762
f 993/5/759 925/5/691 997/5/763
f 996/5/762 993/5/759 997/5/763
f 997/5/763 925/5/691 902/5/668
f 902/5/668 998/5/764 997/5/763
f 998/5/764 996/5/762 997/5/763
f 999/5/765 860/5/626 995/5/761
f 999/5/765 995/5/761 996/5/762
f 902/5/668 838/5/604 998/5/764
f 998/5/764 838/5/604 1000/5/766
f 1001/5/767 996/5/762 998/5/764
f 1001/5/767 999/5/765 996/5/762
f 998/5/764 1000/5/766 1002/5/768
f 1001/5/767 998/5/764 1002/5/768
f 1000/5/766 838/5/604 839/5/605
f 839/5/605 1002/5/768 1000/5/766
f 1001/5/767 1002/5/768 1003/5/769
f 999/5/765 1001/5/767 1004/5/770
f 1004/5/770 1001/5/767 1003/5/769
f 1005/5/771 1003/5/769 1002/5/768
f 1002/5/768 839/5/605 1005/5/771
f 1006/5/772 1004/5/770 1003/5/769
f 1005/5/771 1006/5/772 1003/5/769
f 1007/5/773 999/5/765 1004/5/770
f 999/5/765 1007/5/773 1008/5/774
f 860/5/626 999/5/765 1008/5/774
f 1008/5/774 851/5/617 860/5/626
f 857/5/623 851/5/617 1008/5/774
f 1008/5/774 1007/5/773 1009/5/775
f 857/5/623 1008/5/774 1009/5/775
f 1010/5/776 1007/5/773 1004/5/770
f 1010/5/776 1009/5/775 1007/5/773
f 1006/5/772 1010/5/776 1004/5/770
f 1009/5/775 1011/5/777 857/5/623
f 1009/5/775 1010/5/776 1012/5/778
f 1011/5/777 1009/5/775 1012/5/778
f 1013/5/779 1012/5/778 1010/5/776
f 1010/5/776 1006/5/772 1013/5/779
f 1011/5/777 1012/5/778 1013/5/779
f 891/5/657 857/5/623 1011/5/777
f 1014/5/780 891/5/657 1011/5/777
f 817/5/583 891/5/657 1014/5/780
f 1015/5/781 1011/5/777 1013/5/779
f 1014/5/780 1011/5/777 1015/5/781
f 1016/5/782 1013/5/779 1006/5/772
f 1015/5/781 1013/5/779 1016/5/782
f 1016/5/782 1006/5/772 1017/5/783
f 1006/5/772 1005/5/771 1017/5/783
f 1015/5/781 1016/5/782 1018/5/784
f 1014/5/780 1015/5/781 811/5/577
f 811/5/577 817/5/583 1014/5/780
f 1017/5/783 1019/5/785 1016/5/782
f 1018/5/784 1016/5/782 1019/5/785
f 1017/5/783 1005/5/771 1020/5/786
f 1019/5/785 1017/5/783 1020/5/786
f 808/5/574 1015/5/781 1018/5/784
f 811/5/577 1015/5/781 808/5/574
f 804/5/570 1018/5/784 1019/5/785
f 1021/5/787 1019/5/785 1020/5/786
f 1019/5/785 1021/5/787 804/5/570
f 1022/5/788 1020/5/786 1005/5/771
f 1020/5/786 1022/5/788 1021/5/787
f 1022/5/788 1005/5/771 1023/5/789
f 1023/5/789 1005/5/771 839/5/605
f 805/5/571 1021/5/787 1022/5/788
f 805/5/571 804/5/570 1021/5/787
f 810/5/576 1022/5/788 1023/5/789
f 805/5/571 1022/5/788 810/5/576
f 1023/5/789 839/5/605 842/5/608
f 810/5/576 1023/5/789 842/5/608
f 1018/5/784 804/5/570 806/5/572
f 808/5/574 1018/5/784 806/5/572
o RenderMesh_99225500034833
v -0.138245 0.208233 0.007897
v -0.126175 0.215306 0.009830
v -0.113725 0.218245 -0.004446
v -0.112005 0.226626 0.007555
v -0.110809 0.224525 0.002546
v -0.121131 0.211977 -0.013385
v -0.160815 0.205774 0.003004
v -0.158951 0.206160 -0.041046
v -0.176035 0.200068 -0.014504
v -0.177238 0.192332 -0.033037
v -0.185483 0.190392 -0.023706
v -0.192572 0.177243 -0.029417
v -0.191203 0.171709 -0.038098
v -0.196855 0.170208 -0.032809
v 0.361361 0.154530 0.027700
v 0.357672 0.168058 0.025929
v 0.361066 0.154284 0.034303
v 0.363930 0.147920 0.028210
v 0.357249 0.167707 0.035358
v 0.363652 0.147689 0.034410
v 0.350265 0.180139 0.037857
v 0.367590 0.155297 0.028828
v 0.351115 0.180525 0.021857
v 0.367296 0.155052 0.035392
v 0.342699 0.192578 0.017865
v 0.373271 0.171145 0.037928
v 0.332407 0.204997 0.041208
v 0.373679 0.171484 0.028818
v 0.333515 0.205920 0.016438
v 0.382767 0.189085 0.027444
v 0.321274 0.217060 0.039401
v 0.382102 0.188531 0.042337
v 0.322264 0.217860 0.017154
v 0.393227 0.204060 0.026091
v 0.307727 0.225003 0.034262
v 0.308469 0.225484 0.018845
v 0.291960 0.230756 0.023954
v 0.392313 0.203299 0.046526
v 0.403436 0.214077 0.026449
v 0.402453 0.213259 0.048467
v 0.416478 0.221419 0.029543
v 0.413134 0.219555 0.048765
v 0.436975 0.227783 0.046294
v -0.194673 0.195593 -0.039999
v -0.172814 0.215438 -0.044238
v -0.196337 0.214407 -0.048717
v -0.198076 0.230452 -0.058525
v -0.180284 0.196221 -0.037259
v -0.165800 0.231864 -0.052379
v -0.184782 0.178651 -0.032283
v -0.197279 0.241391 -0.067516
v -0.195148 0.178197 -0.034257
v -0.186549 0.170613 -0.029179
v -0.196339 0.170184 -0.031043
v -0.162504 0.242913 -0.060894
v -0.161891 0.249898 -0.070201
v -0.192647 0.248552 -0.076043
v -0.184054 0.253758 -0.084416
v -0.162331 0.254707 -0.080339
v -0.169672 0.258497 -0.092388
v -0.164108 0.257616 -0.088552
v 0.038692 0.130785 0.003309
v 0.024375 0.178707 -0.015727
v 0.026153 0.144402 -0.007174
v 0.025122 0.128463 -0.002623
v 0.044303 0.182600 -0.005713
v 0.020788 0.215990 -0.029742
v 0.053364 0.222352 -0.013372
v 0.063512 0.257096 -0.023044
v 0.018813 0.248368 -0.045506
v 0.022018 0.271566 -0.059039
v 0.074522 0.296209 -0.047338
v 0.032142 0.288486 -0.070356
v 0.048926 0.302658 -0.079870
v 0.079010 0.308531 -0.064852
v 0.066031 0.312993 -0.085662
v 0.076732 0.317391 -0.085304
v 0.080721 0.315862 -0.078281
v 0.037266 0.134136 -0.011930
v 0.027225 0.141883 0.001362
v 0.040241 0.147818 -0.006687
v 0.024997 0.128736 -0.004619
v 0.047567 0.174869 0.002022
v 0.029500 0.166632 0.013195
v 0.034323 0.184468 0.031357
v 0.063858 0.197934 0.013092
v 0.046733 0.195369 0.066511
v 0.084089 0.211779 0.026337
v 0.112727 0.219896 0.056147
v 0.074228 0.202635 0.081327
v 0.362480 0.154335 0.030443
v 0.369096 0.167376 0.039908
v 0.371438 0.155079 0.034250
v 0.364893 0.148022 0.027924
v 0.373352 0.148726 0.031520
v 0.356661 0.166342 0.034623
v 0.367697 0.176693 0.048985
v 0.347369 0.175003 0.040345
v 0.366353 0.181820 0.057357
v 0.333235 0.181287 0.047768
v 0.328291 0.180594 0.063968
v 0.354437 0.182727 0.076467
v 0.328093 0.186454 0.071507
v 0.333699 0.195834 0.080419
v 0.339234 0.193888 0.081149
v 0.330067 0.193126 0.077253
v 0.036079 0.114436 0.003145
v 0.042098 0.128210 0.004263
v 0.032966 0.110176 -0.000649
v 0.033149 0.115408 -0.004969
v 0.037663 0.129684 -0.007971
v 0.052780 0.147821 0.004965
v 0.046370 0.149946 -0.012792
v 0.069315 0.169321 0.006919
v 0.058836 0.172797 -0.022095
v 0.073526 0.193756 -0.032228
v 0.087905 0.188987 0.007583
v 0.089309 0.209311 -0.038782
v 0.110941 0.209209 0.001958
v 0.107714 0.220814 -0.040669
v 0.129214 0.230130 -0.038058
v 0.152250 0.234910 -0.019066
v 0.155564 0.238306 -0.028116
v -0.196339 0.170184 -0.031043
v -0.196886 0.177127 -0.029179
v -0.186549 0.170613 -0.029179
v -0.186459 0.177584 -0.027193
v -0.199174 0.191288 -0.026898
v -0.184283 0.191940 -0.024062
v -0.180008 0.205106 -0.017946
v -0.210904 0.216333 -0.017344
v -0.175599 0.217799 -0.010197
v -0.212580 0.230141 -0.009823
v -0.173459 0.231853 -0.002373
v -0.211062 0.242748 -0.000347
v -0.175768 0.244294 0.006337
v -0.208145 0.250838 0.011842
v -0.183459 0.251924 0.016379
v -0.192742 0.255517 0.024422
v -0.199560 0.256432 0.026591
v -0.204342 0.255009 0.022213
v 0.037266 0.134136 -0.011930
v 0.033132 0.147663 -0.013623
v 0.024997 0.128736 -0.004619
v 0.028390 0.176037 -0.016690
v 0.009690 0.167515 -0.005127
v -0.007424 0.188390 -0.006267
v 0.024085 0.202755 -0.025752
v -0.027137 0.200658 -0.011785
v 0.017182 0.220863 -0.039192
v 0.004835 0.227539 -0.057467
v -0.059068 0.209902 -0.040297
v -0.062323 0.238965 -0.088500
v -0.071091 0.220874 -0.060817
v -0.077057 0.232362 -0.077842
v -0.074695 0.238517 -0.086458
v 0.074228 0.202635 0.081327
v 0.088810 0.218259 0.089227
v 0.116086 0.230701 0.072139
v 0.112727 0.219896 0.056147
v 0.100438 0.235210 0.092388
v 0.108529 0.243301 0.090752
v 0.113756 0.241283 0.084152
v 0.025122 0.128463 -0.002623
v 0.034965 0.143378 0.007263
v 0.038692 0.130785 0.003309
v 0.031008 0.169922 0.013137
v 0.010384 0.165894 0.002774
v -0.006045 0.187122 0.007011
v 0.028709 0.193908 0.024474
v 0.025704 0.216582 0.038396
v -0.023178 0.207036 0.013833
v 0.018694 0.241241 0.051539
v -0.035486 0.230660 0.024314
v -0.043991 0.251998 0.039777
v 0.004888 0.261551 0.064265
v -0.016275 0.271178 0.076859
v -0.053168 0.269911 0.081912
v -0.037082 0.273413 0.085672
v -0.049264 0.272874 0.086323
v 0.387809 0.191462 0.024897
v 0.393662 0.195905 0.018222
v 0.357310 0.188926 0.011933
v 0.380733 0.182525 0.028513
v 0.359449 0.193229 0.005270
v 0.359049 0.180722 0.019296
v 0.397035 0.199092 0.008953
v 0.375328 0.169639 0.029972
v 0.397389 0.203959 -0.001674
v 0.362460 0.168570 0.024503
v 0.385487 0.207345 -0.017886
v 0.391684 0.209922 -0.015196
v 0.395433 0.208521 -0.010775
v 0.373725 0.155638 0.030532
v 0.364714 0.154889 0.026702
v 0.373352 0.148726 0.031520
v 0.364893 0.148022 0.027924
v -0.191203 0.171709 -0.038098
v -0.192514 0.178876 -0.039093
v -0.196855 0.170208 -0.032809
v -0.201465 0.191777 -0.031400
v -0.192932 0.193786 -0.041057
v -0.194853 0.207484 -0.046485
v -0.209231 0.204101 -0.030213
v -0.220981 0.212282 -0.030685
v -0.200338 0.216768 -0.053788
v -0.210797 0.220897 -0.060698
v -0.228766 0.223995 -0.067396
v -0.245626 0.218587 -0.043237
v -0.256237 0.224049 -0.053369
v -0.263118 0.232454 -0.068758
v -0.262849 0.229647 -0.062667
v 0.371445 0.162022 0.050413
v 0.376797 0.168931 0.059398
v 0.401253 0.173283 0.048422
v 0.383972 0.173833 0.070078
v 0.421065 0.182158 0.076501
v 0.418703 0.182479 0.082887
v 0.387223 0.163821 0.040225
v 0.377072 0.155011 0.035642
v 0.367415 0.153909 0.041889
v 0.370900 0.146737 0.031811
v 0.364207 0.145972 0.036171
v 0.367245 0.140674 0.029689
v 0.364254 0.138395 0.030193
v 0.362833 0.140171 0.032538
vn -0.1260 0.9894 0.0727
vn -0.4662 0.8540 -0.2308
vn -0.6041 0.6955 -0.3890
vn -0.5401 0.7244 -0.4285
vn -0.5317 0.7282 -0.4324
vn -0.4582 0.8623 -0.2156
vn -0.3328 0.9430 -0.0057
vn -0.1675 0.9859 0.0006
vn -0.6107 0.7469 -0.2633
vn -0.6175 0.7375 -0.2734
vn -0.6710 0.5776 -0.4649
vn -0.6330 0.6033 -0.4851
vn -0.6627 0.5784 -0.4758
vn -0.6203 0.6134 -0.4888
vn 0.9363 0.3468 0.0548
vn 0.9549 0.2919 0.0536
vn 0.9578 0.2825 0.0533
vn -0.8443 0.5356 -0.0179
vn 0.8965 0.4394 0.0570
vn 0.9009 0.4304 0.0564
vn 0.8167 0.5742 0.0572
vn -0.9333 0.3578 -0.0284
vn 0.8707 0.4884 0.0577
vn -0.8983 0.4387 -0.0239
vn 0.8162 0.5752 0.0539
vn -0.9331 0.3585 -0.0284
vn 0.7387 0.6716 0.0572
vn -0.8931 0.4493 -0.0232
vn 0.8101 0.5837 0.0542
vn -0.8257 0.5639 -0.0159
vn 0.5138 0.8563 0.0528
vn -0.8856 0.4638 -0.0223
vn 0.7152 0.6966 0.0573
vn -0.7093 0.7049 -0.0055
vn 0.3290 0.9433 0.0453
vn 0.4792 0.8762 0.0517
vn 0.3165 0.9475 0.0448
vn -0.8150 0.5793 -0.0149
vn -0.5134 0.8581 0.0034
vn -0.6912 0.7227 -0.0043
vn -0.3262 0.9447 0.0350
vn -0.4964 0.8681 0.0045
vn -0.3228 0.9458 0.0356
vn -0.1901 0.3478 0.9181
vn -0.1835 0.4922 0.8509
vn -0.1858 0.4540 0.8714
vn -0.1800 0.5425 0.8206
vn -0.1886 0.3918 0.9005
vn -0.1723 0.6259 0.7606
vn -0.1907 0.3204 0.9279
vn -0.1702 0.6442 0.7457
vn -0.1893 0.3740 0.9079
vn -0.1887 0.3896 0.9014
vn -0.1487 0.7857 0.6005
vn -0.1262 0.8768 0.4639
vn -0.1460 0.7979 0.5848
vn -0.1203 0.8948 0.4300
vn -0.1176 0.8995 0.4207
vn -0.1075 0.9278 0.3573
vn -0.0941 0.9319 0.3504
vn -0.4729 0.2023 0.8576
vn -0.4867 0.2260 0.8438
vn -0.4545 0.2415 0.8574
vn -0.4242 0.2739 0.8632
vn -0.4736 0.2602 0.8414
vn -0.4745 0.3139 0.8224
vn -0.4742 0.3539 0.8062
vn -0.4271 0.5470 0.7200
vn -0.4732 0.3880 0.7909
vn -0.4640 0.5031 0.7291
vn -0.3964 0.7823 0.4806
vn -0.4448 0.6699 0.5944
vn -0.3932 0.7927 0.4658
vn -0.3861 0.8279 0.4069
vn -0.3643 0.8377 0.4068
vn -0.3687 0.8361 0.4061
vn -0.3906 0.8280 0.4022
vn -0.6062 0.3969 -0.6892
vn -0.5959 0.4098 -0.6906
vn -0.6062 0.3885 -0.6939
vn -0.5935 0.4144 -0.6899
vn -0.5942 0.6367 -0.4914
vn -0.6080 0.4194 -0.6741
vn -0.5881 0.6645 -0.4611
vn -0.5060 0.8536 -0.1238
vn -0.4662 0.8783 -0.1062
vn -0.3392 0.9383 0.0679
vn -0.3343 0.9380 0.0911
vn -0.3247 0.9347 0.1443
vn 0.3183 0.4465 -0.8362
vn 0.2912 0.5387 -0.7906
vn 0.3169 0.4517 -0.8340
vn 0.3164 0.4534 -0.8332
vn 0.3165 0.4534 -0.8332
vn 0.2373 0.6822 -0.6916
vn 0.2068 0.7440 -0.6354
vn 0.1347 0.8570 -0.4974
vn 0.1264 0.8690 -0.4784
vn -0.0257 0.9991 0.0332
vn 0.1848 0.8415 -0.5077
vn -0.0439 0.9960 -0.0785
vn 0.2227 0.7580 -0.6131
vn 0.2304 0.5967 -0.7687
vn 0.3320 0.7118 -0.6190
vn 0.2290 0.5951 -0.7704
vn -0.8778 0.3577 0.3186
vn -0.8302 0.4321 0.3522
vn -0.8673 0.3457 0.3582
vn -0.8662 0.3444 0.3621
vn -0.8635 0.3518 0.3614
vn -0.7644 0.5468 0.3416
vn -0.8231 0.4462 0.3512
vn -0.6956 0.6392 0.3278
vn -0.7565 0.5586 0.3401
vn -0.6880 0.6481 0.3264
vn -0.5947 0.7418 0.3099
vn -0.5881 0.7478 0.3080
vn -0.4259 0.8634 0.2703
vn -0.4775 0.8378 0.2646
vn -0.4070 0.8726 0.2699
vn -0.3614 0.9085 0.2097
vn -0.3609 0.9089 0.2090
vn 0.1689 0.2680 -0.9485
vn 0.1731 0.2208 -0.9598
vn 0.1745 0.2034 -0.9634
vn 0.1463 0.3498 -0.9253
vn 0.1412 0.3750 -0.9162
vn 0.1540 0.4684 -0.8700
vn 0.1487 0.4676 -0.8713
vn 0.1502 0.4750 -0.8671
vn 0.1435 0.5071 -0.8499
vn 0.1341 0.5518 -0.8231
vn 0.1213 0.6131 -0.7806
vn 0.1229 0.6028 -0.7883
vn 0.0690 0.8270 -0.5579
vn 0.0688 0.8243 -0.5619
vn 0.0230 0.9275 -0.3731
vn 0.0238 0.9274 -0.3734
vn 0.0966 0.9107 -0.4016
vn 0.4180 0.2375 0.8769
vn 0.4495 0.2188 0.8661
vn 0.4596 0.1907 0.8674
vn 0.4640 0.2336 0.8545
vn 0.3807 0.3344 0.8621
vn 0.1905 0.6174 0.7632
vn 0.3426 0.4010 0.8496
vn -0.1284 0.8893 0.4388
vn 0.1623 0.6508 0.7417
vn -0.1341 0.8918 0.4320
vn -0.0983 0.8505 0.5168
vn -0.0906 0.8486 0.5213
vn 0.0237 0.8288 0.5590
vn 0.0371 0.8257 0.5629
vn -0.5713 0.7280 -0.3789
vn -0.5723 0.7232 -0.3866
vn -0.5780 0.6166 -0.5346
vn -0.5718 0.7305 -0.3735
vn -0.6155 0.5208 -0.5916
vn -0.6123 0.5234 -0.5926
vn -0.5493 0.5714 -0.6098
vn 0.3923 0.2807 -0.8759
vn 0.3660 0.3342 -0.8685
vn 0.3187 0.3685 -0.8733
vn 0.4043 0.3332 -0.8518
vn 0.3427 0.4144 -0.8431
vn 0.2989 0.5231 -0.7981
vn 0.3205 0.4719 -0.8213
vn 0.2980 0.5251 -0.7971
vn 0.3027 0.5146 -0.8022
vn 0.2990 0.5227 -0.7984
vn 0.2508 0.6228 -0.7411
vn 0.0078 0.8794 -0.4760
vn 0.2381 0.6410 -0.7297
vn -0.0100 0.8911 -0.4537
vn -0.0265 0.8902 -0.4548
vn -0.0858 0.8851 -0.4575
vn -0.2406 0.8878 0.3923
vn -0.1748 0.9483 0.2650
vn -0.3328 0.6650 0.6686
vn -0.3619 0.5661 0.7406
vn -0.2430 0.8502 0.4670
vn -0.3671 0.5391 0.7580
vn -0.1909 0.9136 0.3591
vn -0.3965 0.2421 0.8855
vn -0.2269 0.8895 0.3966
vn -0.3970 0.2202 0.8910
vn -0.1970 0.9096 0.3659
vn -0.5038 0.6917 0.5175
vn -0.2457 0.8444 0.4760
vn -0.3961 0.0949 0.9133
vn -0.3967 0.1158 0.9106
vn -0.3973 0.1508 0.9052
vn -0.3973 0.1507 0.9052
vn 0.6351 0.2190 0.7408
vn 0.6913 0.1617 0.7042
vn 0.7304 0.1174 0.6728
vn 0.6801 0.3096 0.6645
vn 0.7031 0.2406 0.6691
vn 0.6450 0.3982 0.6522
vn 0.4744 0.6789 0.5604
vn 0.0665 0.9522 0.2980
vn 0.4497 0.7115 0.5400
vn 0.1530 0.9349 0.3203
vn 0.0989 0.9535 0.2848
vn 0.1666 0.9310 0.3247
vn 0.2028 0.8955 0.3961
vn 0.2035 0.8947 0.3976
vn -0.4150 0.7528 -0.5110
vn -0.3418 0.8355 -0.4302
vn -0.1886 0.9662 -0.1758
vn -0.2734 0.9310 -0.2417
vn -0.1943 0.9713 -0.1371
vn -0.1972 0.9728 -0.1219
vn -0.3496 0.8515 -0.3909
vn -0.4196 0.7456 -0.5177
vn -0.4677 0.6415 -0.6081
vn -0.4722 0.6302 -0.6163
vn -0.4973 0.5445 -0.6754
vn -0.5074 0.5351 -0.6754
vn -0.4783 0.5430 -0.6902
vn -0.4659 0.5463 -0.6961
vt 0.000000 0.000000
s 1
f 1024/6/790 1025/6/791 1026/6/792
f 1026/6/792 1025/6/791 1027/6/793
f 1026/6/792 1027/6/793 1028/6/794
f 1029/6/795 1024/6/790 1026/6/792
f 1029/6/795 1030/6/796 1024/6/790
f 1031/6/797 1030/6/796 1029/6/795
f 1031/6/797 1032/6/798 1030/6/796
f 1031/6/797 1033/6/799 1032/6/798
f 1032/6/798 1033/6/799 1034/6/800
f 1033/6/799 1035/6/801 1034/6/800
f 1035/6/801 1033/6/799 1036/6/802
f 1036/6/802 1037/6/803 1035/6/801
f 1038/6/804 1039/6/805 1040/6/806
f 1041/6/807 1038/6/804 1040/6/806
f 1040/6/806 1039/6/805 1042/6/808
f 1041/6/807 1040/6/806 1043/6/809
f 1039/6/805 1044/6/810 1042/6/808
f 1043/6/809 1045/6/811 1041/6/807
f 1039/6/805 1046/6/812 1044/6/810
f 1043/6/809 1047/6/813 1045/6/811
f 1046/6/812 1048/6/814 1044/6/810
f 1047/6/813 1049/6/815 1045/6/811
f 1050/6/816 1044/6/810 1048/6/814
f 1045/6/811 1049/6/815 1051/6/817
f 1052/6/818 1050/6/816 1048/6/814
f 1049/6/815 1053/6/819 1051/6/817
f 1052/6/818 1054/6/820 1050/6/816
f 1053/6/819 1049/6/815 1055/6/821
f 1056/6/822 1054/6/820 1052/6/818
f 1055/6/821 1057/6/823 1053/6/819
f 1056/6/822 1058/6/824 1054/6/820
f 1056/6/822 1059/6/825 1058/6/824
f 1059/6/825 1060/6/826 1058/6/824
f 1057/6/823 1055/6/821 1061/6/827
f 1057/6/823 1061/6/827 1062/6/828
f 1062/6/828 1061/6/827 1063/6/829
f 1062/6/828 1063/6/829 1064/6/830
f 1064/6/830 1063/6/829 1065/6/831
f 1065/6/831 1066/6/832 1064/6/830
f 1067/6/833 1068/6/834 1069/6/835
f 1068/6/834 1070/6/836 1069/6/835
f 1071/6/837 1068/6/834 1067/6/833
f 1070/6/836 1068/6/834 1072/6/838
f 1067/6/833 1073/6/839 1071/6/837
f 1070/6/836 1072/6/838 1074/6/840
f 1073/6/839 1067/6/833 1075/6/841
f 1076/6/842 1073/6/839 1075/6/841
f 1077/6/842 1076/6/842 1075/6/841
f 1072/6/838 1078/6/843 1074/6/840
f 1078/6/843 1079/6/844 1074/6/840
f 1074/6/840 1079/6/844 1080/6/845
f 1081/6/846 1080/6/845 1079/6/844
f 1082/6/847 1081/6/846 1079/6/844
f 1082/6/847 1083/6/848 1081/6/846
f 1082/6/847 1084/6/849 1083/6/848
f 1085/6/850 1086/6/851 1087/6/852
f 1088/6/853 1085/6/850 1087/6/852
f 1085/6/850 1089/6/854 1086/6/851
f 1089/6/854 1090/6/855 1086/6/851
f 1090/6/855 1089/6/854 1091/6/856
f 1091/6/856 1092/6/857 1090/6/855
f 1090/6/855 1092/6/857 1093/6/858
f 1092/6/857 1094/6/859 1093/6/858
f 1092/6/857 1095/6/860 1094/6/859
f 1094/6/859 1095/6/860 1096/6/861
f 1095/6/860 1097/6/862 1096/6/861
f 1098/6/863 1097/6/862 1095/6/860
f 1099/6/864 1097/6/862 1098/6/863
f 1098/6/863 1100/6/865 1099/6/864
f 1098/6/863 1101/6/866 1100/6/865
f 1102/6/867 1103/6/868 1104/6/869
f 1102/6/867 1105/6/870 1103/6/868
f 1104/6/869 1103/6/868 1106/6/871
f 1103/6/868 1107/6/872 1106/6/871
f 1107/6/872 1108/6/873 1106/6/871
f 1108/6/873 1109/6/874 1106/6/871
f 1109/6/874 1108/6/873 1110/6/875
f 1109/6/874 1110/6/875 1111/6/876
f 1111/6/876 1110/6/875 1112/6/877
f 1112/6/877 1110/6/875 1113/6/878
f 1114/6/879 1115/6/880 1116/6/881
f 1114/6/879 1116/6/881 1117/6/882
f 1116/6/881 1118/6/883 1117/6/882
f 1114/6/879 1119/6/884 1115/6/880
f 1120/6/885 1115/6/880 1119/6/884
f 1121/6/886 1120/6/885 1119/6/884
f 1121/6/886 1122/6/887 1120/6/885
f 1123/6/888 1122/6/887 1121/6/886
f 1123/6/888 1124/6/889 1122/6/887
f 1122/6/887 1124/6/889 1125/6/890
f 1124/6/889 1126/6/891 1125/6/890
f 1126/6/891 1127/6/892 1125/6/890
f 1125/6/890 1127/6/892 1128/6/893
f 1127/6/892 1126/6/891 1129/6/894
f 1130/6/895 1131/6/896 1132/6/897
f 1131/6/896 1133/6/898 1132/6/897
f 1133/6/898 1131/6/896 1134/6/899
f 1135/6/900 1134/6/899 1131/6/896
f 1134/6/899 1135/6/900 1136/6/901
f 1137/6/902 1136/6/901 1135/6/900
f 1136/6/901 1137/6/902 1138/6/903
f 1137/6/902 1139/6/904 1138/6/903
f 1137/6/902 1140/6/905 1139/6/904
f 1140/6/905 1141/6/906 1139/6/904
f 1141/6/906 1140/6/905 1142/6/907
f 1141/6/906 1142/6/907 1143/6/908
f 1143/6/908 1142/6/907 1144/6/909
f 1144/6/909 1142/6/907 1145/6/910
f 1145/6/910 1146/6/911 1144/6/909
f 1147/6/912 1148/6/913 1149/6/912
f 1149/6/912 1148/6/913 1150/6/914
f 1151/6/915 1150/6/914 1148/6/913
f 1150/6/914 1151/6/915 1152/6/916
f 1153/6/917 1152/6/916 1151/6/915
f 1154/6/918 1153/6/917 1151/6/915
f 1154/6/918 1155/6/919 1153/6/917
f 1156/6/920 1155/6/919 1154/6/918
f 1155/6/919 1156/6/920 1157/6/921
f 1158/6/922 1157/6/921 1156/6/920
f 1157/6/921 1158/6/922 1159/6/923
f 1160/6/924 1159/6/923 1158/6/922
f 1159/6/923 1160/6/924 1161/6/925
f 1161/6/925 1160/6/924 1162/6/926
f 1162/6/926 1160/6/924 1163/6/927
f 1160/6/924 1164/6/928 1163/6/927
f 1165/6/929 1166/6/930 1167/6/931
f 1167/6/931 1166/6/930 1168/6/932
f 1167/6/931 1168/6/932 1169/6/933
f 1168/6/932 1170/6/934 1169/6/933
f 1170/6/934 1168/6/932 1171/6/935
f 1170/6/934 1171/6/935 1172/6/936
f 1171/6/935 1173/6/937 1172/6/936
f 1174/6/938 1172/6/936 1173/6/937
f 1172/6/936 1174/6/938 1175/6/939
f 1175/6/939 1174/6/938 1176/6/940
f 1175/6/939 1176/6/940 1177/6/941
f 1176/6/940 1178/6/942 1177/6/941
f 1178/6/942 1176/6/940 1179/6/942
f 1180/6/943 1181/6/944 1182/6/945
f 1183/6/946 1180/6/943 1182/6/945
f 1184/6/947 1182/6/945 1181/6/944
f 1184/6/947 1185/6/948 1182/6/945
f 1182/6/945 1185/6/948 1186/6/949
f 1187/6/950 1188/6/951 1189/6/952
f 1187/6/950 1190/6/953 1188/6/951
f 1187/6/950 1191/6/954 1190/6/953
f 1191/6/954 1192/6/955 1190/6/953
f 1190/6/953 1192/6/955 1193/6/956
f 1194/6/957 1193/6/956 1192/6/955
f 1195/6/958 1194/6/957 1192/6/955
f 1195/6/958 1196/6/959 1194/6/957
f 1195/6/958 1197/6/960 1196/6/959
f 1197/6/960 1198/6/961 1196/6/959
f 1196/6/959 1198/6/961 1199/6/962
f 1199/6/962 1198/6/961 1200/6/963
f 1200/6/963 1198/6/961 1201/6/964
f 1200/6/963 1201/6/964 1202/6/965
f 1202/6/965 1201/6/964 1203/6/965
f 1204/6/966 1205/6/967 1206/6/968
f 1206/6/968 1207/6/969 1204/6/966
f 1206/6/968 1205/6/967 1208/6/970
f 1207/6/969 1206/6/968 1209/6/971
f 1205/6/967 1210/6/972 1208/6/970
f 1209/6/971 1211/6/973 1207/6/969
f 1212/6/974 1208/6/970 1210/6/972
f 1211/6/973 1209/6/971 1213/6/975
f 1208/6/970 1212/6/974 1214/6/976
f 1212/6/974 1215/6/977 1214/6/976
f 1212/6/974 1216/6/978 1215/6/977
f 1213/6/975 1217/6/979 1211/6/973
f 1217/6/979 1213/6/975 1218/6/980
f 1218/6/980 1219/6/981 1217/6/979
f 1219/6/981 1218/6/980 1220/6/982
f 1221/6/983 1222/6/984 1223/6/985
f 1222/6/984 1224/6/986 1223/6/985
f 1224/6/986 1222/6/984 1225/6/987
f 1224/6/986 1225/6/987 1226/6/988
f 1224/6/986 1226/6/988 1227/6/989
f 1227/6/989 1226/6/988 1228/6/990
f 1226/6/988 1229/6/991 1228/6/990
f 1228/6/990 1229/6/991 1230/6/992
f 1228/6/990 1230/6/992 1231/6/993
f 1228/6/990 1231/6/993 1232/6/994
f 1232/6/994 1231/6/993 1233/6/995
f 1233/6/995 1231/6/993 1234/6/996
f 1233/6/995 1234/6/996 1235/6/996
f 1236/6/997 1237/6/998 1238/6/999
f 1238/6/999 1237/6/998 1239/6/1000
f 1238/6/999 1239/6/1000 1240/6/1001
f 1240/6/1001 1239/6/1000 1241/6/1002
f 1242/6/1003 1236/6/997 1238/6/999
f 1236/6/997 1242/6/1003 1243/6/1004
f 1244/6/1005 1236/6/997 1243/6/1004
f 1244/6/1005 1243/6/1004 1245/6/1006
f 1246/6/1007 1244/6/1005 1245/6/1006
f 1245/6/1006 1247/6/1008 1246/6/1007
f 1248/6/1009 1246/6/1007 1247/6/1008
f 1248/6/1009 1249/6/1010 1246/6/1007
o RenderMesh_124655223903144
v 0.678851 0.266685 0.023783
v 0.678851 0.242902 0.048048
v 0.678851 0.242902 0.033634
v 0.678851 0.219120 0.023783
v 0.678851 0.276877 0.033975
v 0.678851 0.208927 0.033975
v 0.678851 0.290950 -0.000000
v 0.678851 0.209269 -0.000000
v 0.678851 0.276536 -0.000000
v 0.678851 0.194854 -0.000000
v 0.678851 0.266685 -0.023783
v 0.678851 0.208927 -0.033975
v 0.678851 0.276877 -0.033975
v 0.678851 0.219120 -0.023783
v 0.678851 0.242902 -0.048048
v 0.678851 0.242902 -0.033634
v 0.642739 0.266685 0.023783
v 0.678851 0.266685 0.023783
v 0.642739 0.242902 0.033634
v 0.678851 0.276536 -0.000000
v 0.678851 0.242902 0.033634
v 0.642739 0.276536 -0.000000
v 0.678851 0.266685 -0.023783
v 0.642739 0.219120 0.023783
v 0.678851 0.219120 0.023783
v 0.642739 0.209269 -0.000000
v 0.678851 0.209269 -0.000000
v 0.642739 0.266685 -0.023783
v 0.678851 0.242902 -0.033634
v 0.642739 0.219120 -0.023783
v 0.678851 0.219120 -0.023783
v 0.642739 0.242902 -0.033634
v 0.515383 0.436660 -0.003085
v 0.527910 0.394236 0.024929
v 0.527910 0.394236 -0.024930
v 0.515383 0.436660 0.003084
v -0.414528 0.391619 -0.061765
v -0.414528 0.423957 0.019765
v -0.414528 0.423957 -0.019765
v -0.414528 0.448736 -0.061765
v -0.414528 0.448736 -0.019765
v -0.414528 0.391619 0.061765
v -0.414528 0.448736 0.061765
v -0.414528 0.448736 0.019765
v 0.612512 0.328212 -0.000000
v 0.587391 0.319531 0.092372
v 0.613968 0.206732 -0.000000
v 0.587391 0.206689 0.092372
v 0.547391 0.369531 0.092372
v 0.614071 0.124789 -0.000000
v 0.587391 0.116689 0.092372
v 0.587391 0.206689 -0.092372
v 0.587391 0.116689 -0.092372
v 0.587391 0.319531 -0.092372
v 0.547391 0.369531 -0.092372
v 0.558994 0.393443 -0.000000
v 0.210824 0.394553 -0.000000
v 0.217391 0.369531 0.092372
v 0.217391 0.369531 -0.092372
v 0.515383 0.436660 -0.003085
v 0.472408 0.436660 -0.003085
v 0.472408 0.436660 0.003084
v 0.515383 0.436660 0.003084
v -0.272928 0.423957 -0.019765
v -0.414528 0.423957 -0.019765
v -0.414528 0.423957 0.019765
v -0.272928 0.423957 0.019765
v 0.593353 0.052471 -0.097204
v 0.593353 0.132471 -0.097204
v 0.626287 0.133065 -0.000000
v 0.623719 0.041160 -0.000000
v 0.473353 -0.077529 -0.097204
v 0.593353 0.052471 0.097204
v 0.593353 0.132471 0.097204
v 0.473353 -0.077529 0.097204
v 0.486883 -0.116974 0.000000
v 0.086257 -0.117254 0.000000
v 0.063353 -0.077529 -0.097204
v 0.063353 -0.077529 0.097204
v -0.206647 -0.407529 -0.097204
v -0.206647 -0.407529 0.097204
v -0.193733 -0.447250 0.000000
v -0.485360 -0.448736 0.000000
v -0.476647 -0.407529 -0.097204
v -0.476647 -0.407529 0.097204
v -0.651691 -0.238084 0.000000
v -0.616647 -0.217529 -0.097204
v -0.616647 -0.217529 0.097204
v -0.678851 -0.143922 0.000000
v -0.636647 -0.147528 -0.097204
v -0.636647 -0.147528 0.097204
v -0.512609 0.036392 -0.097204
v -0.512609 0.036392 0.097204
v -0.552837 0.048071 -0.000000
v -0.502609 0.096392 -0.097204
v -0.502609 0.096392 0.097204
v -0.544825 0.092890 -0.000000
v -0.557444 0.125576 -0.000000
v -0.522609 0.146392 -0.097204
v -0.522609 0.146392 0.097204
v -0.602609 0.196392 -0.097204
v -0.602609 0.196392 0.097204
v -0.640200 0.179396 -0.000000
v -0.651719 0.320630 -0.000000
v -0.612609 0.306392 -0.097204
v -0.612609 0.306392 0.097204
v -0.491755 0.406497 -0.000000
v -0.482609 0.375408 -0.097204
v -0.482609 0.375408 0.097204
v -0.242609 0.375408 -0.097204
v -0.242609 0.375408 0.097204
v -0.221024 0.399923 -0.000000
v -0.145279 0.024329 -0.000000
v -0.344975 0.047000 0.097204
v -0.335758 0.024155 -0.000000
v -0.509975 -0.206001 0.097204
v -0.135975 0.047000 0.097204
v -0.485692 -0.207113 0.000000
v -0.509975 -0.206001 -0.097204
v -0.412523 -0.306768 0.000000
v -0.421975 -0.327001 0.097204
v -0.344975 0.047000 -0.097204
v -0.421975 -0.327001 -0.097204
v -0.135975 0.047000 -0.097204
v -0.091245 0.002269 -0.097204
v -0.061807 -0.052720 0.000000
v -0.061533 -0.027443 0.097204
v -0.036975 -0.052001 -0.097204
v -0.036975 -0.052001 0.097204
v -0.291298 -0.308129 0.000000
v -0.278975 -0.327001 -0.097204
v -0.278975 -0.327001 0.097204
v 0.397349 0.394236 0.024929
v 0.527910 0.394236 0.024929
v 0.472408 0.436660 0.003084
v 0.515383 0.436660 0.003084
v 0.527910 0.394236 -0.024930
v 0.472408 0.436660 -0.003085
v 0.515383 0.436660 -0.003085
v 0.397349 0.394236 -0.024930
v -0.272928 0.427736 -0.061765
v -0.313728 0.448736 -0.061765
v -0.313728 0.448736 -0.019765
v -0.414528 0.448736 -0.019765
v -0.414528 0.448736 -0.061765
v -0.272928 0.423957 -0.019765
v -0.272928 0.391619 -0.061765
v -0.272928 0.423957 0.019765
v -0.272928 0.391619 0.061765
v -0.272928 0.427736 0.061765
v -0.313728 0.448736 0.061765
v -0.313728 0.448736 0.019765
v -0.414528 0.448736 0.061765
v -0.414528 0.448736 0.019765
v -0.342609 0.106392 -0.097204
v -0.105487 0.106392 -0.097204
v -0.135975 0.047000 -0.097204
v -0.091245 0.002269 -0.097204
v -0.021233 0.032471 -0.097204
v -0.344975 0.047000 -0.097204
v -0.036975 -0.052001 -0.097204
v -0.502609 0.096392 -0.097204
v -0.452609 0.186392 -0.097204
v -0.512609 0.036392 -0.097204
v -0.522609 0.146392 -0.097204
v -0.492609 0.186392 -0.097204
v -0.602609 0.196392 -0.097204
v -0.492609 0.216392 -0.097204
v -0.612609 0.306392 -0.097204
v -0.452609 0.256392 -0.097204
v -0.509975 -0.206001 -0.097204
v -0.636647 -0.147528 -0.097204
v -0.616647 -0.217529 -0.097204
v -0.476647 -0.407529 -0.097204
v -0.421975 -0.327001 -0.097204
v -0.278975 -0.327001 -0.097204
v -0.206647 -0.407529 -0.097204
v 0.063353 -0.077529 -0.097204
v 0.073353 0.032471 -0.097204
v 0.093353 0.052471 -0.097204
v 0.473353 -0.077529 -0.097204
v 0.473353 0.052471 -0.097204
v 0.593353 0.052471 -0.097204
v 0.543353 0.132471 -0.097204
v 0.593353 0.132471 -0.097204
v -0.292609 0.306392 -0.097204
v -0.322609 0.256392 -0.097204
v -0.482609 0.375408 -0.097204
v -0.242609 0.375408 -0.097204
v 0.587391 0.116689 0.092372
v 0.537391 0.206689 0.092372
v 0.537391 0.116689 0.092372
v 0.587391 0.206689 0.092372
v 0.587391 0.319531 0.092372
v 0.457391 0.286689 0.092372
v 0.547391 0.369531 0.092372
v 0.217391 0.369531 0.092372
v 0.257391 0.286689 0.092372
v 0.217391 0.369531 -0.092372
v 0.547391 0.369531 -0.092372
v 0.457391 0.286689 -0.092372
v 0.257391 0.286689 -0.092372
v 0.587391 0.319531 -0.092372
v 0.537391 0.206689 -0.092372
v 0.587391 0.206689 -0.092372
v 0.537391 0.116689 -0.092372
v 0.587391 0.116689 -0.092372
v -0.272928 0.391619 -0.061765
v -0.313728 0.448736 -0.061765
v -0.272928 0.427736 -0.061765
v -0.414528 0.391619 -0.061765
v -0.414528 0.448736 -0.061765
v -0.414528 0.391619 0.061765
v -0.272928 0.391619 0.061765
v -0.313728 0.448736 0.061765
v -0.272928 0.427736 0.061765
v -0.414528 0.448736 0.061765
v 0.472408 0.436660 -0.003085
v 0.397349 0.394236 -0.024930
v 0.397349 0.394236 0.024929
v 0.472408 0.436660 0.003084
v 0.543353 0.132471 -0.097204
v 0.543024 0.132841 -0.000000
v 0.593353 0.132471 -0.097204
v 0.626287 0.133065 -0.000000
v 0.593353 0.132471 0.097204
v 0.543353 0.132471 0.097204
v -0.414528 0.423957 -0.019765
v -0.272928 0.423957 -0.019765
v -0.313728 0.448736 -0.019765
v -0.414528 0.448736 -0.019765
v -0.313728 0.448736 0.019765
v -0.414528 0.423957 0.019765
v -0.414528 0.448736 0.019765
v -0.272928 0.423957 0.019765
v -0.492103 0.216380 -0.000000
v -0.452609 0.256392 0.097204
v -0.492609 0.216392 0.097204
v -0.452609 0.256392 -0.097204
v -0.492609 0.216392 -0.097204
v -0.492279 0.186732 -0.000000
v -0.492609 0.186392 0.097204
v -0.492609 0.186392 -0.097204
v -0.452609 0.186392 0.097204
v -0.452609 0.186392 -0.097204
v -0.452286 0.186784 -0.000000
v -0.342609 0.106392 -0.097204
v -0.342609 0.106392 0.097204
v -0.342464 0.106843 -0.000000
v -0.105487 0.106392 -0.097204
v -0.105322 0.106836 -0.000000
v -0.021233 0.032471 -0.097204
v -0.105487 0.106392 0.097204
v -0.021070 0.032916 -0.000000
v -0.135975 0.047000 0.097204
v -0.021233 0.032471 0.097204
v -0.344975 0.047000 0.097204
v -0.061533 -0.027443 0.097204
v -0.502609 0.096392 0.097204
v -0.452609 0.186392 0.097204
v -0.512609 0.036392 0.097204
v -0.522609 0.146392 0.097204
v -0.492609 0.186392 0.097204
v -0.602609 0.196392 0.097204
v -0.492609 0.216392 0.097204
v -0.612609 0.306392 0.097204
v -0.452609 0.256392 0.097204
v -0.509975 -0.206001 0.097204
v -0.482609 0.375408 0.097204
v -0.636647 -0.147528 0.097204
v -0.616647 -0.217529 0.097204
v -0.476647 -0.407529 0.097204
v -0.421975 -0.327001 0.097204
v -0.278975 -0.327001 0.097204
v -0.206647 -0.407529 0.097204
v -0.036975 -0.052001 0.097204
v -0.292609 0.306392 0.097204
v -0.242609 0.375408 0.097204
v -0.322609 0.256392 0.097204
v 0.063353 -0.077529 0.097204
v 0.073353 0.032471 0.097204
v 0.093353 0.052471 0.097204
v 0.473353 -0.077529 0.097204
v 0.473353 0.052471 0.097204
v 0.593353 0.052471 0.097204
v 0.543353 0.132471 0.097204
v 0.593353 0.132471 0.097204
v 0.073168 0.032908 -0.000000
v 0.073353 0.032471 0.097204
v 0.073353 0.032471 -0.097204
v 0.093171 0.052909 -0.000000
v 0.093353 0.052471 0.097204
v 0.093353 0.052471 -0.097204
v 0.473156 0.052902 -0.000000
v 0.473353 0.052471 0.097204
v 0.473353 0.052471 -0.097204
v 0.543353 0.132471 0.097204
v 0.543353 0.132471 -0.097204
v 0.543024 0.132841 -0.000000
v 0.582755 0.208927 0.033975
v 0.678851 0.208927 0.033975
v 0.678851 0.242902 0.048048
v 0.582755 0.194854 -0.000000
v 0.582755 0.242902 0.048048
v 0.678851 0.194854 -0.000000
v 0.678851 0.276877 0.033975
v 0.582755 0.208927 -0.033975
v 0.582755 0.276877 0.033975
v 0.678851 0.208927 -0.033975
v 0.678851 0.290950 -0.000000
v 0.582755 0.242902 -0.048048
v 0.582755 0.290950 -0.000000
v 0.678851 0.242902 -0.048048
v 0.678851 0.276877 -0.033975
v 0.582755 0.276877 -0.033975
v 0.397349 0.394236 -0.024930
v 0.527910 0.394236 -0.024930
v 0.527910 0.394236 0.024929
v 0.397349 0.394236 0.024929
v 0.457391 0.286689 0.092372
v 0.264192 0.297583 -0.000000
v 0.462306 0.298554 -0.000000
v 0.257391 0.286689 0.092372
v 0.457391 0.286689 -0.092372
v 0.257391 0.286689 -0.092372
v 0.549256 0.211603 -0.000000
v 0.537391 0.206689 0.092372
v 0.537391 0.206689 -0.092372
v 0.546477 0.125765 -0.000000
v 0.537391 0.116689 0.092372
v 0.537391 0.116689 -0.092372
v 0.587391 0.116689 0.092372
v 0.587391 0.116689 -0.092372
v 0.614071 0.124789 -0.000000
v -0.322609 0.256392 0.097204
v -0.322322 0.256010 -0.000000
v -0.292282 0.306030 -0.000000
v -0.292609 0.306392 0.097204
v -0.242609 0.375408 0.097204
v -0.221024 0.399923 -0.000000
v -0.242609 0.375408 -0.097204
v -0.292609 0.306392 -0.097204
v -0.322609 0.256392 -0.097204
v -0.452440 0.255949 -0.000000
vn 1.0000 -0.0000 -0.0000
vn 0.6302 -0.5490 -0.5490
vn -0.0000 -0.7071 -0.7071
vn 0.6302 -0.0000 -0.7764
vn -0.0000 -1.0000 -0.0000
vn -0.0000 -0.0000 -1.0000
vn 0.6303 -0.7764 -0.0000
vn -0.0000 -0.7071 0.7071
vn 0.6303 0.5490 -0.5490
vn -0.0000 0.7071 -0.7071
vn 0.6303 0.7764 -0.0000
vn -0.0000 1.0000 -0.0000
vn 0.6302 -0.5490 0.5490
vn -0.0000 -0.0000 1.0000
vn 0.6303 0.5490 0.5490
vn -0.0000 0.7071 0.7071
vn 0.6302 -0.0000 0.7764
vn 0.9591 0.2832 -0.0000
vn -1.0000 -0.0000 -0.0000
vn 0.9415 0.3369 -0.0000
vn 0.9041 0.3247 0.2778
vn 1.0000 0.0033 -0.0000
vn 0.9619 0.0033 0.2734
vn 0.4131 0.8660 0.2817
vn 1.0000 0.0007 -0.0000
vn 0.9609 0.0005 0.2771
vn 0.9619 0.0033 -0.2734
vn 0.9609 0.0005 -0.2771
vn 0.9041 0.3247 -0.2778
vn 0.4131 0.8660 -0.2817
vn 0.4313 0.9022 -0.0000
vn 0.0016 1.0000 -0.0000
vn 0.0016 0.9666 0.2561
vn 0.0016 0.9666 -0.2561
vn 0.8776 -0.3420 -0.3360
vn 0.9505 -0.0142 -0.3103
vn 0.9999 -0.0149 -0.0000
vn 0.9325 -0.3612 -0.0000
vn 0.3892 -0.8395 -0.3791
vn 0.8776 -0.3420 0.3360
vn 0.9505 -0.0142 0.3103
vn 0.3892 -0.8395 0.3791
vn 0.4031 -0.9151 -0.0000
vn 0.4161 -0.9093 -0.0000
vn 0.3964 -0.8223 -0.4084
vn 0.3964 -0.8223 0.4084
vn 0.3987 -0.8194 -0.4118
vn 0.3987 -0.8194 0.4118
vn 0.4128 -0.9108 -0.0000
vn -0.4176 -0.9086 -0.0000
vn -0.4292 -0.8092 -0.4013
vn -0.4292 -0.8092 0.4013
vn -0.8916 -0.4528 -0.0000
vn -0.8314 -0.4162 -0.3681
vn -0.8314 -0.4162 0.3681
vn -0.9893 0.1460 -0.0000
vn -0.9027 0.1470 -0.4043
vn -0.9027 0.1470 0.4043
vn -0.8581 0.3371 -0.3874
vn -0.8581 0.3371 0.3874
vn -0.9270 0.3750 -0.0000
vn -0.9119 -0.0929 -0.3997
vn -0.9119 -0.0929 0.3997
vn -0.9946 -0.1040 -0.0000
vn -0.7634 -0.6459 -0.0000
vn -0.7199 -0.5812 -0.3795
vn -0.7199 -0.5812 0.3795
vn -0.7808 -0.4888 -0.3892
vn -0.7808 -0.4888 0.3892
vn -0.8616 -0.5077 -0.0000
vn -0.8867 0.4623 -0.0000
vn -0.7966 0.4593 -0.3931
vn -0.7966 0.4593 0.3931
vn -0.2380 0.9713 -0.0000
vn -0.2226 0.9276 -0.2999
vn -0.2226 0.9276 0.2999
vn 0.0124 0.9612 -0.2757
vn 0.0124 0.9612 0.2757
vn 0.0129 0.9999 -0.0000
vn -0.3743 -0.9273 -0.0000
vn 0.4557 -0.8555 0.2458
vn 0.4852 -0.8744 -0.0000
vn 0.9702 0.0205 0.2416
vn -0.3648 -0.9017 0.2321
vn 0.9994 0.0341 -0.0000
vn 0.9702 0.0205 -0.2416
vn 0.4573 0.8893 -0.0000
vn 0.4423 0.8699 0.2182
vn 0.4557 -0.8555 -0.2458
vn 0.4423 0.8699 -0.2182
vn -0.3648 -0.9017 -0.2321
vn -0.6797 -0.7045 -0.2041
vn -0.9992 -0.0397 -0.0000
vn -0.6797 -0.7045 0.2041
vn -0.9606 -0.0362 -0.2754
vn -0.9606 -0.0362 0.2754
vn -0.3986 0.9171 -0.0000
vn -0.4060 0.8876 -0.2175
vn -0.4060 0.8876 0.2175
vn -0.0000 0.4578 0.8891
vn -0.0000 0.4578 -0.8891
vn 0.8500 0.5262 0.0238
vn 0.2527 0.9673 0.0203
vn 0.9438 0.3302 0.0149
vn 0.9438 0.3302 -0.0149
vn 0.8500 0.5262 -0.0237
vn 0.2527 0.9673 -0.0203
vn -0.4921 0.8706 -0.0000
vn -0.0016 1.0000 -0.0047
vn -0.0019 1.0000 -0.0000
vn -0.0016 1.0000 -0.0046
vn -0.0018 1.0000 -0.0000
vn -0.0016 1.0000 0.0046
vn -0.0016 1.0000 0.0047
vn 0.9230 -0.3847 -0.0000
vn 0.3825 -0.9240 0.0046
vn 0.9234 -0.3838 0.0045
vn 0.3825 -0.9240 -0.0046
vn 0.9234 -0.3838 -0.0045
vn 0.7081 0.7062 -0.0000
vn 0.7079 0.7063 0.0057
vn 0.7079 0.7063 -0.0057
vn 0.3087 0.9511 0.0046
vn 0.3087 0.9511 -0.0046
vn 0.3094 0.9509 -0.0000
vn 0.3094 0.9509 -0.0050
vn 0.1915 0.5888 0.7853
vn 0.3095 0.9509 -0.0000
vn 0.3524 0.9358 -0.0049
vn 0.3524 0.9359 -0.0000
vn 0.3524 0.9359 -0.0049
vn 0.2715 0.7210 0.6376
vn 0.3524 0.9358 -0.0000
vn 0.2128 0.5652 0.7970
vn -0.3826 0.9239 -0.0000
vn -0.3827 0.9239 0.0049
vn -0.3827 0.9239 -0.0049
vn -0.4134 0.9106 -0.0000
vn -0.4132 0.9106 0.0049
vn -0.4132 0.9106 -0.0049
vn -0.7528 0.6583 0.0048
vn -0.7528 0.6583 -0.0048
vn -0.7529 0.6581 -0.0000
vn -0.3779 -0.9160 -0.1350
vn 0.0024 -1.0000 -0.0000
vn -0.3815 -0.9244 -0.0000
vn 0.0024 -0.9925 -0.1221
vn -0.3779 -0.9160 0.1350
vn 0.0024 -0.9925 0.1221
vn -0.9268 -0.3755 -0.0000
vn -0.9192 -0.3718 -0.1296
vn -0.9192 -0.3720 0.1293
vn -0.7159 -0.6982 -0.0000
vn -0.7074 -0.6917 -0.1452
vn -0.7074 -0.6917 0.1452
vn -0.0083 -0.9955 -0.0942
vn -0.0083 -0.9955 0.0942
vn -0.0083 -1.0000 -0.0000
vn 0.4926 -0.8703 0.0051
vn 0.4929 -0.8701 -0.0000
vn 0.8309 -0.5565 -0.0000
vn 0.8307 -0.5566 0.0105
vn 0.8021 -0.5969 0.0162
vn 0.8022 -0.5971 -0.0000
vn 0.8021 -0.5969 -0.0162
vn 0.8307 -0.5566 -0.0105
vn 0.4926 -0.8703 -0.0051
vn 0.3822 -0.9241 -0.0000
vt 0.000000 0.000000
s 1
f 1250/7/1011 1251/7/1011 1252/7/1011
f 1253/7/1011 1252/7/1011 1251/7/1011
f 1251/7/1011 1250/7/1011 1254/7/1011
f 1251/7/1011 1255/7/1011 1253/7/1011
f 1256/7/1011 1254/7/1011 1250/7/1011
f 1255/7/1011 1257/7/1011 1253/7/1011
f 1256/7/1011 1250/7/1011 1258/7/1011
f 1257/7/1011 1255/7/1011 1259/7/1011
f 1260/7/1011 1256/7/1011 1258/7/1011
f 1261/7/1011 1257/7/1011 1259/7/1011
f 1256/7/1011 1260/7/1011 1262/7/1011
f 1257/7/1011 1261/7/1011 1263/7/1011
f 1260/7/1011 1264/7/1011 1262/7/1011
f 1264/7/1011 1263/7/1011 1261/7/1011
f 1264/7/1011 1260/7/1011 1265/7/1011
f 1263/7/1011 1264/7/1011 1265/7/1011
f 1266/7/1012 1267/7/1013 1268/7/1014
f 1269/7/1015 1267/7/1013 1266/7/1012
f 1267/7/1013 1270/7/1016 1268/7/1014
f 1271/7/1017 1269/7/1015 1266/7/1012
f 1268/7/1014 1271/7/1017 1266/7/1012
f 1272/7/1018 1269/7/1015 1271/7/1017
f 1268/7/1014 1270/7/1016 1273/7/1019
f 1270/7/1016 1274/7/1020 1273/7/1019
f 1275/7/1021 1268/7/1014 1273/7/1019
f 1274/7/1020 1275/7/1021 1273/7/1019
f 1275/7/1021 1271/7/1017 1268/7/1014
f 1275/7/1021 1274/7/1020 1276/7/1022
f 1277/7/1023 1272/7/1018 1271/7/1017
f 1278/7/1024 1272/7/1018 1277/7/1023
f 1276/7/1022 1279/7/1025 1275/7/1021
f 1279/7/1025 1276/7/1022 1280/7/1026
f 1281/7/1027 1271/7/1017 1275/7/1021
f 1281/7/1027 1275/7/1021 1279/7/1025
f 1271/7/1017 1281/7/1027 1277/7/1023
f 1279/7/1025 1280/7/1026 1281/7/1027
f 1281/7/1027 1278/7/1024 1277/7/1023
f 1280/7/1026 1278/7/1024 1281/7/1027
f 1282/7/1028 1283/7/1028 1284/7/1028
f 1283/7/1028 1282/7/1028 1285/7/1028
f 1286/7/1029 1287/7/1029 1288/7/1029
f 1289/7/1029 1286/7/1029 1288/7/1029
f 1289/7/1029 1288/7/1029 1290/7/1029
f 1287/7/1029 1286/7/1029 1291/7/1029
f 1287/7/1029 1291/7/1029 1292/7/1029
f 1287/7/1029 1292/7/1029 1293/7/1029
f 1294/7/1030 1295/7/1031 1296/7/1032
f 1296/7/1032 1295/7/1031 1297/7/1033
f 1294/7/1030 1298/7/1034 1295/7/1031
f 1299/7/1035 1296/7/1032 1297/7/1033
f 1299/7/1035 1297/7/1033 1300/7/1036
f 1299/7/1035 1301/7/1037 1296/7/1032
f 1301/7/1037 1299/7/1035 1302/7/1038
f 1303/7/1039 1296/7/1032 1301/7/1037
f 1296/7/1032 1303/7/1039 1294/7/1030
f 1304/7/1040 1294/7/1030 1303/7/1039
f 1305/7/1041 1298/7/1034 1294/7/1030
f 1294/7/1030 1304/7/1040 1305/7/1041
f 1306/7/1042 1298/7/1034 1305/7/1041
f 1304/7/1040 1306/7/1042 1305/7/1041
f 1298/7/1034 1306/7/1042 1307/7/1043
f 1304/7/1040 1308/7/1044 1306/7/1042
f 1309/7/1022 1310/7/1022 1311/7/1022
f 1309/7/1022 1311/7/1022 1312/7/1022
f 1313/7/1022 1314/7/1022 1315/7/1022
f 1313/7/1022 1315/7/1022 1316/7/1022
f 1317/7/1045 1318/7/1046 1319/7/1047
f 1317/7/1045 1319/7/1047 1320/7/1048
f 1321/7/1049 1317/7/1045 1320/7/1048
f 1319/7/1047 1322/7/1050 1320/7/1048
f 1322/7/1050 1319/7/1047 1323/7/1051
f 1324/7/1052 1320/7/1048 1322/7/1050
f 1320/7/1048 1325/7/1053 1321/7/1049
f 1320/7/1048 1324/7/1052 1325/7/1053
f 1326/7/1054 1321/7/1049 1325/7/1053
f 1326/7/1054 1325/7/1053 1324/7/1052
f 1321/7/1049 1326/7/1054 1327/7/1055
f 1324/7/1052 1328/7/1056 1326/7/1054
f 1326/7/1054 1329/7/1057 1327/7/1055
f 1328/7/1056 1330/7/1058 1326/7/1054
f 1329/7/1057 1326/7/1054 1331/7/1059
f 1331/7/1059 1326/7/1054 1330/7/1058
f 1332/7/1060 1329/7/1057 1331/7/1059
f 1332/7/1060 1331/7/1059 1330/7/1058
f 1329/7/1057 1332/7/1060 1333/7/1061
f 1332/7/1060 1330/7/1058 1334/7/1062
f 1335/7/1063 1333/7/1061 1332/7/1060
f 1335/7/1063 1332/7/1060 1334/7/1062
f 1333/7/1061 1335/7/1063 1336/7/1064
f 1334/7/1062 1337/7/1065 1335/7/1063
f 1338/7/1066 1336/7/1064 1335/7/1063
f 1338/7/1066 1335/7/1063 1337/7/1065
f 1336/7/1064 1338/7/1066 1339/7/1067
f 1338/7/1066 1337/7/1065 1340/7/1068
f 1338/7/1066 1341/7/1069 1339/7/1067
f 1340/7/1068 1342/7/1070 1338/7/1066
f 1341/7/1069 1338/7/1066 1343/7/1071
f 1343/7/1071 1338/7/1066 1342/7/1070
f 1343/7/1071 1344/7/1072 1341/7/1069
f 1345/7/1073 1343/7/1071 1342/7/1070
f 1344/7/1072 1343/7/1071 1346/7/1074
f 1343/7/1071 1345/7/1073 1346/7/1074
f 1347/7/1075 1344/7/1072 1346/7/1074
f 1346/7/1074 1345/7/1073 1347/7/1075
f 1344/7/1072 1347/7/1075 1348/7/1076
f 1347/7/1075 1345/7/1073 1349/7/1077
f 1348/7/1076 1347/7/1075 1350/7/1078
f 1351/7/1079 1347/7/1075 1349/7/1077
f 1350/7/1078 1347/7/1075 1352/7/1080
f 1347/7/1075 1351/7/1079 1352/7/1080
f 1353/7/1081 1350/7/1078 1352/7/1080
f 1352/7/1080 1351/7/1079 1353/7/1081
f 1350/7/1078 1353/7/1081 1354/7/1082
f 1353/7/1081 1351/7/1079 1355/7/1083
f 1356/7/1084 1354/7/1082 1353/7/1081
f 1353/7/1081 1355/7/1083 1356/7/1084
f 1354/7/1082 1356/7/1084 1357/7/1085
f 1356/7/1084 1355/7/1083 1358/7/1086
f 1359/7/1087 1357/7/1085 1356/7/1084
f 1360/7/1088 1356/7/1084 1358/7/1086
f 1359/7/1087 1356/7/1084 1361/7/1089
f 1356/7/1084 1360/7/1088 1361/7/1089
f 1362/7/1090 1363/7/1091 1364/7/1092
f 1365/7/1093 1364/7/1092 1363/7/1091
f 1363/7/1091 1362/7/1090 1366/7/1094
f 1364/7/1092 1365/7/1093 1367/7/1095
f 1368/7/1096 1364/7/1092 1367/7/1095
f 1365/7/1093 1369/7/1097 1367/7/1095
f 1369/7/1097 1368/7/1096 1367/7/1095
f 1369/7/1097 1365/7/1093 1370/7/1098
f 1364/7/1092 1368/7/1096 1371/7/1099
f 1371/7/1099 1362/7/1090 1364/7/1092
f 1368/7/1096 1369/7/1097 1372/7/1100
f 1362/7/1090 1371/7/1099 1373/7/1101
f 1374/7/1102 1362/7/1090 1373/7/1101
f 1362/7/1090 1374/7/1102 1375/7/1103
f 1375/7/1103 1366/7/1094 1362/7/1090
f 1366/7/1094 1375/7/1103 1376/7/1104
f 1377/7/1105 1375/7/1103 1374/7/1102
f 1376/7/1104 1375/7/1103 1378/7/1106
f 1377/7/1105 1379/7/1107 1375/7/1103
f 1379/7/1107 1378/7/1106 1375/7/1103
f 1379/7/1107 1377/7/1105 1380/7/1108
f 1372/7/1100 1379/7/1107 1380/7/1108
f 1379/7/1107 1372/7/1100 1369/7/1097
f 1378/7/1106 1379/7/1107 1381/7/1109
f 1370/7/1098 1379/7/1107 1369/7/1097
f 1379/7/1107 1370/7/1098 1381/7/1109
f 1382/7/1110 1383/7/1110 1384/7/1110
f 1383/7/1110 1385/7/1110 1384/7/1110
f 1386/7/1111 1387/7/1111 1388/7/1111
f 1387/7/1111 1386/7/1111 1389/7/1111
f 1390/7/1112 1391/7/1113 1392/7/1113
f 1391/7/1113 1393/7/1022 1392/7/1113
f 1391/7/1113 1394/7/1022 1393/7/1022
f 1390/7/1112 1392/7/1113 1395/7/1114
f 1395/7/1114 1396/7/1011 1390/7/1112
f 1397/7/1115 1396/7/1011 1395/7/1114
f 1396/7/1011 1397/7/1115 1398/7/1011
f 1397/7/1115 1399/7/1116 1398/7/1011
f 1397/7/1115 1400/7/1117 1399/7/1116
f 1397/7/1115 1401/7/1117 1400/7/1117
f 1401/7/1117 1402/7/1022 1400/7/1117
f 1401/7/1117 1403/7/1022 1402/7/1022
f 1404/7/1016 1405/7/1016 1406/7/1016
f 1405/7/1016 1407/7/1016 1406/7/1016
f 1407/7/1016 1405/7/1016 1408/7/1016
f 1404/7/1016 1406/7/1016 1409/7/1016
f 1408/7/1016 1410/7/1016 1407/7/1016
f 1409/7/1016 1411/7/1016 1404/7/1016
f 1412/7/1016 1404/7/1016 1411/7/1016
f 1411/7/1016 1409/7/1016 1413/7/1016
f 1414/7/1016 1412/7/1016 1411/7/1016
f 1412/7/1016 1414/7/1016 1415/7/1016
f 1416/7/1016 1415/7/1016 1414/7/1016
f 1415/7/1016 1416/7/1016 1417/7/1016
f 1418/7/1016 1417/7/1016 1416/7/1016
f 1417/7/1016 1418/7/1016 1419/7/1016
f 1420/7/1016 1413/7/1016 1409/7/1016
f 1420/7/1016 1421/7/1016 1413/7/1016
f 1421/7/1016 1420/7/1016 1422/7/1016
f 1420/7/1016 1423/7/1016 1422/7/1016
f 1423/7/1016 1420/7/1016 1424/7/1016
f 1425/7/1016 1423/7/1016 1424/7/1016
f 1423/7/1016 1425/7/1016 1426/7/1016
f 1410/7/1016 1426/7/1016 1425/7/1016
f 1426/7/1016 1410/7/1016 1427/7/1016
f 1408/7/1016 1427/7/1016 1410/7/1016
f 1427/7/1016 1408/7/1016 1428/7/1016
f 1429/7/1016 1427/7/1016 1428/7/1016
f 1427/7/1016 1429/7/1016 1430/7/1016
f 1430/7/1016 1429/7/1016 1431/7/1016
f 1430/7/1016 1431/7/1016 1432/7/1016
f 1433/7/1016 1432/7/1016 1431/7/1016
f 1432/7/1016 1433/7/1016 1434/7/1016
f 1419/7/1016 1435/7/1016 1436/7/1016
f 1435/7/1016 1419/7/1016 1437/7/1016
f 1419/7/1016 1418/7/1016 1437/7/1016
f 1437/7/1016 1438/7/1016 1435/7/1016
f 1439/7/1024 1440/7/1024 1441/7/1024
f 1440/7/1024 1439/7/1024 1442/7/1024
f 1443/7/1024 1440/7/1024 1442/7/1024
f 1443/7/1024 1444/7/1024 1440/7/1024
f 1444/7/1024 1443/7/1024 1445/7/1024
f 1446/7/1024 1444/7/1024 1445/7/1024
f 1444/7/1024 1446/7/1024 1447/7/1024
f 1448/7/1016 1449/7/1016 1450/7/1016
f 1448/7/1016 1450/7/1016 1451/7/1016
f 1452/7/1016 1450/7/1016 1449/7/1016
f 1452/7/1016 1453/7/1016 1450/7/1016
f 1453/7/1016 1452/7/1016 1454/7/1016
f 1455/7/1016 1453/7/1016 1454/7/1016
f 1454/7/1016 1456/7/1016 1455/7/1016
f 1457/7/1016 1458/7/1016 1459/7/1016
f 1458/7/1016 1457/7/1016 1460/7/1016
f 1458/7/1016 1460/7/1016 1461/7/1016
f 1462/7/1024 1463/7/1024 1464/7/1024
f 1464/7/1024 1463/7/1024 1465/7/1024
f 1462/7/1024 1464/7/1024 1466/7/1024
f 1467/7/1118 1468/7/1118 1469/7/1118
f 1467/7/1118 1469/7/1118 1470/7/1118
f 1471/7/1119 1472/7/1120 1473/7/1121
f 1472/7/1120 1474/7/1122 1473/7/1121
f 1472/7/1120 1475/7/1123 1474/7/1122
f 1475/7/1123 1472/7/1120 1476/7/1124
f 1477/7/1024 1478/7/1024 1479/7/1024
f 1477/7/1024 1479/7/1024 1480/7/1024
f 1481/7/1016 1482/7/1016 1483/7/1016
f 1484/7/1016 1482/7/1016 1481/7/1016
f 1485/7/1125 1486/7/1126 1487/7/1127
f 1488/7/1128 1485/7/1125 1489/7/1129
f 1485/7/1125 1487/7/1127 1490/7/1130
f 1490/7/1130 1489/7/1129 1485/7/1125
f 1490/7/1130 1487/7/1127 1491/7/1131
f 1489/7/1129 1490/7/1130 1492/7/1132
f 1493/7/1133 1490/7/1130 1491/7/1131
f 1492/7/1132 1490/7/1130 1494/7/1134
f 1490/7/1130 1493/7/1133 1495/7/1135
f 1494/7/1134 1490/7/1130 1495/7/1135
f 1496/7/1136 1494/7/1134 1495/7/1135
f 1497/7/1137 1495/7/1135 1493/7/1133
f 1496/7/1136 1495/7/1135 1498/7/1138
f 1495/7/1135 1497/7/1137 1498/7/1138
f 1499/7/1139 1496/7/1136 1498/7/1138
f 1499/7/1139 1498/7/1138 1500/7/1140
f 1499/7/1139 1500/7/1140 1501/7/1141
f 1498/7/1138 1502/7/1142 1500/7/1140
f 1502/7/1142 1498/7/1138 1497/7/1137
f 1501/7/1141 1500/7/1140 1503/7/1143
f 1497/7/1137 1504/7/1024 1502/7/1142
f 1505/7/1144 1500/7/1140 1502/7/1142
f 1500/7/1140 1505/7/1144 1503/7/1143
f 1504/7/1024 1505/7/1144 1502/7/1142
f 1504/7/1024 1497/7/1137 1506/7/1024
f 1505/7/1144 1504/7/1024 1507/7/1024
f 1497/7/1137 1508/7/1024 1506/7/1024
f 1509/7/1024 1508/7/1024 1497/7/1137
f 1506/7/1024 1508/7/1024 1510/7/1024
f 1508/7/1024 1509/7/1024 1511/7/1024
f 1511/7/1024 1509/7/1024 1512/7/1024
f 1512/7/1024 1513/7/1024 1511/7/1024
f 1514/7/1024 1513/7/1024 1512/7/1024
f 1513/7/1024 1514/7/1024 1515/7/1024
f 1516/7/1024 1515/7/1024 1514/7/1024
f 1517/7/1024 1506/7/1024 1510/7/1024
f 1516/7/1024 1518/7/1024 1515/7/1024
f 1519/7/1024 1517/7/1024 1510/7/1024
f 1517/7/1024 1519/7/1024 1520/7/1024
f 1521/7/1024 1517/7/1024 1520/7/1024
f 1517/7/1024 1521/7/1024 1522/7/1024
f 1521/7/1024 1523/7/1024 1522/7/1024
f 1521/7/1024 1524/7/1024 1523/7/1024
f 1525/7/1024 1523/7/1024 1524/7/1024
f 1526/7/1024 1518/7/1024 1516/7/1024
f 1518/7/1024 1526/7/1024 1527/7/1024
f 1526/7/1024 1516/7/1024 1528/7/1024
f 1524/7/1024 1529/7/1024 1525/7/1024
f 1505/7/1144 1525/7/1024 1529/7/1024
f 1525/7/1024 1505/7/1144 1507/7/1024
f 1529/7/1024 1530/7/1024 1505/7/1144
f 1529/7/1024 1531/7/1024 1530/7/1024
f 1532/7/1024 1531/7/1024 1529/7/1024
f 1531/7/1024 1532/7/1024 1533/7/1024
f 1534/7/1024 1533/7/1024 1532/7/1024
f 1533/7/1024 1534/7/1024 1535/7/1024
f 1535/7/1024 1534/7/1024 1536/7/1024
f 1537/7/1145 1503/7/1143 1505/7/1144
f 1537/7/1145 1501/7/1141 1503/7/1143
f 1537/7/1145 1505/7/1144 1538/7/1146
f 1501/7/1141 1537/7/1145 1539/7/1147
f 1537/7/1145 1538/7/1146 1540/7/1145
f 1540/7/1145 1539/7/1147 1537/7/1145
f 1540/7/1145 1538/7/1146 1541/7/1146
f 1539/7/1147 1540/7/1145 1542/7/1147
f 1543/7/1148 1540/7/1145 1541/7/1146
f 1543/7/1148 1542/7/1147 1540/7/1145
f 1543/7/1148 1541/7/1146 1544/7/1149
f 1542/7/1147 1543/7/1148 1545/7/1150
f 1546/7/1151 1543/7/1148 1544/7/1149
f 1547/7/1152 1545/7/1150 1543/7/1148
f 1543/7/1148 1546/7/1151 1548/7/1153
f 1547/7/1152 1543/7/1148 1548/7/1153
f 1549/7/1018 1550/7/1018 1551/7/1024
f 1552/7/1015 1550/7/1018 1549/7/1018
f 1549/7/1018 1551/7/1024 1553/7/1024
f 1552/7/1015 1554/7/1015 1550/7/1018
f 1553/7/1024 1551/7/1024 1555/7/1026
f 1556/7/1013 1554/7/1015 1552/7/1015
f 1553/7/1024 1555/7/1026 1557/7/1026
f 1556/7/1013 1558/7/1013 1554/7/1015
f 1559/7/1022 1557/7/1026 1555/7/1026
f 1560/7/1016 1558/7/1013 1556/7/1013
f 1557/7/1026 1559/7/1022 1561/7/1022
f 1560/7/1016 1562/7/1016 1558/7/1013
f 1563/7/1020 1561/7/1022 1559/7/1022
f 1564/7/1020 1562/7/1016 1560/7/1016
f 1561/7/1022 1563/7/1020 1564/7/1020
f 1564/7/1020 1563/7/1020 1562/7/1016
f 1565/7/1015 1566/7/1015 1567/7/1015
f 1565/7/1015 1567/7/1015 1568/7/1015
f 1569/7/1154 1570/7/1155 1571/7/1156
f 1570/7/1155 1569/7/1154 1572/7/1157
f 1571/7/1156 1570/7/1155 1573/7/1158
f 1574/7/1159 1573/7/1158 1570/7/1155
f 1575/7/1160 1569/7/1154 1571/7/1156
f 1573/7/1158 1575/7/1160 1571/7/1156
f 1569/7/1154 1575/7/1160 1576/7/1161
f 1577/7/1162 1575/7/1160 1573/7/1158
f 1578/7/1163 1576/7/1161 1575/7/1160
f 1577/7/1162 1578/7/1163 1575/7/1160
f 1576/7/1161 1578/7/1163 1579/7/1164
f 1580/7/1165 1578/7/1163 1577/7/1162
f 1578/7/1163 1581/7/1166 1579/7/1164
f 1582/7/1167 1578/7/1163 1580/7/1165
f 1583/7/1168 1581/7/1166 1578/7/1163
f 1578/7/1163 1582/7/1167 1583/7/1168
f 1584/7/1169 1585/7/1170 1586/7/1171
f 1586/7/1171 1587/7/1172 1584/7/1169
f 1586/7/1171 1588/7/1173 1587/7/1172
f 1588/7/1173 1586/7/1171 1589/7/1174
f 1586/7/1171 1590/7/1175 1589/7/1174
f 1590/7/1175 1586/7/1171 1591/7/1176
f 1586/7/1171 1592/7/1177 1591/7/1176
f 1592/7/1177 1586/7/1171 1585/7/1170
f 1593/7/1178 1585/7/1170 1584/7/1169
f 1593/7/1178 1592/7/1177 1585/7/1170
f 1593/7/1178 1584/7/1169 1486/7/1126
f 1592/7/1177 1593/7/1178 1488/7/1128
f 1593/7/1178 1486/7/1126 1485/7/1125
f 1485/7/1125 1488/7/1128 1593/7/1178
o RenderMesh_139161112952928
v -0.249743 0.371562 0.109054
v 0.219676 0.371562 0.109054
v -0.249743 0.399473 -0.000000
v 0.219676 0.399473 -0.000000
v -0.249743 0.371561 -0.109054
v 0.219676 0.371561 -0.109054
v -0.332526 0.256756 -0.109054
v -0.227852 0.344119 -0.109054
v -0.301203 0.234265 -0.109054
v -0.310854 0.217634 -0.109054
v -0.440641 0.216313 -0.109054
v -0.249743 0.371561 -0.109054
v -0.456973 0.256756 -0.109054
v 0.193986 0.345836 -0.109054
v -0.447132 0.207070 -0.109054
v 0.219676 0.371561 -0.109054
v -0.500595 0.213134 -0.109054
v 0.259743 0.289472 -0.109054
v 0.222157 0.285489 -0.109054
v 0.234485 0.251841 -0.109054
v 0.444527 0.249058 -0.109054
v 0.460936 0.289472 -0.109054
v 0.548179 0.202229 -0.109054
v 0.508024 0.185055 -0.109054
v 0.548179 0.130459 -0.109054
v 0.507682 0.145090 -0.109054
v 0.453494 0.082846 -0.109054
v 0.471840 0.043215 -0.109054
v 0.095583 0.043215 -0.109054
v 0.078704 0.083086 -0.109054
v 0.056894 0.061364 -0.109054
v 0.073772 0.021404 -0.109054
v -0.024377 0.021404 -0.109054
v -0.009172 0.061571 -0.109054
v -0.111621 0.097742 -0.109054
v -0.096426 0.138030 -0.109054
v -0.334950 0.138370 -0.109054
v -0.347918 0.097742 -0.109054
v -0.456973 0.174080 -0.109054
v -0.425998 0.201849 -0.109054
v -0.500595 0.180418 -0.109054
v -0.500595 0.180419 0.109054
v -0.456973 0.174081 0.109054
v -0.500595 0.213135 0.109054
v -0.447132 0.207071 0.109054
v -0.456973 0.256757 0.109054
v -0.425998 0.201850 0.109054
v -0.440641 0.216314 0.109054
v -0.334950 0.138371 0.109054
v -0.332526 0.256757 0.109054
v -0.347918 0.097743 0.109054
v -0.310854 0.217634 0.109054
v -0.111621 0.097743 0.109054
v -0.293802 0.247020 0.109054
v -0.096426 0.138031 0.109054
v -0.249743 0.371562 0.109054
v -0.009172 0.061572 0.109054
v -0.227852 0.344120 0.109054
v -0.024377 0.021405 0.109054
v 0.193986 0.345836 0.109054
v 0.056894 0.061365 0.109054
v 0.219676 0.371562 0.109054
v 0.073772 0.021405 0.109054
v 0.095583 0.043216 0.109054
v 0.078704 0.083087 0.109054
v 0.453494 0.082847 0.109054
v 0.471840 0.043216 0.109054
v 0.548179 0.130459 0.109054
v 0.507682 0.145090 0.109054
v 0.508024 0.185056 0.109054
v 0.548179 0.202230 0.109054
v 0.444527 0.249058 0.109054
v 0.460936 0.289473 0.109054
v 0.259743 0.289473 0.109054
v 0.234485 0.251841 0.109054
v 0.223498 0.281830 0.109054
v -0.456973 0.256757 0.109054
v -0.332526 0.256757 -0.000000
v -0.456973 0.256757 -0.000000
v -0.332526 0.256757 0.109054
v -0.249743 0.371562 0.109054
v -0.249743 0.399473 -0.000000
v -0.249743 0.371561 -0.109054
v -0.332526 0.256756 -0.109054
v -0.456973 0.256756 -0.109054
v -0.500595 0.213134 -0.109054
v -0.500595 0.213134 -0.000000
v -0.500595 0.213135 0.109054
v -0.500595 0.180418 -0.109054
v -0.500595 0.180419 0.000000
v -0.500595 0.180419 0.109054
v -0.456973 0.174081 0.109054
v -0.456973 0.174081 0.000000
v -0.456973 0.174080 -0.109054
v -0.347918 0.097742 -0.109054
v -0.347918 0.097743 0.000000
v -0.347918 0.097743 0.109054
v -0.111621 0.097742 -0.109054
v -0.111621 0.097743 0.000000
v -0.111621 0.097743 0.109054
v -0.024377 0.021404 -0.109054
v -0.024377 0.021405 0.000000
v -0.024377 0.021405 0.109054
v 0.073772 0.021404 -0.109054
v 0.073772 0.021405 0.000000
v 0.073772 0.021405 0.109054
v 0.095583 0.043215 -0.109054
v 0.095583 0.043215 0.000000
v 0.095583 0.043216 0.109054
v 0.471840 0.043215 -0.109054
v 0.471840 0.043215 0.000000
v 0.471840 0.043216 0.109054
v 0.548179 0.130459 -0.109054
v 0.548179 0.130459 0.000000
v 0.548179 0.130459 0.109054
v 0.548179 0.202229 -0.109054
v 0.548179 0.202229 0.000000
v 0.548179 0.202230 0.109054
v 0.460936 0.289472 -0.109054
v 0.460936 0.289473 -0.000000
v 0.460936 0.289473 0.109054
v 0.259743 0.289472 -0.109054
v 0.259743 0.289473 -0.000000
v 0.259743 0.289473 0.109054
v 0.219676 0.371561 -0.109054
v 0.219676 0.371562 0.109054
v 0.219676 0.399473 -0.000000
v -0.310854 0.217634 0.109054
v -0.440641 0.216313 -0.109054
v -0.310854 0.217634 -0.109054
v -0.440641 0.216314 0.109054
v -0.334950 0.138370 -0.109054
v -0.096426 0.138031 0.109054
v -0.096426 0.138030 -0.109054
v -0.334950 0.138371 0.109054
v -0.425998 0.201849 -0.109054
v -0.425998 0.201850 0.109054
v -0.447132 0.207070 -0.109054
v -0.447132 0.207071 0.109054
v -0.009172 0.061572 0.109054
v -0.009172 0.061571 -0.109054
v -0.096426 0.138030 -0.109054
v -0.096426 0.138031 0.109054
v -0.009172 0.061571 -0.109054
v 0.056894 0.061365 0.109054
v 0.056894 0.061364 -0.109054
v -0.009172 0.061572 0.109054
v 0.056894 0.061364 -0.109054
v 0.078704 0.083087 0.109054
v 0.078704 0.083086 -0.109054
v 0.056894 0.061365 0.109054
v -0.227852 0.344119 -0.109054
v 0.193986 0.345836 -0.109054
v 0.193986 0.345836 0.109054
v -0.227852 0.344120 0.109054
v 0.234485 0.251841 -0.109054
v 0.223498 0.281830 0.109054
v 0.222157 0.285489 -0.109054
v 0.234485 0.251841 0.109054
v 0.193986 0.345836 0.109054
v 0.193986 0.345836 -0.109054
v -0.301203 0.234265 -0.109054
v -0.310854 0.217634 0.109054
v -0.310854 0.217634 -0.109054
v -0.293802 0.247020 0.109054
v -0.227852 0.344119 -0.109054
v -0.227852 0.344120 0.109054
v 0.444527 0.249058 -0.109054
v 0.444527 0.249058 0.109054
v 0.234485 0.251841 -0.109054
v 0.234485 0.251841 0.109054
v 0.508024 0.185056 0.109054
v 0.508024 0.185055 -0.109054
v 0.507682 0.145090 -0.109054
v 0.507682 0.145090 0.109054
v 0.453494 0.082846 -0.109054
v 0.453494 0.082847 0.109054
v 0.078704 0.083086 -0.109054
v 0.078704 0.083087 0.109054
v -0.447132 0.207071 0.109054
v -0.447132 0.207070 -0.109054
v -0.440641 0.216313 -0.109054
v -0.440641 0.216314 0.109054
vn -0.0000 0.9688 0.2479
vn -0.0000 1.0000 -0.0000
vn -0.0000 0.9688 -0.2479
vn -0.0000 -0.0000 -1.0000
vn -0.0000 -0.0000 1.0000
vn -0.3827 0.9239 -0.0000
vn -0.4786 0.8780 -0.0000
vn -0.4782 0.8774 0.0393
vn -0.8391 0.5395 0.0690
vn -0.8412 0.5408 -0.0000
vn -0.8391 0.5395 -0.0690
vn -0.4782 0.8774 -0.0393
vn -0.9239 0.3827 -0.0000
vn -0.7562 -0.6543 -0.0000
vn -0.3686 -0.9296 -0.0000
vn -0.3006 -0.9537 -0.0000
vn -0.3517 -0.9361 -0.0000
vn 0.3827 -0.9239 -0.0000
vn 0.4132 -0.9106 -0.0000
vn 0.9361 -0.3517 -0.0000
vn 0.9239 0.3827 -0.0000
vn 0.3827 0.9239 -0.0000
vn 0.5539 0.8320 -0.0296
vn 0.5541 0.8324 -0.0000
vn 0.5539 0.8320 0.0296
vn 0.9218 0.3845 -0.0492
vn 0.9218 0.3845 0.0492
vn 0.9229 0.3850 -0.0000
vn 0.0102 -0.9999 -0.0000
vn 0.3004 0.9538 -0.0000
vn 0.0014 1.0000 -0.0000
vn 0.4128 0.9108 -0.0000
vn 0.2398 0.9708 -0.0000
vn 0.6590 0.7521 -0.0000
vn 0.6591 0.7521 -0.0000
vn 0.0031 1.0000 -0.0000
vn -0.7057 0.7085 -0.0000
vn 0.0041 -1.0000 -0.0000
vn -0.9184 -0.3957 -0.0005
vn 0.8361 -0.5486 0.0019
vn -0.3906 -0.9206 -0.0000
vn -0.0132 -0.9999 -0.0000
vn -0.9263 -0.3769 -0.0000
vn -0.9350 0.3546 -0.0000
vn -0.9350 0.3545 -0.0000
vn -0.4141 0.9103 -0.0000
vn -0.4141 0.9102 -0.0000
vn 0.0006 1.0000 -0.0000
vn 0.8184 -0.5747 -0.0000
vt 0.000000 0.000000
s 1
f 1594/8/1179 1595/8/1179 1596/8/1180
f 1597/8/1180 1596/8/1180 1595/8/1179
f 1596/8/1180 1597/8/1180 1598/8/1181
f 1599/8/1181 1598/8/1181 1597/8/1180
f 1600/8/1182 1601/8/1182 1602/8/1182
f 1600/8/1182 1602/8/1182 1603/8/1182
f 1603/8/1182 1604/8/1182 1600/8/1182
f 1601/8/1182 1600/8/1182 1605/8/1182
f 1600/8/1182 1604/8/1182 1606/8/1182
f 1605/8/1182 1607/8/1182 1601/8/1182
f 1608/8/1182 1606/8/1182 1604/8/1182
f 1605/8/1182 1609/8/1182 1607/8/1182
f 1608/8/1182 1610/8/1182 1606/8/1182
f 1611/8/1182 1607/8/1182 1609/8/1182
f 1607/8/1182 1611/8/1182 1612/8/1182
f 1611/8/1182 1613/8/1182 1612/8/1182
f 1613/8/1182 1611/8/1182 1614/8/1182
f 1611/8/1182 1615/8/1182 1614/8/1182
f 1616/8/1182 1614/8/1182 1615/8/1182
f 1614/8/1182 1616/8/1182 1617/8/1182
f 1617/8/1182 1616/8/1182 1618/8/1182
f 1618/8/1182 1619/8/1182 1617/8/1182
f 1618/8/1182 1620/8/1182 1619/8/1182
f 1618/8/1182 1621/8/1182 1620/8/1182
f 1622/8/1182 1620/8/1182 1621/8/1182
f 1623/8/1182 1620/8/1182 1622/8/1182
f 1623/8/1182 1622/8/1182 1624/8/1182
f 1625/8/1182 1624/8/1182 1622/8/1182
f 1626/8/1182 1624/8/1182 1625/8/1182
f 1624/8/1182 1626/8/1182 1627/8/1182
f 1627/8/1182 1626/8/1182 1628/8/1182
f 1629/8/1182 1627/8/1182 1628/8/1182
f 1630/8/1182 1629/8/1182 1628/8/1182
f 1628/8/1182 1631/8/1182 1630/8/1182
f 1632/8/1182 1630/8/1182 1631/8/1182
f 1630/8/1182 1632/8/1182 1633/8/1182
f 1633/8/1182 1632/8/1182 1608/8/1182
f 1632/8/1182 1610/8/1182 1608/8/1182
f 1610/8/1182 1632/8/1182 1634/8/1182
f 1635/8/1183 1636/8/1183 1637/8/1183
f 1636/8/1183 1638/8/1183 1637/8/1183
f 1639/8/1183 1637/8/1183 1638/8/1183
f 1638/8/1183 1636/8/1183 1640/8/1183
f 1639/8/1183 1638/8/1183 1641/8/1183
f 1642/8/1183 1640/8/1183 1636/8/1183
f 1641/8/1183 1643/8/1183 1639/8/1183
f 1642/8/1183 1636/8/1183 1644/8/1183
f 1641/8/1183 1645/8/1183 1643/8/1183
f 1644/8/1183 1646/8/1183 1642/8/1183
f 1643/8/1183 1645/8/1183 1647/8/1183
f 1648/8/1183 1642/8/1183 1646/8/1183
f 1649/8/1183 1643/8/1183 1647/8/1183
f 1646/8/1183 1650/8/1183 1648/8/1183
f 1649/8/1183 1647/8/1183 1651/8/1183
f 1650/8/1183 1646/8/1183 1652/8/1183
f 1653/8/1183 1649/8/1183 1651/8/1183
f 1652/8/1183 1654/8/1183 1650/8/1183
f 1649/8/1183 1653/8/1183 1655/8/1183
f 1652/8/1183 1656/8/1183 1654/8/1183
f 1657/8/1183 1654/8/1183 1656/8/1183
f 1654/8/1183 1657/8/1183 1658/8/1183
f 1659/8/1183 1658/8/1183 1657/8/1183
f 1659/8/1183 1657/8/1183 1660/8/1183
f 1661/8/1183 1659/8/1183 1660/8/1183
f 1659/8/1183 1661/8/1183 1662/8/1183
f 1661/8/1183 1663/8/1183 1662/8/1183
f 1663/8/1183 1661/8/1183 1664/8/1183
f 1664/8/1183 1665/8/1183 1663/8/1183
f 1665/8/1183 1664/8/1183 1666/8/1183
f 1667/8/1183 1665/8/1183 1666/8/1183
f 1665/8/1183 1667/8/1183 1668/8/1183
f 1667/8/1183 1669/8/1183 1668/8/1183
f 1667/8/1183 1653/8/1183 1669/8/1183
f 1653/8/1183 1667/8/1183 1655/8/1183
f 1670/8/1184 1671/8/1185 1672/8/1184
f 1671/8/1185 1670/8/1184 1673/8/1186
f 1671/8/1185 1673/8/1186 1674/8/1187
f 1675/8/1188 1671/8/1185 1674/8/1187
f 1676/8/1189 1671/8/1185 1675/8/1188
f 1671/8/1185 1676/8/1189 1677/8/1190
f 1677/8/1190 1672/8/1184 1671/8/1185
f 1672/8/1184 1677/8/1190 1678/8/1184
f 1679/8/1191 1672/8/1184 1678/8/1184
f 1680/8/1191 1670/8/1184 1672/8/1184
f 1672/8/1184 1679/8/1191 1680/8/1191
f 1670/8/1184 1680/8/1191 1681/8/1191
f 1682/8/1192 1680/8/1191 1679/8/1191
f 1683/8/1192 1681/8/1191 1680/8/1191
f 1680/8/1191 1682/8/1192 1683/8/1192
f 1681/8/1191 1683/8/1192 1684/8/1192
f 1683/8/1192 1685/8/1193 1684/8/1192
f 1682/8/1192 1686/8/1193 1683/8/1192
f 1686/8/1193 1685/8/1193 1683/8/1192
f 1687/8/1193 1686/8/1193 1682/8/1192
f 1687/8/1193 1688/8/1194 1686/8/1193
f 1686/8/1193 1689/8/1194 1685/8/1193
f 1688/8/1194 1689/8/1194 1686/8/1193
f 1689/8/1194 1690/8/1194 1685/8/1193
f 1688/8/1194 1691/8/1195 1689/8/1194
f 1689/8/1194 1692/8/1195 1690/8/1194
f 1692/8/1195 1689/8/1194 1691/8/1195
f 1693/8/1195 1690/8/1194 1692/8/1195
f 1691/8/1195 1694/8/1195 1692/8/1195
f 1692/8/1195 1695/8/1195 1693/8/1195
f 1694/8/1195 1695/8/1195 1692/8/1195
f 1695/8/1195 1696/8/1195 1693/8/1195
f 1694/8/1195 1697/8/1196 1695/8/1195
f 1695/8/1195 1698/8/1196 1696/8/1195
f 1697/8/1196 1698/8/1196 1695/8/1195
f 1698/8/1196 1699/8/1196 1696/8/1195
f 1698/8/1196 1697/8/1196 1700/8/1196
f 1699/8/1196 1698/8/1196 1701/8/1196
f 1700/8/1196 1701/8/1196 1698/8/1196
f 1701/8/1196 1702/8/1196 1699/8/1196
f 1700/8/1196 1703/8/1197 1701/8/1196
f 1701/8/1196 1704/8/1197 1702/8/1196
f 1704/8/1197 1701/8/1196 1703/8/1197
f 1705/8/1197 1702/8/1196 1704/8/1197
f 1703/8/1197 1706/8/1198 1704/8/1197
f 1704/8/1197 1707/8/1198 1705/8/1197
f 1706/8/1198 1707/8/1198 1704/8/1197
f 1707/8/1198 1708/8/1198 1705/8/1197
f 1706/8/1198 1709/8/1199 1707/8/1198
f 1707/8/1198 1710/8/1199 1708/8/1198
f 1709/8/1199 1710/8/1199 1707/8/1198
f 1710/8/1199 1711/8/1199 1708/8/1198
f 1709/8/1199 1712/8/1200 1710/8/1199
f 1710/8/1199 1713/8/1200 1711/8/1199
f 1712/8/1200 1713/8/1200 1710/8/1199
f 1713/8/1200 1714/8/1200 1711/8/1199
f 1712/8/1200 1715/8/1201 1713/8/1200
f 1713/8/1200 1716/8/1202 1714/8/1200
f 1716/8/1202 1713/8/1200 1715/8/1201
f 1717/8/1203 1714/8/1200 1716/8/1202
f 1718/8/1204 1716/8/1202 1715/8/1201
f 1716/8/1202 1719/8/1205 1717/8/1203
f 1716/8/1202 1718/8/1204 1720/8/1206
f 1719/8/1205 1716/8/1202 1720/8/1206
f 1721/8/1207 1722/8/1207 1723/8/1207
f 1722/8/1207 1721/8/1207 1724/8/1207
f 1725/8/1208 1726/8/1209 1727/8/1209
f 1726/8/1209 1725/8/1208 1728/8/1208
f 1729/8/1210 1728/8/1208 1725/8/1208
f 1728/8/1208 1729/8/1210 1730/8/1210
f 1730/8/1210 1729/8/1210 1731/8/1211
f 1731/8/1211 1732/8/1211 1730/8/1210
f 1733/8/1212 1734/8/1213 1735/8/1213
f 1735/8/1213 1736/8/1212 1733/8/1212
f 1737/8/1214 1738/8/1214 1739/8/1214
f 1738/8/1214 1737/8/1214 1740/8/1214
f 1741/8/1215 1742/8/1215 1743/8/1215
f 1742/8/1215 1741/8/1215 1744/8/1215
f 1745/8/1216 1746/8/1216 1747/8/1216
f 1745/8/1216 1747/8/1216 1748/8/1216
f 1749/8/1217 1750/8/1217 1751/8/1217
f 1750/8/1217 1749/8/1217 1752/8/1217
f 1753/8/1217 1751/8/1217 1750/8/1217
f 1751/8/1217 1753/8/1217 1754/8/1217
f 1755/8/1218 1756/8/1218 1757/8/1218
f 1756/8/1218 1755/8/1218 1758/8/1218
f 1759/8/1218 1758/8/1218 1755/8/1218
f 1758/8/1218 1759/8/1218 1760/8/1218
f 1761/8/1219 1762/8/1219 1763/8/1220
f 1763/8/1220 1762/8/1219 1764/8/1220
f 1761/8/1219 1765/8/1221 1762/8/1219
f 1766/8/1221 1765/8/1221 1761/8/1219
f 1767/8/1222 1765/8/1221 1766/8/1221
f 1765/8/1221 1767/8/1222 1768/8/1223
f 1769/8/1224 1768/8/1223 1767/8/1222
f 1768/8/1223 1769/8/1224 1770/8/1225
f 1771/8/1226 1770/8/1225 1769/8/1224
f 1770/8/1225 1771/8/1226 1772/8/1226
f 1773/8/1227 1774/8/1227 1775/8/1227
f 1775/8/1227 1776/8/1227 1773/8/1227
