# Blender 5.2.0 LTS
# www.blender.org
mtllib light fifty.mtl
o Cube_002_Cube_013_140669730939053
v -0.781311 0.315910 -0.044652
v -0.781311 0.315910 0.044652
v -0.781311 0.271259 -0.000000
v -0.781311 0.284337 0.031573
v -0.781311 0.284337 -0.031574
v -0.781311 0.360562 -0.000000
v -0.781311 0.347483 0.031573
v -0.781311 0.347483 -0.031574
v -1.169793 0.328710 -0.012801
v -1.169793 0.297807 -0.000000
v -1.169793 0.315910 0.018103
v -1.169793 0.303109 0.012801
v -1.169793 0.303109 -0.012801
v -1.169793 0.315910 -0.018104
v -1.169793 0.328710 0.012801
v -1.169793 0.334014 -0.000000
v -1.043466 0.337265 0.021354
v -1.136300 0.334065 0.018155
v -1.043466 0.315910 0.030200
v -1.136300 0.315910 0.025675
v -1.043466 0.346110 -0.000000
v -1.169793 0.328710 0.012801
v -1.169793 0.315910 0.018103
v -1.136300 0.341584 -0.000000
v -1.169793 0.334014 -0.000000
v -1.169793 0.328710 -0.012801
v -1.136300 0.334065 -0.018155
v -1.043466 0.337265 -0.021355
v -1.043466 0.315910 -0.030200
v -1.136300 0.315910 -0.025675
v -1.169793 0.315910 -0.018104
v -1.169793 0.303109 -0.012801
v -1.136300 0.297754 -0.018155
v -1.043466 0.294556 -0.021355
v -1.043466 0.285710 -0.000000
v -1.136300 0.290235 -0.000000
v -1.169793 0.297807 -0.000000
v -1.169793 0.303109 0.012801
v -1.136300 0.297754 0.018155
v -1.043466 0.294556 0.021354
v -1.043466 0.315910 0.030200
v -1.136300 0.315910 0.025675
v -1.169793 0.315910 0.018103
v -1.043466 0.294556 -0.021355
v -1.043466 0.315910 -0.032153
v -1.043466 0.293175 -0.022736
v -1.043466 0.315910 -0.030200
v -1.043466 0.285710 -0.000000
v -1.043466 0.337265 -0.021355
v -1.043466 0.283757 -0.000000
v -1.043466 0.338645 -0.022736
v -1.043466 0.293175 0.022735
v -1.043466 0.348062 -0.000000
v -1.043466 0.294556 0.021354
v -1.043466 0.315910 0.030200
v -1.043466 0.315910 0.032152
v -1.043466 0.346110 -0.000000
v -1.043466 0.337265 0.021354
v -1.043466 0.338645 0.022735
v -1.043466 0.315910 0.032152
v -1.043466 0.315910 0.030200
v -1.021535 0.284337 0.031573
v -0.781311 0.284337 0.031573
v -0.781311 0.315910 0.044652
v -1.021535 0.315910 0.044652
v -1.021535 0.271259 -0.000000
v -0.781311 0.271259 -0.000000
v -1.021535 0.284337 -0.031574
v -0.781311 0.284337 -0.031574
v -1.021535 0.315910 -0.044652
v -0.781311 0.315910 -0.044652
v -1.021535 0.347483 -0.031574
v -0.781311 0.347483 -0.031574
v -1.021535 0.360562 -0.000000
v -0.781311 0.360562 -0.000000
v -1.021535 0.347483 0.031573
v -0.781311 0.347483 0.031573
v -1.021535 0.315910 0.044652
v -0.781311 0.315910 0.044652
v -1.043466 0.293175 0.022735
v -1.021535 0.315910 0.044652
v -1.043466 0.315910 0.032152
v -1.021535 0.284337 0.031573
v -1.021535 0.271259 -0.000000
v -1.043466 0.283757 -0.000000
v -1.043466 0.293175 -0.022736
v -1.021535 0.284337 -0.031574
v -1.021535 0.315910 -0.044652
v -1.043466 0.315910 -0.032153
v -1.043466 0.338645 -0.022736
v -1.021535 0.347483 -0.031574
v -1.021535 0.360562 -0.000000
v -1.043466 0.348062 -0.000000
v -1.043466 0.338645 0.022735
v -1.021535 0.347483 0.031573
v -1.021535 0.315910 0.044652
v -1.043466 0.315910 0.032152
vn 1.0000 0.0005 0.0005
vn -1.0000 0.0002 0.0002
vn -1.0000 0.0005 0.0005
vn -0.0483 0.6890 0.7231
vn -0.1323 0.6831 0.7182
vn -0.0484 0.0005 0.9988
vn -0.1314 0.0005 0.9913
vn -0.0484 0.9988 0.0005
vn -0.2204 0.6799 0.6994
vn -0.2203 0.0005 0.9754
vn -0.1324 0.9912 -0.0000
vn -0.2203 0.9754 0.0006
vn -0.2204 0.6799 -0.6994
vn -0.1323 0.6831 -0.7182
vn -0.0483 0.6890 -0.7232
vn -0.0484 0.0005 -0.9988
vn -0.1316 0.0003 -0.9913
vn -0.2205 -0.0000 -0.9754
vn -0.2204 -0.6799 -0.6994
vn -0.1323 -0.6831 -0.7182
vn -0.0483 -0.6890 -0.7232
vn -0.0487 -0.9988 -0.0000
vn -0.1324 -0.9912 -0.0000
vn -0.2203 -0.9754 0.0005
vn -0.2204 -0.6799 0.6994
vn -0.1323 -0.6831 0.7182
vn -0.0483 -0.6890 0.7232
vn -0.1315 0.0004 0.9913
vn 0.0005 -0.6913 0.7226
vn 0.0005 0.0005 1.0000
vn 0.0005 -1.0000 0.0005
vn 0.0005 -0.6913 -0.7226
vn 0.0005 0.0005 -1.0000
vn 0.0005 0.6913 -0.7226
vn 0.0005 1.0000 0.0005
vn 0.0005 0.6913 0.7226
vn -0.4951 -0.6134 0.6153
vn -0.4948 0.0004 0.8690
vn -0.4948 0.0003 0.8690
vn -0.4949 -0.5916 0.6365
vn -0.4949 -0.8690 0.0004
vn -0.4951 -0.8688 -0.0000
vn -0.4951 -0.6134 -0.6153
vn -0.4949 -0.5916 -0.6365
vn -0.4947 0.0006 -0.8690
vn -0.4949 0.0005 -0.8690
vn -0.4951 0.6134 -0.6153
vn -0.4949 0.5916 -0.6365
vn -0.4949 0.8690 0.0004
vn -0.4951 0.6134 0.6153
vn -0.4949 0.5916 0.6365
vn -0.4948 0.0005 0.8690
vn -0.4948 0.0006 0.8690
vt 0.750000 0.010000
vt 0.750000 0.490000
vt 0.990000 0.250000
vt 0.919706 0.419706
vt 0.919706 0.080294
vt 0.510000 0.250000
vt 0.580294 0.419706
vt 0.580294 0.080294
vt 0.375000 1.000000
vt 0.750000 1.000000
vt 0.000000 1.000000
vt 0.875000 1.000000
vt 0.625000 1.000000
vt 0.500000 1.000000
vt 0.125000 1.000000
vt 0.250000 1.000000
vt 1.000000 1.000000
vt 0.875000 0.500000
vt 1.000000 0.500000
vt 0.750000 0.500000
vt 0.625000 0.500000
vt 0.500000 0.500000
vt 0.375000 0.500000
vt 0.250000 0.500000
vt 0.125000 0.500000
vt 0.000000 0.500000
s 1
f 1/1/1 2/2/1 3/3/1
f 3/3/1 2/2/1 4/4/1
f 1/1/1 3/3/1 5/5/1
f 1/1/1 6/6/1 2/2/1
f 2/2/1 6/6/1 7/7/1
f 6/6/1 1/1/1 8/8/1
f 9/9/2 10/10/3 11/11/3
f 11/11/3 10/10/3 12/12/3
f 10/10/3 9/9/2 13/13/3
f 13/13/3 9/9/2 14/14/3
f 9/9/2 11/11/3 15/15/3
f 9/9/2 15/15/3 16/16/3
f 17/15/4 18/15/5 19/11/6
f 20/11/7 19/11/6 18/15/5
f 21/16/8 18/15/5 17/15/4
f 18/15/5 22/15/9 20/11/7
f 23/11/10 20/11/7 22/15/9
f 24/16/11 22/15/9 18/15/5
f 18/15/5 21/16/8 24/16/11
f 22/15/9 24/16/11 25/16/12
f 24/16/11 26/9/13 25/16/12
f 21/16/8 27/9/14 24/16/11
f 26/9/13 24/16/11 27/9/14
f 27/9/14 21/16/8 28/9/15
f 29/14/16 27/9/14 28/9/15
f 30/14/17 26/9/13 27/9/14
f 27/9/14 29/14/16 30/14/17
f 26/9/13 30/14/17 31/14/18
f 31/14/18 30/14/17 32/13/19
f 30/14/17 29/14/16 33/13/20
f 33/13/20 32/13/19 30/14/17
f 34/13/21 33/13/20 29/14/16
f 35/10/22 33/13/20 34/13/21
f 36/10/23 32/13/19 33/13/20
f 33/13/20 35/10/22 36/10/23
f 32/13/19 36/10/23 37/10/24
f 37/10/24 36/10/23 38/12/25
f 36/10/23 35/10/22 39/12/26
f 39/12/26 38/12/25 36/10/23
f 40/12/27 39/12/26 35/10/22
f 41/17/6 39/12/26 40/12/27
f 39/12/26 41/17/6 42/17/28
f 42/17/28 38/12/25 39/12/26
f 38/12/25 42/17/28 43/17/10
f 44/13/3 45/14/3 46/13/3
f 45/14/3 44/13/3 47/14/3
f 46/13/3 48/10/3 44/13/3
f 49/9/3 45/14/3 47/14/3
f 46/13/3 50/10/3 48/10/3
f 45/14/3 49/9/3 51/9/3
f 52/12/3 48/10/3 50/10/3
f 53/16/3 51/9/3 49/9/3
f 48/10/3 52/12/3 54/12/3
f 52/12/3 55/17/3 54/12/3
f 55/17/3 52/12/3 56/17/3
f 53/16/3 49/9/3 57/16/3
f 58/15/3 53/16/3 57/16/3
f 53/16/3 58/15/3 59/15/3
f 60/11/3 59/15/3 58/15/3
f 58/15/3 61/11/3 60/11/3
f 62/12/29 63/18/29 64/19/30
f 62/12/29 64/19/30 65/17/30
f 66/10/31 63/18/29 62/12/29
f 66/10/31 67/20/31 63/18/29
f 68/13/32 67/20/31 66/10/31
f 68/13/32 69/21/32 67/20/31
f 70/14/33 69/21/32 68/13/32
f 70/14/33 71/22/33 69/21/32
f 72/9/34 71/22/33 70/14/33
f 72/9/34 73/23/34 71/22/33
f 74/16/35 73/23/34 72/9/34
f 73/23/34 74/16/35 75/24/35
f 75/24/35 74/16/35 76/15/36
f 75/24/35 76/15/36 77/25/36
f 78/11/30 77/25/36 76/15/36
f 78/11/30 79/26/30 77/25/36
f 80/12/37 81/17/38 82/17/39
f 81/17/38 80/12/37 83/12/40
f 84/10/41 83/12/40 80/12/37
f 85/10/42 84/10/41 80/12/37
f 86/13/43 84/10/41 85/10/42
f 84/10/41 86/13/43 87/13/44
f 88/14/45 87/13/44 86/13/43
f 89/14/46 88/14/45 86/13/43
f 90/9/47 88/14/45 89/14/46
f 88/14/45 90/9/47 91/9/48
f 90/9/47 92/16/49 91/9/48
f 92/16/49 90/9/47 93/16/49
f 94/15/50 92/16/49 93/16/49
f 92/16/49 94/15/50 95/15/51
f 96/11/52 95/15/51 94/15/50
f 97/11/53 96/11/52 94/15/50
o Cube_005_Cube_069_121294691542287
v -1.646492 0.158291 -0.015991
v -1.646492 0.132174 0.021307
v -1.637063 0.145233 0.002658
v -1.669258 0.163700 -0.023716
v -1.669258 0.126766 0.029032
v -1.692026 0.132174 0.021307
v -1.692026 0.158291 -0.015991
v -1.701455 0.145233 0.002658
v -1.728160 0.122829 -0.029624
v -1.610106 0.107235 -0.007353
v -1.610106 0.122829 -0.029624
v -1.728160 0.107235 -0.007353
v -1.564198 -0.642856 -0.544814
v -1.774070 -0.642856 -0.377642
v -1.774070 -0.642856 -0.544814
v -1.564198 -0.642856 -0.377642
v -1.774070 -0.601370 -0.544814
v -1.564198 -0.601370 -0.544814
v -1.550516 -0.622114 -0.558496
v -1.787752 -0.622114 -0.558496
v -1.564198 -0.642856 -0.544814
v -1.774070 -0.642856 -0.544814
v -1.610106 -0.508358 -0.411627
v -1.728160 -0.523951 -0.389356
v -1.728160 -0.508358 -0.411627
v -1.610106 -0.523951 -0.389356
v -1.564198 -0.642856 -0.544814
v -1.550516 -0.622111 -0.363960
v -1.564198 -0.642856 -0.377642
v -1.550516 -0.622114 -0.558496
v -1.564198 -0.601369 -0.377642
v -1.564198 -0.601370 -0.544814
v -1.787752 -0.622114 -0.558496
v -1.774070 -0.601369 -0.377642
v -1.774070 -0.601370 -0.544814
v -1.787752 -0.622111 -0.363960
v -1.774070 -0.642856 -0.544814
v -1.774070 -0.642856 -0.377642
v -1.610106 0.107235 -0.007353
v -1.610106 -0.508358 -0.411627
v -1.610106 0.122829 -0.029624
v -1.610106 -0.523951 -0.389356
v -1.728160 0.122829 -0.029624
v -1.728160 -0.508358 -0.411627
v -1.728160 0.107235 -0.007353
v -1.728160 -0.523951 -0.389356
v -1.692026 -0.535442 -0.386204
v -1.669258 0.126766 0.029032
v -1.692026 0.132174 0.021307
v -1.669258 -0.540851 -0.378479
v -1.692026 0.158291 -0.015991
v -1.669258 -0.503917 -0.431227
v -1.692026 -0.509326 -0.423502
v -1.669258 0.163700 -0.023716
v -1.669258 -0.503917 -0.431227
v -1.669258 0.163700 -0.023716
v -1.646492 0.158291 -0.015991
v -1.646492 -0.509323 -0.423502
v -1.646492 -0.535442 -0.386204
v -1.669258 0.126766 0.029032
v -1.669258 -0.540851 -0.378479
v -1.646492 0.132174 0.021307
v -1.646492 -0.509323 -0.423502
v -1.646492 0.158291 -0.015991
v -1.637063 0.145233 0.002658
v -1.637063 -0.522384 -0.404853
v -1.646492 0.132174 0.021307
v -1.646492 -0.535442 -0.386204
v -1.692026 0.132174 0.021307
v -1.701455 -0.522384 -0.404853
v -1.692026 -0.535442 -0.386204
v -1.701455 0.145233 0.002658
v -1.692026 -0.509326 -0.423502
v -1.692026 0.158291 -0.015991
v -1.610106 -0.523951 -0.389356
v -1.610106 0.107235 -0.007353
v -1.728160 -0.523951 -0.389356
v -1.728160 0.107235 -0.007353
v -1.610106 0.122829 -0.029624
v -1.610106 -0.508358 -0.411627
v -1.728160 0.122829 -0.029624
v -1.728160 -0.508358 -0.411627
v -1.787752 -0.622111 -0.363960
v -1.550516 -0.622111 -0.363960
v -1.564198 -0.601369 -0.377642
v -1.774070 -0.601369 -0.377642
v -1.564198 -0.642856 -0.377642
v -1.774070 -0.642856 -0.377642
v -1.698972 -0.514120 -0.435340
v -1.723886 -0.610922 -0.466848
v -1.711280 -0.531163 -0.411000
v -1.707886 -0.610922 -0.505476
v -1.707886 -0.610920 -0.428220
v -1.669258 -0.610922 -0.521477
v -1.698972 -0.548205 -0.386660
v -1.669258 -0.555265 -0.376578
v -1.669258 -0.610922 -0.412220
v -1.669258 -0.507060 -0.445423
v -1.639545 -0.514120 -0.435341
v -1.630631 -0.610922 -0.505476
v -1.614630 -0.610922 -0.466848
v -1.627237 -0.531163 -0.411000
v -1.630631 -0.610920 -0.428220
v -1.639545 -0.548205 -0.386660
v -1.669258 -0.555265 -0.376578
v -1.669258 -0.610922 -0.412220
v -1.669258 -0.555265 -0.376578
v -1.692026 -0.535442 -0.386204
v -1.698972 -0.548205 -0.386660
v -1.669258 -0.540851 -0.378479
v -1.711280 -0.531163 -0.411000
v -1.701455 -0.522384 -0.404853
v -1.692026 -0.509326 -0.423502
v -1.698972 -0.514120 -0.435340
v -1.669258 -0.503917 -0.431227
v -1.669258 -0.507060 -0.445423
v -1.639545 -0.514120 -0.435341
v -1.646492 -0.509323 -0.423502
v -1.627237 -0.531163 -0.411000
v -1.637063 -0.522384 -0.404853
v -1.646492 -0.535442 -0.386204
v -1.639545 -0.548205 -0.386660
v -1.669258 -0.555265 -0.376578
v -1.669258 -0.540851 -0.378479
v -1.774070 -0.601370 -0.544814
v -1.564198 -0.601369 -0.377642
v -1.564198 -0.601370 -0.544814
v -1.774070 -0.601369 -0.377642
vn 0.0005 0.8190 0.5738
vn -0.0000 0.8192 0.5736
vn -0.0000 0.8191 0.5736
vn 0.0003 0.8190 0.5737
vn 0.0006 0.8190 0.5739
vn 0.0004 0.8190 0.5738
vn 0.0007 0.8189 0.5740
vn 0.0003 0.8191 0.5737
vn 0.0005 -1.0000 0.0005
vn 0.0005 0.5505 -0.8348
vn -0.0000 0.5506 -0.8348
vn 0.0005 0.0005 -1.0000
vn 0.0005 -0.5505 -0.8348
vn 0.0006 -0.5505 -0.8348
vn 0.0004 -0.8190 -0.5738
vn 0.0006 -0.8190 -0.5738
vn 0.8348 -0.5505 0.0005
vn 1.0000 0.0005 0.0005
vn 0.8348 -0.5506 -0.0000
vn 0.8348 0.5506 -0.0000
vn 0.8348 0.5505 0.0005
vn -1.0000 0.0005 0.0005
vn -0.8348 0.5506 -0.0000
vn -0.8348 0.5505 0.0005
vn -0.8348 -0.5505 0.0007
vn -0.8348 -0.5505 0.0005
vn -0.8038 -0.3103 0.5076
vn 0.0005 -0.5213 0.8534
vn -0.8078 -0.3074 0.5029
vn 0.0004 -0.5212 0.8534
vn -0.8038 0.3103 -0.5076
vn 0.0004 0.5212 -0.8534
vn -0.8079 0.3074 -0.5029
vn 0.0005 0.5212 -0.8534
vn 0.0006 0.5213 -0.8534
vn 0.8038 0.3103 -0.5077
vn 0.8078 0.3074 -0.5029
vn 0.8038 -0.3103 0.5076
vn 0.0005 -0.5212 0.8534
vn 0.0006 -0.5213 0.8534
vn 0.8079 -0.3074 0.5029
vn 0.8079 0.3074 -0.5028
vn 0.8038 0.3103 -0.5076
vn 1.0000 0.0034 -0.0063
vn 1.0000 -0.0034 0.0063
vn 0.8079 -0.3074 0.5028
vn 0.8038 -0.3103 0.5075
vn -0.8079 -0.3074 0.5028
vn -1.0000 -0.0034 0.0063
vn -0.8038 -0.3102 0.5076
vn -1.0000 0.0034 -0.0063
vn -0.8079 0.3074 -0.5028
vn -0.8038 0.3102 -0.5076
vn 0.0004 -0.5175 0.8557
vn -0.0000 -0.5178 0.8555
vn 0.0005 0.5175 -0.8557
vn 0.0003 0.5176 -0.8556
vn -0.0000 0.5178 -0.8555
vn 0.0007 0.5175 -0.8557
vn 0.0005 0.0005 1.0000
vn 0.0005 0.5505 0.8348
vn 0.0005 -0.5505 0.8348
vn -0.6982 0.4656 -0.5438
vn -0.9866 0.1598 -0.0318
vn -0.9931 0.1021 0.0582
vn -0.7803 0.4207 -0.4628
vn -0.8612 -0.1920 0.4705
vn 0.0005 0.5993 -0.8005
vn -0.7097 -0.3219 0.6267
vn 0.0005 -0.5261 0.8504
vn 0.6982 0.4656 -0.5438
vn 0.7803 0.4207 -0.4627
vn 0.9866 0.1598 -0.0318
vn 0.9931 0.1021 0.0581
vn 0.8612 -0.1920 0.4705
vn 0.7097 -0.3219 0.6267
vn 0.0006 -0.5261 0.8504
vn 0.0005 0.1305 0.9915
vn -0.4100 0.1911 0.8918
vn -0.6704 0.3413 0.6589
vn -0.7374 0.5535 0.3872
vn -0.7371 0.5536 0.3876
vn -0.4100 0.9034 -0.1256
vn -0.6709 0.7354 0.0953
vn 0.0003 0.9763 -0.2163
vn 0.0007 0.9763 -0.2164
vn 0.6709 0.7354 0.0952
vn 0.4100 0.9034 -0.1255
vn 0.7374 0.5535 0.3872
vn 0.7371 0.5536 0.3876
vn 0.4100 0.1911 0.8918
vn 0.6704 0.3413 0.6589
vn 0.0006 0.1304 0.9915
vn 0.0005 0.1305 0.9914
vn 0.0005 1.0000 0.0005
vt 0.625000 0.500000
vt 0.875000 0.500000
vt 0.750000 0.500000
vt 0.500000 0.500000
vt 0.000000 0.500000
vt 0.125000 0.500000
vt 0.375000 0.500000
vt 0.250000 0.500000
vt 0.375000 0.250000
vt 0.625000 0.250000
vt 0.625000 1.000000
vt 0.375000 0.750000
vt 0.625000 0.750000
vt 0.375000 1.000000
vt 0.875000 0.625000
vt 0.625000 0.625000
vt 0.875000 0.750000
vt 0.625000 0.000000
vt 0.375000 0.125000
vt 0.375000 0.000000
vt 0.625000 0.125000
vt 0.375000 0.625000
vt 0.125000 0.950000
vt 0.000000 0.950000
vt 0.500000 0.950000
vt 0.375000 0.950000
vt 0.625000 0.950000
vt 0.875000 0.950000
vt 1.000000 0.500000
vt 1.000000 0.950000
vt 0.750000 0.950000
vt 0.250000 0.950000
vt 0.125000 0.750000
vt 0.125000 0.625000
s 1
f 98/27/54 99/28/55 100/29/56
f 101/30/57 99/28/55 98/27/54
f 99/28/55 101/30/57 102/31/58
f 101/30/57 103/32/59 102/31/58
f 103/32/59 101/30/57 104/33/60
f 103/32/59 104/33/60 105/34/56
f 106/27/57 107/35/59 108/36/61
f 107/35/59 106/27/57 109/33/61
f 110/37/62 111/38/62 112/39/62
f 111/38/62 110/37/62 113/40/62
f 114/27/63 115/28/64 116/41/65
f 114/27/63 116/41/65 117/42/65
f 118/43/66 117/42/65 116/41/65
f 117/42/65 118/43/66 119/39/67
f 120/37/68 121/38/68 122/39/68
f 121/38/68 120/37/68 123/40/69
f 124/44/70 125/45/71 126/46/72
f 125/45/71 124/44/70 127/47/71
f 127/47/71 128/35/73 125/45/71
f 128/35/73 127/47/71 129/36/74
f 130/42/75 131/33/76 132/27/77
f 130/42/75 133/48/75 131/33/76
f 134/39/78 133/48/75 130/42/75
f 133/48/75 134/39/78 135/38/79
f 136/35/71 137/44/71 138/36/71
f 137/44/71 136/35/71 139/46/71
f 140/27/75 141/39/75 142/33/75
f 142/33/75 141/39/75 143/38/75
f 144/49/80 145/31/81 146/32/82
f 145/31/81 144/49/80 147/50/83
f 148/33/84 149/51/85 150/52/86
f 149/51/85 148/33/84 151/30/85
f 152/51/87 153/30/88 154/27/89
f 154/27/89 155/53/90 152/51/87
f 156/54/91 157/55/92 158/56/93
f 157/55/92 156/54/91 159/28/94
f 160/53/95 161/27/96 162/29/97
f 162/29/97 163/57/98 160/53/95
f 163/57/98 162/29/97 164/28/99
f 164/28/99 165/54/100 163/57/98
f 166/32/101 167/58/102 168/49/103
f 167/58/102 166/32/101 169/34/104
f 169/34/104 170/52/105 167/58/102
f 170/52/105 169/34/104 171/33/106
f 172/59/107 173/32/108 174/38/108
f 174/38/108 173/32/108 175/33/107
f 176/28/109 177/43/110 178/27/111
f 178/27/111 177/43/110 179/39/112
f 180/48/113 181/60/113 182/32/114
f 180/48/113 182/32/114 183/33/114
f 180/48/113 184/59/115 181/60/113
f 184/59/115 180/48/113 185/38/115
f 186/52/116 187/58/117 188/58/118
f 187/58/117 186/52/116 189/52/119
f 190/49/120 188/58/118 187/58/117
f 186/52/116 191/51/121 189/52/119
f 188/58/118 190/49/120 192/49/122
f 190/49/120 193/50/123 192/49/122
f 190/49/120 194/50/123 193/50/123
f 195/51/121 191/51/121 186/52/116
f 196/53/124 191/51/121 195/51/121
f 191/51/121 196/53/124 197/53/125
f 197/53/125 196/53/124 198/57/126
f 198/57/126 196/53/124 199/57/127
f 198/57/126 199/57/127 200/54/128
f 200/54/128 199/57/127 201/54/129
f 202/56/123 200/54/128 201/54/129
f 200/54/128 202/56/123 203/56/130
f 204/50/131 205/49/132 206/49/133
f 205/49/132 204/50/131 207/50/131
f 205/49/132 208/58/134 206/49/133
f 205/49/132 209/58/135 208/58/134
f 210/52/136 208/58/134 209/58/135
f 208/58/134 210/52/136 211/52/137
f 212/51/138 211/52/137 210/52/136
f 211/52/137 212/51/138 213/51/139
f 214/53/140 213/51/139 212/51/138
f 214/53/140 212/51/138 215/53/141
f 215/53/141 216/57/142 214/53/140
f 216/57/142 215/53/141 217/57/143
f 218/54/144 216/57/142 217/57/143
f 216/57/142 218/54/144 219/54/145
f 220/56/146 219/54/145 218/54/144
f 220/56/146 218/54/144 221/56/147
f 222/27/148 223/35/148 224/36/148
f 223/35/148 222/27/148 225/33/148
o Cube_005_Cube_069_121294691542287.001
v -1.692988 0.155050 -0.001305
v -1.692988 0.128933 -0.038603
v -1.702417 0.141992 -0.019954
v -1.670222 0.160459 0.006420
v -1.670222 0.123525 -0.046328
v -1.647454 0.128933 -0.038603
v -1.647454 0.155050 -0.001305
v -1.638025 0.141992 -0.019954
v -1.611320 0.119588 0.012328
v -1.729374 0.103994 -0.009943
v -1.729374 0.119588 0.012328
v -1.611320 0.103994 -0.009943
v -1.775282 -0.646097 0.527518
v -1.565410 -0.646097 0.360346
v -1.565410 -0.646097 0.527518
v -1.775282 -0.646097 0.360346
v -1.565410 -0.604610 0.527518
v -1.775282 -0.604610 0.527518
v -1.788964 -0.625354 0.541200
v -1.551728 -0.625354 0.541200
v -1.775282 -0.646097 0.527518
v -1.565410 -0.646097 0.527518
v -1.729374 -0.511598 0.394331
v -1.611320 -0.527192 0.372060
v -1.611320 -0.511598 0.394331
v -1.729374 -0.527192 0.372060
v -1.775282 -0.646097 0.527518
v -1.788964 -0.625352 0.346664
v -1.775282 -0.646097 0.360346
v -1.788964 -0.625354 0.541200
v -1.775282 -0.604610 0.360346
v -1.775282 -0.604610 0.527518
v -1.551728 -0.625354 0.541200
v -1.565410 -0.604610 0.360346
v -1.565410 -0.604610 0.527518
v -1.551728 -0.625352 0.346664
v -1.565410 -0.646097 0.527518
v -1.565410 -0.646097 0.360346
v -1.729374 0.103994 -0.009943
v -1.729374 -0.511598 0.394331
v -1.729374 0.119588 0.012328
v -1.729374 -0.527192 0.372060
v -1.611320 0.119588 0.012328
v -1.611320 -0.511598 0.394331
v -1.611320 0.103994 -0.009943
v -1.611320 -0.527192 0.372060
v -1.647454 -0.538682 0.368908
v -1.670222 0.123525 -0.046328
v -1.647454 0.128933 -0.038603
v -1.670222 -0.544091 0.361183
v -1.647454 0.155050 -0.001305
v -1.670222 -0.507157 0.413931
v -1.647454 -0.512566 0.406206
v -1.670222 0.160459 0.006420
v -1.670222 -0.507157 0.413931
v -1.670222 0.160459 0.006420
v -1.692988 0.155050 -0.001305
v -1.692988 -0.512564 0.406206
v -1.692988 -0.538682 0.368908
v -1.670222 0.123525 -0.046328
v -1.670222 -0.544091 0.361183
v -1.692988 0.128933 -0.038603
v -1.692988 -0.512564 0.406206
v -1.692988 0.155050 -0.001305
v -1.702417 0.141992 -0.019954
v -1.702417 -0.525624 0.387557
v -1.692988 0.128933 -0.038603
v -1.692988 -0.538682 0.368908
v -1.647454 0.128933 -0.038603
v -1.638025 -0.525624 0.387557
v -1.647454 -0.538682 0.368908
v -1.638025 0.141992 -0.019954
v -1.647454 -0.512566 0.406206
v -1.647454 0.155050 -0.001305
v -1.729374 -0.527192 0.372060
v -1.729374 0.103994 -0.009943
v -1.611320 -0.527192 0.372060
v -1.611320 0.103994 -0.009943
v -1.729374 0.119588 0.012328
v -1.729374 -0.511598 0.394331
v -1.611320 0.119588 0.012328
v -1.611320 -0.511598 0.394331
v -1.551728 -0.625352 0.346664
v -1.788964 -0.625352 0.346664
v -1.775282 -0.604610 0.360346
v -1.565410 -0.604610 0.360346
v -1.775282 -0.646097 0.360346
v -1.565410 -0.646097 0.360346
v -1.640508 -0.517360 0.418044
v -1.615594 -0.614161 0.449552
v -1.628200 -0.534403 0.393704
v -1.631594 -0.614161 0.488180
v -1.631594 -0.614161 0.410924
v -1.670222 -0.614161 0.504181
v -1.640508 -0.551446 0.369364
v -1.670222 -0.558506 0.359282
v -1.670222 -0.614162 0.394924
v -1.670222 -0.510300 0.428127
v -1.699935 -0.517360 0.418045
v -1.708849 -0.614161 0.488180
v -1.724850 -0.614161 0.449552
v -1.712243 -0.534403 0.393704
v -1.708849 -0.614161 0.410924
v -1.699935 -0.551446 0.369364
v -1.670222 -0.558506 0.359282
v -1.670222 -0.614162 0.394924
v -1.670222 -0.558506 0.359282
v -1.647454 -0.538682 0.368908
v -1.640508 -0.551446 0.369364
v -1.670222 -0.544091 0.361183
v -1.628200 -0.534403 0.393704
v -1.638025 -0.525624 0.387557
v -1.647454 -0.512566 0.406206
v -1.640508 -0.517360 0.418044
v -1.670222 -0.507157 0.413931
v -1.670222 -0.510300 0.428127
v -1.699935 -0.517360 0.418045
v -1.692988 -0.512564 0.406206
v -1.712243 -0.534403 0.393704
v -1.702417 -0.525624 0.387557
v -1.692988 -0.538682 0.368908
v -1.699935 -0.551446 0.369364
v -1.670222 -0.558506 0.359282
v -1.670222 -0.544091 0.361183
v -1.565410 -0.604610 0.527518
v -1.775282 -0.604610 0.360346
v -1.775282 -0.604610 0.527518
v -1.565410 -0.604610 0.360346
vn -0.0006 0.8190 -0.5739
vn -0.0000 0.8192 -0.5736
vn -0.0004 0.8190 -0.5738
vn -0.0007 0.8189 -0.5739
vn -0.0003 0.8190 -0.5737
vn -0.0007 0.8189 -0.5740
vn -0.0000 0.8191 -0.5736
vn -0.0006 0.8190 -0.5738
vn -0.0003 0.8191 -0.5737
vn -0.0005 -1.0000 -0.0005
vn -0.0005 0.5505 0.8348
vn -0.0000 0.5506 0.8348
vn -0.0005 0.0005 1.0000
vn -0.0007 -0.5505 0.8348
vn -0.0006 -0.5505 0.8348
vn -0.0004 -0.8190 0.5738
vn -0.0006 -0.8190 0.5739
vn -0.8348 -0.5505 -0.0005
vn -1.0000 0.0005 -0.0005
vn -0.8348 -0.5506 -0.0000
vn -0.8348 0.5506 -0.0000
vn -0.8348 0.5505 -0.0005
vn 1.0000 0.0005 -0.0005
vn 0.8348 0.5506 -0.0000
vn 0.8348 0.5505 -0.0005
vn 0.8348 -0.5505 -0.0005
vn 0.8348 -0.5505 -0.0006
vn 0.8038 -0.3103 -0.5076
vn -0.0005 -0.5213 -0.8534
vn 0.8078 -0.3074 -0.5029
vn -0.0004 -0.5212 -0.8534
vn 0.8038 0.3103 0.5076
vn -0.0004 0.5212 0.8534
vn 0.8079 0.3074 0.5029
vn -0.0005 0.5212 0.8534
vn -0.0006 0.5213 0.8534
vn -0.8038 0.3103 0.5077
vn -0.8078 0.3074 0.5029
vn -0.8038 -0.3103 -0.5077
vn -0.0005 -0.5212 -0.8534
vn -0.0006 -0.5213 -0.8534
vn -0.8079 -0.3074 -0.5029
vn -0.8079 0.3074 0.5028
vn -0.8038 0.3103 0.5076
vn -1.0000 0.0034 0.0063
vn -1.0000 -0.0034 -0.0063
vn -0.8079 -0.3074 -0.5028
vn -0.8038 -0.3103 -0.5076
vn 0.8079 -0.3074 -0.5028
vn 1.0000 -0.0034 -0.0063
vn 0.8038 -0.3102 -0.5076
vn 1.0000 0.0034 0.0063
vn 0.8079 0.3074 0.5028
vn 0.8038 0.3102 0.5076
vn -0.0000 -0.5178 -0.8555
vn -0.0000 0.5178 0.8555
vn -0.0004 0.5175 0.8557
vn -0.0005 0.5175 0.8557
vn -0.0005 0.0005 -1.0000
vn -0.0006 0.5505 -0.8348
vn -0.0005 0.5505 -0.8348
vn -0.0005 -0.5505 -0.8348
vn -0.0006 -0.5505 -0.8348
vn 0.6982 0.4656 0.5438
vn 0.9866 0.1598 0.0318
vn 0.9931 0.1021 -0.0582
vn 0.7803 0.4207 0.4627
vn 0.8612 -0.1920 -0.4705
vn -0.0005 0.5993 0.8005
vn 0.7097 -0.3219 -0.6267
vn -0.0005 -0.5261 -0.8504
vn -0.6982 0.4656 0.5438
vn -0.7803 0.4207 0.4627
vn -0.9866 0.1598 0.0318
vn -0.9931 0.1021 -0.0581
vn -0.8612 -0.1920 -0.4705
vn -0.7097 -0.3219 -0.6267
vn -0.0006 -0.5261 -0.8504
vn -0.0005 0.1305 -0.9914
vn 0.4100 0.1911 -0.8918
vn 0.6704 0.3412 -0.6588
vn -0.0005 0.1305 -0.9915
vn 0.7373 0.5535 -0.3873
vn 0.4100 0.9034 0.1256
vn 0.6709 0.7354 -0.0953
vn -0.0005 0.9763 0.2164
vn -0.0006 0.9763 0.2164
vn -0.6709 0.7354 -0.0952
vn -0.4100 0.9034 0.1255
vn -0.7374 0.5535 -0.3872
vn -0.7371 0.5536 -0.3876
vn -0.4100 0.1911 -0.8918
vn -0.6704 0.3413 -0.6589
vn -0.0005 0.1304 -0.9915
vn -0.0005 1.0000 -0.0005
vt 0.625000 0.500000
vt 0.875000 0.500000
vt 0.750000 0.500000
vt 0.500000 0.500000
vt 0.000000 0.500000
vt 0.125000 0.500000
vt 0.375000 0.500000
vt 0.250000 0.500000
vt 0.375000 0.250000
vt 0.625000 0.250000
vt 0.625000 1.000000
vt 0.375000 0.750000
vt 0.625000 0.750000
vt 0.375000 1.000000
vt 0.875000 0.625000
vt 0.625000 0.625000
vt 0.875000 0.750000
vt 0.625000 0.000000
vt 0.375000 0.125000
vt 0.375000 0.000000
vt 0.625000 0.125000
vt 0.375000 0.625000
vt 0.125000 0.950000
vt 0.000000 0.950000
vt 0.500000 0.950000
vt 0.375000 0.950000
vt 0.625000 0.950000
vt 0.875000 0.950000
vt 1.000000 0.500000
vt 1.000000 0.950000
vt 0.750000 0.950000
vt 0.250000 0.950000
vt 0.125000 0.750000
vt 0.125000 0.625000
s 1
f 226/61/149 227/62/150 228/63/151
f 229/64/151 227/62/150 226/61/149
f 227/62/150 229/64/151 230/65/152
f 229/64/151 231/66/153 230/65/152
f 231/66/153 229/64/151 232/67/154
f 231/66/153 232/67/154 233/68/155
f 234/61/151 235/69/151 236/70/156
f 235/69/151 234/61/151 237/67/157
f 238/71/158 239/72/158 240/73/158
f 239/72/158 238/71/158 241/74/158
f 242/61/159 243/62/160 244/75/161
f 242/61/159 244/75/161 245/76/161
f 246/77/162 245/76/161 244/75/161
f 245/76/161 246/77/162 247/73/163
f 248/71/164 249/72/164 250/73/164
f 249/72/164 248/71/164 251/74/165
f 252/78/166 253/79/167 254/80/168
f 253/79/167 252/78/166 255/81/167
f 255/81/167 256/69/169 253/79/167
f 256/69/169 255/81/167 257/70/170
f 258/76/171 259/67/172 260/61/173
f 258/76/171 261/82/171 259/67/172
f 262/73/174 261/82/171 258/76/171
f 261/82/171 262/73/174 263/72/175
f 264/69/167 265/78/167 266/70/167
f 265/78/167 264/69/167 267/80/167
f 268/61/171 269/73/171 270/67/171
f 270/67/171 269/73/171 271/72/171
f 272/83/176 273/65/177 274/66/178
f 273/65/177 272/83/176 275/84/179
f 276/67/180 277/85/181 278/86/182
f 277/85/181 276/67/180 279/64/181
f 280/85/183 281/64/184 282/61/185
f 282/61/185 283/87/186 280/85/183
f 284/88/187 285/89/188 286/90/189
f 285/89/188 284/88/187 287/62/190
f 288/87/191 289/61/192 290/63/193
f 290/63/193 291/91/194 288/87/191
f 291/91/194 290/63/193 292/62/195
f 292/62/195 293/88/196 291/91/194
f 294/66/197 295/92/198 296/83/199
f 295/92/198 294/66/197 297/68/200
f 297/68/200 298/86/201 295/92/198
f 298/86/201 297/68/200 299/67/202
f 300/93/203 301/66/203 302/72/203
f 302/72/203 301/66/203 303/67/203
f 304/62/204 305/77/205 306/61/205
f 306/61/205 305/77/205 307/73/206
f 308/82/207 309/94/207 310/66/208
f 308/82/207 310/66/208 311/67/209
f 308/82/207 312/93/210 309/94/207
f 312/93/210 308/82/207 313/72/211
f 314/86/212 315/92/213 316/92/214
f 315/92/213 314/86/212 317/86/215
f 318/83/216 316/92/214 315/92/213
f 314/86/212 319/85/217 317/86/215
f 316/92/214 318/83/216 320/83/218
f 318/83/216 321/84/219 320/83/218
f 318/83/216 322/84/219 321/84/219
f 323/85/217 319/85/217 314/86/212
f 324/87/220 319/85/217 323/85/217
f 319/85/217 324/87/220 325/87/221
f 325/87/221 324/87/220 326/91/222
f 326/91/222 324/87/220 327/91/223
f 326/91/222 327/91/223 328/88/224
f 328/88/224 327/91/223 329/88/225
f 330/90/226 328/88/224 329/88/225
f 328/88/224 330/90/226 331/90/226
f 332/84/227 333/83/228 334/83/229
f 333/83/228 332/84/227 335/84/230
f 333/83/228 336/92/231 334/83/229
f 333/83/228 337/92/231 336/92/231
f 338/86/232 336/92/231 337/92/231
f 336/92/231 338/86/232 339/86/233
f 340/85/234 339/86/233 338/86/232
f 339/86/233 340/85/234 341/85/235
f 342/87/236 341/85/235 340/85/234
f 342/87/236 340/85/234 343/87/237
f 343/87/237 344/91/238 342/87/236
f 344/91/238 343/87/237 345/91/239
f 346/88/240 344/91/238 345/91/239
f 344/91/238 346/88/240 347/88/241
f 348/90/242 347/88/241 346/88/240
f 348/90/242 346/88/240 349/90/227
f 350/61/243 351/69/243 352/70/243
f 351/69/243 350/61/243 353/67/243
o Cube_006_Cube_070_85918211090205
v -3.274536 0.263028 -0.000000
v -3.156718 0.375028 0.144000
v -3.274536 0.375028 -0.000000
v -3.156718 0.263028 0.144000
v -3.156718 0.375028 -0.144000
v -3.156718 0.263028 -0.144000
v -3.337444 0.398228 -0.144000
v -3.337444 0.239828 -0.144000
v -3.458118 0.239828 0.000000
v -3.458118 0.398228 -0.000000
v -3.458118 0.398228 -0.000000
v -3.458118 0.239828 0.000000
v -3.337444 0.239828 0.144000
v -3.337444 0.398228 0.144000
v 1.753160 0.176200 0.000000
v 1.727886 0.076484 0.100421
v 1.727886 0.076484 0.000000
v 1.753160 0.176200 0.127014
v 1.727886 0.076484 -0.100421
v 1.753160 0.176200 0.000000
v 1.753160 0.176200 -0.127014
v 1.753160 0.176200 -0.127014
v 1.805464 0.321906 -0.000000
v 1.753160 0.176200 0.000000
v 1.805464 0.321906 -0.129988
v 1.805464 0.321906 -0.000000
v 1.753160 0.176200 0.127014
v 1.805464 0.321906 0.129988
v 1.789374 0.411967 -0.094332
v 1.805464 0.321906 -0.000000
v 1.805464 0.321906 -0.129988
v 1.789374 0.411967 -0.000000
v 1.789374 0.411967 0.094332
v 1.805464 0.321906 -0.000000
v 1.805464 0.321906 0.129988
v 1.727886 0.076484 0.000000
v 1.731367 -0.023232 0.086828
v 1.731367 -0.023232 0.000000
v 1.727886 0.076484 0.100421
v 1.731367 -0.023232 -0.086828
v 1.727886 0.076484 0.000000
v 1.727886 0.076484 -0.100421
v 1.731367 -0.023232 0.000000
v 1.754008 -0.092510 0.084746
v 1.754008 -0.092510 0.000000
v 1.731367 -0.023232 0.086828
v 1.754008 -0.092510 -0.084746
v 1.731367 -0.023232 0.000000
v 1.731367 -0.023232 -0.086828
v -2.000451 0.411056 -0.062984
v -2.000451 0.411056 0.062208
v -2.000451 0.458328 0.029270
v -2.000451 0.442693 0.067675
v -2.000451 0.458328 -0.030046
v -2.000451 0.442693 -0.068452
v 1.730307 -0.175834 -0.084261
v 1.754008 -0.092510 0.000000
v 1.730307 -0.175834 0.000000
v 1.754008 -0.092510 -0.084746
v 1.730307 -0.175834 0.084261
v 1.754008 -0.092510 0.084746
v 1.653637 -0.196129 -0.083777
v 1.730307 -0.175834 -0.084261
v 1.653637 -0.196129 0.000000
v 1.585464 -0.200670 -0.083777
v 1.585464 -0.200670 0.000000
v 1.653637 -0.196129 0.083777
v 1.730307 -0.175834 0.084261
v 1.585464 -0.200670 0.083777
v -1.869729 0.188831 -0.053758
v -1.869729 0.107169 0.000000
v -1.869729 0.208025 0.000000
v -1.869729 0.135169 -0.084000
v -1.869729 0.231500 -0.053842
v -1.869729 0.188831 0.053758
v -1.869729 0.231500 0.053842
v -1.869729 0.135169 0.084000
v -1.519729 0.188831 -0.053758
v -1.519729 0.107169 0.000000
v -1.519729 0.208025 0.000000
v -1.519729 0.135169 -0.084000
v -1.519729 0.231500 -0.053842
v -1.519729 0.188831 0.053758
v -1.519729 0.231500 0.053842
v -1.519729 0.135169 0.084000
v 0.827300 0.810647 0.044617
v 0.827300 0.869351 0.044617
v 0.827300 0.869351 0.060457
v 0.827300 0.810647 0.060457
v 0.827300 0.810647 -0.060458
v 0.827300 0.869351 -0.060458
v 0.827300 0.869351 -0.044617
v 0.827300 0.810647 -0.044617
v 1.728098 0.449341 -0.000000
v 1.789374 0.411967 0.094332
v 1.789374 0.411967 -0.000000
v 1.789374 0.411967 -0.094332
v -1.079237 0.869351 -0.060457
v -1.079237 0.810647 -0.060457
v -1.079237 0.810647 -0.044617
v -1.079237 0.869351 -0.044617
v -1.079237 0.869351 0.044617
v -1.079237 0.810647 0.044617
v -1.079237 0.810647 0.060458
v -1.079237 0.869351 0.060458
v 0.449120 0.411056 0.062208
v 0.449120 0.458328 0.029270
v 0.449120 0.442693 0.067675
v 0.449120 0.411056 -0.062984
v 0.449120 0.458328 -0.030046
v 0.449120 0.442693 -0.068452
v 0.276110 0.743471 -0.100100
v 0.276110 0.640511 0.100100
v 0.276110 0.640511 -0.100100
v 0.276110 0.743471 0.100100
v 0.276110 0.800671 0.030030
v 0.276110 0.743471 -0.100100
v 0.276110 0.800671 -0.030030
v 0.276110 0.743471 0.100100
v 0.276110 0.629071 -0.100100
v 0.276110 0.629071 0.100100
v 0.276110 0.586171 -0.100100
v 0.276110 0.586171 0.100100
v 0.276110 0.552804 -0.066733
v 0.276110 0.552804 0.066733
v 0.276110 0.586171 -0.100100
v 0.276110 0.552804 0.066733
v 0.276110 0.519438 -0.066733
v 0.276110 0.519438 0.066733
v 0.276110 0.486071 -0.100100
v 0.276110 0.486071 0.100100
v 0.276110 0.519438 -0.066733
v 0.276110 0.486071 -0.100100
v 0.276110 0.486071 0.100100
v 0.276110 0.403062 -0.083289
v 0.276110 0.403062 0.083289
v -1.519729 0.135169 -0.084000
v -1.435729 0.135169 -0.084000
v -1.435729 0.107169 0.000000
v -1.519729 0.107169 0.000000
v -1.435729 0.135169 0.084000
v -1.519729 0.135169 0.084000
v -1.869729 0.135169 -0.084000
v -1.785729 0.135169 -0.084000
v -1.785729 0.107169 0.000000
v -1.869729 0.107169 0.000000
v -1.785729 0.135169 0.084000
v -1.869729 0.135169 0.084000
v 0.153588 0.745966 0.097044
v 0.153588 0.745966 -0.097044
v 0.153588 0.783146 -0.051553
v 0.153588 0.783146 0.051553
v 0.276110 0.629071 0.100100
v 0.276110 0.629071 -0.100100
v 0.267942 0.634791 -0.090090
v 0.267942 0.634791 0.090090
v 0.018614 0.796457 0.095886
v 0.061514 0.700571 -0.095886
v 0.018614 0.796457 -0.095886
v 0.061514 0.700571 0.095886
v 0.061514 0.636962 -0.095886
v 0.061514 0.636962 0.095886
v -3.163811 0.239828 0.000000
v -3.124107 0.239828 -0.144000
v -3.088225 0.239828 -0.090196
v -3.337444 0.239828 -0.144000
v -3.458118 0.239828 0.000000
v -3.337444 0.239828 0.144000
v -3.124107 0.239828 0.144000
v -3.088225 0.239828 0.090196
v -0.116655 0.901310 -0.053683
v -0.009288 0.901310 -0.053683
v -0.062972 0.901310 -0.075920
v 0.012948 0.901310 -0.000000
v -0.138891 0.901310 -0.000000
v -0.116655 0.901310 0.053683
v -0.009288 0.901310 0.053683
v -0.062972 0.901310 0.075920
v 0.276110 0.640511 -0.100100
v 0.267942 0.634791 0.090090
v 0.267942 0.634791 -0.090090
v 0.276110 0.640511 0.100100
v -0.021677 0.838390 0.041295
v -0.062972 0.838390 0.058400
v -0.062972 0.830722 0.071377
v -0.012500 0.830722 0.050471
v -0.004572 0.838390 -0.000000
v 0.008406 0.830722 -0.000000
v -0.021677 0.838390 -0.041295
v -0.012500 0.830721 -0.050472
v -0.062972 0.830721 -0.071378
v -0.062972 0.838390 -0.058400
v -0.113443 0.830722 -0.050472
v -0.104267 0.838390 -0.041295
v -0.134349 0.830722 -0.000000
v -0.121371 0.838390 -0.000000
v -0.104267 0.838390 0.041295
v -0.113443 0.830722 0.050471
v -0.062972 0.838390 0.058400
v -0.062972 0.830722 0.071377
v -0.113443 0.751043 -0.130150
v -0.062972 0.771948 -0.058610
v -0.062972 0.771948 -0.130150
v -0.113443 0.751043 -0.058610
v -0.134349 0.700571 -0.130150
v -0.134349 0.700571 -0.058610
v -0.113443 0.650100 -0.130150
v -0.113443 0.650100 -0.058610
v -0.062972 0.629194 -0.130150
v -0.062972 0.629194 -0.058610
v -0.012500 0.650100 -0.130150
v -0.012500 0.650100 -0.058610
v 0.008406 0.700571 -0.130150
v 0.008406 0.700571 -0.058610
v -0.012500 0.751043 -0.130150
v -0.012500 0.751043 -0.058610
v -0.062972 0.771948 -0.130150
v -0.062972 0.771948 -0.058610
v -0.004572 0.862700 -0.000000
v -0.021677 0.838390 0.041295
v -0.004572 0.838390 -0.000000
v -0.021677 0.862700 0.041295
v -0.062972 0.838390 0.058400
v -0.062972 0.862700 0.058400
v -0.021677 0.862700 -0.041295
v -0.021677 0.838390 -0.041295
v -0.062972 0.862700 -0.058400
v -0.062972 0.838390 -0.058400
v -0.104267 0.862700 -0.041295
v -0.104267 0.838390 -0.041295
v -0.121371 0.862700 -0.000000
v -0.121371 0.838390 -0.000000
v -0.104267 0.862700 0.041295
v -0.104267 0.838390 0.041295
v -0.062972 0.862700 0.058400
v -0.062972 0.838390 0.058400
v -0.402053 0.800671 -0.030030
v -0.238690 0.800671 0.030030
v -0.238690 0.800671 -0.030030
v -0.402054 0.800671 0.030030
v 0.112747 0.800671 -0.030030
v 0.276110 0.800671 0.030030
v 0.276110 0.800671 -0.030030
v 0.112747 0.800671 0.030030
v 0.018614 0.796457 -0.095886
v -0.140881 0.796457 -0.095886
v -0.140881 0.796457 0.095886
v 0.018614 0.796457 0.095886
v -0.009288 0.646888 0.200739
v -0.138891 0.700571 0.200739
v -0.116655 0.646888 0.200739
v -0.062972 0.624651 0.200739
v 0.012948 0.700571 0.200739
v -0.009288 0.754254 0.200739
v -0.116655 0.754254 0.200739
v -0.062972 0.776491 0.200739
v -0.009288 0.754254 -0.200739
v -0.138891 0.700571 -0.200739
v -0.116655 0.754254 -0.200739
v -0.062972 0.776491 -0.200739
v 0.012948 0.700571 -0.200739
v -0.009288 0.646888 -0.200739
v -0.116655 0.646888 -0.200739
v -0.062972 0.624651 -0.200739
v -0.402053 0.403062 -0.083289
v -0.238690 0.403062 -0.083289
v -0.238690 0.403062 0.083289
v -0.402053 0.403062 0.083289
v 0.276110 0.403062 -0.083289
v 0.112747 0.403062 0.083289
v 0.112747 0.403062 -0.083289
v 0.276110 0.403062 0.083289
v 1.585464 -0.200670 -0.083777
v 1.727886 0.076484 -0.100421
v 1.731367 -0.023232 -0.086828
v 1.653637 -0.196129 -0.083777
v 1.754008 -0.092510 -0.084746
v 1.585464 0.321906 -0.129988
v 1.753160 0.176200 -0.127014
v 1.805464 0.321906 -0.129988
v 1.585464 -0.200670 0.083777
v 1.731367 -0.023232 0.086828
v 1.727886 0.076484 0.100421
v 1.653637 -0.196129 0.083777
v 1.754008 -0.092510 0.084746
v 1.585464 0.321906 0.129988
v 1.753160 0.176200 0.127014
v 1.805464 0.321906 0.129988
v -0.279531 0.783146 -0.051553
v -0.402053 0.800671 -0.030030
v -0.238690 0.800671 -0.030030
v -0.361213 0.783146 -0.051553
v -0.279531 0.783146 0.051553
v -0.402054 0.800671 0.030030
v -0.361213 0.783146 0.051553
v -0.238690 0.800671 0.030030
v -0.402053 0.743471 -0.100100
v -0.279531 0.745966 -0.097044
v -0.238690 0.743471 -0.100100
v -0.361213 0.745966 -0.097044
v -0.279531 0.745966 0.097044
v -0.402053 0.743471 0.100100
v -0.238690 0.743471 0.100100
v -0.361213 0.745966 0.097044
v 0.112747 0.800671 -0.030030
v 0.276110 0.800671 -0.030030
v 0.235269 0.783146 -0.051553
v 0.153588 0.783146 -0.051553
v 0.112747 0.743471 -0.100100
v 0.153588 0.783146 -0.051553
v 0.153588 0.745966 -0.097044
v 0.276110 0.743471 -0.100100
v 0.235269 0.745966 -0.097044
v 0.276110 0.800671 -0.030030
v 0.112747 0.743471 -0.100100
v 0.235269 0.745966 -0.097044
v 0.153588 0.783146 0.051553
v 0.276110 0.800671 0.030030
v 0.112747 0.800671 0.030030
v 0.235269 0.783146 0.051553
v 0.235269 0.783146 0.051553
v 0.276110 0.743471 0.100100
v 0.235269 0.745966 0.097044
v 0.112747 0.743471 0.100100
v 0.112747 0.800671 0.030030
v 0.153588 0.745966 0.097044
v 0.276110 0.743471 0.100100
v 0.153588 0.745966 0.097044
v -0.361213 0.783146 0.051553
v -0.402054 0.800671 0.030030
v -0.402053 0.743471 0.100100
v -0.361213 0.745966 0.097044
v -0.361213 0.745966 -0.097044
v -0.361213 0.745966 0.097044
v -0.279531 0.745966 -0.097044
v -0.279531 0.745966 0.097044
v 0.153588 0.745966 -0.097044
v 0.235269 0.745966 0.097044
v 0.235269 0.745966 -0.097044
v 0.153588 0.745966 0.097044
v -3.156718 0.263028 -0.144000
v -3.156718 0.375028 -0.144000
v -3.124107 0.398228 -0.144000
v -3.296717 0.375028 -0.144000
v -3.124107 0.239828 -0.144000
v -3.337444 0.398228 -0.144000
v -3.296717 0.263028 -0.144000
v -3.337444 0.239828 -0.144000
v -3.124107 0.239828 0.144000
v -3.296717 0.263028 0.144000
v -3.337444 0.239828 0.144000
v -3.337444 0.398228 0.144000
v -3.156718 0.263028 0.144000
v -3.296717 0.375028 0.144000
v -3.124107 0.398228 0.144000
v -3.156718 0.375028 0.144000
v -0.021677 0.659276 0.137819
v -0.062972 0.629194 0.130151
v -0.012500 0.650099 0.130151
v -0.062972 0.642171 0.137819
v 0.008406 0.700571 0.130150
v -0.004572 0.700571 0.137819
v -0.012500 0.751042 0.130150
v -0.021677 0.741866 0.137819
v -0.062972 0.771948 0.130150
v -0.062972 0.758971 0.137819
v -0.113443 0.751043 0.130150
v -0.104267 0.741866 0.137819
v -0.134349 0.700571 0.130150
v -0.121371 0.700571 0.137819
v -0.104267 0.659276 0.137819
v -0.113443 0.650099 0.130151
v -0.062972 0.642171 0.137819
v -0.062972 0.629194 0.130151
v -0.021677 0.741866 -0.137819
v -0.062972 0.771948 -0.130150
v -0.012500 0.751043 -0.130150
v -0.062972 0.758971 -0.137819
v 0.008406 0.700571 -0.130150
v -0.004572 0.700571 -0.137819
v -0.012500 0.650100 -0.130150
v -0.021677 0.659276 -0.137819
v -0.062972 0.629194 -0.130150
v -0.062972 0.642171 -0.137819
v -0.113443 0.650100 -0.130150
v -0.104267 0.659276 -0.137819
v -0.134349 0.700571 -0.130150
v -0.121371 0.700571 -0.137819
v -0.104267 0.741866 -0.137819
v -0.113443 0.751043 -0.130150
v -0.062972 0.758971 -0.137819
v -0.062972 0.771948 -0.130150
v -0.238690 0.403062 -0.083289
v -0.402053 0.486071 -0.100100
v -0.238690 0.486071 -0.100100
v -0.402053 0.403062 -0.083289
v -0.402053 0.403062 0.083289
v -0.238690 0.403062 0.083289
v -0.238690 0.486071 0.100100
v -0.402053 0.486071 0.100100
v 0.276110 0.403062 -0.083289
v 0.112747 0.403062 -0.083289
v 0.276110 0.486071 -0.100100
v 0.112747 0.486071 -0.100100
v 0.276110 0.403062 0.083289
v 0.112747 0.486071 0.100100
v 0.112747 0.403062 0.083289
v 0.276110 0.486071 0.100100
v -0.402053 0.640511 -0.100100
v -0.402053 0.640511 0.100100
v -0.402053 0.743471 -0.100100
v -0.402053 0.743471 0.100100
v -0.402054 0.800671 0.030030
v -0.402053 0.800671 -0.030030
v -0.402053 0.743471 0.100100
v -0.238690 0.743471 -0.100100
v -0.402053 0.640511 -0.100100
v -0.402053 0.743471 -0.100100
v -0.238690 0.640511 -0.100100
v -0.361213 0.783146 -0.051553
v -0.402053 0.800671 -0.030030
v -0.361213 0.745966 -0.097044
v -0.238690 0.800671 -0.030030
v -0.279531 0.783146 -0.051553
v -0.279531 0.745966 -0.097044
v -0.402053 0.586171 -0.100100
v -0.402053 0.629071 0.100100
v -0.402053 0.629071 -0.100100
v -0.402053 0.586171 0.100100
v -0.402053 0.552804 -0.066733
v -0.402053 0.552804 0.066733
v -0.402053 0.586171 -0.100100
v -0.402053 0.519438 -0.066733
v -0.402053 0.552804 0.066733
v -0.402053 0.519438 0.066733
v -0.402053 0.486071 -0.100100
v -0.402053 0.519438 -0.066733
v -0.402053 0.486071 0.100100
v -0.402053 0.403062 -0.083289
v -0.402053 0.486071 0.100100
v -0.402053 0.486071 -0.100100
v -0.402053 0.403062 0.083289
v -0.402053 0.640511 0.100100
v -0.238690 0.640511 0.100100
v -0.402053 0.743471 0.100100
v -0.238690 0.743471 0.100100
v -0.279531 0.783146 0.051553
v -0.279531 0.745966 0.097044
v -0.238690 0.800671 0.030030
v -0.238690 0.586171 -0.100100
v -0.402053 0.629071 -0.100100
v -0.238690 0.629071 -0.100100
v -0.402053 0.586171 -0.100100
v -0.402053 0.586171 0.100100
v -0.238690 0.586171 0.100100
v -0.238690 0.629071 0.100100
v -0.402053 0.629071 0.100100
v -0.402053 0.629071 -0.100100
v -0.402053 0.629071 0.100100
v -0.393885 0.634791 -0.090090
v -0.393885 0.634791 0.090090
v 0.276110 0.640511 0.100100
v 0.276110 0.743471 0.100100
v 0.112747 0.640511 0.100100
v 0.112747 0.743471 0.100100
v 0.112747 0.743471 -0.100100
v 0.276110 0.743471 -0.100100
v 0.276110 0.640511 -0.100100
v 0.112747 0.640511 -0.100100
v 0.276110 0.586171 -0.100100
v 0.112747 0.586171 -0.100100
v 0.276110 0.629071 -0.100100
v 0.112747 0.629071 -0.100100
v 0.276110 0.586171 0.100100
v 0.112747 0.629071 0.100100
v 0.112747 0.586171 0.100100
v 0.276110 0.629071 0.100100
v 0.061514 0.700571 -0.095886
v -0.140881 0.604685 -0.095886
v -0.173157 0.700571 -0.095886
v -0.173157 0.636962 -0.095886
v 0.029238 0.604685 -0.095886
v 0.061514 0.636962 -0.095886
v -0.140881 0.604685 0.095886
v 0.061514 0.700571 0.095886
v -0.173157 0.700571 0.095886
v -0.173157 0.636962 0.095886
v 0.029238 0.604685 0.095886
v 0.061514 0.636962 0.095886
v -0.140881 0.796457 -0.095886
v -0.173157 0.700571 -0.095886
v -0.173157 0.764180 -0.095886
v 0.018614 0.796457 -0.095886
v 0.061514 0.700571 -0.095886
v 0.018614 0.796457 0.095886
v -0.173157 0.700571 0.095886
v 0.061514 0.700571 0.095886
v -0.140881 0.796457 0.095886
v -0.173157 0.764180 0.095886
v 0.449120 0.411056 0.062208
v -2.000451 0.442693 0.067675
v -2.000451 0.411056 0.062208
v 0.449120 0.442693 0.067675
v 0.449120 0.411056 -0.062984
v -2.000451 0.411056 -0.062984
v 0.449120 0.442693 -0.068452
v -2.000451 0.442693 -0.068452
v -0.238690 0.629071 0.100100
v -0.393885 0.634791 0.090090
v -0.402053 0.629071 0.100100
v -0.246858 0.634791 0.090090
v -0.393885 0.634791 -0.090090
v -0.238690 0.629071 -0.100100
v -0.402053 0.629071 -0.100100
v -0.246858 0.634791 -0.090090
v 0.112747 0.629071 0.100100
v 0.276110 0.629071 0.100100
v 0.267942 0.634791 0.090090
v 0.120915 0.634791 0.090090
v 0.276110 0.629071 -0.100100
v 0.112747 0.629071 -0.100100
v 0.120915 0.634791 -0.090090
v 0.267942 0.634791 -0.090090
v -0.238690 0.486071 -0.100100
v -0.402053 0.486071 -0.100100
v -0.402053 0.519438 -0.066733
v -0.238690 0.519438 -0.066733
v -0.402053 0.552804 -0.066733
v -0.238690 0.552804 -0.066733
v -0.402053 0.586171 -0.100100
v -0.238690 0.586171 -0.100100
v -0.238690 0.519438 0.066733
v -0.402053 0.519438 0.066733
v -0.402053 0.486071 0.100100
v -0.238690 0.486071 0.100100
v -0.238690 0.552804 0.066733
v -0.402053 0.552804 0.066733
v -0.238690 0.586171 0.100100
v -0.402053 0.586171 0.100100
v 0.112747 0.486071 -0.100100
v 0.276110 0.519438 -0.066733
v 0.276110 0.486071 -0.100100
v 0.112747 0.519438 -0.066733
v 0.276110 0.552804 -0.066733
v 0.112747 0.552804 -0.066733
v 0.276110 0.586171 -0.100100
v 0.112747 0.586171 -0.100100
v 0.112747 0.486071 0.100100
v 0.276110 0.486071 0.100100
v 0.112747 0.519438 0.066733
v 0.276110 0.519438 0.066733
v 0.112747 0.552804 0.066733
v 0.276110 0.552804 0.066733
v 0.112747 0.586171 0.100100
v 0.276110 0.586171 0.100100
v 1.653637 -0.196129 -0.083777
v 1.754008 -0.092510 -0.084746
v 1.730307 -0.175834 -0.084261
v 1.754008 -0.092510 0.084746
v 1.653637 -0.196129 0.083777
v 1.730307 -0.175834 0.084261
v 0.774499 0.865061 -0.060458
v 0.827300 0.810647 -0.060458
v 0.774499 0.810647 -0.060458
v 0.827300 0.869351 -0.060458
v 0.816251 0.876101 -0.060458
v 0.774499 0.810647 0.060457
v 0.827300 0.810647 0.060457
v 0.774499 0.865061 0.060457
v 0.827300 0.869351 0.060457
v 0.816251 0.876101 0.060457
v -0.246858 0.634791 0.090090
v -0.238690 0.629071 -0.100100
v -0.246858 0.634791 -0.090090
v -0.238690 0.629071 0.100100
v -1.079237 0.869351 0.060458
v -1.026436 0.865061 0.060458
v -1.068189 0.876101 0.060458
v -1.079237 0.810647 0.060458
v -1.026436 0.810647 0.060458
v -1.079237 0.869351 -0.060457
v -1.026436 0.865061 -0.060457
v -1.079237 0.810647 -0.060457
v -1.026436 0.810647 -0.060457
v -1.068189 0.876101 -0.060457
v -0.238690 0.743471 0.100100
v -0.238690 0.640511 -0.100100
v -0.238690 0.743471 -0.100100
v -0.238690 0.640511 0.100100
v -0.238690 0.800671 -0.030030
v -0.238690 0.800671 0.030030
v -0.238690 0.743471 -0.100100
v -0.238690 0.586171 0.100100
v -0.238690 0.586171 -0.100100
v -0.238690 0.629071 -0.100100
v -0.238690 0.629071 0.100100
v -0.238690 0.552804 0.066733
v -0.238690 0.552804 -0.066733
v -0.238690 0.586171 0.100100
v -0.238690 0.552804 -0.066733
v -0.238690 0.519438 0.066733
v -0.238690 0.519438 -0.066733
v -0.238690 0.486071 0.100100
v -0.238690 0.486071 -0.100100
v -0.238690 0.519438 0.066733
v -0.238690 0.403062 0.083289
v -0.238690 0.403062 -0.083289
v -0.238690 0.486071 -0.100100
v -0.238690 0.486071 0.100100
v -0.173157 0.764180 -0.095886
v -0.140881 0.796457 0.095886
v -0.140881 0.796457 -0.095886
v -0.173157 0.764180 0.095886
v -0.402053 0.640511 0.100100
v -0.402053 0.640511 -0.100100
v -0.393885 0.634791 0.090090
v -0.393885 0.634791 -0.090090
v 0.061514 0.636962 -0.095886
v 0.029238 0.604685 0.095886
v 0.029238 0.604685 -0.095886
v 0.061514 0.636962 0.095886
v -0.140881 0.604685 -0.095886
v -0.140881 0.604685 0.095886
v 0.029238 0.604685 -0.095886
v 1.585464 0.321906 0.129988
v 1.805464 0.321906 0.129988
v 1.789374 0.411967 0.094332
v 1.585464 0.411967 0.094332
v 1.789374 0.411967 -0.094332
v 1.585464 0.321906 -0.129988
v 1.585464 0.411967 -0.094332
v 1.805464 0.321906 -0.129988
v -0.402053 0.640511 -0.100100
v -0.238690 0.640511 -0.100100
v -0.393885 0.634791 -0.090090
v -0.246858 0.634791 -0.090090
v -0.238690 0.640511 0.100100
v -0.393885 0.634791 0.090090
v -0.246858 0.634791 0.090090
v -0.402053 0.640511 0.100100
v 0.112747 0.640511 -0.100100
v 0.276110 0.640511 -0.100100
v 0.267942 0.634791 -0.090090
v 0.120915 0.634791 -0.090090
v 0.276110 0.640511 0.100100
v 0.120915 0.634791 0.090090
v 0.267942 0.634791 0.090090
v 0.112747 0.640511 0.100100
v -0.004572 0.700571 -0.162129
v -0.021677 0.741866 -0.162129
v -0.021677 0.741866 -0.137819
v -0.062972 0.758971 -0.137819
v -0.062972 0.758971 -0.162129
v -0.004572 0.700571 -0.137819
v -0.021677 0.659276 -0.162129
v -0.021677 0.659276 -0.137819
v -0.062972 0.642171 -0.162129
v -0.062972 0.642171 -0.137819
v -0.104267 0.659276 -0.162129
v -0.104267 0.659276 -0.137819
v -0.121371 0.700571 -0.162129
v -0.121371 0.700571 -0.137819
v -0.104267 0.741866 -0.162129
v -0.104267 0.741866 -0.137819
v -0.062972 0.758971 -0.162129
v -0.062972 0.758971 -0.137819
v -0.279531 0.745966 -0.097044
v -0.279531 0.745966 0.097044
v -0.279531 0.783146 -0.051553
v -0.279531 0.783146 0.051553
v -0.238690 0.640511 -0.100100
v -0.238690 0.640511 0.100100
v -0.246858 0.634791 -0.090090
v -0.246858 0.634791 0.090090
v 0.774499 0.810647 -0.044617
v 0.827300 0.810647 -0.044617
v 0.774499 0.865061 -0.044617
v 0.827300 0.869351 -0.044617
v 0.816251 0.876101 -0.044617
v 0.827300 0.869351 0.044617
v 0.774499 0.865061 0.044617
v 0.816251 0.876101 0.044617
v 0.774499 0.865061 0.044617
v 0.827300 0.869351 0.044617
v 0.827300 0.810647 0.044617
v 0.774499 0.810647 0.044617
v -1.079237 0.869351 0.044617
v -1.026436 0.865061 0.044617
v -1.079237 0.810647 0.044617
v -1.026436 0.810647 0.044617
v -1.068189 0.876101 0.044617
v -1.026436 0.865061 -0.044617
v -1.079237 0.810647 -0.044617
v -1.026436 0.810647 -0.044617
v -1.079237 0.869351 -0.044617
v -1.079237 0.869351 -0.044617
v -1.026436 0.865061 -0.044617
v -1.068189 0.876101 -0.044617
v -1.435729 0.231500 0.053842
v -1.519729 0.231500 0.053842
v -1.435729 0.188831 0.053758
v -1.519729 0.188831 0.053758
v -1.435729 0.135169 0.084000
v -1.519729 0.135169 0.084000
v -1.435729 0.231500 -0.053842
v -1.519729 0.188831 -0.053758
v -1.519729 0.231500 -0.053842
v -1.435729 0.188831 -0.053758
v -1.519729 0.135169 -0.084000
v -1.435729 0.135169 -0.084000
v -1.785729 0.231500 0.053842
v -1.869729 0.231500 0.053842
v -1.785729 0.188831 0.053758
v -1.869729 0.188831 0.053758
v -1.785729 0.135169 0.084000
v -1.869729 0.135169 0.084000
v -1.785729 0.231500 -0.053842
v -1.869729 0.188831 -0.053758
v -1.869729 0.231500 -0.053842
v -1.785729 0.188831 -0.053758
v -1.869729 0.135169 -0.084000
v -1.785729 0.135169 -0.084000
v -0.361213 0.745966 0.097044
v -0.361213 0.745966 -0.097044
v -0.361213 0.783146 0.051553
v -0.361213 0.783146 -0.051553
v -0.113443 0.759181 0.050472
v -0.062972 0.759181 0.071378
v -0.113443 0.830722 0.050471
v -0.062972 0.830722 0.071377
v -0.134349 0.759181 -0.000000
v -0.134349 0.830722 -0.000000
v -0.113443 0.759181 -0.050471
v -0.113443 0.830722 -0.050472
v -0.062972 0.830721 -0.071378
v -0.062972 0.759181 -0.071377
v -0.012500 0.830721 -0.050472
v -0.012500 0.759181 -0.050471
v 0.008406 0.759181 -0.000000
v 0.008406 0.830722 -0.000000
v -0.012500 0.830722 0.050471
v -0.012500 0.759181 0.050472
v -0.062972 0.830722 0.071377
v -0.062972 0.759181 0.071378
v -0.113443 0.650099 0.058610
v -0.062972 0.629193 0.058610
v -0.113443 0.650099 0.130151
v -0.062972 0.629194 0.130151
v -0.134349 0.700571 0.130150
v -0.134349 0.700571 0.058610
v -0.113443 0.751042 0.058610
v -0.113443 0.751043 0.130150
v -0.062972 0.771948 0.130150
v -0.062972 0.771948 0.058610
v -0.012500 0.751042 0.130150
v -0.012500 0.751042 0.058610
v 0.008406 0.700571 0.130150
v 0.008406 0.700571 0.058610
v -0.012500 0.650099 0.058610
v -0.012500 0.650099 0.130151
v -0.062972 0.629194 0.130151
v -0.062972 0.629193 0.058610
v -0.173157 0.636962 0.095886
v -0.173157 0.636962 -0.095886
v -0.140881 0.604685 -0.095886
v -0.140881 0.604685 0.095886
v -0.173157 0.636962 -0.095886
v -0.173157 0.636962 0.095886
v -0.173157 0.700571 -0.095886
v -0.173157 0.700571 0.095886
v -0.173157 0.764180 -0.095886
v -0.173157 0.764180 0.095886
v 0.449120 0.442693 -0.068452
v -2.000451 0.442693 -0.068452
v -2.000451 0.458328 -0.030046
v 0.449120 0.458328 -0.030046
v -2.000451 0.458328 0.029270
v 0.449120 0.458328 0.029270
v -2.000451 0.442693 0.067675
v 0.449120 0.442693 0.067675
v -0.009288 0.754254 0.162129
v -0.004572 0.700571 0.162129
v -0.021677 0.741866 0.162129
v 0.012948 0.700571 0.162129
v -0.062972 0.776491 0.162129
v -0.009288 0.646888 0.162129
v -0.062972 0.758971 0.162129
v -0.021677 0.659276 0.162129
v -0.062972 0.624651 0.162129
v -0.062972 0.642171 0.162129
v -0.116655 0.754254 0.162129
v -0.104267 0.741866 0.162129
v -0.138891 0.700571 0.162129
v -0.121371 0.700571 0.162129
v -0.104267 0.659276 0.162129
v -0.116655 0.646888 0.162129
v -0.062972 0.642171 0.162129
v -0.062972 0.624651 0.162129
v -0.009288 0.646888 -0.162129
v -0.004572 0.700571 -0.162129
v -0.021677 0.659276 -0.162129
v 0.012948 0.700571 -0.162129
v -0.062972 0.624651 -0.162129
v -0.009288 0.754254 -0.162129
v -0.062972 0.642171 -0.162129
v -0.021677 0.741866 -0.162129
v -0.062972 0.776491 -0.162129
v -0.062972 0.758971 -0.162129
v -0.116655 0.646888 -0.162129
v -0.104267 0.659276 -0.162129
v -0.138891 0.700571 -0.162129
v -0.121371 0.700571 -0.162129
v -0.104267 0.741866 -0.162129
v -0.116655 0.754254 -0.162129
v -0.062972 0.758971 -0.162129
v -0.062972 0.776491 -0.162129
v 1.728098 0.449341 -0.000000
v 1.585464 0.449341 -0.000000
v 1.585464 0.411967 0.094332
v 1.789374 0.411967 0.094332
v 1.728098 0.449341 -0.000000
v 1.585464 0.411967 -0.094332
v 1.789374 0.411967 -0.094332
v -3.337444 0.398228 -0.144000
v -3.163811 0.398228 -0.000000
v -3.124107 0.398228 -0.144000
v -3.088225 0.398228 -0.090196
v -3.458118 0.398228 -0.000000
v -3.337444 0.398228 0.144000
v -3.124107 0.398228 0.144000
v -3.088225 0.398228 0.090196
v -0.361213 0.783146 -0.051553
v -0.279531 0.783146 -0.051553
v -0.279531 0.783146 0.051553
v -0.361213 0.783146 0.051553
v 0.235269 0.783146 -0.051553
v 0.153588 0.783146 0.051553
v 0.153588 0.783146 -0.051553
v 0.235269 0.783146 0.051553
v 0.112747 0.629071 -0.100100
v 0.112747 0.629071 0.100100
v 0.120915 0.634791 0.090090
v 0.120915 0.634791 -0.090090
v -0.004572 0.700571 0.162129
v -0.021677 0.659276 0.137819
v -0.004572 0.700571 0.137819
v -0.021677 0.659276 0.162129
v -0.062972 0.642171 0.137819
v -0.062972 0.642171 0.162129
v -0.021677 0.741866 0.162129
v -0.021677 0.741866 0.137819
v -0.062972 0.758971 0.162129
v -0.062972 0.758971 0.137819
v -0.104267 0.741866 0.162129
v -0.104267 0.741866 0.137819
v -0.121371 0.700571 0.162129
v -0.121371 0.700571 0.137819
v -0.104267 0.659276 0.162129
v -0.104267 0.659276 0.137819
v -0.062972 0.642171 0.162129
v -0.062972 0.642171 0.137819
v -0.062972 0.624651 0.200739
v -0.116655 0.646888 0.162129
v -0.062972 0.624651 0.162129
v -0.116655 0.646888 0.200739
v -0.138891 0.700571 0.162129
v -0.138891 0.700571 0.200739
v -0.116655 0.754254 0.162129
v -0.116655 0.754254 0.200739
v -0.062972 0.776491 0.162129
v -0.062972 0.776491 0.200739
v -0.009288 0.754254 0.162129
v -0.009288 0.754254 0.200739
v 0.012948 0.700571 0.162129
v 0.012948 0.700571 0.200739
v -0.009288 0.646888 0.162129
v -0.009288 0.646888 0.200739
v -0.062972 0.624651 0.162129
v -0.062972 0.624651 0.200739
v -0.062972 0.776491 -0.200739
v -0.116655 0.754254 -0.200739
v -0.116655 0.754254 -0.162129
v -0.062972 0.776491 -0.162129
v -0.138891 0.700571 -0.162129
v -0.138891 0.700571 -0.200739
v -0.116655 0.646888 -0.162129
v -0.116655 0.646888 -0.200739
v -0.062972 0.624651 -0.162129
v -0.062972 0.624651 -0.200739
v -0.009288 0.646888 -0.162129
v -0.009288 0.646888 -0.200739
v 0.012948 0.700571 -0.162129
v 0.012948 0.700571 -0.200739
v -0.009288 0.754254 -0.162129
v -0.009288 0.754254 -0.200739
v -0.062972 0.776491 -0.162129
v -0.062972 0.776491 -0.200739
v -0.062972 0.862700 0.075920
v -0.062972 0.901310 0.075920
v -0.116655 0.862700 0.053683
v -0.116655 0.901310 0.053683
v -0.138891 0.862700 -0.000000
v -0.138891 0.901310 -0.000000
v -0.116655 0.862700 -0.053683
v -0.116655 0.901310 -0.053683
v -0.062972 0.862700 -0.075920
v -0.062972 0.901310 -0.075920
v -0.009288 0.862700 -0.053683
v -0.009288 0.901310 -0.053683
v 0.012948 0.862700 -0.000000
v 0.012948 0.901310 -0.000000
v -0.009288 0.862700 0.053683
v -0.009288 0.901310 0.053683
v -0.062972 0.862700 0.075920
v -0.062972 0.901310 0.075920
v 0.112747 0.640511 0.100100
v 0.112747 0.640511 -0.100100
v 0.120915 0.634791 -0.090090
v 0.120915 0.634791 0.090090
v -0.009288 0.862700 -0.053683
v -0.004572 0.862700 -0.000000
v -0.021677 0.862700 -0.041295
v 0.012948 0.862700 -0.000000
v -0.062972 0.862700 -0.075920
v -0.009288 0.862700 0.053683
v -0.062972 0.862700 -0.058400
v -0.021677 0.862700 0.041295
v -0.062972 0.862700 0.075920
v -0.062972 0.862700 0.058400
v -0.116655 0.862700 -0.053683
v -0.104267 0.862700 -0.041295
v -0.138891 0.862700 -0.000000
v -0.121371 0.862700 -0.000000
v -0.104267 0.862700 0.041295
v -0.116655 0.862700 0.053683
v -0.062972 0.862700 0.058400
v -0.062972 0.862700 0.075920
v -1.026436 0.810647 0.044617
v -1.026436 0.865061 0.044617
v -1.026436 0.865061 0.060458
v -1.026436 0.810647 0.060458
v -1.068189 0.876101 0.060458
v -1.068189 0.876101 0.044617
v -1.079237 0.869351 0.060458
v -1.079237 0.869351 0.044617
v -1.068189 0.876101 -0.044617
v -1.026436 0.865061 -0.060457
v -1.068189 0.876101 -0.060457
v -1.079237 0.869351 -0.044617
v -1.079237 0.869351 -0.060457
v -1.026436 0.865061 -0.044617
v -1.026436 0.810647 -0.060457
v -1.026436 0.810647 -0.044617
v 0.112747 0.743471 0.100100
v 0.112747 0.743471 -0.100100
v 0.112747 0.640511 -0.100100
v 0.112747 0.640511 0.100100
v 0.112747 0.743471 -0.100100
v 0.112747 0.743471 0.100100
v 0.112747 0.800671 -0.030030
v 0.112747 0.800671 0.030030
v 0.112747 0.586171 0.100100
v 0.112747 0.629071 -0.100100
v 0.112747 0.586171 -0.100100
v 0.112747 0.629071 0.100100
v 0.112747 0.586171 0.100100
v 0.112747 0.552804 0.066733
v 0.112747 0.552804 -0.066733
v 0.112747 0.552804 -0.066733
v 0.112747 0.519438 0.066733
v 0.112747 0.519438 -0.066733
v 0.112747 0.486071 -0.100100
v 0.112747 0.486071 0.100100
v 0.112747 0.519438 0.066733
v 0.112747 0.403062 0.083289
v 0.112747 0.486071 -0.100100
v 0.112747 0.403062 -0.083289
v 0.112747 0.486071 0.100100
v 0.235269 0.745966 -0.097044
v 0.235269 0.783146 0.051553
v 0.235269 0.783146 -0.051553
v 0.235269 0.745966 0.097044
v 0.774499 0.865061 -0.060458
v 0.774499 0.810647 -0.060458
v 0.774499 0.810647 -0.044617
v 0.774499 0.865061 -0.044617
v 0.816251 0.876101 -0.060458
v 0.816251 0.876101 -0.044617
v 0.827300 0.869351 -0.060458
v 0.827300 0.869351 -0.044617
v 0.816251 0.876101 0.044617
v 0.774499 0.865061 0.044617
v 0.774499 0.865061 0.060457
v 0.774499 0.810647 0.060457
v 0.774499 0.810647 0.044617
v 0.816251 0.876101 0.060457
v 0.827300 0.869351 0.044617
v 0.827300 0.869351 0.060457
v -1.435729 0.107169 0.000000
v -1.435729 0.188831 0.053758
v -1.435729 0.135169 0.084000
v -1.435729 0.208025 0.000000
v -1.435729 0.231500 0.053842
v -1.435729 0.188831 -0.053758
v -1.435729 0.231500 -0.053842
v -1.435729 0.135169 -0.084000
v -1.785729 0.107169 0.000000
v -1.785729 0.188831 0.053758
v -1.785729 0.135169 0.084000
v -1.785729 0.208025 0.000000
v -1.785729 0.231500 0.053842
v -1.785729 0.188831 -0.053758
v -1.785729 0.231500 -0.053842
v -1.785729 0.135169 -0.084000
v 1.585464 -0.200670 0.000000
v 1.585464 0.321906 0.129988
v 1.585464 0.321906 -0.129988
v 1.585464 -0.200670 0.083777
v 1.585464 -0.200670 -0.083777
v 1.585464 0.449341 -0.000000
v 1.585464 0.411967 -0.094332
v 1.585464 0.411967 0.094332
v -3.088225 0.239828 -0.090196
v -3.088225 0.398228 -0.090196
v -3.163811 0.398228 -0.000000
v -3.163811 0.239828 0.000000
v -3.163811 0.239828 0.000000
v -3.163811 0.398228 -0.000000
v -3.088225 0.398228 0.090196
v -3.088225 0.239828 0.090196
v -3.088225 0.398228 -0.090196
v -3.124107 0.239828 -0.144000
v -3.124107 0.398228 -0.144000
v -3.088225 0.239828 -0.090196
v -3.088225 0.239828 0.090196
v -3.088225 0.398228 0.090196
v -3.124107 0.398228 0.144000
v -3.124107 0.239828 0.144000
v -3.296717 0.263028 -0.144000
v -3.296717 0.375028 -0.144000
v -3.414536 0.375028 -0.000000
v -3.414536 0.263028 -0.000000
v -3.296717 0.263028 0.144000
v -3.296717 0.375028 0.144000
v -3.296717 0.263028 0.144000
v -3.274536 0.263028 -0.000000
v -3.156718 0.263028 0.144000
v -3.296717 0.263028 -0.144000
v -3.156718 0.263028 -0.144000
v -3.296717 0.375028 -0.144000
v -3.274536 0.375028 -0.000000
v -3.156718 0.375028 -0.144000
v -3.296717 0.375028 0.144000
v -3.156718 0.375028 0.144000
vn -0.4742 0.8804 0.0005
vn -0.6745 -0.4909 0.5514
vn -0.4742 -0.8804 0.0005
vn -0.6743 0.4909 0.5517
vn -0.6743 -0.4909 -0.5517
vn -0.6745 0.4909 -0.5514
vn -0.7664 0.0005 -0.6423
vn -0.7665 -0.0000 -0.6423
vn -0.7664 0.0005 0.6423
vn -0.7665 -0.0000 0.6423
vn 0.9565 -0.2918 0.0005
vn 0.9923 -0.1238 0.0005
vn 0.9943 -0.1070 -0.0000
vn 0.9550 -0.2965 0.0005
vn 0.9565 -0.2918 -0.0000
vn 0.9943 -0.1070 0.0005
vn 0.9965 -0.0837 0.0005
vn 0.9930 -0.1179 0.0005
vn 0.9291 0.3699 0.0005
vn 0.9965 -0.0835 0.0005
vn 0.9931 -0.1177 0.0005
vn 0.8255 0.5644 0.0005
vn 0.9943 -0.1069 0.0005
vn 0.9859 0.1675 0.0005
vn 0.9847 0.1744 -0.0000
vn 0.9923 -0.1236 0.0005
vn 0.9943 -0.1069 -0.0000
vn 0.9847 0.1744 0.0005
vn 0.9847 0.1745 0.0005
vn 0.9997 0.0231 0.0005
vn 0.9998 0.0191 0.0005
vn 0.9847 0.1745 -0.0000
vn -1.0000 0.0005 0.0005
vn 0.7022 -0.7120 0.0005
vn 0.9998 0.0189 0.0005
vn 0.7007 -0.7134 0.0005
vn 0.9997 0.0229 0.0005
vn 0.1621 -0.9868 -0.0000
vn 0.1619 -0.9868 -0.0000
vn 0.0665 -0.9978 -0.0000
vn 0.1619 -0.9868 0.0003
vn 0.0661 -0.9978 0.0003
vn 1.0000 0.0005 0.0005
vn 0.8722 0.4891 0.0005
vn 0.5207 0.8537 -0.0000
vn 0.9291 0.3699 0.0004
vn 0.8254 0.5645 0.0005
vn -0.8722 0.4891 0.0004
vn -0.8722 0.4891 0.0005
vn 0.0005 -0.3601 -0.9329
vn 0.0005 -1.0000 0.0005
vn 0.0005 -0.3601 0.9329
vn 0.5736 0.8191 -0.0000
vn 0.5738 0.8190 0.0004
vn 0.5739 0.8189 0.0006
vn 0.5439 0.8391 0.0004
vn 0.9780 0.2088 -0.0000
vn 0.5439 0.8391 0.0005
vn 0.9780 0.2087 0.0005
vn 0.9240 -0.3825 0.0005
vn 0.0002 -1.0000 0.0002
vn 0.0005 1.0000 0.0005
vn 0.5738 -0.8190 0.0004
vn 0.5736 -0.8191 -0.0000
vn 0.3597 0.8609 0.3597
vn 0.0005 0.8611 0.5084
vn 0.0005 0.8611 0.5085
vn 0.5087 0.8610 -0.0000
vn 0.5084 0.8611 0.0005
vn 0.3600 0.8607 -0.3600
vn 0.3597 0.8609 -0.3597
vn 0.0004 0.8611 -0.5085
vn -0.3597 0.8609 -0.3597
vn -0.5085 0.8611 0.0004
vn -0.3597 0.8609 0.3597
vn -0.7071 0.7071 -0.0000
vn -0.7071 -0.7071 0.0003
vn -0.7071 -0.7071 -0.0000
vn 0.7071 -0.7071 -0.0000
vn 0.7071 0.7071 -0.0000
vn 0.7071 -0.0000 0.7071
vn 0.0005 0.0005 1.0000
vn 0.7071 -0.0000 -0.7071
vn 0.0005 0.0005 -1.0000
vn -0.7071 -0.0000 -0.7071
vn -0.7071 -0.0000 0.7071
vn 0.0003 0.0005 1.0000
vn -0.0005 0.9421 -0.3355
vn 0.0005 0.9421 0.3355
vn 0.0005 0.9421 -0.3355
vn -0.0005 0.9421 0.3355
vn 0.5440 0.8391 0.0005
vn -0.3825 0.9240 0.0005
vn 0.0161 -0.0836 -0.9964
vn 0.0161 -0.0835 -0.9964
vn 0.0083 0.1460 -0.9893
vn 0.0073 0.1618 -0.9868
vn 0.0161 -0.0836 0.9964
vn 0.0161 -0.0835 0.9964
vn 0.0083 0.1460 0.9893
vn 0.0073 0.1618 0.9868
vn -0.0000 0.7755 -0.6314
vn -0.0005 0.9420 -0.3356
vn 0.0005 0.9420 -0.3355
vn -0.0005 0.7753 -0.6316
vn 0.0004 0.7753 0.6316
vn -0.0005 0.9420 0.3356
vn -0.0004 0.7753 0.6316
vn 0.0005 0.9420 0.3356
vn -0.0005 0.4286 -0.9035
vn 0.0004 0.7744 -0.6326
vn 0.0005 0.4286 -0.9035
vn -0.0000 0.7746 -0.6324
vn 0.0003 0.7745 0.6326
vn -0.0005 0.4286 0.9035
vn 0.0005 0.4286 0.9035
vn -0.0000 0.7746 0.6324
vn 0.0005 0.9420 -0.3356
vn -0.0003 0.7753 -0.6315
vn -0.0004 0.7744 -0.6327
vn 0.0005 0.7753 -0.6316
vn -0.0001 0.7743 -0.6328
vn -0.0000 0.7755 0.6314
vn -0.0005 0.9420 0.3355
vn 0.0003 0.7753 0.6315
vn 0.0005 0.7753 0.6316
vn -0.0001 0.7743 0.6328
vn -0.0005 0.7752 0.6317
vn 0.0001 0.7743 0.6328
vn 0.0004 0.7744 0.6326
vn -0.0005 0.4285 0.9035
vn -0.0004 0.7744 0.6326
vn -0.0005 0.7753 0.6316
vn 0.3597 -0.3597 0.8610
vn 0.0005 -0.5085 0.8611
vn 0.0005 -0.5084 0.8611
vn 0.5085 0.0003 0.8610
vn 0.5085 0.0004 0.8611
vn 0.3597 0.3597 0.8609
vn -0.0000 0.5088 0.8609
vn -0.3597 0.3597 0.8609
vn -0.5085 0.0004 0.8611
vn -0.5084 0.0005 0.8611
vn -0.3597 -0.3597 0.8609
vn 0.0004 -0.5085 0.8611
vn 0.0004 -0.5084 0.8611
vn 0.3597 0.3597 -0.8609
vn 0.0006 0.5085 -0.8611
vn 0.0006 0.5084 -0.8611
vn 0.5087 -0.0000 -0.8609
vn 0.5086 0.0003 -0.8610
vn 0.3597 -0.3597 -0.8609
vn -0.0000 -0.5088 -0.8609
vn -0.3598 -0.3598 -0.8609
vn -0.3597 -0.3598 -0.8609
vn -0.5085 0.0004 -0.8611
vn -0.5084 0.0005 -0.8611
vn -0.3597 0.3597 -0.8609
vn 0.0005 0.5085 -0.8611
vn 0.0005 0.5084 -0.8611
vn -0.0000 -0.1985 -0.9801
vn 0.0003 -0.1987 -0.9801
vn 0.0003 -0.1986 -0.9801
vn -0.0000 -0.1985 0.9801
vn 0.0004 -0.1987 0.9801
vn 0.0003 -0.1986 0.9801
vn 0.0003 -0.1987 0.9801
vn 0.0004 -0.1987 -0.9801
vn 0.0005 0.4285 -0.9036
vn -0.0005 0.4285 -0.9036
vn -0.0003 0.4286 -0.9035
vn -0.0005 0.4285 0.9036
vn 0.0005 0.4285 0.9036
vn 0.0005 0.7754 0.6315
vn 0.0004 0.7744 0.6327
vn -0.5736 0.8191 -0.0000
vn -0.5738 0.8190 0.0004
vn 0.0003 -0.1704 0.9854
vn -0.0000 -0.1703 -0.9854
vn 0.0004 0.8683 0.4960
vn -0.0000 0.8682 0.4961
vn 0.0003 0.8683 0.4960
vn 0.0004 0.8683 -0.4960
vn 0.0003 0.8683 -0.4960
vn -0.0000 0.8682 -0.4961
vn 0.0005 0.7071 -0.7071
vn -0.0000 0.3827 -0.9239
vn -0.0000 -0.3827 -0.9239
vn -0.0000 -0.7071 -0.7071
vn 0.0005 -0.7071 -0.7071
vn 0.0005 0.3826 0.9239
vn 0.0003 0.3826 0.9239
vn 0.0005 0.7071 0.7071
vn 0.0003 -0.3826 0.9239
vn -0.0000 -0.3827 0.9239
vn 0.0005 -0.7071 0.7071
vn 0.0005 0.3826 -0.9239
vn 0.0003 0.3826 -0.9239
vn 0.0003 -0.3826 -0.9239
vn 0.5738 0.8190 0.0003
vn -0.9239 0.3826 0.0005
vn -0.3826 0.9239 0.0005
vn -0.5736 -0.8191 -0.0000
vn -0.5739 -0.8189 0.0006
vn 0.9239 -0.3826 0.0005
vn 0.3826 -0.9239 0.0005
vn -0.3825 -0.9240 0.0005
vn 0.3825 -0.9240 0.0005
vn 0.0083 0.1462 0.9892
vn 0.0073 0.1619 0.9868
vn 0.0005 0.6246 0.7809
vn 0.0005 0.6246 -0.7809
vn 0.0083 0.1462 -0.9892
vn 0.0073 0.1619 -0.9868
vn 0.0004 -0.8683 -0.4960
vn 0.0003 -0.8683 -0.4960
vn -0.0000 -0.8682 -0.4961
vn 0.0005 -0.8683 0.4960
vn -0.0000 -0.8682 0.4961
vn 0.0004 -0.8683 0.4960
vn 0.0006 -0.8684 -0.4959
vn 0.0003 -0.8683 0.4960
vn 0.7071 -0.7071 0.0005
vn 0.0003 1.0000 0.0005
vn 0.5738 -0.8190 0.0003
vn 0.0005 -0.0024 1.0000
vn 0.0003 0.2527 0.9676
vn -0.0000 0.2528 0.9675
vn 0.0004 -0.3602 0.9329
vn 0.0005 -0.3602 0.9329
vn 0.0005 -0.0024 -1.0000
vn 0.0003 0.2527 -0.9676
vn -0.0000 0.2528 -0.9675
vn 0.0005 -0.3602 -0.9329
vn 0.0004 -0.0024 1.0000
vn 0.0004 -0.0024 -1.0000
vn 0.0006 0.2524 -0.9676
vn 0.0004 -0.3602 -0.9329
vn -0.7071 0.0005 0.7071
vn 0.0004 0.0005 1.0000
vn -0.7071 0.0005 -0.7071
vn 0.7071 0.0005 -0.7071
vn 0.7071 0.0006 -0.7071
vn 0.0004 -1.0000 0.0005
vn -0.7071 0.7071 0.0005
vn 0.7071 -0.7071 0.0006
vn 0.0006 -1.0000 0.0005
vn -0.9239 -0.3826 0.0005
vn -0.3826 -0.9239 0.0005
vn -0.9240 -0.3825 0.0005
vn -0.9240 0.3825 0.0005
vn -0.0000 0.9262 -0.3771
vn 0.0003 0.9262 -0.3769
vn 0.0005 0.9814 -0.1920
vn -0.0000 0.9814 -0.1921
vn -0.0000 0.9814 0.1921
vn 0.0005 0.9814 0.1920
vn -0.0000 0.9262 0.3771
vn 0.0003 0.9262 0.3769
vn 0.0005 0.6247 0.7809
vn 0.0005 1.0000 0.0004
vn 0.0005 0.6247 -0.7809
vn 0.0002 1.0000 0.0002
vn -0.5739 0.8189 0.0006
vn -0.5739 0.8189 0.0007
vn 0.0003 -1.0000 0.0005
vn -0.5737 -0.8190 0.0003
vn -0.5738 -0.8190 0.0004
vn 0.7922 0.6103 0.0004
vn 0.7923 0.6101 -0.0000
vn -0.1445 0.9895 -0.0000
vn -0.7923 0.6101 -0.0000
vn -0.7924 0.6101 -0.0000
vn 0.1442 0.9895 0.0005
vn 0.1445 0.9895 -0.0000
vn 0.8722 0.4891 0.0004
vn -0.7922 0.6102 0.0003
vn 0.7664 0.0005 0.6423
vn 0.7664 0.0007 0.6423
vn 0.7664 0.0005 -0.6423
vn 0.7664 0.0007 -0.6423
vn 0.8320 -0.0000 -0.5548
vn 0.8320 0.0003 -0.5547
vn 0.8321 0.0004 -0.5546
vn 0.8320 -0.0000 0.5548
vn 0.8321 0.0004 0.5546
vn 0.4424 0.8205 0.3620
vn 0.4423 -0.8205 0.3621
vn 0.8084 -0.5886 0.0005
vn 0.8084 0.5886 0.0005
vn 0.4423 0.8205 -0.3621
vn 0.4424 -0.8205 -0.3620
vn -0.6745 0.4909 0.5514
vn 0.4423 0.8205 0.3621
vn -0.6745 -0.4909 -0.5514
vn 0.4423 -0.8205 -0.3621
vt 0.375000 0.125000
vt 0.625000 0.206818
vt 0.625000 0.125000
vt 0.375000 0.206818
vt 0.625000 0.043182
vt 0.375000 0.043182
vt 0.625000 0.750000
vt 0.375000 0.750000
vt 0.375000 0.625000
vt 0.625000 0.625000
vt 0.375000 0.500000
vt 0.625000 0.500000
vt 0.539573 0.125000
vt 0.506194 0.250000
vt 0.506194 0.125000
vt 0.539573 0.250000
vt 0.506194 0.000000
vt 0.539573 0.000000
vt 0.606330 0.125000
vt 0.606330 0.000000
vt 0.606330 0.250000
vt 0.625000 0.060677
vt 0.625000 0.140169
vt 0.625000 0.219662
vt 0.472815 0.250000
vt 0.472815 0.125000
vt 0.472815 0.000000
vt 0.406058 0.250000
vt 0.406058 0.125000
vt 0.406058 0.000000
vt 0.375000 0.679468
vt 0.445532 0.750000
vt 0.375000 0.570532
vt 0.445532 0.500000
vt 0.168701 0.750000
vt 0.125000 0.625000
vt 0.168701 0.625000
vt 0.125000 0.750000
vt 0.168701 0.500000
vt 0.125000 0.500000
vt 0.212401 0.750000
vt 0.212401 0.625000
vt 0.212401 0.500000
vt 0.500000 0.750000
vt 0.500000 0.500000
vt 0.375000 0.187500
vt 0.625000 0.187500
vt 0.625000 0.250000
vt 0.375000 0.250000
vt 0.375000 0.000000
vt 0.625000 0.000000
vt 0.625000 0.062500
vt 0.375000 0.062500
vt 0.625000 1.000000
vt 0.125000 0.679468
vt 0.445532 1.000000
vt 0.125000 0.570532
vt 0.445532 0.250000
vt 0.400000 0.500000
vt 0.400000 0.750000
vt 0.125000 0.569916
vt 0.125000 0.680084
vt 0.125000 0.648265
vt 0.125000 0.601735
vt 0.387500 0.750000
vt 0.387500 0.500000
vt 0.500000 0.000000
vt 0.500000 0.250000
vt 0.417077 0.000000
vt 0.417077 0.250000
vt 0.181229 0.750000
vt 0.125000 0.703295
vt 0.181229 0.500000
vt 0.125000 0.546705
vt 0.375000 1.000000
vt 0.500000 1.000000
vt 0.250000 1.000000
vt 0.750000 1.000000
vt 0.875000 1.000000
vt 0.125000 1.000000
vt 0.000000 1.000000
vt 1.000000 1.000000
vt 1.000000 0.500000
vt 0.875000 0.500000
vt 0.750000 0.500000
vt 0.250000 0.500000
vt 0.000000 0.500000
vt 0.875000 0.750000
vt 0.653051 0.764026
vt 0.653051 0.485974
vt 0.506194 1.000000
vt 0.472815 1.000000
vt 0.375000 0.912599
vt 0.406058 1.000000
vt 0.606330 0.750000
vt 0.539573 1.000000
vt 0.606330 1.000000
vt 0.375000 0.337401
vt 0.606330 0.500000
vt 0.625000 0.937500
vt 0.625000 0.812500
vt 0.625000 0.312500
vt 0.625000 0.437500
vt 0.375000 0.680084
vt 0.375000 0.569916
vt 0.402778 0.914151
vt 0.597222 0.914151
vt 0.625000 0.943771
vt 0.597222 0.786991
vt 0.375000 0.943771
vt 0.402778 0.786991
vt 0.375000 0.306229
vt 0.402778 0.463009
vt 0.402778 0.335849
vt 0.597222 0.463009
vt 0.625000 0.306229
vt 0.597222 0.335849
vt 0.400000 1.000000
vt 0.400000 0.250000
vt 0.352077 0.761462
vt 0.417077 0.750000
vt 0.375000 0.965615
vt 0.417077 1.000000
vt 0.352077 0.488538
vt 0.417077 0.500000
vt 0.375000 0.284385
vt 0.582923 0.750000
vt 0.582923 0.500000
vt 0.387500 0.250000
vt 0.387500 1.000000
vt 0.390529 0.956299
vt 0.390529 0.293701
vt 0.625000 0.875000
vt 0.625000 0.375000
vt 0.387500 0.000000
vt 0.400000 0.000000
vt 0.159385 0.500000
vt 0.159385 0.750000
vt 0.625000 0.540451
vt 0.625000 0.709549
vt 0.375000 0.687500
vt 0.625000 0.687500
vt 0.875000 0.687500
vt 0.750000 0.687500
vt 0.875000 0.562500
vt 0.625000 0.562500
vt 0.750000 0.562500
vt 0.375000 0.562500
vt 0.375000 0.601735
vt 0.375000 0.648265
vt 0.875000 0.625000
vt 0.875000 0.560677
vt 0.875000 0.689323
vt 0.818771 0.750000
vt 0.875000 0.703295
vt 0.818771 0.500000
vt 0.875000 0.546705
vt 0.750000 0.750000
vt 0.375000 0.046705
vt 0.625000 0.046705
vt 0.625000 0.203295
vt 0.375000 0.203295
vt 0.375000 0.706818
vt 0.625000 0.706818
vt 0.375000 0.543182
vt 0.625000 0.543182
vt 0.125000 0.543182
vt 0.125000 0.706818
vt 0.875000 0.706818
vt 0.875000 0.543182
s 1
f 354/95/244 355/96/245 356/97/246
f 355/96/245 354/95/244 357/98/247
f 358/99/248 354/95/244 356/97/246
f 358/99/248 359/100/249 354/95/244
f 360/101/250 361/102/251 362/103/250
f 360/101/250 362/103/250 363/104/251
f 364/104/252 365/103/253 366/105/252
f 364/104/252 366/105/252 367/106/253
f 368/107/254 369/108/255 370/109/256
f 369/108/255 368/107/254 371/110/257
f 372/111/255 373/107/258 370/109/259
f 374/112/257 373/107/258 372/111/255
f 375/112/257 376/113/260 377/107/254
f 376/113/260 375/112/257 378/114/261
f 379/113/260 380/110/257 377/107/258
f 380/110/257 379/113/260 381/115/261
f 382/116/262 383/113/263 384/114/264
f 383/113/263 382/116/262 385/117/265
f 386/118/262 387/113/263 385/117/265
f 387/113/263 386/118/262 388/115/264
f 389/109/266 390/119/267 391/120/268
f 390/119/267 389/109/266 392/108/269
f 393/121/267 394/109/270 391/120/271
f 395/111/269 394/109/270 393/121/267
f 396/120/272 397/122/273 398/123/274
f 397/122/273 396/120/272 399/119/267
f 400/124/273 401/120/275 398/123/274
f 402/121/267 401/120/275 400/124/273
f 403/106/276 404/101/276 405/125/276
f 405/125/276 404/101/276 406/126/276
f 407/127/276 403/106/276 405/125/276
f 403/106/276 407/127/276 408/128/276
f 409/129/277 410/130/278 411/131/279
f 410/130/278 409/129/277 412/132/280
f 410/130/278 413/133/277 411/131/279
f 413/133/277 410/130/278 414/134/280
f 411/131/279 415/135/281 416/129/277
f 415/135/281 411/131/279 417/136/282
f 418/102/283 415/135/281 417/136/282
f 418/102/283 417/136/282 419/103/283
f 411/131/279 420/137/284 417/136/282
f 419/103/283 417/136/282 420/137/284
f 420/137/284 411/131/279 421/133/277
f 419/103/283 420/137/284 422/105/285
f 423/138/276 424/103/276 425/104/276
f 424/103/276 423/138/276 426/102/276
f 425/104/276 427/101/276 423/138/276
f 424/103/276 428/139/276 425/104/276
f 428/139/276 429/106/276 425/104/276
f 428/139/276 424/103/276 430/105/276
f 431/138/276 432/103/276 433/104/276
f 432/103/276 431/138/276 434/102/276
f 433/104/276 435/101/276 431/138/276
f 432/103/276 436/139/276 433/104/276
f 436/139/276 437/106/276 433/104/276
f 436/139/276 432/103/276 438/105/276
f 439/140/286 440/141/287 441/142/287
f 439/140/286 441/142/287 442/143/286
f 443/144/286 444/145/287 445/146/287
f 443/144/286 445/146/287 446/147/286
f 447/117/288 448/118/289 449/117/290
f 449/117/290 450/116/262 447/117/288
f 451/142/291 452/143/276 453/140/276
f 451/142/291 453/140/276 454/141/292
f 455/146/291 456/147/276 457/144/276
f 455/146/291 457/144/276 458/145/292
f 459/148/286 460/149/286 461/150/286
f 460/149/286 459/148/286 462/142/286
f 460/149/286 462/142/286 463/151/286
f 462/142/286 464/152/286 463/151/286
f 465/101/286 466/153/286 467/154/286
f 466/153/286 465/101/286 468/106/286
f 469/106/286 470/101/286 471/101/286
f 472/106/286 470/101/286 469/106/286
f 473/102/286 474/105/286 475/102/286
f 475/102/286 474/105/286 476/105/286
f 477/102/286 476/105/286 478/105/286
f 479/102/286 476/105/286 477/102/286
f 477/102/286 480/105/286 481/102/286
f 481/102/286 480/105/286 482/105/286
f 483/102/286 482/105/286 484/105/286
f 482/105/286 483/102/286 485/102/286
f 486/102/286 487/105/286 488/102/286
f 488/102/286 487/105/286 489/105/286
f 490/102/293 491/132/293 492/130/294
f 490/102/293 492/130/294 493/103/294
f 493/103/294 492/130/294 494/134/295
f 493/103/294 494/134/295 495/105/295
f 496/102/293 497/132/293 498/130/294
f 496/102/293 498/130/294 499/103/294
f 499/103/294 498/130/294 500/134/295
f 499/103/294 500/134/295 501/105/295
f 502/155/286 503/156/286 504/157/286
f 502/155/286 504/157/286 505/158/286
f 506/105/296 507/102/297 508/159/298
f 506/105/296 508/159/298 509/160/297
f 510/142/299 511/161/300 512/145/301
f 511/161/300 510/142/299 513/162/302
f 511/161/300 513/162/302 514/163/303
f 514/163/303 513/162/302 515/164/303
f 516/130/304 517/165/294 518/166/294
f 517/165/294 516/130/304 519/102/294
f 519/102/294 516/130/304 520/103/294
f 516/130/304 521/105/294 520/103/294
f 521/105/294 516/130/304 522/167/294
f 522/167/294 516/130/304 523/168/294
f 524/148/305 525/169/305 526/170/305
f 524/148/305 527/171/305 525/169/305
f 528/172/305 527/171/305 524/148/305
f 527/171/305 528/172/305 529/173/305
f 527/171/305 529/173/305 530/174/305
f 530/174/305 529/173/305 531/175/305
f 532/154/306 533/160/307 534/159/307
f 532/154/306 535/153/307 533/160/307
f 536/174/308 537/175/309 538/175/310
f 538/175/310 539/174/308 536/174/308
f 539/174/308 540/171/311 536/174/308
f 540/171/311 539/174/308 541/171/312
f 541/171/312 542/169/313 540/171/311
f 541/171/312 543/169/314 542/169/313
f 544/170/315 542/169/313 543/169/314
f 542/169/313 544/170/315 545/170/315
f 546/148/316 545/170/315 544/170/315
f 545/170/315 546/148/316 547/148/316
f 548/172/317 547/148/316 546/148/316
f 547/148/316 548/172/317 549/172/317
f 548/172/317 550/173/318 549/172/317
f 548/172/317 551/173/318 550/173/318
f 551/173/318 552/176/310 550/173/318
f 552/176/310 551/173/318 553/176/309
f 554/173/319 555/177/305 556/176/305
f 555/177/305 554/173/319 557/178/319
f 558/172/276 557/178/319 554/173/319
f 557/178/319 558/172/276 559/179/276
f 560/148/320 559/179/276 558/172/276
f 559/179/276 560/148/320 561/106/321
f 562/170/294 561/106/321 560/148/320
f 561/106/321 562/170/294 563/139/294
f 564/169/322 563/139/294 562/170/294
f 563/139/294 564/169/322 565/105/322
f 566/171/286 565/105/322 564/169/322
f 565/105/322 566/171/286 567/180/286
f 568/174/323 567/180/286 566/171/286
f 567/180/286 568/174/323 569/134/323
f 570/175/305 569/134/323 568/174/323
f 569/134/323 570/175/305 571/181/305
f 572/171/286 573/174/324 574/171/286
f 573/174/324 572/171/286 575/174/324
f 575/174/324 576/175/325 573/174/324
f 576/175/325 575/174/324 577/175/325
f 574/171/286 578/169/326 572/171/286
f 578/169/326 574/171/286 579/169/326
f 580/170/327 578/169/326 579/169/326
f 580/170/327 579/169/326 581/170/327
f 582/148/328 580/170/327 581/170/327
f 582/148/328 581/170/327 583/148/328
f 582/148/328 583/148/328 584/172/276
f 583/148/328 585/172/276 584/172/276
f 584/172/276 585/172/276 586/173/329
f 585/172/276 587/173/329 586/173/329
f 587/173/329 588/176/330 586/173/329
f 589/176/330 588/176/330 587/173/329
f 590/101/331 591/178/332 592/182/333
f 591/178/332 590/101/331 593/106/334
f 594/182/331 595/106/332 596/101/333
f 595/106/332 594/182/331 597/178/334
f 598/182/335 599/183/336 600/184/336
f 598/182/335 600/184/336 601/178/335
f 602/174/325 603/172/325 604/173/325
f 602/174/325 604/173/325 605/175/325
f 603/172/325 602/174/325 606/171/325
f 607/169/325 603/172/325 606/171/325
f 603/172/325 607/169/325 608/148/325
f 608/148/325 607/169/325 609/170/325
f 610/174/327 611/172/327 612/173/327
f 610/174/327 612/173/327 613/175/327
f 611/172/327 610/174/327 614/171/327
f 615/169/327 611/172/327 614/171/327
f 611/172/327 615/169/327 616/148/327
f 616/148/327 615/169/327 617/170/327
f 618/102/294 619/132/294 620/134/294
f 618/102/294 620/134/294 621/105/294
f 622/102/294 623/134/294 624/132/294
f 623/134/294 622/102/294 625/105/294
f 626/102/337 627/185/337 628/186/337
f 628/186/337 629/187/337 626/102/337
f 629/187/337 628/186/337 630/188/338
f 627/185/337 626/102/337 631/189/339
f 631/189/339 632/190/337 627/185/337
f 631/189/339 633/191/340 632/190/337
f 634/105/341 635/119/341 636/108/341
f 635/119/341 634/105/341 637/192/341
f 637/192/341 638/122/342 635/119/341
f 634/105/341 636/108/341 639/193/343
f 639/193/343 636/108/341 640/110/341
f 640/110/341 641/115/344 639/193/343
f 642/194/345 643/101/346 644/148/347
f 643/101/346 642/194/345 645/195/348
f 646/196/349 647/106/350 648/197/351
f 649/142/352 647/106/350 646/196/349
f 650/101/353 651/194/354 652/148/355
f 651/194/354 650/101/353 653/195/356
f 654/196/357 655/106/358 656/142/359
f 655/106/358 654/196/357 657/197/360
f 658/148/346 659/101/361 660/195/345
f 658/148/346 660/195/345 661/194/362
f 662/148/353 658/148/346 663/194/348
f 664/194/363 662/148/353 663/194/348
f 660/195/364 665/101/355 666/195/365
f 665/101/355 660/195/364 667/101/361
f 664/194/363 665/101/355 668/148/353
f 665/101/355 664/194/363 669/195/354
f 670/196/366 671/106/352 672/142/367
f 671/106/352 670/196/366 673/197/368
f 674/197/369 675/106/359 671/106/352
f 675/106/359 674/197/369 676/197/370
f 677/142/358 670/196/371 678/142/350
f 670/196/371 677/142/358 679/196/372
f 676/197/373 677/142/374 680/106/359
f 677/142/374 676/197/373 681/196/375
f 682/197/376 683/106/350 684/106/358
f 682/197/376 684/106/358 685/197/372
f 686/198/305 687/199/305 688/156/305
f 688/156/305 687/199/305 689/155/305
f 690/156/305 691/199/305 692/198/305
f 691/199/305 690/156/305 693/155/305
f 694/200/327 695/201/327 696/202/327
f 697/203/327 696/202/327 695/201/327
f 696/202/327 698/204/327 694/200/327
f 696/202/327 697/203/327 699/101/327
f 698/204/327 700/205/327 694/200/327
f 700/205/327 699/101/327 697/203/327
f 700/205/327 698/204/327 701/102/327
f 699/101/327 700/205/327 701/102/327
f 702/206/325 703/207/325 704/105/325
f 705/106/325 704/105/325 703/207/325
f 703/207/325 702/206/325 706/208/325
f 705/106/325 703/207/325 707/209/325
f 708/210/325 706/208/325 702/206/325
f 707/209/325 708/210/325 705/106/325
f 706/208/325 708/210/325 709/211/325
f 708/210/325 707/209/325 709/211/325
f 710/174/377 711/175/378 712/174/377
f 711/175/378 710/174/377 713/175/379
f 714/171/380 710/174/377 712/174/377
f 710/174/377 714/171/380 715/171/381
f 716/169/382 715/171/381 714/171/380
f 715/171/381 716/169/382 717/169/382
f 718/170/383 717/169/382 716/169/382
f 717/169/382 718/170/383 719/170/383
f 720/148/384 719/170/383 718/170/383
f 719/170/383 720/148/384 721/148/384
f 722/172/385 721/148/384 720/148/384
f 721/148/384 722/172/385 723/172/386
f 722/172/385 724/173/387 723/172/386
f 722/172/385 725/173/387 724/173/387
f 726/176/388 724/173/387 725/173/387
f 725/173/387 727/176/389 726/176/388
f 728/174/390 729/175/391 730/174/390
f 729/175/391 728/174/390 731/175/392
f 732/171/393 728/174/390 730/174/390
f 728/174/390 732/171/393 733/171/394
f 734/169/395 733/171/394 732/171/393
f 733/171/394 734/169/395 735/169/395
f 736/170/396 735/169/395 734/169/395
f 735/169/395 736/170/396 737/170/396
f 738/148/397 737/170/396 736/170/396
f 737/170/396 738/148/397 739/148/398
f 740/172/399 739/148/398 738/148/397
f 739/148/398 740/172/399 741/172/400
f 740/172/399 742/173/401 741/172/400
f 740/172/399 743/173/401 742/173/401
f 744/176/402 742/173/401 743/173/401
f 743/173/401 745/176/403 744/176/402
f 746/169/404 747/102/404 748/169/405
f 747/102/404 746/169/404 749/102/406
f 750/105/407 751/143/408 752/143/409
f 750/105/407 752/143/409 753/105/410
f 754/102/411 755/169/404 756/102/405
f 757/169/406 756/102/405 755/169/404
f 758/105/407 759/143/409 760/143/408
f 759/143/409 758/105/407 761/105/409
f 762/154/276 763/153/276 764/101/276
f 764/101/276 763/153/276 765/106/276
f 764/101/276 766/106/276 767/101/276
f 764/101/276 768/106/276 766/106/276
f 769/148/412 770/154/327 771/101/413
f 770/154/327 769/148/412 772/212/327
f 773/195/348 771/101/414 774/101/346
f 771/101/414 773/195/348 775/195/363
f 776/148/361 769/148/355 777/194/364
f 777/194/364 769/148/355 778/194/365
f 779/102/276 780/105/276 781/102/276
f 780/105/276 779/102/276 782/105/276
f 782/105/276 783/102/276 784/105/276
f 782/105/276 785/102/276 783/102/276
f 786/102/276 787/105/276 783/102/276
f 787/105/276 786/102/276 788/105/276
f 789/102/276 788/105/276 790/102/276
f 789/102/276 791/105/276 788/105/276
f 792/102/276 793/105/276 794/102/276
f 793/105/276 792/102/276 795/105/276
f 796/153/325 797/213/325 798/106/415
f 797/213/325 799/142/416 798/106/415
f 799/142/359 800/196/417 801/196/418
f 800/196/417 799/142/359 802/142/352
f 803/169/327 804/102/327 805/169/327
f 804/102/327 803/169/327 806/102/327
f 807/105/325 808/143/325 809/143/325
f 807/105/325 809/143/325 810/105/325
f 811/102/419 812/105/419 813/159/420
f 813/159/420 812/105/419 814/160/419
f 815/153/325 816/106/416 817/213/325
f 817/213/325 816/106/416 818/142/415
f 819/148/413 820/101/412 821/154/327
f 819/148/413 821/154/327 822/212/327
f 823/102/327 824/169/327 825/102/327
f 826/169/327 825/102/327 824/169/327
f 827/105/325 828/143/325 829/143/325
f 828/143/325 827/105/325 830/105/325
f 831/170/327 832/214/327 833/138/327
f 833/138/327 832/214/327 834/215/327
f 832/214/327 831/170/327 835/216/327
f 835/216/327 831/170/327 836/217/327
f 837/218/325 838/162/325 839/139/325
f 837/218/325 839/139/325 840/219/325
f 841/220/325 838/162/325 837/218/325
f 838/162/325 841/220/325 842/164/325
f 843/183/327 844/138/327 845/221/327
f 846/148/327 844/138/327 843/183/327
f 844/138/327 846/148/327 847/170/327
f 848/142/325 849/139/325 850/162/325
f 849/139/325 848/142/325 851/184/325
f 849/139/325 851/184/325 852/222/325
f 853/148/421 854/126/421 855/101/421
f 854/126/421 853/148/421 856/150/421
f 857/142/422 858/106/422 859/152/422
f 860/128/422 859/152/422 858/106/422
f 861/143/423 862/160/424 863/105/425
f 862/160/424 861/143/423 864/223/423
f 865/159/426 866/169/427 867/102/426
f 866/169/427 865/159/426 868/224/427
f 869/143/423 870/105/424 871/160/424
f 869/143/423 871/160/424 872/223/425
f 873/102/428 874/169/428 875/224/428
f 873/102/428 875/224/428 876/159/427
f 877/169/429 878/102/429 879/102/430
f 877/169/429 879/102/430 880/169/430
f 881/102/431 880/169/430 879/102/430
f 880/169/430 881/102/431 882/169/431
f 883/102/432 882/169/431 881/102/431
f 882/169/431 883/102/432 884/169/433
f 885/143/434 886/105/435 887/105/436
f 885/143/434 887/105/436 888/143/436
f 886/105/435 885/143/434 889/143/437
f 886/105/435 889/143/437 890/105/438
f 890/105/438 889/143/437 891/143/439
f 890/105/438 891/143/439 892/105/439
f 893/169/429 894/102/440 895/102/429
f 894/102/440 893/169/429 896/169/441
f 894/102/440 896/169/441 897/102/442
f 898/169/442 897/102/442 896/169/441
f 897/102/442 898/169/442 899/102/433
f 900/169/433 899/102/433 898/169/442
f 901/143/436 902/105/436 903/143/434
f 904/105/435 903/143/434 902/105/436
f 904/105/435 905/143/437 903/143/434
f 905/143/437 904/105/435 906/105/437
f 906/105/437 907/143/439 905/143/437
f 907/143/439 906/105/437 908/105/439
f 909/187/337 910/188/337 911/225/337
f 912/122/341 913/192/341 914/226/341
f 915/101/327 916/169/327 917/102/327
f 916/169/327 915/101/327 918/148/327
f 918/148/327 915/101/327 919/227/327
f 920/105/325 921/143/325 922/106/325
f 923/142/325 922/106/325 921/143/325
f 922/106/325 923/142/325 924/228/325
f 925/223/296 926/144/297 927/229/443
f 928/143/296 926/144/297 925/223/296
f 929/148/325 930/101/325 931/227/325
f 932/169/325 930/101/325 929/148/325
f 930/101/325 932/169/325 933/102/325
f 934/142/327 935/106/327 936/143/327
f 936/143/327 935/106/327 937/105/327
f 935/106/327 934/142/327 938/228/327
f 939/142/286 940/230/286 941/145/286
f 940/230/286 939/142/286 942/213/286
f 939/142/286 943/145/286 944/142/286
f 939/142/286 945/145/286 943/145/286
f 946/143/286 947/144/286 948/144/286
f 948/144/286 949/143/286 946/143/286
f 947/144/286 950/143/286 951/144/286
f 947/144/286 952/143/286 950/143/286
f 953/144/286 950/143/286 954/143/286
f 954/143/286 955/144/286 953/144/286
f 956/143/286 957/144/286 955/144/286
f 956/143/286 955/144/286 958/143/286
f 959/143/286 960/144/286 961/144/286
f 961/144/286 962/143/286 959/143/286
f 963/221/444 964/184/445 965/183/445
f 964/184/445 963/221/444 966/222/444
f 967/153/446 968/154/446 969/160/447
f 969/160/447 968/154/446 970/159/446
f 971/132/448 972/231/449 973/232/449
f 972/231/449 971/132/448 974/134/448
f 975/214/450 972/231/451 976/218/450
f 975/214/450 977/232/451 972/231/451
f 978/193/452 979/115/453 980/118/454
f 978/193/452 980/118/454 981/233/436
f 982/148/455 983/189/456 984/234/429
f 983/189/456 982/148/455 985/191/457
f 986/154/458 987/212/459 988/159/460
f 988/159/460 987/212/459 989/224/459
f 990/213/461 991/160/462 992/223/461
f 991/160/462 990/213/461 993/153/463
f 994/212/460 995/154/460 996/159/459
f 994/212/460 996/159/459 997/224/464
f 998/153/462 999/223/465 1000/160/461
f 999/223/465 998/153/462 1001/213/463
f 1002/171/286 1003/174/323 1004/174/323
f 1003/174/323 1005/175/305 1004/174/323
f 1003/174/323 1006/175/305 1005/175/305
f 1002/171/286 1004/174/323 1007/171/286
f 1008/169/322 1002/171/286 1007/171/286
f 1008/169/322 1007/171/286 1009/169/466
f 1010/170/294 1008/169/322 1009/169/466
f 1010/170/294 1009/169/466 1011/170/294
f 1012/148/321 1010/170/294 1011/170/294
f 1012/148/321 1011/170/294 1013/148/321
f 1014/172/276 1012/148/321 1013/148/321
f 1014/172/276 1013/148/321 1015/172/276
f 1016/173/319 1014/172/276 1015/172/276
f 1016/173/319 1015/172/276 1017/173/319
f 1018/176/467 1016/173/319 1017/173/319
f 1018/176/467 1017/173/319 1019/176/467
f 1020/156/276 1021/155/276 1022/157/276
f 1022/157/276 1021/155/276 1023/158/276
f 1024/230/307 1025/213/307 1026/229/307
f 1026/229/307 1025/213/307 1027/223/468
f 1028/235/325 1029/147/325 1030/236/325
f 1031/237/325 1030/236/325 1029/147/325
f 1030/236/325 1031/237/325 1032/238/325
f 1033/239/327 1034/240/327 1035/241/327
f 1036/240/327 1037/239/327 1038/140/327
f 1036/240/327 1038/140/327 1039/242/327
f 1040/237/327 1041/236/327 1042/147/327
f 1042/147/327 1041/236/327 1043/235/327
f 1041/236/327 1040/237/327 1044/238/327
f 1045/240/325 1046/140/325 1047/242/325
f 1045/240/325 1048/239/325 1046/140/325
f 1049/239/325 1050/240/325 1051/241/325
f 1052/142/469 1053/106/469 1054/162/470
f 1055/139/471 1054/162/470 1053/106/469
f 1056/143/472 1054/162/470 1055/139/471
f 1057/105/473 1056/143/472 1055/139/471
f 1058/148/474 1059/138/475 1060/101/474
f 1059/138/475 1058/148/474 1061/170/476
f 1061/170/476 1062/102/477 1059/138/475
f 1062/102/477 1061/170/476 1063/169/477
f 1064/142/478 1065/106/478 1066/162/470
f 1067/139/471 1066/162/470 1065/106/478
f 1068/143/472 1066/162/470 1067/139/471
f 1069/105/473 1068/143/472 1067/139/471
f 1070/148/479 1071/138/480 1072/101/479
f 1071/138/480 1070/148/479 1073/170/476
f 1073/170/476 1074/102/481 1071/138/480
f 1074/102/481 1073/170/476 1075/169/477
f 1076/199/286 1077/198/286 1078/243/286
f 1078/243/286 1077/198/286 1079/244/286
f 1080/178/482 1081/177/483 1082/173/329
f 1081/177/483 1083/176/483 1082/173/329
f 1082/173/329 1084/179/276 1080/178/482
f 1084/179/276 1082/173/329 1085/172/276
f 1085/172/276 1086/106/484 1084/179/276
f 1086/106/484 1085/172/276 1087/148/328
f 1088/170/327 1086/106/484 1087/148/328
f 1086/106/484 1088/170/327 1089/139/327
f 1090/169/485 1089/139/327 1088/170/327
f 1089/139/327 1090/169/485 1091/105/486
f 1090/169/485 1092/180/286 1091/105/486
f 1092/180/286 1090/169/485 1093/171/286
f 1093/171/286 1094/174/324 1092/180/286
f 1092/180/286 1094/174/324 1095/134/324
f 1095/134/324 1094/174/324 1096/175/325
f 1097/181/325 1095/134/324 1096/175/325
f 1098/178/321 1099/177/487 1100/173/321
f 1099/177/487 1101/176/294 1100/173/321
f 1098/178/321 1100/173/321 1102/172/276
f 1103/179/276 1098/178/321 1102/172/276
f 1102/172/276 1104/106/488 1103/179/276
f 1104/106/488 1102/172/276 1105/148/488
f 1104/106/488 1105/148/488 1106/170/305
f 1107/139/305 1104/106/488 1106/170/305
f 1107/139/305 1106/170/305 1108/169/323
f 1109/105/323 1107/139/305 1108/169/323
f 1109/105/323 1108/169/323 1110/171/286
f 1111/180/286 1109/105/323 1110/171/286
f 1110/171/286 1112/134/489 1111/180/286
f 1112/134/489 1110/171/286 1113/174/322
f 1112/134/489 1113/174/322 1114/175/490
f 1115/181/294 1112/134/489 1114/175/490
f 1116/219/491 1117/215/491 1118/214/492
f 1118/214/492 1119/218/492 1116/219/491
f 1120/215/493 1121/219/493 1122/138/276
f 1122/138/276 1121/219/493 1123/139/276
f 1122/138/276 1123/139/276 1124/221/494
f 1124/221/494 1123/139/276 1125/222/494
f 1126/134/495 1127/105/496 1128/127/497
f 1126/134/495 1128/127/497 1129/151/498
f 1129/151/498 1128/127/497 1130/125/499
f 1129/151/498 1130/125/499 1131/149/500
f 1131/149/500 1130/125/499 1132/102/501
f 1131/149/500 1132/102/501 1133/132/502
f 1134/169/327 1135/171/327 1136/169/327
f 1135/171/327 1134/169/327 1137/171/327
f 1138/170/327 1134/169/327 1136/169/327
f 1139/174/327 1135/171/327 1137/171/327
f 1138/170/327 1136/169/327 1140/170/327
f 1135/171/327 1139/174/327 1141/174/327
f 1142/175/327 1141/174/327 1139/174/327
f 1141/174/327 1142/175/327 1143/175/327
f 1144/148/327 1138/170/327 1140/170/327
f 1144/148/327 1140/170/327 1145/148/327
f 1145/148/327 1146/172/327 1144/148/327
f 1145/148/327 1147/172/327 1146/172/327
f 1148/173/327 1146/172/327 1147/172/327
f 1146/172/327 1148/173/327 1149/173/327
f 1150/176/327 1149/173/327 1148/173/327
f 1149/173/327 1150/176/327 1151/176/327
f 1152/169/325 1153/171/325 1154/169/325
f 1153/171/325 1152/169/325 1155/171/325
f 1156/170/325 1152/169/325 1154/169/325
f 1157/174/325 1153/171/325 1155/171/325
f 1156/170/325 1154/169/325 1158/170/325
f 1153/171/325 1157/174/325 1159/174/325
f 1160/175/325 1159/174/325 1157/174/325
f 1159/174/325 1160/175/325 1161/175/325
f 1162/148/325 1156/170/325 1158/170/325
f 1162/148/325 1158/170/325 1163/148/325
f 1163/148/325 1164/172/325 1162/148/325
f 1163/148/325 1165/172/325 1164/172/325
f 1166/173/325 1164/172/325 1165/172/325
f 1164/172/325 1166/173/325 1167/173/325
f 1168/176/325 1167/173/325 1166/173/325
f 1167/173/325 1168/176/325 1169/176/325
f 1170/245/305 1171/104/305 1172/233/436
f 1172/233/436 1173/246/503 1170/245/305
f 1174/245/504 1175/234/429 1171/104/504
f 1175/234/429 1174/245/504 1176/247/505
f 1177/101/305 1178/245/506 1179/248/305
f 1178/245/506 1180/249/305 1179/248/305
f 1178/245/506 1177/101/305 1181/104/305
f 1182/106/305 1178/245/506 1181/104/305
f 1178/245/506 1182/106/305 1183/250/305
f 1184/251/305 1178/245/506 1183/250/305
f 1185/244/294 1186/157/294 1187/158/294
f 1185/244/294 1187/158/294 1188/243/294
f 1189/244/294 1190/158/294 1191/157/294
f 1190/158/294 1189/244/294 1192/243/294
f 1193/144/419 1194/143/507 1195/223/419
f 1193/144/419 1195/223/419 1196/229/508
f 1197/171/286 1198/174/322 1199/171/286
f 1198/174/322 1197/171/286 1200/174/466
f 1200/174/466 1201/175/294 1198/174/322
f 1201/175/294 1200/174/466 1202/175/294
f 1199/171/286 1203/169/323 1197/171/286
f 1203/169/323 1199/171/286 1204/169/323
f 1204/169/323 1205/170/305 1203/169/323
f 1206/170/305 1205/170/305 1204/169/323
f 1206/170/305 1207/148/319 1205/170/305
f 1208/148/319 1207/148/319 1206/170/305
f 1208/148/319 1209/172/276 1207/148/319
f 1209/172/276 1208/148/319 1210/172/276
f 1210/172/276 1211/173/321 1209/172/276
f 1212/173/321 1211/173/321 1210/172/276
f 1212/173/321 1213/176/509 1211/173/321
f 1214/176/509 1213/176/509 1212/173/321
f 1215/176/294 1216/173/321 1217/176/294
f 1216/173/321 1215/176/294 1218/173/321
f 1218/173/321 1219/172/276 1216/173/321
f 1219/172/276 1218/173/321 1220/172/276
f 1219/172/276 1220/172/276 1221/148/319
f 1221/148/319 1220/172/276 1222/148/319
f 1221/148/319 1222/148/319 1223/170/305
f 1223/170/305 1222/148/319 1224/170/305
f 1223/170/305 1224/170/305 1225/169/323
f 1225/169/323 1224/170/305 1226/169/323
f 1226/169/323 1227/171/286 1225/169/323
f 1227/171/286 1226/169/323 1228/171/286
f 1227/171/286 1228/171/286 1229/174/322
f 1229/174/322 1228/171/286 1230/174/322
f 1229/174/322 1230/174/322 1231/175/294
f 1231/175/294 1230/174/322 1232/175/294
f 1233/176/305 1234/173/319 1235/173/319
f 1233/176/305 1235/173/319 1236/176/305
f 1234/173/319 1237/172/276 1235/173/319
f 1234/173/319 1238/172/276 1237/172/276
f 1238/172/276 1239/148/321 1237/172/276
f 1238/172/276 1240/148/321 1239/148/321
f 1240/148/321 1241/170/294 1239/148/321
f 1240/148/321 1242/170/294 1241/170/294
f 1242/170/294 1243/169/322 1241/170/294
f 1242/170/294 1244/169/322 1243/169/322
f 1244/169/322 1245/171/286 1243/169/322
f 1244/169/322 1246/171/286 1245/171/286
f 1246/171/286 1247/174/323 1245/171/286
f 1246/171/286 1248/174/323 1247/174/323
f 1248/174/323 1249/175/305 1247/174/323
f 1248/174/323 1250/175/305 1249/175/305
f 1251/176/325 1252/176/325 1253/173/329
f 1253/173/329 1252/176/325 1254/173/329
f 1255/172/276 1253/173/329 1254/173/329
f 1256/172/276 1255/172/276 1254/173/329
f 1257/148/328 1255/172/276 1256/172/276
f 1258/148/328 1257/148/328 1256/172/276
f 1258/148/328 1259/170/327 1257/148/328
f 1258/148/328 1260/170/327 1259/170/327
f 1260/170/327 1261/169/326 1259/170/327
f 1260/170/327 1262/169/326 1261/169/326
f 1262/169/326 1263/171/286 1261/169/326
f 1263/171/286 1262/169/326 1264/171/286
f 1264/171/286 1265/174/324 1263/171/286
f 1265/174/324 1264/171/286 1266/174/324
f 1266/174/324 1267/175/325 1265/174/324
f 1267/175/325 1266/174/324 1268/175/325
f 1269/213/446 1270/230/510 1271/229/446
f 1269/213/446 1271/229/446 1272/223/511
f 1273/169/294 1274/171/294 1275/169/294
f 1274/171/294 1273/169/294 1276/171/294
f 1277/170/294 1273/169/294 1275/169/294
f 1278/174/294 1274/171/294 1276/171/294
f 1277/170/294 1275/169/294 1279/170/294
f 1274/171/294 1278/174/294 1280/174/294
f 1281/175/294 1280/174/294 1278/174/294
f 1280/174/294 1281/175/294 1282/175/294
f 1283/148/294 1277/170/294 1279/170/294
f 1283/148/294 1279/170/294 1284/148/294
f 1284/148/294 1285/172/294 1283/148/294
f 1284/148/294 1286/172/294 1285/172/294
f 1287/173/294 1285/172/294 1286/172/294
f 1285/172/294 1287/173/294 1288/173/294
f 1289/176/294 1288/173/294 1287/173/294
f 1288/173/294 1289/176/294 1290/176/294
f 1291/235/286 1292/236/512 1293/101/513
f 1291/235/286 1293/101/513 1294/102/286
f 1292/236/512 1295/252/514 1293/101/513
f 1295/252/514 1292/236/512 1296/238/514
f 1296/238/514 1297/182/292 1295/252/514
f 1297/182/292 1296/238/514 1298/237/292
f 1299/241/514 1300/106/512 1301/179/514
f 1301/179/514 1302/239/292 1299/241/514
f 1303/178/292 1302/239/292 1301/179/514
f 1300/106/512 1299/241/514 1304/240/513
f 1304/240/513 1305/105/286 1300/106/512
f 1305/105/286 1304/240/513 1306/242/286
f 1307/142/276 1308/145/276 1309/230/276
f 1309/230/276 1310/213/276 1307/142/276
f 1311/145/276 1312/142/276 1313/145/276
f 1313/145/276 1312/142/276 1314/142/276
f 1315/143/276 1316/144/276 1317/144/276
f 1316/144/276 1315/143/276 1318/143/276
f 1319/143/276 1317/144/276 1320/143/276
f 1320/143/276 1317/144/276 1321/144/276
f 1322/144/276 1323/143/276 1320/143/276
f 1323/143/276 1322/144/276 1324/144/276
f 1325/144/276 1326/143/276 1324/144/276
f 1324/144/276 1326/143/276 1327/143/276
f 1328/143/276 1329/144/276 1330/144/276
f 1329/144/276 1328/143/276 1331/143/276
f 1332/198/276 1333/243/276 1334/244/276
f 1332/198/276 1335/199/276 1333/243/276
f 1336/101/515 1337/102/276 1338/235/276
f 1336/101/515 1338/235/276 1339/236/516
f 1340/252/517 1336/101/515 1339/236/516
f 1340/252/517 1339/236/516 1341/238/518
f 1342/182/519 1340/252/517 1341/238/518
f 1342/182/519 1341/238/518 1343/237/287
f 1344/241/517 1345/240/515 1346/106/520
f 1345/240/515 1347/105/276 1346/106/520
f 1345/240/515 1348/242/276 1347/105/276
f 1344/241/517 1346/106/520 1349/179/518
f 1350/239/519 1344/241/517 1349/179/518
f 1350/239/519 1349/179/518 1351/178/287
f 1352/95/286 1353/162/286 1354/143/286
f 1353/162/286 1352/95/286 1355/97/286
f 1353/162/286 1355/97/286 1356/142/286
f 1352/95/286 1357/161/286 1355/97/286
f 1357/161/286 1358/145/286 1355/97/286
f 1357/161/286 1352/95/286 1359/144/286
f 1360/95/286 1361/162/286 1362/143/286
f 1361/162/286 1360/95/286 1363/97/286
f 1361/162/286 1363/97/286 1364/142/286
f 1360/95/286 1365/161/286 1363/97/286
f 1365/161/286 1366/145/286 1363/97/286
f 1365/161/286 1360/95/286 1367/144/286
f 1368/103/276 1369/193/276 1370/189/276
f 1369/193/276 1368/103/276 1371/105/276
f 1368/103/276 1370/189/276 1372/102/276
f 1369/193/276 1373/104/276 1370/189/276
f 1370/189/276 1373/104/276 1374/234/276
f 1373/104/276 1369/193/276 1375/233/276
f 1376/253/521 1377/254/522 1378/97/521
f 1376/253/521 1378/97/521 1379/95/522
f 1380/95/523 1381/97/524 1382/255/523
f 1380/95/523 1382/255/523 1383/256/524
f 1384/254/525 1385/144/526 1386/145/527
f 1385/144/526 1384/254/525 1387/253/525
f 1388/256/528 1389/255/528 1390/210/529
f 1388/256/528 1390/210/529 1391/206/529
f 1392/257/530 1393/258/531 1394/104/532
f 1392/257/530 1394/104/532 1395/103/533
f 1394/104/532 1396/259/534 1395/103/533
f 1396/259/534 1394/104/532 1397/260/535
f 1395/103/533 1398/259/534 1399/130/244
f 1399/130/244 1398/259/534 1400/261/536
f 1399/130/244 1401/257/537 1395/103/533
f 1402/262/249 1401/257/537 1399/130/244
f 1403/258/531 1404/245/246 1394/104/532
f 1404/245/246 1403/258/531 1405/263/538
f 1394/104/532 1404/245/246 1406/260/539
f 1406/260/539 1404/245/246 1407/264/245
o Cylinder_006_Cylinder_014_120470944380948
v 0.849433 0.658690 -0.040560
v 0.849433 0.658690 0.040560
v 0.849433 0.641889 -0.000000
v 0.849433 0.756611 -0.000000
v 0.849433 0.699250 0.057361
v 0.849433 0.739811 0.040560
v 0.849433 0.699250 -0.057361
v 0.849433 0.739811 -0.040560
v -0.989803 0.661311 -0.037869
v -0.989803 0.737049 -0.037869
v -0.989803 0.699180 -0.053555
v -0.989803 0.661311 0.037869
v -0.989803 0.645625 -0.000000
v -0.989803 0.737049 0.037869
v -0.989803 0.699180 0.053555
v -0.989803 0.752735 -0.000000
v -0.957159 0.764229 -0.065049
v -0.916951 0.699180 -0.111211
v -0.957159 0.699180 -0.091993
v -0.916951 0.777818 -0.078638
v -0.916951 0.810391 -0.000000
v -0.957159 0.634131 -0.065049
v -0.916951 0.620542 -0.078638
v -0.989803 0.699180 -0.053555
v -0.989803 0.737049 -0.037869
v -0.989803 0.752735 -0.000000
v -0.989803 0.661311 -0.037869
v -0.916951 0.587970 -0.000000
v -0.989803 0.645625 -0.000000
v -0.957159 0.607187 -0.000000
v -0.957159 0.791173 -0.000000
v -0.957159 0.764229 0.065049
v -0.989803 0.737049 0.037869
v -0.916951 0.777818 0.078638
v -0.989803 0.699180 0.053555
v -0.916951 0.699180 0.111211
v -0.957159 0.699180 0.091993
v -0.957159 0.634131 0.065049
v -0.989803 0.661311 0.037869
v -0.916951 0.620542 0.078638
v -0.989803 0.699180 0.053555
v -0.916951 0.699180 0.111211
v -0.957159 0.699180 0.091993
v 0.760719 0.699250 -0.119115
v 0.809681 0.629578 -0.069672
v 0.760719 0.615023 -0.084227
v 0.760719 0.580135 -0.000000
v 0.809681 0.699250 -0.098532
v 0.809681 0.768923 -0.069672
v 0.760719 0.783477 -0.084227
v 0.849433 0.699250 -0.057361
v 0.849433 0.658690 -0.040560
v 0.760719 0.818365 -0.000000
v 0.849433 0.641889 -0.000000
v 0.849433 0.739811 -0.040560
v 0.809681 0.600719 -0.000000
v 0.809681 0.629578 0.069672
v 0.849433 0.658690 0.040560
v 0.760719 0.615023 0.084227
v 0.849433 0.699250 0.057361
v 0.760719 0.699250 0.119115
v 0.809681 0.699250 0.098532
v 0.809681 0.797782 -0.000000
v 0.849433 0.756611 -0.000000
v 0.849433 0.739811 0.040560
v 0.809681 0.768923 0.069672
v 0.760719 0.783477 0.084227
v 0.849433 0.699250 0.057361
v 0.760719 0.699250 0.119115
v 0.809681 0.699250 0.098532
vn 0.8936 -0.3174 -0.3174
vn 0.8936 -0.3174 0.3174
vn 0.8936 -0.4489 0.0005
vn 0.8936 0.4489 0.0004
vn 0.8936 0.0005 0.4489
vn 0.8936 0.3174 0.3174
vn 0.8936 0.0004 -0.4489
vn 0.8936 0.3174 -0.3174
vn -0.9094 -0.2940 -0.2941
vn -0.9094 0.2941 -0.2940
vn -0.9095 0.0005 -0.4157
vn -0.9094 -0.2941 0.2940
vn -0.9095 -0.4157 0.0004
vn -0.9094 0.2940 0.2941
vn -0.9095 0.0004 0.4157
vn -0.9095 0.4157 0.0005
vn -0.5869 0.5725 -0.5725
vn -0.4312 0.0005 -0.9022
vn -0.5865 -0.0000 -0.8099
vn -0.4312 0.6380 -0.6380
vn -0.4312 0.9022 -0.0000
vn -0.5869 -0.5725 -0.5725
vn -0.4312 -0.6380 -0.6380
vn -0.9094 0.0005 -0.4158
vn -0.9094 0.2941 -0.2941
vn -0.9094 0.4158 0.0005
vn -0.9094 -0.2941 -0.2941
vn -0.4312 -0.9022 0.0003
vn -0.9094 -0.4158 0.0004
vn -0.5865 -0.8099 -0.0000
vn -0.5866 0.8099 0.0003
vn -0.5869 0.5725 0.5725
vn -0.9094 0.2941 0.2941
vn -0.4312 0.6380 0.6380
vn -0.9094 0.0005 0.4158
vn -0.4312 0.0006 0.9023
vn -0.5867 0.0005 0.8098
vn -0.5869 -0.5725 0.5725
vn -0.9094 -0.2941 0.2941
vn -0.4312 -0.6380 0.6380
vn -0.9095 0.0004 0.4158
vn -0.4312 0.0004 0.9022
vn -0.5867 0.0003 0.8098
vn 0.3875 -0.0000 -0.9219
vn 0.5431 -0.5937 -0.5937
vn 0.3876 -0.6518 -0.6518
vn 0.3876 -0.9218 -0.0000
vn 0.5431 -0.0000 -0.8397
vn 0.5431 0.5937 -0.5937
vn 0.3875 0.6518 -0.6519
vn 0.3875 0.9219 -0.0000
vn 0.8936 0.3174 -0.3175
vn 0.5432 -0.8396 0.0005
vn 0.5431 -0.5937 0.5937
vn 0.3876 -0.6518 0.6518
vn 0.3876 0.0004 0.9218
vn 0.5432 0.0003 0.8396
vn 0.5431 0.8397 -0.0000
vn 0.8936 0.4489 0.0005
vn 0.8936 0.3175 0.3174
vn 0.5431 0.5937 0.5937
vn 0.3875 0.6518 0.6519
vn 0.8936 0.0004 0.4489
vn 0.3876 0.0005 0.9218
vn 0.5432 0.0005 0.8396
vt 0.919706 0.080294
vt 0.919706 0.419706
vt 0.990000 0.250000
vt 0.510000 0.250000
vt 0.750000 0.490000
vt 0.580294 0.419706
vt 0.750000 0.010000
vt 0.580294 0.080294
vt 0.419706 0.080294
vt 0.080294 0.080294
vt 0.250000 0.010000
vt 0.419706 0.419706
vt 0.490000 0.250000
vt 0.080294 0.419706
vt 0.250000 0.490000
vt 0.010000 0.250000
vt 0.375000 1.000000
vt 0.500000 1.000000
vt 0.250000 1.000000
vt 0.625000 1.000000
vt 0.750000 1.000000
vt 0.125000 1.000000
vt 0.000000 1.000000
vt 0.875000 1.000000
vt 1.000000 1.000000
vt 0.500000 0.500000
vt 0.625000 0.500000
vt 0.750000 0.500000
vt 0.375000 0.500000
vt 0.250000 0.500000
vt 0.875000 0.500000
vt 1.000000 0.500000
vt 0.125000 0.500000
vt 0.000000 0.500000
s 1
f 1408/265/540 1409/266/541 1410/267/542
f 1408/265/540 1411/268/543 1409/266/541
f 1409/266/541 1411/268/543 1412/269/544
f 1412/269/544 1411/268/543 1413/270/545
f 1414/271/546 1411/268/543 1408/265/540
f 1411/268/543 1414/271/546 1415/272/547
f 1416/273/548 1417/274/549 1418/275/550
f 1417/274/549 1416/273/548 1419/276/551
f 1419/276/551 1416/273/548 1420/277/552
f 1417/274/549 1419/276/551 1421/278/553
f 1421/278/553 1419/276/551 1422/279/554
f 1417/274/549 1421/278/553 1423/280/555
f 1424/281/556 1425/282/557 1426/282/558
f 1425/282/557 1424/281/556 1427/281/559
f 1424/281/556 1428/283/560 1427/281/559
f 1426/282/558 1425/282/557 1429/284/561
f 1425/282/557 1430/284/562 1429/284/561
f 1424/281/556 1426/282/558 1431/282/563
f 1429/284/561 1431/282/563 1426/282/558
f 1432/281/564 1424/281/556 1431/282/563
f 1433/283/565 1424/281/556 1432/281/564
f 1431/282/563 1429/284/561 1434/284/566
f 1435/285/567 1429/284/561 1430/284/562
f 1429/284/561 1436/285/568 1434/284/566
f 1429/284/561 1435/285/567 1437/285/569
f 1429/284/561 1437/285/569 1436/285/568
f 1424/281/556 1433/283/565 1438/283/570
f 1428/283/560 1424/281/556 1438/283/570
f 1433/283/565 1439/286/571 1438/283/570
f 1439/286/571 1428/283/560 1438/283/570
f 1439/286/571 1433/283/565 1440/286/572
f 1428/283/560 1439/286/571 1441/286/573
f 1442/287/574 1439/286/571 1440/286/572
f 1443/287/575 1441/286/573 1439/286/571
f 1439/286/571 1442/287/574 1444/287/576
f 1444/287/576 1443/287/575 1439/286/571
f 1445/288/577 1436/285/568 1437/285/569
f 1437/285/569 1435/285/567 1445/288/577
f 1436/285/568 1445/288/577 1446/288/578
f 1435/285/567 1447/288/579 1445/288/577
f 1445/288/577 1448/289/580 1446/288/578
f 1449/289/581 1445/288/577 1447/288/579
f 1448/289/580 1445/288/577 1450/289/582
f 1445/288/577 1449/289/581 1450/289/582
f 1451/290/583 1452/291/584 1453/291/585
f 1452/291/584 1454/292/586 1453/291/585
f 1452/291/584 1451/290/583 1455/290/587
f 1451/290/583 1456/293/588 1455/290/587
f 1456/293/588 1451/290/583 1457/293/589
f 1452/291/584 1455/290/587 1458/290/546
f 1456/293/588 1458/290/546 1455/290/587
f 1459/291/540 1452/291/584 1458/290/546
f 1460/294/590 1456/293/588 1457/293/589
f 1461/292/542 1452/291/584 1459/291/540
f 1458/290/546 1456/293/588 1462/293/591
f 1452/291/584 1461/292/542 1463/292/592
f 1454/292/586 1452/291/584 1463/292/592
f 1461/292/542 1464/295/593 1463/292/592
f 1464/295/593 1454/292/586 1463/292/592
f 1464/295/593 1461/292/542 1465/295/541
f 1454/292/586 1464/295/593 1466/295/594
f 1467/296/544 1464/295/593 1465/295/541
f 1464/295/593 1468/296/595 1466/295/594
f 1464/295/593 1467/296/544 1469/296/596
f 1468/296/595 1464/295/593 1469/296/596
f 1470/294/597 1462/293/591 1456/293/588
f 1456/293/588 1460/294/590 1470/294/597
f 1462/293/591 1470/294/597 1471/294/598
f 1470/294/597 1472/297/599 1471/294/598
f 1470/294/597 1460/294/590 1473/297/600
f 1470/294/597 1473/297/600 1472/297/599
f 1460/294/590 1474/297/601 1473/297/600
f 1473/297/600 1475/298/602 1472/297/599
f 1476/298/603 1473/297/600 1474/297/601
f 1475/298/602 1473/297/600 1477/298/604
f 1473/297/600 1476/298/603 1477/298/604
o Cylinder_021_Cylinder_028_101512007898195
v -1.883860 0.116508 0.000000
v -1.883860 0.152796 0.036288
v -1.883860 0.152796 -0.036288
v -1.883860 0.127136 0.025660
v -1.883860 0.127136 -0.025660
v -1.883860 0.189084 0.000000
v -1.883860 0.178455 -0.025660
v -1.883860 0.178455 0.025660
v -0.565279 0.170632 -0.101762
v -0.613530 0.150645 -0.101762
v -0.605252 0.170632 -0.101762
v -0.585265 0.178911 -0.101762
v -0.565279 0.130659 -0.101762
v -0.557000 0.150645 -0.101762
v -0.605252 0.130659 -0.101762
v -0.585265 0.122380 -0.101762
v -0.565279 0.130659 0.101762
v -0.613530 0.150645 0.101762
v -0.605252 0.130659 0.101762
v -0.585265 0.122380 0.101762
v -0.565279 0.170632 0.101762
v -0.557000 0.150645 0.101762
v -0.605252 0.170632 0.101762
v -0.585265 0.178911 0.101762
v 0.634721 0.130659 -0.091247
v 0.594748 0.170632 -0.091247
v 0.634721 0.170632 -0.091247
v 0.614735 0.178911 -0.091247
v 0.643000 0.150645 -0.091247
v 0.594748 0.130659 -0.091247
v 0.586469 0.150645 -0.091247
v 0.614735 0.122380 -0.091247
v 0.594748 0.130659 0.091247
v 0.594748 0.170632 0.091247
v 0.586469 0.150645 0.091247
v 0.634721 0.130659 0.091247
v 0.614735 0.122380 0.091247
v 0.634721 0.170632 0.091247
v 0.614735 0.178911 0.091247
v 0.643000 0.150645 0.091247
v -1.883860 0.127136 0.025660
v -1.434744 0.127136 0.025660
v -1.434744 0.152796 0.036288
v -1.883860 0.152796 0.036288
v -1.883860 0.116508 0.000000
v -1.434744 0.116508 0.000000
v -1.883860 0.127136 -0.025660
v -1.434744 0.127136 -0.025660
v -1.883860 0.152796 -0.036288
v -1.434744 0.152796 -0.036288
v -1.883860 0.178455 -0.025660
v -1.434744 0.178455 -0.025660
v -1.883860 0.189084 0.000000
v -1.434744 0.189084 0.000000
v -1.883860 0.178455 0.025660
v -1.434744 0.178455 0.025660
v -1.883860 0.152796 0.036288
v -1.434744 0.152796 0.036288
v -0.605252 0.170632 -0.101762
v -0.585265 0.178911 0.101762
v -0.585265 0.178911 -0.101762
v -0.605252 0.170632 0.101762
v -0.613530 0.150645 -0.101762
v -0.613530 0.150645 0.101762
v -0.605252 0.130659 -0.101762
v -0.605252 0.130659 0.101762
v -0.585265 0.122380 -0.101762
v -0.585265 0.122380 0.101762
v -0.565279 0.130659 -0.101762
v -0.565279 0.130659 0.101762
v -0.557000 0.150645 -0.101762
v -0.557000 0.150645 0.101762
v -0.565279 0.170632 -0.101762
v -0.565279 0.170632 0.101762
v -0.585265 0.178911 -0.101762
v -0.585265 0.178911 0.101762
v -1.434744 0.152796 -0.036288
v -1.434744 0.152796 0.036288
v -1.434744 0.116508 0.000000
v -1.434744 0.127136 0.025660
v -1.434744 0.127136 -0.025660
v -1.434744 0.189084 0.000000
v -1.434744 0.178455 0.025660
v -1.434744 0.178455 -0.025660
v 0.594748 0.170632 -0.091247
v 0.614735 0.178911 0.091247
v 0.614735 0.178911 -0.091247
v 0.594748 0.170632 0.091247
v 0.586469 0.150645 -0.091247
v 0.586469 0.150645 0.091247
v 0.594748 0.130659 -0.091247
v 0.594748 0.130659 0.091247
v 0.614735 0.122380 -0.091247
v 0.614735 0.122380 0.091247
v 0.634721 0.130659 -0.091247
v 0.634721 0.130659 0.091247
v 0.643000 0.150645 -0.091247
v 0.643000 0.150645 0.091247
v 0.634721 0.170632 -0.091247
v 0.634721 0.170632 0.091247
v 0.614735 0.178911 -0.091247
v 0.614735 0.178911 0.091247
vn -1.0000 0.0005 0.0005
vn 0.0005 0.0005 -1.0000
vn 0.0005 0.0005 1.0000
vn -0.0000 -0.7071 0.7071
vn 0.0005 -1.0000 0.0005
vn -0.0000 -0.7071 -0.7071
vn -0.0000 0.7071 -0.7071
vn 0.0005 1.0000 0.0005
vn -0.0000 0.7071 0.7071
vn 0.0005 0.0006 1.0000
vn -0.5808 0.8141 0.0005
vn 0.0004 1.0000 0.0005
vn -0.5807 0.8141 -0.0000
vn -0.5808 -0.8141 -0.0000
vn -0.5808 -0.8141 0.0005
vn 0.5807 -0.8141 0.0005
vn 0.5807 -0.8141 -0.0000
vn 1.0000 0.0005 0.0005
vn 0.5808 0.8141 -0.0000
vn 0.5807 0.8141 0.0005
vn -0.5807 0.8141 0.0005
vn -0.5807 -0.8141 -0.0000
vn -0.5807 -0.8141 0.0005
vn 0.5808 0.8141 0.0005
vt 0.750000 1.000000
vt 0.000000 1.000000
vt 0.500000 1.000000
vt 0.875000 1.000000
vt 0.625000 1.000000
vt 0.250000 1.000000
vt 0.375000 1.000000
vt 0.125000 1.000000
vt 0.080294 0.419706
vt 0.490000 0.250000
vt 0.419706 0.419706
vt 0.250000 0.490000
vt 0.080294 0.080294
vt 0.010000 0.250000
vt 0.419706 0.080294
vt 0.250000 0.010000
vt 0.580294 0.080294
vt 0.990000 0.250000
vt 0.919706 0.080294
vt 0.750000 0.010000
vt 0.580294 0.419706
vt 0.510000 0.250000
vt 0.919706 0.419706
vt 0.750000 0.490000
vt 0.875000 0.500000
vt 1.000000 0.500000
vt 1.000000 1.000000
vt 0.750000 0.500000
vt 0.625000 0.500000
vt 0.500000 0.500000
vt 0.375000 0.500000
vt 0.250000 0.500000
vt 0.125000 0.500000
vt 0.000000 0.500000
s 1
f 1478/299/605 1479/300/605 1480/301/605
f 1479/300/605 1478/299/605 1481/302/605
f 1478/299/605 1480/301/605 1482/303/605
f 1479/300/605 1483/304/605 1480/301/605
f 1480/301/605 1483/304/605 1484/305/605
f 1483/304/605 1479/300/605 1485/306/605
f 1486/307/606 1487/308/606 1488/309/606
f 1486/307/606 1488/309/606 1489/310/606
f 1487/308/606 1486/307/606 1490/311/606
f 1490/311/606 1486/307/606 1491/312/606
f 1487/308/606 1490/311/606 1492/313/606
f 1492/313/606 1490/311/606 1493/314/606
f 1494/315/607 1495/316/607 1496/317/607
f 1494/315/607 1496/317/607 1497/318/607
f 1494/315/607 1498/319/607 1495/316/607
f 1498/319/607 1494/315/607 1499/320/607
f 1498/319/607 1500/321/607 1495/316/607
f 1500/321/607 1498/319/607 1501/322/607
f 1502/311/606 1503/309/606 1504/307/606
f 1504/307/606 1503/309/606 1505/310/606
f 1502/311/606 1504/307/606 1506/312/606
f 1502/311/606 1507/313/606 1503/309/606
f 1503/309/606 1507/313/606 1508/308/606
f 1507/313/606 1502/311/606 1509/314/606
f 1510/317/607 1511/321/607 1512/316/607
f 1511/321/607 1510/317/607 1513/315/607
f 1513/315/607 1510/317/607 1514/318/607
f 1515/319/607 1511/321/607 1513/315/607
f 1511/321/607 1515/319/607 1516/322/607
f 1515/319/607 1513/315/607 1517/320/607
f 1518/302/608 1519/323/608 1520/324/607
f 1518/302/608 1520/324/607 1521/325/607
f 1522/299/609 1519/323/608 1518/302/608
f 1522/299/609 1523/326/609 1519/323/608
f 1524/303/610 1523/326/609 1522/299/609
f 1524/303/610 1525/327/610 1523/326/609
f 1526/301/606 1525/327/610 1524/303/610
f 1526/301/606 1527/328/606 1525/327/610
f 1528/305/611 1527/328/606 1526/301/606
f 1528/305/611 1529/329/611 1527/328/606
f 1529/329/611 1528/305/611 1530/304/612
f 1529/329/611 1530/304/612 1531/330/612
f 1531/330/612 1530/304/612 1532/306/613
f 1531/330/612 1532/306/613 1533/331/613
f 1534/300/614 1533/331/613 1532/306/613
f 1534/300/614 1535/332/614 1533/331/613
f 1536/302/615 1537/324/616 1538/325/616
f 1537/324/616 1536/302/615 1539/323/617
f 1540/299/605 1539/323/617 1536/302/615
f 1539/323/617 1540/299/605 1541/326/605
f 1542/303/618 1541/326/605 1540/299/605
f 1541/326/605 1542/303/618 1543/327/619
f 1544/301/609 1543/327/619 1542/303/618
f 1543/327/619 1544/301/609 1545/328/609
f 1546/305/620 1545/328/609 1544/301/609
f 1545/328/609 1546/305/620 1547/329/621
f 1548/304/622 1547/329/621 1546/305/620
f 1547/329/621 1548/304/622 1549/330/622
f 1550/306/623 1549/330/622 1548/304/622
f 1549/330/622 1550/306/623 1551/331/624
f 1552/300/612 1551/331/624 1550/306/623
f 1551/331/624 1552/300/612 1553/332/612
f 1554/328/622 1555/332/622 1556/326/622
f 1556/326/622 1555/332/622 1557/323/622
f 1554/328/622 1556/326/622 1558/327/622
f 1554/328/622 1559/330/622 1555/332/622
f 1555/332/622 1559/330/622 1560/331/622
f 1559/330/622 1554/328/622 1561/329/622
f 1562/302/625 1563/324/616 1564/325/616
f 1563/324/616 1562/302/625 1565/323/617
f 1566/299/605 1565/323/617 1562/302/625
f 1565/323/617 1566/299/605 1567/326/605
f 1568/303/626 1567/326/605 1566/299/605
f 1567/326/605 1568/303/626 1569/327/627
f 1570/301/609 1569/327/627 1568/303/626
f 1569/327/627 1570/301/609 1571/328/609
f 1572/305/620 1571/328/609 1570/301/609
f 1571/328/609 1572/305/620 1573/329/621
f 1574/304/622 1573/329/621 1572/305/620
f 1573/329/621 1574/304/622 1575/330/622
f 1576/306/623 1575/330/622 1574/304/622
f 1575/330/622 1576/306/623 1577/331/628
f 1578/300/612 1577/331/628 1576/306/623
f 1577/331/628 1578/300/612 1579/332/612
o Plane_001_Plane_001_113789227660955
v -3.565430 0.353280 -0.039969
v -3.565430 0.313311 -0.056525
v -3.565430 0.313311 -0.038702
v -3.565430 0.273342 -0.039969
v -3.565430 0.340677 -0.027366
v -3.565430 0.285945 -0.027366
v -3.565430 0.352013 -0.000000
v -3.565430 0.274609 -0.000000
v -3.565430 0.369836 -0.000000
v -3.565430 0.256786 -0.000000
v -3.565430 0.353280 0.039969
v -3.565430 0.273342 0.039969
v -3.565430 0.340677 0.027366
v -3.565430 0.313311 0.038702
v -3.565430 0.313311 0.056525
v -3.565430 0.285945 0.027366
v -3.565430 0.313311 0.038702
v -3.565430 0.313311 0.056525
v -3.565430 0.274609 -0.000000
v -3.565430 0.285945 0.027366
v -3.489802 0.313311 -0.000000
v -3.565430 0.313311 0.038702
v -3.489802 0.313311 -0.000000
v -3.565430 0.285945 -0.027366
v -3.489802 0.313311 -0.000000
v -3.565430 0.313311 -0.038702
v -3.489802 0.313311 -0.000000
v -3.565430 0.340677 -0.027366
v -3.489802 0.313311 -0.000000
v -3.565430 0.352013 -0.000000
v -3.489802 0.313311 -0.000000
v -3.565430 0.340677 0.027366
v -3.489802 0.313311 -0.000000
v -3.565430 0.313311 0.038702
v -3.489802 0.313311 -0.000000
v 0.834287 0.795153 0.100299
v 0.834287 0.807029 -0.000000
v 0.834287 0.836697 -0.000000
v 0.834287 0.795153 -0.100299
v 0.834287 0.774173 0.079319
v 0.834287 0.694853 0.141844
v 0.834287 0.694853 0.112174
v 0.834287 0.774173 -0.079319
v 0.834287 0.694853 -0.141844
v 0.834287 0.694853 -0.112174
v 0.834287 0.615534 -0.079319
v 0.834287 0.594554 -0.100299
v 0.834287 0.553009 -0.000000
v 0.834287 0.582679 -0.000000
v 0.834287 0.615534 0.079319
v 0.834287 0.594554 0.100299
v 0.834287 0.694853 0.141844
v 0.834287 0.694853 0.112174
v 0.754935 0.182404 -0.087407
v 0.639936 0.102405 0.087407
v 0.639935 0.102405 -0.087407
v 0.754936 0.182404 0.087407
v 0.729935 0.264021 0.087407
v 0.729935 0.264021 -0.087407
v 0.540199 0.188906 -0.079666
v 0.632302 -0.200447 0.079666
v 0.632302 -0.200447 -0.079666
v 0.540199 0.188906 0.079666
v 0.632302 -0.200447 -0.079666
v 0.632302 -0.200447 0.079666
v 0.638640 -0.227244 -0.079666
v 0.638640 -0.227244 0.079666
v 0.651320 -0.280843 -0.079666
v 0.651320 -0.280843 0.079666
v -2.064439 0.228530 0.084781
v -2.064439 0.270920 -0.102340
v -2.064439 0.193412 0.000000
v -2.064439 0.228530 -0.084781
v -2.064439 0.313311 0.119899
v -2.064439 0.398092 0.084781
v -2.064439 0.433210 -0.000000
v -2.064439 0.398092 -0.084781
v -2.064439 0.313311 -0.119899
v 0.108167 0.264021 -0.097119
v 0.108167 0.264021 0.097119
v 0.108167 0.003527 -0.097119
v 0.108167 0.003527 0.097119
v 0.651320 -0.280843 0.079666
v 0.372230 -0.346861 0.079666
v 0.651320 -0.280843 -0.079666
v 0.372230 -0.346861 -0.079666
v -1.836440 0.381714 -0.066430
v -1.836440 0.392478 -0.087107
v -1.835946 0.381136 -0.067825
v -1.823640 0.364655 -0.098631
v -1.823640 0.354385 -0.078905
v -1.836440 0.336833 -0.110156
v -1.836440 0.326564 -0.090429
v -1.823640 0.364655 0.098631
v -1.835946 0.381136 0.067825
v -1.823640 0.354385 0.078905
v -1.836440 0.392478 0.087107
v -1.836440 0.381714 0.066430
v -1.836440 0.336833 0.110156
v -1.836440 0.326564 0.090429
v -1.823640 0.264962 -0.075892
v -1.836440 0.281019 -0.106523
v -1.823640 0.252875 -0.094865
v -1.836440 0.293106 -0.087550
v -1.836440 0.226638 -0.080215
v -1.823640 0.264962 -0.075892
v -1.836440 0.241170 -0.057405
v -1.823640 0.264962 0.075892
v -1.836440 0.281019 0.106523
v -1.836440 0.293106 0.087550
v -1.823640 0.252875 0.094865
v -1.823640 0.264962 0.075892
v -1.836440 0.226638 0.080215
v -1.836440 0.241170 0.057405
v -0.140439 0.282203 -0.010224
v -0.140439 0.313311 -0.119899
v -0.140439 0.377086 -0.093482
v -0.140439 0.282203 -0.107014
v -0.140439 0.377086 -0.010224
v -1.586440 0.381714 -0.066430
v -1.586440 0.392478 -0.087107
v -1.585946 0.381136 -0.067825
v -1.573640 0.364655 -0.098631
v -1.573640 0.354385 -0.078905
v -1.586440 0.336833 -0.110156
v -1.586440 0.326564 -0.090429
v -1.573640 0.264962 -0.075892
v -1.586440 0.281019 -0.106523
v -1.573640 0.252875 -0.094865
v -1.586440 0.293106 -0.087550
v -1.586440 0.226638 -0.080215
v -1.573640 0.264962 -0.075892
v -1.586440 0.241170 -0.057405
v -1.573640 0.364655 0.098631
v -1.585946 0.381136 0.067825
v -1.573640 0.354385 0.078905
v -1.586440 0.392478 0.087107
v -1.586440 0.381714 0.066430
v -1.586440 0.336833 0.110156
v -1.586440 0.326564 0.090429
v -1.573640 0.264962 0.075892
v -1.586440 0.281019 0.106523
v -1.586440 0.293106 0.087550
v -1.573640 0.252875 0.094865
v -1.573640 0.264962 0.075892
v -1.586440 0.226638 0.080215
v -1.586440 0.241170 0.057405
v -1.336440 0.381714 -0.066430
v -1.336440 0.392478 -0.087107
v -1.335946 0.381136 -0.067825
v -1.323640 0.364655 -0.098631
v -1.323640 0.354385 -0.078905
v -1.336440 0.336833 -0.110156
v -1.336440 0.326564 -0.090429
v -1.323640 0.364655 0.098631
v -1.335946 0.381136 0.067825
v -1.323640 0.354385 0.078905
v -1.336440 0.392478 0.087107
v -1.336440 0.381714 0.066430
v -1.336440 0.336833 0.110156
v -1.336440 0.326564 0.090429
v -1.323640 0.264962 -0.075892
v -1.336440 0.281019 -0.106523
v -1.323640 0.252875 -0.094865
v -1.336440 0.293106 -0.087550
v -1.336440 0.226638 -0.080215
v -1.323640 0.264962 -0.075892
v -1.336440 0.241170 -0.057405
v -1.323640 0.264962 0.075892
v -1.336440 0.281019 0.106523
v -1.336440 0.293106 0.087550
v -1.323640 0.252875 0.094865
v -1.323640 0.264962 0.075892
v -1.336440 0.226638 0.080215
v -1.336440 0.241170 0.057405
v -1.087206 0.596556 0.098297
v -0.979673 0.596556 0.098297
v -1.087206 0.694853 0.139013
v -0.979673 0.694853 0.139013
v -0.979673 0.555841 -0.000000
v -1.087206 0.555841 -0.000000
v -0.979673 0.596556 -0.098297
v -1.087206 0.596556 -0.098297
v -0.979673 0.694853 -0.139013
v -1.087206 0.694853 -0.139013
v -0.979673 0.793152 -0.098297
v -1.087206 0.793152 -0.098297
v -0.979673 0.833868 -0.000000
v -1.087206 0.833868 -0.000000
v -0.979673 0.793152 0.098297
v -1.087206 0.793152 0.098297
v -0.979673 0.694853 0.139013
v -1.087206 0.694853 0.139013
v 0.834287 0.594554 0.100299
v 0.703826 0.694853 0.141844
v 0.703826 0.594554 0.100299
v 0.834287 0.694853 0.141844
v 0.834287 0.553009 -0.000000
v 0.703826 0.553009 -0.000000
v 0.834287 0.594554 -0.100299
v 0.703826 0.594554 -0.100299
v 0.834287 0.694853 -0.141844
v 0.703826 0.694853 -0.141844
v 0.834287 0.795153 -0.100299
v 0.703826 0.795153 -0.100299
v 0.834287 0.836697 -0.000000
v 0.703826 0.836697 -0.000000
v 0.834287 0.795153 0.100299
v 0.703826 0.795153 0.100299
v 0.834287 0.694853 0.141844
v 0.703826 0.694853 0.141844
v -0.451983 0.634184 0.060670
v -0.059840 0.634184 0.060670
v -0.059840 0.694853 0.085800
v -0.451983 0.694853 0.085800
v 0.332303 0.694853 0.085800
v 0.332303 0.634184 0.060670
v -0.451983 0.609054 -0.000000
v -0.059840 0.609054 -0.000000
v 0.332303 0.634184 0.060670
v 0.332303 0.609054 -0.000000
v -0.451983 0.634184 -0.060670
v -0.059840 0.634184 -0.060670
v 0.332303 0.609054 -0.000000
v 0.332303 0.634184 -0.060670
v -0.451983 0.694853 -0.085800
v -0.059840 0.694853 -0.085800
v 0.332303 0.634184 -0.060670
v 0.332303 0.694853 -0.085800
v -0.451983 0.755523 -0.060670
v -0.059840 0.755523 -0.060670
v 0.332303 0.694853 -0.085800
v 0.332303 0.755523 -0.060670
v -0.451983 0.780653 -0.000000
v -0.059840 0.780653 -0.000000
v 0.332303 0.755523 -0.060670
v 0.332303 0.780653 -0.000000
v -0.451983 0.755523 0.060670
v -0.059840 0.755523 0.060670
v -0.451983 0.694853 0.085800
v 0.332303 0.780653 -0.000000
v 0.332303 0.755523 0.060670
v -0.059840 0.694853 0.085800
v 0.332303 0.755523 0.060670
v 0.332303 0.694853 0.085800
v 0.639936 0.102405 0.087407
v 0.064748 0.102405 0.087407
v 0.639935 0.102405 -0.087407
v 0.064748 0.102405 -0.087407
v -0.451983 0.755523 0.060670
v -0.905246 0.694853 0.126376
v -0.451983 0.694853 0.085800
v -0.979673 0.694853 0.126376
v -0.979673 0.784215 0.089361
v -0.905246 0.784215 0.089361
v -0.979673 0.821229 -0.000000
v -0.905246 0.821229 -0.000000
v -0.451983 0.780653 -0.000000
v -0.979673 0.784215 -0.089361
v -0.451983 0.755523 -0.060670
v -0.905246 0.784215 -0.089361
v -0.979673 0.694853 -0.126376
v -0.905246 0.694853 -0.126376
v -0.451983 0.694853 -0.085800
v -0.979673 0.605493 -0.089361
v -0.451983 0.634184 -0.060670
v -0.905246 0.605493 -0.089361
v -0.979673 0.568479 -0.000000
v -0.905246 0.568479 -0.000000
v -0.451983 0.609054 -0.000000
v -0.979673 0.605493 0.089361
v -0.451983 0.634184 0.060670
v -0.905246 0.605493 0.089361
v -0.979673 0.694853 0.126376
v -0.905246 0.694853 0.126376
v -0.451983 0.694853 0.085800
v -1.087206 0.596556 -0.098297
v -1.087206 0.694853 -0.111211
v -1.087206 0.694853 -0.139013
v -1.087206 0.773492 -0.078638
v -1.087206 0.616216 -0.078638
v -1.087206 0.793152 -0.098297
v -1.087206 0.555841 -0.000000
v -1.087206 0.806064 -0.000000
v -1.087206 0.583644 -0.000000
v -1.087206 0.833868 -0.000000
v -1.087206 0.616216 0.078638
v -1.087206 0.793152 0.098297
v -1.087206 0.596556 0.098297
v -1.087206 0.694853 0.111211
v -1.087206 0.694853 0.139013
v -1.087206 0.773492 0.078638
v -1.087206 0.694853 0.139013
v -1.087206 0.694853 0.111211
v -1.086439 0.381714 -0.066430
v -1.086439 0.392478 -0.087107
v -1.085946 0.381136 -0.067825
v -1.073639 0.364655 -0.098631
v -1.073639 0.354385 -0.078905
v -1.086439 0.336833 -0.110156
v -1.086439 0.326564 -0.090429
v -1.073639 0.264962 -0.075892
v -1.086439 0.281019 -0.106523
v -1.073639 0.252875 -0.094865
v -1.086439 0.293106 -0.087550
v -1.086439 0.226638 -0.080214
v -1.073639 0.264962 -0.075892
v -1.086439 0.241170 -0.057405
v -1.073639 0.364655 0.098631
v -1.085946 0.381136 0.067825
v -1.073639 0.354385 0.078905
v -1.086439 0.392478 0.087107
v -1.086439 0.381714 0.066430
v -1.086439 0.336833 0.110156
v -1.086439 0.326564 0.090429
v -1.073639 0.264962 0.075892
v -1.086439 0.281019 0.106523
v -1.086439 0.293106 0.087550
v -1.073639 0.252875 0.094865
v -1.073639 0.264962 0.075892
v -1.086439 0.226638 0.080214
v -1.086439 0.241170 0.057405
v -0.978330 0.583644 -0.000000
v -1.087206 0.583644 -0.000000
v -0.978330 0.616216 0.078638
v -1.087206 0.616216 0.078638
v -0.978330 0.694853 0.111211
v -1.087206 0.694853 0.111211
v -1.087206 0.616216 -0.078638
v -0.978330 0.616216 -0.078638
v -1.087206 0.694853 -0.111211
v -0.978330 0.694853 -0.111211
v -1.087206 0.773492 -0.078638
v -0.978330 0.773492 -0.078638
v -1.087206 0.806064 -0.000000
v -0.978330 0.806064 -0.000000
v -1.087206 0.773492 0.078638
v -0.978330 0.773492 0.078638
v -1.087206 0.694853 0.111211
v -0.978330 0.694853 0.111211
v -2.064439 0.193412 0.000000
v -1.336440 0.226638 0.080215
v -1.464441 0.226638 0.080215
v -1.214441 0.226638 0.080215
v -1.586440 0.226638 0.080215
v -1.086439 0.226638 0.080214
v -1.714441 0.226638 0.080215
v -1.836440 0.226638 0.080215
v -0.964439 0.226638 0.080214
v -1.964440 0.226638 0.080215
v -2.064439 0.228530 0.084781
v -2.064439 0.193412 0.000000
v -0.836439 0.226638 -0.080214
v 1.614326 0.193412 0.000000
v 1.614326 0.228530 -0.084781
v -0.964439 0.226638 -0.080214
v -1.086439 0.226638 -0.080214
v -1.214441 0.226638 -0.080215
v -1.336440 0.226638 -0.080215
v -1.464441 0.226638 -0.080215
v -1.586440 0.226638 -0.080215
v -1.714441 0.226638 -0.080215
v -1.836440 0.226638 -0.080215
v -0.836439 0.226638 0.080214
v 1.614326 0.193412 0.000000
v 1.614326 0.228530 0.084781
v -2.064439 0.313311 0.119899
v -1.977240 0.252875 0.094865
v -1.964440 0.281019 0.106523
v -1.836440 0.281019 0.106523
v -1.714441 0.281019 0.106523
v -1.823640 0.252875 0.094865
v -1.727240 0.252875 0.094865
v -1.586440 0.281019 0.106523
v -1.464441 0.281019 0.106523
v -1.573640 0.252875 0.094865
v -1.477240 0.252875 0.094865
v -1.336440 0.281019 0.106523
v -1.214441 0.281019 0.106523
v -1.323640 0.252875 0.094865
v -1.227240 0.252875 0.094865
v -1.086439 0.281019 0.106523
v -1.714441 0.226638 0.080215
v -1.823640 0.252875 0.094865
v -1.836440 0.226638 0.080215
v -1.727240 0.252875 0.094865
v -1.464441 0.226638 0.080215
v -1.573640 0.252875 0.094865
v -1.586440 0.226638 0.080215
v -1.477240 0.252875 0.094865
v -1.214441 0.226638 0.080215
v -1.323640 0.252875 0.094865
v -1.336440 0.226638 0.080215
v -1.227240 0.252875 0.094865
v -1.086439 0.226638 0.080214
v -0.977240 0.252875 0.094865
v -1.073639 0.252875 0.094865
v -0.964439 0.226638 0.080214
v -1.573640 0.252875 -0.094865
v -1.477240 0.252875 -0.094865
v -1.464441 0.226638 -0.080215
v -1.586440 0.226638 -0.080215
v -1.823640 0.252875 -0.094865
v -1.727240 0.252875 -0.094865
v -1.714441 0.226638 -0.080215
v -1.836440 0.226638 -0.080215
v -1.323640 0.252875 -0.094865
v -1.227240 0.252875 -0.094865
v -1.214441 0.226638 -0.080215
v -1.336440 0.226638 -0.080215
v -0.977240 0.252875 -0.094865
v -1.086439 0.226638 -0.080214
v -1.073639 0.252875 -0.094865
v -0.964439 0.226638 -0.080214
v -1.073639 0.252875 0.094865
v -0.977240 0.252875 0.094865
v -0.964439 0.281019 0.106523
v -0.836439 0.281019 0.106523
v 1.614326 0.313311 0.119899
v -0.823639 0.252875 0.094865
v 1.614326 0.270920 0.102340
v 1.614326 0.228530 0.084781
v -0.836439 0.226638 0.080214
v -1.964440 0.226638 -0.080215
v -2.064439 0.228530 -0.084781
v -2.064439 0.270920 -0.102340
v -1.977240 0.252875 -0.094865
v -1.964440 0.281019 -0.106523
v -2.064439 0.313311 -0.119899
v -1.836440 0.281019 -0.106523
v -1.714441 0.281019 -0.106523
v -1.823640 0.252875 -0.094865
v -1.727240 0.252875 -0.094865
v -1.586440 0.281019 -0.106523
v -1.464441 0.281019 -0.106523
v -1.573640 0.252875 -0.094865
v -1.477240 0.252875 -0.094865
v -1.336440 0.281019 -0.106523
v -1.214441 0.281019 -0.106523
v -1.323640 0.252875 -0.094865
v -1.227240 0.252875 -0.094865
v -1.086439 0.281019 -0.106523
v -0.140439 0.313311 -0.119899
v -0.977240 0.252875 -0.094865
v -1.073639 0.252875 -0.094865
v -0.964439 0.281019 -0.106523
v -0.836439 0.281019 -0.106523
v -0.823639 0.252875 -0.094865
v -0.140439 0.282203 -0.107014
v -0.836439 0.226638 -0.080214
v 0.389003 0.282203 -0.107014
v 1.614326 0.228530 -0.084781
v 0.539264 0.282203 -0.107014
v 0.779561 0.282203 -0.107014
v 1.614326 0.313311 -0.119899
v 0.779561 0.313311 -0.119899
v 0.779561 0.313311 -0.119899
v 1.614326 0.398092 -0.084781
v 0.753164 0.337086 -0.110051
v 0.389003 0.377086 -0.093482
v 0.539264 0.337086 -0.110051
v -0.836439 0.392476 -0.087107
v -0.140439 0.377086 -0.093482
v -2.064439 0.398092 -0.084781
v -0.823639 0.364655 -0.098631
v -0.140439 0.313311 -0.119899
v -0.836439 0.336833 -0.110156
v -0.964439 0.336833 -0.110156
v -1.086439 0.336833 -0.110156
v -0.977240 0.364655 -0.098631
v -2.064439 0.313311 -0.119899
v -0.964439 0.392476 -0.087107
v -1.073639 0.364655 -0.098631
v -1.086439 0.392478 -0.087107
v -1.214441 0.392478 -0.087107
v -1.323640 0.364655 -0.098631
v -1.336440 0.392478 -0.087107
v -1.464441 0.392478 -0.087107
v -1.573640 0.364655 -0.098631
v -1.586440 0.392478 -0.087107
v -1.714441 0.392478 -0.087107
v -1.823640 0.364655 -0.098631
v -1.836440 0.392478 -0.087107
v -1.964440 0.392478 -0.087107
v -1.977240 0.364655 -0.098631
v -1.977240 0.252875 0.094865
v -2.064439 0.228530 0.084781
v -1.964440 0.226638 0.080215
v 0.108167 0.264021 0.097119
v 0.047108 -0.027243 0.097119
v 0.108167 0.003527 0.097119
v -0.586485 0.090985 0.097119
v -0.686485 0.264021 0.097119
v -0.686485 0.198311 0.097119
v -0.836439 0.336833 0.110156
v -0.823639 0.364655 0.098631
v -2.064439 0.313311 0.119899
v 1.614326 0.398092 0.084781
v -0.836439 0.392476 0.087107
v -0.964439 0.336833 0.110156
v -0.977240 0.364655 0.098631
v -1.086439 0.336833 0.110156
v -2.064439 0.398092 0.084781
v -0.964439 0.392476 0.087107
v -1.073639 0.364655 0.098631
v -1.086439 0.392478 0.087107
v -1.214441 0.392478 0.087107
v -1.323640 0.364655 0.098631
v -1.336440 0.392478 0.087107
v -1.464441 0.392478 0.087107
v -1.573640 0.364655 0.098631
v -1.586440 0.392478 0.087107
v -1.714441 0.392478 0.087107
v -1.823640 0.364655 0.098631
v -1.836440 0.392478 0.087107
v -1.964440 0.392478 0.087107
v -1.977240 0.364655 0.098631
v -0.977240 0.364655 0.098631
v -1.073639 0.364655 0.098631
v -1.086439 0.336833 0.110156
v -0.964439 0.392476 0.087107
v -1.714441 0.392478 0.087107
v -1.823640 0.364655 0.098631
v -1.727240 0.364655 0.098631
v -1.836440 0.336833 0.110156
v -1.214441 0.392478 0.087107
v -1.323640 0.364655 0.098631
v -1.227240 0.364655 0.098631
v -1.336440 0.336833 0.110156
v -1.464441 0.392478 0.087107
v -1.573640 0.364655 0.098631
v -1.477240 0.364655 0.098631
v -1.586440 0.336833 0.110156
v -2.064439 0.313311 0.119899
v -1.586440 0.336833 0.110156
v -1.714441 0.336833 0.110156
v -1.464441 0.336833 0.110156
v -1.336440 0.336833 0.110156
v -1.214441 0.336833 0.110156
v -1.086439 0.336833 0.110156
v -1.727240 0.364655 0.098631
v -1.836440 0.336833 0.110156
v -1.714441 0.336833 0.110156
v -1.964440 0.336833 0.110156
v -1.464441 0.336833 0.110156
v -1.586440 0.336833 0.110156
v -1.477240 0.364655 0.098631
v -1.336440 0.336833 0.110156
v -1.214441 0.336833 0.110156
v -1.227240 0.364655 0.098631
v -2.064439 0.398092 0.084781
v -1.086439 0.392478 0.087107
v -0.964439 0.392476 0.087107
v -1.714441 0.392478 0.087107
v -1.836440 0.392478 0.087107
v -1.586440 0.392478 0.087107
v -1.464441 0.392478 0.087107
v -1.336440 0.392478 0.087107
v -1.214441 0.392478 0.087107
v -1.964440 0.226638 -0.080215
v -2.064439 0.228530 -0.084781
v -1.977240 0.252875 -0.094865
v -0.686485 0.198311 -0.097119
v -0.686485 0.198311 0.097119
v -0.686485 0.264021 -0.097119
v -0.686485 0.264021 0.097119
v -0.586485 0.090985 0.097119
v -0.586485 0.090985 -0.097119
v 0.047108 -0.027243 0.097119
v 0.047108 -0.027243 -0.097119
v 0.108167 0.003527 -0.097119
v 0.108167 0.003527 0.097119
v 0.108167 0.264021 -0.097119
v -0.586485 0.090985 -0.097119
v -0.686485 0.264021 -0.097119
v -0.686485 0.198311 -0.097119
v 0.047108 -0.027243 -0.097119
v 0.108167 0.003527 -0.097119
v -0.977240 0.364655 -0.098631
v -1.073639 0.364655 -0.098631
v -0.964439 0.392476 -0.087107
v -1.086439 0.336833 -0.110156
v -1.823640 0.364655 -0.098631
v -1.714441 0.392478 -0.087107
v -1.727240 0.364655 -0.098631
v -1.836440 0.336833 -0.110156
v -1.323640 0.364655 -0.098631
v -1.214441 0.392478 -0.087107
v -1.227240 0.364655 -0.098631
v -1.336440 0.336833 -0.110156
v -1.573640 0.364655 -0.098631
v -1.464441 0.392478 -0.087107
v -1.477240 0.364655 -0.098631
v -1.586440 0.336833 -0.110156
v -1.714441 0.336833 -0.110156
v -1.836440 0.336833 -0.110156
v -1.727240 0.364655 -0.098631
v -1.964440 0.336833 -0.110156
v -1.336440 0.336833 -0.110156
v -1.214441 0.336833 -0.110156
v -1.227240 0.364655 -0.098631
v -1.464441 0.336833 -0.110156
v -1.586440 0.336833 -0.110156
v -1.477240 0.364655 -0.098631
v -1.586440 0.336833 -0.110156
v -2.064439 0.313311 -0.119899
v -1.714441 0.336833 -0.110156
v -1.464441 0.336833 -0.110156
v -1.336440 0.336833 -0.110156
v -1.214441 0.336833 -0.110156
v -1.086439 0.336833 -0.110156
v -0.964439 0.336833 -0.110156
v -0.140439 0.313311 -0.119899
v -1.086439 0.392478 -0.087107
v -2.064439 0.398092 -0.084781
v -0.964439 0.392476 -0.087107
v -1.714441 0.392478 -0.087107
v -1.836440 0.392478 -0.087107
v -1.586440 0.392478 -0.087107
v -1.464441 0.392478 -0.087107
v -1.336440 0.392478 -0.087107
v -1.214441 0.392478 -0.087107
v 0.639936 0.102405 0.087407
v 0.064748 0.182404 0.087407
v 0.064748 0.102405 0.087407
v 0.754936 0.182404 0.087407
v 0.729935 0.264021 0.087407
v 0.064748 0.264021 0.087407
v 1.599560 -0.023381 0.081278
v 1.509561 -0.193382 0.081278
v 1.609561 -0.193382 0.081278
v 1.519560 -0.023381 0.081278
v 1.599560 0.246619 0.097533
v 1.519560 0.246619 0.097533
v 1.399561 -0.023381 0.081278
v 1.219560 -0.153381 0.081278
v 1.099560 0.036618 0.081278
v 1.139561 -0.153381 0.081278
v 0.989561 -0.073382 0.081278
v 1.009561 0.226619 0.081278
v 0.849560 0.226619 0.081278
v 1.074771 -0.187365 0.081278
v 0.974351 -0.129399 0.081278
v 1.007938 -0.184281 0.081278
v 0.639935 0.102405 -0.087407
v 0.064748 0.182404 -0.087407
v 0.754935 0.182404 -0.087407
v 0.064748 0.102405 -0.087407
v 0.729935 0.264021 -0.087407
v 0.064748 0.264021 -0.087407
v 0.632302 -0.200447 0.079666
v 0.287909 0.129226 0.079666
v 0.380009 -0.260126 0.079666
v 0.540199 0.188906 0.079666
v 0.632302 -0.200447 0.079666
v 0.380009 -0.260126 0.079666
v 0.638640 -0.227244 0.079666
v 0.359551 -0.293264 0.079666
v 0.638640 -0.227244 0.079666
v 0.372230 -0.346861 0.079666
v 0.651320 -0.280843 0.079666
v 0.359551 -0.293264 0.079666
v 1.509561 -0.193382 -0.081278
v 1.519560 -0.023381 -0.081278
v 1.599560 -0.023381 -0.081278
v 1.609561 -0.193382 -0.081278
v 1.519560 0.246619 -0.097533
v 1.599560 0.246619 -0.097533
v 1.399561 -0.023381 -0.081278
v 1.219560 -0.153381 -0.081278
v 1.099560 0.036618 -0.081278
v 1.139561 -0.153381 -0.081278
v 0.989561 -0.073382 -0.081278
v 1.009561 0.226619 -0.081278
v 0.849560 0.226619 -0.081278
v 1.074771 -0.187365 -0.081278
v 0.974351 -0.129399 -0.081278
v 1.007938 -0.184281 -0.081278
v 0.632302 -0.200447 -0.079666
v 0.287909 0.129226 -0.079666
v 0.540199 0.188906 -0.079666
v 0.380009 -0.260126 -0.079666
v 0.638640 -0.227244 -0.079666
v 0.380009 -0.260126 -0.079666
v 0.632302 -0.200447 -0.079666
v 0.359551 -0.293264 -0.079666
v 0.651320 -0.280843 -0.079666
v 0.372230 -0.346861 -0.079666
v 0.638640 -0.227244 -0.079666
v 0.359551 -0.293264 -0.079666
v -2.064439 0.433210 -0.000000
v 1.614326 0.433210 -0.000000
v -2.064439 0.398092 0.084781
v -2.064439 0.313311 0.119899
v -1.977240 0.364655 0.098631
v -1.964440 0.336833 0.110156
v -2.064439 0.398092 -0.084781
v -1.977240 0.364655 -0.098631
v -2.064439 0.313311 -0.119899
v -1.964440 0.336833 -0.110156
v 1.614326 0.398092 -0.084781
v -2.064439 0.433210 -0.000000
v 1.614326 0.433210 -0.000000
v -3.565430 0.273342 0.039969
v -0.724685 0.273342 0.039969
v -0.724685 0.313311 0.056525
v -3.565430 0.313311 0.056525
v -3.565430 0.256786 -0.000000
v -0.724685 0.256786 -0.000000
v -3.565430 0.273342 -0.039969
v -0.724685 0.273342 -0.039969
v -3.565430 0.313311 -0.056525
v -0.724685 0.313311 -0.056525
v -3.565430 0.353280 -0.039969
v -0.724685 0.353280 -0.039969
v -3.565430 0.369836 -0.000000
v -0.724685 0.369836 -0.000000
v -3.565430 0.353280 0.039969
v -0.724685 0.353280 0.039969
v -3.565430 0.313311 0.056525
v -0.724685 0.313311 0.056525
v 0.753164 0.337086 -0.010224
v 0.539264 0.337086 -0.010224
v 0.753164 0.337086 -0.110051
v 0.539264 0.337086 -0.110051
v -1.586440 0.281019 -0.106523
v -1.714441 0.293106 -0.087550
v -1.714441 0.281019 -0.106523
v -1.586440 0.293106 -0.087550
v -1.336440 0.281019 -0.106523
v -1.464441 0.293106 -0.087550
v -1.464441 0.281019 -0.106523
v -1.336440 0.293106 -0.087550
v -1.086439 0.281019 -0.106523
v -1.214441 0.293106 -0.087550
v -1.214441 0.281019 -0.106523
v -1.086439 0.293106 -0.087550
v -0.836439 0.281019 -0.106523
v -0.964439 0.293106 -0.087550
v -0.964439 0.281019 -0.106523
v -0.836439 0.293106 -0.087550
v -1.836440 0.281019 -0.106523
v -1.964440 0.293106 -0.087550
v -1.964440 0.281019 -0.106523
v -1.836440 0.293106 -0.087550
v -0.836439 0.381714 0.066430
v -0.964439 0.392476 0.087107
v -0.964439 0.381714 0.066430
v -0.836439 0.392476 0.087107
v -0.964439 0.281019 0.106523
v -0.977240 0.264962 0.075892
v -0.964439 0.293106 0.087550
v -0.977240 0.252875 0.094865
v -0.836439 0.281019 0.106523
v -0.836439 0.293106 0.087550
v -0.140439 0.377086 -0.010224
v 0.389003 0.377086 -0.010224
v 0.389003 0.282203 -0.010224
v -0.140439 0.282203 -0.010224
v 0.539264 0.337086 -0.010224
v 0.539264 0.282203 -0.010224
v 0.753164 0.337086 -0.010224
v 0.539264 0.282203 -0.010224
v 0.779561 0.282203 -0.010224
v 0.779561 0.314730 -0.010224
v -1.586440 0.381714 -0.066430
v -1.714441 0.392478 -0.087107
v -1.586440 0.392478 -0.087107
v -1.714441 0.381714 -0.066430
v -1.336440 0.381714 -0.066430
v -1.464441 0.392478 -0.087107
v -1.336440 0.392478 -0.087107
v -1.464441 0.381714 -0.066430
v -1.214441 0.392478 -0.087107
v -1.086439 0.392478 -0.087107
v -1.086439 0.381714 -0.066430
v -1.214441 0.381714 -0.066430
v -0.836439 0.381714 -0.066430
v -0.964439 0.392476 -0.087107
v -0.836439 0.392476 -0.087107
v -0.964439 0.381714 -0.066430
v -1.836440 0.381714 -0.066430
v -1.964440 0.392478 -0.087107
v -1.836440 0.392478 -0.087107
v -1.964440 0.381714 -0.066430
v 0.389003 0.377086 -0.010224
v -0.140439 0.377086 -0.010224
v 0.389003 0.377086 -0.093482
v -0.140439 0.377086 -0.093482
v -0.964439 0.281019 -0.106523
v -0.977240 0.264962 -0.075892
v -0.977240 0.252875 -0.094865
v -0.964439 0.293106 -0.087550
v -1.214441 0.281019 0.106523
v -1.227240 0.264962 0.075892
v -1.214441 0.293106 0.087550
v -1.227240 0.252875 0.094865
v -1.086439 0.281019 0.106523
v -1.086439 0.293106 0.087550
v -1.464441 0.381714 -0.066430
v -2.033320 0.409229 -0.000000
v -1.586440 0.381714 -0.066430
v -1.464933 0.381136 -0.067825
v -1.585946 0.381136 -0.067825
v -1.714441 0.381714 -0.066430
v -1.336440 0.381714 -0.066430
v -1.836440 0.381714 -0.066430
v -1.714933 0.381136 -0.067825
v -1.835946 0.381136 -0.067825
v -1.964440 0.381714 -0.066430
v -2.033320 0.381136 -0.067825
v -1.964933 0.381136 -0.067825
v -0.713334 0.409229 -0.000000
v -1.214933 0.381136 -0.067825
v -1.335946 0.381136 -0.067825
v -1.214441 0.381714 -0.066430
v -1.086439 0.381714 -0.066430
v -0.964933 0.381136 -0.067825
v -1.085946 0.381136 -0.067825
v -0.964439 0.381714 -0.066430
v -0.836439 0.381714 -0.066430
v -0.713334 0.381136 -0.067825
v -0.835946 0.381136 -0.067825
v -1.086439 0.381714 0.066430
v -0.713334 0.409229 -0.000000
v -0.964439 0.381714 0.066430
v -0.964933 0.381136 0.067825
v -1.085946 0.381136 0.067825
v -0.836439 0.381714 0.066430
v -1.214441 0.381714 0.066430
v -0.713334 0.381136 0.067825
v -0.835946 0.381136 0.067825
v -1.336440 0.381714 0.066430
v -1.214933 0.381136 0.067825
v -1.335946 0.381136 0.067825
v -2.033320 0.409229 -0.000000
v -1.464441 0.381714 0.066430
v -1.586440 0.381714 0.066430
v -1.464933 0.381136 0.067825
v -1.585946 0.381136 0.067825
v -1.714441 0.381714 0.066430
v -1.836440 0.381714 0.066430
v -1.714933 0.381136 0.067825
v -1.835946 0.381136 0.067825
v -1.964440 0.381714 0.066430
v -2.033320 0.381136 0.067825
v -1.964933 0.381136 0.067825
v -0.964439 0.392476 -0.087107
v -0.964933 0.381136 -0.067825
v -0.977240 0.364655 -0.098631
v -0.964439 0.381714 -0.066430
v -0.977240 0.354385 -0.078905
v -0.964439 0.336833 -0.110156
v -0.964439 0.326564 -0.090429
v -0.964439 0.381714 0.066430
v -0.964439 0.392476 0.087107
v -0.964933 0.381136 0.067825
v -0.977240 0.364655 0.098631
v -0.977240 0.354385 0.078905
v -0.964439 0.336833 0.110156
v -0.964439 0.326564 0.090429
v -1.714441 0.336833 -0.110156
v -1.586440 0.326564 -0.090429
v -1.586440 0.336833 -0.110156
v -1.714441 0.326564 -0.090429
v -1.464441 0.336833 -0.110156
v -1.336440 0.326564 -0.090429
v -1.336440 0.336833 -0.110156
v -1.464441 0.326564 -0.090429
v -1.214441 0.336833 -0.110156
v -1.086439 0.326564 -0.090429
v -1.086439 0.336833 -0.110156
v -1.214441 0.326564 -0.090429
v -0.964439 0.336833 -0.110156
v -0.836439 0.326564 -0.090429
v -0.836439 0.336833 -0.110156
v -0.964439 0.326564 -0.090429
v -1.964440 0.336833 -0.110156
v -1.836440 0.326564 -0.090429
v -1.836440 0.336833 -0.110156
v -1.964440 0.326564 -0.090429
v -1.586440 0.241170 0.057405
v -1.714441 0.241170 0.057405
v -1.714441 0.226638 0.080215
v -1.586440 0.226638 0.080215
v -1.336440 0.241170 0.057405
v -1.464441 0.241170 0.057405
v -1.464441 0.226638 0.080215
v -1.336440 0.226638 0.080215
v -1.214441 0.241170 0.057405
v -1.086439 0.226638 0.080214
v -1.086439 0.241170 0.057405
v -1.214441 0.226638 0.080215
v -0.836439 0.241170 0.057405
v -0.964439 0.241170 0.057405
v -0.964439 0.226638 0.080214
v -0.836439 0.226638 0.080214
v -1.836440 0.241170 0.057405
v -1.964440 0.241170 0.057405
v -1.964440 0.226638 0.080215
v -1.836440 0.226638 0.080215
v -0.979673 0.784215 -0.089361
v -0.979673 0.833868 -0.000000
v -0.979673 0.821229 -0.000000
v -0.979673 0.784215 0.089361
v -0.979673 0.793152 -0.098297
v -0.979673 0.793152 0.098297
v -0.979673 0.694853 0.139013
v -0.979673 0.694853 0.126376
v -0.979673 0.694853 -0.139013
v -0.979673 0.694853 -0.126376
v -0.979673 0.596556 -0.098297
v -0.979673 0.605493 -0.089361
v -0.979673 0.555841 -0.000000
v -0.979673 0.568479 -0.000000
v -0.979673 0.605493 0.089361
v -0.979673 0.596556 0.098297
v -0.979673 0.694853 0.126376
v -0.979673 0.694853 0.139013
v -1.714441 0.226638 -0.080215
v -1.586440 0.241170 -0.057405
v -1.586440 0.226638 -0.080215
v -1.714441 0.241170 -0.057405
v -1.464441 0.226638 -0.080215
v -1.336440 0.241170 -0.057405
v -1.336440 0.226638 -0.080215
v -1.464441 0.241170 -0.057405
v -1.086439 0.226638 -0.080214
v -1.214441 0.241170 -0.057405
v -1.086439 0.241170 -0.057405
v -1.214441 0.226638 -0.080215
v -0.964439 0.226638 -0.080214
v -0.836439 0.241170 -0.057405
v -0.836439 0.226638 -0.080214
v -0.964439 0.241170 -0.057405
v -1.964440 0.226638 -0.080215
v -1.836440 0.241170 -0.057405
v -1.836440 0.226638 -0.080215
v -1.964440 0.241170 -0.057405
v -1.586440 0.326564 0.090429
v -1.714441 0.326564 0.090429
v -1.714441 0.336833 0.110156
v -1.586440 0.336833 0.110156
v -1.336440 0.326564 0.090429
v -1.464441 0.326564 0.090429
v -1.464441 0.336833 0.110156
v -1.336440 0.336833 0.110156
v -1.214441 0.336833 0.110156
v -1.086439 0.326564 0.090429
v -1.214441 0.326564 0.090429
v -1.086439 0.336833 0.110156
v -0.836439 0.326564 0.090429
v -0.964439 0.326564 0.090429
v -0.964439 0.336833 0.110156
v -0.836439 0.336833 0.110156
v -1.836440 0.326564 0.090429
v -1.964440 0.326564 0.090429
v -1.964440 0.336833 0.110156
v -1.836440 0.336833 0.110156
v -0.964439 0.226638 0.080214
v -0.977240 0.264962 0.075892
v -0.977240 0.252875 0.094865
v -0.964439 0.241170 0.057405
v -1.227240 0.354385 -0.078905
v -1.323640 0.354385 -0.078905
v -1.214441 0.326564 -0.090429
v -1.214933 0.381136 -0.067825
v -1.335946 0.381136 -0.067825
v -1.336440 0.326564 -0.090429
v -0.713334 0.313311 -0.095919
v -1.086439 0.326564 -0.090429
v -2.033320 0.313311 -0.095919
v -1.464441 0.326564 -0.090429
v -0.964439 0.326564 -0.090429
v -0.836439 0.326564 -0.090429
v -0.977240 0.354385 -0.078905
v -0.823639 0.354385 -0.078905
v -0.713334 0.381136 -0.067825
v -0.835946 0.381136 -0.067825
v -1.073639 0.354385 -0.078905
v -0.964933 0.381136 -0.067825
v -1.085946 0.381136 -0.067825
v -1.573640 0.354385 -0.078905
v -1.477240 0.354385 -0.078905
v -1.464933 0.381136 -0.067825
v -1.585946 0.381136 -0.067825
v -1.586440 0.326564 -0.090429
v -1.714441 0.326564 -0.090429
v -1.836440 0.326564 -0.090429
v -1.964440 0.326564 -0.090429
v -1.823640 0.354385 -0.078905
v -1.977240 0.354385 -0.078905
v -2.033320 0.381136 -0.067825
v -1.964933 0.381136 -0.067825
v -1.727240 0.354385 -0.078905
v -1.714933 0.381136 -0.067825
v -1.835946 0.381136 -0.067825
v -0.964439 0.226638 -0.080214
v -0.977240 0.264962 -0.075892
v -0.964439 0.241170 -0.057405
v -0.977240 0.252875 -0.094865
v 0.389003 0.282203 -0.107014
v -0.140439 0.282203 -0.107014
v -0.140439 0.282203 -0.010224
v 0.389003 0.282203 -0.010224
v 0.779561 0.282203 -0.107014
v 0.539264 0.282203 -0.107014
v 0.539264 0.282203 -0.010224
v 0.779561 0.282203 -0.010224
v 0.539264 0.282203 -0.107014
v 0.389003 0.282203 -0.107014
v 0.389003 0.282203 -0.010224
v 0.539264 0.282203 -0.010224
v -2.033320 0.381136 0.067825
v -1.977240 0.354385 0.078905
v -2.033320 0.313311 0.095919
v -1.964933 0.381136 0.067825
v -1.964440 0.326564 0.090429
v -1.836440 0.326564 0.090429
v -1.714441 0.326564 0.090429
v -1.823640 0.354385 0.078905
v -1.727240 0.354385 0.078905
v -1.714933 0.381136 0.067825
v -1.835946 0.381136 0.067825
v -1.586440 0.326564 0.090429
v -1.464441 0.326564 0.090429
v -1.573640 0.354385 0.078905
v -1.336440 0.326564 0.090429
v -1.477240 0.354385 0.078905
v -1.464933 0.381136 0.067825
v -1.585946 0.381136 0.067825
v -0.713334 0.313311 0.095919
v -1.214441 0.326564 0.090429
v -1.323640 0.354385 0.078905
v -1.227240 0.354385 0.078905
v -1.214933 0.381136 0.067825
v -1.335946 0.381136 0.067825
v -1.086439 0.326564 0.090429
v -0.964439 0.326564 0.090429
v -0.977240 0.354385 0.078905
v -0.836439 0.326564 0.090429
v -1.073639 0.354385 0.078905
v -0.964933 0.381136 0.067825
v -1.085946 0.381136 0.067825
v -0.823639 0.354385 0.078905
v -0.713334 0.381136 0.067825
v -0.835946 0.381136 0.067825
v -0.836439 0.381714 -0.066430
v -0.836439 0.392476 -0.087107
v -0.835946 0.381136 -0.067825
v -0.823639 0.364655 -0.098631
v -0.823639 0.354385 -0.078905
v -0.836439 0.336833 -0.110156
v -0.836439 0.326564 -0.090429
v -0.823639 0.364655 0.098631
v -0.835946 0.381136 0.067825
v -0.823639 0.354385 0.078905
v -0.836439 0.392476 0.087107
v -0.836439 0.381714 0.066430
v -0.836439 0.336833 0.110156
v -0.836439 0.326564 0.090429
v -0.823639 0.264962 -0.075892
v -0.836439 0.281019 -0.106523
v -0.823639 0.252875 -0.094865
v -0.836439 0.293106 -0.087550
v -0.836439 0.226638 -0.080214
v -0.823639 0.264962 -0.075892
v -0.836439 0.241170 -0.057405
v -0.823639 0.264962 0.075892
v -0.836439 0.281019 0.106523
v -0.836439 0.293106 0.087550
v -0.823639 0.252875 0.094865
v -0.823639 0.264962 0.075892
v -0.836439 0.226638 0.080214
v -0.836439 0.241170 0.057405
v -1.214441 0.381714 0.066430
v -1.214441 0.392478 0.087107
v -1.214933 0.381136 0.067825
v -1.086439 0.381714 0.066430
v -1.086439 0.392478 0.087107
v -1.227240 0.364655 0.098631
v -1.227240 0.354385 0.078905
v -1.214441 0.336833 0.110156
v -1.214441 0.326564 0.090429
v -1.464441 0.281019 0.106523
v -1.477240 0.264962 0.075892
v -1.464441 0.293106 0.087550
v -1.477240 0.252875 0.094865
v -1.336440 0.281019 0.106523
v -1.336440 0.293106 0.087550
v -1.964440 0.293106 -0.087550
v -1.836440 0.293106 -0.087550
v -2.033320 0.313311 -0.095919
v -1.977240 0.264962 -0.075892
v -2.033320 0.245486 -0.067825
v -1.964440 0.241170 -0.057405
v -1.714441 0.293106 -0.087550
v -1.823640 0.264962 -0.075892
v -1.727240 0.264962 -0.075892
v -1.714441 0.241170 -0.057405
v -1.836440 0.241170 -0.057405
v -1.586440 0.293106 -0.087550
v -1.464441 0.293106 -0.087550
v -1.573640 0.264962 -0.075892
v -1.336440 0.293106 -0.087550
v -1.477240 0.264962 -0.075892
v -1.464441 0.241170 -0.057405
v -1.586440 0.241170 -0.057405
v -0.713334 0.313311 -0.095919
v -1.214441 0.293106 -0.087550
v -1.323640 0.264962 -0.075892
v -1.227240 0.264962 -0.075892
v -1.214441 0.241170 -0.057405
v -1.336440 0.241170 -0.057405
v -1.086439 0.293106 -0.087550
v -0.964439 0.293106 -0.087550
v -0.836439 0.293106 -0.087550
v -0.977240 0.264962 -0.075892
v -0.823639 0.264962 -0.075892
v -0.713334 0.245486 -0.067825
v -0.836439 0.241170 -0.057405
v -1.073639 0.264962 -0.075892
v -1.086439 0.241170 -0.057405
v -0.964439 0.241170 -0.057405
v -1.227240 0.264962 0.075892
v -1.323640 0.264962 0.075892
v -1.214441 0.293106 0.087550
v -1.214441 0.241170 0.057405
v -1.336440 0.241170 0.057405
v -1.336440 0.293106 0.087550
v -0.713334 0.313311 0.095919
v -1.086439 0.293106 0.087550
v -2.033320 0.313311 0.095919
v -1.464441 0.293106 0.087550
v -0.964439 0.293106 0.087550
v -0.836439 0.293106 0.087550
v -0.977240 0.264962 0.075892
v -0.823639 0.264962 0.075892
v -0.713334 0.245486 0.067825
v -0.836439 0.241170 0.057405
v -1.073639 0.264962 0.075892
v -1.086439 0.241170 0.057405
v -0.964439 0.241170 0.057405
v -1.573640 0.264962 0.075892
v -1.477240 0.264962 0.075892
v -1.464441 0.241170 0.057405
v -1.586440 0.241170 0.057405
v -1.586440 0.293106 0.087550
v -1.714441 0.293106 0.087550
v -1.836440 0.293106 0.087550
v -1.964440 0.293106 0.087550
v -1.823640 0.264962 0.075892
v -1.977240 0.264962 0.075892
v -2.033320 0.245486 0.067825
v -1.964440 0.241170 0.057405
v -1.727240 0.264962 0.075892
v -1.714441 0.241170 0.057405
v -1.836440 0.241170 0.057405
v -1.336440 0.241170 -0.057405
v -2.033322 0.217392 0.000000
v -0.713334 0.217392 0.000000
v -1.214441 0.241170 -0.057405
v -1.086439 0.241170 -0.057405
v -0.964439 0.241170 -0.057405
v -0.836439 0.241170 -0.057405
v -0.713334 0.245486 -0.067825
v -1.464441 0.241170 -0.057405
v -1.586440 0.241170 -0.057405
v -1.714441 0.241170 -0.057405
v -1.836440 0.241170 -0.057405
v -1.964440 0.241170 -0.057405
v -2.033320 0.245486 -0.067825
v -1.336440 0.241170 0.057405
v -0.713334 0.217392 0.000000
v -2.033322 0.217392 0.000000
v -1.214441 0.241170 0.057405
v -1.086439 0.241170 0.057405
v -0.964439 0.241170 0.057405
v -0.836439 0.241170 0.057405
v -0.713334 0.245486 0.067825
v -1.464441 0.241170 0.057405
v -1.586440 0.241170 0.057405
v -1.714441 0.241170 0.057405
v -1.836440 0.241170 0.057405
v -1.964440 0.241170 0.057405
v -2.033320 0.245486 0.067825
v -1.714441 0.281019 0.106523
v -1.727240 0.264962 0.075892
v -1.714441 0.293106 0.087550
v -1.727240 0.252875 0.094865
v -1.586440 0.281019 0.106523
v -1.586440 0.293106 0.087550
v -1.964440 0.381714 0.066430
v -1.964440 0.392478 0.087107
v -1.964933 0.381136 0.067825
v -1.836440 0.381714 0.066430
v -1.836440 0.392478 0.087107
v -1.977240 0.364655 0.098631
v -1.977240 0.354385 0.078905
v -1.464441 0.381714 0.066430
v -1.464441 0.392478 0.087107
v -1.464933 0.381136 0.067825
v -1.336440 0.381714 0.066430
v -1.336440 0.392478 0.087107
v -1.477240 0.364655 0.098631
v -1.477240 0.354385 0.078905
v -1.464441 0.336833 0.110156
v -1.464441 0.326564 0.090429
v -1.964440 0.281019 0.106523
v -1.977240 0.264962 0.075892
v -1.964440 0.293106 0.087550
v -1.977240 0.252875 0.094865
v -1.836440 0.281019 0.106523
v -1.836440 0.293106 0.087550
v -0.713334 0.409229 -0.000000
v -0.713334 0.217392 0.000000
v -0.713334 0.313311 0.095919
v -0.713334 0.245486 0.067825
v -0.713334 0.381136 0.067825
v -0.713334 0.313311 -0.095919
v -0.713334 0.245486 -0.067825
v -0.713334 0.381136 -0.067825
v -1.214441 0.281019 -0.106523
v -1.227240 0.264962 -0.075892
v -1.227240 0.252875 -0.094865
v -1.214441 0.293106 -0.087550
v -1.714441 0.381714 0.066430
v -1.714441 0.392478 0.087107
v -1.714933 0.381136 0.067825
v -1.586440 0.381714 0.066430
v -1.586440 0.392478 0.087107
v -1.727240 0.364655 0.098631
v -1.727240 0.354385 0.078905
v -1.714441 0.336833 0.110156
v -1.714441 0.326564 0.090429
v -1.214441 0.226638 0.080215
v -1.227240 0.264962 0.075892
v -1.227240 0.252875 0.094865
v -1.214441 0.241170 0.057405
v -1.214441 0.226638 -0.080215
v -1.227240 0.264962 -0.075892
v -1.214441 0.241170 -0.057405
v -1.227240 0.252875 -0.094865
v -1.214441 0.392478 -0.087107
v -1.214933 0.381136 -0.067825
v -1.227240 0.364655 -0.098631
v -1.214441 0.381714 -0.066430
v -1.227240 0.354385 -0.078905
v -1.214441 0.336833 -0.110156
v -1.214441 0.326564 -0.090429
v 0.705734 0.582679 -0.000000
v 0.834287 0.615534 0.079319
v 0.834287 0.582679 -0.000000
v 0.705734 0.615534 0.079319
v 0.834287 0.694853 0.112174
v 0.705734 0.694853 0.112174
v 0.705734 0.615534 -0.079319
v 0.834287 0.615534 -0.079319
v 0.705734 0.694853 -0.112174
v 0.834287 0.694853 -0.112174
v 0.705734 0.774173 -0.079319
v 0.834287 0.774173 -0.079319
v 0.705734 0.807029 -0.000000
v 0.834287 0.807029 -0.000000
v 0.705734 0.774173 0.079319
v 0.834287 0.774173 0.079319
v 0.705734 0.694853 0.112174
v 0.834287 0.694853 0.112174
v 0.389003 0.377086 -0.093482
v 0.539264 0.337086 -0.110051
v 0.539264 0.337086 -0.010224
v 0.389003 0.377086 -0.010224
v 1.399561 -0.023381 -0.081278
v 1.399561 -0.023381 0.081278
v 1.519560 -0.023381 -0.081278
v 1.519560 -0.023381 0.081278
v 1.099560 0.036618 -0.081278
v 1.099560 0.036618 0.081278
v 1.009561 0.226619 -0.081278
v 1.009561 0.226619 0.081278
v 1.519560 -0.023381 0.081278
v 1.519560 0.246619 0.097533
v 1.519560 0.246619 -0.097533
v -1.464441 0.281019 -0.106523
v -1.477240 0.264962 -0.075892
v -1.477240 0.252875 -0.094865
v -1.464441 0.293106 -0.087550
v -1.464441 0.226638 -0.080215
v -1.477240 0.264962 -0.075892
v -1.464441 0.241170 -0.057405
v -1.477240 0.252875 -0.094865
v -1.464441 0.226638 0.080215
v -1.477240 0.264962 0.075892
v -1.477240 0.252875 0.094865
v -1.464441 0.241170 0.057405
v -1.464441 0.392478 -0.087107
v -1.464933 0.381136 -0.067825
v -1.477240 0.364655 -0.098631
v -1.464441 0.381714 -0.066430
v -1.477240 0.354385 -0.078905
v -1.464441 0.336833 -0.110156
v -1.464441 0.326564 -0.090429
v 0.989561 -0.073382 -0.081278
v 0.849560 0.226619 0.081278
v 0.849560 0.226619 -0.081278
v 0.989561 -0.073382 0.081278
v 0.974351 -0.129399 -0.081278
v 0.974351 -0.129399 0.081278
v 1.007938 -0.184281 -0.081278
v 1.007938 -0.184281 0.081278
v 1.074771 -0.187365 -0.081278
v 1.074771 -0.187365 0.081278
v 1.139561 -0.153381 -0.081278
v 1.139561 -0.153381 0.081278
v 1.219560 -0.153381 -0.081278
v 1.219560 -0.153381 0.081278
v 1.509561 -0.193382 -0.081278
v 1.509561 -0.193382 0.081278
v 1.609561 -0.193382 -0.081278
v 1.609561 -0.193382 0.081278
v -1.714441 0.281019 -0.106523
v -1.727240 0.264962 -0.075892
v -1.727240 0.252875 -0.094865
v -1.714441 0.293106 -0.087550
v -1.714441 0.226638 -0.080215
v -1.727240 0.264962 -0.075892
v -1.714441 0.241170 -0.057405
v -1.727240 0.252875 -0.094865
v -1.714441 0.226638 0.080215
v -1.727240 0.264962 0.075892
v -1.727240 0.252875 0.094865
v -1.714441 0.241170 0.057405
v -1.714441 0.392478 -0.087107
v -1.714933 0.381136 -0.067825
v -1.727240 0.364655 -0.098631
v -1.714441 0.381714 -0.066430
v -1.727240 0.354385 -0.078905
v -1.714441 0.336833 -0.110156
v -1.714441 0.326564 -0.090429
v -1.964440 0.392478 -0.087107
v -1.964933 0.381136 -0.067825
v -1.977240 0.364655 -0.098631
v -1.977240 0.354385 -0.078905
v -1.964440 0.381714 -0.066430
v -1.964440 0.281019 -0.106523
v -1.977240 0.264962 -0.075892
v -1.977240 0.252875 -0.094865
v -1.964440 0.293106 -0.087550
v -1.977240 0.354385 -0.078905
v -1.964440 0.336833 -0.110156
v -1.977240 0.364655 -0.098631
v -1.964440 0.326564 -0.090429
v -1.964440 0.226638 -0.080215
v -1.977240 0.264962 -0.075892
v -1.964440 0.241170 -0.057405
v -1.977240 0.252875 -0.094865
v -1.977240 0.354385 0.078905
v -1.964440 0.336833 0.110156
v -1.964440 0.326564 0.090429
v -1.977240 0.364655 0.098631
v -1.964440 0.226638 0.080215
v -1.977240 0.264962 0.075892
v -1.977240 0.252875 0.094865
v -1.964440 0.241170 0.057405
v 0.779561 0.313311 -0.119899
v 0.779561 0.314730 -0.010224
v 0.753164 0.337086 -0.110051
v 0.753164 0.337086 -0.010224
v 0.372230 -0.346861 -0.079666
v 0.372230 -0.346861 0.079666
v 0.359551 -0.293264 -0.079666
v 0.359551 -0.293264 0.079666
v 0.380009 -0.260126 0.079666
v 0.287909 0.129226 0.079666
v 0.380009 -0.260126 -0.079666
v 0.287909 0.129226 -0.079666
v 0.359551 -0.293264 -0.079666
v 0.359551 -0.293264 0.079666
v 0.380009 -0.260126 -0.079666
v 0.380009 -0.260126 0.079666
v 0.703826 0.694853 -0.125534
v 0.332303 0.634184 -0.060670
v 0.332303 0.694853 -0.085800
v 0.332303 0.755523 -0.060670
v 0.703826 0.606087 -0.088766
v 0.703826 0.783620 -0.088766
v 0.703826 0.569319 -0.000000
v 0.703826 0.820388 -0.000000
v 0.332303 0.609054 -0.000000
v 0.332303 0.780653 -0.000000
v 0.332303 0.634184 0.060670
v 0.332303 0.755523 0.060670
v 0.703826 0.606087 0.088766
v 0.703826 0.694853 0.125534
v 0.332303 0.694853 0.085800
v 0.703826 0.783620 0.088766
v 0.703826 0.694853 0.125534
v 0.332303 0.694853 0.085800
v 0.703826 0.795153 -0.100299
v 0.703826 0.820388 -0.000000
v 0.703826 0.836697 -0.000000
v 0.703826 0.795153 0.100299
v 0.703826 0.783620 -0.088766
v 0.703826 0.783620 0.088766
v 0.703826 0.694853 0.141844
v 0.703826 0.694853 0.125534
v 0.703826 0.694853 -0.141844
v 0.703826 0.694853 -0.125534
v 0.703826 0.606087 -0.088766
v 0.703826 0.594554 -0.100299
v 0.703826 0.553009 -0.000000
v 0.703826 0.569319 -0.000000
v 0.703826 0.606087 0.088766
v 0.703826 0.594554 0.100299
v 0.703826 0.694853 0.141844
v 0.703826 0.694853 0.125534
v 0.779561 0.282203 -0.107014
v 0.779561 0.314730 -0.010224
v 0.779561 0.313311 -0.119899
v 0.779561 0.282203 -0.010224
vn -1.0000 0.0005 0.0005
vn -0.4556 0.8902 0.0005
vn -0.4556 0.6295 -0.6294
vn -1.0000 0.0005 0.0004
vn -0.4556 0.6294 -0.6295
vn -0.4556 0.0006 -0.8902
vn -1.0000 0.0005 0.0003
vn -0.4556 0.6295 0.6294
vn -0.4556 0.8902 0.0006
vn -0.4556 0.0006 0.8902
vn -0.4556 0.6294 0.6295
vn -0.4556 -0.6294 0.6295
vn -0.4556 0.0005 0.8902
vn -0.4556 -0.8902 0.0006
vn -0.4556 -0.6295 0.6294
vn -1.0000 0.0005 0.0006
vn -0.4556 -0.6295 -0.6294
vn -0.4556 -0.8902 0.0005
vn -1.0000 0.0003 0.0005
vn -0.4556 0.0003 -0.8902
vn -0.4556 -0.6294 -0.6295
vn 1.0000 0.0005 0.0005
vn 0.9451 -0.3268 0.0004
vn 0.5709 -0.8210 0.0004
vn 0.9562 0.2927 0.0004
vn 0.9561 0.2929 -0.0000
vn 0.9732 0.2301 0.0003
vn 0.9732 0.2299 0.0005
vn 0.9731 0.2302 -0.0000
vn -1.0000 -0.0000 -0.0000
vn 0.2301 -0.9732 0.0003
vn 0.2300 -0.9732 0.0004
vn 0.2302 -0.9731 -0.0000
vn -0.3989 -0.8133 -0.4235
vn -0.5367 -0.7486 -0.3892
vn -0.9197 -0.3482 -0.1813
vn -0.9998 -0.0193 -0.0101
vn -0.9998 0.0191 0.0103
vn -0.5650 0.7321 0.3805
vn -0.5367 0.7487 0.3892
vn -0.9998 -0.0188 0.0103
vn -0.9197 -0.3482 0.1813
vn -0.9998 0.0191 -0.0103
vn -0.5367 -0.7486 0.3893
vn -0.3990 -0.8133 0.4234
vn -0.5650 0.7322 -0.3804
vn -0.5367 0.7487 -0.3892
vn -1.0000 -0.0083 0.0054
vn -0.5780 -0.6884 0.4382
vn -0.9996 0.0249 -0.0161
vn -0.5212 -0.7196 0.4588
vn -0.5417 0.7088 -0.4519
vn -0.5360 0.7119 -0.4539
vn -1.0000 -0.0083 -0.0054
vn -0.5780 -0.6884 -0.4383
vn -0.5212 -0.7196 -0.4588
vn -0.9996 0.0249 0.0161
vn -0.5417 0.7088 0.4519
vn -0.5360 0.7118 0.4539
vn 0.7071 0.7071 0.0005
vn 0.7808 -0.6247 0.0005
vn 0.7808 0.6247 0.0005
vn 0.7071 -0.7071 -0.0000
vn -0.3990 -0.8133 -0.4235
vn -1.0000 -0.0083 0.0053
vn -0.3989 -0.8133 0.4235
vn -0.9998 -0.0193 0.0101
vn 0.0003 -0.7071 0.7071
vn -0.0000 -0.7071 0.7071
vn 0.0005 0.0003 1.0000
vn 0.0005 -1.0000 0.0005
vn -0.0000 -0.7071 -0.7071
vn 0.0005 0.0005 -1.0000
vn 0.0003 0.7071 -0.7071
vn -0.0000 0.7071 -0.7071
vn 0.0005 1.0000 0.0005
vn -0.0000 0.7071 0.7071
vn 0.0003 0.7071 0.7071
vn 0.0005 0.0005 1.0000
vn 0.0005 -0.7071 0.7071
vn 0.0004 -0.7071 0.7071
vn -0.0542 0.0005 0.9985
vn -0.0542 -0.7060 0.7061
vn 0.0003 -1.0000 0.0003
vn -0.0542 -0.7062 0.7060
vn -0.0542 -0.9985 0.0005
vn 0.0004 -0.7071 -0.7071
vn -0.0542 -0.7062 -0.7060
vn 0.0003 0.0003 -1.0000
vn -0.0542 -0.7060 -0.7061
vn -0.0542 0.0005 -0.9985
vn 0.0006 0.7071 -0.7071
vn -0.0542 0.7060 -0.7062
vn 0.0003 1.0000 0.0003
vn -0.0542 0.7062 -0.7060
vn -0.0542 0.9985 0.0005
vn 0.0006 0.7071 0.7071
vn -0.0542 0.7062 0.7060
vn -0.0542 0.7060 0.7062
vn 0.0892 0.7043 0.7043
vn 0.0445 0.0005 0.9990
vn 0.0894 0.0005 0.9960
vn 0.0446 0.7064 0.7064
vn 0.0441 0.9990 -0.0000
vn 0.0893 0.9960 0.0003
vn 0.0892 0.7043 -0.7043
vn 0.0441 0.7064 -0.7064
vn 0.0444 0.0004 -0.9990
vn 0.0894 0.0005 -0.9960
vn 0.0899 -0.7042 -0.7042
vn 0.0441 -0.7064 -0.7064
vn 0.0441 -0.9990 -0.0000
vn 0.0893 -0.9960 0.0003
vn 0.0892 -0.7043 0.7043
vn 0.0441 -0.7064 0.7064
vn 0.0005 0.0004 1.0000
vn 0.0445 0.0004 0.9990
vn -0.5367 -0.7487 -0.3892
vn -0.9199 -0.3479 -0.1811
vn -0.9198 0.3481 0.1812
vn -0.5417 0.7088 -0.4518
vn -0.9197 -0.3482 0.1812
vn -0.5367 -0.7487 0.3892
vn -0.9196 0.3486 -0.1812
vn -0.9198 0.3481 -0.1812
vn -0.0000 0.0005 -1.0000
vn -0.0000 0.0004 -1.0000
vn 0.0005 0.0004 -1.0000
vn 0.0005 -0.8425 0.5387
vn 0.0083 -0.8418 0.5398
vn 0.0034 -0.7110 0.7032
vn 0.0005 -1.0000 0.0003
vn -0.0005 -0.8290 -0.5592
vn 0.0005 -1.0000 0.0004
vn -0.0005 -0.7125 -0.7017
vn 0.0005 -0.8425 -0.5387
vn 0.0005 -0.8285 0.5600
vn -0.0005 -0.7120 0.7022
vn -0.0005 -0.0074 1.0000
vn 0.0132 -0.4305 0.9025
vn -0.0005 -0.3963 0.9181
vn -0.0005 -0.4423 0.8969
vn -0.0005 -0.4431 -0.8965
vn 0.0083 -0.8418 -0.5398
vn 0.0034 -0.7120 -0.7022
vn -0.0005 -0.3983 -0.9173
vn 0.0132 -0.4313 -0.9021
vn 0.0034 -0.7119 -0.7023
vn -0.0005 -0.0083 -1.0000
vn -0.0005 -0.8289 -0.5593
vn -0.0005 -0.7124 -0.7018
vn -0.0005 0.0777 -0.9970
vn 0.0005 0.7071 -0.7071
vn -0.0000 0.3827 -0.9239
vn 0.0006 0.3825 -0.9240
vn 0.0005 0.3826 -0.9239
vn 0.0003 0.3826 -0.9239
vn -0.0005 -0.0082 -1.0000
vn -0.0000 0.3826 -0.9239
vn -0.0000 0.3828 -0.9238
vn 0.0006 0.3826 -0.9239
vn 0.0083 -0.8417 0.5398
vn -0.0000 0.3827 0.9239
vn -0.0005 -0.0073 1.0000
vn 0.0005 0.3826 0.9239
vn 0.0005 0.7071 0.7071
vn 0.0006 0.3826 0.9239
vn 0.0003 0.3826 0.9239
vn 0.0007 0.3826 0.9239
vn -0.0004 -0.0073 1.0000
vn -0.0000 0.3828 0.9238
vn 0.0083 -0.8417 -0.5398
vn -0.9305 -0.3663 -0.0000
vn -0.9306 -0.3661 0.0003
vn -0.4821 -0.8761 0.0003
vn -0.4823 -0.8760 0.0005
vn 0.1403 -0.9901 0.0004
vn 0.4498 -0.8931 0.0005
vn -0.0004 -0.0083 -1.0000
vn 0.0005 0.3825 -0.9240
vn 0.0003 -0.0297 0.9996
vn 0.0005 -0.0200 0.9998
vn 0.0005 -0.0601 0.9982
vn 0.0006 -0.0601 0.9982
vn 0.0002 0.0002 1.0000
vn -0.0000 -0.0200 -0.9998
vn 0.0003 -0.0297 -0.9996
vn 0.0005 -0.0601 -0.9982
vn 0.0006 -0.0601 -0.9982
vn 0.0002 0.0002 -1.0000
vn 0.0004 0.7071 -0.7071
vn 0.0005 1.0000 0.0004
vn 0.0003 -0.7071 -0.7071
vn -0.3512 -0.9363 -0.0000
vn -0.1295 -0.9916 0.0005
vn -0.3785 -0.9256 0.0024
vn -0.1255 -0.9921 0.0005
vn 0.5213 -0.7196 0.4587
vn 0.5781 -0.6882 0.4384
vn -0.5213 -0.7197 0.4585
vn -0.3990 -0.8133 0.4235
vn 0.0005 -0.8870 0.4618
vn 0.0006 -0.8869 0.4619
vn -0.5367 -0.7485 0.3896
vn 0.5777 -0.6884 -0.4386
vn 1.0000 -0.0083 -0.0054
vn 0.5211 -0.7198 -0.4586
vn 0.9996 0.0249 0.0161
vn -0.5781 -0.6882 -0.4384
vn -0.5213 -0.7196 -0.4587
vn -0.3990 -0.8134 -0.4234
vn 0.5367 -0.7484 -0.3896
vn 0.3990 -0.8133 -0.4235
vn 0.0005 -0.8870 -0.4618
vn 0.0006 -0.8869 -0.4619
vn -0.1295 -0.9916 -0.0000
vn 0.7071 -0.7071 0.0005
vn -0.1343 -0.9909 0.0005
vn 0.7809 -0.6246 -0.0000
vn 0.5780 -0.6884 0.4383
vn 1.0000 -0.0083 0.0054
vn 0.9996 0.0249 -0.0161
vn -0.0000 -0.9239 0.3827
vn -0.0000 -1.0000 0.0005
vn 0.0005 -0.9239 0.3826
vn 0.0003 -0.9239 0.3826
vn 0.0006 -0.9239 0.3825
vn -0.0000 -0.9238 0.3828
vn 0.0005 -1.0000 0.0006
vn 0.0006 -0.9239 0.3826
vn 0.0006 -0.9239 -0.3826
vn 0.0005 -0.9239 -0.3826
vn -0.0000 -0.9238 -0.3828
vn -0.0000 -0.9239 -0.3827
vn 0.0003 -0.9239 -0.3826
vn 0.0006 -0.9240 -0.3825
vn 0.9198 -0.3482 -0.1812
vn 0.9197 -0.3483 -0.1813
vn 0.9998 -0.0193 -0.0101
vn 0.9196 -0.3484 -0.1813
vn 0.9998 0.0194 0.0101
vn 0.5651 0.7321 0.3804
vn 0.5367 0.7487 0.3892
vn 0.9198 -0.3481 0.1811
vn 0.9198 -0.3482 0.1812
vn 0.9197 -0.3483 0.1813
vn 0.9998 -0.0193 0.0101
vn 0.9998 0.0194 -0.0101
vn 0.5651 0.7321 -0.3805
vn 0.5367 0.7487 -0.3892
vn -0.5367 0.7486 0.3892
vn -0.5651 0.7318 0.3809
vn 0.5367 0.7484 0.3896
vn 0.0006 0.8870 0.4618
vn -0.0000 0.8870 0.4617
vn 0.0007 0.8870 0.4618
vn -0.5360 0.7120 0.4536
vn 0.5360 0.7118 0.4539
vn 0.5417 0.7089 0.4516
vn -0.5417 0.7088 0.4518
vn 0.5417 0.7089 0.4517
vn 0.5417 0.7088 -0.4518
vn -0.5360 0.7118 -0.4539
vn -0.5417 0.7089 -0.4516
vn 0.5360 0.7120 -0.4536
vn -0.5417 0.7089 -0.4517
vn 0.5417 0.7088 -0.4519
vn -0.5367 0.7484 -0.3896
vn 0.5367 0.7486 -0.3892
vn 0.5651 0.7318 -0.3809
vn -0.5651 0.7321 -0.3804
vn 0.0006 0.8870 -0.4618
vn -0.0000 0.8870 -0.4617
vn 0.0007 0.8870 -0.4618
vn 0.5417 0.7088 0.4518
vn 0.9996 0.0250 0.0161
vn 0.5359 0.7119 0.4539
vn 0.0003 -0.3826 0.9239
vn 0.0005 -0.3826 0.9239
vn -0.0000 0.0317 0.9995
vn -0.0000 -0.3827 0.9239
vn 0.0005 0.0317 0.9995
vn 0.0006 -0.3826 0.9239
vn 0.5359 0.7118 -0.4539
vn 0.9996 0.0250 -0.0161
vn 0.7809 0.6246 0.0005
vn 0.7071 0.7071 -0.0000
vn -0.7809 0.6246 -0.0000
vn -0.7071 0.7071 0.0005
vn 0.0005 -0.3826 -0.9239
vn -0.0000 -0.3827 -0.9239
vn -0.0000 0.0317 -0.9995
vn 0.0003 -0.3826 -0.9239
vn 0.0005 0.0317 -0.9995
vn 0.0006 -0.3826 -0.9239
vn -0.5366 -0.7487 -0.3892
vn -0.9998 -0.0194 -0.0101
vn -0.9998 0.0194 0.0101
vn -0.9998 -0.0194 0.0101
vn -0.9197 -0.3484 0.1812
vn -0.9998 0.0194 -0.0101
vn -0.5366 -0.7487 0.3892
vn 0.3992 -0.8132 0.4235
vn 0.5367 -0.7486 0.3894
vn 0.9197 -0.3482 0.1812
vn -0.5367 -0.7484 0.3896
vn 0.9998 -0.0194 0.0101
vn 0.9998 0.0193 -0.0101
vn 0.0005 0.4411 0.8975
vn -0.0000 0.0318 0.9995
vn 0.0005 0.4411 0.8974
vn 0.0005 0.7061 0.7081
vn 0.0005 0.8406 0.5417
vn 0.0005 0.4412 0.8974
vn 0.0005 0.8348 0.5506
vn 0.0005 0.0318 0.9995
vn 0.0005 0.7163 0.6978
vn 0.0005 0.8379 0.5458
vn 0.0005 0.4412 -0.8974
vn 0.0005 0.4411 -0.8975
vn 0.0005 0.8348 -0.5506
vn -0.0000 0.0318 -0.9995
vn 0.0005 0.0318 -0.9995
vn 0.0005 0.7163 -0.6978
vn 0.0005 0.8379 -0.5458
vn 0.0005 0.4411 -0.8974
vn 0.0005 0.7061 -0.7081
vn 0.0005 0.8406 -0.5417
vn 0.0005 0.8349 0.5505
vn -0.0000 1.0000 0.0005
vn 0.0005 0.8380 0.5457
vn 0.0005 0.7164 0.6977
vn 0.0005 0.8406 0.5416
vn -0.0000 0.7061 0.7081
vn 0.0005 0.8349 -0.5505
vn 0.0005 1.0000 0.0003
vn -0.0000 1.0000 0.0003
vn 0.0005 0.8380 -0.5457
vn -0.0000 0.7164 -0.6977
vn 0.0005 0.8406 -0.5416
vn 0.5781 -0.6884 -0.4381
vn 0.5213 -0.7195 -0.4589
vn 0.3988 -0.8133 0.4236
vn 0.5366 -0.7485 0.3896
vn 0.9998 -0.0191 0.0103
vn 0.9998 0.0190 -0.0102
vn 0.3991 -0.8132 0.4235
vn 0.5367 -0.7484 0.3897
vn 0.5650 0.7321 -0.3805
vn 0.3991 -0.8133 0.4235
vn 0.5417 0.7088 0.4519
vn 0.9996 0.0249 0.0162
vn 0.5359 0.7119 -0.4539
vn 0.5367 -0.7486 -0.3892
vn 0.9197 -0.3482 -0.1812
vn 0.9998 -0.0194 -0.0101
vn 0.9998 0.0193 0.0101
vn 0.0004 0.7071 0.7071
vn -0.1345 -0.9909 0.0005
vn -0.1256 -0.9921 0.0005
vn -0.1296 -0.9916 0.0005
vn 0.0981 0.9952 0.0006
vn 0.0982 0.9952 0.0005
vn -0.7207 0.6932 -0.0000
vn -0.7207 0.6932 0.0005
vn 0.6153 0.7883 0.0005
vn 0.6153 0.7883 0.0007
vn 0.9036 0.4284 0.0004
vn 0.9035 0.4286 0.0006
vn -0.7206 0.6934 0.0005
vn 0.9198 -0.3480 -0.1811
vn -0.9963 -0.0856 -0.0000
vn -0.9063 -0.4226 0.0007
vn -0.9963 -0.0857 -0.0000
vn -0.9900 -0.1411 0.0006
vn -0.9899 -0.1415 -0.0000
vn -0.5088 -0.8609 -0.0000
vn -0.5089 -0.8608 -0.0000
vn 0.2168 -0.9762 -0.0000
vn 0.2165 -0.9763 0.0004
vn 0.2392 -0.9710 -0.0000
vn -0.0689 -0.9976 0.0006
vn -0.0688 -0.9976 0.0004
vn -0.0687 -0.9976 0.0004
vn -0.0689 -0.9976 0.0005
vn 0.9197 -0.3483 -0.1812
vn 0.3989 -0.8133 -0.4235
vn 0.5367 -0.7487 -0.3892
vn 0.9199 -0.3479 -0.1811
vn 0.9998 -0.0191 -0.0103
vn 0.9998 0.0190 0.0102
vn 0.5212 -0.7196 0.4588
vn 0.9998 0.0191 0.0103
vn 0.9198 0.3481 0.1812
vn 0.9998 -0.0190 -0.0102
vn 0.5360 0.7118 -0.4539
vn 0.9998 0.0191 -0.0103
vn 0.9198 0.3481 -0.1812
vn 0.9998 -0.0190 0.0102
vn 0.5360 0.7119 0.4539
vn -0.9026 -0.4305 0.0025
vn -0.9090 -0.4168 0.0019
vn -0.3786 -0.9255 0.0024
vn -0.3512 -0.9363 0.0024
vn -0.9732 -0.2301 0.0003
vn -0.9731 -0.2302 -0.0000
vn -0.9732 -0.2299 0.0006
vn -0.8509 0.5254 0.0005
vn -0.8509 0.5253 -0.0000
vn -0.1061 0.0004 -0.9944
vn -0.0543 -0.7061 -0.7061
vn -0.0543 0.7061 -0.7061
vn -0.1063 -0.7031 -0.7031
vn -0.1063 0.7031 -0.7031
vn -0.1062 -0.9943 0.0003
vn -0.1062 0.9943 0.0003
vn -0.0543 -0.7061 0.7061
vn -0.0543 0.7061 0.7061
vn -0.1060 -0.7031 0.7031
vn -0.1060 0.0004 0.9944
vn -0.0542 0.0004 0.9985
vn -0.1063 0.7031 0.7031
vn -0.1060 0.0005 0.9944
vn -0.7809 0.6246 0.0005
vn -0.9091 -0.4167 0.0025
vn -0.7071 0.7071 -0.0000
vt 0.375000 1.000000
vt 0.500000 1.000000
vt 0.625000 1.000000
vt 0.250000 1.000000
vt 0.750000 1.000000
vt 0.125000 1.000000
vt 0.875000 1.000000
vt 0.000000 1.000000
vt 1.000000 1.000000
vt 0.125000 0.500000
vt 0.250000 0.500000
vt 0.375000 0.500000
vt 0.000000 0.500000
vt 0.500000 0.500000
vt 0.625000 0.500000
vt 0.750000 0.500000
vt 0.875000 0.500000
vt 1.000000 0.500000
vt 0.625000 0.750000
vt 0.625000 0.250000
vt 0.375000 0.000000
vt 0.375000 0.250000
vt 0.625000 0.000000
vt 0.562500 1.000000
vt 0.425976 0.000000
vt 0.425976 0.250000
vt 0.125000 0.750000
vt 0.375000 0.750000
vt 0.625000 0.158302
vt 0.625000 0.131979
vt 0.620181 0.157206
vt 0.500000 0.134943
vt 0.500000 0.160055
vt 0.375000 0.137906
vt 0.375000 0.163019
vt 0.500000 0.158894
vt 0.625000 0.139464
vt 0.500000 0.133491
vt 0.625000 0.164867
vt 0.375000 0.131525
vt 0.413497 0.154760
vt 0.375000 0.541576
vt 0.375000 0.534238
vt 0.375000 0.537997
vt 0.875000 0.750000
vt 1.000000 0.750000
vt 0.750000 0.750000
vt 0.500000 0.750000
vt 0.250000 0.750000
vt 0.000000 0.750000
vt 0.413498 0.154760
vt 0.625000 0.900819
vt 0.631733 0.918451
vt 0.631733 0.884472
vt 0.625000 0.934798
vt 0.625000 0.866840
vt 0.631733 0.952430
vt 0.625000 0.968777
vt 0.631733 0.850493
vt 0.631733 0.986409
vt 0.625000 0.832861
vt 0.589106 0.988148
vt 0.547611 0.986409
vt 0.547611 0.969011
vt 0.547611 0.952430
vt 0.589106 0.967272
vt 0.589106 0.954169
vt 0.547611 0.935033
vt 0.547611 0.918451
vt 0.589106 0.933293
vt 0.589106 0.920191
vt 0.547611 0.901054
vt 0.547611 0.884472
vt 0.589106 0.899314
vt 0.589106 0.886212
vt 0.547611 0.867075
vt 0.625000 0.952665
vt 0.625000 0.918686
vt 0.625000 0.884707
vt 0.589106 0.852233
vt 0.589106 0.865335
vt 0.625000 0.850728
vt 0.547611 0.850493
vt 0.547611 0.833096
vt 0.589106 0.831357
vt 0.562500 0.500000
vt 0.500000 0.692288
vt 0.544860 0.692239
vt 0.545337 0.599916
vt 0.545443 0.579498
vt 0.545615 0.546847
vt 0.500000 0.546859
vt 0.497908 0.546859
vt 0.464942 0.550446
vt 0.405967 0.599941
vt 0.464941 0.579519
vt 0.383278 0.833096
vt 0.405961 0.692288
vt 0.424299 0.831357
vt 0.465320 0.833096
vt 0.465320 0.850493
vt 0.442957 0.866127
vt 0.424299 0.852233
vt 0.412071 0.851714
vt 0.424299 0.865335
vt 0.383278 0.867075
vt 0.405194 0.885402
vt 0.424299 0.899314
vt 0.383278 0.901054
vt 0.405194 0.919381
vt 0.424299 0.933293
vt 0.383278 0.935033
vt 0.405193 0.953359
vt 0.424299 0.967272
vt 0.383278 0.969011
vt 0.383278 0.986409
vt 0.424299 0.988148
vt 0.625000 0.986643
vt 0.375000 0.271975
vt 0.424299 0.954170
vt 0.442957 0.968063
vt 0.424299 0.886212
vt 0.442957 0.900105
vt 0.424299 0.920191
vt 0.442957 0.934084
vt 0.465320 0.952430
vt 0.465320 0.918451
vt 0.465320 0.884472
vt 0.465320 0.986409
vt 0.146975 0.500000
vt 0.146975 0.750000
vt 0.375000 0.978025
vt 0.425976 1.000000
vt 1.000000 0.000000
vt 0.500000 0.000000
vt 0.000000 0.000000
vt 0.446706 0.987198
vt 0.818856 0.500000
vt 0.818856 0.538841
vt 0.625000 0.610536
vt 0.625000 0.585133
vt 0.625000 0.591698
vt 0.625000 0.618021
vt 0.500000 0.591106
vt 0.500000 0.616509
vt 0.625000 0.341252
vt 0.375000 0.341252
vt 0.625000 0.306144
vt 0.375000 0.306144
vt 0.625000 0.253084
vt 0.622903 0.250000
vt 0.625000 0.534238
vt 0.372429 0.776561
vt 0.372429 0.824479
vt 0.375000 0.776755
vt 0.375000 0.824285
vt 0.372429 0.874753
vt 0.372429 0.726287
vt 0.372429 0.922671
vt 0.375000 0.874947
vt 0.375000 0.922477
vt 0.372429 0.972946
vt 0.375000 0.973139
vt 0.375000 0.678562
vt 0.375000 0.726093
vt 0.372429 0.678369
vt 0.372429 0.628094
vt 0.375000 0.580370
vt 0.375000 0.627900
vt 0.372429 0.580176
vt 0.372429 0.529902
vt 0.375000 0.529708
vt 0.620181 0.592794
vt 0.500000 0.615057
vt 0.500000 0.589945
vt 0.375000 0.612094
vt 0.375000 0.586981
vt 0.125000 0.612094
vt 0.125000 0.586981
vt 0.125000 0.587935
vt 0.125000 0.618475
vt 0.391871 0.621676
vt 0.375000 0.587935
vt 0.424299 0.683396
vt 0.424299 0.721259
vt 0.475575 0.678369
vt 0.475575 0.726287
vt 0.475575 0.628094
vt 0.475575 0.776561
vt 0.475575 0.580176
vt 0.475575 0.529902
vt 0.424299 0.585204
vt 0.424299 0.524874
vt 0.424299 0.623067
vt 0.424299 0.819451
vt 0.424299 0.781588
vt 0.475575 0.824479
vt 0.475575 0.874753
vt 0.475575 0.922671
vt 0.475575 0.972946
vt 0.424299 0.917644
vt 0.424299 0.977973
vt 0.424299 0.879781
vt 0.216252 0.537997
vt 0.216252 0.500000
vt 0.125000 0.537997
vt 0.181144 0.537997
vt 0.181144 0.500000
vt 0.620180 0.157206
vt 0.620182 0.592794
vt 0.537237 0.972946
vt 0.537237 0.922671
vt 0.589106 0.977973
vt 0.625000 0.974494
vt 0.537237 0.874753
vt 0.589106 0.917644
vt 0.589106 0.879781
vt 0.625000 0.876302
vt 0.625000 0.921123
vt 0.537237 0.824479
vt 0.537237 0.776561
vt 0.589106 0.819451
vt 0.537237 0.726287
vt 0.589106 0.781588
vt 0.625000 0.778109
vt 0.625000 0.822930
vt 0.537237 0.678369
vt 0.589106 0.721259
vt 0.589106 0.683396
vt 0.625000 0.679917
vt 0.625000 0.724738
vt 0.537237 0.628094
vt 0.537237 0.580176
vt 0.537237 0.529902
vt 0.589106 0.585204
vt 0.589106 0.524874
vt 0.625000 0.528353
vt 0.589106 0.623067
vt 0.625000 0.626546
vt 0.625000 0.581725
vt 0.644205 0.726286
vt 0.644205 0.628094
vt 0.644205 0.529902
vt 0.644205 0.824479
vt 0.644205 0.922671
vt 0.391872 0.621676
vt 0.783748 0.534238
vt 0.783748 0.500000
vt 0.391871 0.621677
vt 0.431719 0.613438
vt 0.622903 0.208587
vt 0.625000 0.213764
vt 0.375000 0.212003
vt 0.375000 0.208424
s 1
f 1580/333/629 1581/334/629 1582/334/629
f 1583/335/629 1582/334/629 1581/334/629
f 1580/333/629 1582/334/629 1584/333/629
f 1582/334/629 1583/335/629 1585/335/629
f 1586/336/629 1580/333/629 1584/333/629
f 1583/335/629 1587/337/629 1585/335/629
f 1580/333/629 1586/336/629 1588/336/629
f 1583/335/629 1589/337/629 1587/337/629
f 1586/336/629 1590/338/629 1588/336/629
f 1591/339/629 1587/337/629 1589/337/629
f 1590/338/629 1586/336/629 1592/338/629
f 1593/340/629 1590/338/629 1592/338/629
f 1590/338/629 1593/340/629 1594/340/629
f 1587/337/629 1591/339/629 1595/339/629
f 1591/339/629 1596/341/629 1595/339/629
f 1596/341/629 1591/339/629 1597/341/629
f 1598/337/630 1599/339/631 1600/337/632
f 1599/339/633 1601/341/634 1602/339/635
f 1603/335/636 1598/337/637 1604/335/629
f 1605/334/638 1603/335/639 1606/334/629
f 1607/333/640 1605/334/641 1608/333/629
f 1609/336/642 1607/333/643 1610/336/644
f 1611/338/645 1609/336/646 1612/338/647
f 1613/340/648 1611/338/649 1614/340/647
f 1615/342/650 1616/343/650 1617/343/650
f 1618/344/650 1617/343/650 1616/343/650
f 1616/343/650 1615/342/650 1619/342/650
f 1620/345/650 1619/342/650 1615/342/650
f 1619/342/650 1620/345/650 1621/345/650
f 1618/344/650 1616/343/650 1622/344/650
f 1622/344/650 1623/346/650 1618/344/650
f 1623/346/650 1622/344/650 1624/346/650
f 1625/347/650 1623/346/650 1624/346/650
f 1623/346/650 1625/347/650 1626/347/650
f 1627/348/650 1626/347/650 1625/347/650
f 1627/348/650 1625/347/650 1628/348/650
f 1629/349/650 1627/348/650 1628/348/650
f 1627/348/650 1629/349/650 1630/349/650
f 1631/350/650 1630/349/650 1629/349/650
f 1629/349/650 1632/350/650 1631/350/650
f 1633/347/651 1634/351/652 1635/347/652
f 1634/351/652 1633/347/651 1636/351/651
f 1633/347/651 1637/351/653 1636/351/651
f 1638/347/654 1637/351/653 1633/347/651
f 1639/352/655 1640/353/655 1641/354/655
f 1640/353/655 1639/352/655 1642/355/655
f 1643/354/655 1644/353/656 1645/354/655
f 1645/354/655 1644/353/656 1646/353/657
f 1645/354/655 1646/353/657 1647/354/655
f 1647/354/655 1646/353/657 1648/353/657
f 1649/335/629 1650/356/658 1651/337/629
f 1651/337/629 1650/356/658 1652/335/629
f 1653/334/629 1650/356/658 1649/335/629
f 1654/333/629 1650/356/658 1653/334/629
f 1650/356/658 1654/333/629 1655/336/629
f 1650/356/658 1655/336/629 1656/333/629
f 1650/356/658 1656/333/629 1657/334/629
f 1658/355/650 1659/352/650 1660/357/650
f 1660/357/650 1659/352/650 1661/358/650
f 1662/359/659 1663/360/660 1664/342/659
f 1665/344/661 1664/342/659 1663/360/660
f 1666/361/662 1667/362/663 1668/363/664
f 1667/362/663 1669/364/665 1668/363/664
f 1668/363/664 1669/364/665 1670/365/666
f 1671/366/667 1670/365/666 1669/364/665
f 1670/365/666 1671/366/667 1672/367/668
f 1673/364/669 1674/363/670 1675/365/671
f 1674/363/670 1673/364/669 1676/362/672
f 1676/362/672 1677/361/673 1674/363/670
f 1675/365/671 1678/366/674 1673/364/669
f 1678/366/674 1675/365/671 1679/367/675
f 1680/368/676 1681/369/677 1682/370/678
f 1681/369/677 1680/368/676 1683/371/679
f 1684/372/680 1685/368/676 1682/370/678
f 1685/368/676 1684/372/680 1686/373/681
f 1687/368/682 1688/369/683 1689/371/684
f 1688/369/683 1687/368/682 1690/370/685
f 1691/368/682 1692/372/686 1690/370/685
f 1692/372/686 1691/368/682 1693/373/687
f 1694/344/688 1695/374/650 1696/375/689
f 1695/374/650 1694/344/688 1697/376/690
f 1696/375/689 1698/344/691 1694/344/688
f 1699/361/692 1700/362/663 1701/363/664
f 1700/362/663 1702/364/665 1701/363/664
f 1701/363/664 1702/364/665 1703/365/666
f 1704/366/667 1703/365/666 1702/364/665
f 1703/365/666 1704/366/667 1705/367/668
f 1706/368/676 1707/369/677 1708/370/678
f 1707/369/677 1706/368/676 1709/371/679
f 1710/372/680 1711/368/693 1708/370/678
f 1711/368/693 1710/372/680 1712/373/681
f 1713/364/669 1714/363/670 1715/365/671
f 1714/363/670 1713/364/669 1716/362/672
f 1716/362/672 1717/361/694 1714/363/670
f 1715/365/671 1718/366/674 1713/364/669
f 1718/366/674 1715/365/671 1719/367/675
f 1720/368/682 1721/369/683 1722/371/684
f 1721/369/683 1720/368/682 1723/370/685
f 1724/368/682 1725/372/686 1723/370/685
f 1725/372/686 1724/368/682 1726/373/687
f 1727/361/692 1728/362/663 1729/363/664
f 1728/362/663 1730/364/665 1729/363/664
f 1729/363/664 1730/364/665 1731/365/666
f 1732/366/667 1731/365/666 1730/364/665
f 1731/365/666 1732/366/667 1733/367/668
f 1734/364/695 1735/363/670 1736/365/671
f 1735/363/670 1734/364/695 1737/362/672
f 1737/362/672 1738/361/694 1735/363/670
f 1736/365/671 1739/366/674 1734/364/695
f 1739/366/674 1736/365/671 1740/367/675
f 1741/368/676 1742/369/677 1743/370/678
f 1742/369/677 1741/368/676 1744/371/679
f 1745/372/680 1746/368/676 1743/370/678
f 1746/368/676 1745/372/680 1747/373/681
f 1748/368/682 1749/369/683 1750/371/684
f 1749/369/683 1748/368/682 1751/370/685
f 1752/368/682 1753/372/686 1751/370/685
f 1753/372/686 1752/368/682 1754/373/687
f 1755/339/696 1756/339/697 1757/341/698
f 1756/339/697 1758/341/698 1757/341/698
f 1759/337/699 1756/339/697 1755/339/696
f 1760/337/699 1759/337/699 1755/339/696
f 1761/335/700 1759/337/699 1760/337/699
f 1762/335/700 1761/335/700 1760/337/699
f 1763/334/701 1761/335/700 1762/335/700
f 1764/334/701 1763/334/701 1762/335/700
f 1765/333/702 1763/334/701 1764/334/701
f 1766/333/703 1765/333/702 1764/334/701
f 1766/333/703 1767/336/704 1765/333/702
f 1767/336/704 1766/333/703 1768/336/704
f 1768/336/704 1769/338/705 1767/336/704
f 1769/338/705 1768/336/704 1770/338/706
f 1771/340/707 1769/338/705 1770/338/706
f 1772/340/707 1771/340/707 1770/338/706
f 1773/349/697 1774/350/698 1775/349/708
f 1774/350/698 1773/349/697 1776/350/698
f 1775/349/708 1777/348/699 1773/349/697
f 1777/348/699 1775/349/708 1778/348/699
f 1778/348/699 1779/347/700 1777/348/699
f 1779/347/700 1778/348/699 1780/347/700
f 1780/347/700 1781/346/701 1779/347/700
f 1781/346/701 1780/347/700 1782/346/701
f 1782/346/701 1783/344/703 1781/346/701
f 1783/344/703 1782/346/701 1784/344/702
f 1783/344/703 1784/344/702 1785/343/704
f 1784/344/702 1786/343/704 1785/343/704
f 1785/343/704 1786/343/704 1787/342/705
f 1786/343/704 1788/342/705 1787/342/705
f 1788/342/705 1789/345/707 1787/342/705
f 1789/345/707 1788/342/705 1790/345/707
f 1791/339/697 1792/377/709 1793/378/698
f 1791/339/697 1793/378/698 1794/341/698
f 1792/377/709 1795/350/710 1793/378/698
f 1792/377/709 1796/349/711 1795/350/710
f 1797/337/699 1792/377/709 1791/339/697
f 1797/337/699 1798/379/712 1792/377/709
f 1798/379/712 1799/349/713 1792/377/709
f 1798/379/712 1800/348/714 1799/349/713
f 1801/335/700 1798/379/712 1797/337/699
f 1801/335/700 1802/351/715 1798/379/712
f 1802/351/715 1803/348/714 1798/379/712
f 1802/351/715 1804/347/716 1803/348/714
f 1805/334/701 1802/351/715 1801/335/700
f 1805/334/701 1806/380/717 1802/351/715
f 1806/380/717 1807/347/718 1802/351/715
f 1806/380/717 1808/346/719 1807/347/718
f 1809/333/703 1806/380/717 1805/334/701
f 1809/333/703 1810/360/720 1806/380/717
f 1810/360/720 1811/346/719 1806/380/717
f 1810/360/720 1812/344/721 1811/346/719
f 1813/336/704 1810/360/720 1809/333/703
f 1810/360/720 1813/336/704 1814/381/722
f 1815/344/723 1810/360/720 1814/381/722
f 1815/344/723 1814/381/722 1816/343/724
f 1817/338/706 1814/381/722 1813/336/704
f 1814/381/722 1817/338/706 1818/359/725
f 1819/340/707 1818/359/725 1817/338/706
f 1820/343/724 1814/381/722 1818/359/725
f 1820/343/724 1818/359/725 1821/342/726
f 1819/340/707 1822/382/707 1818/359/725
f 1822/382/707 1823/342/727 1818/359/725
f 1822/382/707 1824/345/710 1823/342/727
f 1825/351/699 1826/377/699 1827/347/699
f 1828/349/699 1827/347/699 1826/377/699
f 1829/338/728 1830/340/729 1831/340/730
f 1832/340/707 1830/340/729 1833/338/705
f 1830/340/729 1834/338/731 1833/338/705
f 1830/340/729 1829/338/728 1834/338/731
f 1834/338/731 1835/336/704 1833/338/705
f 1829/338/728 1836/336/732 1834/338/731
f 1835/336/704 1834/338/731 1836/336/732
f 1836/336/732 1829/338/728 1837/336/733
f 1836/336/732 1838/333/703 1835/336/704
f 1839/333/734 1836/336/732 1837/336/733
f 1838/333/703 1836/336/732 1840/333/735
f 1836/336/732 1839/333/734 1840/333/735
f 1838/333/703 1840/333/735 1841/334/701
f 1840/333/735 1839/333/734 1842/334/736
f 1840/333/735 1842/334/736 1841/334/701
f 1843/334/737 1842/334/736 1839/333/734
f 1841/334/701 1842/334/736 1844/335/700
f 1845/335/738 1842/334/736 1843/334/737
f 1842/334/736 1846/335/739 1844/335/700
f 1842/334/736 1845/335/738 1846/335/739
f 1844/335/700 1846/335/739 1847/337/699
f 1846/335/739 1845/335/738 1848/337/740
f 1846/335/739 1848/337/740 1847/337/699
f 1849/337/741 1848/337/740 1845/335/738
f 1847/337/699 1848/337/740 1850/339/697
f 1851/339/742 1848/337/740 1849/337/741
f 1848/337/740 1852/339/743 1850/339/697
f 1848/337/740 1851/339/742 1852/339/743
f 1850/339/697 1852/339/743 1853/341/744
f 1852/339/743 1854/341/745 1853/341/744
f 1852/339/743 1851/339/742 1854/341/745
f 1855/341/730 1854/341/745 1851/339/742
f 1856/335/629 1857/334/629 1858/334/629
f 1859/333/629 1858/334/629 1857/334/629
f 1857/334/629 1856/335/629 1860/335/629
f 1858/334/629 1859/333/629 1861/333/629
f 1862/337/629 1860/335/629 1856/335/629
f 1863/336/629 1861/333/629 1859/333/629
f 1860/335/629 1862/337/629 1864/337/629
f 1861/333/629 1863/336/629 1865/336/629
f 1862/337/629 1866/339/629 1864/337/629
f 1863/336/629 1867/338/629 1865/336/629
f 1862/337/629 1868/339/629 1866/339/629
f 1868/339/629 1869/341/629 1866/339/629
f 1869/341/629 1868/339/629 1870/341/629
f 1867/338/629 1863/336/629 1871/338/629
f 1872/340/629 1867/338/629 1871/338/629
f 1871/338/629 1873/340/629 1872/340/629
f 1874/361/662 1875/362/746 1876/363/747
f 1875/362/746 1877/364/665 1876/363/747
f 1876/363/747 1877/364/665 1878/365/666
f 1879/366/748 1878/365/666 1877/364/665
f 1878/365/666 1879/366/748 1880/367/748
f 1881/368/676 1882/369/677 1883/370/678
f 1882/369/677 1881/368/676 1884/371/679
f 1885/372/749 1886/368/676 1883/370/678
f 1886/368/676 1885/372/749 1887/383/681
f 1888/364/695 1889/363/750 1890/365/671
f 1889/363/750 1888/364/695 1891/362/751
f 1891/362/751 1892/361/694 1889/363/750
f 1890/365/671 1893/366/752 1888/364/695
f 1893/366/752 1890/365/671 1894/367/753
f 1895/368/682 1896/369/683 1897/371/684
f 1896/369/683 1895/368/682 1898/370/685
f 1899/368/682 1900/372/686 1898/370/685
f 1900/372/686 1899/368/682 1901/383/687
f 1902/337/704 1903/337/704 1904/339/703
f 1903/337/704 1905/339/703 1904/339/703
f 1905/339/703 1906/341/754 1904/339/703
f 1906/341/754 1905/339/703 1907/341/701
f 1908/335/705 1903/337/704 1902/337/704
f 1909/335/705 1908/335/705 1902/337/704
f 1909/335/705 1910/334/707 1908/335/705
f 1910/334/707 1909/335/705 1911/334/707
f 1911/334/707 1912/333/697 1910/334/707
f 1912/333/697 1911/334/707 1913/333/697
f 1913/333/697 1914/336/699 1912/333/697
f 1914/336/699 1913/333/697 1915/336/699
f 1915/336/699 1916/338/700 1914/336/699
f 1916/338/700 1915/336/699 1917/338/700
f 1917/338/700 1918/340/755 1916/338/700
f 1918/340/755 1917/338/700 1919/340/756
f 1920/337/699 1921/384/757 1922/385/757
f 1920/337/699 1923/386/757 1921/384/757
f 1924/387/757 1920/337/699 1922/385/757
f 1923/386/757 1920/337/699 1925/388/757
f 1926/389/757 1920/337/699 1924/387/757
f 1927/390/757 1920/337/699 1926/389/757
f 1925/388/757 1920/337/699 1928/391/757
f 1920/337/699 1927/390/757 1929/392/758
f 1920/337/699 1929/392/758 1930/335/759
f 1931/337/760 1932/393/761 1933/348/762
f 1932/393/761 1934/347/763 1933/348/762
f 1931/337/760 1935/391/764 1932/393/761
f 1935/391/764 1931/337/760 1936/388/764
f 1931/337/760 1937/386/764 1936/388/764
f 1937/386/764 1931/337/760 1938/384/764
f 1938/384/764 1931/337/760 1939/385/764
f 1939/385/764 1931/337/760 1940/387/764
f 1940/387/764 1931/337/760 1941/389/764
f 1931/337/760 1942/390/764 1941/389/764
f 1928/391/757 1920/337/699 1943/393/765
f 1943/393/765 1920/337/699 1944/348/699
f 1943/393/765 1944/348/699 1945/347/766
f 1946/334/767 1930/335/759 1947/394/768
f 1946/334/767 1947/394/768 1948/395/769
f 1948/395/769 1949/396/769 1946/334/767
f 1950/397/769 1946/334/767 1949/396/769
f 1951/398/770 1950/397/769 1949/396/769
f 1950/397/769 1951/398/770 1952/399/770
f 1946/334/767 1950/397/769 1953/400/769
f 1954/401/769 1946/334/767 1953/400/769
f 1955/402/770 1954/401/769 1953/400/769
f 1954/401/769 1955/402/770 1956/403/770
f 1957/404/769 1946/334/767 1954/401/769
f 1946/334/767 1957/404/769 1958/405/769
f 1957/404/769 1959/406/770 1958/405/769
f 1958/405/769 1959/406/770 1960/407/770
f 1946/334/767 1958/405/769 1961/408/769
f 1962/409/757 1963/398/770 1964/390/757
f 1963/398/770 1962/409/757 1965/399/770
f 1966/410/757 1967/402/770 1968/387/757
f 1967/402/770 1966/410/757 1969/403/770
f 1970/411/757 1971/406/770 1972/384/757
f 1971/406/770 1970/411/757 1973/407/770
f 1974/388/757 1975/412/770 1976/413/770
f 1975/412/770 1974/388/757 1977/414/757
f 1978/402/771 1979/403/771 1980/410/764
f 1978/402/771 1980/410/764 1981/387/764
f 1982/398/771 1983/399/771 1984/409/764
f 1982/398/771 1984/409/764 1985/390/764
f 1986/406/771 1987/407/771 1988/411/764
f 1986/406/771 1988/411/764 1989/384/764
f 1990/412/771 1991/388/764 1992/413/771
f 1991/388/764 1990/412/771 1993/414/764
f 1961/408/769 1994/413/770 1995/412/770
f 1995/412/770 1996/415/769 1961/408/769
f 1946/334/767 1961/408/769 1996/415/769
f 1946/334/767 1996/415/769 1997/416/769
f 1946/334/767 1997/416/769 1998/346/767
f 1999/417/769 1998/346/767 1997/416/769
f 1998/346/767 1999/417/769 2000/418/769
f 2000/418/769 1999/417/769 2001/347/766
f 2001/347/766 1999/417/769 2002/393/765
f 1942/390/764 1931/337/760 2003/392/772
f 1931/337/760 2004/335/773 2003/392/772
f 2005/356/774 2006/394/775 2004/335/776
f 2006/394/775 2005/356/774 2007/395/774
f 2008/334/777 2007/395/774 2005/356/774
f 2008/334/777 2009/396/774 2007/395/774
f 2009/396/774 2008/334/777 2010/397/774
f 2010/397/774 2011/398/771 2009/396/774
f 2011/398/771 2010/397/774 2012/399/771
f 2010/397/774 2008/334/777 2013/400/774
f 2008/334/777 2014/401/774 2013/400/774
f 2014/401/774 2015/402/771 2013/400/774
f 2015/402/771 2014/401/774 2016/403/771
f 2014/401/774 2008/334/777 2017/404/774
f 2017/404/774 2008/334/777 2018/405/774
f 2018/405/774 2019/406/771 2017/404/774
f 2019/406/771 2018/405/774 2020/407/771
f 2018/405/774 2008/334/777 2021/408/774
f 2021/408/774 2008/334/777 2022/419/777
f 2021/408/774 2023/412/771 2024/413/771
f 2023/412/771 2021/408/774 2025/415/774
f 2022/419/777 2025/415/774 2021/408/774
f 2025/415/774 2022/419/777 2026/416/774
f 2026/416/774 2022/419/777 2027/417/774
f 2028/420/774 2027/417/774 2022/419/777
f 2027/417/774 2028/420/774 2029/393/778
f 2030/421/774 2029/393/778 2028/420/774
f 2030/421/774 2031/347/779 2029/393/778
f 2032/422/774 2031/347/779 2030/421/774
f 2031/347/779 2032/422/774 2033/423/774
f 2033/423/774 2034/346/777 2031/347/779
f 2034/346/777 2033/423/774 2035/424/780
f 2036/425/780 2037/344/781 2034/346/777
f 2037/344/781 2036/425/780 2038/426/782
f 2039/427/782 2037/344/781 2038/426/782
f 2039/427/782 2038/426/782 2040/428/783
f 2039/427/782 2041/429/784 2037/344/781
f 2041/429/784 2039/427/782 2042/430/785
f 2041/429/784 2043/333/781 2037/344/781
f 2041/429/784 2042/430/785 2044/431/782
f 2045/419/786 2044/431/782 2042/430/785
f 2044/431/782 2045/419/786 2046/432/784
f 2045/419/786 2047/433/784 2046/432/784
f 2048/434/784 2049/435/784 2047/433/784
f 2048/434/782 2045/419/777 2050/334/777
f 2051/436/787 2043/333/781 2041/429/784
f 2051/436/784 2052/437/784 2053/438/784
f 2054/439/788 2043/333/781 2053/438/788
f 2055/440/784 2056/441/784 2054/439/784
f 2057/442/784 2043/333/781 2056/441/784
f 2057/442/782 2058/443/782 2059/444/782
f 2060/445/788 2043/333/781 2059/444/788
f 2060/445/789 2061/446/789 2062/447/789
f 2043/333/781 2062/447/788 2063/448/784
f 2043/333/781 2063/448/784 2064/449/782
f 2065/394/768 2066/335/759 2067/450/790
f 2068/352/707 2069/451/707 2070/358/707
f 2069/451/707 2068/352/707 2071/344/707
f 2071/344/707 2068/352/707 2072/347/707
f 2071/344/707 2072/347/707 2073/346/707
f 2074/432/791 1998/346/792 2075/431/793
f 2074/432/791 2076/334/792 1998/346/792
f 2077/344/794 2075/431/793 1998/346/792
f 2075/431/793 2077/344/794 2078/429/791
f 2079/433/793 2076/334/792 2074/432/791
f 2080/435/793 2081/434/791 2079/433/793
f 2081/434/791 2076/334/792 2079/433/793
f 2082/333/794 2078/429/791 2077/344/794
f 2082/333/794 2083/436/793 2078/429/791
f 2084/437/793 2083/436/793 2085/438/793
f 2082/333/794 2086/439/793 2085/438/793
f 2087/440/793 2086/439/793 2088/441/793
f 2082/333/794 2089/442/795 2088/441/795
f 2090/443/793 2089/442/793 2091/444/793
f 2082/333/794 2092/445/796 2091/444/796
f 2093/446/793 2092/445/793 2094/447/793
f 2094/447/793 2082/333/794 2095/448/791
f 2082/333/794 2096/449/791 2095/448/791
f 2097/435/793 2098/437/791 2099/434/793
f 2098/437/791 2097/435/793 2100/436/795
f 2101/445/793 2102/446/793 2103/452/793
f 2104/453/793 2103/452/793 2102/446/793
f 2105/439/793 2106/440/793 2107/454/793
f 2108/455/793 2107/454/793 2106/440/793
f 2109/442/797 2110/443/796 2111/456/793
f 2112/457/793 2111/456/793 2110/443/796
f 2113/334/792 2114/457/795 2115/458/795
f 2116/459/791 2113/334/798 2117/455/791
f 2118/460/795 2113/334/792 2119/434/795
f 2120/452/793 2121/453/793 2122/458/793
f 2076/334/792 2122/458/793 2121/453/793
f 2076/334/792 2121/453/793 2123/461/793
f 2076/334/792 2124/459/793 2125/457/793
f 2126/456/791 2125/457/793 2124/459/793
f 2127/455/793 2076/334/792 2128/460/793
f 2129/454/793 2127/455/793 2128/460/793
f 2130/333/794 2131/438/793 2132/436/793
f 2133/445/799 2130/333/794 2134/447/799
f 2130/333/794 2135/444/793 2136/442/793
f 2130/333/794 2137/441/796 2138/439/796
f 2139/450/800 2140/335/776 2141/394/775
f 2142/380/801 2143/346/802 2144/351/629
f 2144/351/629 2143/346/802 2145/347/629
f 2142/380/801 2146/344/803 2143/346/802
f 2147/360/804 2146/344/803 2142/380/801
f 2147/360/804 2148/462/805 2146/344/803
f 2147/360/804 2149/463/805 2148/462/805
f 2150/359/806 2148/462/805 2149/463/805
f 2148/462/805 2150/359/806 2151/342/806
f 2152/335/701 2153/360/701 2154/351/701
f 2154/351/701 2153/360/701 2155/380/701
f 2153/360/701 2152/335/701 2156/464/701
f 2156/464/701 2152/335/701 2157/465/701
f 2158/435/785 2159/437/785 2160/436/785
f 2159/437/785 2158/435/785 2161/434/782
f 2162/446/784 2163/445/784 2164/452/784
f 2164/452/784 2165/453/784 2162/446/784
f 2166/440/789 2167/439/782 2168/454/784
f 2168/454/784 2169/455/782 2166/440/789
f 2170/443/785 2171/442/784 2172/456/789
f 2172/456/789 2173/457/784 2170/443/785
f 2174/458/785 2050/334/777 2175/453/784
f 2175/453/784 2176/452/782 2174/458/785
f 2050/334/777 2177/461/784 2175/453/784
f 2050/334/807 2178/455/784 2179/460/784
f 2178/455/784 2180/454/784 2179/460/784
f 2181/459/789 2050/334/777 2182/457/784
f 2182/457/784 2183/456/782 2181/459/789
f 2184/457/785 2185/334/777 2186/458/785
f 2185/334/777 2187/459/782 2188/455/782
f 2185/334/777 2189/460/789 2190/434/789
f 2191/433/782 2192/419/777 2190/434/782
f 2193/438/808 2194/333/781 2195/436/808
f 2194/333/781 2196/445/785 2197/447/785
f 2198/444/785 2194/333/781 2199/442/785
f 2200/441/788 2194/333/781 2201/439/788
f 2202/351/707 2203/377/707 2204/377/707
f 2205/351/707 2203/377/707 2202/351/707
f 2206/351/707 2203/377/707 2205/351/707
f 2203/377/707 2206/351/707 2207/377/707
f 2208/340/809 2209/341/707 2210/341/707
f 2209/341/707 2208/340/809 2211/334/810
f 2208/340/809 2212/340/811 2211/334/810
f 2211/334/810 2212/340/811 2213/334/812
f 2214/341/707 2209/341/707 2211/334/810
f 2209/341/707 2214/341/707 2215/341/707
f 2216/341/707 2215/341/707 2214/341/707
f 2215/341/707 2216/341/707 2217/341/707
f 2218/341/813 2217/341/707 2216/341/707
f 2219/341/707 2218/341/813 2216/341/707
f 2218/341/813 2219/341/707 2220/341/707
f 2217/341/707 2218/341/813 2221/341/707
f 2222/341/707 2221/341/707 2218/341/813
f 2221/341/707 2222/341/707 2223/341/707
f 2224/347/701 2225/349/701 2226/347/701
f 2225/349/701 2224/347/701 2227/349/701
f 2226/347/701 2225/349/701 2228/347/701
f 2229/349/701 2228/347/701 2225/349/701
f 2230/333/707 2231/351/707 2232/360/707
f 2231/351/707 2230/333/707 2233/335/707
f 2234/333/707 2235/360/707 2236/333/707
f 2237/360/707 2236/333/707 2235/360/707
f 2238/333/707 2239/360/707 2240/333/707
f 2239/360/707 2238/333/707 2241/360/707
f 2242/466/701 2243/467/814 2244/468/815
f 2242/466/701 2244/468/815 2245/466/701
f 2246/467/816 2244/468/815 2243/467/814
f 2247/468/817 2244/468/815 2246/467/816
f 2243/467/814 2242/466/701 2248/466/701
f 2248/466/701 2242/466/701 2249/466/701
f 2249/466/701 2250/466/701 2248/466/701
f 2249/466/701 2251/466/701 2250/466/701
f 2252/466/818 2250/466/701 2251/466/701
f 2250/466/701 2252/466/818 2253/466/701
f 2252/466/818 2254/466/701 2253/466/701
f 2255/466/701 2252/466/818 2251/466/701
f 2252/466/818 2255/466/701 2256/466/701
f 2256/466/701 2255/466/701 2257/466/701
f 2258/354/701 2259/347/701 2260/352/701
f 2259/347/701 2258/354/701 2261/344/701
f 2262/354/701 2263/344/701 2264/354/701
f 2263/344/701 2262/354/701 2265/344/701
f 2266/354/701 2267/344/701 2268/354/701
f 2269/344/701 2268/354/701 2267/344/701
f 2270/336/704 2077/344/794 2271/343/704
f 2077/344/794 2270/336/704 2272/333/794
f 2273/334/792 2274/449/793 2272/333/794
f 2273/334/792 2275/469/793 2274/449/793
f 2276/333/819 2277/449/784 2278/334/786
f 2277/449/784 2279/469/784 2278/334/786
f 2280/344/781 2276/333/781 2281/336/820
f 2280/344/781 2281/336/820 2282/343/820
f 2283/339/696 2284/349/697 2285/350/744
f 2283/339/696 2285/350/744 2286/341/744
f 2287/337/699 2284/349/697 2283/339/696
f 2287/337/699 2288/348/699 2284/349/697
f 2289/335/700 2288/348/699 2287/337/699
f 2289/335/700 2290/347/821 2288/348/699
f 2291/334/701 2290/347/821 2289/335/700
f 2291/334/701 2292/346/701 2290/347/821
f 2293/333/703 2292/346/701 2291/334/701
f 2293/333/703 2294/344/703 2292/346/701
f 2295/336/704 2294/344/703 2293/333/703
f 2294/344/703 2295/336/704 2296/343/704
f 2297/338/705 2296/343/704 2295/336/704
f 2296/343/704 2297/338/705 2298/342/705
f 2299/340/707 2298/342/705 2297/338/705
f 2299/340/707 2300/345/707 2298/342/705
f 2301/470/822 2302/470/823 2303/471/824
f 2304/471/825 2303/471/824 2302/470/823
f 2305/472/677 2306/473/826 2307/472/827
f 2306/473/826 2305/472/677 2308/473/828
f 2309/472/677 2310/473/826 2311/472/827
f 2310/473/826 2309/472/677 2312/473/828
f 2313/472/677 2314/473/826 2315/472/827
f 2314/473/826 2313/472/677 2316/473/828
f 2317/472/677 2318/473/826 2319/472/827
f 2318/473/826 2317/472/677 2320/473/828
f 2321/472/677 2322/473/826 2323/472/827
f 2322/473/826 2321/472/677 2324/473/828
f 2325/474/829 2326/475/830 2327/474/831
f 2326/475/830 2325/474/829 2328/475/832
f 2329/472/833 2330/476/834 2331/473/835
f 2330/476/834 2329/472/833 2332/477/836
f 2331/473/835 2333/472/837 2329/472/833
f 2333/472/837 2331/473/835 2334/473/838
f 2335/347/701 2336/478/701 2337/479/701
f 2335/347/701 2337/479/701 2338/344/701
f 2339/480/701 2337/479/701 2336/478/701
f 2337/479/701 2339/480/701 2340/481/701
f 2341/482/701 2342/481/701 2339/480/701
f 2341/482/701 2343/354/701 2342/481/701
f 2343/354/701 2341/482/701 2344/483/701
f 2345/474/839 2346/475/840 2347/475/663
f 2346/475/840 2345/474/839 2348/474/841
f 2349/474/839 2350/475/840 2351/475/663
f 2350/475/840 2349/474/839 2352/474/841
f 2353/475/840 2354/475/663 2355/474/839
f 2353/475/840 2355/474/839 2356/474/841
f 2357/474/839 2358/475/842 2359/475/663
f 2358/475/842 2357/474/839 2360/474/843
f 2361/474/839 2362/475/840 2363/475/663
f 2362/475/840 2361/474/839 2364/474/841
f 2365/347/844 2366/347/845 2367/484/846
f 2368/484/847 2367/484/846 2366/347/845
f 2369/472/848 2370/476/849 2371/477/850
f 2370/476/849 2369/472/848 2372/473/826
f 2373/472/833 2374/476/834 2375/473/835
f 2374/476/834 2373/472/833 2376/477/836
f 2375/473/835 2377/472/837 2373/472/833
f 2375/473/835 2378/473/838 2377/472/837
f 2379/485/851 2380/336/852 2381/486/853
f 2381/486/853 2382/487/854 2379/485/851
f 2382/487/854 2381/486/853 2383/488/855
f 2380/336/852 2384/489/851 2381/486/853
f 2385/490/853 2380/336/852 2379/485/851
f 2386/491/853 2384/489/851 2380/336/852
f 2384/489/851 2386/491/853 2387/492/856
f 2387/492/856 2386/491/853 2388/493/856
f 2380/336/852 2389/494/853 2386/491/853
f 2390/333/853 2389/494/853 2380/336/852
f 2389/494/853 2390/333/853 2391/495/855
f 2380/336/852 2385/490/853 2392/343/857
f 2393/496/858 2385/490/853 2394/497/853
f 2385/490/853 2393/496/858 2395/498/858
f 2392/343/857 2385/490/853 2395/498/858
f 2395/498/858 2396/499/858 2392/343/857
f 2397/500/856 2396/499/858 2398/501/858
f 2396/499/858 2397/500/856 2399/502/858
f 2392/343/857 2396/499/858 2399/502/858
f 2399/502/858 2400/503/851 2392/343/857
f 2400/503/851 2401/344/858 2392/343/857
f 2401/344/858 2400/503/851 2402/504/858
f 2403/499/859 2404/343/852 2405/502/860
f 2403/499/859 2405/502/860 2406/500/861
f 2406/500/861 2407/501/859 2403/499/859
f 2404/343/852 2408/503/862 2405/502/860
f 2409/498/862 2404/343/852 2403/499/859
f 2410/344/862 2408/503/862 2404/343/852
f 2408/503/862 2410/344/862 2411/504/859
f 2404/343/852 2409/498/862 2412/490/859
f 2413/496/861 2412/490/859 2409/498/862
f 2412/490/859 2413/496/861 2414/497/861
f 2412/490/859 2415/336/699 2404/343/852
f 2416/485/862 2415/336/699 2412/490/859
f 2415/336/699 2416/485/862 2417/486/859
f 2418/487/861 2417/486/859 2416/485/862
f 2417/486/859 2418/487/861 2419/488/863
f 2415/336/699 2417/486/859 2420/489/862
f 2415/336/699 2420/489/862 2421/491/864
f 2422/492/861 2421/491/864 2420/489/862
f 2421/491/864 2422/492/861 2423/493/859
f 2415/336/699 2421/491/864 2424/494/859
f 2424/494/859 2425/333/860 2415/336/699
f 2425/333/860 2424/494/859 2426/495/861
f 2427/475/865 2428/505/866 2429/506/867
f 2427/475/865 2430/474/868 2428/505/866
f 2428/505/866 2431/507/869 2429/506/867
f 2431/507/869 2432/508/870 2429/506/867
f 2432/508/870 2431/507/869 2433/509/871
f 2434/474/872 2435/475/873 2436/505/874
f 2436/505/874 2435/475/873 2437/506/875
f 2437/506/875 2438/507/876 2436/505/874
f 2439/508/877 2438/507/876 2437/506/875
f 2438/507/876 2439/508/877 2440/509/878
f 2441/510/870 2442/511/879 2443/510/880
f 2442/511/879 2441/510/870 2444/511/881
f 2445/510/870 2446/511/879 2447/510/880
f 2446/511/879 2445/510/870 2448/511/881
f 2449/510/870 2450/511/882 2451/510/883
f 2450/511/882 2449/510/870 2452/511/881
f 2453/510/870 2454/511/879 2455/510/880
f 2454/511/879 2453/510/870 2456/511/881
f 2457/510/882 2458/511/879 2459/510/880
f 2458/511/879 2457/510/882 2460/511/884
f 2461/512/885 2462/512/886 2463/513/887
f 2461/512/885 2463/513/887 2464/513/888
f 2465/512/885 2466/512/886 2467/513/887
f 2465/512/885 2467/513/887 2468/513/888
f 2469/512/886 2470/513/686 2471/512/885
f 2470/513/686 2469/512/886 2472/513/887
f 2473/512/885 2474/512/886 2475/513/889
f 2473/512/885 2475/513/889 2476/513/686
f 2477/512/885 2478/512/886 2479/513/887
f 2477/512/885 2479/513/887 2480/513/888
f 2481/333/650 2482/336/650 2483/336/650
f 2482/336/650 2484/338/650 2483/336/650
f 2482/336/650 2481/333/650 2485/333/650
f 2482/336/650 2486/338/650 2484/338/650
f 2487/340/650 2484/338/650 2486/338/650
f 2484/338/650 2487/340/650 2488/340/650
f 2489/334/650 2485/333/650 2481/333/650
f 2489/334/650 2481/333/650 2490/334/650
f 2491/335/650 2489/334/650 2490/334/650
f 2491/335/650 2490/334/650 2492/335/650
f 2493/337/650 2491/335/650 2492/335/650
f 2492/335/650 2494/337/650 2493/337/650
f 2495/339/650 2493/337/650 2494/337/650
f 2493/337/650 2495/339/650 2496/339/650
f 2497/341/650 2496/339/650 2495/339/650
f 2496/339/650 2497/341/650 2498/341/650
f 2499/513/890 2500/512/891 2501/513/892
f 2500/512/891 2499/513/890 2502/512/893
f 2503/513/890 2504/512/891 2505/513/892
f 2504/512/891 2503/513/890 2506/512/893
f 2507/513/894 2508/512/893 2509/512/891
f 2508/512/893 2507/513/894 2510/513/890
f 2511/513/895 2512/512/891 2513/513/894
f 2512/512/891 2511/513/895 2514/512/893
f 2515/513/890 2516/512/891 2517/513/892
f 2516/512/891 2515/513/890 2518/512/893
f 2519/511/896 2520/511/897 2521/510/898
f 2519/511/896 2521/510/898 2522/510/899
f 2523/511/896 2524/511/897 2525/510/898
f 2523/511/896 2525/510/898 2526/510/899
f 2527/510/898 2528/511/900 2529/511/897
f 2528/511/900 2527/510/898 2530/510/901
f 2531/511/896 2532/511/897 2533/510/898
f 2531/511/896 2533/510/898 2534/510/899
f 2535/511/896 2536/511/902 2537/510/900
f 2535/511/896 2537/510/900 2538/510/899
f 2539/514/903 2540/476/834 2541/477/904
f 2540/476/834 2539/514/903 2542/515/905
f 2543/516/906 2544/517/907 2545/518/907
f 2546/496/906 2544/517/907 2543/516/906
f 2544/517/907 2546/496/906 2547/497/906
f 2545/518/907 2544/517/907 2548/519/907
f 2549/346/908 2545/518/907 2548/519/907
f 2549/346/908 2550/520/909 2545/518/907
f 2548/519/907 2551/334/910 2549/346/908
f 2552/521/911 2551/334/910 2548/519/907
f 2550/520/909 2549/346/908 2553/522/907
f 2553/522/907 2549/346/908 2554/523/907
f 2555/524/909 2550/520/909 2553/522/907
f 2549/346/908 2556/525/907 2554/523/907
f 2557/344/907 2556/525/907 2549/346/908
f 2556/525/907 2557/344/907 2558/504/907
f 2550/520/909 2555/524/909 2559/526/909
f 2560/500/907 2559/526/909 2555/524/909
f 2559/526/909 2560/500/907 2561/501/907
f 2562/527/907 2552/521/911 2563/528/907
f 2564/487/907 2562/527/907 2563/528/907
f 2562/527/907 2564/487/907 2565/488/906
f 2552/521/911 2562/527/907 2566/529/909
f 2566/529/909 2551/334/910 2552/521/911
f 2567/530/906 2551/334/910 2566/529/909
f 2551/334/910 2567/530/906 2568/531/909
f 2551/334/910 2568/531/909 2569/532/907
f 2567/530/906 2570/533/907 2568/531/909
f 2571/534/909 2551/334/910 2569/532/907
f 2551/334/910 2571/534/909 2572/333/907
f 2573/495/911 2572/333/907 2571/534/909
f 2570/533/907 2567/530/906 2574/535/911
f 2574/535/911 2575/492/907 2570/533/907
f 2570/533/907 2575/492/907 2576/493/909
f 2577/514/890 2578/476/849 2579/515/912
f 2578/476/849 2577/514/890 2580/477/913
f 2581/536/704 2582/536/914 2583/537/915
f 2581/536/704 2583/537/915 2584/537/704
f 2585/538/916 2586/538/704 2587/342/704
f 2585/538/916 2587/342/704 2588/342/917
f 2589/539/704 2590/539/704 2591/540/704
f 2589/539/704 2591/540/704 2592/540/704
f 2593/333/918 2594/534/919 2595/334/920
f 2594/534/919 2593/333/918 2596/495/918
f 2594/534/919 2597/532/918 2595/334/920
f 2595/334/920 2597/532/918 2598/531/919
f 2599/530/918 2595/334/920 2598/531/919
f 2600/533/918 2599/530/918 2598/531/919
f 2599/530/918 2600/533/918 2601/535/918
f 2601/535/918 2600/533/918 2602/492/918
f 2602/492/918 2600/533/918 2603/493/919
f 2595/334/920 2599/530/918 2604/529/919
f 2595/334/920 2604/529/919 2605/521/918
f 2606/527/918 2605/521/918 2604/529/919
f 2595/334/920 2605/521/918 2607/519/918
f 2605/521/918 2606/527/918 2608/528/918
f 2608/528/918 2606/527/918 2609/487/918
f 2609/487/918 2606/527/918 2610/488/921
f 2607/519/918 2611/346/922 2595/334/920
f 2612/518/923 2611/346/922 2607/519/918
f 2607/519/918 2613/517/918 2612/518/923
f 2612/518/923 2613/517/918 2614/516/918
f 2613/517/918 2615/496/918 2614/516/918
f 2615/496/918 2613/517/918 2616/497/918
f 2617/520/918 2611/346/922 2612/518/923
f 2611/346/922 2617/520/918 2618/522/919
f 2617/520/918 2619/524/919 2618/522/919
f 2611/346/922 2618/522/919 2620/523/918
f 2619/524/919 2617/520/918 2621/526/919
f 2621/526/919 2622/500/918 2619/524/919
f 2622/500/918 2621/526/919 2623/501/919
f 2624/525/918 2611/346/922 2620/523/918
f 2611/346/922 2624/525/918 2625/344/918
f 2626/504/918 2625/344/918 2624/525/918
f 2627/361/692 2628/362/924 2629/541/747
f 2628/362/924 2630/364/925 2629/541/747
f 2629/541/747 2630/364/925 2631/365/926
f 2631/365/926 2630/364/925 2632/366/667
f 2632/366/667 2633/367/668 2631/365/926
f 2634/364/927 2635/541/928 2636/365/929
f 2635/541/928 2634/364/927 2637/362/930
f 2637/362/930 2638/361/829 2635/541/928
f 2639/366/674 2634/364/927 2636/365/929
f 2640/367/675 2639/366/674 2636/365/929
f 2641/368/676 2642/369/677 2643/370/678
f 2642/369/677 2641/368/676 2644/371/679
f 2645/372/749 2646/368/676 2643/370/678
f 2646/368/676 2645/372/749 2647/373/681
f 2648/368/682 2649/369/683 2650/371/684
f 2649/369/683 2648/368/682 2651/370/685
f 2652/368/682 2653/372/888 2651/370/685
f 2653/372/888 2652/368/682 2654/373/687
f 2655/474/931 2656/475/932 2657/542/933
f 2658/474/829 2656/475/932 2655/474/931
f 2656/475/932 2658/474/829 2659/475/934
f 2657/542/933 2656/475/932 2660/506/935
f 2660/506/935 2661/507/936 2657/542/933
f 2662/508/877 2661/507/936 2660/506/935
f 2661/507/936 2662/508/877 2663/509/878
f 2664/472/833 2665/476/834 2666/473/835
f 2665/476/834 2664/472/833 2667/477/836
f 2666/473/835 2668/472/837 2664/472/833
f 2668/472/837 2666/473/835 2669/473/838
f 2670/543/937 2671/544/937 2672/334/938
f 2673/545/939 2670/543/937 2672/334/938
f 2673/545/939 2674/335/940 2675/546/941
f 2674/335/940 2673/545/939 2672/334/938
f 2676/547/937 2672/334/938 2671/544/937
f 2677/548/942 2676/547/937 2671/544/937
f 2676/547/937 2677/548/942 2678/549/942
f 2678/549/942 2677/548/942 2679/550/943
f 2679/550/943 2677/548/942 2680/551/943
f 2681/552/937 2672/334/938 2676/547/937
f 2672/334/938 2681/552/937 2682/553/937
f 2683/554/942 2682/553/937 2681/552/937
f 2672/334/938 2682/553/937 2684/555/937
f 2682/553/937 2683/554/942 2685/556/942
f 2685/556/942 2683/554/942 2686/557/943
f 2686/557/943 2683/554/942 2687/558/943
f 2684/555/937 2688/346/944 2672/334/938
f 2689/559/937 2688/346/944 2684/555/937
f 2684/555/937 2690/560/942 2689/559/937
f 2689/559/937 2690/560/942 2691/561/942
f 2690/560/942 2692/562/943 2691/561/942
f 2692/562/943 2690/560/942 2693/563/943
f 2694/564/942 2688/346/944 2689/559/937
f 2688/346/944 2694/564/942 2695/565/937
f 2688/346/944 2695/565/937 2696/566/937
f 2694/564/942 2697/567/942 2695/565/937
f 2698/568/939 2688/346/944 2696/566/937
f 2688/346/944 2698/568/939 2699/347/945
f 2700/569/946 2699/347/945 2698/568/939
f 2697/567/942 2694/564/942 2701/570/942
f 2701/570/942 2702/571/943 2697/567/942
f 2697/567/942 2702/571/943 2703/572/943
f 2704/561/947 2705/560/947 2706/559/948
f 2707/562/949 2705/560/947 2704/561/947
f 2705/560/947 2707/562/949 2708/563/949
f 2706/559/948 2705/560/947 2709/555/948
f 2710/346/950 2706/559/948 2709/555/948
f 2710/346/950 2711/564/948 2706/559/948
f 2709/555/948 2712/334/951 2710/346/950
f 2713/553/948 2712/334/951 2709/555/948
f 2711/564/948 2710/346/950 2714/565/948
f 2714/565/948 2710/346/950 2715/566/948
f 2716/567/947 2711/564/948 2714/565/948
f 2717/568/947 2715/566/948 2710/346/950
f 2718/347/952 2717/568/947 2710/346/950
f 2717/568/947 2718/347/952 2719/569/953
f 2711/564/948 2716/567/947 2720/570/947
f 2720/570/947 2716/567/947 2721/571/949
f 2721/571/949 2716/567/947 2722/572/949
f 2723/554/947 2713/553/948 2724/556/947
f 2725/557/949 2723/554/947 2724/556/947
f 2723/554/947 2725/557/949 2726/558/949
f 2713/553/948 2723/554/947 2727/552/948
f 2727/552/948 2712/334/951 2713/553/948
f 2728/547/948 2712/334/951 2727/552/948
f 2712/334/951 2728/547/948 2729/544/948
f 2712/334/951 2729/544/948 2730/543/948
f 2728/547/948 2731/548/947 2729/544/948
f 2732/545/954 2712/334/951 2730/543/948
f 2712/334/951 2732/545/954 2733/335/955
f 2734/546/956 2733/335/955 2732/545/954
f 2731/548/947 2728/547/948 2735/549/947
f 2735/549/947 2736/550/949 2731/548/947
f 2731/548/947 2736/550/949 2737/551/949
f 2738/573/957 2739/337/704 2740/348/958
f 2738/573/957 2740/348/958 2741/562/957
f 2741/562/957 2740/348/958 2742/574/957
f 2742/574/957 2740/348/958 2743/572/957
f 2743/572/957 2740/348/958 2744/575/959
f 2740/348/958 2745/347/960 2744/575/959
f 2739/337/704 2738/573/957 2746/557/957
f 2739/337/704 2746/557/957 2747/576/957
f 2739/337/704 2747/576/957 2748/550/957
f 2739/337/704 2748/550/957 2749/577/957
f 2739/337/704 2749/577/957 2750/546/961
f 2751/335/962 2739/337/704 2750/546/961
f 2752/573/963 2753/348/964 2754/337/965
f 2755/562/963 2753/348/964 2752/573/963
f 2753/348/964 2755/562/963 2756/574/963
f 2757/572/963 2753/348/964 2756/574/963
f 2753/348/964 2757/572/963 2758/575/966
f 2753/348/964 2758/575/966 2759/347/967
f 2754/337/965 2760/557/963 2752/573/963
f 2760/557/963 2754/337/965 2761/576/963
f 2761/576/963 2754/337/965 2762/550/963
f 2762/550/963 2754/337/965 2763/577/963
f 2763/577/963 2754/337/965 2764/546/968
f 2764/546/968 2754/337/965 2765/335/955
f 2766/472/969 2767/476/834 2768/473/970
f 2767/476/834 2766/472/969 2769/477/836
f 2768/473/970 2770/472/837 2766/472/969
f 2770/472/837 2768/473/970 2771/473/838
f 2772/474/971 2773/475/972 2774/505/933
f 2775/474/829 2773/475/972 2772/474/971
f 2773/475/972 2775/474/829 2776/475/934
f 2774/505/933 2773/475/972 2777/506/973
f 2777/506/973 2778/507/974 2774/505/933
f 2779/474/975 2780/475/976 2781/505/933
f 2782/474/829 2780/475/976 2779/474/975
f 2780/475/976 2782/474/829 2783/475/934
f 2781/505/933 2780/475/976 2784/506/935
f 2784/506/935 2785/507/936 2781/505/933
f 2786/508/977 2785/507/936 2784/506/935
f 2785/507/936 2786/508/977 2787/509/878
f 2788/472/833 2789/476/834 2790/473/835
f 2789/476/834 2788/472/833 2791/477/836
f 2790/473/835 2792/472/837 2788/472/833
f 2790/473/835 2793/473/838 2792/472/837
f 2794/343/629 2795/348/629 2796/346/629
f 2796/346/629 2795/348/629 2797/347/629
f 2794/343/629 2796/346/629 2798/344/629
f 2794/343/629 2799/346/629 2795/348/629
f 2795/348/629 2799/346/629 2800/347/629
f 2799/346/629 2794/343/629 2801/344/629
f 2802/472/848 2803/476/849 2804/477/850
f 2803/476/849 2802/472/848 2805/473/826
f 2806/474/978 2807/475/976 2808/505/873
f 2809/474/829 2807/475/976 2806/474/978
f 2807/475/976 2809/474/829 2810/475/934
f 2808/505/873 2807/475/976 2811/506/875
f 2811/506/875 2812/507/936 2808/505/873
f 2813/508/977 2812/507/936 2811/506/875
f 2812/507/936 2813/508/977 2814/509/878
f 2815/578/979 2816/476/834 2817/477/980
f 2816/476/834 2815/578/979 2818/515/905
f 2819/578/895 2820/476/849 2821/515/981
f 2820/476/849 2819/578/895 2822/477/913
f 2823/475/982 2824/542/983 2825/506/984
f 2823/475/982 2826/474/841 2824/542/983
f 2824/542/983 2827/507/985 2825/506/984
f 2827/507/985 2828/508/870 2825/506/984
f 2828/508/870 2827/507/985 2829/509/871
f 2830/348/704 2831/349/703 2832/348/704
f 2831/349/703 2830/348/704 2833/349/703
f 2834/350/754 2831/349/703 2833/349/703
f 2835/350/701 2834/350/754 2833/349/703
f 2832/348/704 2836/347/986 2830/348/704
f 2836/347/986 2832/348/704 2837/347/705
f 2836/347/986 2837/347/705 2838/346/707
f 2837/347/705 2839/346/707 2838/346/707
f 2838/346/707 2839/346/707 2840/344/697
f 2839/346/707 2841/344/709 2840/344/697
f 2840/344/697 2841/344/709 2842/343/699
f 2841/344/709 2843/343/699 2842/343/699
f 2842/343/699 2843/343/699 2844/342/700
f 2843/343/699 2845/342/700 2844/342/700
f 2844/342/700 2845/342/700 2846/345/755
f 2845/342/700 2847/345/756 2846/345/755
f 2848/579/987 2849/471/988 2850/470/989
f 2848/579/987 2850/470/989 2851/580/989
f 2852/466/990 2853/341/991 2854/467/992
f 2854/467/992 2853/341/991 2855/334/993
f 2856/466/994 2853/341/991 2852/466/990
f 2853/341/991 2856/466/994 2857/341/995
f 2858/466/996 2857/341/995 2856/466/994
f 2857/341/995 2858/466/996 2859/341/997
f 2854/467/998 2860/334/998 2861/334/629
f 2862/467/629 2854/467/998 2861/334/629
f 2863/472/848 2864/476/849 2865/477/850
f 2864/476/849 2863/472/848 2866/473/826
f 2867/581/895 2868/476/849 2869/515/981
f 2868/476/849 2867/581/895 2870/477/913
f 2871/581/979 2872/476/834 2873/477/980
f 2872/476/834 2871/581/979 2874/515/905
f 2875/475/982 2876/505/999 2877/506/984
f 2875/475/982 2878/474/841 2876/505/999
f 2876/505/999 2879/507/985 2877/506/984
f 2879/507/985 2880/508/870 2877/506/984
f 2880/508/870 2879/507/985 2881/509/871
f 2882/466/1000 2883/341/1001 2884/466/1001
f 2883/341/1001 2882/466/1000 2885/341/1002
f 2886/466/1003 2885/341/1002 2882/466/1000
f 2885/341/1002 2886/466/1003 2887/341/1004
f 2888/466/1005 2887/341/1004 2886/466/1003
f 2887/341/1004 2888/466/1005 2889/341/1006
f 2890/466/1007 2889/341/1006 2888/466/1005
f 2889/341/1006 2890/466/1007 2891/341/1008
f 2892/466/1009 2891/341/1008 2890/466/1007
f 2891/341/1008 2892/466/1009 2893/341/1009
f 2894/466/1010 2893/341/1009 2892/466/1009
f 2893/341/1009 2894/466/1010 2895/341/1011
f 2896/466/1012 2895/341/1011 2894/466/1010
f 2895/341/1011 2896/466/1012 2897/341/1013
f 2898/466/699 2897/341/1013 2896/466/1012
f 2897/341/1013 2898/466/699 2899/341/699
f 2900/472/848 2901/476/849 2902/477/850
f 2901/476/849 2900/472/848 2903/473/826
f 2904/514/895 2905/476/849 2906/515/981
f 2905/476/849 2904/514/895 2907/477/913
f 2908/514/979 2909/476/834 2910/477/980
f 2909/476/834 2908/514/979 2911/515/905
f 2912/475/982 2913/505/1014 2914/506/867
f 2912/475/982 2915/474/1015 2913/505/1014
f 2913/505/1014 2916/507/985 2914/506/867
f 2916/507/985 2917/508/870 2914/506/867
f 2917/508/870 2916/507/985 2918/509/871
f 2919/475/1016 2920/505/1017 2921/506/1018
f 2920/505/1017 2922/507/1019 2921/506/1018
f 2919/475/1016 2923/474/1015 2920/505/1017
f 2924/472/848 2925/476/849 2926/477/850
f 2925/476/849 2924/472/848 2927/473/1020
f 2928/507/1021 2929/582/1022 2930/506/1023
f 2929/582/1022 2928/507/1021 2931/509/1022
f 2932/514/895 2933/476/849 2934/515/1024
f 2933/476/849 2932/514/895 2935/477/850
f 2936/507/1025 2937/582/1026 2938/509/1026
f 2937/582/1026 2936/507/1025 2939/506/1027
f 2940/514/979 2941/476/834 2942/477/836
f 2941/476/834 2940/514/979 2943/515/1028
f 2944/583/1029 2945/483/1030 2946/584/1031
f 2946/584/1031 2945/483/1030 2947/482/1032
f 2948/344/1033 2949/360/1034 2950/344/1033
f 2950/344/1033 2949/360/1034 2951/360/1035
f 2952/360/1033 2953/351/1033 2954/344/1033
f 2955/347/1033 2954/344/1033 2953/351/1033
f 2956/344/1036 2957/360/1036 2958/344/1036
f 2958/344/1036 2957/360/1036 2959/360/1037
f 2960/346/1038 2961/347/1039 2962/346/719
f 2963/344/1040 2960/346/1038 2962/346/719
f 2961/347/1039 2960/346/1038 2964/347/1041
f 2960/346/1038 2963/344/1040 2965/344/1042
f 2966/348/1043 2961/347/1039 2964/347/1041
f 2965/344/1042 2963/344/1040 2967/343/1044
f 2961/347/1039 2966/348/1043 2968/348/714
f 2969/343/724 2967/343/1044 2963/344/1040
f 2966/348/1043 2970/349/1045 2968/348/714
f 2971/342/1046 2967/343/1044 2969/343/724
f 2970/349/1045 2966/348/1043 2972/349/1047
f 2973/350/1048 2970/349/1045 2972/349/1047
f 2970/349/1045 2973/350/1048 2974/350/1049
f 2967/343/1044 2971/342/1046 2975/342/1050
f 2971/342/1046 2976/345/1051 2975/342/1050
f 2976/345/1051 2971/342/1046 2977/345/710
f 2978/344/629 2979/343/629 2980/343/629
f 2981/342/629 2980/343/629 2979/343/629
f 2979/343/629 2978/344/629 2982/344/629
f 2981/342/629 2979/343/629 2983/342/629
f 2983/342/629 2984/345/629 2981/342/629
f 2984/345/629 2983/342/629 2985/345/629
f 2986/346/629 2982/344/629 2978/344/629
f 2982/344/629 2986/346/629 2987/346/629
f 2986/346/629 2988/347/629 2987/346/629
f 2986/346/629 2989/347/629 2988/347/629
f 2990/348/629 2988/347/629 2989/347/629
f 2988/347/629 2990/348/629 2991/348/629
f 2990/348/629 2992/349/629 2991/348/629
f 2990/348/629 2993/349/629 2992/349/629
f 2994/350/629 2992/349/629 2993/349/629
f 2992/349/629 2994/350/629 2995/350/629
f 2996/585/1052 2997/354/1053 2998/586/1029
f 2997/354/1053 2996/585/1052 2999/354/1054
