# Blender 5.2.0 LTS
# www.blender.org
mtllib pine burst.mtl
o RenderMesh_83481871448067
v -1.117102 0.473470 -0.103270
v -1.022203 0.550236 -0.120078
v -1.020038 0.524612 -0.154944
v -1.116415 0.492995 -0.078625
v -0.918557 0.590182 -0.144083
v -0.911814 0.572794 -0.171259
v -0.761937 0.628896 -0.144209
v -1.022203 0.550236 0.120078
v -1.117102 0.473470 0.103270
v -1.020038 0.524612 0.154944
v -1.116415 0.492995 0.078625
v -0.918557 0.590182 0.144083
v -0.911814 0.572794 0.171259
v -0.761937 0.628896 0.144209
v -1.053669 0.433829 -0.166011
v -1.130119 0.387618 -0.076939
v -1.143804 0.413123 -0.088729
v -1.037783 0.398040 -0.148109
v -0.944976 0.447060 -0.212210
v -0.937985 0.419127 -0.196595
v -0.784596 0.453535 -0.228144
v -1.053669 0.433829 0.166011
v -1.130119 0.387618 0.076939
v -1.037783 0.398040 0.148109
v -1.143804 0.413123 0.088729
v -0.944976 0.447060 0.212210
v -0.937985 0.419127 0.196595
v -0.784596 0.453535 0.228144
v -1.143804 0.413123 -0.088729
v -1.038706 0.457449 -0.133270
v -1.053669 0.433829 -0.166011
v -1.130785 0.430480 -0.066232
v -0.938692 0.464564 -0.185245
v -0.944976 0.447060 -0.212210
v -0.784596 0.453535 -0.228144
v -1.038706 0.457449 0.133270
v -1.143804 0.413123 0.088729
v -1.053669 0.433829 0.166011
v -1.130785 0.430480 0.066232
v -0.938692 0.464564 0.185245
v -0.944976 0.447060 0.212210
v -0.784596 0.453535 0.228144
v -0.917451 0.441473 -0.126762
v -0.813835 0.507532 -0.135786
v -0.818122 0.491017 -0.175609
v -0.912029 0.454228 -0.098532
v -0.707563 0.538801 -0.161137
v -0.705537 0.527784 -0.192135
v -0.547417 0.556492 -0.169421
v -0.813835 0.507532 0.135786
v -0.917451 0.441473 0.126762
v -0.818122 0.491017 0.175609
v -0.912029 0.454228 0.098532
v -0.707563 0.538801 0.161137
v -0.705537 0.527784 0.192135
v -0.547417 0.556492 0.169421
v -0.834815 0.425012 -0.077179
v -0.738059 0.434152 -0.143708
v -0.744041 0.394695 -0.160568
v -0.841439 0.396364 -0.088335
v -0.632108 0.405992 -0.201111
v -0.632818 0.435557 -0.186559
v -0.473089 0.437454 -0.209182
v -0.744041 0.394695 0.160568
v -0.834815 0.425012 0.077179
v -0.841439 0.396364 0.088335
v -0.738059 0.434152 0.143708
v -0.632108 0.405992 0.201111
v -0.632818 0.435557 0.186559
v -0.473089 0.437454 0.209182
v 0.973234 0.283222 -0.082464
v 0.874286 0.263006 -0.029058
v 0.866581 0.239943 -0.048965
v 0.965339 0.251845 -0.112023
v 1.068141 0.302424 -0.129635
v 1.067201 0.279430 -0.154179
v 1.218156 0.331519 -0.177159
v 0.965339 0.251845 0.112023
v 0.866581 0.239943 0.048965
v 0.973234 0.283222 0.082464
v 0.874286 0.263006 0.029058
v 1.068141 0.302424 0.129635
v 1.067201 0.279430 0.154179
v 1.218156 0.331519 0.177159
v -0.651292 0.482531 -0.116385
v -0.547445 0.546239 -0.134787
v -0.554860 0.528637 -0.173674
v -0.643640 0.496009 -0.089020
v -0.442728 0.574641 -0.168578
v -0.443120 0.562671 -0.199285
v -0.283300 0.588918 -0.188757
v -0.547445 0.546239 0.134787
v -0.651292 0.482531 0.116385
v -0.554860 0.528637 0.173674
v -0.643640 0.496009 0.089020
v -0.442728 0.574641 0.168578
v -0.443120 0.562671 0.199285
v -0.283300 0.588918 0.188757
v -0.604110 0.437630 -0.097676
v -0.505917 0.455504 -0.160204
v -0.510203 0.417574 -0.180694
v -0.609532 0.409928 -0.111541
v -0.397619 0.435685 -0.216706
v -0.399645 0.463784 -0.199597
v -0.239498 0.472290 -0.217183
v -0.510203 0.417574 0.180694
v -0.604110 0.437630 0.097676
v -0.609532 0.409928 0.111541
v -0.505917 0.455504 0.160204
v -0.397619 0.435685 0.216706
v -0.399645 0.463784 0.199597
v -0.239498 0.472290 0.217183
v 0.680580 0.364201 -0.082047
v 0.617595 0.327362 -0.045524
v 0.614324 0.313481 -0.062856
v 0.677787 0.346082 -0.107417
v 0.741257 0.398795 -0.114288
v 0.742421 0.386688 -0.135013
v 0.838944 0.448542 -0.146644
v 0.680580 0.364201 0.082047
v 0.614324 0.313481 0.062856
v 0.617595 0.327362 0.045524
v 0.677787 0.346082 0.107417
v 0.741257 0.398795 0.114288
v 0.742421 0.386688 0.135013
v 0.838944 0.448542 0.146644
v -0.202904 0.512496 -0.159467
v -0.290476 0.436340 -0.118081
v -0.288168 0.459983 -0.097471
v -0.203182 0.481135 -0.189356
v -0.100618 0.529802 -0.226935
v -0.105260 0.551508 -0.202570
v 0.047710 0.595666 -0.228623
v -0.202904 0.512496 0.159467
v -0.290476 0.436340 0.118081
v -0.203182 0.481135 0.189356
v -0.288168 0.459983 0.097471
v -0.100618 0.529802 0.226935
v -0.105260 0.551508 0.202570
v 0.047710 0.595666 0.228623
v 0.912216 0.481924 -0.074440
v 0.825621 0.473208 -0.001418
v 0.812625 0.449704 -0.017395
v 0.896545 0.449583 -0.099094
v 0.996084 0.490362 -0.140527
v 0.988725 0.466092 -0.162351
v 1.134051 0.504219 -0.218625
v 0.896545 0.449583 0.099094
v 0.812625 0.449704 0.017395
v 0.912216 0.481924 0.074440
v 0.825621 0.473208 0.001418
v 0.996084 0.490362 0.140527
v 0.988725 0.466092 0.162351
v 1.134051 0.504219 0.218625
v 0.890448 0.510559 -0.099047
v 0.808224 0.493697 -0.017362
v 0.825621 0.473208 -0.001418
v 0.912216 0.481924 -0.074440
v 0.996084 0.490362 -0.140527
v 0.984062 0.512727 -0.162315
v 1.134051 0.504219 -0.218625
v 0.912216 0.481924 0.074440
v 0.825621 0.473208 0.001418
v 0.890448 0.510559 0.099047
v 0.808224 0.493697 0.017362
v 0.996084 0.490362 0.140527
v 0.984062 0.512727 0.162315
v 1.134051 0.504219 0.218625
v -0.150116 0.262851 -0.136074
v -0.246738 0.261426 -0.068744
v -0.259891 0.285100 -0.084732
v -0.165167 0.295913 -0.159682
v -0.053471 0.303725 -0.201669
v -0.047248 0.278098 -0.181899
v 0.108526 0.309441 -0.209836
v -0.165167 0.295913 0.159682
v -0.259891 0.285100 0.084732
v -0.150116 0.262851 0.136074
v -0.246738 0.261426 0.068744
v -0.053471 0.303725 0.201669
v -0.047248 0.278098 0.181899
v 0.108526 0.309441 0.209836
v -0.078846 0.191733 -0.111417
v -0.173866 0.192327 -0.041833
v -0.192278 0.203479 -0.064761
v -0.101319 0.207653 -0.144861
v 0.005663 0.226604 -0.194820
v 0.017786 0.213449 -0.167137
v 0.160508 0.270036 -0.216705
v -0.101319 0.207653 0.144861
v -0.192278 0.203479 0.064761
v -0.078846 0.191733 0.111417
v -0.173866 0.192327 0.041833
v 0.005663 0.226604 0.194820
v 0.017786 0.213449 0.167137
v 0.160508 0.270036 0.216705
v 0.814024 0.355598 -0.078661
v 0.711896 0.339049 -0.031899
v 0.702103 0.321686 -0.055940
v 0.803343 0.332108 -0.113747
v 0.911796 0.370502 -0.119603
v 0.908855 0.353195 -0.148060
v 1.065123 0.387603 -0.158234
v 0.803343 0.332108 0.113747
v 0.702103 0.321686 0.055940
v 0.814024 0.355598 0.078661
v 0.711896 0.339049 0.031899
v 0.911796 0.370502 0.119603
v 0.908855 0.353195 0.148060
v 1.065123 0.387603 0.158234
v 0.713061 0.591546 -0.104465
v 0.637061 0.497828 -0.051431
v 0.623135 0.507390 -0.080345
v 0.729853 0.575639 -0.063896
v 0.811836 0.661583 -0.106031
v 0.819722 0.646221 -0.074611
v 0.967562 0.730772 -0.083269
v 0.713061 0.591546 0.104465
v 0.637061 0.497828 0.051431
v 0.729853 0.575639 0.063896
v 0.623135 0.507390 0.080345
v 0.811836 0.661583 0.106031
v 0.819722 0.646221 0.074611
v 0.967562 0.730772 0.083269
v 0.756292 0.502630 -0.082854
v 0.661941 0.465133 -0.032035
v 0.654537 0.446722 -0.056152
v 0.748659 0.478290 -0.118156
v 0.847000 0.537521 -0.127716
v 0.846067 0.520622 -0.156554
v 0.991789 0.585512 -0.172737
v 0.748659 0.478290 0.118156
v 0.654537 0.446722 0.056152
v 0.756292 0.502630 0.082854
v 0.661941 0.465133 0.032035
v 0.847000 0.537521 0.127716
v 0.846067 0.520622 0.156554
v 0.991789 0.585512 0.172737
v 0.814657 0.513623 -0.064372
v 0.902733 0.558704 -0.076139
v 0.899352 0.563575 -0.039539
v 0.813998 0.518248 -0.038199
v 0.980634 0.604750 -0.038345
v 0.987500 0.602898 -0.065907
v 1.105199 0.654488 -0.019917
v 0.899352 0.563575 0.039539
v 0.814657 0.513623 0.064372
v 0.813998 0.518248 0.038199
v 0.902733 0.558704 0.076139
v 0.980634 0.604750 0.038345
v 0.987500 0.602898 0.065907
v 1.105199 0.654488 0.019917
v -0.635908 0.456471 -0.107825
v -0.554860 0.528637 -0.173674
v -0.536729 0.491438 -0.160851
v -0.651292 0.482531 -0.116385
v -0.443120 0.562671 -0.199285
v -0.434532 0.532728 -0.188512
v -0.283300 0.588918 -0.188757
v -0.554860 0.528637 0.173674
v -0.635908 0.456471 0.107825
v -0.536729 0.491438 0.160851
v -0.651292 0.482531 0.116385
v -0.443120 0.562671 0.199285
v -0.434532 0.532728 0.188512
v -0.283300 0.588918 0.188757
v -0.902202 0.415434 -0.117900
v -0.818122 0.491017 -0.175609
v -0.800217 0.453762 -0.162631
v -0.917451 0.441473 -0.126762
v -0.705537 0.527784 -0.192135
v -0.697148 0.497677 -0.181669
v -0.547417 0.556492 -0.169421
v -0.818122 0.491017 0.175609
v -0.902202 0.415434 0.117900
v -0.800217 0.453762 0.162631
v -0.917451 0.441473 0.126762
v -0.705537 0.527784 0.192135
v -0.697148 0.497677 0.181669
v -0.547417 0.556492 0.169421
v 0.248969 0.228253 -0.125820
v 0.178527 0.191402 -0.064177
v 0.169061 0.211741 -0.075035
v 0.259480 0.199713 -0.109888
v 0.340000 0.238803 -0.149966
v 0.343748 0.216528 -0.136848
v 0.468401 0.243966 -0.144364
v 0.267863 0.218445 -0.081869
v 0.186245 0.205248 -0.044969
v 0.178527 0.191402 -0.064177
v 0.259480 0.199713 -0.109888
v 0.345986 0.230330 -0.114144
v 0.343748 0.216528 -0.136848
v 0.468401 0.243966 -0.144364
v 0.248969 0.228253 0.125820
v 0.178527 0.191402 0.064177
v 0.259480 0.199713 0.109888
v 0.169061 0.211741 0.075035
v 0.340000 0.238803 0.149966
v 0.343748 0.216528 0.136848
v 0.468401 0.243966 0.144364
v 0.259480 0.199713 0.109888
v 0.178527 0.191402 0.064177
v 0.267863 0.218445 0.081869
v 0.186245 0.205248 0.044969
v 0.345986 0.230330 0.114144
v 0.343748 0.216528 0.136848
v 0.468401 0.243966 0.144364
v 0.010705 0.240906 -0.076829
v 0.089237 0.313072 -0.145659
v 0.107835 0.275873 -0.133522
v -0.004988 0.266966 -0.084808
v 0.199943 0.347106 -0.175425
v 0.208927 0.317163 -0.164981
v 0.360045 0.373353 -0.170873
v 0.089237 0.313072 0.145659
v 0.010705 0.240906 0.076829
v 0.107835 0.275873 0.133522
v -0.004988 0.266966 0.084808
v 0.199943 0.347106 0.175425
v 0.208927 0.317163 0.164981
v 0.360045 0.373353 0.170873
v -0.725742 0.376501 -0.125767
v -0.825927 0.383417 -0.064235
v -0.841439 0.396364 -0.088335
v -0.744041 0.394695 -0.160568
v -0.632108 0.405992 -0.201111
v -0.623397 0.391464 -0.172838
v -0.473089 0.437454 -0.209182
v -0.744041 0.394695 0.160568
v -0.841439 0.396364 0.088335
v -0.725742 0.376501 0.125767
v -0.825927 0.383417 0.064235
v -0.632108 0.405992 0.201111
v -0.623397 0.391464 0.172838
v -0.473089 0.437454 0.209182
v -0.105525 0.436041 -0.122785
v 0.004249 0.471604 -0.163762
v -0.005350 0.438642 -0.189746
v -0.096241 0.459927 -0.104894
v 0.108728 0.444242 -0.222586
v 0.110692 0.469172 -0.201429
v 0.269580 0.455242 -0.217796
v 0.004249 0.471604 0.163762
v -0.105525 0.436041 0.122785
v -0.005350 0.438642 0.189746
v -0.096241 0.459927 0.104894
v 0.108728 0.444242 0.222586
v 0.110692 0.469172 0.201429
v 0.269580 0.455242 0.217796
v -0.022753 0.505469 -0.102295
v 0.080695 0.570290 -0.118974
v 0.073183 0.553994 -0.158407
v -0.015037 0.518040 -0.074519
v 0.185112 0.600358 -0.152247
v 0.184634 0.589446 -0.183344
v 0.344372 0.616119 -0.172649
v 0.080695 0.570290 0.118974
v -0.022753 0.505469 0.102295
v 0.073183 0.553994 0.158407
v -0.015037 0.518040 0.074519
v 0.185112 0.600358 0.152247
v 0.184634 0.589446 0.183344
v 0.344372 0.616119 0.172649
v 0.902733 0.558704 -0.076139
v 0.814657 0.513623 -0.064372
v 0.801227 0.536181 -0.068696
v 0.886807 0.591203 -0.081932
v 0.987500 0.602898 -0.065907
v 0.979669 0.629406 -0.069589
v 1.105199 0.654488 -0.019917
v 0.886807 0.591203 0.081932
v 0.801227 0.536181 0.068696
v 0.902733 0.558704 0.076139
v 0.814657 0.513623 0.064372
v 0.987500 0.602898 0.065907
v 0.979669 0.629406 0.069589
v 1.105199 0.654488 0.019917
v 0.366159 0.308174 -0.085591
v 0.263809 0.291625 -0.039318
v 0.254131 0.274261 -0.063405
v 0.355647 0.284684 -0.120727
v 0.464127 0.323078 -0.126064
v 0.461322 0.305771 -0.154535
v 0.617638 0.340178 -0.163961
v 0.355647 0.284684 0.120727
v 0.254131 0.274261 0.063405
v 0.366159 0.308174 0.085591
v 0.263809 0.291625 0.039318
v 0.464127 0.323078 0.126064
v 0.461322 0.305771 0.154535
v 0.617638 0.340178 0.163961
v -0.187034 0.232803 -0.054678
v -0.097098 0.247833 -0.129220
v -0.101319 0.207653 -0.144861
v -0.192278 0.203479 -0.064761
v 0.005663 0.226604 -0.194820
v 0.003827 0.256355 -0.180753
v 0.160508 0.270036 -0.216705
v -0.101319 0.207653 0.144861
v -0.187034 0.232803 0.054678
v -0.192278 0.203479 0.064761
v -0.097098 0.247833 0.129220
v 0.005663 0.226604 0.194820
v 0.003827 0.256355 0.180753
v 0.160508 0.270036 0.216705
v -0.492298 0.396846 -0.147128
v -0.594284 0.395309 -0.088242
v -0.609532 0.409928 -0.111541
v -0.510203 0.417574 -0.180694
v -0.397619 0.435685 -0.216706
v -0.389229 0.418921 -0.189597
v -0.239498 0.472290 -0.217183
v -0.510203 0.417574 0.180694
v -0.609532 0.409928 0.111541
v -0.492298 0.396846 0.147128
v -0.594284 0.395309 0.088242
v -0.397619 0.435685 0.216706
v -0.389229 0.418921 0.189597
v -0.239498 0.472290 0.217183
v 0.008310 0.410611 -0.160057
v -0.093311 0.415922 -0.102221
v -0.105525 0.436041 -0.122785
v -0.005350 0.438642 -0.189746
v 0.108728 0.444242 -0.222586
v 0.113797 0.422523 -0.198595
v 0.269580 0.455242 -0.217796
v -0.005350 0.438642 0.189746
v -0.105525 0.436041 0.122785
v 0.008310 0.410611 0.160057
v -0.093311 0.415922 0.102221
v 0.108728 0.444242 0.222586
v 0.113797 0.422523 0.198595
v 0.269580 0.455242 0.217796
v 0.342464 0.320473 -0.140706
v 0.254131 0.274261 -0.063405
v 0.242260 0.299767 -0.077021
v 0.355647 0.284684 -0.120727
v 0.456622 0.333704 -0.170985
v 0.461322 0.305771 -0.154535
v 0.617638 0.340178 -0.163961
v 0.342464 0.320473 0.140706
v 0.254131 0.274261 0.063405
v 0.355647 0.284684 0.120727
v 0.242260 0.299767 0.077021
v 0.456622 0.333704 0.170985
v 0.461322 0.305771 0.154535
v 0.617638 0.340178 0.163961
v 0.618421 0.520276 -0.034999
v 0.729853 0.575639 -0.063896
v 0.706527 0.609407 -0.041614
v 0.637061 0.497828 -0.051431
v 0.819722 0.646221 -0.074611
v 0.806839 0.675243 -0.057962
v 0.967562 0.730772 -0.083269
v 0.618421 0.520276 0.034999
v 0.729853 0.575639 0.063896
v 0.637061 0.497828 0.051431
v 0.706527 0.609407 0.041614
v 0.819722 0.646221 0.074611
v 0.806839 0.675243 0.057962
v 0.967562 0.730772 0.083269
v 0.614324 0.313481 -0.062856
v 0.659271 0.367178 -0.120442
v 0.677787 0.346082 -0.107417
v 0.599485 0.327898 -0.071602
v 0.731701 0.404538 -0.145996
v 0.742421 0.386688 -0.135013
v 0.838944 0.448542 -0.146644
v 0.659271 0.367178 0.120442
v 0.614324 0.313481 0.062856
v 0.677787 0.346082 0.107417
v 0.599485 0.327898 0.071602
v 0.731701 0.404538 0.145996
v 0.742421 0.386688 0.135013
v 0.838944 0.448542 0.146644
v -0.007202 0.479209 -0.094703
v 0.073183 0.553994 -0.158407
v 0.091555 0.516469 -0.146950
v -0.022753 0.505469 -0.102295
v 0.184634 0.589446 -0.183344
v 0.193419 0.559195 -0.173643
v 0.344372 0.616119 -0.172649
v 0.073183 0.553994 0.158407
v -0.007202 0.479209 0.094703
v 0.091555 0.516469 0.146950
v -0.022753 0.505469 0.102295
v 0.184634 0.589446 0.183344
v 0.193419 0.559195 0.173643
v 0.344372 0.616119 0.172649
v 0.117097 0.293277 -0.094382
v 0.019361 0.254397 -0.049798
v 0.010705 0.240906 -0.076829
v 0.107835 0.275873 -0.133522
v 0.210951 0.328821 -0.133484
v 0.208927 0.317163 -0.164981
v 0.360045 0.373353 -0.170873
v 0.107835 0.275873 0.133522
v 0.010705 0.240906 0.076829
v 0.117097 0.293277 0.094382
v 0.019361 0.254397 0.049798
v 0.210951 0.328821 0.133484
v 0.208927 0.317163 0.164981
v 0.360045 0.373353 0.170873
v 0.866581 0.239943 -0.048965
v 0.946967 0.281101 -0.138167
v 0.965339 0.251845 -0.112023
v 0.851031 0.260595 -0.066873
v 1.058417 0.302820 -0.175676
v 1.067201 0.279430 -0.154179
v 1.218156 0.331519 -0.177159
v 0.946967 0.281101 0.138167
v 0.866581 0.239943 0.048965
v 0.965339 0.251845 0.112023
v 0.851031 0.260595 0.066873
v 1.058417 0.302820 0.175676
v 1.067201 0.279430 0.154179
v 1.218156 0.331519 0.177159
v -0.270213 0.419459 -0.100950
v -0.203182 0.481135 -0.189356
v -0.178018 0.456329 -0.164288
v -0.290476 0.436340 -0.118081
v -0.100618 0.529802 -0.226935
v -0.086227 0.508550 -0.206257
v 0.047710 0.595666 -0.228623
v 0.259227 0.456471 -0.105817
v 0.339177 0.528637 -0.172996
v 0.357517 0.491438 -0.160475
v 0.243704 0.482531 -0.114122
v 0.450478 0.562671 -0.200449
v 0.459243 0.532728 -0.189820
v 0.610450 0.588918 -0.192562
v -0.203182 0.481135 0.189356
v -0.270213 0.419459 0.100950
v -0.178018 0.456329 0.164288
v -0.290476 0.436340 0.118081
v -0.100618 0.529802 0.226935
v -0.086227 0.508550 0.206257
v 0.047710 0.595666 0.228623
v 0.339177 0.528637 0.172996
v 0.259227 0.456471 0.105817
v 0.357517 0.491438 0.160475
v 0.243704 0.482531 0.114122
v 0.450478 0.562671 0.200449
v 0.459243 0.532728 0.189820
v 0.610450 0.588918 0.192562
v 0.734828 0.535592 -0.101554
v 0.661941 0.465133 -0.032035
v 0.756292 0.502630 -0.082854
v 0.644559 0.488065 -0.044174
v 0.835488 0.564448 -0.143856
v 0.847000 0.537521 -0.127716
v 0.991789 0.585512 -0.172737
v 0.644559 0.488065 0.044174
v 0.734828 0.535592 0.101554
v 0.661941 0.465133 0.032035
v 0.756292 0.502630 0.082854
v 0.835488 0.564448 0.143856
v 0.847000 0.537521 0.127716
v 0.991789 0.585512 0.172737
v 0.401746 0.460730 -0.184145
v 0.313413 0.414519 -0.106844
v 0.301541 0.440024 -0.120460
v 0.414928 0.424941 -0.164166
v 0.515904 0.473961 -0.214424
v 0.520604 0.446028 -0.197974
v 0.676918 0.480435 -0.207400
v 0.401746 0.460730 0.184145
v 0.313413 0.414519 0.106844
v 0.414928 0.424941 0.164166
v 0.301541 0.440024 0.120460
v 0.515904 0.473961 0.214424
v 0.520604 0.446028 0.197974
v 0.676918 0.480435 0.207400
v -0.259891 0.285100 -0.084732
v -0.151949 0.324100 -0.129553
v -0.165167 0.295913 -0.159682
v -0.248060 0.305616 -0.064040
v -0.048650 0.324942 -0.176911
v -0.053471 0.303725 -0.201669
v 0.108526 0.309441 -0.209836
v -0.151949 0.324100 0.129553
v -0.259891 0.285100 0.084732
v -0.165167 0.295913 0.159682
v -0.248060 0.305616 0.064040
v -0.048650 0.324942 0.176911
v -0.053471 0.303725 0.201669
v 0.108526 0.309441 0.209836
v 0.800389 0.391517 -0.099175
v 0.711896 0.339049 -0.031899
v 0.814024 0.355598 -0.078661
v 0.699971 0.364548 -0.045427
v 0.906595 0.398632 -0.136916
v 0.911796 0.370502 -0.119603
v 1.065123 0.387603 -0.158234
v 0.800389 0.391517 0.099175
v 0.711896 0.339049 0.031899
v 0.699971 0.364548 0.045427
v 0.814024 0.355598 0.078661
v 0.906595 0.398632 0.136916
v 0.911796 0.370502 0.119603
v 1.065123 0.387603 0.158234
v 0.243704 0.482531 -0.114122
v 0.347231 0.546239 -0.134237
v 0.339177 0.528637 -0.172996
v 0.251807 0.496009 -0.086888
v 0.451377 0.574641 -0.169753
v 0.450478 0.562671 -0.200449
v 0.610450 0.588918 -0.192562
v 0.347231 0.546239 0.134237
v 0.243704 0.482531 0.114122
v 0.339177 0.528637 0.172996
v 0.251807 0.496009 0.086888
v 0.451377 0.574641 0.169753
v 0.450478 0.562671 0.200449
v 0.610450 0.588918 0.192562
v -1.022203 0.550236 -0.120078
v -1.099090 0.472212 -0.062641
v -1.000996 0.519972 -0.096522
v -1.116415 0.492995 -0.078625
v -0.918557 0.590182 -0.144083
v -0.907312 0.564776 -0.125108
v -0.761937 0.628896 -0.144209
v -1.116415 0.492995 0.078625
v -1.022203 0.550236 0.120078
v -1.099090 0.472212 0.062641
v -1.000996 0.519972 0.096522
v -0.918557 0.590182 0.144083
v -0.907312 0.564776 0.125108
v -0.761937 0.628896 0.144209
v 0.301541 0.440024 -0.120460
v 0.411905 0.484349 -0.149609
v 0.401746 0.460730 -0.184145
v 0.311231 0.457381 -0.096341
v 0.518291 0.491464 -0.186841
v 0.515904 0.473961 -0.214424
v 0.676918 0.480435 -0.207400
v 0.411905 0.484349 0.149609
v 0.301541 0.440024 0.120460
v 0.401746 0.460730 0.184145
v 0.311231 0.457381 0.096341
v 0.518291 0.491464 0.186841
v 0.515904 0.473961 0.214424
v 0.676918 0.480435 0.207400
v 0.425441 0.448431 -0.129030
v 0.323091 0.431882 -0.082757
v 0.313413 0.414519 -0.106844
v 0.414928 0.424941 -0.164166
v 0.523409 0.463335 -0.169503
v 0.520604 0.446028 -0.197974
v 0.676918 0.480435 -0.207400
v 0.414928 0.424941 0.164166
v 0.313413 0.414519 0.106844
v 0.425441 0.448431 0.129030
v 0.323091 0.431882 0.082757
v 0.523409 0.463335 0.169503
v 0.520604 0.446028 0.197974
v 0.676918 0.480435 0.207400
v 0.790066 0.367897 -0.133663
v 0.702103 0.321686 -0.055940
v 0.690167 0.347192 -0.069499
v 0.803343 0.332108 -0.113747
v 0.904077 0.381128 -0.164488
v 0.908855 0.353195 -0.148060
v 1.065123 0.387603 -0.158234
v 0.790066 0.367897 0.133663
v 0.702103 0.321686 0.055940
v 0.803343 0.332108 0.113747
v 0.690167 0.347192 0.069499
v 0.904077 0.381128 0.164488
v 0.908855 0.353195 0.148060
v 1.065123 0.387603 0.158234
v 0.365961 0.508842 -0.121150
v 0.267318 0.469962 -0.078612
v 0.259227 0.456471 -0.105817
v 0.357517 0.491438 -0.160475
v 0.460610 0.544386 -0.158288
v 0.459243 0.532728 -0.189820
v 0.610450 0.588918 -0.192562
v 0.357517 0.491438 0.160475
v 0.259227 0.456471 0.105817
v 0.365961 0.508842 0.121150
v 0.267318 0.469962 0.078612
v 0.460610 0.544386 0.158288
v 0.459243 0.532728 0.189820
v 0.610450 0.588918 0.192562
v 0.654537 0.446722 -0.056152
v 0.727602 0.511183 -0.136278
v 0.748659 0.478290 -0.118156
v 0.637140 0.469660 -0.068321
v 0.835055 0.547421 -0.171835
v 0.846067 0.520622 -0.156554
v 0.991789 0.585512 -0.172737
v 0.727602 0.511183 0.136278
v 0.654537 0.446722 0.056152
v 0.748659 0.478290 0.118156
v 0.637140 0.469660 0.068321
v 0.835055 0.547421 0.171835
v 0.846067 0.520622 0.156554
v 0.991789 0.585512 0.172737
v 0.954479 0.312437 -0.109209
v 0.858747 0.283659 -0.046934
v 0.874286 0.263006 -0.029058
v 0.973234 0.283222 -0.082464
v 1.058896 0.325772 -0.152027
v 1.068141 0.302424 -0.129635
v 1.218156 0.331519 -0.177159
v 0.973234 0.283222 0.082464
v 0.874286 0.263006 0.029058
v 0.954479 0.312437 0.109209
v 0.858747 0.283659 0.046934
v 1.058896 0.325772 0.152027
v 1.068141 0.302424 0.129635
v 1.218156 0.331519 0.177159
v 0.411905 0.484349 -0.149609
v 0.323091 0.431882 -0.082757
v 0.425441 0.448431 -0.129030
v 0.311231 0.457381 -0.096341
v 0.518291 0.491464 -0.186841
v 0.523409 0.463335 -0.169503
v 0.676918 0.480435 -0.207400
v 0.411905 0.484349 0.149609
v 0.323091 0.431882 0.082757
v 0.311231 0.457381 0.096341
v 0.425441 0.448431 0.129030
v 0.518291 0.491464 0.186841
v 0.523409 0.463335 0.169503
v 0.676918 0.480435 0.207400
v 0.347231 0.546239 -0.134237
v 0.267318 0.469962 -0.078612
v 0.365961 0.508842 -0.121150
v 0.251807 0.496009 -0.086888
v 0.451377 0.574641 -0.169753
v 0.460610 0.544386 -0.158288
v 0.610450 0.588918 -0.192562
v 0.251807 0.496009 0.086888
v 0.347231 0.546239 0.134237
v 0.267318 0.469962 0.078612
v 0.365961 0.508842 0.121150
v 0.451377 0.574641 0.169753
v 0.460610 0.544386 0.158288
v 0.610450 0.588918 0.192562
v -1.099769 0.452683 -0.087253
v -1.020038 0.524612 -0.154944
v -0.999129 0.494362 -0.132036
v -1.117102 0.473470 -0.103270
v -0.911814 0.572794 -0.171259
v -0.900910 0.547449 -0.153229
v -0.761937 0.628896 -0.144209
v -0.136488 0.290988 -0.105363
v -0.234920 0.281945 -0.048084
v -0.246738 0.261426 -0.068744
v -0.150116 0.262851 -0.136074
v -0.041928 0.299237 -0.156269
v -0.047248 0.278098 -0.181899
v 0.108526 0.309441 -0.209836
v -1.020038 0.524612 0.154944
v -1.099769 0.452683 0.087253
v -0.999129 0.494362 0.132036
v -1.117102 0.473470 0.103270
v -0.911814 0.572794 0.171259
v -0.900910 0.547449 0.153229
v -0.761937 0.628896 0.144209
v -0.150116 0.262851 0.136074
v -0.246738 0.261426 0.068744
v -0.136488 0.290988 0.105363
v -0.234920 0.281945 0.048084
v -0.041928 0.299237 0.156269
v -0.047248 0.278098 0.181899
v 0.108526 0.309441 0.209836
v 0.713061 0.591546 -0.104465
v 0.623135 0.507390 -0.080345
v 0.604475 0.529867 -0.063924
v 0.690267 0.624807 -0.081984
v 0.811836 0.661583 -0.106031
v 0.799629 0.689824 -0.089091
v 0.967562 0.730772 -0.083269
v 0.690267 0.624807 0.081984
v 0.604475 0.529867 0.063924
v 0.713061 0.591546 0.104465
v 0.623135 0.507390 0.080345
v 0.811836 0.661583 0.106031
v 0.799629 0.689824 0.089091
v 0.967562 0.730772 0.083269
v -0.202904 0.512496 -0.159467
v -0.288168 0.459983 -0.097471
v -0.267916 0.443099 -0.080372
v -0.177370 0.487803 -0.133799
v -0.105260 0.551508 -0.202570
v -0.090418 0.530379 -0.180999
v 0.047710 0.595666 -0.228623
v -0.202904 0.512496 0.159467
v -0.267916 0.443099 0.080372
v -0.288168 0.459983 0.097471
v -0.177370 0.487803 0.133799
v -0.105260 0.551508 0.202570
v -0.090418 0.530379 0.180999
v 0.047710 0.595666 0.228623
v -0.004988 0.266966 -0.084808
v 0.098099 0.330673 -0.107076
v 0.089237 0.313072 -0.145659
v 0.003681 0.280444 -0.057748
v 0.201481 0.359076 -0.144754
v 0.199943 0.347106 -0.175425
v 0.360045 0.373353 -0.170873
v 0.098099 0.330673 0.107076
v -0.004988 0.266966 0.084808
v 0.089237 0.313072 0.145659
v 0.003681 0.280444 0.057748
v 0.201481 0.359076 0.144754
v 0.199943 0.347106 0.175425
v 0.360045 0.373353 0.170873
v 0.661767 0.385302 -0.095486
v 0.617595 0.327362 -0.045524
v 0.680580 0.364201 -0.082047
v 0.602766 0.341777 -0.054248
v 0.730169 0.416683 -0.125888
v 0.741257 0.398795 -0.114288
v 0.838944 0.448542 -0.146644
v 0.602766 0.341777 0.054248
v 0.661767 0.385302 0.095486
v 0.617595 0.327362 0.045524
v 0.680580 0.364201 0.082047
v 0.730169 0.416683 0.125888
v 0.741257 0.398795 0.114288
v 0.838944 0.448542 0.146644
v 0.080695 0.570290 -0.118974
v 0.000502 0.491793 -0.066957
v 0.099450 0.532549 -0.106954
v -0.015037 0.518040 -0.074519
v 0.185112 0.600358 -0.152247
v 0.194356 0.569769 -0.141716
v 0.344372 0.616119 -0.172649
v -0.015037 0.518040 0.074519
v 0.080695 0.570290 0.118974
v 0.000502 0.491793 0.066957
v 0.099450 0.532549 0.106954
v 0.185112 0.600358 0.152247
v 0.194356 0.569769 0.141716
v 0.344372 0.616119 0.172649
v 0.352622 0.344092 -0.106170
v 0.263809 0.291625 -0.039318
v 0.366159 0.308174 -0.085591
v 0.251949 0.317124 -0.052902
v 0.459009 0.351207 -0.143402
v 0.464127 0.323078 -0.126064
v 0.617638 0.340178 -0.163961
v 0.352622 0.344092 0.106170
v 0.263809 0.291625 0.039318
v 0.251949 0.317124 0.052902
v 0.366159 0.308174 0.085591
v 0.459009 0.351207 0.143402
v 0.464127 0.323078 0.126064
v 0.617638 0.340178 0.163961
v 0.242260 0.299767 -0.077021
v 0.352622 0.344092 -0.106170
v 0.342464 0.320473 -0.140706
v 0.251949 0.317124 -0.052902
v 0.459009 0.351207 -0.143402
v 0.456622 0.333704 -0.170985
v 0.617638 0.340178 -0.163961
v 0.352622 0.344092 0.106170
v 0.242260 0.299767 0.077021
v 0.342464 0.320473 0.140706
v 0.251949 0.317124 0.052902
v 0.459009 0.351207 0.143402
v 0.456622 0.333704 0.170985
v 0.617638 0.340178 0.163961
v -0.096241 0.459927 -0.104894
v 0.018263 0.443634 -0.133461
v 0.004249 0.471604 -0.163762
v -0.084037 0.439806 -0.084362
v 0.116178 0.447536 -0.176533
v 0.110692 0.469172 -0.201429
v 0.269580 0.455242 -0.217796
v 0.018263 0.443634 0.133461
v -0.096241 0.459927 0.104894
v 0.004249 0.471604 0.163762
v -0.084037 0.439806 0.084362
v 0.116178 0.447536 0.176533
v 0.110692 0.469172 0.201429
v 0.269580 0.455242 0.217796
v 0.899352 0.563575 -0.039539
v 0.800573 0.540790 -0.042499
v 0.813998 0.518248 -0.038199
v 0.883212 0.596358 -0.045822
v 0.980634 0.604750 -0.038345
v 0.972572 0.631696 -0.042720
v 1.105199 0.654488 -0.019917
v 0.800573 0.540790 0.042499
v 0.899352 0.563575 0.039539
v 0.813998 0.518248 0.038199
v 0.883212 0.596358 0.045822
v 0.980634 0.604750 0.038345
v 0.972572 0.631696 0.042720
v 1.105199 0.654488 0.019917
v -0.078846 0.191733 -0.111417
v -0.168635 0.221637 -0.031778
v -0.173866 0.192327 -0.041833
v -0.074237 0.232206 -0.095253
v 0.017786 0.213449 -0.167137
v 0.016422 0.243604 -0.152279
v 0.160508 0.270036 -0.216705
v -0.168635 0.221637 0.031778
v -0.078846 0.191733 0.111417
v -0.173866 0.192327 0.041833
v -0.074237 0.232206 0.095253
v 0.017786 0.213449 0.167137
v 0.016422 0.243604 0.152279
v 0.160508 0.270036 0.216705
v -0.505917 0.455504 -0.160204
v -0.604110 0.437630 -0.097676
v -0.588871 0.423002 -0.074409
v -0.487672 0.434987 -0.126047
v -0.399645 0.463784 -0.199597
v -0.390856 0.447308 -0.171610
v -0.239498 0.472290 -0.217183
v -0.487672 0.434987 0.126047
v -0.588871 0.423002 0.074409
v -0.505917 0.455504 0.160204
v -0.604110 0.437630 0.097676
v -0.399645 0.463784 0.199597
v -0.390856 0.447308 0.171610
v -0.239498 0.472290 0.217183
v 0.099450 0.532549 -0.106954
v 0.000502 0.491793 -0.066957
v -0.007202 0.479209 -0.094703
v 0.091555 0.516469 -0.146950
v 0.194356 0.569769 -0.141716
v 0.193419 0.559195 -0.173643
v 0.344372 0.616119 -0.172649
v 0.091555 0.516469 0.146950
v -0.007202 0.479209 0.094703
v 0.099450 0.532549 0.106954
v 0.000502 0.491793 0.066957
v 0.194356 0.569769 0.141716
v 0.193419 0.559195 0.173643
v 0.344372 0.616119 0.172649
v 0.008310 0.410611 -0.160057
v -0.084037 0.439806 -0.084362
v -0.093311 0.415922 -0.102221
v 0.018263 0.443634 -0.133461
v 0.113797 0.422523 -0.198595
v 0.116178 0.447536 -0.176533
v 0.269580 0.455242 -0.217796
v 0.008310 0.410611 0.160057
v -0.084037 0.439806 0.084362
v 0.018263 0.443634 0.133461
v -0.093311 0.415922 0.102221
v 0.113797 0.422523 0.198595
v 0.116178 0.447536 0.176533
v 0.269580 0.455242 0.217796
v 0.098099 0.330673 -0.107076
v 0.019361 0.254397 -0.049798
v 0.117097 0.293277 -0.094382
v 0.003681 0.280444 -0.057748
v 0.201481 0.359076 -0.144754
v 0.210951 0.328821 -0.133484
v 0.360045 0.373353 -0.170873
v 0.003681 0.280444 0.057748
v 0.098099 0.330673 0.107076
v 0.019361 0.254397 0.049798
v 0.117097 0.293277 0.094382
v 0.201481 0.359076 0.144754
v 0.210951 0.328821 0.133484
v 0.360045 0.373353 0.170873
v 0.801227 0.536181 -0.068696
v 0.883212 0.596358 -0.045822
v 0.886807 0.591203 -0.081932
v 0.800573 0.540790 -0.042499
v 0.972572 0.631696 -0.042720
v 0.979669 0.629406 -0.069589
v 1.105199 0.654488 -0.019917
v 0.801227 0.536181 0.068696
v 0.883212 0.596358 0.045822
v 0.800573 0.540790 0.042499
v 0.886807 0.591203 0.081932
v 0.972572 0.631696 0.042720
v 0.979669 0.629406 0.069589
v 1.105199 0.654488 0.019917
v 0.169061 0.211741 -0.075035
v 0.257068 0.247088 -0.098280
v 0.248969 0.228253 -0.125820
v 0.176787 0.225582 -0.055802
v 0.341905 0.252761 -0.127969
v 0.340000 0.238803 -0.149966
v 0.468401 0.243966 -0.144364
v 0.257068 0.247088 0.098280
v 0.169061 0.211741 0.075035
v 0.248969 0.228253 0.125820
v 0.176787 0.225582 0.055802
v 0.341905 0.252761 0.127969
v 0.340000 0.238803 0.149966
v 0.468401 0.243966 0.144364
v 0.257068 0.247088 -0.098280
v 0.186245 0.205248 -0.044969
v 0.267863 0.218445 -0.081869
v 0.176787 0.225582 -0.055802
v 0.341905 0.252761 -0.127969
v 0.345986 0.230330 -0.114144
v 0.468401 0.243966 -0.144364
v 0.257068 0.247088 0.098280
v 0.186245 0.205248 0.044969
v 0.176787 0.225582 0.055802
v 0.267863 0.218445 0.081869
v 0.341905 0.252761 0.127969
v 0.345986 0.230330 0.114144
v 0.468401 0.243966 0.144364
v 0.637140 0.469660 -0.068321
v 0.734828 0.535592 -0.101554
v 0.727602 0.511183 -0.136278
v 0.644559 0.488065 -0.044174
v 0.835488 0.564448 -0.143856
v 0.835055 0.547421 -0.171835
v 0.991789 0.585512 -0.172737
v 0.734828 0.535592 0.101554
v 0.637140 0.469660 0.068321
v 0.727602 0.511183 0.136278
v 0.644559 0.488065 0.044174
v 0.835488 0.564448 0.143856
v 0.835055 0.547421 0.171835
v 0.991789 0.585512 0.172737
v 0.690267 0.624807 -0.081984
v 0.604475 0.529867 -0.063924
v 0.618421 0.520276 -0.034999
v 0.706527 0.609407 -0.041614
v 0.799629 0.689824 -0.089091
v 0.806839 0.675243 -0.057962
v 0.967562 0.730772 -0.083269
v 0.706527 0.609407 0.041614
v 0.618421 0.520276 0.034999
v 0.690267 0.624807 0.081984
v 0.604475 0.529867 0.063924
v 0.799629 0.689824 0.089091
v 0.806839 0.675243 0.057962
v 0.967562 0.730772 0.083269
v -0.834815 0.425012 -0.077179
v -0.719397 0.416211 -0.108347
v -0.738059 0.434152 -0.143708
v -0.819313 0.412053 -0.053109
v -0.623672 0.421382 -0.157448
v -0.632818 0.435557 -0.186559
v -0.473089 0.437454 -0.209182
v -0.719397 0.416211 0.108347
v -0.834815 0.425012 0.077179
v -0.738059 0.434152 0.143708
v -0.819313 0.412053 0.053109
v -0.623672 0.421382 0.157448
v -0.632818 0.435557 0.186559
v -0.473089 0.437454 0.209182
v 0.690167 0.347192 -0.069499
v 0.800389 0.391517 -0.099175
v 0.790066 0.367897 -0.133663
v 0.699971 0.364548 -0.045427
v 0.906595 0.398632 -0.136916
v 0.904077 0.381128 -0.164488
v 1.065123 0.387603 -0.158234
v 0.800389 0.391517 0.099175
v 0.690167 0.347192 0.069499
v 0.790066 0.367897 0.133663
v 0.699971 0.364548 0.045427
v 0.906595 0.398632 0.136916
v 0.904077 0.381128 0.164488
v 1.065123 0.387603 0.158234
v -0.813835 0.507532 -0.135786
v -0.896790 0.428203 -0.089700
v -0.795589 0.470068 -0.122217
v -0.912029 0.454228 -0.098532
v -0.707563 0.538801 -0.161137
v -0.698774 0.508364 -0.149807
v -0.547417 0.556492 -0.169421
v -0.912029 0.454228 0.098532
v -0.813835 0.507532 0.135786
v -0.896790 0.428203 0.089700
v -0.795589 0.470068 0.122217
v -0.707563 0.538801 0.161137
v -0.698774 0.508364 0.149807
v -0.547417 0.556492 0.169421
v -0.547445 0.546239 -0.134787
v -0.628267 0.469962 -0.080490
v -0.528935 0.508842 -0.121393
v -0.643640 0.496009 -0.089020
v -0.442728 0.574641 -0.168578
v -0.433686 0.544386 -0.156962
v -0.283300 0.588918 -0.188757
v -0.643640 0.496009 0.089020
v -0.547445 0.546239 0.134787
v -0.628267 0.469962 0.080490
v -0.528935 0.508842 0.121393
v -0.442728 0.574641 0.168578
v -0.433686 0.544386 0.156962
v -0.283300 0.588918 0.188757
v 0.896545 0.449583 -0.099094
v 0.812625 0.449704 -0.017395
v 0.795211 0.470191 -0.033368
v 0.875274 0.478267 -0.123195
v 0.977333 0.488520 -0.183364
v 0.988725 0.466092 -0.162351
v 1.134051 0.504219 -0.218625
v 0.812625 0.449704 0.017395
v 0.896545 0.449583 0.099094
v 0.795211 0.470191 0.033368
v 0.875274 0.478267 0.123195
v 0.977333 0.488520 0.183364
v 0.988725 0.466092 0.162351
v 1.134051 0.504219 0.218625
v -0.187034 0.232803 -0.054678
v -0.074237 0.232206 -0.095253
v -0.097098 0.247833 -0.129220
v -0.168635 0.221637 -0.031778
v 0.016422 0.243604 -0.152279
v 0.003827 0.256355 -0.180753
v 0.160508 0.270036 -0.216705
v -0.074237 0.232206 0.095253
v -0.187034 0.232803 0.054678
v -0.097098 0.247833 0.129220
v -0.168635 0.221637 0.031778
v 0.016422 0.243604 0.152279
v 0.003827 0.256355 0.180753
v 0.160508 0.270036 0.216705
v -0.151949 0.324100 -0.129553
v -0.234920 0.281945 -0.048084
v -0.136488 0.290988 -0.105363
v -0.248060 0.305616 -0.064040
v -0.048650 0.324942 -0.176911
v -0.041928 0.299237 -0.156269
v 0.108526 0.309441 -0.209836
v -0.248060 0.305616 0.064040
v -0.151949 0.324100 0.129553
v -0.234920 0.281945 0.048084
v -0.136488 0.290988 0.105363
v -0.048650 0.324942 0.176911
v -0.041928 0.299237 0.156269
v 0.108526 0.309441 0.209836
v 0.795211 0.470191 -0.033368
v 0.890448 0.510559 -0.099047
v 0.875274 0.478267 -0.123195
v 0.808224 0.493697 -0.017362
v 0.984062 0.512727 -0.162315
v 0.977333 0.488520 -0.183364
v 1.134051 0.504219 -0.218625
v 0.890448 0.510559 0.099047
v 0.795211 0.470191 0.033368
v 0.875274 0.478267 0.123195
v 0.808224 0.493697 0.017362
v 0.984062 0.512727 0.162315
v 0.977333 0.488520 0.183364
v 1.134051 0.504219 0.218625
v -0.177370 0.487803 -0.133799
v -0.267916 0.443099 -0.080372
v -0.270213 0.419459 -0.100950
v -0.178018 0.456329 -0.164288
v -0.086227 0.508550 -0.206257
v -0.090418 0.530379 -0.180999
v 0.047710 0.595666 -0.228623
v -0.178018 0.456329 0.164288
v -0.270213 0.419459 0.100950
v -0.177370 0.487803 0.133799
v -0.267916 0.443099 0.080372
v -0.086227 0.508550 0.206257
v -0.090418 0.530379 0.180999
v 0.047710 0.595666 0.228623
v 0.661767 0.385302 -0.095486
v 0.599485 0.327898 -0.071602
v 0.602766 0.341777 -0.054248
v 0.659271 0.367178 -0.120442
v 0.730169 0.416683 -0.125888
v 0.731701 0.404538 -0.145996
v 0.838944 0.448542 -0.146644
v 0.661767 0.385302 0.095486
v 0.599485 0.327898 0.071602
v 0.659271 0.367178 0.120442
v 0.602766 0.341777 0.054248
v 0.730169 0.416683 0.125888
v 0.731701 0.404538 0.145996
v 0.838944 0.448542 0.146644
v 0.851031 0.260595 -0.066873
v 0.954479 0.312437 -0.109209
v 0.946967 0.281101 -0.138167
v 0.858747 0.283659 -0.046934
v 1.058896 0.325772 -0.152027
v 1.058417 0.302820 -0.175676
v 1.218156 0.331519 -0.177159
v 0.954479 0.312437 0.109209
v 0.851031 0.260595 0.066873
v 0.946967 0.281101 0.138167
v 0.858747 0.283659 0.046934
v 1.058896 0.325772 0.152027
v 1.058417 0.302820 0.175676
v 1.218156 0.331519 0.177159
v -0.492298 0.396846 -0.147128
v -0.588871 0.423002 -0.074409
v -0.594284 0.395309 -0.088242
v -0.487672 0.434987 -0.126047
v -0.389229 0.418921 -0.189597
v -0.390856 0.447308 -0.171610
v -0.239498 0.472290 -0.217183
v -0.588871 0.423002 0.074409
v -0.492298 0.396846 0.147128
v -0.594284 0.395309 0.088242
v -0.487672 0.434987 0.126047
v -0.389229 0.418921 0.189597
v -0.390856 0.447308 0.171610
v -0.239498 0.472290 0.217183
v -0.528935 0.508842 -0.121393
v -0.628267 0.469962 -0.080490
v -0.635908 0.456471 -0.107825
v -0.536729 0.491438 -0.160851
v -0.433686 0.544386 -0.156962
v -0.434532 0.532728 -0.188512
v -0.283300 0.588918 -0.188757
v -0.536729 0.491438 0.160851
v -0.635908 0.456471 0.107825
v -0.528935 0.508842 0.121393
v -0.628267 0.469962 0.080490
v -0.433686 0.544386 0.156962
v -0.434532 0.532728 0.188512
v -0.283300 0.588918 0.188757
v -0.725742 0.376501 -0.125767
v -0.819313 0.412053 -0.053109
v -0.825927 0.383417 -0.064235
v -0.719397 0.416211 -0.108347
v -0.623397 0.391464 -0.172838
v -0.623672 0.421382 -0.157448
v -0.473089 0.437454 -0.209182
v -0.725742 0.376501 0.125767
v -0.819313 0.412053 0.053109
v -0.719397 0.416211 0.108347
v -0.825927 0.383417 0.064235
v -0.623397 0.391464 0.172838
v -0.623672 0.421382 0.157448
v -0.473089 0.437454 0.209182
v -0.795589 0.470068 -0.122217
v -0.896790 0.428203 -0.089700
v -0.902202 0.415434 -0.117900
v -0.800217 0.453762 -0.162631
v -0.698774 0.508364 -0.149807
v -0.697148 0.497677 -0.181669
v -0.547417 0.556492 -0.169421
v -0.795589 0.470068 0.122217
v -0.902202 0.415434 0.117900
v -0.896790 0.428203 0.089700
v -0.800217 0.453762 0.162631
v -0.698774 0.508364 0.149807
v -0.697148 0.497677 0.181669
v -0.547417 0.556492 0.169421
v -1.022381 0.421530 -0.114823
v -1.117114 0.404981 -0.054472
v -1.130119 0.387618 -0.076939
v -1.037783 0.398040 -0.148109
v -0.931161 0.436434 -0.168811
v -0.937985 0.419127 -0.196595
v -0.784596 0.453535 -0.228144
v -1.037783 0.398040 0.148109
v -1.130119 0.387618 0.076939
v -1.022381 0.421530 0.114823
v -1.117114 0.404981 0.054472
v -0.931161 0.436434 0.168811
v -0.937985 0.419127 0.196595
v -0.784596 0.453535 0.228144
v -1.038706 0.457449 -0.133270
v -1.117114 0.404981 -0.054472
v -1.022381 0.421530 -0.114823
v -1.130785 0.430480 -0.066232
v -0.938692 0.464564 -0.185245
v -0.931161 0.436434 -0.168811
v -0.784596 0.453535 -0.228144
v -1.130785 0.430480 0.066232
v -1.038706 0.457449 0.133270
v -1.117114 0.404981 0.054472
v -1.022381 0.421530 0.114823
v -0.938692 0.464564 0.185245
v -0.931161 0.436434 0.168811
v -0.784596 0.453535 0.228144
v -1.000996 0.519972 -0.096522
v -1.099090 0.472212 -0.062641
v -1.099769 0.452683 -0.087253
v -0.999129 0.494362 -0.132036
v -0.907312 0.564776 -0.125108
v -0.900910 0.547449 -0.153229
v -0.761937 0.628896 -0.144209
v -1.000996 0.519972 0.096522
v -1.099769 0.452683 0.087253
v -1.099090 0.472212 0.062641
v -0.999129 0.494362 0.132036
v -0.907312 0.564776 0.125108
v -0.900910 0.547449 0.153229
v -0.761937 0.628896 0.144209
vn -0.5984 0.6313 -0.4932
vn -0.5069 0.6805 -0.5291
vn -0.5041 0.6817 -0.5302
vn -0.5984 0.6313 -0.4933
vn -0.3130 0.7636 -0.5648
vn -0.3063 0.7664 -0.5647
vn -0.1992 0.8022 -0.5628
vn -0.5069 0.6806 0.5290
vn -0.5984 0.6313 0.4933
vn -0.5041 0.6817 0.5302
vn -0.3129 0.7636 0.5648
vn -0.3063 0.7664 0.5647
vn -0.1992 0.8022 0.5628
vn -0.3731 -0.5433 -0.7521
vn -0.4644 -0.5577 -0.6880
vn -0.3758 -0.5444 -0.7500
vn -0.1750 -0.5151 -0.8391
vn -0.1818 -0.5153 -0.8375
vn -0.0662 -0.4991 -0.8640
vn -0.3729 -0.5435 0.7520
vn -0.4644 -0.5577 0.6880
vn -0.3758 -0.5443 0.7500
vn -0.1751 -0.5150 0.8391
vn -0.1818 -0.5153 0.8375
vn -0.0662 -0.4991 0.8640
vn -0.4858 0.8014 -0.3488
vn -0.3971 0.8213 -0.4096
vn -0.3939 0.8220 -0.4112
vn -0.4859 0.8014 -0.3488
vn -0.2030 0.8431 -0.4979
vn -0.1963 0.8435 -0.5000
vn -0.0862 0.8447 -0.5282
vn -0.3968 0.8216 0.4093
vn -0.4858 0.8014 0.3488
vn -0.3939 0.8220 0.4112
vn -0.4859 0.8014 0.3488
vn -0.2030 0.8431 0.4980
vn -0.1963 0.8435 0.5000
vn -0.0862 0.8447 0.5282
vn -0.5342 0.8015 -0.2687
vn -0.4404 0.8457 -0.3015
vn -0.4365 0.8474 -0.3024
vn -0.2389 0.9106 -0.3373
vn -0.2320 0.9121 -0.3381
vn -0.1201 0.9331 -0.3389
vn -0.4404 0.8457 0.3015
vn -0.5342 0.8015 0.2687
vn -0.4365 0.8474 0.3024
vn -0.5342 0.8015 0.2688
vn -0.2389 0.9106 0.3373
vn -0.2320 0.9121 0.3381
vn -0.1201 0.9331 0.3389
vn -0.5423 0.4035 -0.7369
vn -0.4490 0.4095 -0.7942
vn -0.4460 0.4094 -0.7959
vn -0.2426 0.4248 -0.8722
vn -0.2494 0.4241 -0.8706
vn -0.1316 0.4354 -0.8906
vn -0.4460 0.4094 0.7959
vn -0.5423 0.4035 0.7369
vn -0.4490 0.4095 0.7942
vn -0.2426 0.4248 0.8722
vn -0.2494 0.4241 0.8706
vn -0.1316 0.4354 0.8906
vn 0.4448 -0.6684 0.5962
vn 0.4556 -0.6668 0.5898
vn 0.4440 -0.6687 0.5964
vn 0.3889 -0.6819 0.6194
vn 0.3863 -0.6823 0.6207
vn 0.3359 -0.6938 0.6370
vn 0.4440 -0.6687 -0.5964
vn 0.4556 -0.6668 -0.5898
vn 0.4448 -0.6684 -0.5962
vn 0.3889 -0.6819 -0.6194
vn 0.3863 -0.6823 -0.6207
vn 0.3359 -0.6938 -0.6370
vn -0.5381 0.8036 -0.2543
vn -0.4451 0.8453 -0.2956
vn -0.4423 0.8464 -0.2966
vn -0.2466 0.9046 -0.3478
vn -0.2397 0.9061 -0.3486
vn -0.1279 0.9248 -0.3584
vn -0.4451 0.8453 0.2956
vn -0.5381 0.8036 0.2543
vn -0.4423 0.8464 0.2966
vn -0.2465 0.9046 0.3478
vn -0.2397 0.9061 0.3486
vn -0.1279 0.9248 0.3584
vn -0.5338 0.4529 -0.7141
vn -0.4403 0.4664 -0.7672
vn -0.4365 0.4665 -0.7693
vn -0.2319 0.4952 -0.8373
vn -0.2389 0.4937 -0.8362
vn -0.1202 0.5098 -0.8519
vn -0.4366 0.4665 0.7693
vn -0.5338 0.4529 0.7141
vn -0.4403 0.4664 0.7672
vn -0.2319 0.4952 0.8373
vn -0.2389 0.4937 0.8362
vn -0.1202 0.5098 0.8519
vn 0.6166 -0.6695 0.4142
vn 0.6264 -0.6639 0.4084
vn 0.6158 -0.6697 0.4151
vn 0.5667 -0.6988 0.4365
vn 0.5644 -0.7002 0.4372
vn 0.5193 -0.7247 0.4528
vn 0.6166 -0.6695 -0.4142
vn 0.6264 -0.6639 -0.4084
vn 0.6158 -0.6697 -0.4152
vn 0.5667 -0.6988 -0.4365
vn 0.5644 -0.7002 -0.4372
vn 0.5193 -0.7247 -0.4528
vn -0.6040 0.5539 -0.5730
vn -0.6872 0.5089 -0.5184
vn -0.6015 0.5553 -0.5744
vn -0.4144 0.6402 -0.6469
vn -0.4202 0.6373 -0.6459
vn -0.3092 0.6797 -0.6651
vn -0.6040 0.5539 0.5731
vn -0.6872 0.5089 0.5184
vn -0.6015 0.5553 0.5744
vn -0.4144 0.6402 0.6469
vn -0.4202 0.6373 0.6459
vn -0.3092 0.6797 0.6651
vn 0.5128 -0.6613 0.5475
vn 0.5223 -0.6602 0.5397
vn 0.5223 -0.6602 0.5398
vn 0.5125 -0.6609 0.5482
vn 0.4622 -0.6684 0.5827
vn 0.4597 -0.6689 0.5842
vn 0.4137 -0.6749 0.6110
vn 0.5125 -0.6609 -0.5482
vn 0.5223 -0.6602 -0.5397
vn 0.5128 -0.6613 -0.5475
vn 0.5223 -0.6602 -0.5398
vn 0.4622 -0.6684 -0.5828
vn 0.4597 -0.6689 -0.5842
vn 0.4137 -0.6749 -0.6110
vn 0.3718 0.7483 0.5494
vn 0.3813 0.7499 0.5405
vn 0.3814 0.7499 0.5405
vn 0.3716 0.7487 0.5490
vn 0.3205 0.7459 0.5838
vn 0.3186 0.7459 0.5848
vn 0.2716 0.7426 0.6122
vn 0.3716 0.7487 -0.5490
vn 0.3814 0.7499 -0.5405
vn 0.3718 0.7483 -0.5494
vn 0.3813 0.7499 -0.5405
vn 0.3205 0.7459 -0.5839
vn 0.3186 0.7460 -0.5848
vn 0.2716 0.7426 -0.6122
vn -0.3335 -0.6450 -0.6876
vn -0.4260 -0.6506 -0.6286
vn -0.3305 -0.6448 -0.6893
vn -0.1288 -0.6267 -0.7686
vn -0.1355 -0.6271 -0.7671
vn -0.0178 -0.6137 -0.7893
vn -0.3305 -0.6448 0.6893
vn -0.4260 -0.6507 0.6286
vn -0.3335 -0.6450 0.6876
vn -0.4260 -0.6506 0.6286
vn -0.1288 -0.6267 0.7686
vn -0.1355 -0.6271 0.7671
vn -0.0178 -0.6137 0.7893
vn -0.1269 -0.9267 -0.3537
vn -0.2166 -0.9320 -0.2908
vn -0.1240 -0.9264 -0.3555
vn 0.0679 -0.8899 -0.4511
vn 0.0621 -0.8914 -0.4489
vn 0.1721 -0.8580 -0.4839
vn -0.1240 -0.9264 0.3555
vn -0.2166 -0.9320 0.2908
vn -0.1269 -0.9267 0.3538
vn 0.0680 -0.8899 0.4510
vn 0.0621 -0.8914 0.4489
vn 0.1721 -0.8580 0.4839
vn 0.3302 -0.8257 0.4575
vn 0.3418 -0.8240 0.4519
vn 0.3293 -0.8259 0.4576
vn 0.2715 -0.8358 0.4772
vn 0.2695 -0.8366 0.4770
vn 0.2177 -0.8437 0.4906
vn 0.3293 -0.8259 -0.4577
vn 0.3418 -0.8240 -0.4519
vn 0.3302 -0.8257 -0.4575
vn 0.2715 -0.8358 -0.4771
vn 0.2695 -0.8366 -0.4770
vn 0.2177 -0.8437 -0.4906
vn 0.5125 -0.7082 -0.4856
vn 0.5223 -0.6996 -0.4876
vn 0.5223 -0.6997 -0.4876
vn 0.4595 -0.7449 -0.4836
vn 0.4621 -0.7435 -0.4834
vn 0.4132 -0.7728 -0.4817
vn 0.5125 -0.7082 0.4856
vn 0.5223 -0.6996 0.4876
vn 0.5222 -0.6996 0.4876
vn 0.4595 -0.7449 0.4837
vn 0.4622 -0.7435 0.4833
vn 0.4132 -0.7728 0.4817
vn 0.5088 -0.7546 0.4143
vn 0.5193 -0.7507 0.4085
vn 0.5193 -0.7507 0.4084
vn 0.5086 -0.7544 0.4151
vn 0.4546 -0.7765 0.4363
vn 0.4528 -0.7769 0.4375
vn 0.4042 -0.7948 0.4527
vn 0.5086 -0.7544 -0.4151
vn 0.5193 -0.7506 -0.4085
vn 0.5088 -0.7546 -0.4143
vn 0.5193 -0.7507 -0.4085
vn 0.4546 -0.7765 -0.4363
vn 0.4528 -0.7769 -0.4375
vn 0.4042 -0.7948 -0.4527
vn 0.4660 -0.8699 0.1615
vn 0.4538 -0.8762 0.1625
vn 0.4538 -0.8762 0.1626
vn 0.4661 -0.8699 0.1615
vn 0.3989 -0.9035 0.1568
vn 0.3966 -0.9045 0.1567
vn 0.3478 -0.9256 0.1491
vn 0.4538 -0.8762 -0.1626
vn 0.4661 -0.8699 -0.1615
vn 0.3989 -0.9035 -0.1568
vn 0.3966 -0.9045 -0.1567
vn 0.3478 -0.9256 -0.1491
vn -0.2947 -0.4420 -0.8472
vn -0.1974 -0.4054 -0.8926
vn -0.2003 -0.4075 -0.8910
vn 0.0043 -0.3389 -0.9408
vn -0.0025 -0.3409 -0.9401
vn 0.1131 -0.3079 -0.9447
vn -0.1973 -0.4054 0.8926
vn -0.2947 -0.4420 0.8472
vn -0.2003 -0.4075 0.8910
vn 0.0042 -0.3388 0.9408
vn -0.0025 -0.3409 0.9401
vn 0.1131 -0.3079 0.9447
vn -0.2243 -0.4208 -0.8790
vn -0.1258 -0.3814 -0.9158
vn -0.1289 -0.3823 -0.9150
vn 0.0775 -0.3099 -0.9476
vn 0.0708 -0.3118 -0.9475
vn 0.1856 -0.2761 -0.9430
vn -0.1258 -0.3814 0.9158
vn -0.2243 -0.4208 0.8790
vn -0.1288 -0.3824 0.9150
vn 0.0775 -0.3099 0.9476
vn 0.0708 -0.3118 0.9475
vn 0.1856 -0.2761 0.9430
vn -0.2620 -0.5435 -0.7974
vn -0.3622 -0.5577 -0.7469
vn -0.2648 -0.5442 -0.7961
vn -0.0545 -0.5150 -0.8555
vn -0.0613 -0.5153 -0.8548
vn 0.0573 -0.4990 -0.8647
vn 0.3274 -0.8261 0.4587
vn 0.3391 -0.8244 0.4531
vn 0.3391 -0.8245 0.4531
vn 0.2696 -0.8359 0.4781
vn 0.2666 -0.8365 0.4788
vn 0.2154 -0.8437 0.4917
vn -0.2619 -0.5436 0.7974
vn -0.3621 -0.5577 0.7469
vn -0.2648 -0.5442 0.7961
vn -0.3622 -0.5577 0.7469
vn -0.0545 -0.5150 0.8554
vn -0.0613 -0.5153 0.8548
vn 0.0573 -0.4990 0.8647
vn 0.3274 -0.8261 -0.4587
vn 0.3391 -0.8245 -0.4531
vn 0.3391 -0.8244 -0.4531
vn 0.2696 -0.8359 -0.4781
vn 0.2666 -0.8365 -0.4788
vn 0.2154 -0.8437 -0.4917
vn -0.3256 -0.4421 -0.8358
vn -0.2313 -0.4055 -0.8843
vn -0.2339 -0.4073 -0.8828
vn -0.0315 -0.3389 -0.9403
vn -0.0382 -0.3409 -0.9393
vn 0.0775 -0.3079 -0.9483
vn -0.2313 -0.4055 0.8843
vn -0.3256 -0.4421 0.8358
vn -0.2339 -0.4073 0.8828
vn -0.0315 -0.3389 0.9403
vn -0.0382 -0.3409 0.9393
vn 0.0775 -0.3079 0.9483
vn -0.1674 -0.9079 -0.3843
vn -0.2620 -0.9071 -0.3294
vn -0.1645 -0.9076 -0.3862
vn 0.0370 -0.8848 -0.4645
vn 0.0303 -0.8860 -0.4626
vn 0.1460 -0.8608 -0.4875
vn -0.1645 -0.9076 0.3862
vn -0.2620 -0.9071 0.3294
vn -0.1674 -0.9079 0.3844
vn 0.0370 -0.8848 0.4645
vn 0.0303 -0.8860 0.4626
vn 0.1460 -0.8608 0.4875
vn -0.4423 0.6352 -0.6332
vn -0.3458 0.6420 -0.6843
vn -0.3431 0.6422 -0.6855
vn -0.4423 0.6352 -0.6331
vn -0.1346 0.6487 -0.7490
vn -0.1414 0.6481 -0.7483
vn -0.0216 0.6479 -0.7614
vn -0.3458 0.6420 0.6843
vn -0.4423 0.6352 0.6332
vn -0.3431 0.6422 0.6855
vn -0.4423 0.6352 0.6331
vn -0.1346 0.6488 0.7490
vn -0.1414 0.6481 0.7483
vn -0.0216 0.6479 0.7614
vn -0.5435 0.8089 -0.2242
vn -0.4511 0.8522 -0.2650
vn -0.4482 0.8535 -0.2658
vn -0.2523 0.9150 -0.3149
vn -0.2456 0.9164 -0.3161
vn -0.1346 0.9356 -0.3265
vn -0.4511 0.8522 0.2650
vn -0.5436 0.8089 0.2243
vn -0.4482 0.8535 0.2658
vn -0.5436 0.8089 0.2242
vn -0.2523 0.9150 0.3149
vn -0.2456 0.9164 0.3161
vn -0.1346 0.9356 0.3265
vn 0.0679 -0.1440 -0.9872
vn -0.0285 -0.1951 -0.9804
vn -0.0285 -0.1952 -0.9804
vn 0.0708 -0.1431 -0.9872
vn 0.2628 -0.0581 -0.9631
vn 0.2696 -0.0563 -0.9613
vn 0.3709 -0.0196 -0.9285
vn 0.0708 -0.1431 0.9872
vn -0.0285 -0.1952 0.9804
vn 0.0679 -0.1440 0.9872
vn -0.0285 -0.1951 0.9804
vn 0.2628 -0.0581 0.9631
vn 0.2696 -0.0563 0.9613
vn 0.3709 -0.0196 0.9285
vn 0.2666 -0.8364 0.4788
vn 0.2666 -0.8364 -0.4788
vn -0.6312 0.3430 -0.6957
vn -0.5435 0.3555 -0.7604
vn -0.5407 0.3555 -0.7624
vn -0.6312 0.3429 -0.6957
vn -0.3459 0.3844 -0.8559
vn -0.3527 0.3837 -0.8534
vn -0.2378 0.4028 -0.8839
vn -0.5406 0.3556 0.7624
vn -0.6312 0.3430 0.6957
vn -0.6312 0.3429 0.6957
vn -0.5435 0.3555 0.7604
vn -0.3459 0.3844 0.8559
vn -0.3527 0.3837 0.8534
vn -0.2378 0.4028 0.8839
vn -0.1288 -0.8741 -0.4683
vn -0.2244 -0.8811 -0.4163
vn -0.1260 -0.8735 -0.4703
vn 0.0775 -0.8376 -0.5407
vn 0.0708 -0.8395 -0.5387
vn 0.1856 -0.8087 -0.5581
vn -0.1260 -0.8735 0.4703
vn -0.2244 -0.8811 0.4163
vn -0.1288 -0.8741 0.4683
vn 0.0775 -0.8376 0.5407
vn 0.0708 -0.8395 0.5387
vn 0.1856 -0.8087 0.5581
vn -0.2521 -0.7599 -0.5991
vn -0.3498 -0.7595 -0.5484
vn -0.2495 -0.7596 -0.6006
vn -0.0411 -0.7463 -0.6644
vn -0.0488 -0.7469 -0.6632
vn 0.0698 -0.7323 -0.6774
vn -0.2494 -0.7596 0.6007
vn -0.3498 -0.7595 0.5484
vn -0.2521 -0.7599 0.5991
vn -0.0411 -0.7463 0.6644
vn -0.0488 -0.7469 0.6632
vn 0.0698 -0.7323 0.6774
vn 0.0574 -0.4990 -0.8647
vn -0.2624 -0.5433 0.7975
vn -0.2647 -0.5442 0.7961
vn -0.0545 -0.5150 0.8555
vn 0.0574 -0.4990 0.8647
vn 0.3814 -0.3138 0.8695
vn 0.3718 -0.3225 0.8705
vn 0.3717 -0.3234 0.8702
vn 0.3207 -0.3572 0.8773
vn 0.3188 -0.3583 0.8775
vn 0.2716 -0.3852 0.8820
vn 0.3814 -0.3138 -0.8695
vn 0.3718 -0.3225 -0.8705
vn 0.3717 -0.3233 -0.8702
vn 0.3207 -0.3572 -0.8773
vn 0.3188 -0.3583 -0.8775
vn 0.2716 -0.3852 -0.8820
vn -0.1926 -0.6382 -0.7454
vn -0.1071 -0.5899 -0.8004
vn -0.1096 -0.5914 -0.7989
vn 0.0747 -0.4914 -0.8678
vn 0.0688 -0.4941 -0.8667
vn 0.1741 -0.4381 -0.8819
vn -0.1067 -0.5899 0.8004
vn -0.1926 -0.6382 0.7454
vn -0.1096 -0.5914 0.7989
vn 0.0747 -0.4914 0.8677
vn 0.0689 -0.4941 0.8666
vn 0.1741 -0.4381 0.8819
vn -0.2966 -0.4140 -0.8606
vn -0.2003 -0.3757 -0.9048
vn -0.2031 -0.3775 -0.9034
vn 0.0014 -0.3071 -0.9517
vn -0.0054 -0.3088 -0.9511
vn 0.1094 -0.2743 -0.9554
vn -0.2003 -0.3757 0.9048
vn -0.2966 -0.4140 0.8606
vn -0.2031 -0.3775 0.9034
vn 0.0014 -0.3071 0.9517
vn -0.0054 -0.3088 0.9511
vn 0.1094 -0.2743 0.9554
vn 0.4497 -0.8497 0.2753
vn 0.4607 -0.8456 0.2697
vn 0.4489 -0.8501 0.2754
vn 0.3938 -0.8710 0.2936
vn 0.3919 -0.8719 0.2936
vn 0.3420 -0.8880 0.3073
vn 0.4489 -0.8501 -0.2753
vn 0.4607 -0.8456 -0.2697
vn 0.4497 -0.8497 -0.2753
vn 0.3938 -0.8710 -0.2936
vn 0.3919 -0.8719 -0.2936
vn 0.3420 -0.8880 -0.3073
vn -0.2966 -0.7372 -0.6071
vn -0.2003 -0.7207 -0.6637
vn -0.2030 -0.7215 -0.6619
vn 0.0013 -0.6775 -0.7355
vn -0.0053 -0.6790 -0.7341
vn 0.1094 -0.6497 -0.7522
vn -0.2003 -0.7207 0.6637
vn -0.2966 -0.7372 0.6071
vn -0.2030 -0.7215 0.6619
vn 0.0014 -0.6775 0.7355
vn -0.0054 -0.6790 0.7341
vn 0.1094 -0.6497 0.7522
vn -0.1221 -0.7682 -0.6285
vn -0.0325 -0.7276 -0.6852
vn -0.0353 -0.7293 -0.6832
vn 0.1508 -0.6360 -0.7568
vn 0.1452 -0.6392 -0.7552
vn 0.2500 -0.5829 -0.7731
vn -0.3082 -0.4420 -0.8424
vn -0.2128 -0.4055 -0.8890
vn -0.2156 -0.4072 -0.8875
vn -0.0121 -0.3389 -0.9407
vn -0.0179 -0.3408 -0.9400
vn 0.0969 -0.3078 -0.9465
vn -0.0324 -0.7276 0.6853
vn -0.1221 -0.7682 0.6285
vn -0.0353 -0.7293 0.6832
vn 0.1507 -0.6359 0.7569
vn 0.1452 -0.6392 0.7552
vn 0.2500 -0.5829 0.7731
vn -0.2128 -0.4055 0.8890
vn -0.3082 -0.4421 0.8424
vn -0.2156 -0.4072 0.8875
vn -0.3082 -0.4420 0.8424
vn -0.0121 -0.3389 0.9407
vn -0.0179 -0.3408 0.9400
vn 0.0969 -0.3078 0.9465
vn 0.1885 0.5708 0.7992
vn 0.1991 0.5765 0.7924
vn 0.1884 0.5714 0.7988
vn 0.1316 0.5534 0.8224
vn 0.1335 0.5544 0.8215
vn 0.0825 0.5381 0.8389
vn 0.1991 0.5765 -0.7924
vn 0.1885 0.5707 -0.7992
vn 0.1884 0.5714 -0.7988
vn 0.1316 0.5534 -0.8224
vn 0.1335 0.5544 -0.8215
vn 0.0825 0.5381 -0.8389
vn -0.0546 -0.5149 -0.8555
vn 0.0574 -0.4991 -0.8646
vn -0.2620 -0.5435 0.7974
vn -0.0546 -0.5149 0.8555
vn 0.0574 -0.4991 0.8646
vn -0.4672 0.7421 -0.4807
vn -0.3757 0.7540 -0.5389
vn -0.3726 0.7544 -0.5403
vn -0.4672 0.7421 -0.4806
vn -0.1770 0.7654 -0.6187
vn -0.1703 0.7654 -0.6206
vn -0.0594 0.7637 -0.6429
vn -0.3757 0.7540 0.5389
vn -0.4672 0.7421 0.4807
vn -0.3726 0.7544 0.5403
vn -0.4672 0.7421 0.4806
vn -0.1770 0.7654 0.6187
vn -0.1703 0.7654 0.6206
vn -0.0594 0.7637 0.6429
vn 0.2609 0.5485 0.7944
vn 0.2735 0.5506 0.7887
vn 0.2618 0.5484 0.7942
vn 0.2735 0.5505 0.7887
vn 0.2011 0.5427 0.8155
vn 0.2031 0.5429 0.8149
vn 0.1490 0.5381 0.8296
vn 0.2608 0.5486 -0.7944
vn 0.2735 0.5506 -0.7887
vn 0.2735 0.5505 -0.7887
vn 0.2618 0.5484 -0.7942
vn 0.2011 0.5427 -0.8155
vn 0.2031 0.5429 -0.8149
vn 0.1490 0.5381 -0.8296
vn -0.5427 0.8033 -0.2455
vn -0.4499 0.8454 -0.2878
vn -0.4470 0.8463 -0.2898
vn -0.2524 0.9045 -0.3438
vn -0.2455 0.9061 -0.3447
vn -0.1338 0.9247 -0.3565
vn -0.4499 0.8454 0.2878
vn -0.5427 0.8033 0.2455
vn -0.4470 0.8463 0.2898
vn -0.2523 0.9045 0.3438
vn -0.2455 0.9061 0.3447
vn -0.1338 0.9247 0.3565
vn -0.0285 0.5978 0.8012
vn -0.0179 0.6041 0.7967
vn -0.0286 0.5978 0.8011
vn -0.0873 0.5735 0.8145
vn -0.0845 0.5748 0.8139
vn -0.1365 0.5535 0.8216
vn -0.0179 0.6041 -0.7967
vn -0.0286 0.5978 -0.8011
vn -0.0285 0.5978 -0.8012
vn -0.0873 0.5735 -0.8145
vn -0.0845 0.5748 -0.8139
vn -0.1365 0.5535 -0.8216
vn -0.4317 0.8013 -0.4143
vn -0.3344 0.8216 -0.4617
vn -0.3314 0.8224 -0.4625
vn -0.4317 0.8012 -0.4143
vn -0.1298 0.8435 -0.5213
vn -0.1231 0.8438 -0.5224
vn -0.0106 0.8447 -0.5351
vn -0.3348 0.8214 0.4618
vn -0.4317 0.8012 0.4143
vn -0.3314 0.8224 0.4625
vn -0.1298 0.8435 0.5213
vn -0.1231 0.8438 0.5224
vn -0.0106 0.8447 0.5351
vn -0.2656 -0.5435 -0.7963
vn -0.3660 -0.5577 -0.7450
vn -0.2688 -0.5445 -0.7945
vn -0.0584 -0.5147 -0.8554
vn -0.0652 -0.5156 -0.8544
vn 0.0537 -0.4994 -0.8647
vn -0.2657 -0.5434 0.7963
vn -0.3660 -0.5577 0.7450
vn -0.2688 -0.5445 0.7945
vn -0.0585 -0.5146 0.8554
vn -0.0652 -0.5156 0.8544
vn 0.0537 -0.4994 0.8647
vn 0.4439 -0.8496 0.2848
vn 0.4549 -0.8456 0.2794
vn 0.4549 -0.8456 0.2793
vn 0.4431 -0.8500 0.2850
vn 0.3880 -0.8710 0.3013
vn 0.3851 -0.8720 0.3022
vn 0.3361 -0.8879 0.3140
vn 0.4431 -0.8500 -0.2849
vn 0.4549 -0.8456 -0.2793
vn 0.4439 -0.8496 -0.2848
vn 0.4549 -0.8456 -0.2794
vn 0.3880 -0.8710 -0.3013
vn 0.3851 -0.8720 -0.3023
vn 0.3361 -0.8879 -0.3140
vn -0.2870 -0.6021 -0.7450
vn -0.1944 -0.5675 -0.8001
vn -0.1972 -0.5683 -0.7989
vn 0.0004 -0.4971 -0.8677
vn -0.0063 -0.4990 -0.8666
vn 0.1065 -0.4591 -0.8820
vn -0.1944 -0.5675 0.8001
vn -0.2870 -0.6021 0.7450
vn -0.1972 -0.5683 0.7989
vn 0.0004 -0.4971 0.8677
vn -0.0063 -0.4990 0.8666
vn 0.1065 -0.4591 0.8820
vn 0.1942 0.7248 0.6610
vn 0.2058 0.7277 0.6543
vn 0.1952 0.7247 0.6609
vn 0.1355 0.7154 0.6854
vn 0.1383 0.7161 0.6842
vn 0.0853 0.7070 0.7020
vn 0.1952 0.7246 -0.6609
vn 0.2058 0.7277 -0.6543
vn 0.1942 0.7248 -0.6610
vn 0.1355 0.7154 -0.6854
vn 0.1383 0.7161 -0.6842
vn 0.0853 0.7070 -0.7020
vn 0.2571 0.5487 0.7955
vn 0.2695 0.5503 0.7903
vn 0.2580 0.5485 0.7953
vn 0.1972 0.5427 0.8165
vn 0.1992 0.5429 0.8158
vn 0.1450 0.5381 0.8303
vn 0.2571 0.5487 -0.7955
vn 0.2695 0.5503 -0.7903
vn 0.2580 0.5486 -0.7953
vn 0.1972 0.5427 -0.8164
vn 0.1992 0.5429 -0.8158
vn 0.1450 0.5381 -0.8303
vn 0.2069 0.4106 0.8880
vn 0.2184 0.4154 0.8830
vn 0.2078 0.4106 0.8878
vn 0.1479 0.3929 0.9076
vn 0.1509 0.3931 0.9070
vn 0.0980 0.3787 0.9203
vn 0.2184 0.4154 -0.8830
vn 0.2069 0.4106 -0.8880
vn 0.2078 0.4106 -0.8878
vn 0.1479 0.3929 -0.9076
vn 0.1509 0.3932 -0.9070
vn 0.0980 0.3787 -0.9203
vn -0.0739 -0.6391 -0.7656
vn 0.0235 -0.5944 -0.8038
vn 0.0207 -0.5961 -0.8026
vn 0.2185 -0.5031 -0.8362
vn 0.2117 -0.5060 -0.8362
vn 0.3198 -0.4537 -0.8318
vn 0.3690 -0.7587 0.5369
vn 0.3794 -0.7584 0.5300
vn 0.3795 -0.7584 0.5300
vn 0.3680 -0.7586 0.5377
vn 0.3118 -0.7657 0.5625
vn 0.3099 -0.7658 0.5635
vn 0.2594 -0.7708 0.5819
vn 0.0236 -0.5944 0.8038
vn -0.0739 -0.6391 0.7656
vn 0.0207 -0.5961 0.8026
vn 0.2185 -0.5031 0.8362
vn 0.2117 -0.5060 0.8362
vn 0.3198 -0.4537 0.8318
vn 0.3680 -0.7586 -0.5377
vn 0.3795 -0.7584 -0.5300
vn 0.3690 -0.7587 -0.5369
vn 0.3794 -0.7584 -0.5300
vn 0.3118 -0.7657 -0.5625
vn 0.3099 -0.7658 -0.5635
vn 0.2594 -0.7708 -0.5819
vn -0.3799 0.3238 -0.8665
vn -0.4606 0.2514 -0.8512
vn -0.3766 0.3256 -0.8673
vn -0.1983 0.4376 -0.8771
vn -0.1924 0.4404 -0.8770
vn -0.0883 0.4840 -0.8706
vn -0.3766 0.3256 0.8673
vn -0.4606 0.2514 0.8512
vn -0.3799 0.3238 0.8665
vn -0.1983 0.4376 0.8771
vn -0.1924 0.4404 0.8770
vn -0.0883 0.4840 0.8706
vn 0.0265 0.7306 0.6823
vn 0.0371 0.7360 0.6760
vn -0.0285 0.7069 0.7068
vn -0.0256 0.7079 0.7058
vn -0.0748 0.6862 0.7236
vn 0.0264 0.7306 -0.6823
vn 0.0371 0.7360 -0.6760
vn 0.0264 0.7307 -0.6822
vn -0.0285 0.7069 -0.7068
vn -0.0256 0.7079 -0.7058
vn -0.0748 0.6862 -0.7236
vn -0.5476 0.8034 -0.2340
vn -0.4556 0.8453 -0.2791
vn -0.4529 0.8464 -0.2802
vn -0.2591 0.9047 -0.3382
vn -0.2523 0.9063 -0.3390
vn -0.1413 0.9247 -0.3535
vn -0.4557 0.8452 0.2792
vn -0.5476 0.8034 0.2340
vn -0.4529 0.8464 0.2802
vn -0.2591 0.9047 0.3381
vn -0.2523 0.9063 0.3391
vn -0.1413 0.9247 0.3535
vn 0.1007 0.5928 0.7990
vn 0.1104 0.5997 0.7926
vn 0.0468 0.5669 0.8225
vn 0.0487 0.5680 0.8216
vn 0.0006 0.5444 0.8388
vn 0.1104 0.5997 -0.7926
vn 0.1007 0.5928 -0.7990
vn 0.0467 0.5669 -0.8224
vn 0.0487 0.5680 -0.8216
vn 0.0006 0.5444 -0.8388
vn 0.1943 0.3806 0.9041
vn 0.2059 0.3855 0.8995
vn 0.1952 0.3805 0.9039
vn 0.1354 0.3622 0.9222
vn 0.1383 0.3624 0.9217
vn 0.0853 0.3473 0.9339
vn 0.2059 0.3855 -0.8995
vn 0.1943 0.3806 -0.9041
vn 0.1952 0.3805 -0.9039
vn 0.1354 0.3621 -0.9222
vn 0.1383 0.3624 -0.9217
vn 0.0853 0.3473 -0.9339
vn 0.2580 0.5485 -0.7953
vn 0.1972 0.5427 -0.8165
vn -0.3314 0.8223 -0.4625
vn -0.3344 0.8216 0.4617
vn -0.4317 0.8013 0.4143
vn -0.3314 0.8223 0.4625
vn -0.1298 0.8434 0.5213
vn 0.2560 0.7644 0.5917
vn 0.2445 0.7636 0.5976
vn 0.1866 0.7637 0.6180
vn 0.1837 0.7637 0.6188
vn 0.1325 0.7625 0.6332
vn 0.2445 0.7636 -0.5976
vn 0.2560 0.7644 -0.5917
vn 0.1866 0.7637 -0.6180
vn 0.1837 0.7637 -0.6188
vn 0.1325 0.7625 -0.6332
vn -0.0767 0.1472 0.9861
vn -0.0651 0.1540 0.9859
vn -0.0651 0.1539 0.9859
vn -0.0767 0.1473 0.9861
vn -0.1337 0.1232 0.9833
vn -0.1356 0.1221 0.9832
vn -0.1857 0.1028 0.9772
vn -0.0651 0.1540 -0.9859
vn -0.0767 0.1472 -0.9861
vn -0.0651 0.1539 -0.9859
vn -0.0767 0.1473 -0.9861
vn -0.1336 0.1231 -0.9834
vn -0.1356 0.1221 -0.9832
vn -0.1857 0.1028 -0.9772
vn 0.5378 -0.3612 0.7617
vn 0.5492 -0.3610 0.7537
vn 0.4828 -0.3727 0.7925
vn 0.4848 -0.3718 0.7917
vn 0.4347 -0.3821 0.8155
vn 0.5492 -0.3610 -0.7537
vn 0.5378 -0.3612 -0.7617
vn 0.4828 -0.3727 -0.7925
vn 0.4848 -0.3718 -0.7917
vn 0.4347 -0.3821 -0.8155
vn 0.1200 0.8764 0.4663
vn 0.1325 0.8778 0.4603
vn 0.1210 0.8763 0.4663
vn 0.0602 0.8699 0.4896
vn 0.0631 0.8703 0.4884
vn 0.0101 0.8631 0.5050
vn 0.1210 0.8763 -0.4663
vn 0.1325 0.8778 -0.4603
vn 0.1200 0.8764 -0.4663
vn 0.0602 0.8699 -0.4896
vn 0.0631 0.8703 -0.4884
vn 0.0101 0.8631 -0.5050
vn 0.4450 -0.8567 0.2608
vn 0.4555 -0.8526 0.2560
vn 0.4555 -0.8527 0.2559
vn 0.4442 -0.8571 0.2609
vn 0.3890 -0.8788 0.2763
vn 0.3863 -0.8800 0.2763
vn 0.3361 -0.8970 0.2870
vn 0.4442 -0.8571 -0.2609
vn 0.4555 -0.8527 -0.2559
vn 0.4450 -0.8567 -0.2608
vn 0.4555 -0.8526 -0.2560
vn 0.3890 -0.8788 -0.2763
vn 0.3862 -0.8800 -0.2764
vn 0.3361 -0.8970 -0.2870
vn 0.3379 -0.6474 0.6832
vn 0.3506 -0.6475 0.6766
vn 0.3387 -0.6472 0.6829
vn 0.2783 -0.6525 0.7048
vn 0.2810 -0.6520 0.7042
vn 0.2260 -0.6561 0.7200
vn 0.3379 -0.6474 -0.6832
vn 0.3506 -0.6475 -0.6766
vn 0.3387 -0.6472 -0.6829
vn 0.2783 -0.6525 -0.7048
vn 0.2810 -0.6520 -0.7042
vn 0.2260 -0.6561 -0.7200
vn 0.2251 0.4104 0.8837
vn 0.2367 0.4154 0.8783
vn 0.2260 0.4104 0.8835
vn 0.1673 0.3931 0.9042
vn 0.1702 0.3933 0.9035
vn 0.1171 0.3787 0.9181
vn 0.2367 0.4154 -0.8783
vn 0.2251 0.4104 -0.8837
vn 0.2368 0.4154 -0.8783
vn 0.2260 0.4103 -0.8835
vn 0.1673 0.3931 -0.9042
vn 0.1702 0.3933 -0.9035
vn 0.1171 0.3787 -0.9181
vn -0.5531 0.8165 -0.1654
vn -0.4587 0.8725 -0.1683
vn -0.4560 0.8739 -0.1684
vn -0.2619 0.9535 -0.1491
vn -0.2552 0.9556 -0.1471
vn -0.1471 0.9814 -0.1230
vn -0.5531 0.8165 0.1654
vn -0.4587 0.8725 0.1684
vn -0.5532 0.8165 0.1654
vn -0.4560 0.8739 0.1684
vn -0.2619 0.9535 0.1490
vn -0.2552 0.9556 0.1471
vn -0.1471 0.9814 0.1230
vn -0.0102 0.8448 -0.5350
vn -0.3345 0.8215 0.4617
vn -0.0102 0.8448 0.5350
vn 0.1972 0.5427 0.8164
vn -0.6033 0.7085 -0.3660
vn -0.5146 0.7491 -0.4171
vn -0.5117 0.7500 -0.4191
vn -0.3227 0.8118 -0.4867
vn -0.3158 0.8135 -0.4884
vn -0.2060 0.8375 -0.5062
vn -0.5147 0.7491 0.4172
vn -0.6033 0.7085 0.3660
vn -0.5117 0.7500 0.4191
vn -0.3227 0.8118 0.4867
vn -0.3158 0.8135 0.4884
vn -0.2060 0.8375 0.5062
vn -0.5166 0.7085 0.4807
vn -0.6004 0.6324 0.4895
vn -0.6005 0.6324 0.4895
vn -0.5194 0.7065 0.4807
vn -0.3316 0.8217 0.4635
vn -0.3383 0.8189 0.4637
vn -0.2263 0.8609 0.4557
vn -0.5193 0.7065 -0.4807
vn -0.6004 0.6324 -0.4895
vn -0.5165 0.7085 -0.4808
vn -0.3315 0.8217 -0.4636
vn -0.3383 0.8189 -0.4636
vn -0.2263 0.8609 -0.4557
vn 0.1711 0.9109 0.3756
vn 0.1596 0.9101 0.3824
vn 0.1026 0.9079 0.4064
vn 0.0998 0.9082 0.4065
vn 0.0494 0.9040 0.4247
vn 0.1596 0.9101 -0.3824
vn 0.1711 0.9109 -0.3756
vn 0.1026 0.9079 -0.4065
vn 0.0998 0.9082 -0.4065
vn 0.0494 0.9040 -0.4247
vn -0.4336 0.8012 -0.4123
vn -0.3372 0.8216 -0.4597
vn -0.3332 0.8222 -0.4614
vn -0.1326 0.8431 -0.5211
vn -0.1259 0.8434 -0.5223
vn -0.0132 0.8447 -0.5351
vn -0.3372 0.8216 0.4597
vn -0.4336 0.8012 0.4124
vn -0.3333 0.8222 0.4615
vn -0.1326 0.8432 0.5210
vn -0.1259 0.8435 0.5222
vn -0.0132 0.8447 0.5351
vn 0.1200 0.3855 0.9149
vn 0.1325 0.3912 0.9107
vn 0.1210 0.3854 0.9148
vn 0.1325 0.3911 0.9107
vn 0.0602 0.3663 0.9286
vn 0.0631 0.3670 0.9281
vn 0.0100 0.3517 0.9361
vn 0.1325 0.3911 -0.9107
vn 0.1200 0.3855 -0.9149
vn 0.1326 0.3911 -0.9107
vn 0.1210 0.3854 -0.9148
vn 0.0602 0.3663 -0.9286
vn 0.0631 0.3670 -0.9281
vn 0.0100 0.3517 -0.9361
vn 0.1923 0.4104 0.8914
vn 0.2039 0.4152 0.8866
vn 0.2038 0.4152 0.8866
vn 0.1336 0.3922 0.9101
vn 0.1355 0.3933 0.9094
vn 0.0828 0.3787 0.9218
vn 0.2039 0.4152 -0.8866
vn 0.1923 0.4104 -0.8914
vn 0.1922 0.4105 -0.8914
vn 0.1336 0.3922 -0.9101
vn 0.1355 0.3933 -0.9094
vn 0.0828 0.3787 -0.9218
vn -0.3797 -0.7450 -0.5484
vn -0.4606 -0.7498 -0.4750
vn -0.3766 -0.7447 -0.5510
vn -0.1925 -0.7226 -0.6640
vn -0.1984 -0.7232 -0.6616
vn -0.0882 -0.7043 -0.7044
vn -0.4606 -0.7498 0.4750
vn -0.3797 -0.7450 0.5484
vn -0.3766 -0.7447 0.5510
vn -0.1925 -0.7226 0.6640
vn -0.1984 -0.7231 0.6616
vn -0.0882 -0.7043 0.7044
vn 0.1287 0.9298 0.3449
vn 0.1181 0.9284 0.3525
vn 0.1181 0.9284 0.3524
vn 0.0641 0.9226 0.3805
vn 0.0612 0.9219 0.3825
vn 0.0128 0.9147 0.4039
vn 0.1181 0.9283 -0.3525
vn 0.1287 0.9298 -0.3449
vn 0.0641 0.9226 -0.3805
vn 0.0612 0.9219 -0.3825
vn 0.0128 0.9147 -0.4039
vn 0.3256 0.6491 0.6875
vn 0.3370 0.6507 0.6804
vn 0.3263 0.6494 0.6869
vn 0.2676 0.6468 0.7142
vn 0.2704 0.6467 0.7131
vn 0.2171 0.6451 0.7326
vn 0.3370 0.6507 -0.6804
vn 0.3256 0.6491 -0.6875
vn 0.3263 0.6494 -0.6869
vn 0.2676 0.6468 -0.7142
vn 0.2704 0.6467 -0.7131
vn 0.2171 0.6451 -0.7326
vn -0.6005 0.6440 -0.4741
vn -0.5197 0.6557 -0.5476
vn -0.5167 0.6566 -0.5494
vn -0.3381 0.6708 -0.6601
vn -0.3314 0.6711 -0.6632
vn -0.2263 0.6736 -0.7036
vn -0.5196 0.6559 0.5476
vn -0.6005 0.6440 0.4741
vn -0.5167 0.6567 0.5494
vn -0.3381 0.6708 0.6601
vn -0.3314 0.6711 0.6632
vn -0.2263 0.6736 0.7036
vn 0.5993 -0.5607 0.5714
vn 0.6094 -0.5562 0.5650
vn 0.5987 -0.5610 0.5717
vn 0.5464 -0.5887 0.5957
vn 0.5484 -0.5879 0.5947
vn 0.5004 -0.6122 0.6122
vn 0.5987 -0.5610 -0.5717
vn 0.6094 -0.5563 -0.5650
vn 0.5993 -0.5607 -0.5714
vn 0.6094 -0.5562 -0.5650
vn 0.5464 -0.5887 -0.5957
vn 0.5484 -0.5879 -0.5947
vn 0.5004 -0.6122 -0.6122
vn -0.6216 0.6631 -0.4171
vn -0.7027 0.6102 -0.3660
vn -0.6189 0.6643 -0.4191
vn -0.4406 0.7542 -0.4869
vn -0.4345 0.7567 -0.4885
vn -0.3303 0.7967 -0.5062
vn -0.6216 0.6631 0.4171
vn -0.7027 0.6102 0.3660
vn -0.6189 0.6643 0.4192
vn -0.4406 0.7543 0.4868
vn -0.4345 0.7567 0.4885
vn -0.3303 0.7967 0.5062
vn -0.5434 0.6399 -0.5433
vn -0.4509 0.6631 -0.5974
vn -0.4481 0.6632 -0.5995
vn -0.2523 0.6981 -0.6701
vn -0.2455 0.6989 -0.6718
vn -0.1344 0.7125 -0.6887
vn -0.4509 0.6631 0.5975
vn -0.5434 0.6399 0.5433
vn -0.4481 0.6632 0.5995
vn -0.2523 0.6980 0.6701
vn -0.2455 0.6989 0.6717
vn -0.1344 0.7125 0.6887
vn 0.4336 -0.4722 0.7675
vn 0.4449 -0.4718 0.7612
vn 0.4336 -0.4721 0.7675
vn 0.3746 -0.4834 0.7912
vn 0.3775 -0.4825 0.7903
vn 0.3244 -0.4929 0.8073
vn 0.4449 -0.4718 -0.7612
vn 0.4336 -0.4721 -0.7675
vn 0.3745 -0.4835 -0.7912
vn 0.3775 -0.4825 -0.7903
vn 0.3244 -0.4929 -0.8073
vn 0.4391 -0.8498 0.2916
vn 0.4501 -0.8456 0.2871
vn 0.4382 -0.8499 0.2926
vn 0.3831 -0.8708 0.3080
vn 0.3803 -0.8720 0.3081
vn 0.3304 -0.8880 0.3198
vn 0.4382 -0.8499 -0.2926
vn 0.4501 -0.8456 -0.2871
vn 0.4391 -0.8498 -0.2917
vn 0.3831 -0.8708 -0.3080
vn 0.3803 -0.8720 -0.3081
vn 0.3304 -0.8880 -0.3198
vn 0.4421 -0.4151 0.7951
vn 0.4538 -0.4151 0.7885
vn 0.4432 -0.4152 0.7945
vn 0.3843 -0.4218 0.8212
vn 0.3870 -0.4217 0.8200
vn 0.3341 -0.4287 0.8394
vn 0.4421 -0.4150 -0.7952
vn 0.4538 -0.4151 -0.7885
vn 0.4432 -0.4152 -0.7945
vn 0.3843 -0.4217 -0.8212
vn 0.3870 -0.4217 -0.8200
vn 0.3341 -0.4287 -0.8394
vn 0.4337 -0.8505 0.2977
vn 0.4450 -0.8460 0.2936
vn 0.4450 -0.8460 0.2937
vn 0.4333 -0.8507 0.2974
vn 0.3775 -0.8732 0.3082
vn 0.3746 -0.8741 0.3091
vn 0.3244 -0.8917 0.3156
vn 0.4337 -0.8505 -0.2977
vn 0.4450 -0.8460 -0.2936
vn 0.4333 -0.8507 -0.2974
vn 0.3775 -0.8732 -0.3082
vn 0.3746 -0.8741 -0.3091
vn 0.3244 -0.8917 -0.3156
vn 0.3892 -0.8261 0.4075
vn 0.4000 -0.8246 0.4001
vn 0.3349 -0.8362 0.4343
vn 0.3322 -0.8366 0.4355
vn 0.2831 -0.8437 0.4561
vn 0.3892 -0.8261 -0.4075
vn 0.4000 -0.8246 -0.4001
vn 0.3350 -0.8362 -0.4343
vn 0.3322 -0.8366 -0.4355
vn 0.2831 -0.8437 -0.4561
vn 0.3679 0.5485 0.7509
vn 0.3785 0.5504 0.7441
vn 0.3111 0.5428 0.7801
vn 0.3131 0.5429 0.7792
vn 0.2616 0.5381 0.8012
vn 0.3786 0.5504 -0.7442
vn 0.3679 0.5485 -0.7509
vn 0.3785 0.5504 -0.7441
vn 0.3111 0.5428 -0.7801
vn 0.3131 0.5429 -0.7792
vn 0.2616 0.5381 -0.8012
vn 0.5021 -0.6863 0.5262
vn 0.5136 -0.6814 0.5214
vn 0.5018 -0.6868 0.5259
vn 0.4480 -0.7142 0.5378
vn 0.4452 -0.7152 0.5388
vn 0.3968 -0.7382 0.5455
vn 0.5021 -0.6863 -0.5263
vn 0.5136 -0.6814 -0.5214
vn 0.5018 -0.6868 -0.5259
vn 0.4480 -0.7142 -0.5378
vn 0.4452 -0.7152 -0.5388
vn 0.3968 -0.7382 -0.5455
vt 0.000000 0.000000
s 1
f 1/1/1 2/1/2 3/1/3
f 2/1/2 1/1/1 4/1/4
f 2/1/2 5/1/5 3/1/3
f 6/1/6 3/1/3 5/1/5
f 6/1/6 5/1/5 7/1/7
f 8/1/8 9/1/9 10/1/10
f 9/1/9 8/1/8 11/1/9
f 12/1/11 8/1/8 10/1/10
f 10/1/10 13/1/12 12/1/11
f 13/1/12 14/1/13 12/1/11
f 15/1/14 16/1/15 17/1/15
f 16/1/15 15/1/14 18/1/16
f 19/1/17 18/1/16 15/1/14
f 18/1/16 19/1/17 20/1/18
f 20/1/18 19/1/17 21/1/19
f 22/1/20 23/1/21 24/1/22
f 23/1/21 22/1/20 25/1/21
f 24/1/22 26/1/23 22/1/20
f 26/1/23 24/1/22 27/1/24
f 27/1/24 28/1/25 26/1/23
f 29/1/26 30/1/27 31/1/28
f 30/1/27 29/1/26 32/1/29
f 30/1/27 33/1/30 31/1/28
f 31/1/28 33/1/30 34/1/31
f 34/1/31 33/1/30 35/1/32
f 36/1/33 37/1/34 38/1/35
f 37/1/34 36/1/33 39/1/36
f 38/1/35 40/1/37 36/1/33
f 40/1/37 38/1/35 41/1/38
f 41/1/38 42/1/39 40/1/37
f 43/1/40 44/1/41 45/1/42
f 44/1/41 43/1/40 46/1/40
f 44/1/41 47/1/43 45/1/42
f 48/1/44 45/1/42 47/1/43
f 48/1/44 47/1/43 49/1/45
f 50/1/46 51/1/47 52/1/48
f 51/1/47 50/1/46 53/1/49
f 54/1/50 50/1/46 52/1/48
f 54/1/50 52/1/48 55/1/51
f 55/1/51 56/1/52 54/1/50
f 57/1/53 58/1/54 59/1/55
f 57/1/53 59/1/55 60/1/53
f 58/1/54 61/1/56 59/1/55
f 61/1/56 58/1/54 62/1/57
f 61/1/56 62/1/57 63/1/58
f 64/1/59 65/1/60 66/1/60
f 65/1/60 64/1/59 67/1/61
f 68/1/62 67/1/61 64/1/59
f 67/1/61 68/1/62 69/1/63
f 68/1/62 70/1/64 69/1/63
f 71/1/65 72/1/66 73/1/66
f 73/1/66 74/1/67 71/1/65
f 74/1/67 75/1/68 71/1/65
f 75/1/68 74/1/67 76/1/69
f 75/1/68 76/1/69 77/1/70
f 78/1/71 79/1/72 80/1/73
f 80/1/73 79/1/72 81/1/72
f 82/1/74 78/1/71 80/1/73
f 78/1/71 82/1/74 83/1/75
f 82/1/74 84/1/76 83/1/75
f 85/1/77 86/1/78 87/1/79
f 86/1/78 85/1/77 88/1/77
f 86/1/78 89/1/80 87/1/79
f 90/1/81 87/1/79 89/1/80
f 90/1/81 89/1/80 91/1/82
f 92/1/83 93/1/84 94/1/85
f 93/1/84 92/1/83 95/1/84
f 96/1/86 92/1/83 94/1/85
f 96/1/86 94/1/85 97/1/87
f 97/1/87 98/1/88 96/1/86
f 99/1/89 100/1/90 101/1/91
f 99/1/89 101/1/91 102/1/89
f 100/1/90 103/1/92 101/1/91
f 103/1/92 100/1/90 104/1/93
f 103/1/92 104/1/93 105/1/94
f 106/1/95 107/1/96 108/1/96
f 107/1/96 106/1/95 109/1/97
f 110/1/98 109/1/97 106/1/95
f 109/1/97 110/1/98 111/1/99
f 110/1/98 112/1/100 111/1/99
f 113/1/101 114/1/102 115/1/102
f 115/1/102 116/1/103 113/1/101
f 116/1/103 117/1/104 113/1/101
f 117/1/104 116/1/103 118/1/105
f 117/1/104 118/1/105 119/1/106
f 120/1/107 121/1/108 122/1/108
f 123/1/109 121/1/108 120/1/107
f 124/1/110 123/1/109 120/1/107
f 123/1/109 124/1/110 125/1/111
f 124/1/110 126/1/112 125/1/111
f 127/1/113 128/1/114 129/1/114
f 128/1/114 127/1/113 130/1/115
f 127/1/113 131/1/116 130/1/115
f 131/1/116 127/1/113 132/1/117
f 131/1/116 132/1/117 133/1/118
f 134/1/119 135/1/120 136/1/121
f 135/1/120 134/1/119 137/1/120
f 138/1/122 134/1/119 136/1/121
f 134/1/119 138/1/122 139/1/123
f 138/1/122 140/1/124 139/1/123
f 141/1/125 142/1/126 143/1/127
f 143/1/127 144/1/128 141/1/125
f 144/1/128 145/1/129 141/1/125
f 145/1/129 144/1/128 146/1/130
f 145/1/129 146/1/130 147/1/131
f 148/1/132 149/1/133 150/1/134
f 149/1/133 151/1/135 150/1/134
f 152/1/136 148/1/132 150/1/134
f 148/1/132 152/1/136 153/1/137
f 152/1/136 154/1/138 153/1/137
f 155/1/139 156/1/140 157/1/141
f 157/1/141 158/1/142 155/1/139
f 159/1/143 155/1/139 158/1/142
f 155/1/139 159/1/143 160/1/144
f 160/1/144 159/1/143 161/1/145
f 162/1/146 163/1/147 164/1/148
f 164/1/148 163/1/147 165/1/149
f 164/1/148 166/1/150 162/1/146
f 166/1/150 164/1/148 167/1/151
f 167/1/151 168/1/152 166/1/150
f 169/1/153 170/1/154 171/1/154
f 171/1/154 172/1/155 169/1/153
f 172/1/155 173/1/156 169/1/153
f 169/1/153 173/1/156 174/1/157
f 174/1/157 173/1/156 175/1/158
f 176/1/159 177/1/160 178/1/161
f 177/1/160 179/1/162 178/1/161
f 178/1/161 180/1/163 176/1/159
f 180/1/163 178/1/161 181/1/164
f 181/1/164 182/1/165 180/1/163
f 183/1/166 184/1/167 185/1/167
f 185/1/167 186/1/168 183/1/166
f 186/1/168 187/1/169 183/1/166
f 183/1/166 187/1/169 188/1/170
f 188/1/170 187/1/169 189/1/171
f 190/1/172 191/1/173 192/1/174
f 191/1/173 193/1/173 192/1/174
f 192/1/174 194/1/175 190/1/172
f 194/1/175 192/1/174 195/1/176
f 195/1/176 196/1/177 194/1/175
f 197/1/178 198/1/179 199/1/179
f 199/1/179 200/1/180 197/1/178
f 200/1/180 201/1/181 197/1/178
f 201/1/181 200/1/180 202/1/182
f 201/1/181 202/1/182 203/1/183
f 204/1/184 205/1/185 206/1/186
f 206/1/186 205/1/185 207/1/185
f 208/1/187 204/1/184 206/1/186
f 204/1/184 208/1/187 209/1/188
f 208/1/187 210/1/189 209/1/188
f 211/1/190 212/1/191 213/1/192
f 212/1/191 211/1/190 214/1/190
f 215/1/193 214/1/190 211/1/190
f 214/1/190 215/1/193 216/1/194
f 216/1/194 215/1/193 217/1/195
f 218/1/196 219/1/197 220/1/196
f 219/1/197 218/1/196 221/1/198
f 220/1/196 222/1/199 218/1/196
f 222/1/199 220/1/196 223/1/200
f 223/1/200 224/1/201 222/1/199
f 225/1/202 226/1/203 227/1/204
f 227/1/204 228/1/205 225/1/202
f 228/1/205 229/1/206 225/1/202
f 229/1/206 228/1/205 230/1/207
f 229/1/206 230/1/207 231/1/208
f 232/1/209 233/1/210 234/1/211
f 234/1/211 233/1/210 235/1/212
f 236/1/213 232/1/209 234/1/211
f 232/1/209 236/1/213 237/1/214
f 236/1/213 238/1/215 237/1/214
f 239/1/216 240/1/217 241/1/218
f 239/1/216 241/1/218 242/1/219
f 240/1/217 243/1/220 241/1/218
f 243/1/220 240/1/217 244/1/221
f 243/1/220 244/1/221 245/1/222
f 246/1/223 247/1/224 248/1/224
f 247/1/224 246/1/223 249/1/223
f 250/1/225 249/1/223 246/1/223
f 249/1/223 250/1/225 251/1/226
f 250/1/225 252/1/227 251/1/226
f 253/1/228 254/1/229 255/1/230
f 254/1/229 253/1/228 256/1/228
f 257/1/231 255/1/230 254/1/229
f 255/1/230 257/1/231 258/1/232
f 258/1/232 257/1/231 259/1/233
f 260/1/234 261/1/235 262/1/236
f 261/1/235 260/1/234 263/1/235
f 262/1/236 264/1/237 260/1/234
f 264/1/237 262/1/236 265/1/238
f 265/1/238 266/1/239 264/1/237
f 267/1/240 268/1/241 269/1/242
f 268/1/241 267/1/240 270/1/240
f 271/1/243 269/1/242 268/1/241
f 269/1/242 271/1/243 272/1/244
f 272/1/244 271/1/243 273/1/245
f 274/1/246 275/1/247 276/1/248
f 275/1/247 274/1/246 277/1/247
f 276/1/248 278/1/249 274/1/246
f 278/1/249 276/1/248 279/1/250
f 279/1/250 280/1/251 278/1/249
f 281/1/252 282/1/253 283/1/253
f 282/1/253 281/1/252 284/1/254
f 285/1/255 284/1/254 281/1/252
f 284/1/254 285/1/255 286/1/256
f 286/1/256 285/1/255 287/1/257
f 288/1/258 289/1/259 290/1/260
f 290/1/260 291/1/258 288/1/258
f 291/1/258 292/1/261 288/1/258
f 292/1/261 291/1/258 293/1/262
f 292/1/261 293/1/262 294/1/263
f 295/1/264 296/1/265 297/1/266
f 296/1/265 295/1/264 298/1/267
f 297/1/266 299/1/268 295/1/264
f 299/1/268 297/1/266 300/1/269
f 300/1/269 301/1/270 299/1/268
f 302/1/271 303/1/272 304/1/271
f 304/1/271 303/1/272 305/1/273
f 306/1/274 302/1/271 304/1/271
f 302/1/271 306/1/274 307/1/275
f 306/1/274 308/1/276 307/1/275
f 309/1/277 310/1/278 311/1/279
f 310/1/278 309/1/277 312/1/277
f 313/1/280 311/1/279 310/1/278
f 311/1/279 313/1/280 314/1/281
f 314/1/281 313/1/280 315/1/282
f 316/1/283 317/1/284 318/1/285
f 317/1/284 316/1/283 319/1/284
f 318/1/285 320/1/286 316/1/283
f 320/1/286 318/1/285 321/1/287
f 321/1/287 322/1/288 320/1/286
f 323/1/289 324/1/290 325/1/290
f 325/1/290 326/1/291 323/1/289
f 327/1/292 323/1/289 326/1/291
f 323/1/289 327/1/292 328/1/293
f 328/1/293 327/1/292 329/1/294
f 330/1/295 331/1/296 332/1/297
f 332/1/297 331/1/296 333/1/296
f 332/1/297 334/1/298 330/1/295
f 334/1/298 332/1/297 335/1/299
f 335/1/299 336/1/300 334/1/298
f 337/1/301 338/1/302 339/1/303
f 338/1/302 337/1/301 340/1/304
f 338/1/302 341/1/305 339/1/303
f 341/1/305 338/1/302 342/1/306
f 341/1/305 342/1/306 343/1/307
f 344/1/308 345/1/309 346/1/310
f 345/1/309 344/1/308 347/1/311
f 348/1/312 344/1/308 346/1/310
f 344/1/308 348/1/312 349/1/313
f 348/1/312 350/1/314 349/1/313
f 351/1/315 352/1/316 353/1/317
f 352/1/316 351/1/315 354/1/315
f 352/1/316 355/1/318 353/1/317
f 356/1/319 353/1/317 355/1/318
f 356/1/319 355/1/318 357/1/320
f 358/1/321 359/1/322 360/1/323
f 359/1/322 358/1/321 361/1/324
f 362/1/325 358/1/321 360/1/323
f 362/1/325 360/1/323 363/1/326
f 363/1/326 364/1/327 362/1/325
f 365/1/328 366/1/329 367/1/330
f 367/1/330 368/1/331 365/1/328
f 368/1/331 369/1/332 365/1/328
f 369/1/332 368/1/331 370/1/333
f 369/1/332 370/1/333 371/1/334
f 372/1/335 373/1/336 374/1/337
f 374/1/337 373/1/336 375/1/338
f 376/1/339 372/1/335 374/1/337
f 372/1/335 376/1/339 377/1/340
f 376/1/339 378/1/341 377/1/340
f 379/1/258 380/1/259 381/1/259
f 381/1/259 382/1/258 379/1/258
f 382/1/258 383/1/261 379/1/258
f 383/1/261 382/1/258 384/1/342
f 383/1/261 384/1/342 385/1/263
f 386/1/271 387/1/273 388/1/271
f 388/1/271 387/1/273 389/1/273
f 390/1/274 386/1/271 388/1/271
f 386/1/271 390/1/274 391/1/343
f 390/1/274 392/1/276 391/1/343
f 393/1/344 394/1/345 395/1/346
f 393/1/344 395/1/346 396/1/347
f 394/1/345 397/1/348 395/1/346
f 397/1/348 394/1/345 398/1/349
f 397/1/348 398/1/349 399/1/350
f 400/1/351 401/1/352 402/1/353
f 401/1/352 400/1/351 403/1/354
f 404/1/355 403/1/354 400/1/351
f 403/1/354 404/1/355 405/1/356
f 404/1/355 406/1/357 405/1/356
f 407/1/358 408/1/359 409/1/359
f 409/1/359 410/1/360 407/1/358
f 410/1/360 411/1/361 407/1/358
f 407/1/358 411/1/361 412/1/362
f 412/1/362 411/1/361 413/1/363
f 414/1/364 415/1/365 416/1/366
f 416/1/366 415/1/365 417/1/365
f 416/1/366 418/1/367 414/1/364
f 418/1/367 416/1/366 419/1/368
f 419/1/368 420/1/369 418/1/367
f 421/1/370 422/1/371 423/1/371
f 423/1/371 424/1/372 421/1/370
f 425/1/373 421/1/370 424/1/372
f 421/1/370 425/1/373 426/1/374
f 426/1/374 425/1/373 427/1/375
f 428/1/376 429/1/377 430/1/378
f 430/1/378 429/1/377 431/1/377
f 430/1/378 432/1/379 428/1/376
f 432/1/379 430/1/378 433/1/380
f 433/1/380 434/1/381 432/1/379
f 435/1/252 436/1/253 437/1/253
f 436/1/253 435/1/252 438/1/254
f 439/1/255 438/1/254 435/1/252
f 438/1/254 439/1/255 440/1/256
f 440/1/256 439/1/255 441/1/382
f 442/1/383 443/1/267 444/1/384
f 443/1/267 442/1/383 445/1/267
f 444/1/384 446/1/385 442/1/383
f 446/1/385 444/1/384 447/1/269
f 447/1/269 448/1/386 446/1/385
f 449/1/387 450/1/388 451/1/389
f 450/1/388 449/1/387 452/1/387
f 451/1/389 450/1/388 453/1/390
f 454/1/391 451/1/389 453/1/390
f 454/1/391 453/1/390 455/1/392
f 456/1/393 457/1/394 458/1/393
f 457/1/394 456/1/393 459/1/395
f 460/1/396 457/1/394 459/1/395
f 459/1/395 461/1/397 460/1/396
f 461/1/397 462/1/398 460/1/396
f 463/1/399 464/1/400 465/1/401
f 464/1/400 463/1/399 466/1/399
f 464/1/400 467/1/402 465/1/401
f 465/1/401 467/1/402 468/1/403
f 468/1/403 467/1/402 469/1/404
f 470/1/405 471/1/406 472/1/407
f 471/1/406 470/1/405 473/1/406
f 472/1/407 474/1/408 470/1/405
f 474/1/408 472/1/407 475/1/409
f 475/1/409 476/1/410 474/1/408
f 477/1/411 478/1/412 479/1/413
f 478/1/412 477/1/411 480/1/411
f 481/1/414 479/1/413 478/1/412
f 479/1/413 481/1/414 482/1/415
f 482/1/415 481/1/414 483/1/416
f 484/1/417 485/1/418 486/1/419
f 485/1/418 484/1/417 487/1/418
f 486/1/419 488/1/420 484/1/417
f 488/1/420 486/1/419 489/1/421
f 489/1/421 490/1/422 488/1/420
f 491/1/423 492/1/424 493/1/424
f 493/1/424 494/1/425 491/1/423
f 494/1/425 495/1/426 491/1/423
f 495/1/426 494/1/425 496/1/427
f 495/1/426 496/1/427 497/1/428
f 498/1/429 499/1/430 500/1/431
f 500/1/431 499/1/430 501/1/430
f 502/1/432 498/1/429 500/1/431
f 498/1/429 502/1/432 503/1/433
f 502/1/432 504/1/434 503/1/433
f 505/1/435 506/1/436 507/1/437
f 506/1/436 505/1/435 508/1/435
f 506/1/436 509/1/438 507/1/437
f 507/1/437 509/1/438 510/1/439
f 510/1/439 509/1/438 511/1/440
f 512/1/441 513/1/442 514/1/443
f 513/1/442 512/1/441 515/1/442
f 514/1/443 516/1/444 512/1/441
f 516/1/444 514/1/443 517/1/445
f 517/1/445 518/1/446 516/1/444
f 519/1/447 520/1/448 521/1/449
f 520/1/448 519/1/447 522/1/447
f 520/1/448 523/1/450 521/1/449
f 521/1/449 523/1/450 524/1/451
f 524/1/451 523/1/450 525/1/452
f 526/1/453 527/1/454 528/1/455
f 527/1/454 526/1/453 529/1/453
f 530/1/456 528/1/455 527/1/454
f 528/1/455 530/1/456 531/1/457
f 531/1/457 530/1/456 532/1/458
f 533/1/459 534/1/460 535/1/461
f 534/1/460 533/1/459 536/1/460
f 535/1/461 537/1/462 533/1/459
f 537/1/462 535/1/461 538/1/463
f 538/1/463 539/1/464 537/1/462
f 540/1/465 541/1/466 542/1/467
f 541/1/466 540/1/465 543/1/468
f 542/1/467 544/1/469 540/1/465
f 544/1/469 542/1/467 545/1/470
f 545/1/470 546/1/471 544/1/469
f 547/1/472 548/1/473 549/1/474
f 548/1/473 547/1/472 550/1/473
f 549/1/474 551/1/475 547/1/472
f 551/1/475 549/1/474 552/1/476
f 551/1/475 552/1/476 553/1/477
f 554/1/478 555/1/479 556/1/478
f 556/1/478 555/1/479 557/1/480
f 558/1/481 557/1/480 555/1/479
f 557/1/480 558/1/481 559/1/482
f 558/1/481 560/1/483 559/1/482
f 561/1/252 562/1/253 563/1/253
f 562/1/253 561/1/252 564/1/254
f 565/1/484 564/1/254 561/1/252
f 564/1/254 565/1/484 566/1/256
f 566/1/256 565/1/484 567/1/485
f 568/1/486 569/1/267 570/1/266
f 569/1/267 568/1/486 571/1/265
f 570/1/266 572/1/487 568/1/486
f 572/1/487 570/1/266 573/1/269
f 573/1/269 574/1/488 572/1/487
f 575/1/489 576/1/490 577/1/491
f 576/1/490 575/1/489 578/1/492
f 576/1/490 579/1/493 577/1/491
f 580/1/494 577/1/491 579/1/493
f 580/1/494 579/1/493 581/1/495
f 582/1/496 583/1/497 584/1/498
f 583/1/497 582/1/496 585/1/499
f 584/1/498 586/1/500 582/1/496
f 586/1/500 584/1/498 587/1/501
f 587/1/501 588/1/502 586/1/500
f 589/1/503 590/1/504 591/1/505
f 590/1/504 589/1/503 592/1/506
f 591/1/505 593/1/507 589/1/503
f 593/1/507 591/1/505 594/1/508
f 593/1/507 594/1/508 595/1/509
f 596/1/510 597/1/511 598/1/512
f 597/1/511 596/1/510 599/1/513
f 600/1/514 599/1/513 596/1/510
f 599/1/513 600/1/514 601/1/515
f 600/1/514 602/1/516 601/1/515
f 603/1/517 604/1/518 605/1/519
f 604/1/518 603/1/517 606/1/517
f 604/1/518 607/1/520 605/1/519
f 608/1/521 605/1/519 607/1/520
f 608/1/521 607/1/520 609/1/522
f 610/1/523 611/1/524 612/1/525
f 611/1/524 610/1/523 613/1/524
f 614/1/526 610/1/523 612/1/525
f 614/1/526 612/1/525 615/1/527
f 615/1/527 616/1/528 614/1/526
f 617/1/529 618/1/530 619/1/531
f 618/1/530 617/1/529 620/1/530
f 619/1/531 621/1/532 617/1/529
f 621/1/532 619/1/531 622/1/533
f 621/1/532 622/1/533 623/1/534
f 624/1/535 625/1/536 626/1/535
f 626/1/535 625/1/536 627/1/537
f 628/1/538 627/1/537 625/1/536
f 627/1/537 628/1/538 629/1/539
f 628/1/538 630/1/540 629/1/539
f 631/1/541 632/1/542 633/1/543
f 632/1/542 631/1/541 634/1/544
f 632/1/542 635/1/545 633/1/543
f 636/1/546 633/1/543 635/1/545
f 636/1/546 635/1/545 637/1/547
f 638/1/548 639/1/549 640/1/550
f 639/1/549 638/1/548 641/1/549
f 640/1/550 642/1/551 638/1/548
f 642/1/551 640/1/550 643/1/552
f 643/1/552 644/1/553 642/1/551
f 645/1/258 646/1/259 647/1/259
f 647/1/259 648/1/258 645/1/258
f 648/1/258 649/1/261 645/1/258
f 649/1/261 648/1/258 650/1/342
f 649/1/261 650/1/342 651/1/263
f 652/1/271 653/1/273 654/1/271
f 654/1/271 653/1/273 655/1/273
f 656/1/274 652/1/271 654/1/271
f 652/1/271 656/1/274 657/1/275
f 656/1/274 658/1/276 657/1/275
f 659/1/554 660/1/555 661/1/555
f 660/1/555 659/1/554 662/1/556
f 663/1/557 662/1/556 659/1/554
f 662/1/556 663/1/557 664/1/558
f 664/1/558 663/1/557 665/1/559
f 666/1/560 667/1/561 668/1/562
f 667/1/561 666/1/560 669/1/561
f 668/1/562 670/1/563 666/1/560
f 670/1/563 668/1/562 671/1/564
f 671/1/564 672/1/565 670/1/563
f 673/1/566 674/1/567 675/1/568
f 675/1/568 676/1/569 673/1/566
f 676/1/569 677/1/570 673/1/566
f 677/1/570 676/1/569 678/1/571
f 677/1/570 678/1/571 679/1/572
f 680/1/573 681/1/574 682/1/575
f 682/1/575 681/1/574 683/1/576
f 684/1/577 680/1/573 682/1/575
f 680/1/573 684/1/577 685/1/578
f 684/1/577 686/1/579 685/1/578
f 687/1/580 688/1/581 689/1/582
f 688/1/581 687/1/580 690/1/580
f 688/1/581 691/1/583 689/1/582
f 689/1/582 691/1/583 692/1/584
f 692/1/584 691/1/583 693/1/585
f 694/1/586 695/1/587 696/1/588
f 695/1/587 694/1/586 697/1/587
f 696/1/588 698/1/589 694/1/586
f 698/1/589 696/1/588 699/1/590
f 699/1/590 700/1/591 698/1/589
f 701/1/592 702/1/593 703/1/593
f 703/1/593 704/1/594 701/1/592
f 704/1/594 705/1/595 701/1/592
f 705/1/595 704/1/594 706/1/596
f 705/1/595 706/1/596 707/1/597
f 708/1/598 709/1/599 710/1/600
f 710/1/600 709/1/599 711/1/599
f 712/1/601 708/1/598 710/1/600
f 708/1/598 712/1/601 713/1/602
f 712/1/601 714/1/603 713/1/602
f 715/1/604 716/1/605 717/1/606
f 716/1/605 715/1/604 718/1/605
f 717/1/606 719/1/607 715/1/604
f 719/1/607 717/1/606 720/1/608
f 719/1/607 720/1/608 721/1/609
f 722/1/610 723/1/611 724/1/611
f 723/1/611 722/1/610 725/1/612
f 726/1/613 725/1/612 722/1/610
f 725/1/612 726/1/613 727/1/614
f 726/1/613 728/1/615 727/1/614
f 729/1/616 730/1/617 731/1/618
f 730/1/617 729/1/616 732/1/617
f 731/1/618 733/1/619 729/1/616
f 733/1/619 731/1/618 734/1/620
f 733/1/619 734/1/620 735/1/621
f 736/1/622 737/1/623 738/1/622
f 738/1/622 737/1/623 739/1/624
f 740/1/625 739/1/624 737/1/623
f 739/1/624 740/1/625 741/1/626
f 740/1/625 742/1/627 741/1/626
f 743/1/628 744/1/629 745/1/630
f 744/1/629 743/1/628 746/1/628
f 744/1/629 747/1/631 745/1/630
f 745/1/630 747/1/631 748/1/632
f 748/1/632 747/1/631 749/1/633
f 750/1/634 751/1/635 752/1/636
f 752/1/636 753/1/637 750/1/634
f 753/1/637 754/1/638 750/1/634
f 754/1/638 753/1/637 755/1/639
f 754/1/638 755/1/639 756/1/640
f 757/1/641 758/1/642 759/1/643
f 758/1/642 757/1/641 760/1/642
f 759/1/643 761/1/644 757/1/641
f 761/1/644 759/1/643 762/1/645
f 762/1/645 763/1/646 761/1/644
f 764/1/647 765/1/648 766/1/649
f 766/1/649 765/1/648 767/1/650
f 768/1/651 764/1/647 766/1/649
f 764/1/647 768/1/651 769/1/652
f 768/1/651 770/1/653 769/1/652
f 771/1/654 772/1/655 773/1/655
f 773/1/655 774/1/656 771/1/654
f 774/1/656 775/1/657 771/1/654
f 775/1/657 774/1/656 776/1/658
f 775/1/657 776/1/658 777/1/659
f 778/1/660 779/1/661 780/1/662
f 779/1/661 781/1/661 780/1/662
f 782/1/663 778/1/660 780/1/662
f 778/1/660 782/1/663 783/1/664
f 782/1/663 784/1/665 783/1/664
f 785/1/666 786/1/667 787/1/667
f 787/1/667 788/1/666 785/1/666
f 788/1/666 789/1/668 785/1/666
f 789/1/668 788/1/666 790/1/669
f 789/1/668 790/1/669 791/1/670
f 792/1/671 793/1/672 794/1/672
f 795/1/673 793/1/672 792/1/671
f 796/1/674 795/1/673 792/1/671
f 795/1/673 796/1/674 797/1/675
f 796/1/674 798/1/676 797/1/675
f 799/1/677 800/1/678 801/1/679
f 800/1/678 799/1/677 802/1/677
f 800/1/678 803/1/680 801/1/679
f 804/1/681 801/1/679 803/1/680
f 804/1/681 803/1/680 805/1/682
f 806/1/683 807/1/684 808/1/685
f 807/1/684 806/1/683 809/1/684
f 808/1/685 810/1/686 806/1/683
f 810/1/686 808/1/685 811/1/687
f 811/1/687 812/1/688 810/1/686
f 813/1/689 814/1/690 815/1/689
f 814/1/690 813/1/689 816/1/690
f 815/1/689 817/1/691 813/1/689
f 817/1/691 815/1/689 818/1/692
f 817/1/691 818/1/692 819/1/693
f 820/1/694 821/1/695 822/1/694
f 822/1/694 821/1/695 823/1/695
f 824/1/696 823/1/695 821/1/695
f 823/1/695 824/1/696 825/1/697
f 824/1/696 826/1/698 825/1/697
f 827/1/699 828/1/700 829/1/701
f 828/1/700 827/1/699 830/1/700
f 829/1/701 831/1/702 827/1/699
f 831/1/702 829/1/701 832/1/703
f 831/1/702 832/1/703 833/1/704
f 834/1/705 835/1/706 836/1/705
f 836/1/705 835/1/706 837/1/707
f 838/1/708 837/1/707 835/1/706
f 837/1/707 838/1/708 839/1/709
f 838/1/708 840/1/710 839/1/709
f 841/1/604 842/1/605 843/1/606
f 842/1/605 841/1/604 844/1/605
f 843/1/606 845/1/607 841/1/604
f 845/1/607 843/1/606 846/1/608
f 845/1/607 846/1/608 847/1/609
f 848/1/610 849/1/611 850/1/611
f 849/1/611 848/1/610 851/1/711
f 852/1/712 851/1/711 848/1/610
f 851/1/711 852/1/712 853/1/614
f 852/1/712 854/1/615 853/1/614
f 855/1/544 856/1/542 857/1/713
f 856/1/542 855/1/544 858/1/541
f 856/1/542 859/1/545 857/1/713
f 860/1/546 857/1/713 859/1/545
f 860/1/546 859/1/545 861/1/547
f 862/1/714 863/1/715 864/1/716
f 863/1/715 862/1/714 865/1/715
f 864/1/716 866/1/717 862/1/714
f 866/1/717 864/1/716 867/1/552
f 867/1/552 868/1/553 866/1/717
f 869/1/718 870/1/719 871/1/719
f 870/1/719 869/1/718 872/1/718
f 870/1/719 873/1/720 871/1/719
f 874/1/721 871/1/719 873/1/720
f 874/1/721 873/1/720 875/1/722
f 876/1/723 877/1/724 878/1/723
f 877/1/724 876/1/723 879/1/724
f 878/1/723 880/1/725 876/1/723
f 880/1/725 878/1/723 881/1/726
f 881/1/726 882/1/727 880/1/725
f 883/1/728 884/1/729 885/1/730
f 884/1/729 883/1/728 886/1/731
f 887/1/732 886/1/731 883/1/728
f 888/1/733 886/1/731 887/1/732
f 888/1/733 887/1/732 889/1/734
f 890/1/735 891/1/736 892/1/737
f 891/1/736 890/1/735 893/1/738
f 894/1/739 891/1/736 893/1/738
f 893/1/738 895/1/740 894/1/739
f 895/1/740 896/1/741 894/1/739
f 897/1/742 898/1/743 899/1/743
f 898/1/743 897/1/742 900/1/742
f 901/1/744 900/1/742 897/1/742
f 900/1/742 901/1/744 902/1/745
f 902/1/745 901/1/744 903/1/746
f 904/1/747 905/1/748 906/1/747
f 905/1/748 904/1/747 907/1/748
f 907/1/748 908/1/749 905/1/748
f 907/1/748 909/1/750 908/1/749
f 909/1/750 910/1/751 908/1/749
f 911/1/752 912/1/753 913/1/753
f 913/1/753 914/1/754 911/1/752
f 914/1/754 915/1/755 911/1/752
f 915/1/755 914/1/754 916/1/756
f 915/1/755 916/1/756 917/1/757
f 918/1/758 919/1/759 920/1/760
f 920/1/760 919/1/759 921/1/759
f 922/1/761 918/1/758 920/1/760
f 918/1/758 922/1/761 923/1/762
f 922/1/761 924/1/763 923/1/762
f 925/1/764 926/1/765 927/1/766
f 927/1/766 928/1/767 925/1/764
f 928/1/767 929/1/768 925/1/764
f 929/1/768 928/1/767 930/1/769
f 929/1/768 930/1/769 931/1/770
f 932/1/771 933/1/772 934/1/773
f 934/1/773 933/1/772 935/1/774
f 936/1/775 932/1/771 934/1/773
f 932/1/771 936/1/775 937/1/776
f 936/1/775 938/1/777 937/1/776
f 939/1/778 940/1/779 941/1/779
f 940/1/779 939/1/778 942/1/780
f 943/1/781 942/1/780 939/1/778
f 942/1/780 943/1/781 944/1/782
f 944/1/782 943/1/781 945/1/783
f 946/1/784 947/1/785 948/1/786
f 947/1/785 946/1/784 949/1/785
f 948/1/786 950/1/787 946/1/784
f 948/1/786 951/1/788 950/1/787
f 951/1/788 952/1/789 950/1/787
f 953/1/790 954/1/791 955/1/792
f 954/1/791 953/1/790 956/1/791
f 955/1/792 957/1/793 953/1/790
f 957/1/793 955/1/792 958/1/794
f 957/1/793 958/1/794 959/1/795
f 960/1/796 961/1/797 962/1/798
f 962/1/798 961/1/797 963/1/799
f 964/1/800 963/1/799 961/1/797
f 963/1/799 964/1/800 965/1/801
f 964/1/800 966/1/802 965/1/801
f 967/1/803 968/1/804 969/1/805
f 968/1/804 967/1/803 970/1/803
f 968/1/804 971/1/806 969/1/805
f 972/1/807 969/1/805 971/1/806
f 972/1/807 971/1/806 973/1/808
f 974/1/809 975/1/810 976/1/811
f 975/1/810 974/1/809 977/1/812
f 978/1/813 975/1/810 977/1/812
f 977/1/812 979/1/814 978/1/813
f 979/1/814 980/1/815 978/1/813
f 981/1/541 982/1/542 983/1/713
f 982/1/542 981/1/541 984/1/541
f 982/1/542 985/1/545 983/1/713
f 986/1/546 983/1/713 985/1/545
f 986/1/546 985/1/545 987/1/816
f 988/1/817 989/1/715 990/1/716
f 989/1/715 988/1/817 991/1/715
f 990/1/716 992/1/551 988/1/817
f 992/1/551 990/1/716 993/1/552
f 993/1/552 994/1/818 992/1/551
f 995/1/604 996/1/605 997/1/606
f 996/1/605 995/1/604 998/1/605
f 997/1/606 999/1/819 995/1/604
f 999/1/819 997/1/606 1000/1/608
f 999/1/819 1000/1/608 1001/1/609
f 1002/1/610 1003/1/611 1004/1/611
f 1003/1/611 1002/1/610 1005/1/711
f 1006/1/712 1005/1/711 1002/1/610
f 1005/1/711 1006/1/712 1007/1/614
f 1006/1/712 1008/1/615 1007/1/614
f 1009/1/820 1010/1/821 1011/1/822
f 1010/1/821 1009/1/820 1012/1/820
f 1010/1/821 1013/1/823 1011/1/822
f 1014/1/824 1011/1/822 1013/1/823
f 1014/1/824 1013/1/823 1015/1/825
f 1016/1/826 1017/1/827 1018/1/828
f 1017/1/827 1016/1/826 1019/1/827
f 1020/1/829 1016/1/826 1018/1/828
f 1020/1/829 1018/1/828 1021/1/830
f 1021/1/830 1022/1/831 1020/1/829
f 1023/1/832 1024/1/833 1025/1/834
f 1025/1/834 1026/1/835 1023/1/832
f 1026/1/835 1027/1/836 1023/1/832
f 1027/1/836 1026/1/835 1028/1/837
f 1027/1/836 1028/1/837 1029/1/838
f 1030/1/839 1031/1/840 1032/1/841
f 1031/1/840 1033/1/840 1032/1/841
f 1034/1/842 1030/1/839 1032/1/841
f 1030/1/839 1034/1/842 1035/1/843
f 1034/1/842 1036/1/844 1035/1/843
f 1037/1/845 1038/1/846 1039/1/846
f 1038/1/846 1037/1/845 1040/1/845
f 1038/1/846 1041/1/847 1039/1/846
f 1039/1/846 1041/1/847 1042/1/848
f 1042/1/848 1041/1/847 1043/1/849
f 1044/1/850 1045/1/851 1046/1/850
f 1045/1/851 1044/1/850 1047/1/851
f 1046/1/850 1048/1/852 1044/1/850
f 1048/1/852 1046/1/850 1049/1/853
f 1049/1/853 1050/1/854 1048/1/852
f 1051/1/855 1052/1/856 1053/1/857
f 1052/1/856 1051/1/855 1054/1/855
f 1052/1/856 1055/1/858 1053/1/857
f 1056/1/859 1053/1/857 1055/1/858
f 1056/1/859 1055/1/858 1057/1/860
f 1058/1/861 1059/1/862 1060/1/863
f 1059/1/862 1058/1/861 1061/1/862
f 1060/1/863 1062/1/864 1058/1/861
f 1062/1/864 1060/1/863 1063/1/865
f 1063/1/865 1064/1/866 1062/1/864
f 1065/1/867 1066/1/868 1067/1/869
f 1066/1/868 1065/1/867 1068/1/870
f 1067/1/869 1069/1/871 1065/1/867
f 1069/1/871 1067/1/869 1070/1/872
f 1069/1/871 1070/1/872 1071/1/873
f 1072/1/874 1073/1/875 1074/1/876
f 1074/1/876 1073/1/875 1075/1/877
f 1076/1/878 1075/1/877 1073/1/875
f 1075/1/877 1076/1/878 1077/1/879
f 1076/1/878 1078/1/880 1077/1/879
f 1079/1/881 1080/1/882 1081/1/881
f 1080/1/882 1079/1/881 1082/1/883
f 1081/1/881 1083/1/884 1079/1/881
f 1083/1/884 1081/1/881 1084/1/885
f 1083/1/884 1084/1/885 1085/1/886
f 1086/1/887 1087/1/888 1088/1/887
f 1088/1/887 1087/1/888 1089/1/889
f 1090/1/890 1089/1/889 1087/1/888
f 1089/1/889 1090/1/890 1091/1/891
f 1090/1/890 1092/1/892 1091/1/891
f 1093/1/893 1094/1/894 1095/1/894
f 1095/1/894 1096/1/895 1093/1/893
f 1096/1/895 1097/1/896 1093/1/893
f 1093/1/893 1097/1/896 1098/1/897
f 1098/1/897 1097/1/896 1099/1/898
f 1100/1/899 1101/1/900 1102/1/899
f 1103/1/901 1102/1/899 1101/1/900
f 1101/1/900 1104/1/902 1103/1/901
f 1104/1/902 1101/1/900 1105/1/903
f 1105/1/903 1106/1/904 1104/1/902
f 1107/1/905 1108/1/906 1109/1/907
f 1108/1/906 1107/1/905 1110/1/905
f 1111/1/908 1109/1/907 1108/1/906
f 1109/1/907 1111/1/908 1112/1/909
f 1112/1/909 1111/1/908 1113/1/910
f 1114/1/911 1115/1/912 1116/1/911
f 1115/1/912 1114/1/911 1117/1/912
f 1116/1/911 1118/1/913 1114/1/911
f 1118/1/913 1116/1/911 1119/1/914
f 1119/1/914 1120/1/915 1118/1/913
f 1121/1/916 1122/1/917 1123/1/918
f 1122/1/917 1121/1/916 1124/1/917
f 1123/1/918 1125/1/919 1121/1/916
f 1125/1/919 1123/1/918 1126/1/920
f 1125/1/919 1126/1/920 1127/1/921
f 1128/1/922 1129/1/923 1130/1/922
f 1130/1/922 1129/1/923 1131/1/924
f 1132/1/925 1131/1/924 1129/1/923
f 1131/1/924 1132/1/925 1133/1/926
f 1132/1/925 1134/1/927 1133/1/926
f 1135/1/928 1136/1/929 1137/1/930
f 1136/1/929 1135/1/928 1138/1/928
f 1139/1/931 1137/1/930 1136/1/929
f 1137/1/930 1139/1/931 1140/1/932
f 1140/1/932 1139/1/931 1141/1/933
f 1142/1/934 1143/1/935 1144/1/936
f 1143/1/935 1142/1/934 1145/1/935
f 1144/1/936 1146/1/937 1142/1/934
f 1146/1/937 1144/1/936 1147/1/938
f 1147/1/938 1148/1/939 1146/1/937
f 1149/1/940 1150/1/941 1151/1/941
f 1151/1/941 1152/1/942 1149/1/940
f 1152/1/942 1153/1/943 1149/1/940
f 1149/1/940 1153/1/943 1154/1/944
f 1154/1/944 1153/1/943 1155/1/945
f 1156/1/946 1157/1/947 1158/1/948
f 1157/1/947 1159/1/949 1158/1/948
f 1158/1/948 1160/1/950 1156/1/946
f 1160/1/950 1158/1/948 1161/1/951
f 1161/1/951 1162/1/952 1160/1/950
f 1163/1/953 1164/1/954 1165/1/954
f 1164/1/954 1163/1/953 1166/1/955
f 1163/1/953 1167/1/956 1166/1/955
f 1168/1/957 1166/1/955 1167/1/956
f 1168/1/957 1167/1/956 1169/1/958
f 1170/1/959 1171/1/960 1172/1/961
f 1171/1/960 1170/1/959 1173/1/960
f 1174/1/962 1170/1/959 1172/1/961
f 1174/1/962 1172/1/961 1175/1/963
f 1175/1/963 1176/1/964 1174/1/962
f 1177/1/965 1178/1/966 1179/1/967
f 1178/1/966 1177/1/965 1180/1/965
f 1178/1/966 1181/1/968 1179/1/967
f 1182/1/969 1179/1/967 1181/1/968
f 1182/1/969 1181/1/968 1183/1/970
f 1184/1/971 1185/1/972 1186/1/973
f 1185/1/972 1184/1/971 1187/1/972
f 1186/1/973 1188/1/974 1184/1/971
f 1188/1/974 1186/1/973 1189/1/975
f 1189/1/975 1190/1/976 1188/1/974
f 1191/1/977 1192/1/978 1193/1/978
f 1192/1/978 1191/1/977 1194/1/979
f 1195/1/980 1194/1/979 1191/1/977
f 1194/1/979 1195/1/980 1196/1/981
f 1196/1/981 1195/1/980 1197/1/982
f 1198/1/983 1199/1/984 1200/1/983
f 1199/1/984 1198/1/983 1201/1/984
f 1201/1/984 1202/1/985 1199/1/984
f 1201/1/984 1203/1/986 1202/1/985
f 1203/1/986 1204/1/987 1202/1/985
f 1205/1/988 1206/1/989 1207/1/989
f 1207/1/989 1208/1/990 1205/1/988
f 1208/1/990 1209/1/991 1205/1/988
f 1209/1/991 1208/1/990 1210/1/992
f 1209/1/991 1210/1/992 1211/1/993
f 1212/1/994 1213/1/995 1214/1/996
f 1214/1/996 1213/1/995 1215/1/995
f 1216/1/997 1212/1/994 1214/1/996
f 1212/1/994 1216/1/997 1217/1/998
f 1216/1/997 1218/1/999 1217/1/998
f 1219/1/1000 1220/1/1001 1221/1/1001
f 1220/1/1001 1219/1/1000 1222/1/1002
f 1223/1/1003 1222/1/1002 1219/1/1000
f 1222/1/1002 1223/1/1003 1224/1/1004
f 1224/1/1004 1223/1/1003 1225/1/1005
f 1226/1/1006 1227/1/1007 1228/1/1008
f 1227/1/1007 1226/1/1006 1229/1/1007
f 1228/1/1008 1230/1/1009 1226/1/1006
f 1228/1/1008 1231/1/1010 1230/1/1009
f 1231/1/1010 1232/1/1011 1230/1/1009
f 1233/1/1012 1234/1/1013 1235/1/1014
f 1235/1/1014 1236/1/1015 1233/1/1012
f 1236/1/1015 1237/1/1016 1233/1/1012
f 1237/1/1016 1236/1/1015 1238/1/1017
f 1237/1/1016 1238/1/1017 1239/1/1018
f 1240/1/1019 1241/1/1020 1242/1/1020
f 1243/1/1021 1241/1/1020 1240/1/1019
f 1244/1/1022 1243/1/1021 1240/1/1019
f 1243/1/1021 1244/1/1022 1245/1/1023
f 1244/1/1022 1246/1/1024 1245/1/1023
f 1247/1/1025 1248/1/1026 1249/1/1026
f 1249/1/1026 1250/1/1025 1247/1/1025
f 1250/1/1025 1251/1/1027 1247/1/1025
f 1251/1/1027 1250/1/1025 1252/1/1028
f 1251/1/1027 1252/1/1028 1253/1/1029
f 1254/1/1030 1255/1/1031 1256/1/1030
f 1256/1/1030 1255/1/1031 1257/1/1031
f 1258/1/1032 1254/1/1030 1256/1/1030
f 1254/1/1030 1258/1/1032 1259/1/1033
f 1258/1/1032 1260/1/1034 1259/1/1033
f 1261/1/1035 1262/1/1036 1263/1/1035
f 1262/1/1036 1261/1/1035 1264/1/1036
f 1263/1/1035 1265/1/1037 1261/1/1035
f 1265/1/1037 1263/1/1035 1266/1/1038
f 1265/1/1037 1266/1/1038 1267/1/1039
f 1268/1/1040 1269/1/1041 1270/1/1042
f 1270/1/1042 1269/1/1041 1271/1/1041
f 1272/1/1043 1271/1/1041 1269/1/1041
f 1271/1/1041 1272/1/1043 1273/1/1044
f 1272/1/1043 1274/1/1045 1273/1/1044
f 1275/1/1046 1276/1/1047 1277/1/1047
f 1277/1/1047 1278/1/1048 1275/1/1046
f 1278/1/1048 1279/1/1049 1275/1/1046
f 1279/1/1049 1278/1/1048 1280/1/1050
f 1279/1/1049 1280/1/1050 1281/1/1051
f 1282/1/1052 1283/1/1053 1284/1/1053
f 1285/1/1054 1283/1/1053 1282/1/1052
f 1286/1/1055 1285/1/1054 1282/1/1052
f 1285/1/1054 1286/1/1055 1287/1/1056
f 1286/1/1055 1288/1/1057 1287/1/1056
o RenderMesh_126771532872574
v -1.147542 0.155464 -0.044140
v -1.147542 0.254454 -0.087639
v -1.147542 0.174938 -0.087639
v -1.147542 0.155464 0.044140
v -1.147542 0.254454 0.087639
v -1.147542 0.174938 0.087639
v 0.323681 -0.487422 -0.087551
v 0.654293 -0.406846 -0.087551
v 0.654293 -0.406846 0.087551
v 0.323681 -0.487422 0.087551
v -0.284487 0.252981 -0.094189
v -0.284487 0.121721 -0.094189
v -0.284487 0.121721 0.094189
v -0.284487 0.252981 0.094189
v 0.569841 0.252981 0.094189
v 0.569841 0.121720 -0.094189
v 0.569841 0.252981 -0.094189
v 0.569841 0.121720 0.094189
v 0.518672 0.149619 0.087551
v 0.631082 -0.311610 -0.087551
v 0.518672 0.149619 -0.087551
v 0.631082 -0.311610 0.087551
v 0.638819 -0.343356 0.087551
v 0.638819 -0.343356 -0.087551
v 0.654293 -0.406846 0.087551
v 0.654293 -0.406846 -0.087551
v 0.624380 0.371157 -0.087242
v 0.885961 0.371157 0.087242
v 0.885961 0.371157 -0.087242
v 0.624380 0.371157 0.087242
v 1.016752 0.371157 0.087242
v 1.016752 0.371157 -0.087242
v 1.147542 0.371157 -0.087242
v 1.147542 0.371157 0.087242
v 0.569841 0.252981 -0.094189
v -0.284487 0.252981 -0.094189
v -0.284487 0.252981 0.094189
v 0.569841 0.252981 0.094189
v 0.569841 0.252981 0.094189
v 0.285065 0.040373 0.094189
v 0.569841 0.121720 0.094189
v 0.000289 0.040373 0.094189
v -0.284487 0.252981 0.094189
v -0.284487 0.121721 0.094189
v 0.285065 0.040373 -0.094189
v -0.284487 0.252981 -0.094189
v 0.569841 0.252981 -0.094189
v 0.569841 0.121720 -0.094189
v 0.000289 0.040373 -0.094189
v -0.284487 0.121721 -0.094189
v -0.362101 0.174938 -0.087639
v -1.147542 0.254454 -0.087639
v -0.320456 0.254454 -0.087639
v -1.147542 0.174938 -0.087639
v -0.362101 0.174938 0.087639
v -1.147542 0.254454 0.087639
v -1.147542 0.174938 0.087639
v -0.320456 0.254454 0.087639
v 0.518672 0.149619 0.087551
v 0.332216 -0.384448 0.087551
v 0.631082 -0.311610 0.087551
v 0.219806 0.076780 0.087551
v 0.638819 -0.343356 0.087551
v 0.308207 -0.423932 0.087551
v 0.323681 -0.487422 0.087551
v 0.654293 -0.406846 0.087551
v 0.518672 0.149619 -0.087551
v 0.332216 -0.384448 -0.087551
v 0.219806 0.076780 -0.087551
v 0.631082 -0.311610 -0.087551
v 0.638819 -0.343356 -0.087551
v 0.308207 -0.423932 -0.087551
v 0.323681 -0.487422 -0.087551
v 0.654293 -0.406846 -0.087551
v 1.147542 0.371157 -0.087242
v 1.147542 -0.002045 -0.087242
v 0.958451 0.127786 -0.087242
v 1.016752 0.371157 -0.087242
v 0.885961 0.371157 -0.087242
v 0.772329 0.189346 -0.087242
v 0.624380 0.371157 -0.087242
v 0.624380 0.189441 -0.087242
v 0.958451 0.127786 0.087242
v 1.147542 0.371157 0.087242
v 1.016752 0.371157 0.087242
v 1.147542 -0.002045 0.087242
v 0.885961 0.371157 0.087242
v 0.772329 0.189346 0.087242
v 0.624380 0.371157 0.087242
v 0.624380 0.189441 0.087242
v -0.284487 0.121721 -0.094189
v 0.000289 0.040373 -0.094189
v 0.000289 0.040373 0.094189
v -0.284487 0.121721 0.094189
v 0.285065 0.040373 0.094189
v 0.285065 0.040373 -0.094189
v 0.569841 0.121720 0.094189
v 0.569841 0.121720 -0.094189
v 0.219806 0.076780 -0.087551
v 0.332216 -0.384448 -0.087551
v 0.332216 -0.384448 0.087551
v 0.219806 0.076780 0.087551
v 0.308207 -0.423932 -0.087551
v 0.308207 -0.423932 0.087551
v 0.323681 -0.487422 -0.087551
v 0.323681 -0.487422 0.087551
v -0.373030 0.155464 -0.044140
v -1.147542 0.155464 0.044140
v -1.147542 0.155464 -0.044140
v -1.147542 0.174938 -0.087639
v -0.362101 0.174938 -0.087639
v -0.373030 0.155464 0.044140
v -1.147542 0.174938 0.087639
v -0.362101 0.174938 0.087639
v 1.147542 -0.002045 0.087242
v 0.958451 0.127786 0.087242
v 0.949680 0.091171 0.059004
v 1.147542 -0.044689 0.059004
v 0.772329 0.189346 0.087242
v 0.751817 0.156527 0.059004
v 0.624380 0.189441 0.087242
v 0.624380 0.156527 0.059004
v 0.624380 0.189441 -0.087242
v 0.772329 0.189346 -0.087242
v 0.751817 0.156527 -0.059004
v 0.624380 0.156527 -0.059004
v 0.949680 0.091171 -0.059004
v 0.958451 0.127786 -0.087242
v 1.147542 -0.002045 -0.087242
v 1.147542 -0.044689 -0.059004
v 0.751817 0.156527 -0.059004
v 0.949680 0.091171 -0.059004
v 0.949680 0.091171 0.059004
v 1.147542 -0.044689 0.059004
v 1.147542 -0.044689 -0.059004
v 0.751817 0.156527 0.059004
v 0.624380 0.156527 -0.059004
v 0.624380 0.156527 0.059004
v -1.147515 0.243146 0.101182
v 0.571917 0.243146 0.101182
v 0.571917 0.344328 0.143093
v -1.147515 0.201235 -0.000000
v -1.147515 0.344328 0.143093
v 0.571917 0.201235 -0.000000
v 0.571917 0.445510 0.101182
v -1.147515 0.243146 -0.101182
v -1.147515 0.445511 0.101182
v 0.571917 0.243146 -0.101182
v 0.571917 0.487421 -0.000000
v -1.147515 0.344328 -0.143093
v -1.147515 0.487422 -0.000000
v 0.571917 0.344328 -0.143093
v 0.571917 0.445510 -0.101182
v -1.147515 0.445511 -0.101182
v -0.320456 0.254454 -0.087639
v -0.373030 0.155464 -0.044140
v -0.362101 0.174938 -0.087639
v -0.320456 0.254454 0.087639
v -0.373030 0.155464 0.044140
v -0.362101 0.174938 0.087639
vn -1.0000 0.0005 0.0005
vn 0.2369 -0.9715 0.0005
vn 0.2369 -0.9715 0.0003
vn 1.0000 0.0005 0.0005
vn 0.9715 0.2369 0.0005
vn 0.9715 0.2369 0.0006
vn 0.0005 1.0000 0.0005
vn 0.0005 0.0005 1.0000
vn 0.0005 0.0005 -1.0000
vn -0.2749 -0.9615 0.0005
vn -0.1217 -0.9926 0.0005
vn 0.1217 -0.9926 0.0005
vn 0.2749 -0.9615 0.0004
vn -0.9715 -0.2369 0.0006
vn -0.9843 0.1764 0.0005
vn -0.9843 0.1763 0.0005
vn -0.9715 -0.2369 0.0003
vn -0.9715 -0.2369 0.0005
vn 0.0005 -0.9769 -0.2136
vn -0.0000 -0.9779 0.2089
vn -0.0000 -0.9779 -0.2089
vn 0.0005 -0.9127 -0.4087
vn 0.0005 -0.9769 0.2135
vn 0.0005 -0.9127 0.4087
vn -0.3543 -0.5167 0.7795
vn -0.2282 -0.5594 0.7969
vn -0.2966 -0.5379 0.7891
vn -0.0777 -0.6219 0.7792
vn -0.0963 -0.6142 0.7833
vn -0.0001 -0.6513 0.7588
vn -0.0004 -0.6513 0.7588
vn -0.0001 -0.6513 -0.7588
vn -0.0777 -0.6219 -0.7792
vn -0.0963 -0.6142 -0.7833
vn -0.0004 -0.6513 -0.7588
vn -0.2966 -0.5379 -0.7891
vn -0.2282 -0.5594 -0.7969
vn -0.3543 -0.5167 -0.7795
vn -0.1343 -0.9909 0.0005
vn -0.4215 -0.9069 0.0005
vn -0.4214 -0.9069 0.0005
vn -0.5662 -0.8242 0.0004
vn 0.0005 -1.0000 0.0005
vn -0.0000 -0.7071 0.7071
vn -0.0000 0.7071 0.7071
vn -0.0000 -0.7071 -0.7071
vn 0.0005 0.7071 -0.7071
vn 0.0006 0.7071 -0.7071
vn 0.8835 -0.4684 0.0005
vt 0.000000 0.000000
s 1
f 1289/2/1058 1290/2/1058 1291/2/1058
f 1292/2/1058 1290/2/1058 1289/2/1058
f 1290/2/1058 1292/2/1058 1293/2/1058
f 1293/2/1058 1292/2/1058 1294/2/1058
f 1295/2/1059 1296/2/1060 1297/2/1059
f 1295/2/1059 1297/2/1059 1298/2/1060
f 1299/2/1058 1300/2/1058 1301/2/1058
f 1299/2/1058 1301/2/1058 1302/2/1058
f 1303/2/1061 1304/2/1061 1305/2/1061
f 1304/2/1061 1303/2/1061 1306/2/1061
f 1307/2/1062 1308/2/1063 1309/2/1062
f 1308/2/1063 1307/2/1062 1310/2/1062
f 1308/2/1063 1310/2/1062 1311/2/1063
f 1311/2/1063 1312/2/1063 1308/2/1063
f 1312/2/1063 1311/2/1063 1313/2/1063
f 1313/2/1063 1314/2/1062 1312/2/1063
f 1315/2/1064 1316/2/1064 1317/2/1064
f 1316/2/1064 1315/2/1064 1318/2/1064
f 1317/2/1064 1316/2/1064 1319/2/1064
f 1319/2/1064 1320/2/1064 1317/2/1064
f 1320/2/1064 1319/2/1064 1321/2/1064
f 1321/2/1064 1319/2/1064 1322/2/1064
f 1323/2/1064 1324/2/1064 1325/2/1064
f 1323/2/1064 1325/2/1064 1326/2/1064
f 1327/2/1065 1328/2/1065 1329/2/1065
f 1328/2/1065 1327/2/1065 1330/2/1065
f 1331/2/1065 1330/2/1065 1327/2/1065
f 1330/2/1065 1331/2/1065 1332/2/1065
f 1333/2/1066 1334/2/1066 1335/2/1066
f 1333/2/1066 1335/2/1066 1336/2/1066
f 1337/2/1066 1334/2/1066 1333/2/1066
f 1334/2/1066 1337/2/1066 1338/2/1066
f 1339/2/1066 1340/2/1066 1341/2/1066
f 1340/2/1066 1339/2/1066 1342/2/1066
f 1343/2/1065 1344/2/1065 1345/2/1065
f 1344/2/1065 1343/2/1065 1346/2/1065
f 1347/2/1065 1348/2/1065 1349/2/1065
f 1348/2/1065 1347/2/1065 1350/2/1065
f 1348/2/1065 1351/2/1065 1349/2/1065
f 1351/2/1065 1348/2/1065 1352/2/1065
f 1351/2/1065 1352/2/1065 1353/2/1065
f 1353/2/1065 1354/2/1065 1351/2/1065
f 1355/2/1066 1356/2/1066 1357/2/1066
f 1356/2/1066 1355/2/1066 1358/2/1066
f 1356/2/1066 1358/2/1066 1359/2/1066
f 1359/2/1066 1360/2/1066 1356/2/1066
f 1359/2/1066 1361/2/1066 1360/2/1066
f 1361/2/1066 1359/2/1066 1362/2/1066
f 1363/2/1066 1364/2/1066 1365/2/1066
f 1363/2/1066 1365/2/1066 1366/2/1066
f 1365/2/1066 1367/2/1066 1366/2/1066
f 1367/2/1066 1365/2/1066 1368/2/1066
f 1368/2/1066 1369/2/1066 1367/2/1066
f 1369/2/1066 1368/2/1066 1370/2/1066
f 1371/2/1065 1372/2/1065 1373/2/1065
f 1372/2/1065 1371/2/1065 1374/2/1065
f 1371/2/1065 1373/2/1065 1375/2/1065
f 1375/2/1065 1376/2/1065 1371/2/1065
f 1376/2/1065 1375/2/1065 1377/2/1065
f 1378/2/1065 1376/2/1065 1377/2/1065
f 1379/2/1067 1380/2/1068 1381/2/1068
f 1379/2/1067 1381/2/1068 1382/2/1067
f 1380/2/1068 1383/2/1069 1381/2/1068
f 1380/2/1068 1384/2/1069 1383/2/1069
f 1384/2/1069 1385/2/1070 1383/2/1069
f 1384/2/1069 1386/2/1070 1385/2/1070
f 1387/2/1071 1388/2/1072 1389/2/1073
f 1387/2/1071 1389/2/1073 1390/2/1074
f 1391/2/1073 1389/2/1073 1388/2/1072
f 1389/2/1073 1391/2/1073 1392/2/1073
f 1393/2/1075 1392/2/1073 1391/2/1073
f 1392/2/1073 1393/2/1075 1394/2/1075
f 1395/2/1076 1396/2/1077 1397/2/1078
f 1398/2/1079 1395/2/1076 1397/2/1078
f 1395/2/1076 1398/2/1079 1399/2/1079
f 1396/2/1077 1395/2/1076 1400/2/1080
f 1396/2/1077 1400/2/1080 1401/2/1081
f 1402/2/1081 1401/2/1081 1400/2/1080
f 1403/2/1082 1404/2/1083 1405/2/1084
f 1405/2/1084 1406/2/1082 1403/2/1082
f 1407/2/1085 1405/2/1084 1404/2/1083
f 1405/2/1084 1407/2/1085 1408/2/1086
f 1409/2/1087 1408/2/1086 1407/2/1085
f 1408/2/1086 1409/2/1087 1410/2/1088
f 1411/2/1089 1412/2/1090 1413/2/1091
f 1411/2/1089 1413/2/1091 1414/2/1092
f 1415/2/1093 1413/2/1091 1412/2/1090
f 1412/2/1090 1416/2/1094 1415/2/1093
f 1417/2/1095 1415/2/1093 1416/2/1094
f 1415/2/1093 1417/2/1095 1418/2/1095
f 1419/2/1096 1420/2/1097 1421/2/1098
f 1420/2/1097 1422/2/1099 1421/2/1098
f 1420/2/1097 1423/2/1099 1422/2/1099
f 1419/2/1096 1421/2/1098 1424/2/1096
f 1425/2/1100 1419/2/1096 1424/2/1096
f 1425/2/1100 1424/2/1096 1426/2/1100
f 1427/2/1101 1428/2/1101 1429/2/1065
f 1430/2/1100 1428/2/1101 1427/2/1101
f 1427/2/1101 1429/2/1065 1431/2/1065
f 1430/2/1100 1432/2/1100 1428/2/1101
f 1431/2/1065 1429/2/1065 1433/2/1102
f 1434/2/1103 1432/2/1100 1430/2/1100
f 1431/2/1065 1433/2/1102 1435/2/1102
f 1434/2/1103 1436/2/1103 1432/2/1100
f 1437/2/1064 1435/2/1102 1433/2/1102
f 1438/2/1066 1436/2/1103 1434/2/1103
f 1437/2/1064 1439/2/1064 1435/2/1102
f 1438/2/1066 1440/2/1066 1436/2/1103
f 1441/2/1104 1439/2/1064 1437/2/1064
f 1438/2/1066 1441/2/1104 1440/2/1066
f 1441/2/1104 1442/2/1105 1439/2/1064
f 1441/2/1104 1438/2/1066 1442/2/1105
f 1443/2/1106 1444/2/1106 1445/2/1106
f 1446/2/1106 1444/2/1106 1443/2/1106
f 1444/2/1106 1446/2/1106 1447/2/1106
f 1447/2/1106 1446/2/1106 1448/2/1106
