# Blender 5.2.0 LTS
# www.blender.org
mtllib plastic flamingo.mtl
o RenderMesh_128507927192070
v -0.300281 -2.119168 -0.064304
v -0.331006 -2.143111 -0.033531
v -0.345378 -2.124976 -0.045470
v -0.297748 -2.138827 -0.047419
v -0.264494 -2.134544 -0.033531
v -0.255183 -2.113360 -0.045470
v -0.344779 -2.144885 0.000000
v -0.364057 -2.127383 0.000000
v -0.236504 -2.110955 0.000000
v -0.345378 -2.124976 0.045469
v -0.250718 -2.132771 0.000000
v -0.331006 -2.143111 0.033530
v -0.300281 -2.119168 0.064303
v -0.264494 -2.134544 0.033530
v -0.255183 -2.113360 0.045469
v -0.297748 -2.138827 0.047419
v -0.394575 1.831431 -0.189282
v -0.353757 1.848581 -0.220984
v -0.377763 1.826835 -0.218087
v -0.347567 1.873999 -0.161437
v -0.395581 1.830508 -0.155642
v -0.349650 1.817948 -0.234339
v -0.352995 1.869096 -0.194301
v -0.323757 1.838738 -0.228782
v -0.301034 1.852052 -0.207807
v -0.347567 1.873999 -0.161437
v -0.287569 1.854317 -0.177033
v -0.371771 1.795249 -0.222987
v -0.384197 1.776724 -0.197769
v -0.395581 1.830508 -0.155642
v -0.383598 1.767337 -0.165442
v -0.275585 1.791146 -0.186833
v -0.287569 1.854317 -0.177033
v -0.290657 1.797343 -0.216294
v -0.323599 1.747655 -0.181038
v -0.275585 1.791146 -0.186833
v -0.332238 1.759678 -0.211275
v -0.323599 1.747655 -0.181038
v -0.383598 1.767337 -0.165442
v -0.317766 1.807154 -0.233682
v -0.341773 1.785407 -0.230785
v -0.394575 1.831431 0.189282
v -0.353757 1.848581 0.220984
v -0.352995 1.869096 0.194301
v -0.347567 1.873999 0.161437
v -0.395581 1.830508 0.155642
v -0.377763 1.826835 0.218087
v -0.323757 1.838738 0.228782
v -0.301034 1.852052 0.207807
v -0.347567 1.873999 0.161437
v -0.287569 1.854317 0.177033
v -0.275585 1.791146 0.186833
v -0.287569 1.854317 0.177033
v -0.290657 1.797343 0.216294
v -0.349650 1.817948 0.234339
v -0.317766 1.807154 0.233682
v -0.323599 1.747655 0.181038
v -0.275585 1.791146 0.186833
v -0.332238 1.759678 0.211275
v -0.371771 1.795249 0.222987
v -0.341773 1.785407 0.230785
v -0.384197 1.776724 0.197769
v -0.323599 1.747655 0.181038
v -0.383598 1.767337 0.165442
v -0.395581 1.830508 0.155642
v -0.383598 1.767337 0.165442
v -0.876182 1.383880 -0.000000
v -0.800445 1.542951 0.040304
v -0.805778 1.548692 -0.000000
v -0.800445 1.542951 -0.040304
v -0.870948 1.381442 0.029697
v -0.785327 1.526664 0.074951
v -0.870948 1.381442 -0.029697
v -0.785327 1.526664 -0.074951
v -0.890530 1.275192 -0.000000
v -0.856109 1.374522 0.055225
v -0.762175 1.501704 0.098705
v -0.887073 1.273736 0.019321
v -0.856109 1.374522 -0.055225
v -0.762175 1.501704 -0.098705
v -0.887073 1.273736 -0.019321
v -0.886448 1.179423 -0.000000
v -0.833380 1.363911 -0.072727
v -0.734448 1.471774 -0.108023
v -0.877276 1.269603 -0.035930
v -0.806148 1.351180 -0.079593
v -0.884419 1.178802 -0.010912
v -0.862270 1.263267 -0.047318
v -0.706151 1.441176 -0.100650
v -0.878667 1.177036 -0.020293
v -0.860099 1.123207 -0.000000
v -0.869857 1.174328 -0.026724
v -0.844291 1.255661 -0.051785
v -0.859301 1.171075 -0.029247
v -0.825931 1.247876 -0.048250
v -0.778342 1.338146 -0.074160
v -0.848520 1.167745 -0.027251
v -0.810089 1.241150 -0.037287
v -0.754349 1.326891 -0.057309
v -0.681741 1.414759 -0.077780
v -0.738259 1.319344 -0.031130
v -0.665370 1.397045 -0.042249
v -0.659469 1.390660 -0.000000
v -0.839218 1.164867 -0.021059
v -0.799466 1.236641 -0.020254
v -0.732460 1.316624 -0.000000
v -0.738259 1.319344 0.031130
v -0.665370 1.397045 0.042249
v -0.681741 1.414759 0.077780
v -0.832979 1.162935 -0.011439
v -0.795636 1.235017 -0.000000
v -0.830730 1.162241 -0.000000
v -0.832979 1.162935 0.011439
v -0.799466 1.236641 0.020254
v -0.839218 1.164867 0.021059
v -0.810089 1.241150 0.037287
v -0.754349 1.326891 0.057309
v -0.706151 1.441176 0.100650
v -0.848520 1.167745 0.027251
v -0.778342 1.338146 0.074160
v -0.825931 1.247876 0.048250
v -0.806148 1.351179 0.079593
v -0.734448 1.471774 0.108023
v -0.859301 1.171075 0.029247
v -0.844291 1.255661 0.051785
v -0.833380 1.363911 0.072727
v -0.862270 1.263267 0.047318
v -0.877276 1.269603 0.035930
v -0.869857 1.174328 0.026724
v -0.878667 1.177036 0.020293
v -0.884419 1.178802 0.010912
v -0.355316 -1.982321 -0.037106
v -0.380139 -2.002499 0.000000
v -0.370560 -1.984283 0.000000
v -0.355316 -1.982321 0.037106
v -0.361460 -2.000094 -0.045470
v -0.361460 -2.000094 0.045469
v -0.316363 -1.994287 -0.064304
v -0.316363 -1.994287 0.064303
v -0.318516 -1.977580 -0.052476
v -0.318516 -1.977580 0.052475
v -0.281713 -1.972840 -0.037106
v -0.281713 -1.972840 0.037106
v -0.271266 -1.988478 -0.045470
v -0.271266 -1.988478 0.045469
v -0.252586 -1.986073 0.000000
v -0.266469 -1.970878 0.000000
v -0.300281 -2.119168 0.064303
v -0.316363 -1.994287 0.064303
v -0.345378 -2.124976 0.045469
v -0.255183 -2.113360 0.045469
v -0.361460 -2.000094 0.045469
v -0.271266 -1.988478 0.045469
v -0.380139 -2.002499 0.000000
v -0.236504 -2.110955 0.000000
v -0.364057 -2.127383 0.000000
v -0.252586 -1.986073 0.000000
v -0.345378 -2.124976 -0.045470
v -0.271266 -1.988478 -0.045470
v -0.361460 -2.000094 -0.045470
v -0.255183 -2.113360 -0.045470
v -0.316363 -1.994287 -0.064304
v -0.300281 -2.119168 -0.064304
vn 0.0828 -0.6431 -0.7612
vn -0.2383 -0.9052 -0.3519
vn -0.4515 -0.7119 -0.5379
vn 0.1108 -0.8602 -0.4977
vn 0.4598 -0.8153 -0.3519
vn 0.6167 -0.5744 -0.5383
vn -0.3833 -0.9236 0.0006
vn -0.6719 -0.7406 0.0006
vn 0.8380 -0.5457 0.0004
vn -0.4514 -0.7119 0.5380
vn 0.6040 -0.7970 0.0006
vn -0.2383 -0.9052 0.3520
vn 0.0828 -0.6431 0.7613
vn 0.4598 -0.8153 0.3520
vn 0.6167 -0.5744 0.5383
vn 0.1108 -0.8602 0.4977
vn -0.9168 0.3188 -0.2405
vn -0.2823 0.6333 -0.7206
vn -0.6946 0.2598 -0.6708
vn -0.6714 0.7411 0.0006
vn -0.2168 0.1094 -0.9701
vn -0.2639 0.9099 -0.3200
vn 0.2329 0.4643 -0.8545
vn 0.5517 0.6424 -0.5320
vn 0.2631 0.9468 -0.1851
vn -0.5917 -0.2827 -0.7550
vn -0.7537 -0.5401 -0.3744
vn -0.9829 -0.1809 -0.0346
vn -0.9829 -0.1808 -0.0349
vn 0.8851 0.2306 -0.4043
vn 0.8852 0.2304 -0.4041
vn 0.7146 -0.2164 -0.6652
vn 0.5735 -0.6917 -0.4389
vn 0.0624 -0.8073 -0.5868
vn -0.3602 -0.8978 -0.2536
vn -0.3604 -0.8975 -0.2540
vn 0.3361 -0.0780 -0.9386
vn -0.0767 -0.4522 -0.8886
vn -0.9168 0.3188 0.2406
vn -0.2821 0.6330 0.7209
vn -0.2635 0.9100 0.3200
vn -0.6714 0.7411 -0.0006
vn -0.6946 0.2598 0.6708
vn 0.2329 0.4643 0.8545
vn 0.5517 0.6424 0.5320
vn 0.2630 0.9469 0.1851
vn 0.8851 0.2306 0.4043
vn 0.8852 0.2304 0.4041
vn 0.7146 -0.2164 0.6652
vn -0.2168 0.1094 0.9701
vn 0.3359 -0.0782 0.9387
vn 0.5735 -0.6917 0.4389
vn 0.0624 -0.8073 0.5868
vn -0.5917 -0.2823 0.7551
vn -0.0767 -0.4522 0.8886
vn -0.7537 -0.5401 0.3744
vn -0.3602 -0.8977 0.2537
vn -0.3604 -0.8975 0.2540
vn -0.9829 -0.1809 0.0346
vn -0.9829 -0.1809 0.0348
vn -0.9639 0.2661 0.0004
vn -0.8692 0.3548 0.3444
vn -0.9203 0.3913 0.0005
vn -0.8692 0.3548 -0.3444
vn -0.9052 0.2335 0.3551
vn -0.7177 0.2487 0.6504
vn -0.9052 0.2335 -0.3551
vn -0.7178 0.2485 -0.6504
vn -0.9989 0.0473 0.0004
vn -0.7338 0.1395 0.6649
vn -0.4764 0.0825 0.8754
vn -0.9373 0.0272 0.3474
vn -0.7338 0.1395 -0.6649
vn -0.4764 0.0825 -0.8754
vn -0.9373 0.0272 -0.3474
vn -0.9739 -0.2269 0.0006
vn -0.4683 -0.0047 -0.8835
vn -0.1734 -0.1253 -0.9769
vn -0.7575 -0.0319 -0.6521
vn -0.1444 -0.1816 -0.9727
vn -0.9179 -0.2372 -0.3181
vn -0.4780 -0.1218 -0.8699
vn 0.1527 -0.3421 -0.9272
vn -0.7522 -0.2675 -0.6022
vn -0.1015 -0.9948 0.0007
vn -0.4876 -0.3150 -0.8142
vn -0.1339 -0.2307 -0.9638
vn -0.1500 -0.3721 -0.9160
vn 0.2281 -0.3422 -0.9115
vn 0.1914 -0.3627 -0.9120
vn 0.2142 -0.4287 -0.8777
vn 0.5490 -0.4398 -0.7107
vn 0.4835 -0.5192 -0.7047
vn 0.4424 -0.5300 -0.7234
vn 0.6825 -0.6228 -0.3825
vn 0.6430 -0.6565 -0.3945
vn 0.7137 -0.7005 0.0004
vn 0.5443 -0.4768 -0.6902
vn 0.7711 -0.5046 -0.3882
vn 0.7521 -0.6590 0.0004
vn 0.6825 -0.6228 0.3825
vn 0.6430 -0.6565 0.3945
vn 0.4424 -0.5300 0.7234
vn 0.7741 -0.5067 -0.3795
vn 0.8492 -0.5281 0.0003
vn 0.8555 -0.5178 0.0004
vn 0.7741 -0.5067 0.3795
vn 0.7711 -0.5046 0.3882
vn 0.5443 -0.4768 0.6902
vn 0.5490 -0.4398 0.7107
vn 0.4835 -0.5192 0.7047
vn 0.1527 -0.3421 0.9272
vn 0.2142 -0.4287 0.8777
vn 0.1914 -0.3627 0.9120
vn 0.2281 -0.3422 0.9115
vn -0.1444 -0.1816 0.9727
vn -0.1734 -0.1253 0.9769
vn -0.1500 -0.3721 0.9160
vn -0.1339 -0.2307 0.9638
vn -0.4683 -0.0047 0.8835
vn -0.4780 -0.1218 0.8699
vn -0.7575 -0.0319 0.6521
vn -0.4876 -0.3150 0.8142
vn -0.7522 -0.2675 0.6022
vn -0.9179 -0.2372 0.3181
vn -0.6470 0.4961 -0.5790
vn -0.8850 0.4656 0.0005
vn -0.6471 0.4961 0.5789
vn -0.6470 0.4961 0.5790
vn -0.0734 0.5700 -0.8184
vn -0.0734 0.5699 0.8184
vn -0.0734 0.5702 -0.8182
vn 0.5000 0.6442 -0.5788
vn 0.5001 0.6441 0.5788
vn 0.5005 0.6439 -0.5787
vn 0.7382 0.6746 0.0006
vn 0.7382 0.6745 0.0005
vn -0.0002 -0.0004 1.0000
vn -0.7013 -0.0903 0.7071
vn 0.7015 0.0902 0.7069
vn 0.7013 0.0903 0.7071
vn -0.9918 -0.1280 0.0004
vn 0.9918 0.1280 0.0005
vn -0.9918 -0.1280 0.0005
vn 0.9918 0.1280 0.0004
vn -0.7013 -0.0903 -0.7071
vn 0.7016 0.0901 -0.7068
vn 0.7015 0.0902 -0.7069
vn -0.0002 -0.0004 -1.0000
vt 0.000000 0.000000
s 1
f 1/1/1 2/1/2 3/1/3
f 2/1/2 1/1/1 4/1/4
f 1/1/1 5/1/5 4/1/4
f 5/1/5 2/1/2 4/1/4
f 1/1/1 6/1/6 5/1/5
f 7/1/7 3/1/3 2/1/2
f 5/1/5 7/1/7 2/1/2
f 3/1/3 7/1/7 8/1/8
f 9/1/9 5/1/5 6/1/6
f 7/1/7 10/1/10 8/1/8
f 5/1/5 9/1/9 11/1/11
f 11/1/11 7/1/7 5/1/5
f 10/1/10 7/1/7 12/1/12
f 7/1/7 11/1/11 12/1/12
f 13/1/13 10/1/10 12/1/12
f 11/1/11 9/1/9 14/1/14
f 14/1/14 12/1/12 11/1/11
f 9/1/9 15/1/15 14/1/14
f 13/1/13 14/1/14 15/1/15
f 12/1/12 14/1/14 16/1/16
f 14/1/14 13/1/13 16/1/16
f 12/1/12 16/1/16 13/1/13
f 17/1/17 18/1/18 19/1/19
f 20/1/20 17/1/17 21/1/20
f 18/1/18 22/1/21 19/1/19
f 17/1/17 20/1/20 23/1/22
f 18/1/18 17/1/17 23/1/22
f 23/1/22 24/1/23 18/1/18
f 24/1/23 22/1/21 18/1/18
f 24/1/23 23/1/22 25/1/24
f 26/1/25 25/1/24 23/1/22
f 25/1/24 26/1/25 27/1/25
f 28/1/26 17/1/17 19/1/19
f 19/1/19 22/1/21 28/1/26
f 17/1/17 28/1/26 29/1/27
f 29/1/27 30/1/28 17/1/17
f 30/1/28 29/1/27 31/1/29
f 32/1/30 25/1/24 33/1/31
f 25/1/24 32/1/30 34/1/32
f 35/1/33 34/1/32 36/1/33
f 34/1/32 35/1/33 37/1/34
f 38/1/35 29/1/27 37/1/34
f 29/1/27 38/1/35 39/1/36
f 40/1/37 25/1/24 34/1/32
f 34/1/32 37/1/34 40/1/37
f 25/1/24 40/1/37 24/1/23
f 40/1/37 22/1/21 24/1/23
f 40/1/37 37/1/34 41/1/38
f 41/1/38 22/1/21 40/1/37
f 29/1/27 41/1/38 37/1/34
f 28/1/26 22/1/21 41/1/38
f 41/1/38 29/1/27 28/1/26
f 42/1/39 43/1/40 44/1/41
f 45/1/42 42/1/39 44/1/41
f 46/1/42 42/1/39 45/1/42
f 43/1/40 42/1/39 47/1/43
f 48/1/44 44/1/41 43/1/40
f 44/1/41 48/1/44 49/1/45
f 49/1/45 50/1/46 44/1/41
f 50/1/46 49/1/45 51/1/46
f 52/1/47 53/1/48 49/1/45
f 52/1/47 49/1/45 54/1/49
f 48/1/44 43/1/40 55/1/50
f 43/1/40 47/1/43 55/1/50
f 56/1/51 49/1/45 48/1/44
f 49/1/45 56/1/51 54/1/49
f 56/1/51 48/1/44 55/1/50
f 54/1/49 57/1/52 58/1/52
f 57/1/52 54/1/49 59/1/53
f 59/1/53 54/1/49 56/1/51
f 47/1/43 60/1/54 55/1/50
f 42/1/39 60/1/54 47/1/43
f 61/1/55 56/1/51 55/1/50
f 59/1/53 56/1/51 61/1/55
f 60/1/54 61/1/55 55/1/50
f 62/1/56 59/1/53 61/1/55
f 62/1/56 61/1/55 60/1/54
f 60/1/54 42/1/39 62/1/56
f 62/1/56 63/1/57 59/1/53
f 63/1/57 62/1/56 64/1/58
f 65/1/59 62/1/56 42/1/39
f 62/1/56 65/1/59 66/1/60
f 67/1/61 68/1/62 69/1/63
f 70/1/64 67/1/61 69/1/63
f 68/1/62 67/1/61 71/1/65
f 68/1/62 71/1/65 72/1/66
f 67/1/61 70/1/64 73/1/67
f 74/1/68 73/1/67 70/1/64
f 75/1/69 71/1/65 67/1/61
f 73/1/67 75/1/69 67/1/61
f 72/1/66 71/1/65 76/1/70
f 76/1/70 77/1/71 72/1/66
f 71/1/65 75/1/69 78/1/72
f 78/1/72 76/1/70 71/1/65
f 73/1/67 74/1/68 79/1/73
f 80/1/74 79/1/73 74/1/68
f 75/1/69 73/1/67 81/1/75
f 79/1/73 81/1/75 73/1/67
f 82/1/76 78/1/72 75/1/69
f 81/1/75 82/1/76 75/1/69
f 79/1/73 80/1/74 83/1/77
f 84/1/78 83/1/77 80/1/74
f 81/1/75 79/1/73 85/1/79
f 83/1/77 85/1/79 79/1/73
f 83/1/77 84/1/78 86/1/80
f 85/1/79 87/1/81 81/1/75
f 82/1/76 81/1/75 87/1/81
f 85/1/79 83/1/77 88/1/82
f 86/1/80 88/1/82 83/1/77
f 89/1/83 86/1/80 84/1/78
f 88/1/82 90/1/84 85/1/79
f 87/1/81 85/1/79 90/1/84
f 82/1/76 87/1/81 91/1/85
f 87/1/81 90/1/84 91/1/85
f 90/1/84 88/1/82 92/1/86
f 90/1/84 92/1/86 91/1/85
f 88/1/82 86/1/80 93/1/87
f 93/1/87 92/1/86 88/1/82
f 92/1/86 93/1/87 94/1/88
f 92/1/86 94/1/88 91/1/85
f 86/1/80 95/1/89 93/1/87
f 95/1/89 94/1/88 93/1/87
f 95/1/89 86/1/80 96/1/90
f 86/1/80 89/1/83 96/1/90
f 94/1/88 95/1/89 97/1/91
f 94/1/88 97/1/91 91/1/85
f 96/1/90 98/1/92 95/1/89
f 98/1/92 97/1/91 95/1/89
f 89/1/83 99/1/93 96/1/90
f 98/1/92 96/1/90 99/1/93
f 99/1/93 89/1/83 100/1/94
f 99/1/93 100/1/94 101/1/95
f 101/1/95 98/1/92 99/1/93
f 100/1/94 102/1/96 101/1/95
f 103/1/97 101/1/95 102/1/96
f 97/1/91 98/1/92 104/1/98
f 97/1/91 104/1/98 91/1/85
f 98/1/92 101/1/95 105/1/99
f 105/1/99 104/1/98 98/1/92
f 101/1/95 103/1/97 106/1/100
f 106/1/100 105/1/99 101/1/95
f 106/1/100 103/1/97 107/1/101
f 108/1/102 107/1/101 103/1/97
f 109/1/103 107/1/101 108/1/102
f 104/1/98 105/1/99 110/1/104
f 104/1/98 110/1/104 91/1/85
f 105/1/99 106/1/100 111/1/105
f 111/1/105 110/1/104 105/1/99
f 110/1/104 111/1/105 112/1/106
f 110/1/104 112/1/106 91/1/85
f 112/1/106 111/1/105 113/1/107
f 112/1/106 113/1/107 91/1/85
f 111/1/105 106/1/100 114/1/108
f 114/1/108 113/1/107 111/1/105
f 107/1/101 114/1/108 106/1/100
f 113/1/107 114/1/108 115/1/109
f 113/1/107 115/1/109 91/1/85
f 114/1/108 107/1/101 116/1/110
f 116/1/110 115/1/109 114/1/108
f 107/1/101 109/1/103 117/1/111
f 117/1/111 116/1/110 107/1/101
f 118/1/112 117/1/111 109/1/103
f 115/1/109 116/1/110 119/1/113
f 115/1/109 119/1/113 91/1/85
f 120/1/114 116/1/110 117/1/111
f 117/1/111 118/1/112 120/1/114
f 119/1/113 116/1/110 121/1/115
f 116/1/110 120/1/114 121/1/115
f 118/1/112 122/1/116 120/1/114
f 122/1/116 121/1/115 120/1/114
f 122/1/116 118/1/112 123/1/117
f 119/1/113 121/1/115 124/1/118
f 119/1/113 124/1/118 91/1/85
f 121/1/115 122/1/116 125/1/119
f 124/1/118 121/1/115 125/1/119
f 123/1/117 126/1/120 122/1/116
f 126/1/120 123/1/117 77/1/71
f 77/1/71 76/1/70 126/1/120
f 127/1/121 122/1/116 126/1/120
f 122/1/116 127/1/121 125/1/119
f 128/1/122 126/1/120 76/1/70
f 127/1/121 126/1/120 128/1/122
f 76/1/70 78/1/72 128/1/122
f 124/1/118 125/1/119 129/1/123
f 129/1/123 125/1/119 127/1/121
f 124/1/118 129/1/123 91/1/85
f 129/1/123 127/1/121 130/1/124
f 130/1/124 127/1/121 128/1/122
f 129/1/123 130/1/124 91/1/85
f 131/1/125 128/1/122 78/1/72
f 128/1/122 131/1/125 130/1/124
f 130/1/124 131/1/125 91/1/85
f 78/1/72 82/1/76 131/1/125
f 131/1/125 82/1/76 91/1/85
f 132/1/126 133/1/127 134/1/127
f 133/1/127 135/1/128 134/1/127
f 133/1/127 132/1/126 136/1/126
f 133/1/127 137/1/129 135/1/128
f 132/1/126 138/1/130 136/1/126
f 139/1/131 135/1/128 137/1/129
f 132/1/126 140/1/132 138/1/130
f 135/1/128 139/1/131 141/1/131
f 142/1/133 138/1/130 140/1/132
f 139/1/131 143/1/134 141/1/131
f 138/1/130 142/1/133 144/1/135
f 139/1/131 145/1/134 143/1/134
f 146/1/136 144/1/135 142/1/133
f 146/1/136 143/1/134 145/1/134
f 142/1/133 147/1/137 146/1/136
f 143/1/134 146/1/136 147/1/137
f 148/1/138 149/1/138 150/1/139
f 151/1/140 149/1/138 148/1/138
f 149/1/138 152/1/139 150/1/139
f 149/1/138 151/1/140 153/1/141
f 154/1/142 150/1/139 152/1/139
f 155/1/143 153/1/141 151/1/140
f 150/1/139 154/1/142 156/1/144
f 153/1/141 155/1/143 157/1/145
f 154/1/142 158/1/146 156/1/144
f 157/1/145 155/1/143 159/1/147
f 158/1/146 154/1/142 160/1/146
f 161/1/148 159/1/147 155/1/143
f 162/1/149 158/1/146 160/1/146
f 159/1/147 161/1/148 162/1/149
f 158/1/146 162/1/149 163/1/149
f 162/1/149 161/1/148 163/1/149
o RenderMesh_129573019981015
v -0.483552 1.591558 -0.131927
v -0.444011 1.606434 -0.156310
v -0.455344 1.553785 -0.101950
v -0.392718 1.529566 0.065202
v -0.429603 1.519326 -0.000000
v -0.385327 1.518513 -0.000000
v -0.436424 1.528455 0.055378
v -0.344305 1.534708 0.074099
v -0.336352 1.521884 -0.000000
v -0.288090 1.546959 0.080986
v -0.479874 1.660229 -0.168520
v -0.516259 1.635314 -0.141591
v -0.548313 1.678119 -0.129377
v -0.437472 1.687288 -0.192740
v -0.399133 1.624264 -0.178299
v -0.515332 1.713409 -0.154688
v -0.575084 1.713820 -0.098241
v -0.384805 1.717558 -0.211147
v -0.345259 1.646992 -0.195130
v -0.475593 1.749959 -0.177398
v -0.545175 1.758165 -0.117950
v -0.592567 1.737118 -0.052829
v -0.324685 1.747790 -0.219064
v -0.285450 1.672540 -0.202544
v -0.424068 1.787878 -0.194557
v -0.507841 1.802968 -0.135599
v -0.564808 1.787614 -0.063580
v -0.598735 1.745333 -0.000000
v -0.261079 1.775479 -0.212898
v -0.223911 1.699543 -0.197271
v -0.457287 1.847468 -0.148873
v -0.362659 1.822647 -0.201811
v -0.294841 1.850555 -0.195802
v -0.162692 1.733507 -0.181494
v -0.132135 1.671275 -0.140227
v -0.223469 1.875729 -0.178552
v -0.079585 1.721913 -0.123720
v -0.063107 1.684400 -0.067457
v -0.195511 1.805400 -0.194973
v -0.103784 1.777233 -0.159051
v -0.023811 1.736749 -0.057869
v -0.019819 1.725127 -0.000000
v -0.034862 1.768724 -0.105722
v -0.129735 1.840503 -0.169536
v -0.051120 1.815813 -0.134957
v 0.008521 1.767037 -0.049055
v -0.068895 1.869160 -0.142634
v 0.002627 1.794334 -0.089468
v -0.006094 1.834578 -0.113854
v 0.010645 1.757135 -0.000000
v 0.044234 1.802536 -0.076606
v 0.041983 1.837506 -0.097736
v 0.045738 1.778896 -0.041943
v 0.103279 1.830637 -0.087468
v 0.100255 1.799793 -0.068047
v 0.039529 1.877125 -0.103188
v 0.106902 1.866012 -0.093181
v -0.015790 1.879981 -0.119858
v 0.110618 1.900064 -0.084526
v 0.037410 1.914505 -0.092681
v -0.024604 1.922577 -0.107337
v -0.084570 1.919656 -0.128340
v -0.151707 1.901436 -0.153997
v -0.096642 1.960803 -0.096098
v -0.168054 1.951795 -0.116368
v -0.244423 1.934569 -0.135948
v -0.178193 1.984656 -0.062402
v -0.031550 1.957024 -0.079989
v -0.104226 1.987386 -0.051252
v 0.035821 1.944872 -0.069254
v -0.035952 1.979157 -0.042538
v 0.113836 1.928181 -0.063768
v 0.034853 1.964445 -0.036889
v -0.106841 1.996706 -0.000000
v -0.037474 1.986883 -0.000000
v -0.181664 1.996267 -0.000000
v -0.035952 1.979157 0.042538
v -0.104226 1.987386 0.051252
v -0.178193 1.984656 0.062402
v -0.262020 1.987038 -0.000000
v -0.257509 1.973277 -0.073226
v -0.321591 1.913849 -0.149631
v -0.338788 1.955679 -0.080765
v -0.394236 1.886019 -0.154418
v -0.414993 1.927986 -0.083407
v -0.344825 1.970597 -0.000000
v -0.338788 1.955679 0.080765
v -0.479275 1.886935 -0.080413
v -0.422376 1.942974 -0.000000
v -0.529158 1.838008 -0.073198
v -0.487126 1.901027 -0.000000
v -0.414993 1.927986 0.083407
v -0.479275 1.886935 0.080413
v -0.536759 1.850498 -0.000000
v -0.571777 1.798072 -0.000000
v -0.529160 1.838008 0.073198
v -0.564808 1.787614 0.063580
v -0.592567 1.737118 0.052829
v -0.457287 1.847468 0.148873
v -0.507841 1.802968 0.135599
v -0.545175 1.758165 0.117950
v -0.575084 1.713820 0.098241
v -0.394236 1.886019 0.154418
v -0.515332 1.713408 0.154688
v -0.548313 1.678119 0.129377
v -0.475593 1.749959 0.177398
v -0.424068 1.787878 0.194557
v -0.362659 1.822647 0.201811
v -0.321591 1.913849 0.149631
v -0.324685 1.747790 0.219064
v -0.257509 1.973277 0.073226
v -0.244423 1.934569 0.135948
v -0.294841 1.850555 0.195802
v -0.223469 1.875729 0.178552
v -0.168054 1.951795 0.116368
v -0.096642 1.960803 0.096098
v -0.151707 1.901436 0.153997
v -0.031550 1.957024 0.079989
v -0.084570 1.919656 0.128340
v -0.068895 1.869160 0.142634
v -0.024604 1.922577 0.107337
v 0.035821 1.944872 0.069254
v 0.034853 1.964445 0.036889
v 0.037410 1.914505 0.092681
v 0.034529 1.971295 -0.000000
v 0.113836 1.928181 0.063768
v 0.116000 1.946509 0.034161
v 0.116000 1.946509 -0.034161
v 0.116781 1.952979 -0.000000
v 0.199943 1.899503 -0.061688
v 0.205125 1.916950 -0.033245
v 0.192146 1.873052 -0.080942
v 0.287861 1.852320 -0.061026
v 0.182970 1.841574 -0.088285
v 0.275326 1.828056 -0.079707
v 0.173792 1.809594 -0.082075
v 0.367312 1.795123 -0.060931
v 0.260549 1.799420 -0.086513
v 0.350341 1.773664 -0.079528
v 0.245733 1.770644 -0.080065
v 0.166028 1.782090 -0.063336
v 0.330352 1.748379 -0.086247
v 0.385351 1.697149 -0.086210
v 0.233171 1.746056 -0.061547
v 0.310342 1.723028 -0.079740
v 0.361203 1.675771 -0.079646
v 0.293395 1.701403 -0.061239
v 0.340831 1.657582 -0.061112
v 0.409545 1.718503 -0.079519
v 0.402267 1.624042 -0.079522
v 0.379204 1.609915 -0.060961
v 0.327538 1.645487 -0.033063
v 0.282272 1.686958 -0.033149
v 0.429648 1.640699 -0.086141
v 0.402193 -0.863936 -0.025693
v 0.419702 -0.801942 -0.048034
v 0.415325 -0.852127 -0.027476
v 0.380668 -0.800972 0.000000
v 0.380496 -0.862762 0.000000
v 0.382510 -0.850639 0.011824
v 0.417106 -0.864519 -0.017722
v 0.388792 -0.907246 0.000000
v 0.434578 -0.800425 -0.044002
v 0.436112 -0.731907 -0.078067
v 0.457615 -0.730154 -0.070567
v 0.445973 -0.801790 -0.032837
v 0.383971 -0.799728 0.019139
v 0.376107 -0.733291 0.000000
v 0.392561 -0.801645 0.034846
v 0.381185 -0.733382 0.031082
v 0.363081 -0.664622 0.000000
v 0.370324 -0.664755 0.046557
v 0.394710 -0.733771 0.057004
v 0.387001 -0.863234 0.018514
v 0.389550 -0.664050 0.085439
v 0.396336 -0.851415 0.028158
v 0.405500 -0.800417 0.045397
v 0.402193 -0.863936 0.025693
v 0.419702 -0.801942 0.048034
v 0.414127 -0.732989 0.073396
v 0.415325 -0.852127 0.027476
v 0.417106 -0.864519 0.017722
v 0.423235 -0.864741 0.000000
v 0.428577 -0.852577 -0.011142
v 0.428577 -0.852577 0.011142
v 0.445973 -0.801790 0.032837
v 0.456767 -0.801696 0.000000
v 0.454741 -0.800272 0.017743
v 0.454741 -0.800272 -0.017743
v 0.491619 -0.727587 0.000000
v 0.487463 -0.727743 0.028253
v 0.487464 -0.727743 -0.028253
v 0.524736 -0.644297 0.000000
v 0.475476 -0.728885 -0.052892
v 0.518896 -0.645310 -0.041964
v 0.502496 -0.648135 -0.078758
v 0.477590 -0.652342 -0.105302
v 0.524216 -0.558587 -0.109968
v 0.545651 -0.552503 -0.058561
v 0.565755 -0.443710 -0.076716
v 0.553185 -0.550292 0.000000
v 0.575100 -0.439574 0.000000
v 0.589444 -0.311115 0.000000
v 0.518896 -0.645310 0.041964
v 0.545651 -0.552503 0.058561
v 0.565755 -0.443710 0.076715
v 0.475475 -0.728884 0.052892
v 0.502496 -0.648135 0.078758
v 0.524216 -0.558587 0.109968
v 0.457615 -0.730154 0.070567
v 0.477590 -0.652342 0.105302
v 0.538747 -0.455275 0.143871
v 0.434578 -0.800425 0.044001
v 0.436112 -0.731907 0.078067
v 0.447700 -0.657058 0.116854
v 0.416844 -0.661296 0.109895
v 0.410416 -0.587716 0.153317
v 0.451455 -0.577888 0.163270
v 0.491227 -0.567573 0.147138
v 0.445157 -0.493164 0.212553
v 0.391912 -0.513361 0.198974
v 0.496523 -0.472695 0.192067
v 0.357932 -0.437591 0.241822
v 0.426255 -0.402032 0.259396
v 0.491550 -0.366618 0.235553
v 0.374181 -0.594857 0.118956
v 0.345199 -0.529141 0.153917
v 0.302906 -0.354016 0.278524
v 0.390082 -0.306869 0.299961
v 0.298539 -0.466580 0.186441
v 0.313106 -0.537329 0.083622
v 0.348736 -0.597811 0.064741
v 0.339172 -0.598248 0.000000
v 0.301288 -0.539457 0.000000
v 0.245303 -0.488711 0.000000
v 0.259242 -0.483489 0.101105
v 0.228022 -0.393199 0.214128
v 0.180088 -0.417243 0.115941
v 0.163659 -0.425139 0.000000
v 0.180088 -0.417243 -0.115941
v 0.074907 -0.324142 -0.127389
v 0.055327 -0.332675 0.000000
v 0.074907 -0.324142 0.127389
v -0.028881 -0.227355 0.135874
v 0.133088 -0.298923 0.235505
v 0.037782 -0.202938 0.251325
v -0.033368 -0.123930 0.261638
v 0.225641 -0.258897 0.306923
v 0.144624 -0.164861 0.327895
v 0.078989 -0.083595 0.341500
v 0.030785 -0.006670 0.341502
v 0.334796 -0.211165 0.331604
v 0.271980 -0.119629 0.354996
v 0.214023 -0.035601 0.370048
v 0.163112 0.044273 0.370295
v 0.119453 0.123851 0.350189
v 0.243099 0.171797 0.323421
v 0.296456 0.095468 0.341755
v 0.346741 0.212232 0.247832
v 0.407482 0.138479 0.261831
v 0.348368 0.012338 0.341353
v 0.459575 0.052429 0.261423
v 0.397037 -0.074725 0.326965
v 0.440427 -0.163956 0.304323
v 0.526545 -0.124794 0.231724
v 0.540836 -0.221458 0.207395
v 0.473399 -0.260215 0.273895
v 0.544585 -0.336979 0.177322
v 0.578027 -0.317805 0.094836
v 0.583061 -0.196745 0.111312
v -0.183580 0.002848 -0.000000
v -0.153568 0.113744 -0.118407
v -0.162770 0.011633 -0.133011
v -0.100873 0.036987 -0.246447
v -0.146607 -0.076736 0.141269
v -0.169431 -0.086247 0.000000
v -0.078510 -0.049309 -0.261462
v -0.146607 -0.076736 -0.141269
v 0.030785 -0.006670 -0.341502
v -0.033368 -0.123930 -0.261638
v -0.103339 -0.149923 -0.141420
v -0.103339 -0.149923 0.141420
v -0.126730 -0.158947 0.000000
v -0.028881 -0.227356 -0.135874
v -0.051173 -0.235781 0.000000
v 0.037782 -0.202939 -0.251325
v 0.078989 -0.083595 -0.341500
v 0.133088 -0.298923 -0.235505
v 0.163112 0.044273 -0.370295
v 0.119453 0.123851 -0.350189
v 0.243099 0.171797 -0.323421
v 0.144624 -0.164861 -0.327895
v 0.214023 -0.035601 -0.370048
v 0.296456 0.095468 -0.341755
v 0.346741 0.212232 -0.247832
v 0.271980 -0.119629 -0.354996
v 0.348368 0.012338 -0.341353
v 0.225641 -0.258897 -0.306923
v 0.397037 -0.074725 -0.326965
v 0.407482 0.138479 -0.261831
v 0.330352 1.748379 0.086247
v 0.361203 1.675771 0.079646
v 0.385351 1.697149 0.086210
v 0.350341 1.773664 0.079528
v 0.260549 1.799420 0.086513
v 0.402267 1.624042 0.079522
v 0.379204 1.609915 0.060961
v 0.412932 1.551786 0.060707
v 0.364182 1.600580 0.032963
v 0.429648 1.640699 0.086141
v 0.409545 1.718503 0.079519
v 0.438166 1.561215 0.079221
v 0.396381 1.545571 0.032818
v 0.367311 1.795123 0.060931
v 0.439605 1.482953 0.059674
v 0.358908 1.597255 -0.000000
v 0.322863 1.641154 -0.000000
v 0.422219 1.480052 0.032258
v 0.364182 1.600580 -0.032963
v 0.390529 1.543362 -0.000000
v 0.396381 1.545571 -0.032818
v 0.412932 1.551786 -0.060707
v 0.438166 1.561215 -0.079221
v 0.439605 1.482953 -0.059674
v 0.422219 1.480052 -0.032258
v 0.416022 1.479019 -0.000000
v 0.455972 1.404433 -0.057397
v 0.465894 1.487348 -0.077878
v 0.468032 1.572348 -0.085844
v 0.438899 1.404819 -0.031027
v 0.432793 1.404958 -0.000000
v 0.457128 1.657369 -0.079480
v 0.438899 1.404819 0.031027
v 0.440453 1.320430 -0.000000
v 0.430120 1.736641 -0.060927
v 0.446200 1.319240 -0.029644
v 0.455973 1.404433 0.057397
v 0.446200 1.319240 0.029644
v 0.437952 1.225759 -0.000000
v 0.465895 1.487348 0.077878
v 0.462263 1.315914 0.054838
v 0.468032 1.572348 0.085844
v 0.481698 1.403855 0.074906
v 0.496889 1.492533 0.084392
v 0.457128 1.657369 0.079480
v 0.497975 1.583498 0.079216
v 0.430120 1.736641 0.060927
v 0.480521 1.671541 0.060900
v 0.523456 1.592980 0.060699
v 0.527911 1.497725 0.077878
v 0.511976 1.403177 0.081171
v 0.486454 1.310905 0.071567
v 0.542257 1.402500 0.074906
v 0.514917 1.305012 0.077553
v 0.554287 1.502140 0.059674
v 0.543380 1.299118 0.071567
v 0.567993 1.401924 0.057397
v 0.571802 1.505072 0.032258
v 0.585083 1.401542 0.031027
v 0.567571 1.294109 0.054838
v 0.540377 1.599278 0.032812
v 0.591199 1.401405 -0.000000
v 0.496058 1.680951 0.032921
v 0.578070 1.506121 -0.000000
v 0.546432 1.601531 -0.000000
v 0.443784 1.748683 0.032936
v 0.501619 1.684319 -0.000000
v 0.378577 1.809368 0.032938
v 0.448673 1.752992 -0.000000
v 0.382609 1.814465 -0.000000
v 0.443784 1.748683 -0.032936
v 0.496058 1.680951 -0.032921
v 0.540377 1.599278 -0.032812
v 0.378577 1.809368 -0.032938
v 0.480521 1.671541 -0.060900
v 0.299158 1.874166 -0.000000
v 0.296181 1.868412 -0.032976
v 0.206981 1.923164 -0.000000
v 0.296181 1.868412 0.032976
v 0.205125 1.916950 0.033245
v 0.287861 1.852320 0.061026
v 0.199943 1.899503 0.061688
v 0.275326 1.828056 0.079707
v 0.192146 1.873052 0.080942
v 0.182970 1.841574 0.088285
v 0.173792 1.809594 0.082075
v 0.110618 1.900064 0.084526
v 0.106902 1.866012 0.093181
v 0.103279 1.830637 0.087468
v 0.100255 1.799793 0.068047
v 0.039529 1.877125 0.103188
v -0.015790 1.879981 0.119858
v -0.006094 1.834578 0.113854
v 0.041983 1.837506 0.097736
v 0.334796 -0.211165 -0.331604
v 0.459575 0.052429 -0.261423
v 0.476475 0.165975 -0.141522
v 0.529002 0.077974 -0.141272
v 0.410964 0.238077 -0.133964
v 0.338530 0.293884 -0.120712
v 0.357104 0.300981 -0.000000
v 0.432266 0.246958 -0.000000
v 0.499477 0.175434 -0.000000
v 0.410964 0.238077 0.133964
v 0.338530 0.293884 0.120712
v 0.476475 0.165975 0.141522
v 0.552312 0.086738 -0.000000
v 0.529002 0.077974 0.141272
v 0.586067 -0.005572 0.000000
v 0.564309 -0.013670 -0.134944
v 0.564309 -0.013670 0.134944
v 0.598735 -0.091467 0.000000
v 0.499881 -0.037368 -0.249972
v 0.580485 -0.099958 -0.124790
v 0.526545 -0.124794 -0.231724
v 0.440427 -0.163956 -0.304323
v 0.583061 -0.196745 -0.111312
v 0.597367 -0.188247 0.000000
v 0.540836 -0.221458 -0.207395
v 0.473399 -0.260215 -0.273895
v 0.580485 -0.099958 0.124790
v 0.499881 -0.037368 0.249972
v 0.578027 -0.317805 -0.094836
v 0.544585 -0.336979 -0.177322
v 0.538747 -0.455276 -0.143871
v 0.491551 -0.366618 -0.235553
v 0.390082 -0.306869 -0.299961
v 0.302906 -0.354016 -0.278524
v 0.426255 -0.402032 -0.259396
v 0.496523 -0.472696 -0.192067
v 0.228022 -0.393199 -0.214128
v 0.357932 -0.437591 -0.241822
v 0.298539 -0.466580 -0.186441
v 0.259243 -0.483489 -0.101105
v 0.345199 -0.529141 -0.153917
v 0.445157 -0.493164 -0.212553
v 0.391912 -0.513361 -0.198974
v 0.313106 -0.537329 -0.083622
v 0.374182 -0.594858 -0.118956
v 0.491227 -0.567573 -0.147138
v 0.451455 -0.577888 -0.163270
v 0.410416 -0.587716 -0.153317
v 0.447700 -0.657059 -0.116854
v 0.416844 -0.661296 -0.109895
v 0.389550 -0.664050 -0.085439
v 0.414127 -0.732989 -0.073396
v 0.348736 -0.597811 -0.064741
v 0.370324 -0.664755 -0.046557
v 0.394710 -0.733771 -0.057004
v 0.405500 -0.800417 -0.045398
v 0.381185 -0.733382 -0.031082
v 0.392561 -0.801645 -0.034846
v 0.383971 -0.799728 -0.019139
v 0.396336 -0.851415 -0.028159
v 0.382511 -0.850639 -0.011824
v 0.387001 -0.863234 -0.018514
v -0.270210 -1.298912 0.000000
v -0.266284 -1.631710 0.000000
v -0.285578 -1.299116 -0.037106
v -0.285578 -1.299116 0.037106
v -0.281477 -1.634041 -0.037106
v -0.322681 -1.299610 -0.052476
v -0.281477 -1.634041 0.037106
v -0.322681 -1.299610 0.052475
v -0.212718 -1.980788 0.000000
v -0.227910 -1.983119 -0.037106
v -0.227910 -1.983119 0.037106
v -0.264587 -1.988747 -0.052476
v -0.264587 -1.988747 0.052475
v -0.318153 -1.639669 -0.052476
v -0.301263 -1.994375 -0.037106
v -0.318153 -1.639669 0.052475
v -0.301263 -1.994375 0.037106
v -0.359783 -1.300104 -0.037106
v -0.320559 -0.958511 -0.037106
v -0.354830 -1.645297 -0.037106
v -0.375151 -1.300308 0.000000
v -0.370021 -1.647628 0.000000
v -0.316454 -1.996706 0.000000
v -0.354830 -1.645297 0.037106
v -0.359783 -1.300104 0.037106
v -0.320559 -0.958511 0.037106
v 0.550551 1.061598 -0.000000
v 0.576717 1.173766 -0.000000
v 0.545491 1.064123 0.028494
v 0.504016 0.963308 0.028979
v 0.571362 1.175772 -0.028725
v 0.589381 1.289594 -0.000000
v 0.545491 1.064123 -0.028494
v 0.583633 1.290784 -0.029644
v 0.531344 1.071182 -0.052641
v 0.556395 1.181380 -0.053129
v 0.567571 1.294109 -0.054838
v 0.585083 1.401542 -0.031027
v 0.571802 1.505072 -0.032258
v 0.523456 1.592980 -0.060699
v 0.554287 1.502140 -0.059674
v 0.527911 1.497725 -0.077878
v 0.567993 1.401924 -0.057397
v 0.542257 1.402500 -0.074906
v 0.511976 1.403177 -0.081171
v 0.514917 1.305012 -0.077553
v 0.543380 1.299118 -0.071567
v 0.507334 1.199762 -0.075093
v 0.480813 1.209699 -0.069279
v 0.533855 1.189825 -0.069317
v 0.459908 1.106829 -0.068240
v 0.438604 1.117459 -0.052200
v 0.484974 1.094321 -0.074100
v 0.510040 1.081813 -0.068543
v 0.399080 1.020292 -0.051999
v 0.385192 1.027834 -0.028021
v 0.419995 1.008935 -0.068242
v 0.444604 0.995571 -0.074440
v 0.469213 0.982207 -0.069200
v 0.490128 0.970850 -0.053393
v 0.418538 0.892941 -0.070595
v 0.504016 0.963308 -0.028979
v 0.440286 0.882515 -0.054768
v 0.508985 0.960610 -0.000000
v 0.454727 0.875593 -0.029816
v 0.389931 0.805696 -0.056333
v 0.454727 0.875593 0.029816
v 0.440286 0.882515 0.054768
v 0.459894 0.873116 -0.000000
v 0.405702 0.800331 -0.030740
v 0.389931 0.805696 0.056333
v 0.418538 0.892941 0.070595
v 0.405701 0.800331 0.030740
v 0.411345 0.798411 -0.000000
v 0.366180 0.813777 0.072292
v 0.392948 0.905209 0.075453
v 0.339630 0.734655 0.059053
v 0.356380 0.730444 0.032279
v 0.338235 0.823288 0.076781
v 0.367359 0.917476 0.068685
v 0.314407 0.741004 0.075535
v 0.288962 0.663993 0.064074
v 0.310294 0.832803 0.069288
v 0.345610 0.927902 0.051989
v 0.284743 0.748494 0.079804
v 0.264024 0.670887 0.081775
v 0.286548 0.840892 0.051963
v 0.255102 0.756016 0.071431
v 0.270781 0.846263 0.027736
v 0.234728 0.679062 0.086096
v 0.229919 0.762426 0.053084
v 0.213200 0.766685 0.028175
v 0.205521 0.687341 0.076652
v 0.164328 0.699157 0.029940
v 0.215868 0.603083 0.091620
v 0.180753 0.694434 0.056622
v 0.186314 0.612810 0.096265
v 0.157059 0.622755 0.085437
v 0.241079 0.594905 0.071880
v 0.171772 0.538069 0.106184
v 0.200327 0.529974 0.083322
v 0.305516 0.659421 0.035063
v 0.257733 0.589451 0.039361
v 0.362374 0.728938 -0.000000
v 0.311435 0.657784 -0.000000
v 0.356380 0.730444 -0.032279
v 0.305516 0.659421 -0.035063
v 0.263654 0.587485 -0.000000
v 0.257733 0.589450 -0.039361
v 0.339630 0.734655 -0.059053
v 0.288962 0.663993 -0.064074
v 0.241079 0.594905 -0.071881
v 0.366179 0.813777 -0.072292
v 0.314407 0.741003 -0.075535
v 0.264024 0.670887 -0.081775
v 0.392948 0.905209 -0.075453
v 0.338235 0.823288 -0.076781
v 0.367359 0.917476 -0.068685
v 0.284743 0.748494 -0.079804
v 0.310294 0.832803 -0.069288
v 0.345610 0.927902 -0.051989
v 0.132420 0.631347 0.062887
v 0.105805 0.557747 0.098866
v 0.138405 0.547725 0.111511
v 0.097189 0.482893 0.136363
v 0.058445 0.490088 0.121434
v 0.137530 0.476238 0.129448
v 0.172246 0.470727 0.101362
v 0.162791 0.417862 0.128104
v 0.119548 0.417563 0.164318
v 0.069603 0.417447 0.174212
v 0.022433 0.418058 0.156576
v 0.122735 0.360426 0.206511
v 0.058320 0.349616 0.220557
v -0.002307 0.339671 0.200053
v -0.050716 0.331932 0.150696
v 0.064250 0.277837 0.269098
v 0.178379 0.369818 0.160091
v 0.213758 0.375694 0.087103
v 0.149317 0.302557 0.250229
v 0.267542 0.337064 0.104553
v 0.282774 0.341631 -0.000000
v 0.222007 0.323653 0.192819
v 0.282523 0.273158 0.223147
v 0.192279 0.240661 0.290795
v 0.085513 0.202298 0.314212
v -0.016701 0.254017 0.245845
v -0.017575 0.164734 0.288490
v -0.081831 0.234577 0.186442
v -0.122285 0.222279 0.100169
v -0.101342 0.133647 0.219794
v -0.153568 0.113744 0.118407
v -0.171156 0.106861 -0.000000
v -0.001629 0.076466 0.322468
v -0.100873 0.036987 0.246446
v -0.162770 0.011633 0.133011
v -0.078510 -0.049309 0.261462
v 0.496889 1.492533 -0.084392
v 0.497975 1.583497 -0.079216
v 0.481698 1.403855 -0.074906
v 0.462263 1.315914 -0.054838
v 0.486454 1.310905 -0.071567
v 0.443307 1.223752 -0.028687
v 0.458273 1.218145 -0.053074
v 0.419397 1.127043 -0.000000
v 0.424459 1.124518 -0.028191
v 0.443307 1.223752 0.028687
v 0.458273 1.218145 0.053074
v 0.424459 1.124518 0.028191
v 0.380223 1.030532 -0.000000
v 0.480813 1.209699 0.069279
v 0.438604 1.117459 0.052200
v 0.385192 1.027834 0.028020
v 0.326002 0.937302 -0.000000
v 0.507334 1.199762 0.075093
v 0.459908 1.106829 0.068240
v 0.399080 1.020292 0.051999
v 0.331169 0.934825 0.027906
v 0.533855 1.189825 0.069317
v 0.484974 1.094321 0.074100
v 0.419995 1.008935 0.068242
v 0.444604 0.995571 0.074440
v 0.510040 1.081813 0.068543
v 0.556395 1.181380 0.053129
v 0.469213 0.982207 0.069200
v 0.583633 1.290784 0.029644
v 0.531344 1.071182 0.052641
v 0.571362 1.175772 0.028725
v 0.490128 0.970850 0.053393
v 0.331169 0.934825 -0.027906
v 0.265139 0.848185 -0.000000
v 0.270781 0.846263 -0.027736
v 0.207218 0.768209 -0.000000
v 0.286548 0.840892 -0.051963
v 0.213200 0.766685 -0.028175
v 0.158455 0.700849 -0.000000
v 0.255102 0.756016 -0.071431
v 0.229919 0.762426 -0.053084
v 0.164328 0.699157 -0.029940
v 0.110426 0.639194 -0.000000
v 0.116193 0.637114 0.033178
v 0.116193 0.637114 -0.033178
v 0.054984 0.574741 -0.000000
v 0.061144 0.572543 0.038312
v 0.180753 0.694434 -0.056622
v 0.061144 0.572543 -0.038312
v -0.000251 0.503026 -0.000000
v 0.132420 0.631347 -0.062887
v 0.205521 0.687341 -0.076652
v 0.157059 0.622755 -0.085437
v 0.078716 0.566538 -0.072678
v 0.105805 0.557747 -0.098866
v 0.006682 0.501276 -0.047434
v 0.234729 0.679062 -0.086096
v 0.186314 0.612811 -0.096265
v 0.215868 0.603083 -0.091620
v 0.200327 0.529974 -0.083322
v 0.171772 0.538069 -0.106184
v 0.138406 0.547726 -0.111511
v 0.218994 0.524491 -0.045630
v 0.225552 0.522483 -0.000000
v 0.218994 0.524491 0.045630
v 0.202532 0.465412 -0.000000
v 0.194727 0.466873 -0.055448
v 0.194727 0.466873 0.055448
v 0.200162 0.417686 -0.000000
v 0.172246 0.470727 -0.101362
v 0.190598 0.417810 -0.069915
v 0.190598 0.417810 0.069915
v 0.225774 0.377649 -0.000000
v 0.162791 0.417862 -0.128104
v 0.137530 0.476238 -0.129448
v 0.213758 0.375694 -0.087103
v 0.097189 0.482893 -0.136363
v 0.119548 0.417563 -0.164318
v 0.122735 0.360426 -0.206511
v 0.058445 0.490088 -0.121434
v 0.069603 0.417447 -0.174212
v 0.026809 0.496637 -0.089706
v 0.022433 0.418058 -0.156576
v 0.058320 0.349616 -0.220557
v 0.178379 0.369818 -0.160091
v 0.064251 0.277837 -0.269098
v 0.267542 0.337064 -0.104553
v 0.149317 0.302557 -0.250229
v 0.222007 0.323653 -0.192819
v -0.002307 0.339671 -0.200053
v 0.085513 0.202297 -0.314212
v 0.192279 0.240661 -0.290795
v 0.282523 0.273158 -0.223147
v -0.016701 0.254017 -0.245845
v -0.017575 0.164734 -0.288490
v -0.081831 0.234577 -0.186442
v -0.101342 0.133647 -0.219794
v -0.001629 0.076466 -0.322468
v -0.050716 0.331932 -0.150696
v -0.122283 0.222279 -0.100169
v -0.015433 0.419161 -0.116843
v -0.080691 0.327290 -0.080644
v -0.039077 0.420291 -0.062173
v -0.047079 0.420817 -0.000000
v -0.090749 0.325782 -0.000000
v -0.135883 0.218070 -0.000000
v 0.006682 0.501276 0.047434
v -0.039077 0.420291 0.062173
v -0.080691 0.327290 0.080644
v 0.078716 0.566538 0.072678
v 0.026809 0.496637 0.089706
v -0.015433 0.419161 0.116843
v 0.099873 0.017430 0.037106
v -0.048948 -0.311136 0.037106
v 0.114063 0.011525 -0.000000
v 0.065615 0.031687 0.052475
v -0.083205 -0.296879 0.052475
v 0.031357 0.045943 0.037106
v -0.034758 -0.317041 0.000000
v -0.186386 -0.686428 0.037106
v -0.048948 -0.311136 -0.037106
v 0.099873 0.017430 -0.037106
v 0.065615 0.031687 -0.052476
v -0.083205 -0.296879 -0.052476
v 0.031357 0.045943 -0.037106
v -0.186386 -0.686428 -0.037106
v -0.171230 -0.688976 0.000000
v -0.247373 -0.970812 0.037106
v -0.222979 -0.680278 -0.052476
v -0.117463 -0.282623 -0.037106
v -0.131653 -0.276717 0.000000
v 0.017167 0.051849 -0.000000
v -0.247373 -0.970812 -0.037106
v -0.232217 -0.973360 0.000000
v -0.117463 -0.282623 0.037106
v -0.274729 -0.671579 0.000000
v -0.222979 -0.680278 0.052475
v -0.259572 -0.674127 0.037106
v -0.283965 -0.964662 0.052475
v -0.335716 -0.955964 0.000000
v -0.259572 -0.674127 -0.037106
v -0.283965 -0.964662 -0.052476
v 0.044234 1.802536 0.076606
v 0.045738 1.778896 0.041943
v 0.002627 1.794334 0.089468
v 0.008521 1.767037 0.049055
v -0.051120 1.815813 0.134957
v -0.034862 1.768724 0.105722
v -0.023811 1.736749 0.057869
v -0.063107 1.684400 0.067457
v -0.079585 1.721913 0.123720
v -0.132135 1.671275 0.140227
v -0.103784 1.777233 0.159051
v -0.129735 1.840503 0.169536
v -0.162692 1.733507 0.181493
v -0.195511 1.805400 0.194973
v -0.261079 1.775479 0.212898
v -0.223911 1.699543 0.197271
v -0.190260 1.634373 0.151768
v -0.285450 1.672540 0.202544
v -0.251063 1.608339 0.155483
v -0.227439 1.565601 0.084140
v -0.311222 1.586890 0.149707
v -0.345259 1.646992 0.195130
v -0.366320 1.570491 0.136911
v -0.384805 1.717558 0.211147
v -0.399133 1.624264 0.178299
v -0.437472 1.687288 0.192740
v -0.413268 1.560337 0.120309
v -0.455344 1.553785 0.101950
v -0.444011 1.606434 0.156310
v -0.483552 1.591558 0.131927
v -0.479874 1.660229 0.168520
v -0.516259 1.635314 0.141591
v 0.224918 1.729614 -0.033335
v 0.160941 1.763671 -0.034378
v 0.278338 1.681760 -0.000000
v 0.221997 1.723693 -0.000000
v 0.098267 1.779049 -0.037103
v 0.159145 1.757038 -0.000000
v 0.046271 1.770345 -0.000000
v 0.097561 1.771564 -0.000000
v 0.098267 1.779049 0.037103
v 0.160941 1.763671 0.034378
v 0.224918 1.729614 0.033335
v 0.282272 1.686958 0.033149
v 0.166028 1.782090 0.063336
v 0.233171 1.746056 0.061547
v 0.245733 1.770644 0.080065
v 0.293395 1.701403 0.061239
v 0.310342 1.723028 0.079740
v 0.327538 1.645487 0.033063
v 0.340831 1.657582 0.061112
v -0.111262 1.629259 0.076168
v -0.057162 1.670758 -0.000000
v -0.103707 1.614018 -0.000000
v -0.158689 1.574952 -0.000000
v -0.111262 1.629259 -0.076168
v -0.167147 1.590699 -0.082234
v -0.167147 1.590699 0.082234
v -0.218738 1.550280 -0.000000
v -0.227439 1.565601 -0.084140
v -0.190260 1.634373 -0.151768
v -0.279633 1.532669 -0.000000
v -0.251063 1.608339 -0.155483
v -0.288090 1.546959 -0.080986
v -0.311222 1.586890 -0.149707
v -0.344305 1.534708 -0.074099
v -0.366320 1.570491 -0.136911
v -0.392718 1.529566 -0.065202
v -0.436424 1.528455 -0.055378
v -0.413268 1.560337 -0.120309
vn -0.2707 -0.5612 -0.7821
vn -0.2318 -0.5419 -0.8079
vn -0.1330 -0.7945 -0.5925
vn -0.0001 -0.9441 0.3297
vn -0.0148 -0.9999 0.0005
vn 0.0312 -0.9995 0.0005
vn -0.0440 -0.9474 0.3171
vn 0.1006 -0.9297 0.3542
vn 0.1327 -0.9912 0.0004
vn 0.2078 -0.9035 0.3748
vn -0.4035 -0.2523 -0.8795
vn -0.4387 -0.2817 -0.8533
vn -0.6101 0.0006 -0.7923
vn -0.3119 -0.1802 -0.9329
vn -0.1381 -0.4916 -0.8598
vn -0.5765 0.0387 -0.8162
vn -0.7574 0.2400 -0.6073
vn -0.1798 -0.0923 -0.9794
vn -0.0127 -0.4265 -0.9044
vn -0.4875 0.1329 -0.8630
vn -0.7263 0.2861 -0.6251
vn -0.8562 0.3993 -0.3279
vn -0.0176 -0.0004 -0.9998
vn 0.1309 -0.3481 -0.9283
vn -0.3519 0.2410 -0.9045
vn -0.6381 0.3964 -0.6601
vn -0.8258 0.4511 -0.3385
vn -0.8910 0.4540 0.0003
vn 0.1417 0.0768 -0.9869
vn 0.2804 -0.2633 -0.9231
vn -0.4986 0.5226 -0.6916
vn -0.1780 0.3438 -0.9220
vn -0.0099 0.4141 -0.9102
vn 0.4004 -0.1860 -0.8973
vn 0.5392 -0.4640 -0.7028
vn 0.0978 0.4480 -0.8887
vn 0.6302 -0.3893 -0.6718
vn 0.7504 -0.5524 -0.3630
vn 0.2491 0.1276 -0.9600
vn 0.4698 -0.1382 -0.8719
vn 0.7346 -0.5787 -0.3542
vn 0.7746 -0.6324 0.0005
vn 0.6263 -0.4088 -0.6639
vn 0.3086 0.1627 -0.9372
vn 0.4816 -0.1401 -0.8651
vn 0.5315 -0.7567 -0.3806
vn 0.3437 0.1803 -0.9216
vn 0.4777 -0.5319 -0.6991
vn 0.4025 -0.2075 -0.8916
vn 0.5520 -0.8338 0.0005
vn 0.2110 -0.6581 -0.7227
vn 0.2226 -0.3032 -0.9266
vn 0.1945 -0.8998 -0.3905
vn 0.0429 -0.3461 -0.9372
vn -0.0294 -0.6894 -0.7237
vn 0.2275 0.0905 -0.9696
vn 0.1162 0.0455 -0.9922
vn 0.3283 0.1540 -0.9319
vn 0.1787 0.4159 -0.8917
vn 0.2246 0.4540 -0.8622
vn 0.2638 0.4912 -0.8302
vn 0.2267 0.4992 -0.8363
vn 0.1621 0.4764 -0.8641
vn 0.1386 0.7636 -0.6306
vn 0.0439 0.7491 -0.6610
vn -0.0343 0.7298 -0.6828
vn -0.0354 0.9330 -0.3582
vn 0.2158 0.7568 -0.6170
vn 0.0830 0.9373 -0.3384
vn 0.2208 0.7364 -0.6395
vn 0.1865 0.9255 -0.3296
vn 0.2266 0.7109 -0.6658
vn 0.2179 0.9146 -0.3407
vn 0.0644 0.9979 0.0005
vn 0.1757 0.9844 0.0005
vn -0.0626 0.9980 0.0006
vn 0.1865 0.9255 0.3296
vn 0.0830 0.9373 0.3384
vn -0.0354 0.9330 0.3582
vn -0.1555 0.9878 0.0005
vn -0.1241 0.9208 -0.3697
vn -0.1447 0.7023 -0.6970
vn -0.2356 0.8959 -0.3766
vn -0.3177 0.6349 -0.7042
vn -0.4103 0.8288 -0.3804
vn -0.2668 0.9638 0.0004
vn -0.2355 0.8961 0.3763
vn -0.5970 0.7099 -0.3737
vn -0.4427 0.8966 0.0005
vn -0.7384 0.5722 -0.3569
vn -0.6313 0.7755 0.0005
vn -0.4103 0.8288 0.3804
vn -0.5970 0.7099 0.3737
vn -0.7737 0.6336 0.0005
vn -0.8616 0.5076 0.0005
vn -0.7384 0.5722 0.3569
vn -0.8258 0.4511 0.3385
vn -0.8562 0.3993 0.3279
vn -0.4986 0.5228 0.6915
vn -0.6379 0.3968 0.6601
vn -0.7263 0.2861 0.6251
vn -0.7574 0.2400 0.6073
vn -0.3177 0.6349 0.7042
vn -0.5765 0.0388 0.8162
vn -0.6101 0.0006 0.7923
vn -0.4875 0.1326 0.8630
vn -0.3520 0.2410 0.9045
vn -0.1780 0.3437 0.9221
vn -0.1447 0.7021 0.6972
vn -0.0176 -0.0004 0.9998
vn -0.1241 0.9208 0.3698
vn -0.0343 0.7298 0.6828
vn -0.0099 0.4140 0.9102
vn 0.0977 0.4480 0.8887
vn 0.0439 0.7491 0.6610
vn 0.1386 0.7636 0.6306
vn 0.1621 0.4764 0.8641
vn 0.2158 0.7568 0.6170
vn 0.2267 0.4992 0.8363
vn 0.3437 0.1803 0.9216
vn 0.2638 0.4912 0.8302
vn 0.2208 0.7364 0.6395
vn 0.2179 0.9146 0.3407
vn 0.2246 0.4540 0.8622
vn 0.2167 0.9762 0.0005
vn 0.2266 0.7109 0.6658
vn 0.2560 0.8987 0.3562
vn 0.2560 0.8987 -0.3561
vn 0.2665 0.9638 0.0004
vn 0.2989 0.6680 -0.6815
vn 0.3692 0.8546 -0.3651
vn 0.1904 0.3777 -0.9061
vn 0.3858 0.6121 -0.6903
vn 0.0527 0.0211 -0.9984
vn 0.2217 0.3396 -0.9141
vn -0.0949 -0.3453 -0.9337
vn 0.4563 0.5565 -0.6943
vn 0.0195 0.0094 -0.9998
vn 0.2540 0.3074 -0.9171
vn -0.1897 -0.3239 -0.9269
vn -0.2276 -0.6596 -0.7163
vn 0.0087 0.0075 -0.9999
vn 0.0090 0.0072 -0.9999
vn -0.3713 -0.6033 -0.7058
vn -0.2404 -0.2944 -0.9250
vn -0.2784 -0.2594 -0.9248
vn -0.4523 -0.5492 -0.7027
vn -0.5195 -0.4876 -0.7017
vn 0.2940 0.2684 -0.9173
vn -0.3165 -0.2173 -0.9234
vn -0.5885 -0.4070 -0.6986
vn -0.6742 -0.6371 -0.3736
vn -0.5902 -0.7145 -0.3756
vn 0.0098 0.0036 -0.9999
vn -0.0060 -0.4694 -0.8829
vn 0.0458 -0.3747 -0.9260
vn 0.4260 -0.4441 -0.7882
vn -0.9995 -0.0315 0.0004
vn -0.9911 -0.1333 0.0005
vn -0.9436 -0.0531 0.3267
vn 0.6169 -0.5724 -0.5402
vn -0.2492 -0.9685 0.0006
vn 0.4639 -0.4341 -0.7722
vn 0.0918 -0.4399 -0.8933
vn 0.5081 -0.4499 -0.7344
vn 0.7137 -0.4456 -0.5405
vn -0.9445 -0.0609 0.3228
vn -0.9915 -0.1303 0.0005
vn -0.7629 -0.1381 0.6315
vn -0.9378 -0.1575 0.3093
vn -0.9637 -0.2671 0.0004
vn -0.9110 -0.2916 0.2917
vn -0.7571 -0.2394 0.6079
vn -0.7299 -0.2466 0.6375
vn -0.7289 -0.3657 0.5788
vn -0.4231 -0.2466 0.8719
vn -0.4162 -0.2651 0.8698
vn -0.0060 -0.4694 0.8830
vn 0.0458 -0.3747 0.9260
vn -0.3989 -0.3562 0.8450
vn 0.4260 -0.4441 0.7882
vn 0.6169 -0.5724 0.5402
vn 0.8078 -0.5894 0.0005
vn 0.8247 -0.4909 -0.2809
vn 0.8247 -0.4909 0.2809
vn 0.7137 -0.4456 0.5404
vn 0.8951 -0.4459 0.0005
vn 0.8528 -0.4458 0.2721
vn 0.8528 -0.4458 -0.2721
vn 0.9174 -0.3981 0.0005
vn 0.8777 -0.4060 0.2546
vn 0.8777 -0.4060 -0.2546
vn 0.9438 -0.3306 0.0005
vn 0.7521 -0.4263 -0.5026
vn 0.9076 -0.3453 -0.2389
vn 0.7922 -0.3853 -0.4733
vn 0.5586 -0.4438 -0.7008
vn 0.8294 -0.3130 -0.4627
vn 0.9377 -0.2612 -0.2291
vn 0.9585 -0.1694 -0.2292
vn 0.9699 -0.2436 0.0005
vn 0.9883 -0.1527 0.0005
vn 0.9963 -0.0854 0.0006
vn 0.9076 -0.3453 0.2389
vn 0.9377 -0.2612 0.2291
vn 0.9586 -0.1695 0.2290
vn 0.7521 -0.4263 0.5026
vn 0.7922 -0.3853 0.4733
vn 0.8294 -0.3130 0.4627
vn 0.5081 -0.4499 0.7345
vn 0.5586 -0.4438 0.7008
vn 0.8540 -0.2222 0.4705
vn 0.4639 -0.4341 0.7722
vn 0.0918 -0.4399 0.8933
vn 0.1445 -0.4889 0.8603
vn -0.3607 -0.4558 0.8137
vn -0.2990 -0.5298 0.7937
vn 0.1964 -0.4910 0.8488
vn 0.6036 -0.3960 0.6920
vn 0.2344 -0.4419 0.8659
vn -0.2268 -0.5544 0.8008
vn 0.6288 -0.3138 0.7114
vn -0.1858 -0.5253 0.8304
vn 0.2334 -0.3628 0.9022
vn 0.6174 -0.2221 0.7547
vn -0.6638 -0.5008 0.5556
vn -0.5601 -0.6162 0.5537
vn -0.1964 -0.4692 0.8610
vn 0.1847 -0.2809 0.9418
vn -0.4796 -0.6605 0.5777
vn -0.7212 -0.6395 0.2663
vn -0.8440 -0.4604 0.2750
vn -0.8946 -0.4468 0.0004
vn -0.7631 -0.6462 0.0005
vn -0.6489 -0.7609 0.0004
vn -0.6164 -0.7378 0.2750
vn -0.4662 -0.6405 0.6103
vn -0.6019 -0.7419 0.2955
vn -0.6369 -0.7710 0.0005
vn -0.6019 -0.7419 -0.2955
vn -0.6241 -0.7163 -0.3121
vn -0.6632 -0.7485 0.0005
vn -0.6241 -0.7163 0.3121
vn -0.6527 -0.6853 0.3230
vn -0.4828 -0.6065 0.6317
vn -0.5052 -0.5729 0.6454
vn -0.5762 -0.4655 0.6718
vn -0.2268 -0.4235 0.8770
vn -0.2522 -0.3853 0.8876
vn -0.3020 -0.2867 0.9092
vn -0.3910 -0.0874 0.9162
vn 0.1181 -0.2192 0.9685
vn 0.0712 -0.1693 0.9830
vn 0.0263 -0.0736 0.9969
vn -0.0450 0.0973 0.9942
vn -0.1202 0.2810 0.9522
vn 0.2110 0.4552 0.8650
vn 0.2909 0.2936 0.9106
vn 0.4718 0.6152 0.6317
vn 0.5735 0.4618 0.6766
vn 0.3643 0.1334 0.9217
vn 0.6597 0.3007 0.6887
vn 0.4201 0.0270 0.9071
vn 0.4865 -0.0531 0.8720
vn 0.7819 0.0397 0.6222
vn 0.8293 -0.0610 0.5554
vn 0.5634 -0.1352 0.8150
vn 0.8550 -0.1382 0.4999
vn 0.9660 -0.0971 0.2398
vn 0.9629 -0.0357 0.2674
vn -0.9996 -0.0287 0.0005
vn -0.9380 0.2096 -0.2761
vn -0.9472 -0.0150 -0.3202
vn -0.7698 0.0358 -0.6373
vn -0.8822 -0.3159 0.3492
vn -0.9399 -0.3414 0.0005
vn -0.6930 -0.2320 -0.6826
vn -0.8822 -0.3159 -0.3492
vn -0.3910 -0.0874 -0.9162
vn -0.5762 -0.4655 -0.6718
vn -0.7449 -0.5731 -0.3416
vn -0.7449 -0.5731 0.3416
vn -0.7962 -0.6050 0.0006
vn -0.6528 -0.6853 -0.3229
vn -0.6951 -0.7189 0.0005
vn -0.5052 -0.5729 -0.6454
vn -0.3020 -0.2867 -0.9092
vn -0.4829 -0.6063 -0.6318
vn -0.0450 0.0973 -0.9942
vn -0.1202 0.2810 -0.9521
vn 0.2110 0.4552 -0.8650
vn -0.2522 -0.3853 -0.8876
vn 0.0263 -0.0736 -0.9969
vn 0.2909 0.2936 -0.9106
vn 0.4718 0.6152 -0.6317
vn 0.0712 -0.1693 -0.9830
vn 0.3643 0.1334 -0.9217
vn -0.2268 -0.4235 -0.8770
vn 0.4201 0.0270 -0.9071
vn 0.5734 0.4617 -0.6768
vn 0.0087 0.0075 0.9999
vn -0.2785 -0.2593 0.9248
vn 0.0090 0.0072 0.9999
vn 0.2540 0.3074 0.9171
vn 0.0195 0.0094 0.9998
vn -0.3165 -0.2173 0.9234
vn -0.5884 -0.4069 0.6987
vn -0.6427 -0.3154 0.6982
vn -0.7631 -0.5300 0.3698
vn 0.0095 0.0035 0.9999
vn 0.2941 0.2684 0.9173
vn -0.3450 -0.1726 0.9226
vn -0.8347 -0.4080 0.3699
vn 0.4563 0.5565 0.6943
vn -0.6817 -0.2172 0.6987
vn -0.8204 -0.5718 0.0004
vn -0.7263 -0.6874 -0.0000
vn -0.8860 -0.2758 0.3727
vn -0.7632 -0.5299 -0.3698
vn -0.8984 -0.4392 0.0005
vn -0.8347 -0.4078 -0.3700
vn -0.6427 -0.3154 -0.6982
vn -0.3450 -0.1726 -0.9226
vn -0.6817 -0.2172 -0.6987
vn -0.8859 -0.2760 -0.3729
vn -0.9550 -0.2966 0.0006
vn -0.7073 -0.1186 -0.6969
vn -0.3656 -0.1265 -0.9221
vn 0.0127 -0.0054 -0.9999
vn -0.9167 -0.1460 -0.3718
vn -0.9876 -0.1567 0.0004
vn 0.3341 0.2175 -0.9171
vn -0.9167 -0.1460 0.3719
vn -0.9995 -0.0327 0.0003
vn 0.5311 0.4850 -0.6948
vn -0.9282 -0.0309 -0.3707
vn -0.7073 -0.1185 0.6969
vn -0.9282 -0.0309 0.3707
vn -0.9946 0.1042 0.0005
vn -0.3656 -0.1265 0.9222
vn -0.7193 -0.0268 0.6942
vn 0.0125 -0.0051 0.9999
vn -0.3832 -0.0785 0.9203
vn 0.0145 -0.0228 0.9996
vn 0.3341 0.2176 0.9171
vn 0.3673 0.1559 0.9169
vn 0.5312 0.4850 0.6947
vn 0.6028 0.3934 0.6942
vn 0.6616 0.2859 0.6932
vn 0.3921 0.0759 0.9168
vn 0.0079 -0.0350 0.9994
vn -0.3941 -0.0256 0.9187
vn 0.3974 0.0035 0.9176
vn 0.0005 -0.0294 0.9996
vn 0.7043 0.1541 0.6930
vn 0.3947 -0.0385 0.9180
vn 0.7192 0.0320 0.6941
vn 0.9057 0.2038 0.3717
vn 0.9271 0.0484 0.3717
vn 0.7181 -0.0503 0.6941
vn 0.8522 0.3681 0.3718
vn 0.9985 0.0544 0.0005
vn 0.7778 0.5068 0.3718
vn 0.9754 0.2206 0.0006
vn 0.9181 0.3964 0.0003
vn 0.6859 0.6250 0.3727
vn 0.8385 0.5450 0.0005
vn 0.5879 0.7185 0.3716
vn 0.7392 0.6735 0.0005
vn 0.6329 0.7743 0.0003
vn 0.6857 0.6250 -0.3731
vn 0.7778 0.5068 -0.3718
vn 0.8522 0.3681 -0.3718
vn 0.5879 0.7185 -0.3717
vn 0.6028 0.3934 -0.6942
vn 0.5265 0.8502 -0.0000
vn 0.4904 0.7891 -0.3699
vn 0.3926 0.9197 0.0005
vn 0.4904 0.7891 0.3698
vn 0.3692 0.8546 0.3650
vn 0.3858 0.6121 0.6903
vn 0.2990 0.6680 0.6815
vn 0.2217 0.3396 0.9141
vn 0.1904 0.3777 0.9061
vn 0.0527 0.0211 0.9984
vn -0.0949 -0.3453 0.9337
vn 0.1787 0.4159 0.8917
vn 0.1162 0.0455 0.9922
vn 0.0429 -0.3461 0.9372
vn -0.0294 -0.6894 0.7237
vn 0.2275 0.0905 0.9696
vn 0.3283 0.1540 0.9319
vn 0.4025 -0.2075 0.8916
vn 0.2226 -0.3032 0.9266
vn 0.1182 -0.2192 -0.9685
vn 0.6598 0.3007 -0.6887
vn 0.7482 0.5671 -0.3443
vn 0.8460 0.4002 -0.3522
vn 0.6224 0.7160 -0.3162
vn 0.5141 0.8120 -0.2762
vn 0.5430 0.8397 0.0005
vn 0.6655 0.7464 0.0005
vn 0.8011 0.5985 0.0006
vn 0.6224 0.7160 0.3162
vn 0.5141 0.8120 0.2762
vn 0.7482 0.5671 0.3444
vn 0.9026 0.4305 0.0005
vn 0.8460 0.4002 0.3522
vn 0.9673 0.2537 0.0005
vn 0.9106 0.2341 -0.3405
vn 0.9106 0.2341 0.3405
vn 0.9968 0.0797 0.0005
vn 0.7232 0.1638 -0.6710
vn 0.9487 0.0739 -0.3073
vn 0.7819 0.0397 -0.6222
vn 0.4865 -0.0531 -0.8720
vn 0.9629 -0.0357 -0.2674
vn 0.9995 -0.0307 0.0005
vn 0.8293 -0.0610 -0.5554
vn 0.5634 -0.1352 -0.8150
vn 0.9487 0.0739 0.3073
vn 0.7232 0.1638 0.6710
vn 0.9660 -0.0971 -0.2398
vn 0.8550 -0.1382 -0.4999
vn 0.8540 -0.2222 -0.4705
vn 0.6173 -0.2221 -0.7547
vn 0.1847 -0.2809 -0.9418
vn -0.1964 -0.4692 -0.8610
vn 0.2334 -0.3628 -0.9022
vn 0.6288 -0.3138 -0.7114
vn -0.4662 -0.6405 -0.6103
vn -0.1858 -0.5253 -0.8304
vn -0.4796 -0.6605 -0.5777
vn -0.6164 -0.7378 -0.2750
vn -0.5601 -0.6162 -0.5537
vn 0.2345 -0.4419 -0.8659
vn -0.2268 -0.5544 -0.8008
vn -0.7212 -0.6395 -0.2663
vn -0.6638 -0.5008 -0.5556
vn 0.6036 -0.3960 -0.6920
vn 0.1964 -0.4910 -0.8488
vn -0.2990 -0.5298 -0.7937
vn 0.1445 -0.4889 -0.8603
vn -0.3608 -0.4558 -0.8137
vn -0.7289 -0.3657 -0.5788
vn -0.3989 -0.3562 -0.8450
vn -0.8440 -0.4604 -0.2750
vn -0.9110 -0.2916 -0.2917
vn -0.7571 -0.2394 -0.6079
vn -0.4162 -0.2651 -0.8698
vn -0.9378 -0.1575 -0.3092
vn -0.7630 -0.1381 -0.6315
vn -0.9445 -0.0609 -0.3228
vn -0.4231 -0.2465 -0.8719
vn -0.9436 -0.0531 -0.3268
vn -0.7299 -0.2466 -0.6375
vn 0.9986 -0.0532 -0.0000
vn 0.9967 0.0809 -0.0000
vn 0.6987 -0.0364 -0.7145
vn 0.6987 -0.0364 0.7145
vn 0.6959 0.0573 -0.7159
vn -0.0155 0.0016 -0.9999
vn 0.6959 0.0573 0.7158
vn -0.0155 0.0016 0.9999
vn 0.9884 0.1521 0.0006
vn 0.6989 0.1073 -0.7071
vn 0.6989 0.1073 0.7071
vn -0.0000 -0.0000 -1.0000
vn -0.0000 -0.0000 1.0000
vn -0.0165 -0.0004 -0.9999
vn -0.6989 -0.1068 -0.7072
vn -0.0166 -0.0004 0.9999
vn -0.6989 -0.1073 0.7071
vn -0.7144 0.0359 -0.6988
vn -0.7035 0.1155 -0.7012
vn -0.7125 -0.0600 -0.6991
vn -0.9988 0.0486 0.0004
vn -0.9964 -0.0844 0.0005
vn -0.9884 -0.1518 0.0006
vn -0.7124 -0.0600 0.6992
vn -0.7144 0.0359 0.6988
vn -0.7035 0.1155 0.7012
vn 0.9520 -0.3060 0.0006
vn 0.9856 -0.1691 -0.0000
vn 0.8846 -0.2827 0.3709
vn 0.8363 -0.4029 0.3717
vn 0.9154 -0.1567 -0.3709
vn 0.9980 -0.0629 0.0005
vn 0.8846 -0.2827 -0.3709
vn 0.9269 -0.0590 -0.3707
vn 0.6857 -0.2163 -0.6950
vn 0.7103 -0.1225 -0.6932
vn 0.7181 -0.0503 -0.6941
vn 0.9271 0.0488 -0.3717
vn 0.9057 0.2038 -0.3718
vn 0.6616 0.2859 -0.6932
vn 0.7042 0.1540 -0.6931
vn 0.3918 0.0758 -0.9169
vn 0.7190 0.0318 -0.6943
vn 0.3976 0.0036 -0.9176
vn 0.0078 -0.0346 -0.9994
vn 0.0009 -0.0297 -0.9996
vn 0.3947 -0.0385 -0.9180
vn 0.0028 -0.0151 -0.9999
vn -0.3888 0.0358 -0.9206
vn 0.3906 -0.0717 -0.9177
vn -0.3688 0.1078 -0.9232
vn -0.6810 0.1990 -0.7047
vn 0.0038 -0.0023 -1.0000
vn 0.3761 -0.1166 -0.9192
vn -0.6362 0.3113 -0.7059
vn -0.8293 0.4061 -0.3839
vn -0.3499 0.1747 -0.9203
vn -0.0049 0.0104 -0.9999
vn 0.3478 -0.1596 -0.9239
vn 0.6466 -0.3061 -0.6987
vn 0.3233 -0.1820 -0.9286
vn 0.8364 -0.4029 -0.3715
vn 0.6151 -0.3628 -0.7000
vn 0.9001 -0.4357 -0.0000
vn 0.7971 -0.4782 -0.3688
vn 0.6014 -0.3910 -0.6967
vn 0.7971 -0.4782 0.3688
vn 0.6151 -0.3628 0.7000
vn 0.8563 -0.5166 0.0004
vn 0.7748 -0.5182 -0.3622
vn 0.6014 -0.3910 0.6967
vn 0.3233 -0.1820 0.9286
vn 0.7748 -0.5183 0.3621
vn 0.8289 -0.5594 0.0003
vn 0.3117 -0.1851 0.9320
vn -0.0196 0.0250 0.9995
vn 0.6076 -0.3980 0.6873
vn 0.7692 -0.5351 0.3494
vn -0.0323 0.0495 0.9983
vn -0.3429 0.2203 0.9132
vn 0.3174 -0.1684 0.9332
vn 0.6337 -0.3861 0.6704
vn -0.3459 0.2575 0.9022
vn -0.6041 0.3806 0.7002
vn -0.0392 0.0905 0.9951
vn 0.3400 -0.1382 0.9302
vn -0.5903 0.4198 0.6895
vn -0.3556 0.3024 0.8844
vn -0.7556 0.5323 0.3817
vn -0.0362 0.1432 0.9890
vn -0.5901 0.4509 0.6697
vn -0.7485 0.5497 0.3708
vn -0.3635 0.3573 0.8603
vn -0.7409 0.5724 0.3514
vn 0.3730 -0.0902 0.9234
vn -0.5913 0.4902 0.6404
vn -0.0265 0.2067 0.9781
vn -0.3636 0.4208 0.8311
vn 0.6723 -0.3501 0.6523
vn 0.4102 0.0221 0.9117
vn 0.7274 -0.2475 0.6401
vn 0.7817 -0.5281 0.3317
vn 0.8117 -0.4918 0.3150
vn 0.8164 -0.5775 0.0003
vn 0.8216 -0.5701 0.0004
vn 0.7692 -0.5351 -0.3494
vn 0.7817 -0.5281 -0.3317
vn 0.8462 -0.5329 0.0005
vn 0.8117 -0.4918 -0.3150
vn 0.6076 -0.3980 -0.6873
vn 0.6337 -0.3861 -0.6704
vn 0.6723 -0.3501 -0.6523
vn 0.3117 -0.1851 -0.9320
vn 0.3174 -0.1684 -0.9332
vn 0.3400 -0.1382 -0.9302
vn -0.0196 0.0250 -0.9995
vn -0.0323 0.0494 -0.9983
vn -0.3427 0.2201 -0.9133
vn -0.0393 0.0906 -0.9951
vn -0.3459 0.2575 -0.9022
vn -0.6041 0.3806 -0.7002
vn -0.5833 0.5428 0.6042
vn -0.3705 0.4883 0.7901
vn -0.0177 0.3075 0.9514
vn -0.0314 0.4473 0.8938
vn -0.4046 0.5399 0.7381
vn 0.4220 0.2448 0.8729
vn 0.7794 -0.0004 0.6266
vn 0.7102 0.3875 0.5877
vn 0.3486 0.4909 0.7984
vn -0.0871 0.5490 0.8313
vn -0.4644 0.5460 0.6974
vn 0.2316 0.6193 0.7502
vn -0.1525 0.5614 0.8134
vn -0.5152 0.5010 0.6954
vn -0.7591 0.4500 0.4704
vn -0.1819 0.5097 0.8409
vn 0.5188 0.6700 0.5311
vn 0.6692 0.6982 0.2545
vn 0.1631 0.6308 0.7586
vn 0.4970 0.8326 0.2446
vn 0.5166 0.8562 0.0005
vn 0.3956 0.7548 0.5232
vn 0.3958 0.7190 0.5713
vn 0.1611 0.5702 0.8055
vn -0.1691 0.4167 0.8932
vn -0.5335 0.4198 0.7342
vn -0.5188 0.3024 0.7996
vn -0.7826 0.3699 0.5007
vn -0.9069 0.3465 0.2399
vn -0.7905 0.2380 0.5643
vn -0.9380 0.2095 0.2761
vn -0.9792 0.2029 0.0005
vn -0.4721 0.1345 0.8712
vn -0.7698 0.0358 0.6373
vn -0.9472 -0.0150 0.3202
vn -0.6930 -0.2320 0.6826
vn 0.0144 -0.0229 -0.9996
vn 0.3673 0.1559 -0.9169
vn -0.3831 -0.0785 -0.9203
vn -0.7193 -0.0268 -0.6942
vn -0.3941 -0.0256 -0.9187
vn -0.9228 0.0973 -0.3728
vn -0.7128 0.0740 -0.6974
vn -0.9600 0.2801 -0.0000
vn -0.8877 0.2587 -0.3808
vn -0.9228 0.0973 0.3728
vn -0.7128 0.0740 0.6974
vn -0.8877 0.2587 0.3808
vn -0.8979 0.4402 0.0005
vn -0.3888 0.0358 0.9206
vn -0.6810 0.1990 0.7047
vn -0.8292 0.4059 0.3843
vn -0.8454 0.5342 0.0005
vn 0.0028 -0.0151 0.9999
vn -0.3688 0.1078 0.9232
vn -0.6362 0.3114 0.7059
vn -0.7810 0.4922 0.3844
vn 0.3907 -0.0717 0.9177
vn 0.0038 -0.0023 1.0000
vn -0.3499 0.1747 0.9203
vn -0.0049 0.0104 0.9999
vn 0.3761 -0.1166 0.9192
vn 0.7103 -0.1225 0.6932
vn 0.3478 -0.1596 0.9239
vn 0.9268 -0.0590 0.3708
vn 0.6856 -0.2162 0.6951
vn 0.9154 -0.1567 0.3707
vn 0.6466 -0.3061 0.6987
vn -0.7809 0.4922 -0.3846
vn -0.8176 0.5758 0.0005
vn -0.7556 0.5323 -0.3817
vn -0.8091 0.5877 0.0005
vn -0.5903 0.4198 -0.6895
vn -0.7485 0.5497 -0.3708
vn -0.7974 0.6034 0.0005
vn -0.3556 0.3024 -0.8844
vn -0.5901 0.4509 -0.6697
vn -0.7409 0.5724 -0.3514
vn -0.7711 0.6367 0.0005
vn -0.7212 0.6113 0.3259
vn -0.7212 0.6113 -0.3259
vn -0.7262 0.6202 0.2967
vn -0.5913 0.4902 -0.6404
vn -0.7262 0.6202 -0.2966
vn -0.8300 0.5578 0.0005
vn -0.5833 0.5428 -0.6042
vn -0.3635 0.3573 -0.8603
vn -0.3636 0.4208 -0.8311
vn -0.5930 0.5772 -0.5614
vn -0.3705 0.4883 -0.7901
vn -0.7840 0.5607 -0.2664
vn -0.0362 0.1432 -0.9890
vn -0.0264 0.2067 -0.9781
vn 0.3730 -0.0902 -0.9234
vn 0.7274 -0.2475 -0.6401
vn 0.4102 0.0221 -0.9117
vn -0.0177 0.3075 -0.9514
vn 0.8658 -0.3972 -0.3044
vn 0.8985 -0.4390 0.0005
vn 0.8658 -0.3971 0.3044
vn 0.9774 -0.2116 0.0005
vn 0.9406 -0.1635 -0.2975
vn 0.9406 -0.1635 0.2975
vn 0.9657 0.2596 0.0005
vn 0.7794 -0.0004 -0.6266
vn 0.9116 0.2928 -0.2887
vn 0.9116 0.2928 0.2887
vn 0.7063 0.7079 0.0005
vn 0.7103 0.3874 -0.5877
vn 0.4220 0.2448 -0.8729
vn 0.6692 0.6982 -0.2545
vn -0.0314 0.4473 -0.8938
vn 0.3486 0.4909 -0.7984
vn 0.2316 0.6193 -0.7502
vn -0.4046 0.5399 -0.7381
vn -0.0871 0.5490 -0.8313
vn -0.6459 0.5624 -0.5163
vn -0.4644 0.5460 -0.6974
vn -0.1525 0.5614 -0.8134
vn 0.5188 0.6700 -0.5311
vn -0.1818 0.5097 -0.8409
vn 0.4970 0.8326 -0.2446
vn 0.1631 0.6308 -0.7586
vn 0.3956 0.7548 -0.5232
vn -0.5152 0.5010 -0.6954
vn -0.1691 0.4167 -0.8932
vn 0.1611 0.5702 -0.8055
vn 0.3958 0.7190 -0.5713
vn -0.5335 0.4198 -0.7343
vn -0.5188 0.3024 -0.7996
vn -0.7826 0.3699 -0.5007
vn -0.7905 0.2380 -0.5643
vn -0.4721 0.1345 -0.8712
vn -0.7591 0.4500 -0.4704
vn -0.9069 0.3465 -0.2399
vn -0.7133 0.5115 -0.4792
vn -0.8806 0.4159 -0.2272
vn -0.8465 0.4757 -0.2391
vn -0.8871 0.4616 0.0005
vn -0.9151 0.4033 0.0005
vn -0.9402 0.3407 0.0005
vn -0.7840 0.5607 0.2664
vn -0.8465 0.4757 0.2391
vn -0.8806 0.4159 0.2272
vn -0.5931 0.5771 0.5614
vn -0.6459 0.5624 0.5163
vn -0.7132 0.5116 0.4792
vn 0.6477 -0.2934 0.7032
vn 0.6513 -0.2660 0.7106
vn 0.9108 -0.4128 0.0004
vn 0.0069 -0.0031 1.0000
vn -0.0088 0.0035 1.0000
vn -0.6409 0.2899 0.7107
vn 0.9256 -0.3786 0.0004
vn 0.6716 -0.1939 0.7151
vn 0.6514 -0.2660 -0.7106
vn 0.6477 -0.2934 -0.7032
vn 0.0069 -0.0031 -1.0000
vn -0.0088 0.0035 -1.0000
vn -0.6410 0.2898 -0.7108
vn 0.6715 -0.1939 -0.7151
vn 0.9601 -0.2797 0.0005
vn 0.6923 -0.1146 0.7125
vn -0.0159 0.0064 -0.9999
vn -0.6606 0.2683 -0.7012
vn -0.9263 0.3767 0.0005
vn -0.9107 0.4130 0.0005
vn 0.6923 -0.1146 -0.7125
vn 0.9867 -0.1628 -0.0000
vn -0.6606 0.2683 0.7012
vn -0.9617 0.2743 0.0003
vn -0.0159 0.0064 0.9999
vn -0.6881 0.1980 0.6981
vn -0.0115 0.0018 0.9999
vn -0.9868 0.1618 0.0005
vn -0.6880 0.1980 -0.6982
vn -0.0115 0.0018 -0.9999
vn 0.2110 -0.6581 0.7227
vn 0.1945 -0.8998 0.3905
vn 0.4777 -0.5319 0.6991
vn 0.5315 -0.7567 0.3806
vn 0.4816 -0.1401 0.8651
vn 0.6263 -0.4088 0.6639
vn 0.7346 -0.5788 0.3541
vn 0.7504 -0.5524 0.3630
vn 0.6302 -0.3892 0.6718
vn 0.5391 -0.4643 0.7027
vn 0.4699 -0.1380 0.8719
vn 0.3083 0.1624 0.9373
vn 0.4004 -0.1860 0.8973
vn 0.2493 0.1276 0.9600
vn 0.1417 0.0768 0.9869
vn 0.2804 -0.2633 0.9231
vn 0.3897 -0.5700 0.7234
vn 0.1309 -0.3481 0.9283
vn 0.2441 -0.6527 0.7172
vn 0.3126 -0.8651 0.3923
vn 0.1220 -0.7115 0.6921
vn -0.0127 -0.4265 0.9044
vn 0.0066 -0.7547 0.6560
vn -0.1798 -0.0923 0.9794
vn -0.1381 -0.4916 0.8598
vn -0.3118 -0.1802 0.9329
vn -0.0909 -0.7848 0.6130
vn -0.1330 -0.7945 0.5925
vn -0.2318 -0.5419 0.8079
vn -0.2707 -0.5612 0.7821
vn -0.4034 -0.2524 0.8795
vn -0.4387 -0.2817 0.8533
vn -0.4926 -0.7837 -0.3783
vn -0.3206 -0.8652 -0.3855
vn -0.5348 -0.8450 0.0003
vn -0.0840 -0.9172 -0.3895
vn -0.3530 -0.9356 0.0004
vn 0.1875 -0.9823 0.0005
vn -0.1045 -0.9945 0.0004
vn -0.0840 -0.9172 0.3895
vn -0.3206 -0.8652 0.3855
vn -0.4925 -0.7838 0.3784
vn -0.5902 -0.7145 0.3756
vn -0.2276 -0.6596 0.7163
vn -0.3713 -0.6033 0.7058
vn -0.1897 -0.3239 0.9269
vn -0.4523 -0.5493 0.7027
vn -0.2406 -0.2948 0.9248
vn -0.6741 -0.6371 0.3736
vn -0.5196 -0.4876 0.7016
vn 0.6398 -0.6627 0.3893
vn 0.7945 -0.6073 0.0005
vn 0.6779 -0.7351 0.0005
vn 0.4864 -0.8737 0.0005
vn 0.6398 -0.6627 -0.3893
vn 0.4610 -0.7916 -0.4010
vn 0.4610 -0.7916 0.4010
vn 0.3351 -0.9422 0.0005
vn 0.3126 -0.8651 -0.3923
vn 0.3897 -0.5699 -0.7234
vn 0.2363 -0.9717 0.0004
vn 0.2441 -0.6527 -0.7172
vn 0.2080 -0.9035 -0.3748
vn 0.1221 -0.7115 -0.6920
vn 0.1005 -0.9297 -0.3542
vn 0.0067 -0.7547 -0.6561
vn -0.0001 -0.9441 -0.3297
vn -0.0439 -0.9474 -0.3170
vn -0.0909 -0.7848 -0.6130
vt 0.000000 0.000000
s 1
f 164/2/150 165/2/151 166/2/152
f 167/2/153 168/2/154 169/2/155
f 168/2/154 167/2/153 170/2/156
f 171/2/157 169/2/155 172/2/158
f 169/2/155 171/2/157 167/2/153
f 172/2/158 173/2/159 171/2/157
f 164/2/150 174/2/160 165/2/151
f 175/2/161 174/2/160 164/2/150
f 176/2/162 174/2/160 175/2/161
f 174/2/160 177/2/163 165/2/151
f 165/2/151 177/2/163 178/2/164
f 174/2/160 176/2/162 179/2/165
f 179/2/165 177/2/163 174/2/160
f 180/2/166 179/2/165 176/2/162
f 177/2/163 181/2/167 178/2/164
f 178/2/164 181/2/167 182/2/168
f 177/2/163 179/2/165 183/2/169
f 183/2/169 181/2/167 177/2/163
f 179/2/165 180/2/166 184/2/170
f 184/2/170 183/2/169 179/2/165
f 185/2/171 184/2/170 180/2/166
f 186/2/172 182/2/168 181/2/167
f 182/2/168 186/2/172 187/2/173
f 181/2/167 183/2/169 188/2/174
f 188/2/174 186/2/172 181/2/167
f 183/2/169 184/2/170 189/2/175
f 189/2/175 188/2/174 183/2/169
f 184/2/170 185/2/171 190/2/176
f 190/2/176 189/2/175 184/2/170
f 191/2/177 190/2/176 185/2/171
f 192/2/178 187/2/173 186/2/172
f 187/2/173 192/2/178 193/2/179
f 188/2/174 189/2/175 194/2/180
f 186/2/172 188/2/174 195/2/181
f 194/2/180 195/2/181 188/2/174
f 196/2/182 186/2/172 195/2/181
f 186/2/172 196/2/182 192/2/178
f 192/2/178 197/2/183 193/2/179
f 198/2/184 193/2/179 197/2/183
f 199/2/185 192/2/178 196/2/182
f 197/2/183 200/2/186 198/2/184
f 201/2/187 198/2/184 200/2/186
f 197/2/183 192/2/178 202/2/188
f 192/2/178 199/2/185 202/2/188
f 200/2/186 197/2/183 203/2/189
f 202/2/188 203/2/189 197/2/183
f 200/2/186 204/2/190 201/2/187
f 205/2/191 201/2/187 204/2/190
f 203/2/189 206/2/192 200/2/186
f 204/2/190 200/2/186 206/2/192
f 203/2/189 202/2/188 207/2/193
f 199/2/185 207/2/193 202/2/188
f 206/2/192 203/2/189 208/2/194
f 207/2/193 208/2/194 203/2/189
f 206/2/192 209/2/195 204/2/190
f 208/2/194 207/2/193 210/2/196
f 208/2/194 211/2/197 206/2/192
f 209/2/195 206/2/192 211/2/197
f 211/2/197 208/2/194 212/2/198
f 210/2/196 212/2/198 208/2/194
f 213/2/199 204/2/190 209/2/195
f 204/2/190 213/2/199 205/2/191
f 211/2/197 214/2/200 209/2/195
f 212/2/198 215/2/201 211/2/197
f 215/2/201 214/2/200 211/2/197
f 214/2/200 216/2/202 209/2/195
f 209/2/195 216/2/202 213/2/199
f 217/2/203 214/2/200 215/2/201
f 218/2/204 216/2/202 214/2/200
f 214/2/200 217/2/203 218/2/204
f 219/2/205 215/2/201 212/2/198
f 215/2/201 220/2/206 217/2/203
f 220/2/206 215/2/201 219/2/205
f 221/2/207 219/2/205 212/2/198
f 212/2/198 210/2/196 221/2/207
f 219/2/205 222/2/208 220/2/206
f 223/2/209 219/2/205 221/2/207
f 222/2/208 219/2/205 223/2/209
f 224/2/210 221/2/207 210/2/196
f 224/2/210 223/2/209 221/2/207
f 225/2/211 224/2/210 210/2/196
f 210/2/196 226/2/212 225/2/211
f 226/2/212 210/2/196 207/2/193
f 207/2/193 199/2/185 226/2/212
f 226/2/212 227/2/213 225/2/211
f 199/2/185 228/2/214 226/2/212
f 227/2/213 226/2/212 228/2/214
f 228/2/214 199/2/185 229/2/215
f 196/2/182 229/2/215 199/2/185
f 230/2/216 227/2/213 228/2/214
f 228/2/214 229/2/215 230/2/216
f 227/2/213 231/2/217 225/2/211
f 231/2/217 224/2/210 225/2/211
f 232/2/218 231/2/217 227/2/213
f 227/2/213 230/2/216 232/2/218
f 231/2/217 233/2/219 224/2/210
f 223/2/209 224/2/210 233/2/219
f 231/2/217 232/2/218 234/2/220
f 234/2/220 233/2/219 231/2/217
f 235/2/221 223/2/209 233/2/219
f 223/2/209 235/2/221 222/2/208
f 233/2/219 234/2/220 236/2/222
f 236/2/222 235/2/221 233/2/219
f 237/2/223 234/2/220 232/2/218
f 238/2/224 236/2/222 234/2/220
f 234/2/220 237/2/223 238/2/224
f 232/2/218 239/2/225 237/2/223
f 239/2/225 232/2/218 230/2/216
f 237/2/223 240/2/226 238/2/224
f 237/2/223 239/2/225 241/2/227
f 240/2/226 237/2/223 241/2/227
f 239/2/225 242/2/228 241/2/227
f 230/2/216 243/2/229 239/2/225
f 239/2/225 243/2/229 242/2/228
f 243/2/229 230/2/216 244/2/230
f 229/2/215 244/2/230 230/2/216
f 229/2/215 245/2/231 244/2/230
f 229/2/215 196/2/182 245/2/231
f 195/2/181 245/2/231 196/2/182
f 245/2/231 246/2/232 244/2/230
f 244/2/230 246/2/232 243/2/229
f 245/2/231 195/2/181 247/2/233
f 245/2/231 247/2/233 246/2/232
f 195/2/181 194/2/180 247/2/233
f 247/2/233 248/2/234 246/2/232
f 247/2/233 194/2/180 248/2/234
f 246/2/232 249/2/235 243/2/229
f 246/2/232 248/2/234 249/2/235
f 250/2/236 243/2/229 249/2/235
f 194/2/180 251/2/237 248/2/234
f 248/2/234 252/2/238 249/2/235
f 248/2/234 251/2/237 252/2/238
f 194/2/180 253/2/239 251/2/237
f 253/2/239 194/2/180 189/2/175
f 189/2/175 190/2/176 253/2/239
f 251/2/237 254/2/240 252/2/238
f 255/2/241 249/2/235 252/2/238
f 249/2/235 255/2/241 250/2/236
f 256/2/242 252/2/238 254/2/240
f 252/2/238 256/2/242 255/2/241
f 251/2/237 257/2/243 254/2/240
f 256/2/242 254/2/240 257/2/243
f 257/2/243 251/2/237 253/2/239
f 258/2/244 253/2/239 190/2/176
f 253/2/239 258/2/244 257/2/243
f 190/2/176 191/2/177 258/2/244
f 257/2/243 259/2/245 256/2/242
f 259/2/245 257/2/243 258/2/244
f 258/2/244 191/2/177 260/2/246
f 258/2/244 260/2/246 259/2/245
f 191/2/177 261/2/247 260/2/246
f 262/2/248 256/2/242 259/2/245
f 262/2/248 255/2/241 256/2/242
f 263/2/249 259/2/245 260/2/246
f 259/2/245 263/2/249 262/2/248
f 264/2/250 260/2/246 261/2/247
f 260/2/246 264/2/250 263/2/249
f 264/2/250 261/2/247 265/2/251
f 255/2/241 262/2/248 266/2/252
f 266/2/252 250/2/236 255/2/241
f 267/2/253 264/2/250 265/2/251
f 265/2/251 268/2/254 267/2/253
f 269/2/255 263/2/249 264/2/250
f 264/2/250 267/2/253 269/2/255
f 270/2/256 262/2/248 263/2/249
f 270/2/256 263/2/249 269/2/255
f 271/2/257 266/2/252 262/2/248
f 271/2/257 262/2/248 270/2/256
f 271/2/257 272/2/258 266/2/252
f 250/2/236 266/2/252 272/2/258
f 273/2/259 271/2/257 270/2/256
f 272/2/258 274/2/260 250/2/236
f 243/2/229 250/2/236 274/2/260
f 243/2/229 274/2/260 242/2/228
f 274/2/260 272/2/258 275/2/261
f 275/2/261 242/2/228 274/2/260
f 272/2/258 271/2/257 276/2/262
f 276/2/262 275/2/261 272/2/258
f 273/2/259 276/2/262 271/2/257
f 275/2/261 276/2/262 277/2/263
f 242/2/228 275/2/261 278/2/264
f 277/2/263 278/2/264 275/2/261
f 278/2/264 279/2/265 242/2/228
f 241/2/227 242/2/228 279/2/265
f 280/2/266 279/2/265 278/2/264
f 278/2/264 277/2/263 280/2/266
f 281/2/267 241/2/227 279/2/265
f 241/2/227 281/2/267 240/2/226
f 279/2/265 280/2/266 282/2/268
f 282/2/268 281/2/267 279/2/265
f 280/2/266 283/2/269 282/2/268
f 281/2/267 282/2/268 284/2/270
f 283/2/269 284/2/270 282/2/268
f 285/2/271 240/2/226 281/2/267
f 284/2/270 285/2/271 281/2/267
f 240/2/226 285/2/271 286/2/272
f 286/2/272 238/2/224 240/2/226
f 285/2/271 284/2/270 287/2/273
f 238/2/224 286/2/272 288/2/274
f 236/2/222 238/2/224 288/2/274
f 285/2/271 289/2/275 286/2/272
f 287/2/273 289/2/275 285/2/271
f 286/2/272 290/2/276 288/2/274
f 290/2/276 286/2/272 289/2/275
f 288/2/274 291/2/277 236/2/222
f 235/2/221 236/2/222 291/2/277
f 292/2/278 288/2/274 290/2/276
f 291/2/277 288/2/274 292/2/278
f 291/2/277 293/2/279 235/2/221
f 293/2/279 222/2/208 235/2/221
f 292/2/278 294/2/280 291/2/277
f 293/2/279 291/2/277 294/2/280
f 295/2/281 222/2/208 293/2/279
f 295/2/281 220/2/206 222/2/208
f 294/2/280 296/2/282 293/2/279
f 296/2/282 295/2/281 293/2/279
f 220/2/206 295/2/281 297/2/283
f 297/2/283 217/2/203 220/2/206
f 298/2/284 295/2/281 296/2/282
f 298/2/284 297/2/283 295/2/281
f 217/2/203 297/2/283 299/2/285
f 300/2/286 298/2/284 296/2/282
f 299/2/285 218/2/204 217/2/203
f 301/2/287 297/2/283 298/2/284
f 301/2/287 299/2/285 297/2/283
f 302/2/288 301/2/287 298/2/284
f 298/2/284 300/2/286 302/2/288
f 303/2/289 299/2/285 301/2/287
f 218/2/204 299/2/285 304/2/290
f 303/2/289 304/2/290 299/2/285
f 301/2/287 302/2/288 305/2/291
f 305/2/291 303/2/289 301/2/287
f 302/2/288 306/2/292 305/2/291
f 307/2/293 304/2/290 303/2/289
f 303/2/289 305/2/291 308/2/294
f 308/2/294 307/2/293 303/2/289
f 305/2/291 309/2/295 308/2/294
f 309/2/295 305/2/291 306/2/292
f 307/2/293 308/2/294 310/2/296
f 311/2/297 308/2/294 309/2/295
f 308/2/294 311/2/297 310/2/296
f 306/2/292 302/2/288 312/2/298
f 300/2/286 312/2/298 302/2/288
f 306/2/292 313/2/299 309/2/295
f 309/2/295 314/2/300 311/2/297
f 314/2/300 309/2/295 313/2/299
f 315/2/301 310/2/296 311/2/297
f 314/2/300 315/2/301 311/2/297
f 310/2/296 315/2/301 316/2/302
f 316/2/302 307/2/293 310/2/296
f 313/2/299 306/2/292 317/2/303
f 312/2/298 317/2/303 306/2/292
f 318/2/304 319/2/305 320/2/306
f 321/2/307 322/2/308 323/2/309
f 324/2/310 318/2/304 320/2/306
f 318/2/304 324/2/310 325/2/311
f 326/2/312 320/2/306 319/2/305
f 327/2/313 326/2/312 319/2/305
f 328/2/314 326/2/312 327/2/313
f 329/2/315 320/2/306 326/2/312
f 328/2/314 329/2/315 326/2/312
f 329/2/315 324/2/310 320/2/306
f 321/2/307 323/2/309 330/2/316
f 330/2/316 331/2/317 321/2/307
f 323/2/309 332/2/318 330/2/316
f 331/2/317 330/2/316 333/2/319
f 332/2/318 333/2/319 330/2/316
f 333/2/319 334/2/320 331/2/317
f 334/2/320 333/2/319 335/2/321
f 336/2/322 335/2/321 333/2/319
f 333/2/319 332/2/318 336/2/322
f 337/2/323 332/2/318 323/2/309
f 322/2/308 337/2/323 323/2/309
f 337/2/323 322/2/308 325/2/311
f 335/2/321 336/2/322 338/2/324
f 332/2/318 337/2/323 339/2/325
f 340/2/326 336/2/322 332/2/318
f 332/2/318 339/2/325 340/2/326
f 337/2/323 341/2/327 339/2/325
f 341/2/327 337/2/323 325/2/311
f 339/2/325 342/2/328 340/2/326
f 341/2/327 342/2/328 339/2/325
f 336/2/322 340/2/326 343/2/329
f 342/2/328 343/2/329 340/2/326
f 343/2/329 338/2/324 336/2/322
f 342/2/328 341/2/327 344/2/330
f 345/2/331 341/2/327 325/2/311
f 341/2/327 345/2/331 344/2/330
f 346/2/332 345/2/331 325/2/311
f 324/2/310 346/2/332 325/2/311
f 346/2/332 324/2/310 347/2/333
f 324/2/310 329/2/315 347/2/333
f 345/2/331 346/2/332 348/2/334
f 345/2/331 349/2/335 344/2/330
f 349/2/335 345/2/331 348/2/334
f 346/2/332 350/2/336 348/2/334
f 350/2/336 346/2/332 347/2/333
f 351/2/337 348/2/334 350/2/336
f 348/2/334 351/2/337 349/2/335
f 347/2/333 352/2/338 350/2/336
f 352/2/338 347/2/333 329/2/315
f 350/2/336 353/2/339 351/2/337
f 352/2/338 353/2/339 350/2/336
f 354/2/340 351/2/337 353/2/339
f 351/2/337 354/2/340 349/2/335
f 353/2/339 352/2/338 355/2/341
f 329/2/315 355/2/341 352/2/338
f 353/2/339 356/2/342 354/2/340
f 355/2/341 356/2/342 353/2/339
f 355/2/341 329/2/315 357/2/343
f 357/2/343 329/2/315 328/2/314
f 356/2/342 355/2/341 358/2/344
f 357/2/343 358/2/344 355/2/341
f 328/2/314 359/2/345 357/2/343
f 358/2/344 357/2/343 359/2/345
f 359/2/345 328/2/314 360/2/346
f 360/2/346 361/2/347 359/2/345
f 362/2/348 359/2/345 361/2/347
f 359/2/345 362/2/348 358/2/344
f 361/2/347 363/2/349 362/2/348
f 358/2/344 364/2/350 356/2/342
f 364/2/350 358/2/344 362/2/348
f 365/2/351 362/2/348 363/2/349
f 362/2/348 365/2/351 364/2/350
f 363/2/349 366/2/352 365/2/351
f 356/2/342 364/2/350 367/2/353
f 367/2/353 354/2/340 356/2/342
f 364/2/350 365/2/351 368/2/354
f 368/2/354 367/2/353 364/2/350
f 365/2/351 366/2/352 369/2/355
f 369/2/355 368/2/354 365/2/351
f 354/2/340 367/2/353 370/2/356
f 370/2/356 349/2/335 354/2/340
f 367/2/353 368/2/354 371/2/357
f 371/2/357 370/2/356 367/2/353
f 368/2/354 369/2/355 372/2/358
f 372/2/358 371/2/357 368/2/354
f 373/2/359 349/2/335 370/2/356
f 370/2/356 371/2/357 373/2/359
f 371/2/357 372/2/358 374/2/360
f 374/2/360 373/2/359 371/2/357
f 375/2/361 372/2/358 369/2/355
f 349/2/335 373/2/359 376/2/362
f 344/2/330 349/2/335 376/2/362
f 342/2/328 344/2/330 376/2/362
f 376/2/362 377/2/363 342/2/328
f 377/2/363 376/2/362 373/2/359
f 343/2/329 342/2/328 377/2/363
f 373/2/359 378/2/364 377/2/363
f 378/2/364 373/2/359 374/2/360
f 377/2/363 379/2/365 343/2/329
f 379/2/365 377/2/363 378/2/364
f 338/2/324 343/2/329 379/2/365
f 378/2/364 380/2/366 379/2/365
f 379/2/365 380/2/366 338/2/324
f 374/2/360 381/2/367 378/2/364
f 380/2/366 378/2/364 381/2/367
f 381/2/367 374/2/360 382/2/368
f 382/2/368 374/2/360 372/2/358
f 375/2/361 382/2/368 372/2/358
f 382/2/368 383/2/369 381/2/367
f 381/2/367 384/2/370 380/2/366
f 384/2/370 381/2/367 383/2/369
f 383/2/369 382/2/368 385/2/371
f 385/2/371 382/2/368 375/2/361
f 383/2/369 386/2/372 384/2/370
f 385/2/371 387/2/373 383/2/369
f 386/2/372 383/2/369 387/2/373
f 375/2/361 388/2/374 385/2/371
f 387/2/373 385/2/371 388/2/374
f 380/2/366 384/2/370 389/2/375
f 380/2/366 389/2/375 338/2/324
f 384/2/370 386/2/372 390/2/376
f 384/2/370 390/2/376 389/2/375
f 387/2/373 391/2/377 386/2/372
f 388/2/374 392/2/378 387/2/373
f 391/2/377 387/2/373 392/2/378
f 386/2/372 393/2/379 390/2/376
f 386/2/372 391/2/377 393/2/379
f 394/2/380 389/2/375 390/2/376
f 395/2/381 338/2/324 389/2/375
f 389/2/375 394/2/380 395/2/381
f 338/2/324 395/2/381 335/2/321
f 396/2/382 335/2/321 395/2/381
f 395/2/381 397/2/383 396/2/382
f 397/2/383 395/2/381 394/2/380
f 394/2/380 398/2/384 397/2/383
f 390/2/376 399/2/385 394/2/380
f 398/2/384 394/2/380 399/2/385
f 399/2/385 390/2/376 393/2/379
f 400/2/386 399/2/385 393/2/379
f 391/2/377 400/2/386 393/2/379
f 401/2/387 398/2/384 399/2/385
f 399/2/385 400/2/386 401/2/387
f 398/2/384 401/2/387 402/2/388
f 403/2/389 398/2/384 402/2/388
f 402/2/388 404/2/390 403/2/389
f 404/2/390 402/2/388 405/2/391
f 402/2/388 406/2/392 405/2/391
f 406/2/392 402/2/388 401/2/387
f 407/2/393 405/2/391 406/2/392
f 408/2/394 401/2/387 400/2/386
f 406/2/392 401/2/387 408/2/394
f 407/2/393 406/2/392 409/2/395
f 409/2/395 406/2/392 408/2/394
f 410/2/396 407/2/393 409/2/395
f 408/2/394 400/2/386 411/2/397
f 391/2/377 411/2/397 400/2/386
f 412/2/398 409/2/395 408/2/394
f 411/2/397 412/2/398 408/2/394
f 413/2/399 410/2/396 409/2/395
f 412/2/398 413/2/399 409/2/395
f 413/2/399 414/2/400 410/2/396
f 415/2/401 411/2/397 391/2/377
f 392/2/378 415/2/401 391/2/377
f 416/2/402 412/2/398 411/2/397
f 415/2/401 416/2/402 411/2/397
f 417/2/403 413/2/399 412/2/398
f 416/2/402 417/2/403 412/2/398
f 418/2/404 414/2/400 413/2/399
f 413/2/399 417/2/403 418/2/404
f 414/2/400 418/2/404 419/2/405
f 420/2/406 419/2/405 418/2/404
f 418/2/404 421/2/407 420/2/406
f 421/2/407 418/2/404 417/2/403
f 422/2/408 420/2/406 421/2/407
f 423/2/409 422/2/408 421/2/407
f 417/2/403 424/2/410 421/2/407
f 423/2/409 421/2/407 424/2/410
f 424/2/410 417/2/403 416/2/402
f 425/2/411 423/2/409 424/2/410
f 425/2/411 424/2/410 426/2/412
f 426/2/412 424/2/410 416/2/402
f 426/2/412 416/2/402 415/2/401
f 427/2/413 426/2/412 415/2/401
f 428/2/414 426/2/412 427/2/413
f 427/2/413 429/2/415 428/2/414
f 415/2/401 430/2/416 427/2/413
f 429/2/415 427/2/413 430/2/416
f 430/2/416 415/2/401 392/2/378
f 392/2/378 388/2/374 430/2/416
f 431/2/417 430/2/416 388/2/374
f 430/2/416 431/2/417 429/2/415
f 388/2/374 375/2/361 431/2/417
f 432/2/418 429/2/415 431/2/417
f 431/2/417 375/2/361 432/2/418
f 429/2/415 432/2/418 433/2/419
f 369/2/355 432/2/418 375/2/361
f 366/2/352 433/2/419 432/2/418
f 432/2/418 369/2/355 366/2/352
f 434/2/420 435/2/421 436/2/422
f 435/2/421 437/2/423 436/2/422
f 438/2/424 434/2/420 439/2/425
f 440/2/426 436/2/422 437/2/423
f 441/2/427 434/2/420 436/2/422
f 436/2/422 440/2/426 441/2/427
f 434/2/420 441/2/427 439/2/425
f 437/2/423 442/2/428 440/2/426
f 443/2/429 441/2/427 440/2/426
f 442/2/428 443/2/429 440/2/426
f 444/2/430 439/2/425 441/2/427
f 441/2/427 443/2/429 444/2/430
f 439/2/425 445/2/431 438/2/424
f 410/2/396 438/2/424 445/2/431
f 439/2/425 444/2/430 446/2/432
f 445/2/431 439/2/425 446/2/432
f 443/2/429 447/2/433 444/2/430
f 447/2/433 446/2/432 444/2/430
f 446/2/432 407/2/393 445/2/431
f 445/2/431 407/2/393 410/2/396
f 446/2/432 447/2/433 448/2/434
f 407/2/393 446/2/432 448/2/434
f 447/2/433 405/2/391 448/2/434
f 405/2/391 407/2/393 448/2/434
f 447/2/433 443/2/429 449/2/435
f 405/2/391 447/2/433 404/2/390
f 449/2/435 404/2/390 447/2/433
f 450/2/436 449/2/435 443/2/429
f 443/2/429 442/2/428 450/2/436
f 404/2/390 449/2/435 451/2/437
f 452/2/438 450/2/436 442/2/428
f 442/2/428 453/2/439 452/2/438
f 454/2/440 452/2/438 453/2/439
f 449/2/435 450/2/436 455/2/441
f 455/2/441 451/2/437 449/2/435
f 450/2/436 452/2/438 456/2/442
f 456/2/442 455/2/441 450/2/436
f 452/2/438 454/2/440 457/2/443
f 457/2/443 456/2/442 452/2/438
f 458/2/444 457/2/443 454/2/440
f 455/2/441 456/2/442 459/2/445
f 456/2/442 457/2/443 460/2/446
f 460/2/446 459/2/445 456/2/442
f 459/2/445 461/2/447 455/2/441
f 451/2/437 455/2/441 461/2/447
f 459/2/445 460/2/446 462/2/448
f 457/2/443 458/2/444 463/2/449
f 463/2/449 460/2/446 457/2/443
f 464/2/450 465/2/451 466/2/452
f 467/2/453 468/2/454 464/2/450
f 464/2/450 466/2/452 467/2/453
f 465/2/451 469/2/455 466/2/452
f 469/2/455 465/2/451 470/2/456
f 470/2/456 471/2/457 469/2/455
f 472/2/458 471/2/457 470/2/456
f 473/2/459 466/2/452 469/2/455
f 467/2/453 466/2/452 474/2/460
f 466/2/452 473/2/459 474/2/460
f 475/2/461 469/2/455 471/2/457
f 469/2/455 475/2/461 473/2/459
f 471/2/457 472/2/458 476/2/462
f 467/2/453 474/2/460 477/2/463
f 471/2/457 478/2/464 475/2/461
f 476/2/462 478/2/464 471/2/457
f 479/2/465 476/2/462 472/2/458
f 472/2/458 480/2/466 479/2/465
f 478/2/464 476/2/462 481/2/467
f 480/2/466 482/2/468 479/2/465
f 482/2/468 480/2/466 315/2/301
f 315/2/301 314/2/300 482/2/468
f 476/2/462 479/2/465 483/2/469
f 483/2/469 481/2/467 476/2/462
f 484/2/470 479/2/465 482/2/468
f 479/2/465 484/2/470 483/2/469
f 485/2/471 482/2/468 314/2/300
f 482/2/468 485/2/471 484/2/470
f 313/2/299 485/2/471 314/2/300
f 485/2/471 313/2/299 486/2/472
f 317/2/303 486/2/472 313/2/299
f 487/2/473 484/2/470 485/2/471
f 486/2/472 487/2/473 485/2/471
f 488/2/474 483/2/469 484/2/470
f 484/2/470 487/2/473 488/2/474
f 483/2/469 488/2/474 489/2/475
f 481/2/467 483/2/469 489/2/475
f 490/2/476 488/2/474 487/2/473
f 487/2/473 486/2/472 491/2/477
f 491/2/477 490/2/476 487/2/473
f 492/2/478 491/2/477 486/2/472
f 486/2/472 317/2/303 492/2/478
f 493/2/479 489/2/475 488/2/474
f 488/2/474 490/2/476 493/2/479
f 489/2/475 493/2/479 494/2/480
f 495/2/481 492/2/478 317/2/303
f 317/2/303 312/2/298 495/2/481
f 496/2/482 489/2/475 494/2/480
f 489/2/475 496/2/482 481/2/467
f 493/2/479 497/2/483 494/2/480
f 497/2/483 496/2/482 494/2/480
f 498/2/484 495/2/481 312/2/298
f 497/2/483 493/2/479 499/2/485
f 490/2/476 499/2/485 493/2/479
f 312/2/298 300/2/286 498/2/484
f 500/2/486 481/2/467 496/2/482
f 481/2/467 500/2/486 478/2/464
f 496/2/482 497/2/483 501/2/487
f 501/2/487 500/2/486 496/2/482
f 502/2/488 501/2/487 497/2/483
f 499/2/485 502/2/488 497/2/483
f 503/2/489 478/2/464 500/2/486
f 503/2/489 475/2/461 478/2/464
f 500/2/486 501/2/487 504/2/490
f 505/2/491 475/2/461 503/2/489
f 505/2/491 473/2/459 475/2/461
f 506/2/492 503/2/489 500/2/486
f 506/2/492 500/2/486 504/2/490
f 507/2/493 505/2/491 503/2/489
f 507/2/493 503/2/489 506/2/492
f 473/2/459 505/2/491 508/2/494
f 508/2/494 474/2/460 473/2/459
f 509/2/495 505/2/491 507/2/493
f 509/2/495 508/2/494 505/2/491
f 474/2/460 508/2/494 510/2/496
f 508/2/494 509/2/495 511/2/497
f 511/2/497 510/2/496 508/2/494
f 477/2/463 474/2/460 510/2/496
f 512/2/498 511/2/497 509/2/495
f 513/2/499 509/2/495 507/2/493
f 509/2/495 513/2/499 512/2/498
f 513/2/499 507/2/493 514/2/500
f 514/2/500 507/2/493 506/2/492
f 515/2/501 514/2/500 506/2/492
f 515/2/501 506/2/492 504/2/490
f 516/2/502 513/2/499 514/2/500
f 517/2/503 514/2/500 515/2/501
f 517/2/503 516/2/502 514/2/500
f 518/2/504 512/2/498 513/2/499
f 518/2/504 513/2/499 516/2/502
f 519/2/505 516/2/502 517/2/503
f 520/2/506 518/2/504 516/2/502
f 519/2/505 520/2/506 516/2/502
f 521/2/507 512/2/498 518/2/504
f 522/2/508 518/2/504 520/2/506
f 518/2/504 522/2/508 521/2/507
f 520/2/506 523/2/509 522/2/508
f 523/2/509 520/2/506 519/2/505
f 512/2/498 521/2/507 524/2/510
f 524/2/510 511/2/497 512/2/498
f 525/2/511 521/2/507 522/2/508
f 511/2/497 524/2/510 526/2/512
f 526/2/512 510/2/496 511/2/497
f 527/2/513 524/2/510 521/2/507
f 521/2/507 525/2/511 527/2/513
f 528/2/514 526/2/512 524/2/510
f 524/2/510 527/2/513 528/2/514
f 510/2/496 526/2/512 529/2/515
f 526/2/512 528/2/514 530/2/516
f 530/2/516 529/2/515 526/2/512
f 529/2/515 531/2/517 510/2/496
f 529/2/515 530/2/516 532/2/518
f 477/2/463 510/2/496 531/2/517
f 532/2/518 533/2/519 529/2/515
f 531/2/517 529/2/515 533/2/519
f 532/2/518 530/2/516 534/2/520
f 534/2/520 533/2/519 532/2/518
f 530/2/516 528/2/514 535/2/521
f 535/2/521 534/2/520 530/2/516
f 536/2/522 535/2/521 528/2/514
f 528/2/514 527/2/513 536/2/522
f 534/2/520 535/2/521 498/2/484
f 533/2/519 534/2/520 537/2/523
f 498/2/484 537/2/523 534/2/520
f 538/2/524 498/2/484 535/2/521
f 535/2/521 536/2/522 538/2/524
f 537/2/523 498/2/484 300/2/286
f 495/2/481 498/2/484 538/2/524
f 537/2/523 539/2/525 533/2/519
f 539/2/525 531/2/517 533/2/519
f 300/2/286 540/2/526 537/2/523
f 539/2/525 537/2/523 540/2/526
f 540/2/526 300/2/286 296/2/282
f 296/2/282 294/2/280 540/2/526
f 541/2/527 540/2/526 294/2/280
f 540/2/526 541/2/527 539/2/525
f 294/2/280 292/2/278 541/2/527
f 531/2/517 539/2/525 542/2/528
f 541/2/527 542/2/528 539/2/525
f 542/2/528 477/2/463 531/2/517
f 541/2/527 292/2/278 543/2/529
f 542/2/528 541/2/527 543/2/529
f 290/2/276 543/2/529 292/2/278
f 477/2/463 542/2/528 544/2/530
f 543/2/529 544/2/530 542/2/528
f 543/2/529 290/2/276 545/2/531
f 544/2/530 543/2/529 545/2/531
f 289/2/275 545/2/531 290/2/276
f 546/2/532 477/2/463 544/2/530
f 477/2/463 546/2/532 467/2/453
f 468/2/454 467/2/453 546/2/532
f 544/2/530 547/2/533 546/2/532
f 547/2/533 544/2/530 545/2/531
f 546/2/532 548/2/534 468/2/454
f 548/2/534 546/2/532 547/2/533
f 549/2/535 468/2/454 548/2/534
f 550/2/536 545/2/531 289/2/275
f 545/2/531 550/2/536 547/2/533
f 289/2/275 287/2/273 550/2/536
f 547/2/533 551/2/537 548/2/534
f 551/2/537 547/2/533 550/2/536
f 548/2/534 552/2/538 549/2/535
f 552/2/538 548/2/534 551/2/537
f 553/2/539 549/2/535 552/2/538
f 554/2/540 550/2/536 287/2/273
f 550/2/536 554/2/540 551/2/537
f 287/2/273 555/2/541 554/2/540
f 555/2/541 287/2/273 284/2/270
f 284/2/270 283/2/269 555/2/541
f 556/2/542 554/2/540 555/2/541
f 555/2/541 283/2/269 556/2/542
f 557/2/543 551/2/537 554/2/540
f 554/2/540 556/2/542 557/2/543
f 551/2/537 557/2/543 552/2/538
f 461/2/447 459/2/445 558/2/544
f 462/2/448 558/2/544 459/2/445
f 460/2/446 463/2/449 559/2/545
f 559/2/545 462/2/448 460/2/446
f 560/2/546 463/2/449 458/2/444
f 561/2/547 559/2/545 463/2/449
f 463/2/449 560/2/546 561/2/547
f 458/2/444 562/2/548 560/2/546
f 458/2/444 563/2/549 562/2/548
f 564/2/550 562/2/548 563/2/549
f 562/2/548 564/2/550 565/2/551
f 566/2/552 560/2/546 562/2/548
f 562/2/548 565/2/551 566/2/552
f 567/2/553 565/2/551 564/2/550
f 567/2/553 566/2/552 565/2/551
f 564/2/550 568/2/554 567/2/553
f 422/2/408 567/2/553 568/2/554
f 566/2/552 567/2/553 569/2/555
f 422/2/408 569/2/555 567/2/553
f 560/2/546 566/2/552 570/2/556
f 569/2/555 570/2/556 566/2/552
f 570/2/556 561/2/547 560/2/546
f 569/2/555 422/2/408 423/2/409
f 570/2/556 569/2/555 571/2/557
f 423/2/409 571/2/557 569/2/555
f 571/2/557 572/2/558 570/2/556
f 561/2/547 570/2/556 572/2/558
f 571/2/557 423/2/409 425/2/411
f 573/2/559 561/2/547 572/2/558
f 559/2/545 561/2/547 573/2/559
f 572/2/558 571/2/557 574/2/560
f 425/2/411 574/2/560 571/2/557
f 573/2/559 572/2/558 575/2/561
f 574/2/560 575/2/561 572/2/558
f 573/2/559 576/2/562 559/2/545
f 462/2/448 559/2/545 576/2/562
f 575/2/561 577/2/563 573/2/559
f 576/2/562 573/2/559 577/2/563
f 462/2/448 576/2/562 578/2/564
f 577/2/563 578/2/564 576/2/562
f 579/2/565 462/2/448 578/2/564
f 558/2/544 462/2/448 579/2/565
f 578/2/564 577/2/563 580/2/566
f 577/2/563 575/2/561 581/2/567
f 580/2/566 577/2/563 581/2/567
f 579/2/565 578/2/564 582/2/568
f 582/2/568 578/2/564 580/2/566
f 558/2/544 579/2/565 583/2/569
f 583/2/569 579/2/565 582/2/568
f 584/2/570 581/2/567 575/2/561
f 575/2/561 574/2/560 584/2/570
f 585/2/571 584/2/570 574/2/560
f 574/2/560 425/2/411 585/2/571
f 581/2/567 584/2/570 433/2/419
f 584/2/570 585/2/571 428/2/414
f 428/2/414 433/2/419 584/2/570
f 585/2/571 425/2/411 426/2/412
f 426/2/412 428/2/414 585/2/571
f 433/2/419 366/2/352 581/2/567
f 580/2/566 581/2/567 366/2/352
f 433/2/419 428/2/414 429/2/415
f 582/2/568 580/2/566 586/2/572
f 586/2/572 580/2/566 366/2/352
f 587/2/573 582/2/568 586/2/572
f 583/2/569 582/2/568 587/2/573
f 586/2/572 588/2/574 587/2/573
f 589/2/575 583/2/569 587/2/573
f 589/2/575 587/2/573 588/2/574
f 583/2/569 589/2/575 590/2/576
f 590/2/576 558/2/544 583/2/569
f 591/2/577 558/2/544 590/2/576
f 558/2/544 591/2/577 461/2/447
f 592/2/578 590/2/576 589/2/575
f 591/2/577 590/2/576 592/2/578
f 589/2/575 593/2/579 592/2/578
f 593/2/579 589/2/575 588/2/574
f 594/2/580 461/2/447 591/2/577
f 461/2/447 594/2/580 451/2/437
f 595/2/581 591/2/577 592/2/578
f 591/2/577 596/2/582 594/2/580
f 596/2/582 591/2/577 595/2/581
f 403/2/389 451/2/437 594/2/580
f 451/2/437 403/2/389 404/2/390
f 597/2/583 594/2/580 596/2/582
f 594/2/580 597/2/583 403/2/389
f 595/2/581 598/2/584 596/2/582
f 598/2/584 597/2/583 596/2/582
f 592/2/578 599/2/585 595/2/581
f 599/2/585 592/2/578 593/2/579
f 598/2/584 595/2/581 600/2/586
f 600/2/586 595/2/581 599/2/585
f 597/2/583 598/2/584 601/2/587
f 600/2/586 602/2/588 598/2/584
f 602/2/588 601/2/587 598/2/584
f 601/2/587 398/2/384 597/2/583
f 398/2/384 403/2/389 597/2/583
f 593/2/579 603/2/589 599/2/585
f 588/2/574 603/2/589 593/2/579
f 599/2/585 604/2/590 600/2/586
f 599/2/585 603/2/589 604/2/590
f 600/2/586 604/2/590 605/2/591
f 602/2/588 600/2/586 605/2/591
f 603/2/589 360/2/346 604/2/590
f 603/2/589 588/2/574 361/2/347
f 361/2/347 360/2/346 603/2/589
f 363/2/349 361/2/347 588/2/574
f 588/2/574 586/2/572 363/2/349
f 366/2/352 363/2/349 586/2/572
f 604/2/590 606/2/592 605/2/591
f 604/2/590 360/2/346 606/2/592
f 605/2/591 606/2/592 607/2/593
f 608/2/594 605/2/591 607/2/593
f 605/2/591 608/2/594 602/2/588
f 606/2/592 327/2/313 607/2/593
f 360/2/346 328/2/314 606/2/592
f 606/2/592 328/2/314 327/2/313
f 607/2/593 327/2/313 609/2/595
f 607/2/593 609/2/595 608/2/594
f 608/2/594 610/2/596 602/2/588
f 601/2/587 602/2/588 610/2/596
f 610/2/596 397/2/383 601/2/587
f 327/2/313 319/2/305 609/2/595
f 610/2/596 608/2/594 611/2/597
f 398/2/384 601/2/587 397/2/383
f 397/2/383 610/2/596 396/2/382
f 611/2/597 396/2/382 610/2/596
f 608/2/594 609/2/595 612/2/598
f 612/2/598 611/2/597 608/2/594
f 609/2/595 613/2/599 612/2/598
f 609/2/595 319/2/305 613/2/599
f 611/2/597 612/2/598 614/2/600
f 612/2/598 613/2/599 615/2/601
f 615/2/601 614/2/600 612/2/598
f 614/2/600 334/2/320 611/2/597
f 396/2/382 611/2/597 334/2/320
f 334/2/320 614/2/600 331/2/317
f 335/2/321 396/2/382 334/2/320
f 614/2/600 615/2/601 616/2/602
f 616/2/602 331/2/317 614/2/600
f 613/2/599 617/2/603 615/2/601
f 617/2/603 613/2/599 319/2/305
f 615/2/601 618/2/604 616/2/602
f 619/2/605 615/2/601 617/2/603
f 618/2/604 615/2/601 619/2/605
f 319/2/305 318/2/304 617/2/603
f 318/2/304 619/2/605 617/2/603
f 618/2/604 321/2/307 616/2/602
f 331/2/317 616/2/602 321/2/307
f 619/2/605 322/2/308 618/2/604
f 321/2/307 618/2/604 322/2/308
f 619/2/605 318/2/304 325/2/311
f 322/2/308 619/2/605 325/2/311
f 620/2/606 621/2/607 622/2/608
f 623/2/609 621/2/607 620/2/606
f 622/2/608 624/2/610 625/2/611
f 624/2/610 622/2/608 621/2/607
f 621/2/607 623/2/609 626/2/612
f 627/2/613 626/2/612 623/2/609
f 621/2/607 628/2/614 624/2/610
f 626/2/612 628/2/614 621/2/607
f 629/2/615 624/2/610 628/2/614
f 628/2/614 626/2/612 630/2/616
f 631/2/617 624/2/610 629/2/615
f 630/2/616 626/2/612 632/2/618
f 624/2/610 631/2/617 633/2/619
f 625/2/611 624/2/610 633/2/619
f 634/2/620 633/2/619 631/2/617
f 635/2/621 632/2/618 626/2/612
f 626/2/612 627/2/613 635/2/621
f 632/2/618 635/2/621 636/2/622
f 625/2/611 633/2/619 637/2/623
f 638/2/624 625/2/611 637/2/623
f 633/2/619 634/2/620 639/2/625
f 637/2/623 633/2/619 639/2/625
f 640/2/626 638/2/624 637/2/623
f 639/2/625 640/2/626 637/2/623
f 634/2/620 641/2/627 639/2/625
f 640/2/626 639/2/625 641/2/627
f 641/2/627 634/2/620 642/2/628
f 636/2/622 641/2/627 642/2/628
f 641/2/627 636/2/622 643/2/629
f 643/2/629 640/2/626 641/2/627
f 643/2/629 636/2/622 635/2/621
f 640/2/626 643/2/629 644/2/630
f 635/2/621 644/2/630 643/2/629
f 644/2/630 635/2/621 627/2/613
f 645/2/631 640/2/626 644/2/630
f 627/2/613 645/2/631 644/2/630
f 646/2/632 647/2/633 648/2/634
f 648/2/634 649/2/635 646/2/632
f 650/2/636 651/2/637 647/2/633
f 652/2/638 647/2/633 646/2/632
f 647/2/633 652/2/638 650/2/636
f 651/2/637 650/2/636 653/2/639
f 653/2/639 525/2/511 651/2/637
f 654/2/640 650/2/636 652/2/638
f 655/2/641 653/2/639 650/2/636
f 650/2/636 654/2/640 655/2/641
f 653/2/639 655/2/641 656/2/642
f 525/2/511 653/2/639 657/2/643
f 656/2/642 657/2/643 653/2/639
f 657/2/643 658/2/644 525/2/511
f 527/2/513 525/2/511 658/2/644
f 658/2/644 536/2/522 527/2/513
f 536/2/522 658/2/644 659/2/645
f 660/2/646 659/2/645 658/2/644
f 658/2/644 657/2/643 660/2/646
f 661/2/647 659/2/645 660/2/646
f 657/2/643 656/2/642 662/2/648
f 662/2/648 660/2/646 657/2/643
f 660/2/646 663/2/649 661/2/647
f 663/2/649 660/2/646 662/2/648
f 664/2/650 661/2/647 663/2/649
f 663/2/649 665/2/651 664/2/650
f 662/2/648 666/2/652 663/2/649
f 665/2/651 663/2/649 666/2/652
f 666/2/652 662/2/648 656/2/642
f 666/2/652 667/2/653 665/2/651
f 668/2/654 665/2/651 667/2/653
f 656/2/642 669/2/655 666/2/652
f 667/2/653 666/2/652 669/2/655
f 669/2/655 656/2/642 655/2/641
f 667/2/653 670/2/656 668/2/654
f 671/2/657 668/2/654 670/2/656
f 669/2/655 672/2/658 667/2/653
f 670/2/656 667/2/653 672/2/658
f 655/2/641 673/2/659 669/2/655
f 672/2/658 669/2/655 673/2/659
f 673/2/659 655/2/641 654/2/640
f 670/2/656 674/2/660 671/2/657
f 675/2/661 671/2/657 674/2/660
f 672/2/658 676/2/662 670/2/656
f 674/2/660 670/2/656 676/2/662
f 673/2/659 677/2/663 672/2/658
f 676/2/662 672/2/658 677/2/663
f 654/2/640 678/2/664 673/2/659
f 677/2/663 673/2/659 678/2/664
f 678/2/664 654/2/640 679/2/665
f 652/2/638 679/2/665 654/2/640
f 680/2/666 677/2/663 678/2/664
f 679/2/665 652/2/638 681/2/667
f 646/2/632 681/2/667 652/2/638
f 682/2/668 678/2/664 679/2/665
f 681/2/667 682/2/668 679/2/665
f 678/2/664 682/2/668 680/2/666
f 681/2/667 646/2/632 683/2/669
f 683/2/669 646/2/632 649/2/635
f 682/2/668 681/2/667 684/2/670
f 683/2/669 684/2/670 681/2/667
f 685/2/671 680/2/666 682/2/668
f 684/2/670 685/2/671 682/2/668
f 649/2/635 686/2/672 683/2/669
f 686/2/672 649/2/635 687/2/673
f 684/2/670 683/2/669 688/2/674
f 688/2/674 683/2/669 686/2/672
f 685/2/671 684/2/670 689/2/675
f 688/2/674 689/2/675 684/2/670
f 687/2/673 690/2/676 686/2/672
f 691/2/677 690/2/676 687/2/673
f 686/2/672 692/2/678 688/2/674
f 692/2/678 686/2/672 690/2/676
f 689/2/675 688/2/674 693/2/679
f 693/2/679 688/2/674 692/2/678
f 690/2/676 691/2/677 694/2/680
f 695/2/681 694/2/680 691/2/677
f 690/2/676 696/2/682 692/2/678
f 694/2/680 696/2/682 690/2/676
f 692/2/678 697/2/683 693/2/679
f 697/2/683 692/2/678 696/2/682
f 694/2/680 695/2/681 698/2/684
f 699/2/685 698/2/684 695/2/681
f 696/2/682 694/2/680 700/2/686
f 698/2/684 700/2/686 694/2/680
f 696/2/682 701/2/687 697/2/683
f 700/2/686 701/2/687 696/2/682
f 698/2/684 699/2/685 702/2/688
f 703/2/689 702/2/688 699/2/685
f 700/2/686 698/2/684 704/2/690
f 702/2/688 704/2/690 698/2/684
f 701/2/687 700/2/686 705/2/691
f 704/2/690 705/2/691 700/2/686
f 702/2/688 703/2/689 706/2/692
f 704/2/690 702/2/688 707/2/693
f 706/2/692 707/2/693 702/2/688
f 703/2/689 708/2/694 706/2/692
f 707/2/693 709/2/695 704/2/690
f 705/2/691 704/2/690 709/2/695
f 707/2/693 706/2/692 710/2/696
f 711/2/697 706/2/692 708/2/694
f 706/2/692 711/2/697 710/2/696
f 710/2/696 712/2/698 707/2/693
f 709/2/695 707/2/693 712/2/698
f 713/2/699 710/2/696 711/2/697
f 709/2/695 714/2/700 705/2/691
f 712/2/698 710/2/696 715/2/701
f 710/2/696 713/2/699 715/2/701
f 712/2/698 716/2/702 709/2/695
f 714/2/700 709/2/695 716/2/702
f 715/2/701 717/2/703 712/2/698
f 716/2/702 712/2/698 717/2/703
f 718/2/704 705/2/691 714/2/700
f 705/2/691 718/2/704 701/2/687
f 716/2/702 719/2/705 714/2/700
f 714/2/700 720/2/706 718/2/704
f 720/2/706 714/2/700 719/2/705
f 701/2/687 718/2/704 721/2/707
f 721/2/707 697/2/683 701/2/687
f 722/2/708 721/2/707 718/2/704
f 722/2/708 718/2/704 720/2/706
f 697/2/683 721/2/707 723/2/709
f 723/2/709 693/2/679 697/2/683
f 724/2/710 723/2/709 721/2/707
f 721/2/707 722/2/708 724/2/710
f 725/2/711 693/2/679 723/2/709
f 693/2/679 725/2/711 689/2/675
f 726/2/712 723/2/709 724/2/710
f 723/2/709 726/2/712 725/2/711
f 727/2/713 724/2/710 722/2/708
f 724/2/710 728/2/714 726/2/712
f 728/2/714 724/2/710 727/2/713
f 729/2/715 689/2/675 725/2/711
f 689/2/675 729/2/715 685/2/671
f 730/2/716 725/2/711 726/2/712
f 725/2/711 730/2/716 729/2/715
f 726/2/712 731/2/717 730/2/716
f 731/2/717 726/2/712 728/2/714
f 729/2/715 732/2/718 685/2/671
f 680/2/666 685/2/671 732/2/718
f 730/2/716 733/2/719 729/2/715
f 732/2/718 729/2/715 733/2/719
f 731/2/717 734/2/720 730/2/716
f 733/2/719 730/2/716 734/2/720
f 732/2/718 735/2/721 680/2/666
f 677/2/663 680/2/666 735/2/721
f 735/2/721 676/2/662 677/2/663
f 735/2/721 732/2/718 736/2/722
f 733/2/719 736/2/722 732/2/718
f 676/2/662 735/2/721 737/2/723
f 736/2/722 737/2/723 735/2/721
f 737/2/723 674/2/660 676/2/662
f 736/2/722 733/2/719 738/2/724
f 734/2/720 738/2/724 733/2/719
f 737/2/723 736/2/722 739/2/725
f 738/2/724 739/2/725 736/2/722
f 674/2/660 737/2/723 740/2/726
f 739/2/725 740/2/726 737/2/723
f 741/2/727 742/2/728 717/2/703
f 743/2/729 717/2/703 742/2/728
f 717/2/703 743/2/729 716/2/702
f 719/2/705 716/2/702 743/2/729
f 742/2/728 744/2/730 743/2/729
f 744/2/730 742/2/728 745/2/731
f 743/2/729 746/2/732 719/2/705
f 746/2/732 743/2/729 744/2/730
f 747/2/733 719/2/705 746/2/732
f 746/2/732 748/2/734 747/2/733
f 744/2/730 749/2/735 746/2/732
f 748/2/734 746/2/732 749/2/735
f 745/2/731 750/2/736 744/2/730
f 749/2/735 744/2/730 750/2/736
f 750/2/736 745/2/731 751/2/737
f 752/2/738 748/2/734 749/2/735
f 750/2/736 752/2/738 749/2/735
f 751/2/737 753/2/739 750/2/736
f 752/2/738 750/2/736 753/2/739
f 753/2/739 751/2/737 754/2/740
f 755/2/741 754/2/740 751/2/737
f 756/2/742 752/2/738 753/2/739
f 754/2/740 756/2/742 753/2/739
f 752/2/738 757/2/743 748/2/734
f 758/2/744 748/2/734 757/2/743
f 756/2/742 759/2/745 752/2/738
f 759/2/745 757/2/743 752/2/738
f 757/2/743 760/2/746 758/2/744
f 761/2/747 758/2/744 760/2/746
f 759/2/745 762/2/748 757/2/743
f 760/2/746 757/2/743 762/2/748
f 761/2/747 760/2/746 568/2/554
f 763/2/749 760/2/746 762/2/748
f 763/2/749 568/2/554 760/2/746
f 568/2/554 564/2/550 761/2/747
f 764/2/750 763/2/749 762/2/748
f 764/2/750 762/2/748 759/2/745
f 422/2/408 568/2/554 763/2/749
f 765/2/751 764/2/750 759/2/745
f 759/2/745 756/2/742 765/2/751
f 763/2/749 764/2/750 420/2/406
f 422/2/408 763/2/749 420/2/406
f 764/2/750 765/2/751 419/2/405
f 419/2/405 420/2/406 764/2/750
f 766/2/752 765/2/751 756/2/742
f 756/2/742 754/2/740 766/2/752
f 765/2/751 766/2/752 767/2/753
f 767/2/753 419/2/405 765/2/751
f 768/2/754 766/2/752 754/2/740
f 768/2/754 754/2/740 755/2/741
f 755/2/741 769/2/755 768/2/754
f 770/2/756 766/2/752 768/2/754
f 770/2/756 767/2/753 766/2/752
f 771/2/757 768/2/754 769/2/755
f 768/2/754 771/2/757 770/2/756
f 769/2/755 772/2/758 771/2/757
f 770/2/756 773/2/759 767/2/753
f 419/2/405 767/2/753 773/2/759
f 771/2/757 774/2/760 770/2/756
f 773/2/759 770/2/756 774/2/760
f 419/2/405 773/2/759 414/2/400
f 774/2/760 414/2/400 773/2/759
f 434/2/420 771/2/757 772/2/758
f 435/2/421 434/2/420 772/2/758
f 774/2/760 771/2/757 775/2/761
f 771/2/757 434/2/420 775/2/761
f 775/2/761 776/2/762 774/2/760
f 414/2/400 774/2/760 776/2/762
f 776/2/762 775/2/761 438/2/424
f 434/2/420 438/2/424 775/2/761
f 414/2/400 776/2/762 410/2/396
f 438/2/424 410/2/396 776/2/762
f 661/2/647 664/2/650 777/2/763
f 491/2/477 492/2/478 777/2/763
f 778/2/764 777/2/763 492/2/478
f 492/2/478 495/2/481 778/2/764
f 777/2/763 778/2/764 661/2/647
f 538/2/524 778/2/764 495/2/481
f 777/2/763 779/2/765 491/2/477
f 779/2/765 777/2/763 664/2/650
f 490/2/476 491/2/477 779/2/765
f 778/2/764 538/2/524 659/2/645
f 659/2/645 661/2/647 778/2/764
f 659/2/645 538/2/524 536/2/522
f 779/2/765 780/2/766 490/2/476
f 499/2/485 490/2/476 780/2/766
f 780/2/766 779/2/765 781/2/767
f 664/2/650 781/2/767 779/2/765
f 780/2/766 782/2/768 499/2/485
f 502/2/488 499/2/485 782/2/768
f 781/2/767 783/2/769 780/2/766
f 782/2/768 780/2/766 783/2/769
f 781/2/767 664/2/650 665/2/651
f 782/2/768 784/2/770 502/2/488
f 783/2/769 781/2/767 668/2/654
f 665/2/651 668/2/654 781/2/767
f 783/2/769 785/2/771 782/2/768
f 784/2/770 782/2/768 785/2/771
f 668/2/654 671/2/657 783/2/769
f 785/2/771 783/2/769 671/2/657
f 784/2/770 786/2/772 502/2/488
f 501/2/487 502/2/488 786/2/772
f 786/2/772 504/2/490 501/2/487
f 504/2/490 786/2/772 787/2/773
f 787/2/773 515/2/501 504/2/490
f 786/2/772 784/2/770 788/2/774
f 788/2/774 787/2/773 786/2/772
f 785/2/771 789/2/775 784/2/770
f 789/2/775 788/2/774 784/2/770
f 789/2/775 785/2/771 675/2/661
f 671/2/657 675/2/661 785/2/771
f 790/2/776 515/2/501 787/2/773
f 790/2/776 517/2/503 515/2/501
f 787/2/773 788/2/774 791/2/777
f 791/2/777 790/2/776 787/2/773
f 788/2/774 789/2/775 792/2/778
f 792/2/778 791/2/777 788/2/774
f 675/2/661 793/2/779 789/2/775
f 793/2/779 792/2/778 789/2/775
f 794/2/780 517/2/503 790/2/776
f 794/2/780 519/2/505 517/2/503
f 795/2/781 790/2/776 791/2/777
f 795/2/781 794/2/780 790/2/776
f 791/2/777 792/2/778 796/2/782
f 796/2/782 795/2/781 791/2/777
f 792/2/778 793/2/779 797/2/783
f 797/2/783 796/2/782 792/2/778
f 798/2/784 519/2/505 794/2/780
f 798/2/784 523/2/509 519/2/505
f 799/2/785 794/2/780 795/2/781
f 799/2/785 798/2/784 794/2/780
f 795/2/781 796/2/782 800/2/786
f 800/2/786 799/2/785 795/2/781
f 796/2/782 797/2/783 703/2/689
f 796/2/782 699/2/685 800/2/786
f 699/2/685 796/2/782 703/2/689
f 708/2/694 703/2/689 797/2/783
f 695/2/681 800/2/786 699/2/685
f 799/2/785 800/2/786 801/2/787
f 800/2/786 695/2/681 801/2/787
f 801/2/787 802/2/788 799/2/785
f 802/2/788 798/2/784 799/2/785
f 802/2/788 803/2/789 798/2/784
f 803/2/789 523/2/509 798/2/784
f 802/2/788 801/2/787 804/2/790
f 523/2/509 803/2/789 805/2/791
f 805/2/791 522/2/508 523/2/509
f 806/2/792 803/2/789 802/2/788
f 804/2/790 806/2/792 802/2/788
f 522/2/508 805/2/791 525/2/511
f 801/2/787 691/2/677 804/2/790
f 691/2/677 801/2/787 695/2/681
f 803/2/789 806/2/792 807/2/793
f 807/2/793 805/2/791 803/2/789
f 806/2/792 804/2/790 808/2/794
f 805/2/791 807/2/793 651/2/637
f 651/2/637 525/2/511 805/2/791
f 648/2/634 807/2/793 806/2/792
f 806/2/792 808/2/794 648/2/634
f 647/2/633 651/2/637 807/2/793
f 807/2/793 648/2/634 647/2/633
f 804/2/790 687/2/673 808/2/794
f 687/2/673 804/2/790 691/2/677
f 649/2/635 648/2/634 808/2/794
f 808/2/794 687/2/673 649/2/635
f 809/2/795 674/2/660 740/2/726
f 674/2/660 809/2/795 675/2/661
f 793/2/779 675/2/661 809/2/795
f 809/2/795 810/2/796 793/2/779
f 810/2/796 797/2/783 793/2/779
f 797/2/783 810/2/796 708/2/694
f 810/2/796 809/2/795 811/2/797
f 740/2/726 811/2/797 809/2/795
f 812/2/798 708/2/694 810/2/796
f 811/2/797 812/2/798 810/2/796
f 708/2/694 812/2/798 711/2/697
f 811/2/797 740/2/726 813/2/799
f 740/2/726 739/2/725 813/2/799
f 812/2/798 811/2/797 814/2/800
f 813/2/799 814/2/800 811/2/797
f 815/2/801 711/2/697 812/2/798
f 814/2/800 815/2/801 812/2/798
f 711/2/697 815/2/801 713/2/699
f 816/2/802 813/2/799 739/2/725
f 739/2/725 738/2/724 816/2/802
f 814/2/800 813/2/799 817/2/803
f 813/2/799 816/2/802 817/2/803
f 815/2/801 814/2/800 818/2/804
f 817/2/803 818/2/804 814/2/800
f 819/2/805 713/2/699 815/2/801
f 818/2/804 819/2/805 815/2/801
f 713/2/699 819/2/805 820/2/806
f 820/2/806 715/2/701 713/2/699
f 819/2/805 818/2/804 821/2/807
f 715/2/701 820/2/806 741/2/727
f 717/2/703 715/2/701 741/2/727
f 822/2/243 820/2/806 819/2/805
f 821/2/807 822/2/243 819/2/805
f 823/2/808 741/2/727 820/2/806
f 820/2/806 822/2/243 823/2/808
f 824/2/809 821/2/807 818/2/804
f 818/2/804 817/2/803 824/2/809
f 822/2/243 821/2/807 825/2/810
f 826/2/811 823/2/808 822/2/243
f 825/2/810 826/2/811 822/2/243
f 827/2/812 825/2/810 821/2/807
f 821/2/807 824/2/809 827/2/812
f 817/2/803 828/2/813 824/2/809
f 828/2/813 817/2/803 816/2/802
f 824/2/809 829/2/814 827/2/812
f 829/2/814 824/2/809 828/2/813
f 825/2/810 827/2/812 830/2/815
f 831/2/816 827/2/812 829/2/814
f 827/2/812 831/2/816 830/2/815
f 830/2/815 832/2/817 825/2/810
f 826/2/811 825/2/810 832/2/817
f 816/2/802 833/2/818 828/2/813
f 833/2/818 816/2/802 738/2/724
f 738/2/724 734/2/720 833/2/818
f 834/2/819 828/2/813 833/2/818
f 828/2/813 834/2/819 829/2/814
f 835/2/820 833/2/818 734/2/720
f 833/2/818 835/2/820 834/2/819
f 734/2/720 731/2/717 835/2/820
f 836/2/821 835/2/820 731/2/717
f 728/2/714 836/2/821 731/2/717
f 837/2/822 834/2/819 835/2/820
f 835/2/820 836/2/821 837/2/822
f 838/2/823 829/2/814 834/2/819
f 834/2/819 837/2/822 838/2/823
f 829/2/814 838/2/823 831/2/816
f 836/2/821 728/2/714 839/2/824
f 839/2/824 728/2/714 840/2/825
f 728/2/714 727/2/713 840/2/825
f 722/2/708 840/2/825 727/2/713
f 840/2/825 722/2/708 841/2/826
f 841/2/826 722/2/708 720/2/706
f 839/2/824 840/2/825 842/2/827
f 841/2/826 842/2/827 840/2/825
f 839/2/824 843/2/828 836/2/821
f 843/2/828 839/2/824 842/2/827
f 842/2/827 841/2/826 844/2/829
f 720/2/706 844/2/829 841/2/826
f 843/2/828 842/2/827 845/2/830
f 844/2/829 845/2/830 842/2/827
f 846/2/831 836/2/821 843/2/828
f 846/2/831 837/2/822 836/2/821
f 847/2/832 843/2/828 845/2/830
f 846/2/831 843/2/828 847/2/832
f 844/2/829 720/2/706 747/2/733
f 719/2/705 747/2/733 720/2/706
f 845/2/830 844/2/829 848/2/833
f 747/2/733 848/2/833 844/2/829
f 847/2/832 845/2/830 849/2/834
f 848/2/833 849/2/834 845/2/830
f 850/2/835 846/2/831 847/2/832
f 848/2/833 747/2/733 748/2/734
f 837/2/822 846/2/831 851/2/836
f 850/2/835 851/2/836 846/2/831
f 851/2/836 838/2/823 837/2/822
f 849/2/834 852/2/837 847/2/832
f 850/2/835 847/2/832 852/2/837
f 849/2/834 848/2/833 758/2/744
f 748/2/734 758/2/744 848/2/833
f 852/2/837 849/2/834 761/2/747
f 758/2/744 761/2/747 849/2/834
f 838/2/823 851/2/836 853/2/838
f 853/2/838 831/2/816 838/2/823
f 851/2/836 850/2/835 854/2/839
f 854/2/839 853/2/838 851/2/836
f 850/2/835 855/2/840 854/2/839
f 831/2/816 853/2/838 856/2/841
f 856/2/841 830/2/815 831/2/816
f 853/2/838 854/2/839 857/2/842
f 857/2/842 856/2/841 853/2/838
f 854/2/839 855/2/840 857/2/842
f 830/2/815 856/2/841 858/2/843
f 832/2/817 830/2/815 858/2/843
f 856/2/841 857/2/842 859/2/844
f 859/2/844 858/2/843 856/2/841
f 857/2/842 855/2/840 860/2/845
f 857/2/842 860/2/845 859/2/844
f 855/2/840 850/2/835 861/2/846
f 861/2/846 850/2/835 852/2/837
f 855/2/840 862/2/847 860/2/845
f 861/2/846 852/2/837 863/2/848
f 861/2/846 864/2/849 855/2/840
f 862/2/847 855/2/840 864/2/849
f 864/2/849 861/2/846 865/2/850
f 861/2/846 863/2/848 865/2/850
f 852/2/837 761/2/747 863/2/848
f 860/2/845 862/2/847 866/2/851
f 859/2/844 860/2/845 866/2/851
f 864/2/849 867/2/852 862/2/847
f 865/2/850 868/2/853 864/2/849
f 867/2/852 864/2/849 868/2/853
f 868/2/853 865/2/850 869/2/854
f 863/2/848 869/2/854 865/2/850
f 868/2/853 453/2/439 867/2/852
f 869/2/854 863/2/848 563/2/549
f 761/2/747 563/2/549 863/2/848
f 869/2/854 454/2/440 868/2/853
f 453/2/439 868/2/853 454/2/440
f 563/2/549 458/2/444 869/2/854
f 454/2/440 869/2/854 458/2/444
f 563/2/549 761/2/747 564/2/550
f 870/2/855 862/2/847 867/2/852
f 866/2/851 862/2/847 870/2/855
f 870/2/855 867/2/852 871/2/856
f 871/2/856 867/2/852 453/2/439
f 872/2/857 866/2/851 870/2/855
f 873/2/858 870/2/855 871/2/856
f 870/2/855 873/2/858 872/2/857
f 871/2/856 453/2/439 874/2/859
f 873/2/858 871/2/856 874/2/859
f 453/2/439 442/2/428 874/2/859
f 873/2/858 874/2/859 437/2/423
f 437/2/423 874/2/859 442/2/428
f 435/2/421 872/2/857 873/2/858
f 437/2/423 435/2/421 873/2/858
f 866/2/851 872/2/857 875/2/860
f 875/2/860 859/2/844 866/2/851
f 876/2/861 875/2/860 872/2/857
f 872/2/857 435/2/421 876/2/861
f 859/2/844 875/2/860 877/2/862
f 858/2/843 859/2/844 877/2/862
f 875/2/860 876/2/861 878/2/863
f 878/2/863 877/2/862 875/2/860
f 879/2/864 858/2/843 877/2/862
f 877/2/862 878/2/863 879/2/864
f 858/2/843 879/2/864 832/2/817
f 880/2/865 832/2/817 879/2/864
f 832/2/817 880/2/865 826/2/811
f 881/2/866 879/2/864 878/2/863
f 879/2/864 881/2/866 880/2/865
f 882/2/867 878/2/863 876/2/861
f 878/2/863 882/2/867 881/2/866
f 876/2/861 772/2/758 882/2/867
f 772/2/758 876/2/861 435/2/421
f 880/2/865 883/2/868 826/2/811
f 823/2/808 826/2/811 883/2/868
f 881/2/866 884/2/869 880/2/865
f 883/2/868 880/2/865 884/2/869
f 882/2/867 885/2/870 881/2/866
f 884/2/869 881/2/866 885/2/870
f 772/2/758 769/2/755 882/2/867
f 885/2/870 882/2/867 769/2/755
f 883/2/868 886/2/871 823/2/808
f 741/2/727 823/2/808 886/2/871
f 884/2/869 887/2/872 883/2/868
f 886/2/871 883/2/868 887/2/872
f 885/2/870 888/2/873 884/2/869
f 887/2/872 884/2/869 888/2/873
f 888/2/873 885/2/870 755/2/741
f 769/2/755 755/2/741 885/2/870
f 751/2/737 887/2/872 888/2/873
f 755/2/741 751/2/737 888/2/873
f 745/2/731 886/2/871 887/2/872
f 887/2/872 751/2/737 745/2/731
f 742/2/728 741/2/727 886/2/871
f 886/2/871 745/2/731 742/2/728
f 889/2/874 890/2/875 891/2/876
f 892/2/877 890/2/875 889/2/874
f 890/2/875 892/2/877 893/2/878
f 894/2/879 893/2/878 892/2/877
f 895/2/880 891/2/876 890/2/875
f 893/2/878 896/2/881 890/2/875
f 890/2/875 896/2/881 895/2/880
f 897/2/882 891/2/876 895/2/880
f 891/2/876 897/2/882 898/2/883
f 897/2/882 899/2/884 898/2/883
f 899/2/884 897/2/882 900/2/885
f 900/2/885 901/2/886 899/2/884
f 895/2/880 902/2/887 897/2/882
f 902/2/887 900/2/885 897/2/882
f 903/2/888 895/2/880 896/2/881
f 902/2/887 895/2/880 903/2/888
f 896/2/881 904/2/889 903/2/888
f 900/2/885 902/2/887 905/2/890
f 901/2/886 900/2/885 906/2/891
f 905/2/890 906/2/891 900/2/885
f 907/2/892 901/2/886 906/2/891
f 901/2/886 907/2/892 908/2/893
f 907/2/892 894/2/879 908/2/893
f 903/2/888 909/2/894 902/2/887
f 909/2/894 905/2/890 902/2/887
f 909/2/894 903/2/888 910/2/895
f 910/2/895 903/2/888 904/2/889
f 894/2/879 907/2/892 911/2/896
f 893/2/878 894/2/879 911/2/896
f 912/2/897 911/2/896 907/2/892
f 906/2/891 912/2/897 907/2/892
f 911/2/896 913/2/898 893/2/878
f 896/2/881 893/2/878 913/2/898
f 913/2/898 904/2/889 896/2/881
f 913/2/898 911/2/896 914/2/899
f 911/2/896 912/2/897 914/2/899
f 904/2/889 913/2/898 915/2/900
f 914/2/899 915/2/900 913/2/898
f 915/2/900 623/2/609 904/2/889
f 904/2/889 623/2/609 910/2/895
f 915/2/900 914/2/899 645/2/631
f 916/2/901 914/2/899 912/2/897
f 914/2/899 916/2/901 645/2/631
f 912/2/897 906/2/891 917/2/902
f 917/2/902 916/2/901 912/2/897
f 906/2/891 905/2/890 917/2/902
f 645/2/631 627/2/613 915/2/900
f 623/2/609 915/2/900 627/2/613
f 640/2/626 645/2/631 916/2/901
f 918/2/903 917/2/902 905/2/890
f 905/2/890 909/2/894 918/2/903
f 916/2/901 917/2/902 638/2/624
f 917/2/902 918/2/903 638/2/624
f 638/2/624 640/2/626 916/2/901
f 622/2/608 918/2/903 909/2/894
f 910/2/895 622/2/608 909/2/894
f 625/2/611 638/2/624 918/2/903
f 918/2/903 622/2/608 625/2/611
f 622/2/608 910/2/895 620/2/606
f 620/2/606 910/2/895 623/2/609
f 552/2/538 919/2/904 553/2/539
f 919/2/904 552/2/538 557/2/543
f 920/2/905 553/2/539 919/2/904
f 921/2/906 557/2/543 556/2/542
f 557/2/543 921/2/906 919/2/904
f 919/2/904 922/2/907 920/2/905
f 922/2/907 919/2/904 921/2/906
f 213/2/199 920/2/905 922/2/907
f 556/2/542 923/2/908 921/2/906
f 556/2/542 283/2/269 923/2/908
f 924/2/909 922/2/907 921/2/906
f 921/2/906 923/2/908 924/2/909
f 213/2/199 922/2/907 925/2/910
f 924/2/909 925/2/910 922/2/907
f 925/2/910 205/2/191 213/2/199
f 926/2/911 205/2/191 925/2/910
f 926/2/911 925/2/910 927/2/912
f 927/2/912 925/2/910 924/2/909
f 928/2/913 926/2/911 927/2/912
f 924/2/909 923/2/908 929/2/914
f 929/2/914 927/2/912 924/2/909
f 923/2/908 283/2/269 930/2/915
f 923/2/908 930/2/915 929/2/914
f 283/2/269 280/2/266 930/2/915
f 277/2/263 930/2/915 280/2/266
f 931/2/916 928/2/913 927/2/912
f 927/2/912 929/2/914 931/2/916
f 929/2/914 930/2/915 932/2/917
f 930/2/915 277/2/263 932/2/917
f 929/2/914 932/2/917 931/2/916
f 277/2/263 933/2/918 932/2/917
f 931/2/916 932/2/917 933/2/918
f 933/2/918 277/2/263 276/2/262
f 928/2/913 931/2/916 934/2/919
f 931/2/916 933/2/918 934/2/919
f 928/2/913 934/2/919 935/2/920
f 276/2/262 273/2/259 933/2/918
f 933/2/918 936/2/921 934/2/919
f 936/2/921 933/2/918 273/2/259
f 934/2/919 937/2/922 935/2/920
f 937/2/922 934/2/919 936/2/921
f 938/2/923 935/2/920 937/2/922
f 937/2/922 173/2/159 938/2/923
f 173/2/159 937/2/922 939/2/924
f 936/2/921 939/2/924 937/2/922
f 939/2/924 171/2/157 173/2/159
f 273/2/259 940/2/925 936/2/921
f 939/2/924 936/2/921 940/2/925
f 171/2/157 939/2/924 941/2/926
f 940/2/925 941/2/926 939/2/924
f 941/2/926 167/2/153 171/2/157
f 940/2/925 273/2/259 942/2/927
f 273/2/259 270/2/256 942/2/927
f 942/2/927 270/2/256 269/2/255
f 942/2/927 943/2/928 940/2/925
f 941/2/926 940/2/925 943/2/928
f 942/2/927 269/2/255 944/2/929
f 943/2/928 942/2/927 944/2/929
f 944/2/929 269/2/255 267/2/253
f 167/2/153 941/2/926 945/2/930
f 943/2/928 945/2/930 941/2/926
f 945/2/930 170/2/156 167/2/153
f 170/2/156 945/2/930 946/2/931
f 945/2/930 943/2/928 947/2/932
f 947/2/932 946/2/931 945/2/930
f 944/2/929 947/2/932 943/2/928
f 946/2/931 947/2/932 948/2/933
f 944/2/929 267/2/253 949/2/934
f 947/2/932 944/2/929 949/2/934
f 949/2/934 948/2/933 947/2/932
f 949/2/934 267/2/253 268/2/254
f 948/2/933 949/2/934 950/2/935
f 949/2/934 268/2/254 950/2/935
f 307/2/293 316/2/302 951/2/936
f 951/2/936 304/2/290 307/2/293
f 480/2/466 316/2/302 315/2/301
f 304/2/290 951/2/936 952/2/937
f 952/2/937 218/2/204 304/2/290
f 953/2/388 951/2/936 316/2/302
f 316/2/302 480/2/466 953/2/388
f 954/2/938 952/2/937 951/2/936
f 951/2/936 953/2/388 954/2/938
f 218/2/204 952/2/937 955/2/939
f 216/2/202 218/2/204 955/2/939
f 952/2/937 954/2/938 956/2/940
f 956/2/940 955/2/939 952/2/937
f 955/2/939 957/2/941 216/2/202
f 955/2/939 956/2/940 958/2/942
f 957/2/941 955/2/939 958/2/942
f 216/2/202 957/2/941 213/2/199
f 956/2/940 959/2/943 958/2/942
f 959/2/943 957/2/941 958/2/942
f 956/2/940 954/2/938 960/2/944
f 959/2/943 956/2/940 960/2/944
f 961/2/945 960/2/944 954/2/938
f 954/2/938 953/2/388 961/2/945
f 960/2/944 553/2/539 959/2/943
f 957/2/941 959/2/943 920/2/905
f 920/2/905 213/2/199 957/2/941
f 553/2/539 920/2/905 959/2/943
f 953/2/388 962/2/946 961/2/945
f 960/2/944 961/2/945 963/2/947
f 553/2/539 960/2/944 963/2/947
f 964/2/948 963/2/947 961/2/945
f 961/2/945 962/2/946 964/2/948
f 480/2/466 962/2/946 953/2/388
f 965/2/949 963/2/947 964/2/948
f 549/2/535 553/2/539 963/2/947
f 963/2/947 965/2/949 549/2/535
f 966/2/950 964/2/948 962/2/946
f 964/2/948 967/2/951 965/2/949
f 967/2/951 964/2/948 966/2/950
f 968/2/952 966/2/950 962/2/946
f 962/2/946 480/2/466 968/2/952
f 966/2/950 969/2/953 967/2/951
f 966/2/950 968/2/952 969/2/953
f 464/2/450 965/2/949 967/2/951
f 967/2/951 969/2/953 465/2/451
f 967/2/951 465/2/451 464/2/450
f 968/2/952 470/2/456 969/2/953
f 969/2/953 470/2/456 465/2/451
f 480/2/466 472/2/458 968/2/952
f 470/2/456 968/2/952 472/2/458
f 965/2/949 464/2/450 468/2/454
f 468/2/454 549/2/535 965/2/949
f 970/2/954 926/2/911 928/2/913
f 970/2/954 971/2/955 926/2/911
f 971/2/955 970/2/954 972/2/956
f 205/2/191 926/2/911 971/2/955
f 970/2/954 973/2/957 972/2/956
f 974/2/958 971/2/955 972/2/956
f 973/2/957 974/2/958 972/2/956
f 971/2/955 974/2/958 201/2/187
f 201/2/187 205/2/191 971/2/955
f 974/2/958 973/2/957 975/2/959
f 198/2/184 201/2/187 974/2/958
f 975/2/959 198/2/184 974/2/958
f 973/2/957 970/2/954 976/2/960
f 928/2/913 976/2/960 970/2/954
f 977/2/961 975/2/959 973/2/957
f 976/2/960 977/2/961 973/2/957
f 975/2/959 977/2/961 978/2/962
f 977/2/961 976/2/960 938/2/923
f 198/2/184 975/2/959 979/2/963
f 978/2/962 979/2/963 975/2/959
f 980/2/964 978/2/962 977/2/961
f 938/2/923 980/2/964 977/2/961
f 979/2/963 978/2/962 981/2/965
f 935/2/920 938/2/923 976/2/960
f 976/2/960 928/2/913 935/2/920
f 193/2/179 198/2/184 979/2/963
f 981/2/965 193/2/179 979/2/963
f 978/2/962 980/2/964 982/2/966
f 982/2/966 981/2/965 978/2/962
f 172/2/158 982/2/966 980/2/964
f 193/2/179 981/2/965 187/2/173
f 981/2/965 982/2/966 983/2/967
f 983/2/967 187/2/173 981/2/965
f 984/2/968 983/2/967 982/2/966
f 982/2/966 172/2/158 984/2/968
f 182/2/168 187/2/173 983/2/967
f 173/2/159 172/2/158 980/2/964
f 980/2/964 938/2/923 173/2/159
f 983/2/967 984/2/968 985/2/969
f 985/2/969 182/2/168 983/2/967
f 169/2/155 984/2/968 172/2/158
f 986/2/970 985/2/969 984/2/968
f 984/2/968 169/2/155 986/2/970
f 168/2/154 986/2/970 169/2/155
f 986/2/970 168/2/154 987/2/971
f 987/2/971 988/2/972 986/2/970
f 985/2/969 986/2/970 988/2/972
f 988/2/972 987/2/971 166/2/152
f 178/2/164 182/2/168 985/2/969
f 988/2/972 178/2/164 985/2/969
f 166/2/152 165/2/151 988/2/972
f 165/2/151 178/2/164 988/2/972
o RenderMesh_136768111520930
v -0.442665 1.506094 0.000000
v -0.449625 1.515408 -0.056501
v -0.416934 1.543201 -0.055378
v -0.410113 1.534072 0.000000
v -0.416934 1.543201 0.055379
v -0.435854 1.568531 -0.101949
v -0.449625 1.515408 0.056502
v -0.435854 1.568531 0.101950
v -0.559387 1.452486 0.000000
v -0.468928 1.541251 -0.104016
v -0.468928 1.541251 0.104017
v -0.565546 1.459709 -0.046229
v -0.565546 1.459709 0.046230
v -0.667385 1.385012 0.000000
v -0.673439 1.391252 -0.042249
v -0.673439 1.391252 0.042250
v -0.582632 1.479755 -0.085106
v -0.690234 1.408565 -0.077780
v -0.582632 1.479755 0.085106
v -0.690234 1.408565 0.077781
v -0.497709 1.579790 -0.134602
v -0.464062 1.606304 -0.131927
v -0.608105 1.509646 -0.110131
v -0.715273 1.434384 -0.100649
v -0.531080 1.624434 -0.144462
v -0.496770 1.650060 -0.141591
v -0.637638 1.544272 -0.118198
v -0.744303 1.464289 -0.108023
v -0.528824 1.692864 -0.129377
v -0.666578 1.578139 -0.108002
v -0.772745 1.493540 -0.098705
v -0.563784 1.668107 -0.131999
v -0.555595 1.728566 -0.098241
v -0.690746 1.606386 -0.082010
v -0.796494 1.517932 -0.074951
v -0.591098 1.704531 -0.100233
v -0.573078 1.751864 -0.052829
v -0.706527 1.624819 -0.044101
v -0.812002 1.533849 -0.040304
v -0.608935 1.728301 -0.053900
v -0.579246 1.760078 -0.000000
v -0.712094 1.631318 -0.000000
v -0.817473 1.539460 0.000000
v -0.615227 1.736682 -0.000000
v -0.812002 1.533849 0.040305
v -0.608935 1.728301 0.053900
v -0.573078 1.751864 0.052830
v -0.706527 1.624819 0.044101
v -0.796494 1.517932 0.074951
v -0.591098 1.704531 0.100234
v -0.555595 1.728566 0.098242
v -0.690745 1.606386 0.082011
v -0.772745 1.493540 0.098706
v -0.563784 1.668107 0.132001
v -0.528824 1.692864 0.129377
v -0.666578 1.578139 0.108002
v -0.744303 1.464289 0.108024
v -0.531080 1.624434 0.144462
v -0.496770 1.650060 0.141591
v -0.637638 1.544271 0.118198
v -0.715273 1.434384 0.100650
v -0.464062 1.606304 0.131927
v -0.608105 1.509646 0.110132
v -0.497709 1.579790 0.134602
vn 0.5411 -0.8410 0.0004
vn 0.4950 -0.7782 -0.3865
vn 0.6046 -0.6955 -0.3883
vn 0.6522 -0.7581 0.0005
vn 0.6046 -0.6955 0.3883
vn 0.4699 -0.5162 -0.7161
vn 0.4950 -0.7782 0.3865
vn 0.4699 -0.5162 0.7161
vn 0.4736 -0.8807 -0.0000
vn 0.3627 -0.5984 -0.7144
vn 0.3627 -0.5984 0.7144
vn 0.4290 -0.8187 -0.3817
vn 0.4290 -0.8187 0.3817
vn 0.5303 -0.8478 0.0004
vn 0.4836 -0.7844 -0.3885
vn 0.4836 -0.7844 0.3885
vn 0.3003 -0.6421 -0.7054
vn 0.3498 -0.6019 -0.7179
vn 0.3003 -0.6421 0.7054
vn 0.3499 -0.6019 0.7178
vn 0.1657 -0.3311 -0.9290
vn 0.2702 -0.2491 -0.9300
vn 0.1072 -0.3766 -0.9202
vn 0.1501 -0.3310 -0.9316
vn -0.0635 -0.0199 -0.9978
vn 0.0387 0.0599 -0.9975
vn -0.1199 -0.0668 -0.9905
vn -0.0809 -0.0181 -0.9966
vn -0.1892 0.3633 -0.9123
vn -0.3442 0.2384 -0.9081
vn -0.3070 0.2860 -0.9077
vn -0.2896 0.2851 -0.9137
vn -0.3779 0.6155 -0.6917
vn -0.5324 0.4919 -0.6889
vn -0.4943 0.5356 -0.6847
vn -0.4780 0.5399 -0.6928
vn -0.5022 0.7811 -0.3712
vn -0.6552 0.6587 -0.3699
vn -0.6152 0.6981 -0.3663
vn -0.6023 0.7065 -0.3717
vn -0.5453 0.8383 0.0004
vn -0.6981 0.7160 0.0005
vn -0.6570 0.7539 0.0003
vn -0.6453 0.7639 0.0003
vn -0.6152 0.6981 0.3663
vn -0.6024 0.7063 0.3718
vn -0.5022 0.7811 0.3712
vn -0.6553 0.6586 0.3700
vn -0.4943 0.5356 0.6847
vn -0.4780 0.5399 0.6928
vn -0.3779 0.6155 0.6917
vn -0.5324 0.4918 0.6890
vn -0.3070 0.2860 0.9077
vn -0.2896 0.2851 0.9137
vn -0.1892 0.3633 0.9123
vn -0.3442 0.2383 0.9081
vn -0.0810 -0.0180 0.9966
vn -0.0635 -0.0199 0.9978
vn 0.0387 0.0599 0.9975
vn -0.1199 -0.0668 0.9905
vn 0.1501 -0.3310 0.9316
vn 0.2702 -0.2491 0.9300
vn 0.1072 -0.3766 0.9202
vn 0.1657 -0.3311 0.9289
vt 0.000000 0.000000
s 1
f 989/3/973 990/3/974 991/3/975
f 991/3/975 992/3/976 989/3/973
f 993/3/977 989/3/973 992/3/976
f 994/3/978 991/3/975 990/3/974
f 989/3/973 993/3/977 995/3/979
f 996/3/980 995/3/979 993/3/977
f 989/3/973 997/3/981 990/3/974
f 995/3/979 997/3/981 989/3/973
f 990/3/974 998/3/982 994/3/978
f 995/3/979 996/3/980 999/3/983
f 1000/3/984 990/3/974 997/3/981
f 998/3/982 990/3/974 1000/3/984
f 997/3/981 995/3/979 1001/3/985
f 999/3/983 1001/3/985 995/3/979
f 997/3/981 1002/3/986 1000/3/984
f 1001/3/985 1002/3/986 997/3/981
f 1003/3/987 1000/3/984 1002/3/986
f 1002/3/986 1001/3/985 1004/3/988
f 1000/3/984 1003/3/987 1005/3/989
f 1005/3/989 998/3/982 1000/3/984
f 1006/3/990 1005/3/989 1003/3/987
f 1007/3/991 1004/3/988 1001/3/985
f 1001/3/985 999/3/983 1007/3/991
f 1004/3/988 1007/3/991 1008/3/992
f 1005/3/989 1009/3/993 998/3/982
f 1009/3/993 994/3/978 998/3/982
f 994/3/978 1009/3/993 1010/3/994
f 1006/3/990 1011/3/995 1005/3/989
f 1011/3/995 1009/3/993 1005/3/989
f 1012/3/996 1011/3/995 1006/3/990
f 1013/3/997 1010/3/994 1009/3/993
f 1011/3/995 1013/3/997 1009/3/993
f 1010/3/994 1013/3/997 1014/3/998
f 1012/3/996 1015/3/999 1011/3/995
f 1015/3/999 1013/3/997 1011/3/995
f 1016/3/1000 1015/3/999 1012/3/996
f 1013/3/997 1017/3/1001 1014/3/998
f 1016/3/1000 1018/3/1002 1015/3/999
f 1018/3/1002 1013/3/997 1015/3/999
f 1019/3/1003 1018/3/1002 1016/3/1000
f 1013/3/997 1020/3/1004 1017/3/1001
f 1013/3/997 1018/3/1002 1020/3/1004
f 1020/3/1004 1021/3/1005 1017/3/1001
f 1019/3/1003 1022/3/1006 1018/3/1002
f 1022/3/1006 1020/3/1004 1018/3/1002
f 1023/3/1007 1022/3/1006 1019/3/1003
f 1020/3/1004 1024/3/1008 1021/3/1005
f 1020/3/1004 1022/3/1006 1024/3/1008
f 1024/3/1008 1025/3/1009 1021/3/1005
f 1023/3/1007 1026/3/1010 1022/3/1006
f 1026/3/1010 1024/3/1008 1022/3/1006
f 1026/3/1010 1023/3/1007 1027/3/1011
f 1025/3/1009 1024/3/1008 1028/3/1012
f 1024/3/1008 1026/3/1010 1028/3/1012
f 1028/3/1012 1029/3/1013 1025/3/1009
f 1027/3/1011 1030/3/1014 1026/3/1010
f 1030/3/1014 1028/3/1012 1026/3/1010
f 1030/3/1014 1027/3/1011 1031/3/1015
f 1029/3/1013 1028/3/1012 1032/3/1016
f 1028/3/1012 1030/3/1014 1032/3/1016
f 1033/3/1017 1030/3/1014 1031/3/1015
f 1034/3/1018 1029/3/1013 1032/3/1016
f 1030/3/1014 1034/3/1018 1032/3/1016
f 1029/3/1013 1034/3/1018 1035/3/1019
f 1030/3/1014 1033/3/1017 1036/3/1020
f 1034/3/1018 1030/3/1014 1036/3/1020
f 1037/3/1021 1036/3/1020 1033/3/1017
f 1038/3/1022 1035/3/1019 1034/3/1018
f 1034/3/1018 1036/3/1020 1038/3/1022
f 1035/3/1019 1038/3/1022 1039/3/1023
f 1036/3/1020 1037/3/1021 1040/3/1024
f 1038/3/1022 1036/3/1020 1040/3/1024
f 1041/3/1025 1040/3/1024 1037/3/1021
f 1042/3/1026 1039/3/1023 1038/3/1022
f 1040/3/1024 1042/3/1026 1038/3/1022
f 1039/3/1023 1042/3/1026 1043/3/1027
f 1040/3/1024 1041/3/1025 1044/3/1028
f 1042/3/1026 1040/3/1024 1044/3/1028
f 1045/3/1029 1044/3/1028 1041/3/1025
f 1046/3/1030 1043/3/1027 1042/3/1026
f 1044/3/1028 1046/3/1030 1042/3/1026
f 1043/3/1027 1046/3/1030 1047/3/1031
f 1044/3/1028 1045/3/1029 1048/3/1032
f 1046/3/1030 1044/3/1028 1048/3/1032
f 1049/3/1033 1048/3/1032 1045/3/1029
f 1046/3/1030 1050/3/1034 1047/3/1031
f 1048/3/1032 1049/3/1033 1051/3/1035
f 1051/3/1035 1046/3/1030 1048/3/1032
f 1008/3/992 1051/3/1035 1049/3/1033
f 1051/3/1035 1008/3/992 1007/3/991
f 1046/3/1030 1051/3/1035 1052/3/1036
f 1050/3/1034 1046/3/1030 1052/3/1036
f 1007/3/991 1052/3/1036 1051/3/1035
f 1052/3/1036 996/3/980 1050/3/1034
f 1052/3/1036 1007/3/991 999/3/983
f 996/3/980 1052/3/1036 999/3/983
