# Blender 5.2.0 LTS
# www.blender.org
mtllib ppeppermint sherifdf.mtl
o RenderMesh_107022764988861
v 0.344299 0.324114 -0.223108
v 0.333293 0.344286 -0.167379
v 0.341650 0.324114 -0.167379
v 0.335168 0.346160 -0.223108
v 0.333293 0.344286 -0.289633
v 0.341650 0.324114 -0.289633
v -0.166264 0.266161 -0.201888
v -0.166264 0.266161 -0.255709
v -0.124012 0.289265 -0.228798
v -0.136130 0.312490 -0.273424
v -0.081379 0.312894 -0.254382
v -0.188483 0.223232 -0.228798
v -0.213134 0.238903 -0.180180
v -0.212365 0.183148 -0.198435
v -0.262490 0.198899 -0.170246
v -0.241142 0.137694 -0.173396
v -0.303521 0.140358 -0.175946
v -0.267804 0.078493 -0.161859
v -0.321765 0.066476 -0.196841
v -0.278070 0.005137 -0.168117
v -0.307642 -0.010293 -0.228798
v -0.259294 -0.072025 -0.191742
v -0.259294 -0.072025 -0.265854
v -0.195331 -0.140188 -0.228798
v -0.172304 -0.109072 -0.295904
v -0.127651 -0.136509 -0.250950
v -0.107066 -0.104129 -0.273102
v -0.094006 -0.112430 -0.228798
v -0.136130 0.312490 -0.184172
v -0.159881 0.358008 -0.184485
v -0.197768 0.300475 -0.176236
v -0.091010 0.356148 -0.177630
v -0.227864 0.333255 -0.203091
v -0.259563 0.268417 -0.182043
v -0.280804 0.281920 -0.228798
v -0.308509 0.213359 -0.200913
v -0.308509 0.213359 -0.256683
v -0.331001 0.141531 -0.228798
v -0.303521 0.140358 -0.281650
v -0.321765 0.066476 -0.260755
v -0.267804 0.078493 -0.295737
v -0.278070 0.005137 -0.289479
v -0.214980 0.038059 -0.291471
v -0.212188 -0.028555 -0.304046
v -0.163719 0.016386 -0.267021
v -0.126225 -0.046643 -0.295943
v -0.103248 -0.015397 -0.228798
v -0.086481 -0.071748 -0.250950
v -0.086481 -0.071748 -0.206646
v -0.094006 -0.112430 -0.228798
v 0.324971 0.339160 -0.289633
v 0.341650 0.324114 -0.289633
v 0.332147 0.321850 -0.289633
v 0.333293 0.344286 -0.289633
v 0.322637 0.321850 -0.289633
v 0.318246 0.332437 -0.289633
v 0.313120 0.324114 -0.289633
v 0.310857 0.314597 -0.289633
v 0.318257 0.315786 -0.289633
v 0.310857 0.305086 -0.289633
v 0.324981 0.309063 -0.289633
v 0.313120 0.295585 -0.289633
v 0.333293 0.303940 -0.289633
v 0.303619 0.321850 -0.289633
v 0.304798 0.318988 -0.289633
v 0.294108 0.321850 -0.289633
v 0.298074 0.312264 -0.289633
v 0.284591 0.324114 -0.289633
v 0.292947 0.303940 -0.289633
v 0.304808 0.329235 -0.289633
v 0.310857 0.333616 -0.289633
v 0.298084 0.335960 -0.289633
v 0.310857 0.343126 -0.289633
v 0.292947 0.344286 -0.289633
v 0.313120 0.352642 -0.289633
v 0.301270 0.309067 -0.167379
v 0.303604 0.321850 -0.167379
v 0.294094 0.321850 -0.167379
v 0.307994 0.315792 -0.167379
v 0.292947 0.303940 -0.167379
v 0.284591 0.324114 -0.167379
v 0.313120 0.324114 -0.167379
v 0.310857 0.314612 -0.167379
v 0.318241 0.315802 -0.167379
v 0.310857 0.305103 -0.167379
v 0.324965 0.309078 -0.167379
v 0.313120 0.295585 -0.167379
v 0.333293 0.303940 -0.167379
v 0.322622 0.321850 -0.167379
v 0.321443 0.329241 -0.167379
v 0.332133 0.321850 -0.167379
v 0.328167 0.335965 -0.167379
v 0.341650 0.324114 -0.167379
v 0.333293 0.344286 -0.167379
v 0.304793 0.329251 -0.167379
v 0.310857 0.333632 -0.167379
v 0.298069 0.335975 -0.167379
v 0.310857 0.343141 -0.167379
v 0.292947 0.344286 -0.167379
v 0.313120 0.352642 -0.167379
v 0.313120 0.292935 -0.223108
v 0.333293 0.303940 -0.167379
v 0.313120 0.295585 -0.167379
v 0.335168 0.302068 -0.223108
v 0.333293 0.303940 -0.289633
v 0.313120 0.295585 -0.289633
v 0.313120 0.355293 -0.223108
v 0.292947 0.344286 -0.167379
v 0.313120 0.352642 -0.167379
v 0.291073 0.346160 -0.223108
v 0.292947 0.344286 -0.289633
v 0.313120 0.352642 -0.289633
v -0.094006 -0.112430 -0.228798
v -0.107066 -0.104129 -0.184494
v -0.127651 -0.136507 -0.206646
v -0.172304 -0.109072 -0.161692
v -0.126225 -0.046643 -0.161653
v -0.212188 -0.028555 -0.153550
v -0.163719 0.016386 -0.190575
v -0.214980 0.038059 -0.166125
v -0.182050 0.055241 -0.228798
v -0.209377 0.091505 -0.194209
v -0.209377 0.091505 -0.263387
v -0.207853 0.136273 -0.228798
v -0.241142 0.137694 -0.284200
v -0.212365 0.183148 -0.259161
v -0.262490 0.198899 -0.287350
v -0.213134 0.238903 -0.277416
v -0.259563 0.268417 -0.275553
v -0.197768 0.300475 -0.281360
v -0.227864 0.333256 -0.254505
v -0.159881 0.358008 -0.273111
v -0.171716 0.380689 -0.228798
v -0.100644 0.399400 -0.254382
v 0.281941 0.324114 -0.223108
v 0.292947 0.303940 -0.167379
v 0.284591 0.324114 -0.167379
v 0.291073 0.302068 -0.223108
v 0.292947 0.303940 -0.289633
v 0.284591 0.324114 -0.289633
vn 0.9239 0.3827 0.0035
vn 0.9230 0.3824 0.0439
vn 0.9232 0.3825 -0.0368
vn 0.7617 -0.6210 0.1850
vn 0.6453 -0.7446 -0.1706
vn 0.5371 -0.7643 -0.3570
vn 0.4220 -0.7522 -0.5061
vn 0.7757 -0.5196 0.3582
vn 0.6847 -0.2971 0.6655
vn 0.5846 -0.1834 0.7903
vn 0.3131 -0.0251 0.9494
vn 0.1176 0.0295 0.9926
vn -0.1979 0.0341 0.9796
vn -0.4092 -0.0184 0.9123
vn -0.6339 -0.1425 0.7602
vn -0.7555 -0.2754 0.5945
vn -0.8197 -0.4498 0.3546
vn -0.7955 -0.5913 0.1322
vn -0.6783 -0.7231 -0.1306
vn -0.4720 -0.7986 -0.3734
vn -0.1604 -0.8256 -0.5410
vn 0.1954 -0.7855 -0.5872
vn 0.4591 -0.6816 -0.5698
vn 0.4592 -0.6816 -0.5697
vn 0.0073 0.0107 0.9999
vn -0.0831 0.1132 0.9901
vn -0.2609 0.3132 0.9131
vn 0.0074 0.0107 0.9999
vn -0.4416 0.4321 0.7863
vn -0.6571 0.4878 0.5747
vn -0.7991 0.4723 0.3721
vn -0.9175 0.3826 0.1088
vn -0.9517 0.2848 -0.1147
vn -0.9198 0.1543 -0.3607
vn -0.8138 0.0559 -0.5784
vn -0.6460 -0.0138 -0.7632
vn -0.4015 -0.0223 -0.9156
vn -0.2139 0.0169 -0.9767
vn 0.0798 0.1716 -0.9819
vn 0.1854 0.2649 -0.9463
vn 0.4571 0.4409 -0.7724
vn 0.5956 0.4944 -0.6331
vn 0.8206 0.4324 -0.3738
vn 0.9425 0.2727 -0.1930
vn 0.9955 0.0948 -0.0000
vn -0.0000 -0.0000 -1.0000
vn -0.0000 -0.0000 1.0000
vn 0.3827 -0.9239 0.0035
vn 0.3823 -0.9230 0.0439
vn 0.3824 -0.9233 -0.0368
vn -0.3827 0.9239 0.0035
vn -0.3823 0.9230 0.0439
vn -0.3824 0.9233 -0.0368
vn 0.4591 -0.6816 0.5698
vn 0.3847 -0.5174 0.7644
vn 0.2684 -0.2886 0.9191
vn 0.2340 0.0211 0.9720
vn 0.2821 0.2120 0.9357
vn 0.4903 0.4263 0.7601
vn 0.5681 0.4436 0.6932
vn 0.8581 0.4135 0.3043
vn 0.8900 0.3913 0.2341
vn 0.9530 0.2087 -0.2198
vn 0.9347 0.1611 -0.3169
vn 0.7433 0.0073 -0.6690
vn 0.6282 -0.0295 -0.7775
vn 0.3365 -0.0323 -0.9411
vn 0.1395 0.0224 -0.9900
vn -0.0907 0.1510 -0.9844
vn -0.2581 0.3197 -0.9117
vn -0.3581 0.4951 -0.7916
vn -0.3939 0.7022 -0.5931
vn -0.3991 0.7686 -0.5000
vn -0.9239 -0.3827 0.0035
vn -0.9230 -0.3823 0.0439
vn -0.9233 -0.3824 -0.0368
vt 0.000000 0.000000
s 1
f 1/1/1 2/1/2 3/1/2
f 2/1/2 1/1/1 4/1/1
f 5/1/3 4/1/1 1/1/1
f 1/1/1 6/1/3 5/1/3
f 7/1/4 8/1/5 9/1/6
f 9/1/6 8/1/5 10/1/7
f 9/1/6 10/1/7 11/1/7
f 8/1/5 7/1/4 12/1/8
f 13/1/9 12/1/8 7/1/4
f 12/1/8 13/1/9 14/1/10
f 15/1/11 14/1/10 13/1/9
f 14/1/10 15/1/11 16/1/12
f 17/1/13 16/1/12 15/1/11
f 16/1/12 17/1/13 18/1/14
f 19/1/15 18/1/14 17/1/13
f 18/1/14 19/1/15 20/1/16
f 21/1/17 20/1/16 19/1/15
f 20/1/16 21/1/17 22/1/18
f 22/1/18 21/1/17 23/1/19
f 24/1/20 22/1/18 23/1/19
f 25/1/21 24/1/20 23/1/19
f 24/1/20 25/1/21 26/1/22
f 25/1/21 27/1/23 26/1/22
f 27/1/23 28/1/24 26/1/22
f 29/1/25 30/1/26 31/1/27
f 30/1/26 29/1/25 32/1/28
f 33/1/29 31/1/27 30/1/26
f 31/1/27 33/1/29 34/1/30
f 35/1/31 34/1/30 33/1/29
f 34/1/30 35/1/31 36/1/32
f 36/1/32 35/1/31 37/1/33
f 38/1/34 36/1/32 37/1/33
f 39/1/35 38/1/34 37/1/33
f 38/1/34 39/1/35 40/1/36
f 41/1/37 40/1/36 39/1/35
f 40/1/36 41/1/37 42/1/38
f 43/1/39 42/1/38 41/1/37
f 42/1/38 43/1/39 44/1/40
f 45/1/41 44/1/40 43/1/39
f 44/1/40 45/1/41 46/1/42
f 47/1/43 46/1/42 45/1/41
f 46/1/42 47/1/43 48/1/44
f 49/1/45 48/1/44 47/1/43
f 48/1/44 49/1/45 50/1/45
f 51/1/46 52/1/46 53/1/46
f 52/1/46 51/1/46 54/1/46
f 51/1/46 53/1/46 55/1/46
f 55/1/46 56/1/46 51/1/46
f 56/1/46 55/1/46 57/1/46
f 58/1/46 57/1/46 59/1/46
f 59/1/46 60/1/46 58/1/46
f 60/1/46 59/1/46 61/1/46
f 60/1/46 61/1/46 62/1/46
f 62/1/46 61/1/46 63/1/46
f 64/1/46 57/1/46 65/1/46
f 65/1/46 66/1/46 64/1/46
f 66/1/46 65/1/46 67/1/46
f 67/1/46 68/1/46 66/1/46
f 69/1/46 68/1/46 67/1/46
f 70/1/46 71/1/46 57/1/46
f 71/1/46 70/1/46 72/1/46
f 72/1/46 73/1/46 71/1/46
f 74/1/46 73/1/46 72/1/46
f 73/1/46 74/1/46 75/1/46
f 76/1/47 77/1/47 78/1/47
f 77/1/47 76/1/47 79/1/47
f 76/1/47 78/1/47 80/1/47
f 80/1/47 78/1/47 81/1/47
f 79/1/47 82/1/47 77/1/47
f 83/1/47 84/1/47 82/1/47
f 84/1/47 83/1/47 85/1/47
f 84/1/47 85/1/47 86/1/47
f 87/1/47 86/1/47 85/1/47
f 86/1/47 87/1/47 88/1/47
f 89/1/47 90/1/47 82/1/47
f 90/1/47 89/1/47 91/1/47
f 92/1/47 90/1/47 91/1/47
f 93/1/47 92/1/47 91/1/47
f 92/1/47 93/1/47 94/1/47
f 95/1/47 82/1/47 96/1/47
f 96/1/47 97/1/47 95/1/47
f 97/1/47 96/1/47 98/1/47
f 98/1/47 99/1/47 97/1/47
f 98/1/47 100/1/47 99/1/47
f 101/1/48 102/1/49 103/1/49
f 102/1/49 101/1/48 104/1/48
f 105/1/50 104/1/48 101/1/48
f 101/1/48 106/1/50 105/1/50
f 107/1/51 108/1/52 109/1/52
f 108/1/52 107/1/51 110/1/51
f 111/1/53 110/1/51 107/1/51
f 107/1/51 112/1/53 111/1/53
f 113/1/54 114/1/55 115/1/54
f 115/1/54 114/1/55 116/1/56
f 117/1/57 116/1/56 114/1/55
f 116/1/56 117/1/57 118/1/58
f 119/1/59 118/1/58 117/1/57
f 118/1/58 119/1/59 120/1/60
f 121/1/61 120/1/60 119/1/59
f 120/1/60 121/1/61 122/1/62
f 123/1/63 122/1/62 121/1/61
f 122/1/62 123/1/63 124/1/64
f 124/1/64 123/1/63 125/1/65
f 124/1/64 125/1/65 126/1/66
f 127/1/67 126/1/66 125/1/65
f 126/1/66 127/1/67 128/1/68
f 129/1/69 128/1/68 127/1/67
f 128/1/68 129/1/69 130/1/70
f 131/1/71 130/1/70 129/1/69
f 130/1/70 131/1/71 132/1/72
f 133/1/73 132/1/72 131/1/71
f 132/1/72 133/1/73 134/1/73
f 135/1/74 136/1/75 137/1/75
f 136/1/75 135/1/74 138/1/74
f 139/1/76 138/1/74 135/1/74
f 135/1/74 140/1/76 139/1/76
o RenderMesh_120858334972295
v -0.107084 -0.104129 -0.273102
v -0.126243 -0.046643 -0.295943
v -0.086499 -0.071748 -0.250950
v -0.094024 -0.112430 -0.228798
v -0.172322 -0.109072 -0.295904
v -0.212206 -0.028555 -0.304046
v -0.259312 -0.072025 -0.265854
v -0.278088 0.005137 -0.289479
v -0.307660 -0.010293 -0.228798
v -0.321783 0.066474 -0.260755
v -0.321783 0.066474 -0.196841
v -0.331019 0.141531 -0.228798
v -0.303539 0.140358 -0.175946
v -0.308527 0.213359 -0.200913
v -0.262508 0.198899 -0.170246
v -0.259581 0.268417 -0.182043
v -0.213152 0.238903 -0.180180
v -0.197786 0.300475 -0.176236
v -0.166282 0.266161 -0.201888
v -0.136148 0.312490 -0.184172
v -0.124030 0.289265 -0.228798
v -0.081397 0.312894 -0.203214
v 0.333275 0.303940 -0.167379
v 0.335150 0.302066 -0.223108
v 0.344281 0.324114 -0.223108
v 0.341632 0.324114 -0.167379
v 0.333275 0.303940 -0.289633
v 0.341632 0.324114 -0.289633
v 0.333275 0.344286 -0.167379
v 0.335150 0.346160 -0.223108
v 0.313102 0.355293 -0.223108
v 0.313102 0.352642 -0.167379
v 0.333275 0.344286 -0.289633
v 0.313102 0.352642 -0.289633
v 0.324963 0.309062 -0.289633
v 0.322620 0.321850 -0.289633
v 0.332129 0.321850 -0.289633
v 0.318239 0.315786 -0.289633
v 0.333275 0.303940 -0.289633
v 0.341632 0.324114 -0.289633
v 0.313102 0.324114 -0.289633
v 0.304780 0.318988 -0.289633
v 0.310839 0.314597 -0.289633
v 0.298056 0.312264 -0.289633
v 0.310839 0.305086 -0.289633
v 0.292929 0.303940 -0.289633
v 0.313102 0.295585 -0.289633
v 0.303601 0.321850 -0.289633
v 0.304790 0.329235 -0.289633
v 0.294090 0.321850 -0.289633
v 0.298066 0.335960 -0.289633
v 0.284573 0.324114 -0.289633
v 0.292929 0.344286 -0.289633
v 0.310839 0.333616 -0.289633
v 0.318228 0.332437 -0.289633
v 0.310839 0.343126 -0.289633
v 0.324953 0.339160 -0.289633
v 0.313102 0.352642 -0.289633
v 0.333275 0.344286 -0.289633
v 0.292929 0.303940 -0.167379
v 0.313102 0.295585 -0.167379
v 0.301252 0.309067 -0.167379
v 0.310839 0.305103 -0.167379
v 0.307976 0.315791 -0.167379
v 0.310839 0.314612 -0.167379
v 0.313102 0.324114 -0.167379
v 0.318223 0.315802 -0.167379
v 0.322604 0.321850 -0.167379
v 0.324947 0.309078 -0.167379
v 0.332115 0.321850 -0.167379
v 0.333275 0.303940 -0.167379
v 0.341632 0.324114 -0.167379
v 0.321425 0.329241 -0.167379
v 0.310839 0.333632 -0.167379
v 0.328149 0.335965 -0.167379
v 0.310839 0.343141 -0.167379
v 0.313102 0.352642 -0.167379
v 0.333275 0.344286 -0.167379
v 0.303586 0.321850 -0.167379
v 0.304775 0.329251 -0.167379
v 0.294076 0.321850 -0.167379
v 0.298051 0.335975 -0.167379
v 0.284573 0.324114 -0.167379
v 0.292929 0.344286 -0.167379
v -0.212383 0.183148 -0.198435
v -0.212383 0.183148 -0.259161
v -0.188501 0.223232 -0.228798
v -0.213152 0.238903 -0.277416
v -0.207871 0.136273 -0.228798
v -0.166282 0.266161 -0.255709
v -0.241160 0.137694 -0.173396
v -0.197786 0.300475 -0.281360
v -0.209395 0.091505 -0.194209
v -0.136148 0.312490 -0.273424
v -0.159899 0.358008 -0.273111
v -0.091028 0.356148 -0.279966
v -0.267822 0.078493 -0.161859
v -0.214998 0.038059 -0.166125
v -0.278088 0.005137 -0.168117
v -0.212206 -0.028555 -0.153550
v -0.259312 -0.072025 -0.191742
v -0.172322 -0.109072 -0.161692
v -0.195349 -0.140188 -0.228798
v -0.127669 -0.136507 -0.206646
v -0.127669 -0.136509 -0.250950
v -0.094024 -0.112430 -0.228798
v -0.163737 0.016386 -0.190575
v -0.103266 -0.015397 -0.228798
v -0.182068 0.055241 -0.228798
v -0.126243 -0.046643 -0.161653
v -0.163737 0.016386 -0.267021
v -0.086499 -0.071748 -0.206646
v -0.107084 -0.104129 -0.184494
v -0.094024 -0.112430 -0.228798
v -0.214998 0.038059 -0.291471
v -0.209395 0.091505 -0.263387
v -0.267822 0.078493 -0.295737
v -0.241160 0.137694 -0.284200
v -0.303539 0.140358 -0.281650
v -0.262508 0.198899 -0.287350
v -0.308527 0.213359 -0.256683
v -0.259581 0.268417 -0.275553
v -0.280822 0.281920 -0.228798
v -0.227882 0.333256 -0.254505
v -0.227882 0.333255 -0.203091
v -0.171734 0.380689 -0.228798
v -0.159899 0.358008 -0.184485
v -0.100662 0.399400 -0.203214
v 0.292929 0.303940 -0.167379
v 0.291055 0.302066 -0.223108
v 0.313102 0.292934 -0.223108
v 0.313102 0.295585 -0.167379
v 0.292929 0.303940 -0.289633
v 0.313102 0.295585 -0.289633
v 0.292929 0.344286 -0.167379
v 0.291055 0.346160 -0.223108
v 0.281923 0.324114 -0.223108
v 0.284573 0.324114 -0.167379
v 0.292929 0.344286 -0.289633
v 0.284573 0.324114 -0.289633
vn 0.6292 -0.1582 -0.7610
vn 0.3512 -0.1495 -0.9243
vn 0.8249 -0.1518 -0.5446
vn 0.0172 -0.1999 -0.9797
vn -0.2467 -0.2820 -0.9271
vn -0.5399 -0.3401 -0.7700
vn -0.6987 -0.3500 -0.6239
vn -0.8875 -0.2985 -0.3510
vn -0.9637 -0.2188 -0.1528
vn -0.9874 -0.0860 0.1331
vn -0.9411 0.0223 0.3374
vn -0.8032 0.1281 0.5817
vn -0.6216 0.1836 0.7615
vn -0.3786 0.1764 0.9086
vn -0.1435 0.1050 0.9841
vn 0.0967 -0.0443 0.9943
vn 0.2553 -0.2147 0.9427
vn 0.3904 -0.4717 0.7906
vn 0.4151 -0.6287 0.6576
vn 0.4222 -0.7521 0.5061
vn 0.4220 -0.7522 0.5061
vn 0.9230 -0.3823 0.0439
vn 0.9239 -0.3826 0.0035
vn 0.9233 -0.3824 -0.0368
vn 0.9232 -0.3825 -0.0368
vn 0.3823 0.9230 0.0439
vn 0.3827 0.9239 0.0035
vn 0.3824 0.9233 -0.0368
vn -0.0000 -0.0000 -1.0000
vn -0.0000 -0.0000 1.0000
vn 0.9662 -0.1038 0.2359
vn 0.9271 -0.3047 -0.2184
vn 0.8819 -0.3423 -0.3242
vn 0.6392 -0.3874 -0.6643
vn 0.9473 -0.0626 0.3143
vn 0.5036 -0.3621 -0.7844
vn 0.7087 0.1114 0.6966
vn 0.2620 -0.2341 -0.9362
vn 0.6238 0.1375 0.7694
vn 0.1022 -0.0801 -0.9915
vn 0.0074 0.0107 -0.9999
vn 0.2632 0.1349 0.9553
vn 0.1141 0.0953 0.9889
vn -0.1793 -0.0807 0.9805
vn -0.3031 -0.2144 0.9285
vn -0.3972 -0.4808 0.7817
vn -0.3726 -0.6817 0.6297
vn -0.1922 -0.9029 0.3846
vn 0.0324 -0.9780 0.2061
vn 0.2642 -0.9645 -0.0000
vn 0.7058 0.6768 0.2092
vn 0.7119 0.6279 0.3145
vn 0.7282 0.6301 -0.2697
vn 0.7727 0.3543 0.5267
vn 0.7262 0.6393 -0.2529
vn 0.8247 0.1165 0.5534
vn 0.8249 -0.1518 0.5446
vn 0.6234 0.3516 -0.6984
vn 0.5793 0.3071 -0.7550
vn 0.2846 0.1468 -0.9473
vn 0.1230 0.1100 -0.9863
vn -0.1717 0.1134 -0.9786
vn -0.3755 0.1753 -0.9101
vn -0.5695 0.2912 -0.7687
vn -0.6835 0.4325 -0.5880
vn -0.7328 0.5741 -0.3652
vn -0.7050 0.6982 -0.1249
vn -0.6224 0.7720 0.1290
vn -0.4818 0.7860 0.3873
vn -0.3991 0.7686 0.5000
vn -0.3823 -0.9230 0.0439
vn -0.3827 -0.9239 0.0035
vn -0.3824 -0.9233 -0.0368
vn -0.9230 0.3823 0.0439
vn -0.9239 0.3827 0.0035
vn -0.9232 0.3824 -0.0368
vt 0.000000 0.000000
s 1
f 141/2/77 142/2/78 143/2/79
f 143/2/79 144/2/79 141/2/77
f 145/2/80 142/2/78 141/2/77
f 142/2/78 145/2/80 146/2/81
f 147/2/82 146/2/81 145/2/80
f 146/2/81 147/2/82 148/2/83
f 149/2/84 148/2/83 147/2/82
f 148/2/83 149/2/84 150/2/85
f 149/2/84 151/2/86 150/2/85
f 151/2/86 152/2/87 150/2/85
f 153/2/88 152/2/87 151/2/86
f 152/2/87 153/2/88 154/2/89
f 155/2/90 154/2/89 153/2/88
f 154/2/89 155/2/90 156/2/91
f 157/2/92 156/2/91 155/2/90
f 156/2/91 157/2/92 158/2/93
f 158/2/93 157/2/92 159/2/94
f 159/2/94 160/2/95 158/2/93
f 161/2/96 160/2/95 159/2/94
f 160/2/95 161/2/96 162/2/97
f 163/2/98 164/2/99 165/2/99
f 165/2/99 166/2/98 163/2/98
f 167/2/100 165/2/99 164/2/99
f 165/2/99 167/2/100 168/2/101
f 169/2/102 170/2/103 171/2/103
f 171/2/103 172/2/102 169/2/102
f 173/2/104 171/2/103 170/2/103
f 171/2/103 173/2/104 174/2/104
f 175/2/105 176/2/105 177/2/105
f 176/2/105 175/2/105 178/2/105
f 177/2/105 179/2/105 175/2/105
f 180/2/105 179/2/105 177/2/105
f 178/2/105 181/2/105 176/2/105
f 182/2/105 181/2/105 183/2/105
f 183/2/105 184/2/105 182/2/105
f 184/2/105 183/2/105 185/2/105
f 185/2/105 186/2/105 184/2/105
f 185/2/105 187/2/105 186/2/105
f 188/2/105 189/2/105 181/2/105
f 189/2/105 188/2/105 190/2/105
f 190/2/105 191/2/105 189/2/105
f 192/2/105 191/2/105 190/2/105
f 191/2/105 192/2/105 193/2/105
f 194/2/105 195/2/105 181/2/105
f 195/2/105 194/2/105 196/2/105
f 195/2/105 196/2/105 197/2/105
f 198/2/105 197/2/105 196/2/105
f 197/2/105 198/2/105 199/2/105
f 200/2/106 201/2/106 202/2/106
f 202/2/106 201/2/106 203/2/106
f 203/2/106 204/2/106 202/2/106
f 204/2/106 203/2/106 205/2/106
f 205/2/106 206/2/106 204/2/106
f 207/2/106 208/2/106 206/2/106
f 208/2/106 207/2/106 209/2/106
f 209/2/106 210/2/106 208/2/106
f 211/2/106 210/2/106 209/2/106
f 210/2/106 211/2/106 212/2/106
f 213/2/106 214/2/106 206/2/106
f 214/2/106 213/2/106 215/2/106
f 214/2/106 215/2/106 216/2/106
f 216/2/106 215/2/106 217/2/106
f 217/2/106 215/2/106 218/2/106
f 219/2/106 206/2/106 220/2/106
f 220/2/106 221/2/106 219/2/106
f 221/2/106 220/2/106 222/2/106
f 222/2/106 223/2/106 221/2/106
f 224/2/106 223/2/106 222/2/106
f 225/2/107 226/2/108 227/2/109
f 227/2/109 226/2/108 228/2/110
f 226/2/108 225/2/107 229/2/111
f 227/2/109 228/2/110 230/2/112
f 231/2/113 229/2/111 225/2/107
f 232/2/114 230/2/112 228/2/110
f 229/2/111 231/2/113 233/2/115
f 230/2/112 232/2/114 234/2/116
f 235/2/117 234/2/116 232/2/114
f 234/2/116 235/2/117 236/2/117
f 237/2/118 233/2/115 231/2/113
f 233/2/115 237/2/118 238/2/119
f 239/2/120 238/2/119 237/2/118
f 238/2/119 239/2/120 240/2/121
f 241/2/122 240/2/121 239/2/120
f 240/2/121 241/2/122 242/2/123
f 243/2/124 242/2/123 241/2/122
f 242/2/123 243/2/124 244/2/125
f 245/2/126 244/2/125 243/2/124
f 244/2/125 245/2/126 246/2/126
f 247/2/127 248/2/128 249/2/129
f 250/2/130 248/2/128 247/2/127
f 248/2/128 251/2/131 249/2/129
f 248/2/128 250/2/130 252/2/132
f 253/2/133 252/2/132 250/2/130
f 252/2/132 253/2/133 254/2/133
f 255/2/134 249/2/129 251/2/131
f 249/2/129 255/2/134 256/2/135
f 257/2/136 256/2/135 255/2/134
f 256/2/135 257/2/136 258/2/137
f 259/2/138 258/2/137 257/2/136
f 258/2/137 259/2/138 260/2/139
f 261/2/140 260/2/139 259/2/138
f 260/2/139 261/2/140 262/2/141
f 263/2/142 262/2/141 261/2/140
f 262/2/141 263/2/142 264/2/143
f 263/2/142 265/2/144 264/2/143
f 266/2/145 264/2/143 265/2/144
f 267/2/146 266/2/145 265/2/144
f 266/2/145 267/2/146 268/2/146
f 269/2/147 270/2/148 271/2/148
f 271/2/148 272/2/147 269/2/147
f 273/2/149 271/2/148 270/2/148
f 271/2/148 273/2/149 274/2/149
f 275/2/150 276/2/151 277/2/151
f 277/2/151 278/2/150 275/2/150
f 279/2/152 277/2/151 276/2/151
f 277/2/151 279/2/152 280/2/152
o RenderMesh_121984596299766
v 1.009211 0.553753 -0.243798
v 1.009211 0.553753 -0.213798
v 1.009211 0.537625 -0.243798
v 1.009211 0.537625 -0.213798
v 0.885312 0.597982 -0.238398
v 0.863973 0.597982 -0.238398
v 0.885312 0.597982 -0.219198
v 0.863973 0.597982 -0.219198
v 0.913690 0.581745 -0.238398
v 0.913690 0.581745 -0.219198
v 0.926068 0.565510 -0.238398
v 0.926068 0.565510 -0.219198
v 0.272003 0.473222 -0.248400
v 0.272003 0.442033 -0.256567
v 0.272003 0.442033 -0.201029
v 0.272003 0.473222 -0.209196
v 0.272003 0.422957 -0.245525
v 0.272003 0.422957 -0.210852
v 0.272003 0.310844 -0.210503
v 0.272003 0.310844 -0.247093
v 0.358022 0.310844 -0.210503
v 0.272003 0.310844 -0.210503
v 0.358022 0.310844 -0.247093
v 0.272003 0.310844 -0.247093
v 0.660400 0.473222 -0.209196
v 0.650400 0.442033 -0.261467
v 0.660400 0.473222 -0.248400
v 0.650400 0.442033 -0.196129
v 0.620400 0.422957 -0.245525
v 0.620400 0.422957 -0.210852
v 0.398022 0.422957 -0.245525
v 0.620400 0.422957 -0.245525
v 0.620400 0.422957 -0.210852
v 0.398022 0.422957 -0.210852
v 0.975420 0.567455 -0.243653
v 0.309211 0.567455 -0.240798
v 0.309211 0.567455 -0.216798
v 0.975420 0.567455 -0.213943
v 1.009211 0.553753 -0.213798
v 1.009211 0.553753 -0.243798
v 0.281211 0.581455 -0.198798
v 0.281211 0.581455 -0.258798
v 0.017211 0.581455 -0.258798
v 0.017211 0.581455 -0.198798
v -0.000789 0.581455 -0.243798
v -0.000789 0.581455 -0.213798
v 0.398022 0.473222 -0.248400
v 0.650400 0.442033 -0.261467
v 0.398022 0.442033 -0.256567
v 0.660400 0.473222 -0.248400
v 0.620400 0.422957 -0.245525
v 0.398022 0.422957 -0.245525
v 0.272003 0.442033 -0.256567
v 0.272003 0.473222 -0.248400
v 0.272003 0.422957 -0.245525
v 0.358022 0.310844 -0.247093
v 0.272003 0.310844 -0.247093
v 0.660400 0.473222 -0.209196
v 0.398022 0.473222 -0.209196
v 0.650400 0.442033 -0.196129
v 0.398022 0.442033 -0.201029
v 0.620400 0.422957 -0.210852
v 0.272003 0.473222 -0.209196
v 0.398022 0.422957 -0.210852
v 0.272003 0.442033 -0.201029
v 0.272003 0.422957 -0.210852
v 0.358022 0.310844 -0.210503
v 0.272003 0.310844 -0.210503
v 0.975420 0.567455 -0.213943
v 0.309211 0.537625 -0.216798
v 1.009211 0.537625 -0.213798
v 1.009211 0.553753 -0.213798
v 0.309211 0.567455 -0.216798
v 0.281211 0.537625 -0.198798
v 0.281211 0.581455 -0.198798
v 0.017211 0.581455 -0.198798
v 0.017211 0.537625 -0.198798
v -0.000789 0.581455 -0.213798
v -0.000789 0.537625 -0.213798
v -0.000789 0.581455 -0.243798
v -0.000789 0.537625 -0.243798
v 0.017211 0.581455 -0.258798
v 0.017211 0.537625 -0.258798
v 0.281211 0.581455 -0.258798
v 0.281211 0.537625 -0.258798
v 0.309211 0.567455 -0.240798
v 0.309211 0.537625 -0.240798
v 0.975420 0.567455 -0.243653
v 1.009211 0.537625 -0.243798
v 1.009211 0.553753 -0.243798
v 0.885312 0.597982 -0.238398
v 0.863973 0.565510 -0.238398
v 0.863973 0.597982 -0.238398
v 0.913690 0.581745 -0.238398
v 0.926068 0.565510 -0.238398
v 0.885312 0.597982 -0.219198
v 0.863973 0.565510 -0.219198
v 0.913690 0.581745 -0.219198
v 0.926068 0.565510 -0.219198
v 0.863973 0.597982 -0.219198
v 0.272003 0.473222 -0.248400
v 0.398022 0.473222 -0.209196
v 0.398022 0.473222 -0.248400
v 0.272003 0.473222 -0.209196
v 0.660400 0.473222 -0.248400
v 0.660400 0.473222 -0.209196
v 0.281211 0.537625 -0.198798
v 0.017211 0.537625 -0.198798
v 0.281211 0.537625 -0.258798
v 0.309211 0.537625 -0.216798
v 0.017211 0.537625 -0.258798
v -0.000789 0.537625 -0.213798
v -0.000789 0.537625 -0.243798
v 0.309211 0.537625 -0.240798
v 1.009211 0.537625 -0.213798
v 1.009211 0.537625 -0.243798
v 0.398022 0.422957 -0.210852
v 0.358022 0.310844 -0.210503
v 0.398022 0.422957 -0.245525
v 0.358022 0.310844 -0.247093
v 0.863973 0.597982 -0.238398
v 0.863973 0.565510 -0.238398
v 0.863973 0.565510 -0.219198
v 0.863973 0.597982 -0.219198
vn 1.0000 -0.0000 -0.0000
vn 0.0837 0.9965 -0.0000
vn -0.0000 1.0000 -0.0000
vn 0.6241 0.7814 -0.0000
vn 0.7952 0.6063 -0.0000
vn -1.0000 -0.0000 -0.0000
vn -0.0000 -1.0000 -0.0000
vn 0.9523 -0.3053 -0.0000
vn 0.7606 -0.6492 -0.0000
vn 0.7556 -0.6550 -0.0000
vn 0.5366 -0.8439 -0.0000
vn 0.0803 0.9968 0.0005
vn 0.1148 0.9934 -0.0000
vn 0.1147 0.9934 -0.0000
vn 0.0803 0.9968 -0.0000
vn 0.3758 0.9267 -0.0000
vn 0.0386 0.9993 -0.0000
vn -0.0045 0.2886 -0.9574
vn -0.0098 -0.1052 -0.9944
vn -0.0049 -0.1406 -0.9901
vn -0.0090 0.3235 -0.9462
vn -0.0085 -0.5730 -0.8195
vn -0.0029 -0.3698 -0.9291
vn -0.0000 -0.1339 -0.9910
vn -0.0000 0.2533 -0.9674
vn -0.0000 -0.2526 -0.9676
vn -0.0000 0.0140 -0.9999
vn -0.0090 0.3235 0.9462
vn -0.0045 0.2886 0.9575
vn -0.0098 -0.0854 0.9963
vn -0.0049 -0.1166 0.9932
vn -0.0087 -0.5362 0.8440
vn -0.0000 0.2533 0.9674
vn -0.0030 -0.3431 0.9393
vn -0.0000 -0.1095 0.9940
vn -0.0000 -0.2340 0.9722
vn -0.0000 0.0031 1.0000
vn -0.0043 -0.0000 1.0000
vn 0.0818 -0.0001 0.9966
vn 0.1109 -0.0000 0.9938
vn 0.0854 -0.0000 0.9963
vn 0.0529 -0.0000 0.9986
vn -0.0884 -0.0000 0.9961
vn -0.0885 -0.0000 0.9961
vn -0.8583 -0.0000 0.5131
vn -0.8583 -0.0000 -0.5131
vn -0.0885 -0.0000 -0.9961
vn -0.0884 0.0001 -0.9961
vn 0.0530 -0.0000 -0.9986
vn 0.0853 -0.0000 -0.9964
vn 0.1109 -0.0000 -0.9938
vn 0.0818 -0.0000 -0.9966
vn -0.0043 -0.0000 -1.0000
vn -0.0000 -0.0000 -1.0000
vn -0.0000 -0.0000 1.0000
vn 0.9418 -0.3360 -0.0000
vt 0.000000 0.000000
s 1
f 281/3/153 282/3/153 283/3/153
f 283/3/153 282/3/153 284/3/153
f 285/3/154 286/3/155 287/3/154
f 286/3/155 288/3/155 287/3/154
f 285/3/154 287/3/154 289/3/156
f 289/3/156 287/3/154 290/3/156
f 290/3/156 291/3/157 289/3/156
f 291/3/157 290/3/156 292/3/157
f 293/3/158 294/3/158 295/3/158
f 293/3/158 295/3/158 296/3/158
f 297/3/158 295/3/158 294/3/158
f 295/3/158 297/3/158 298/3/158
f 297/3/158 299/3/158 298/3/158
f 299/3/158 297/3/158 300/3/158
f 301/3/159 302/3/159 303/3/159
f 304/3/159 303/3/159 302/3/159
f 305/3/160 306/3/161 307/3/160
f 308/3/162 306/3/161 305/3/160
f 306/3/161 308/3/162 309/3/163
f 309/3/163 308/3/162 310/3/163
f 311/3/159 312/3/159 313/3/159
f 311/3/159 313/3/159 314/3/159
f 315/3/164 316/3/165 317/3/166
f 315/3/164 317/3/166 318/3/167
f 315/3/164 318/3/167 319/3/168
f 320/3/168 315/3/164 319/3/168
f 316/3/165 321/3/169 317/3/166
f 321/3/169 316/3/165 322/3/169
f 323/3/155 321/3/169 322/3/169
f 321/3/169 323/3/155 324/3/155
f 324/3/155 323/3/155 325/3/155
f 324/3/155 325/3/155 326/3/155
f 327/3/170 328/3/171 329/3/172
f 328/3/171 327/3/170 330/3/173
f 331/3/174 329/3/172 328/3/171
f 329/3/172 331/3/174 332/3/175
f 329/3/172 333/3/176 327/3/170
f 334/3/177 327/3/170 333/3/176
f 333/3/176 329/3/172 335/3/178
f 332/3/175 335/3/178 329/3/172
f 332/3/175 336/3/179 335/3/178
f 335/3/178 336/3/179 337/3/179
f 338/3/180 339/3/181 340/3/182
f 341/3/183 340/3/182 339/3/181
f 340/3/182 341/3/183 342/3/184
f 339/3/181 343/3/185 341/3/183
f 344/3/186 342/3/184 341/3/183
f 345/3/187 341/3/183 343/3/185
f 341/3/183 345/3/187 344/3/186
f 346/3/188 344/3/186 345/3/187
f 346/3/188 347/3/189 344/3/186
f 347/3/189 346/3/188 348/3/189
f 349/3/190 350/3/191 351/3/190
f 351/3/190 352/3/190 349/3/190
f 350/3/191 349/3/190 353/3/192
f 353/3/192 354/3/193 350/3/191
f 354/3/193 353/3/192 355/3/194
f 355/3/194 356/3/195 354/3/193
f 357/3/196 354/3/193 356/3/195
f 357/3/196 356/3/195 358/3/197
f 358/3/197 359/3/197 357/3/196
f 360/3/198 359/3/197 358/3/197
f 360/3/198 361/3/198 359/3/197
f 361/3/198 360/3/198 362/3/199
f 362/3/199 363/3/200 361/3/198
f 362/3/199 364/3/201 363/3/200
f 365/3/202 363/3/200 364/3/201
f 364/3/201 366/3/203 365/3/202
f 366/3/203 367/3/204 365/3/202
f 368/3/205 367/3/204 366/3/203
f 368/3/205 369/3/205 367/3/204
f 369/3/205 368/3/205 370/3/205
f 371/3/206 372/3/206 373/3/206
f 374/3/206 372/3/206 371/3/206
f 372/3/206 374/3/206 375/3/206
f 376/3/207 377/3/207 378/3/207
f 377/3/207 379/3/207 378/3/207
f 377/3/207 376/3/207 380/3/207
f 381/3/155 382/3/155 383/3/155
f 382/3/155 381/3/155 384/3/155
f 385/3/155 383/3/155 382/3/155
f 385/3/155 382/3/155 386/3/155
f 387/3/159 388/3/159 389/3/159
f 389/3/159 390/3/159 387/3/159
f 391/3/159 389/3/159 388/3/159
f 391/3/159 388/3/159 392/3/159
f 391/3/159 392/3/159 393/3/159
f 390/3/159 389/3/159 394/3/159
f 394/3/159 395/3/159 390/3/159
f 394/3/159 396/3/159 395/3/159
f 397/3/208 398/3/208 399/3/208
f 400/3/208 399/3/208 398/3/208
f 401/3/158 402/3/158 403/3/158
f 401/3/158 403/3/158 404/3/158
o RenderMesh_133628952005683
v 1.000277 0.479698 -0.247221
v 1.010829 0.489242 -0.261734
v 1.000277 0.491791 -0.252561
v 1.010829 0.472498 -0.254340
v 0.946358 0.491791 -0.252561
v 1.010829 0.465261 -0.236977
v 0.946358 0.479698 -0.247221
v 1.000277 0.474471 -0.234681
v 0.946357 0.474471 -0.234681
v 1.000277 0.505213 -0.204993
v 1.010829 0.489195 -0.193444
v 1.000277 0.491757 -0.203240
v 1.010829 0.507827 -0.195872
v 1.010829 0.474399 -0.204261
v 1.000277 0.481070 -0.211053
v 0.946358 0.481070 -0.211053
v 0.946358 0.491757 -0.203240
v 0.946357 0.505213 -0.204993
v 1.010829 0.522142 -0.253288
v 1.010829 0.533583 -0.238352
v 1.000277 0.523816 -0.235674
v 1.010829 0.531592 -0.220142
v 1.000277 0.522377 -0.222522
v 0.946358 0.522377 -0.222522
v 1.000277 0.515552 -0.246461
v 0.946358 0.523816 -0.235674
v 0.946358 0.515552 -0.246461
v 0.254397 0.508079 -0.179366
v 0.328139 0.521597 -0.182909
v 0.254397 0.520095 -0.184479
v 0.254397 0.532246 -0.191322
v 0.328023 0.539385 -0.203174
v 0.254397 0.540362 -0.202267
v 0.254397 0.544201 -0.215489
v 0.383656 0.531572 -0.192589
v 0.327967 0.548040 -0.228711
v 0.383558 0.546524 -0.215026
v 0.439173 0.541548 -0.202267
v 0.383570 0.544794 -0.241933
v 0.439139 0.546820 -0.228711
v 0.494730 0.545387 -0.215489
v 0.439173 0.541548 -0.255156
v 0.494719 0.547117 -0.242397
v 0.550287 0.549226 -0.228712
v 0.494816 0.532165 -0.264835
v 0.550343 0.540571 -0.254249
v 0.605890 0.545980 -0.241934
v 0.550459 0.522782 -0.274514
v 0.605968 0.534024 -0.266102
v 0.661493 0.542733 -0.255156
v 0.606125 0.509857 -0.278058
v 0.661625 0.522469 -0.272945
v 0.717136 0.533351 -0.264835
v 0.661791 0.496932 -0.281600
v 0.717282 0.510913 -0.279787
v 0.772779 0.523968 -0.274514
v 0.717457 0.484006 -0.278058
v 0.772951 0.497524 -0.279787
v 0.828445 0.511042 -0.278058
v 0.773123 0.471081 -0.274514
v 0.828620 0.484135 -0.279787
v 0.884111 0.498117 -0.281600
v 0.828766 0.461698 -0.264835
v 0.883618 0.472576 -0.272728
v 1.001056 0.485164 -0.276331
v 0.884409 0.452315 -0.255156
v 1.001056 0.461017 -0.265671
v 1.001056 0.450581 -0.240631
v 1.010829 0.472498 -0.254340
v 1.010829 0.489242 -0.261734
v 1.010829 0.465261 -0.236977
v 0.254397 0.445512 -0.241933
v 0.328655 0.442266 -0.228711
v 0.254397 0.443489 -0.228711
v 0.254397 0.443783 -0.215026
v 0.328598 0.450922 -0.203174
v 0.254397 0.448759 -0.202267
v 0.254397 0.458734 -0.192589
v 0.384212 0.446105 -0.215489
v 0.328483 0.468710 -0.182909
v 0.384134 0.458061 -0.191322
v 0.439769 0.449944 -0.202267
v 0.383977 0.482228 -0.179366
v 0.439637 0.470209 -0.184479
v 0.495286 0.459920 -0.192589
v 0.439471 0.495746 -0.175824
v 0.495140 0.482357 -0.177636
v 0.550803 0.469895 -0.182909
v 0.494965 0.509264 -0.179366
v 0.550631 0.496339 -0.177636
v 0.606297 0.483413 -0.179366
v 0.550459 0.522782 -0.182909
v 0.606122 0.510321 -0.177636
v 0.661791 0.496932 -0.175825
v 0.605976 0.532758 -0.192589
v 0.661625 0.522469 -0.184479
v 0.717285 0.510450 -0.179366
v 0.661493 0.542733 -0.202268
v 0.717128 0.534617 -0.191322
v 0.772779 0.523968 -0.182909
v 0.717050 0.546572 -0.215490
v 0.772664 0.541756 -0.203174
v 0.828296 0.533943 -0.192589
v 0.772607 0.550412 -0.228712
v 0.828199 0.548895 -0.215026
v 0.883813 0.543919 -0.202268
v 0.828210 0.547165 -0.241934
v 0.883121 0.549001 -0.228820
v 1.001056 0.546235 -0.216353
v 0.883813 0.543919 -0.255156
v 1.001056 0.549107 -0.242613
v 1.001055 0.532608 -0.264152
v 1.010829 0.533583 -0.238352
v 1.010829 0.531592 -0.220142
v 1.010829 0.522142 -0.253288
v 0.254397 0.530980 -0.264835
v 0.328139 0.521597 -0.274514
v 0.254397 0.520098 -0.272945
v 0.254397 0.508542 -0.279787
v 0.328311 0.495153 -0.279787
v 0.254397 0.494561 -0.281599
v 0.254397 0.481635 -0.278058
v 0.383805 0.508672 -0.278058
v 0.328483 0.468710 -0.274514
v 0.383980 0.481764 -0.279787
v 0.439471 0.495746 -0.281600
v 0.384126 0.459327 -0.264835
v 0.439637 0.470209 -0.272945
v 0.495137 0.482821 -0.278058
v 0.439769 0.449944 -0.255155
v 0.495294 0.458653 -0.266102
v 0.550803 0.469895 -0.274514
v 0.495372 0.446698 -0.241933
v 0.550919 0.452107 -0.254249
v 0.606446 0.460513 -0.264835
v 0.550975 0.443452 -0.228711
v 0.606543 0.445561 -0.242397
v 0.662089 0.451130 -0.255156
v 0.606532 0.447291 -0.215489
v 0.662123 0.445857 -0.228712
v 0.717692 0.447884 -0.241934
v 0.662089 0.451130 -0.202268
v 0.717703 0.446154 -0.215026
v 0.773295 0.444637 -0.228712
v 0.717606 0.461105 -0.192589
v 0.773239 0.453293 -0.203174
v 0.828852 0.448476 -0.215490
v 0.773123 0.471081 -0.182909
v 0.828775 0.460432 -0.191322
v 0.884409 0.452315 -0.202268
v 0.828617 0.484599 -0.179366
v 0.883617 0.472763 -0.184588
v 1.001056 0.463758 -0.193452
v 0.884111 0.498117 -0.175825
v 1.001056 0.485095 -0.177852
v 1.001056 0.511964 -0.181354
v 1.010829 0.489195 -0.193444
v 1.010829 0.474399 -0.204261
v 1.010829 0.507827 -0.195872
vn 0.4077 0.6527 0.6386
vn 0.6660 0.3013 0.6824
vn 0.3670 0.3758 0.8509
vn 0.6924 0.5152 0.5052
vn -0.0000 0.4039 0.9148
vn 0.6646 0.6897 0.2875
vn -0.0000 0.7145 0.6997
vn 0.3665 0.8588 0.3580
vn -0.0000 0.9230 0.3847
vn 0.3664 -0.1202 -0.9227
vn 0.6924 0.1796 -0.6988
vn 0.4077 0.2262 -0.8846
vn 0.6645 -0.0966 -0.7410
vn 0.6660 0.4403 -0.6022
vn 0.3670 0.5490 -0.7509
vn -0.0000 0.5902 -0.8073
vn -0.0000 0.2482 -0.9687
vn -0.0000 -0.1292 -0.9916
vn 0.6645 -0.5932 0.4545
vn 0.6924 -0.6950 0.1937
vn 0.4079 -0.8793 0.2461
vn 0.6659 -0.7416 -0.0811
vn 0.3669 -0.9247 -0.1012
vn -0.0000 -0.9941 -0.1088
vn 0.3664 -0.7386 0.5659
vn -0.0000 -0.9631 0.2690
vn -0.0000 -0.7938 0.6081
vn -0.0281 0.4432 0.8960
vn 0.0059 0.7210 0.6929
vn -0.0038 0.7123 0.7019
vn -0.0042 0.8654 0.5011
vn 0.0174 0.8962 0.4433
vn 0.0100 0.9081 0.4186
vn -0.0160 0.8207 0.5711
vn -0.0140 0.9638 0.2662
vn -0.0048 0.9659 0.2588
vn 0.0061 0.9676 0.2525
vn 0.0061 0.9964 -0.0841
vn -0.0053 1.0000 -0.0000
vn -0.0167 0.9963 0.0842
vn -0.0164 0.9675 -0.2525
vn -0.0051 0.9659 -0.2588
vn 0.0061 0.9642 -0.2651
vn 0.0070 0.8209 -0.5711
vn -0.0046 0.8660 -0.5000
vn -0.0162 0.9049 -0.4253
vn -0.0151 0.7116 -0.7024
vn -0.0038 0.7071 -0.7071
vn 0.0075 0.7025 -0.7117
vn 0.0091 0.4254 -0.9050
vn -0.0027 0.5000 -0.8660
vn -0.0144 0.5710 -0.8208
vn -0.0127 0.2651 -0.9641
vn -0.0014 0.2588 -0.9659
vn 0.0099 0.2525 -0.9675
vn 0.0118 -0.0841 -0.9964
vn -0.0000 -0.0000 -1.0000
vn -0.0118 0.0841 -0.9964
vn -0.0097 -0.2525 -0.9675
vn 0.0023 -0.2593 -0.9658
vn 0.0157 -0.2737 -0.9617
vn 0.0168 -0.5703 -0.8213
vn 0.0088 -0.5016 -0.8650
vn 0.4476 -0.3550 -0.8207
vn -0.0032 -0.6809 -0.7324
vn 0.4573 -0.6326 -0.6250
vn 0.4898 -0.8047 -0.3354
vn 0.8553 -0.3706 -0.3622
vn 0.8379 -0.2205 -0.4994
vn 0.8371 -0.5049 -0.2105
vn -0.0164 -0.9978 -0.0642
vn 0.0142 -0.9604 0.2782
vn -0.0164 -0.9978 -0.0641
vn 0.0090 -0.9638 0.2664
vn 0.0038 -0.8667 0.4989
vn 0.0310 -0.8317 0.5543
vn 0.0226 -0.8166 0.5767
vn -0.0071 -0.9050 0.4253
vn -0.0061 -0.7125 0.7016
vn 0.0038 -0.7071 0.7071
vn 0.0150 -0.7023 0.7117
vn 0.0137 -0.4252 0.9050
vn 0.0027 -0.5000 0.8660
vn -0.0083 -0.5711 0.8208
vn -0.0099 -0.2652 0.9641
vn 0.0014 -0.2588 0.9659
vn 0.0126 -0.2524 0.9675
vn 0.0109 0.0842 0.9964
vn -0.0000 -0.0000 1.0000
vn -0.0109 -0.0842 0.9964
vn -0.0126 0.2524 0.9675
vn -0.0014 0.2588 0.9659
vn 0.0099 0.2652 0.9641
vn 0.0083 0.5711 0.8208
vn -0.0027 0.5000 0.8660
vn -0.0137 0.4252 0.9050
vn -0.0150 0.7023 0.7117
vn -0.0038 0.7071 0.7071
vn 0.0075 0.7117 0.7024
vn 0.0067 0.9050 0.4253
vn -0.0046 0.8660 0.5000
vn -0.0159 0.8207 0.5711
vn -0.0162 0.9641 0.2651
vn -0.0042 0.9660 0.2584
vn 0.0119 0.9699 0.2433
vn 0.0090 0.9965 -0.0833
vn 0.0036 1.0000 -0.0021
vn 0.4453 0.8893 0.1039
vn -0.0087 0.9747 -0.2233
vn 0.4547 0.8588 -0.2360
vn 0.4873 0.6932 -0.5310
vn 0.8548 0.4996 -0.1403
vn 0.8373 0.5435 0.0594
vn 0.8364 0.4351 -0.3333
vn -0.0290 0.5543 -0.8318
vn 0.0081 0.2396 -0.9708
vn -0.0290 0.5542 -0.8319
vn -0.0002 0.2503 -0.9682
vn -0.0003 0.0011 -1.0000
vn 0.0250 -0.0641 -0.9976
vn 0.0172 -0.0913 -0.9957
vn -0.0122 0.0841 -0.9964
vn -0.0081 -0.2515 -0.9678
vn 0.0014 -0.2588 -0.9659
vn 0.0127 -0.2651 -0.9641
vn 0.0144 -0.5710 -0.8208
vn 0.0027 -0.5000 -0.8660
vn -0.0091 -0.4254 -0.9050
vn -0.0075 -0.7025 -0.7117
vn 0.0038 -0.7071 -0.7071
vn 0.0151 -0.7116 -0.7024
vn 0.0162 -0.9049 -0.4253
vn 0.0046 -0.8660 -0.5000
vn -0.0070 -0.8209 -0.5711
vn -0.0061 -0.9642 -0.2651
vn 0.0051 -0.9659 -0.2588
vn 0.0164 -0.9675 -0.2525
vn 0.0167 -0.9963 0.0842
vn 0.0053 -1.0000 -0.0000
vn -0.0061 -0.9964 -0.0842
vn -0.0061 -0.9676 0.2525
vn 0.0051 -0.9659 0.2588
vn 0.0164 -0.9641 0.2651
vn 0.0158 -0.8207 0.5711
vn 0.0046 -0.8660 0.5000
vn -0.0066 -0.9050 0.4253
vn -0.0072 -0.7117 0.7024
vn 0.0047 -0.7067 0.7075
vn 0.0175 -0.6957 0.7181
vn 0.0162 -0.4260 0.9046
vn 0.0089 -0.4980 0.8671
vn 0.4470 -0.5333 0.7181
vn -0.0044 -0.2939 0.9558
vn 0.4567 -0.2242 0.8609
vn 0.4892 0.1127 0.8649
vn 0.8551 -0.1278 0.5024
vn 0.8380 -0.3221 0.4406
vn 0.8367 0.0708 0.5431
vt 0.000000 0.000000
s 1
f 405/4/209 406/4/210 407/4/211
f 406/4/210 405/4/209 408/4/212
f 407/4/211 409/4/213 405/4/209
f 405/4/209 410/4/214 408/4/212
f 411/4/215 405/4/209 409/4/213
f 410/4/214 405/4/209 412/4/216
f 411/4/215 412/4/216 405/4/209
f 412/4/216 411/4/215 413/4/217
f 414/4/218 415/4/219 416/4/220
f 415/4/219 414/4/218 417/4/221
f 418/4/222 416/4/220 415/4/219
f 416/4/220 418/4/222 419/4/223
f 419/4/223 420/4/224 416/4/220
f 421/4/225 416/4/220 420/4/224
f 416/4/220 421/4/225 414/4/218
f 422/4/226 414/4/218 421/4/225
f 423/4/227 424/4/228 425/4/229
f 426/4/230 425/4/229 424/4/228
f 425/4/229 426/4/230 427/4/231
f 427/4/231 428/4/232 425/4/229
f 423/4/227 425/4/229 429/4/233
f 430/4/234 425/4/229 428/4/232
f 425/4/229 430/4/234 429/4/233
f 431/4/235 429/4/233 430/4/234
f 432/4/236 433/4/237 434/4/236
f 433/4/237 435/4/238 434/4/236
f 433/4/237 436/4/239 435/4/238
f 435/4/238 436/4/239 437/4/240
f 436/4/239 438/4/241 437/4/240
f 436/4/239 433/4/237 439/4/242
f 436/4/239 440/4/243 438/4/241
f 439/4/242 441/4/244 436/4/239
f 440/4/243 436/4/239 441/4/244
f 441/4/244 439/4/242 442/4/245
f 443/4/246 440/4/243 441/4/244
f 444/4/247 441/4/244 442/4/245
f 441/4/244 444/4/247 443/4/246
f 442/4/245 445/4/248 444/4/247
f 446/4/249 443/4/246 444/4/247
f 447/4/250 444/4/247 445/4/248
f 444/4/247 447/4/250 446/4/249
f 445/4/248 448/4/251 447/4/250
f 446/4/249 447/4/250 449/4/252
f 447/4/250 448/4/251 450/4/253
f 447/4/250 450/4/253 449/4/252
f 448/4/251 451/4/254 450/4/253
f 449/4/252 450/4/253 452/4/255
f 450/4/253 451/4/254 453/4/256
f 450/4/253 453/4/256 452/4/255
f 451/4/254 454/4/257 453/4/256
f 455/4/258 452/4/255 453/4/256
f 456/4/259 453/4/256 454/4/257
f 453/4/256 456/4/259 455/4/258
f 454/4/257 457/4/260 456/4/259
f 458/4/261 455/4/258 456/4/259
f 459/4/262 456/4/259 457/4/260
f 456/4/259 459/4/262 458/4/261
f 457/4/260 460/4/263 459/4/262
f 461/4/264 458/4/261 459/4/262
f 462/4/265 459/4/262 460/4/263
f 459/4/262 462/4/265 461/4/264
f 460/4/263 463/4/266 462/4/265
f 464/4/267 461/4/264 462/4/265
f 463/4/266 465/4/268 462/4/265
f 462/4/265 465/4/268 464/4/267
f 465/4/268 463/4/266 466/4/269
f 467/4/270 464/4/267 465/4/268
f 468/4/271 465/4/268 466/4/269
f 465/4/268 468/4/271 467/4/270
f 466/4/269 469/4/272 468/4/271
f 470/4/273 467/4/270 468/4/271
f 468/4/271 471/4/274 470/4/273
f 469/4/272 471/4/274 468/4/271
f 471/4/274 472/4/275 470/4/273
f 469/4/272 473/4/276 471/4/274
f 472/4/275 471/4/274 473/4/276
f 473/4/276 469/4/272 474/4/277
f 472/4/275 473/4/276 475/4/278
f 476/4/279 477/4/280 478/4/281
f 477/4/280 479/4/282 478/4/281
f 479/4/282 477/4/280 480/4/283
f 479/4/282 480/4/283 481/4/284
f 481/4/284 480/4/283 482/4/285
f 483/4/286 480/4/283 477/4/280
f 482/4/285 480/4/283 484/4/287
f 480/4/283 483/4/286 485/4/288
f 485/4/288 484/4/287 480/4/283
f 486/4/289 485/4/288 483/4/286
f 487/4/290 484/4/287 485/4/288
f 488/4/291 485/4/288 486/4/289
f 485/4/288 488/4/291 487/4/290
f 486/4/289 489/4/292 488/4/291
f 490/4/293 487/4/290 488/4/291
f 491/4/294 488/4/291 489/4/292
f 488/4/291 491/4/294 490/4/293
f 489/4/292 492/4/295 491/4/294
f 493/4/296 490/4/293 491/4/294
f 494/4/297 491/4/294 492/4/295
f 491/4/294 494/4/297 493/4/296
f 492/4/295 495/4/298 494/4/297
f 496/4/299 493/4/296 494/4/297
f 497/4/300 494/4/297 495/4/298
f 494/4/297 497/4/300 496/4/299
f 495/4/298 498/4/301 497/4/300
f 499/4/302 496/4/299 497/4/300
f 500/4/303 497/4/300 498/4/301
f 497/4/300 500/4/303 499/4/302
f 498/4/301 501/4/304 500/4/303
f 502/4/305 499/4/302 500/4/303
f 503/4/306 500/4/303 501/4/304
f 500/4/303 503/4/306 502/4/305
f 501/4/304 504/4/307 503/4/306
f 503/4/306 505/4/308 502/4/305
f 504/4/307 506/4/309 503/4/306
f 505/4/308 503/4/306 506/4/309
f 506/4/309 504/4/307 507/4/310
f 506/4/309 508/4/311 505/4/308
f 507/4/310 509/4/312 506/4/309
f 508/4/311 506/4/309 509/4/312
f 509/4/312 507/4/310 510/4/313
f 511/4/314 508/4/311 509/4/312
f 512/4/315 509/4/312 510/4/313
f 509/4/312 512/4/315 511/4/314
f 510/4/313 513/4/316 512/4/315
f 514/4/317 511/4/314 512/4/315
f 512/4/315 515/4/318 514/4/317
f 515/4/318 512/4/315 513/4/316
f 515/4/318 516/4/319 514/4/317
f 513/4/316 517/4/320 515/4/318
f 516/4/319 515/4/318 517/4/320
f 517/4/320 513/4/316 518/4/321
f 516/4/319 517/4/320 519/4/322
f 520/4/323 521/4/324 522/4/325
f 521/4/324 523/4/326 522/4/325
f 523/4/326 521/4/324 524/4/327
f 523/4/326 524/4/327 525/4/328
f 525/4/328 524/4/327 526/4/329
f 527/4/330 524/4/327 521/4/324
f 526/4/329 524/4/327 528/4/331
f 527/4/330 529/4/332 524/4/327
f 529/4/332 528/4/331 524/4/327
f 529/4/332 527/4/330 530/4/333
f 531/4/334 528/4/331 529/4/332
f 532/4/335 529/4/332 530/4/333
f 529/4/332 532/4/335 531/4/334
f 530/4/333 533/4/336 532/4/335
f 534/4/337 531/4/334 532/4/335
f 535/4/338 532/4/335 533/4/336
f 532/4/335 535/4/338 534/4/337
f 533/4/336 536/4/339 535/4/338
f 537/4/340 534/4/337 535/4/338
f 538/4/341 535/4/338 536/4/339
f 535/4/338 538/4/341 537/4/340
f 536/4/339 539/4/342 538/4/341
f 540/4/343 537/4/340 538/4/341
f 541/4/344 538/4/341 539/4/342
f 538/4/341 541/4/344 540/4/343
f 539/4/342 542/4/345 541/4/344
f 543/4/346 540/4/343 541/4/344
f 544/4/347 541/4/344 542/4/345
f 541/4/344 544/4/347 543/4/346
f 542/4/345 545/4/348 544/4/347
f 546/4/349 543/4/346 544/4/347
f 547/4/350 544/4/347 545/4/348
f 544/4/347 547/4/350 546/4/349
f 545/4/348 548/4/351 547/4/350
f 546/4/349 547/4/350 549/4/352
f 547/4/350 548/4/351 550/4/353
f 550/4/353 549/4/352 547/4/350
f 551/4/354 550/4/353 548/4/351
f 549/4/352 550/4/353 552/4/355
f 550/4/353 551/4/354 553/4/356
f 553/4/356 552/4/355 550/4/353
f 554/4/357 553/4/356 551/4/354
f 555/4/358 552/4/355 553/4/356
f 556/4/359 553/4/356 554/4/357
f 553/4/356 556/4/359 555/4/358
f 554/4/357 557/4/360 556/4/359
f 558/4/361 555/4/358 556/4/359
f 556/4/359 559/4/362 558/4/361
f 557/4/360 559/4/362 556/4/359
f 559/4/362 560/4/363 558/4/361
f 557/4/360 561/4/364 559/4/362
f 560/4/363 559/4/362 561/4/364
f 561/4/364 557/4/360 562/4/365
f 560/4/363 561/4/364 563/4/366
o RenderMesh_140035897382334
v 0.278814 0.359928 -0.281789
v 0.314366 0.374654 -0.252602
v 0.314366 0.374654 -0.281789
v 0.349919 0.359928 -0.281789
v 0.278814 0.359928 -0.252602
v 0.349919 0.359928 -0.252602
v 0.264087 0.324375 -0.281789
v 0.364646 0.324375 -0.281789
v 0.264087 0.324375 -0.252602
v 0.364646 0.324375 -0.252602
v 0.264087 0.299353 -0.281789
v 0.349919 0.288822 -0.281789
v 0.264087 0.299353 -0.252602
v 0.349919 0.288822 -0.252602
v 0.255087 0.299353 -0.252602
v 0.314366 0.272333 -0.252602
v 0.314366 0.272333 -0.281789
v 0.309510 0.261942 -0.252602
v 0.304366 0.249074 -0.265701
v 0.304366 0.249074 -0.191895
v 0.309510 0.261942 -0.204994
v 0.314366 0.272333 -0.175807
v 0.314366 0.272333 -0.204994
v 0.349919 0.288822 -0.204994
v 0.349919 0.288822 -0.175807
v 0.364646 0.324375 -0.175807
v -0.190970 0.298628 -0.281789
v -0.190970 0.298628 -0.175807
v -0.184868 0.315268 -0.281789
v -0.184868 0.315268 -0.175807
v -0.185883 0.270570 -0.175807
v -0.185883 0.270570 -0.281789
v -0.041898 0.531431 -0.175807
v -0.041898 0.531431 -0.281789
v -0.088223 0.494123 -0.281789
v -0.088223 0.494123 -0.175807
v -0.041898 0.541837 -0.175807
v -0.116519 0.453920 -0.281789
v -0.041898 0.541837 -0.281789
v 0.014976 0.541837 -0.281789
v 0.014976 0.541837 -0.175807
v -0.116519 0.453920 -0.175807
v -0.116519 0.430288 -0.281789
v -0.116519 0.430288 -0.175807
v -0.151266 0.430288 -0.281789
v -0.151266 0.430288 -0.175807
v -0.171030 0.410526 -0.281789
v -0.171030 0.410526 -0.175807
v -0.182951 0.391416 -0.281789
v -0.182951 0.391416 -0.175807
v -0.185133 0.360288 -0.281789
v -0.185133 0.360288 -0.175807
v -0.184868 0.315268 -0.281789
v -0.184868 0.315268 -0.175807
v 0.304366 0.249074 -0.191895
v 0.098950 0.249074 -0.191895
v 0.304366 0.249074 -0.265701
v 0.098950 0.249074 -0.265701
v 0.001120 0.244793 -0.265701
v 0.001120 0.244793 -0.191895
v -0.051129 0.232335 -0.191895
v -0.051129 0.232335 -0.265701
v -0.085725 0.221483 -0.191895
v -0.085725 0.221483 -0.265701
v -0.133183 0.220793 -0.265701
v -0.133183 0.220793 -0.191895
v -0.167986 0.235358 -0.265701
v -0.167986 0.235358 -0.191895
v -0.176934 0.252964 -0.265701
v -0.176934 0.252964 -0.191895
v -0.185883 0.270570 -0.281789
v -0.185883 0.270570 -0.175807
v -0.176934 0.252964 -0.191895
v -0.085725 0.221483 -0.191895
v -0.051129 0.232335 -0.191895
v -0.133183 0.220793 -0.191895
v -0.167986 0.235358 -0.191895
v 0.001120 0.244793 -0.191895
v 0.098950 0.249074 -0.191895
v 0.304366 0.249074 -0.191895
v 0.314366 0.272333 -0.175807
v -0.185883 0.270570 -0.175807
v 0.098950 0.249074 -0.265701
v -0.176934 0.252964 -0.265701
v 0.304366 0.249074 -0.265701
v 0.314366 0.272333 -0.281789
v -0.185883 0.270570 -0.281789
v 0.001120 0.244793 -0.265701
v -0.051129 0.232335 -0.265701
v -0.085725 0.221483 -0.265701
v -0.133183 0.220793 -0.265701
v -0.167986 0.235358 -0.265701
v 0.007990 0.363440 -0.105830
v -0.039997 0.460217 -0.118126
v -0.039997 0.368533 -0.118126
v 0.007990 0.465310 -0.105830
v -0.039997 0.303703 -0.182956
v 0.007990 0.291407 -0.177863
v 0.007990 0.537343 -0.177863
v 0.007990 0.291407 -0.279733
v -0.039997 0.303703 -0.274640
v 0.007990 0.363440 -0.351766
v -0.083997 0.338147 -0.260373
v -0.039997 0.368533 -0.339470
v 0.007990 0.465310 -0.351766
v -0.039997 0.460217 -0.339470
v 0.007990 0.537343 -0.279733
v -0.083997 0.382800 -0.305026
v -0.039997 0.525047 -0.274640
v -0.083997 0.338147 -0.197223
v -0.083997 0.382800 -0.152570
v -0.109297 0.376093 -0.212941
v -0.109297 0.376093 -0.244655
v -0.109297 0.398518 -0.190516
v -0.109297 0.398518 -0.267080
v -0.109297 0.430232 -0.267080
v -0.109297 0.430232 -0.190516
v -0.083997 0.445950 -0.152570
v -0.109297 0.452657 -0.212941
v -0.039997 0.525047 -0.182956
v -0.083997 0.490603 -0.197223
v -0.109297 0.452657 -0.244655
v -0.083997 0.490603 -0.260373
v -0.083997 0.445950 -0.305026
v 0.349919 0.288822 -0.175807
v 0.264087 0.324375 -0.175807
v 0.314366 0.272333 -0.175807
v 0.364646 0.324375 -0.175807
v 0.264087 0.299353 -0.175807
v 0.018896 0.299353 -0.175807
v 0.314366 0.374654 -0.175807
v 0.349919 0.359928 -0.175807
v 0.278814 0.359928 -0.175807
v -0.185883 0.270570 -0.175807
v -0.022364 0.311332 -0.175807
v -0.063623 0.342609 -0.175807
v -0.184868 0.315268 -0.175807
v -0.190970 0.298628 -0.175807
v -0.089152 0.380288 -0.175807
v -0.185133 0.360288 -0.175807
v -0.182951 0.391416 -0.175807
v -0.171030 0.410526 -0.175807
v -0.116519 0.430288 -0.175807
v -0.151266 0.430288 -0.175807
v -0.089152 0.430288 -0.175807
v -0.116519 0.453920 -0.175807
v -0.084740 0.453920 -0.175807
v -0.088223 0.494123 -0.175807
v -0.068742 0.474614 -0.175807
v -0.046907 0.497801 -0.175807
v -0.041898 0.531431 -0.175807
v -0.025023 0.509718 -0.175807
v -0.006598 0.517623 -0.175807
v -0.041898 0.541837 -0.175807
v 0.014976 0.541837 -0.175807
v 0.014976 0.517623 -0.175807
v -0.088223 0.494123 -0.281789
v -0.084740 0.453920 -0.281789
v -0.116519 0.453920 -0.281789
v -0.089152 0.430288 -0.281789
v -0.068742 0.474614 -0.281789
v -0.116519 0.430288 -0.281789
v -0.046907 0.497801 -0.281789
v -0.041898 0.531431 -0.281789
v -0.025023 0.509718 -0.281789
v -0.006598 0.517623 -0.281789
v -0.041898 0.541837 -0.281789
v 0.014976 0.541837 -0.281789
v 0.014976 0.517623 -0.281789
v -0.089152 0.380288 -0.281789
v -0.151266 0.430288 -0.281789
v -0.171030 0.410526 -0.281789
v -0.182951 0.391416 -0.281789
v -0.185133 0.360288 -0.281789
v -0.184868 0.315268 -0.281789
v -0.063623 0.342609 -0.281789
v -0.185883 0.270570 -0.281789
v -0.190970 0.298628 -0.281789
v -0.022364 0.311332 -0.281789
v 0.018896 0.299353 -0.281789
v 0.314366 0.272333 -0.281789
v 0.264087 0.299353 -0.281789
v 0.264087 0.324375 -0.281789
v 0.349919 0.288822 -0.281789
v 0.364646 0.324375 -0.281789
v 0.314366 0.374654 -0.281789
v 0.349919 0.359928 -0.281789
v 0.278814 0.359928 -0.281789
v 0.364646 0.324375 -0.204994
v 0.349919 0.359928 -0.175807
v 0.349919 0.359928 -0.204994
v 0.314366 0.374654 -0.175807
v 0.314366 0.374654 -0.204994
v 0.278814 0.359928 -0.175807
v 0.278814 0.359928 -0.204994
v 0.264087 0.324375 -0.204994
v 0.264087 0.324375 -0.175807
v 0.264087 0.299353 -0.175807
v 0.264087 0.299353 -0.204994
v 0.255087 0.299353 -0.204994
v 0.018896 0.299353 -0.175807
v 0.262521 0.281405 -0.252602
v 0.262521 0.281405 -0.204994
v 0.018896 0.299353 -0.281789
v -0.022364 0.311332 -0.281789
v -0.022364 0.311332 -0.175807
v -0.063623 0.342609 -0.281789
v -0.063623 0.342609 -0.175807
v -0.089152 0.380288 -0.281789
v -0.089152 0.380288 -0.175807
v -0.089152 0.430288 -0.281789
v -0.089152 0.430288 -0.175807
v -0.084740 0.453920 -0.281789
v -0.084740 0.453920 -0.175807
v -0.068742 0.474614 -0.281789
v -0.068742 0.474614 -0.175807
v -0.046907 0.497801 -0.281789
v -0.046907 0.497801 -0.175807
v -0.025023 0.509718 -0.281789
v -0.025023 0.509718 -0.175807
v -0.006598 0.517623 -0.281789
v -0.006598 0.517623 -0.175807
v 0.014976 0.517623 -0.281789
v 0.014976 0.517623 -0.175807
v 0.309510 0.261942 -0.252602
v 0.262521 0.281405 -0.252602
v 0.309510 0.261942 -0.204994
v 0.262521 0.281405 -0.204994
v 0.014976 0.541837 -0.281789
v 0.014976 0.517623 -0.175807
v 0.014976 0.517623 -0.281789
v 0.014976 0.541837 -0.175807
v 0.264087 0.299353 -0.252602
v 0.255087 0.299353 -0.252602
v 0.262521 0.281405 -0.252602
v 0.314366 0.272333 -0.252602
v 0.309510 0.261942 -0.252602
v 0.264087 0.324375 -0.252602
v 0.349919 0.288822 -0.252602
v 0.364646 0.324375 -0.252602
v 0.314366 0.374654 -0.252602
v 0.349919 0.359928 -0.252602
v 0.278814 0.359928 -0.252602
v 0.264087 0.324375 -0.204994
v 0.349919 0.288822 -0.204994
v 0.314366 0.272333 -0.204994
v 0.364646 0.324375 -0.204994
v 0.314366 0.374654 -0.204994
v 0.349919 0.359928 -0.204994
v 0.278814 0.359928 -0.204994
v 0.264087 0.299353 -0.204994
v 0.262521 0.281405 -0.204994
v 0.255087 0.299353 -0.204994
v 0.309510 0.261942 -0.204994
v 0.007990 0.363440 -0.351766
v 0.007990 0.291407 -0.177863
v 0.007990 0.291407 -0.279733
v 0.007990 0.363440 -0.105830
v 0.007990 0.465310 -0.351766
v 0.007990 0.465310 -0.105830
v 0.007990 0.537343 -0.177863
v 0.007990 0.537343 -0.279733
vn -0.7071 0.7071 -0.0000
vn -0.0000 1.0000 -0.0000
vn 0.7071 0.7071 -0.0000
vn -0.9808 0.1951 -0.0000
vn 1.0000 -0.0000 -0.0000
vn 0.7216 -0.6923 -0.0000
vn 0.5555 0.8315 -0.0000
vn 0.7204 -0.6935 -0.0000
vn 0.5834 -0.8122 -0.0000
vn 0.9225 -0.3859 -0.0000
vn -0.9963 0.0860 -0.0000
vn -0.9389 0.3443 -0.0000
vn -0.9840 -0.1784 -0.0000
vn -0.9020 0.4317 -0.0000
vn -0.7296 0.6839 -0.0000
vn -0.9534 0.3019 -0.0000
vn -0.3827 0.9239 -0.0000
vn -0.7828 0.6222 -0.0000
vn -0.9511 0.3087 -0.0000
vn -0.9995 0.0320 -0.0000
vn -1.0000 -0.0059 -0.0000
vn -0.0000 -1.0000 -0.0000
vn 0.0219 -0.9998 -0.0000
vn 0.1385 -0.9904 -0.0000
vn 0.2658 -0.9640 -0.0000
vn 0.1586 -0.9873 -0.0000
vn -0.1897 -0.9818 -0.0000
vn -0.6805 -0.7327 -0.0000
vn -0.8915 -0.4531 -0.0000
vn -0.0007 -0.3166 0.9485
vn -0.0000 -0.0000 1.0000
vn -0.0013 -0.6148 0.7887
vn -0.0013 -0.6186 0.7857
vn -0.0000 -0.0000 -1.0000
vn -0.0007 -0.3166 -0.9485
vn -0.0013 -0.6148 -0.7887
vn -0.0013 -0.6186 -0.7857
vn -0.2640 -0.2203 0.9390
vn -0.3954 0.2694 0.8781
vn -0.3954 -0.2694 0.8781
vn -0.2640 0.2203 0.9390
vn -0.4563 -0.7984 0.3929
vn -0.2660 -0.8478 0.4588
vn -0.2660 0.8478 0.4588
vn -0.2660 -0.8478 -0.4588
vn -0.4563 -0.7984 -0.3929
vn -0.2640 -0.2204 -0.9390
vn -0.7492 -0.6083 -0.2621
vn -0.3954 -0.2694 -0.8781
vn -0.2640 0.2204 -0.9390
vn -0.3954 0.2694 -0.8781
vn -0.2660 0.8478 -0.4588
vn -0.7165 -0.2535 -0.6499
vn -0.4563 0.7984 -0.3929
vn -0.7492 -0.6083 0.2621
vn -0.7165 -0.2535 0.6499
vn -0.9522 -0.2939 0.0832
vn -0.9522 -0.2939 -0.0832
vn -0.9244 -0.1678 0.3426
vn -0.9244 -0.1678 -0.3426
vn -0.9244 0.1678 -0.3426
vn -0.9244 0.1678 0.3426
vn -0.7165 0.2535 0.6499
vn -0.9522 0.2939 0.0832
vn -0.4563 0.7984 0.3929
vn -0.7492 0.6083 0.2621
vn -0.9522 0.2939 -0.0832
vn -0.7492 0.6083 -0.2621
vn -0.7165 0.2535 -0.6499
vn 0.1408 0.9900 -0.0000
vn 0.9239 0.3827 -0.0000
vn 0.4490 0.8935 -0.0000
vn 0.4490 0.8936 -0.0000
vn 0.7256 0.6881 -0.0000
vn 0.9560 0.2934 -0.0000
vn 0.9957 -0.0922 -0.0000
vn 0.9125 -0.4090 -0.0000
vn 0.7605 -0.6494 -0.0000
vn 0.6108 -0.7918 -0.0000
vn 0.4367 -0.8996 -0.0000
vn 0.2013 -0.9795 -0.0000
vn 0.3827 0.9239 -0.0000
vt 0.000000 0.000000
s 1
f 564/5/367 565/5/368 566/5/368
f 566/5/368 565/5/368 567/5/369
f 565/5/368 564/5/367 568/5/367
f 567/5/369 565/5/368 569/5/369
f 570/5/370 568/5/367 564/5/367
f 567/5/369 569/5/369 571/5/371
f 568/5/367 570/5/370 572/5/370
f 571/5/371 569/5/369 573/5/371
f 574/5/367 572/5/370 570/5/370
f 573/5/371 575/5/372 571/5/371
f 572/5/370 574/5/367 576/5/367
f 575/5/372 573/5/371 577/5/372
f 574/5/367 578/5/373 576/5/367
f 579/5/374 575/5/372 577/5/372
f 575/5/372 579/5/374 580/5/375
f 581/5/376 580/5/375 579/5/374
f 582/5/376 580/5/375 581/5/376
f 583/5/376 582/5/376 581/5/376
f 581/5/376 584/5/376 583/5/376
f 585/5/375 583/5/376 584/5/376
f 585/5/375 584/5/376 586/5/374
f 586/5/374 587/5/372 585/5/375
f 587/5/372 588/5/372 585/5/375
f 587/5/372 589/5/371 588/5/372
f 590/5/377 591/5/377 592/5/378
f 592/5/378 591/5/377 593/5/378
f 590/5/377 594/5/379 591/5/377
f 595/5/379 594/5/379 590/5/377
f 596/5/380 597/5/380 598/5/381
f 598/5/381 599/5/381 596/5/380
f 597/5/380 596/5/380 600/5/367
f 599/5/381 598/5/381 601/5/382
f 600/5/367 602/5/367 597/5/380
f 602/5/367 600/5/367 603/5/368
f 603/5/368 600/5/367 604/5/368
f 601/5/382 605/5/382 599/5/381
f 605/5/382 601/5/382 606/5/367
f 606/5/367 607/5/367 605/5/382
f 608/5/383 607/5/367 606/5/367
f 607/5/367 608/5/383 609/5/383
f 610/5/384 609/5/383 608/5/383
f 609/5/383 610/5/384 611/5/384
f 611/5/384 610/5/384 612/5/385
f 612/5/385 613/5/385 611/5/384
f 614/5/386 613/5/385 612/5/385
f 613/5/385 614/5/386 615/5/386
f 615/5/386 614/5/386 616/5/387
f 616/5/387 617/5/387 615/5/386
f 618/5/388 619/5/389 620/5/388
f 621/5/389 620/5/388 619/5/389
f 622/5/390 621/5/389 619/5/389
f 622/5/390 619/5/389 623/5/390
f 622/5/390 623/5/390 624/5/391
f 625/5/391 622/5/390 624/5/391
f 625/5/391 624/5/391 626/5/392
f 626/5/392 627/5/392 625/5/391
f 628/5/393 627/5/392 626/5/392
f 628/5/393 626/5/392 629/5/393
f 628/5/393 629/5/393 630/5/394
f 630/5/394 629/5/393 631/5/394
f 630/5/394 631/5/394 632/5/395
f 632/5/395 631/5/394 633/5/395
f 633/5/395 634/5/395 632/5/395
f 634/5/395 633/5/395 635/5/395
f 636/5/396 637/5/397 638/5/397
f 637/5/397 636/5/396 639/5/397
f 639/5/397 636/5/396 640/5/397
f 641/5/397 636/5/396 638/5/397
f 642/5/397 636/5/396 641/5/397
f 636/5/396 642/5/397 643/5/398
f 644/5/399 636/5/396 643/5/398
f 636/5/396 644/5/399 645/5/399
f 646/5/400 647/5/401 648/5/402
f 647/5/401 649/5/403 648/5/402
f 649/5/403 647/5/401 650/5/403
f 647/5/401 646/5/400 651/5/400
f 647/5/401 651/5/400 652/5/400
f 653/5/400 647/5/401 652/5/400
f 647/5/401 653/5/400 654/5/400
f 647/5/401 654/5/400 655/5/400
f 656/5/404 657/5/405 658/5/406
f 657/5/405 656/5/404 659/5/407
f 660/5/408 656/5/404 658/5/406
f 660/5/408 661/5/409 656/5/404
f 662/5/410 657/5/405 659/5/407
f 660/5/408 663/5/411 661/5/409
f 663/5/411 660/5/408 664/5/412
f 664/5/412 665/5/413 663/5/411
f 660/5/408 666/5/414 664/5/412
f 665/5/413 664/5/412 667/5/415
f 666/5/414 667/5/415 664/5/412
f 667/5/415 668/5/416 665/5/413
f 668/5/416 667/5/415 669/5/417
f 669/5/417 670/5/418 668/5/416
f 669/5/417 667/5/415 671/5/419
f 667/5/415 666/5/414 671/5/419
f 670/5/418 669/5/417 672/5/420
f 672/5/420 662/5/410 670/5/418
f 666/5/414 660/5/408 673/5/421
f 658/5/406 673/5/421 660/5/408
f 673/5/421 658/5/406 674/5/422
f 657/5/405 674/5/422 658/5/406
f 666/5/414 673/5/421 675/5/423
f 674/5/422 675/5/423 673/5/421
f 676/5/424 666/5/414 675/5/423
f 676/5/424 671/5/419 666/5/414
f 675/5/423 674/5/422 677/5/425
f 677/5/425 676/5/424 675/5/423
f 671/5/419 676/5/424 678/5/426
f 677/5/425 678/5/426 676/5/424
f 679/5/427 671/5/419 678/5/426
f 678/5/426 677/5/425 680/5/428
f 674/5/422 680/5/428 677/5/425
f 680/5/428 679/5/427 678/5/426
f 674/5/422 681/5/429 680/5/428
f 674/5/422 657/5/405 681/5/429
f 681/5/429 682/5/430 680/5/428
f 679/5/427 680/5/428 682/5/430
f 683/5/431 681/5/429 657/5/405
f 683/5/431 657/5/405 662/5/410
f 662/5/410 672/5/420 683/5/431
f 681/5/429 683/5/431 684/5/432
f 681/5/429 684/5/432 682/5/430
f 672/5/420 684/5/432 683/5/431
f 679/5/427 682/5/430 685/5/433
f 684/5/432 685/5/433 682/5/430
f 685/5/433 684/5/432 686/5/434
f 679/5/427 685/5/433 686/5/434
f 684/5/432 672/5/420 686/5/434
f 686/5/434 687/5/435 679/5/427
f 687/5/435 686/5/434 672/5/420
f 671/5/419 679/5/427 687/5/435
f 672/5/420 669/5/417 687/5/435
f 687/5/435 669/5/417 671/5/419
f 688/5/397 689/5/397 690/5/397
f 691/5/397 689/5/397 688/5/397
f 690/5/397 689/5/397 692/5/397
f 693/5/397 690/5/397 692/5/397
f 689/5/397 691/5/397 694/5/397
f 694/5/397 691/5/397 695/5/397
f 689/5/397 694/5/397 696/5/397
f 697/5/397 690/5/397 693/5/397
f 698/5/397 697/5/397 693/5/397
f 699/5/397 697/5/397 698/5/397
f 700/5/397 697/5/397 699/5/397
f 697/5/397 700/5/397 701/5/397
f 702/5/397 700/5/397 699/5/397
f 700/5/397 702/5/397 703/5/397
f 702/5/397 704/5/397 703/5/397
f 704/5/397 702/5/397 705/5/397
f 706/5/397 705/5/397 702/5/397
f 705/5/397 706/5/397 707/5/397
f 708/5/397 706/5/397 702/5/397
f 706/5/397 708/5/397 709/5/397
f 710/5/397 709/5/397 708/5/397
f 710/5/397 711/5/397 709/5/397
f 711/5/397 710/5/397 712/5/397
f 713/5/397 711/5/397 712/5/397
f 711/5/397 713/5/397 714/5/397
f 713/5/397 715/5/397 714/5/397
f 716/5/397 714/5/397 715/5/397
f 714/5/397 716/5/397 717/5/397
f 717/5/397 716/5/397 718/5/397
f 718/5/397 716/5/397 719/5/397
f 720/5/400 721/5/400 722/5/400
f 723/5/400 722/5/400 721/5/400
f 721/5/400 720/5/400 724/5/400
f 722/5/400 723/5/400 725/5/400
f 720/5/400 726/5/400 724/5/400
f 726/5/400 720/5/400 727/5/400
f 727/5/400 728/5/400 726/5/400
f 727/5/400 729/5/400 728/5/400
f 730/5/400 729/5/400 727/5/400
f 729/5/400 730/5/400 731/5/400
f 729/5/400 731/5/400 732/5/400
f 723/5/400 733/5/400 725/5/400
f 734/5/400 725/5/400 735/5/400
f 735/5/400 725/5/400 733/5/400
f 733/5/400 736/5/400 735/5/400
f 736/5/400 733/5/400 737/5/400
f 737/5/400 733/5/400 738/5/400
f 739/5/400 738/5/400 733/5/400
f 740/5/400 738/5/400 739/5/400
f 738/5/400 740/5/400 741/5/400
f 742/5/400 740/5/400 739/5/400
f 743/5/400 740/5/400 742/5/400
f 744/5/400 740/5/400 743/5/400
f 744/5/400 743/5/400 745/5/400
f 746/5/400 744/5/400 745/5/400
f 744/5/400 746/5/400 747/5/400
f 747/5/400 746/5/400 748/5/400
f 749/5/400 748/5/400 746/5/400
f 748/5/400 749/5/400 750/5/400
f 749/5/400 746/5/400 751/5/400
f 587/5/372 752/5/371 589/5/371
f 752/5/371 753/5/369 589/5/371
f 752/5/371 754/5/369 753/5/369
f 754/5/369 755/5/368 753/5/369
f 754/5/369 756/5/368 755/5/368
f 756/5/368 757/5/367 755/5/368
f 756/5/368 758/5/367 757/5/367
f 758/5/367 759/5/370 757/5/367
f 759/5/370 760/5/370 757/5/367
f 759/5/370 761/5/367 760/5/370
f 759/5/370 762/5/367 761/5/367
f 762/5/367 763/5/373 761/5/367
f 763/5/373 764/5/436 761/5/367
f 765/5/437 763/5/373 766/5/437
f 578/5/373 763/5/373 765/5/437
f 767/5/436 763/5/373 578/5/373
f 763/5/373 767/5/436 764/5/436
f 574/5/367 767/5/436 578/5/373
f 768/5/438 764/5/436 767/5/436
f 764/5/436 768/5/438 769/5/439
f 770/5/440 769/5/439 768/5/438
f 769/5/439 770/5/440 771/5/440
f 772/5/441 771/5/440 770/5/440
f 771/5/440 772/5/441 773/5/441
f 774/5/442 773/5/441 772/5/441
f 773/5/441 774/5/442 775/5/442
f 776/5/443 775/5/442 774/5/442
f 775/5/442 776/5/443 777/5/443
f 778/5/444 777/5/443 776/5/443
f 777/5/443 778/5/444 779/5/444
f 780/5/445 779/5/444 778/5/444
f 779/5/444 780/5/445 781/5/445
f 782/5/446 781/5/445 780/5/445
f 781/5/445 782/5/446 783/5/446
f 784/5/447 783/5/446 782/5/446
f 783/5/446 784/5/447 785/5/447
f 786/5/388 785/5/447 784/5/447
f 785/5/447 786/5/388 787/5/388
f 788/5/448 789/5/448 790/5/448
f 789/5/448 791/5/448 790/5/448
f 792/5/371 793/5/371 794/5/371
f 793/5/371 792/5/371 795/5/371
f 796/5/397 797/5/397 798/5/397
f 798/5/397 799/5/397 796/5/397
f 799/5/397 798/5/397 800/5/397
f 799/5/397 801/5/397 796/5/397
f 802/5/397 801/5/397 799/5/397
f 803/5/397 801/5/397 802/5/397
f 801/5/397 803/5/397 804/5/397
f 804/5/397 803/5/397 805/5/397
f 801/5/397 804/5/397 806/5/397
f 807/5/400 808/5/400 809/5/400
f 808/5/400 807/5/400 810/5/400
f 807/5/400 811/5/400 810/5/400
f 810/5/400 811/5/400 812/5/400
f 811/5/400 807/5/400 813/5/400
f 807/5/400 809/5/400 814/5/400
f 809/5/400 815/5/400 814/5/400
f 815/5/400 816/5/400 814/5/400
f 815/5/400 809/5/400 817/5/400
f 818/5/371 819/5/371 820/5/371
f 819/5/371 818/5/371 821/5/371
f 821/5/371 818/5/371 822/5/371
f 822/5/371 823/5/371 821/5/371
f 822/5/371 824/5/371 823/5/371
f 824/5/371 822/5/371 825/5/371
o RenderMesh_87246492280690
v -0.209043 0.531340 -0.247539
v -0.209043 0.531340 -0.210057
v -0.199668 0.541727 -0.247539
v -0.199668 0.541727 -0.210057
v -0.206117 0.517659 -0.210057
v -0.175600 0.535278 -0.247539
v -0.206117 0.517659 -0.247539
v -0.175600 0.535278 -0.210057
v -0.182049 0.511210 -0.210057
v -0.142750 0.510638 -0.210057
v -0.182049 0.511210 -0.247539
v -0.142750 0.510638 -0.247539
v -0.157896 0.490853 -0.247539
v -0.112164 0.502443 -0.210057
v -0.157896 0.490853 -0.210057
v -0.112164 0.502443 -0.247539
v -0.146043 0.464949 -0.247539
v -0.025790 0.507076 -0.210057
v -0.146043 0.464949 -0.210057
v -0.025790 0.507076 -0.247539
v -0.145594 0.430736 -0.247539
v -0.025147 0.485707 -0.210057
v -0.145594 0.430736 -0.210057
v -0.025147 0.485707 -0.247539
v -0.151189 0.394208 -0.247539
v -0.131298 0.356645 -0.247539
v -0.151189 0.394208 -0.210057
v -0.131298 0.356645 -0.210057
v -0.131298 0.356645 -0.210057
v -0.145594 0.430736 -0.210057
v -0.151189 0.394208 -0.210057
v -0.025147 0.485707 -0.210057
v -0.112164 0.502443 -0.210057
v -0.025790 0.507076 -0.210057
v -0.146043 0.464949 -0.210057
v -0.157896 0.490853 -0.210057
v -0.142750 0.510638 -0.210057
v -0.182049 0.511210 -0.210057
v -0.175600 0.535278 -0.210057
v -0.206117 0.517659 -0.210057
v -0.199668 0.541727 -0.210057
v -0.209043 0.531340 -0.210057
v -0.025147 0.485707 -0.247539
v -0.112164 0.502443 -0.247539
v -0.025790 0.507076 -0.247539
v -0.145594 0.430736 -0.247539
v -0.131298 0.356645 -0.247539
v -0.151189 0.394208 -0.247539
v -0.146043 0.464949 -0.247539
v -0.157896 0.490853 -0.247539
v -0.142750 0.510638 -0.247539
v -0.182049 0.511210 -0.247539
v -0.175600 0.535278 -0.247539
v -0.206117 0.517659 -0.247539
v -0.199668 0.541727 -0.247539
v -0.209043 0.531340 -0.247539
vn -0.9659 0.2588 -0.0000
vn -0.2834 0.9590 -0.0000
vn -0.7249 -0.6888 -0.0000
vn 0.4374 0.8993 -0.0000
vn -0.4627 -0.8865 -0.0000
vn -0.7962 -0.6050 -0.0000
vn 0.1039 0.9946 -0.0000
vn -0.9756 -0.2193 -0.0000
vn 0.6769 0.7360 -0.0000
vn -0.9757 -0.2193 -0.0000
vn 0.6769 0.7361 -0.0000
vn -0.9976 0.0694 -0.0000
vn 0.9463 -0.3232 -0.0000
vn -0.9860 -0.1667 -0.0000
vn -0.1005 -0.9949 -0.0000
vn -0.0000 -0.0000 1.0000
vn -0.0000 -0.0000 -1.0000
vt 0.000000 0.000000
s 1
f 826/6/449 827/6/449 828/6/450
f 828/6/450 827/6/449 829/6/450
f 826/6/449 830/6/451 827/6/449
f 828/6/450 829/6/450 831/6/452
f 832/6/451 830/6/451 826/6/449
f 831/6/452 829/6/450 833/6/452
f 832/6/451 834/6/453 830/6/451
f 831/6/452 833/6/452 835/6/452
f 836/6/453 834/6/453 832/6/451
f 837/6/452 831/6/452 835/6/452
f 838/6/454 834/6/453 836/6/453
f 837/6/452 835/6/452 839/6/455
f 834/6/453 838/6/454 840/6/454
f 841/6/455 837/6/452 839/6/455
f 842/6/456 840/6/454 838/6/454
f 839/6/455 843/6/457 841/6/455
f 840/6/454 842/6/456 844/6/458
f 845/6/459 841/6/455 843/6/457
f 846/6/460 844/6/458 842/6/456
f 845/6/459 843/6/457 847/6/461
f 844/6/458 846/6/460 848/6/460
f 847/6/461 849/6/461 845/6/459
f 850/6/462 848/6/460 846/6/460
f 847/6/461 851/6/463 849/6/461
f 848/6/460 850/6/462 852/6/462
f 851/6/463 852/6/462 850/6/462
f 851/6/463 847/6/461 853/6/463
f 852/6/462 851/6/463 853/6/463
f 854/6/464 855/6/464 856/6/464
f 857/6/464 855/6/464 854/6/464
f 855/6/464 857/6/464 858/6/464
f 859/6/464 858/6/464 857/6/464
f 858/6/464 860/6/464 855/6/464
f 858/6/464 861/6/464 860/6/464
f 861/6/464 858/6/464 862/6/464
f 862/6/464 863/6/464 861/6/464
f 864/6/464 863/6/464 862/6/464
f 863/6/464 864/6/464 865/6/464
f 865/6/464 864/6/464 866/6/464
f 865/6/464 866/6/464 867/6/464
f 868/6/465 869/6/465 870/6/465
f 869/6/465 868/6/465 871/6/465
f 868/6/465 872/6/465 871/6/465
f 871/6/465 872/6/465 873/6/465
f 869/6/465 871/6/465 874/6/465
f 869/6/465 874/6/465 875/6/465
f 869/6/465 875/6/465 876/6/465
f 877/6/465 876/6/465 875/6/465
f 876/6/465 877/6/465 878/6/465
f 879/6/465 878/6/465 877/6/465
f 878/6/465 879/6/465 880/6/465
f 880/6/465 879/6/465 881/6/465
o RenderMesh_94892303299928
v 1.000277 0.504777 -0.254364
v 1.010829 0.522142 -0.253288
v 1.000277 0.515552 -0.246461
v 1.010829 0.507223 -0.264230
v 0.946358 0.515552 -0.246461
v 1.000277 0.491791 -0.252561
v 1.010829 0.489242 -0.261734
v 0.946358 0.504777 -0.254364
v 0.946358 0.491791 -0.252561
v 0.946357 0.474471 -0.234681
v 0.946357 0.479698 -0.247221
v 0.946358 0.522377 -0.222522
v 0.946357 0.523816 -0.235674
v 0.946357 0.505213 -0.204993
v 0.946358 0.517462 -0.210383
v 1.000277 0.522377 -0.222522
v 1.000277 0.505213 -0.204993
v 1.000277 0.517462 -0.210383
v 1.010829 0.531592 -0.220142
v 1.010829 0.507827 -0.195872
v 1.010829 0.524786 -0.203334
v 0.946358 0.481070 -0.211053
v 0.946358 0.491757 -0.203240
v 0.946357 0.473031 -0.221388
v 1.000277 0.473031 -0.221388
v 1.000277 0.481070 -0.211053
v 1.000277 0.474471 -0.234681
v 1.010829 0.474399 -0.204261
v 1.010829 0.465261 -0.236977
v 1.010829 0.463268 -0.218572
v 0.254397 0.545931 -0.242397
v 0.327967 0.548040 -0.228711
v 0.328023 0.539385 -0.254249
v 0.254397 0.545632 -0.228711
v 0.254397 0.544201 -0.215489
v 0.254397 0.540362 -0.255155
v 0.254397 0.530980 -0.264835
v 0.383570 0.544794 -0.241933
v 0.328139 0.521597 -0.274514
v 0.383647 0.532839 -0.266102
v 0.439173 0.541548 -0.255156
v 0.383805 0.508672 -0.278058
v 0.439305 0.521283 -0.272945
v 0.494816 0.532165 -0.264835
v 0.439471 0.495746 -0.281600
v 0.494962 0.509728 -0.279787
v 0.550459 0.522782 -0.274514
v 0.495137 0.482821 -0.278058
v 0.550631 0.496339 -0.279787
v 0.606125 0.509857 -0.278058
v 0.550803 0.469895 -0.274514
v 0.606300 0.482950 -0.279787
v 0.661791 0.496932 -0.281600
v 0.606446 0.460513 -0.264835
v 0.661957 0.471394 -0.272945
v 0.717457 0.484006 -0.278058
v 0.662089 0.451130 -0.255156
v 0.717614 0.459839 -0.266102
v 0.773123 0.471081 -0.274514
v 0.717692 0.447884 -0.241934
v 0.773239 0.453293 -0.254249
v 0.828766 0.461698 -0.264835
v 0.773295 0.444637 -0.228712
v 0.828864 0.446746 -0.242397
v 0.884409 0.452315 -0.255156
v 0.828852 0.448476 -0.215490
v 0.883783 0.447226 -0.228484
v 1.001056 0.450581 -0.240631
v 0.884409 0.452315 -0.202268
v 1.001056 0.447706 -0.214089
v 1.001056 0.463758 -0.193452
v 1.010829 0.463268 -0.218572
v 1.010829 0.465261 -0.236977
v 1.010829 0.474399 -0.204261
v 0.328311 0.495153 -0.177636
v 0.254397 0.481172 -0.177636
v 0.328483 0.468710 -0.182909
v 0.254397 0.469023 -0.184479
v 0.254397 0.458734 -0.192589
v 0.254397 0.494561 -0.175824
v 0.254397 0.508079 -0.179366
v 0.383977 0.482228 -0.179366
v 0.328139 0.521597 -0.182909
v 0.383802 0.509135 -0.177636
v 0.439471 0.495746 -0.175824
v 0.383656 0.531572 -0.192589
v 0.439305 0.521283 -0.184479
v 0.494965 0.509264 -0.179366
v 0.439173 0.541548 -0.202267
v 0.494808 0.533432 -0.191322
v 0.550459 0.522782 -0.182909
v 0.494730 0.545387 -0.215489
v 0.550343 0.540571 -0.203174
v 0.605976 0.532758 -0.192589
v 0.550287 0.549226 -0.228712
v 0.605879 0.547710 -0.215026
v 0.661493 0.542733 -0.202268
v 0.605890 0.545980 -0.241934
v 0.661459 0.548006 -0.228712
v 0.717050 0.546572 -0.215490
v 0.661493 0.542733 -0.255156
v 0.717039 0.548302 -0.242397
v 0.772607 0.550412 -0.228712
v 0.717136 0.533351 -0.264835
v 0.772663 0.541756 -0.254249
v 0.828210 0.547165 -0.241934
v 0.772779 0.523968 -0.274514
v 0.828288 0.535210 -0.266102
v 0.883813 0.543919 -0.255156
v 0.828445 0.511042 -0.278058
v 0.883288 0.523360 -0.272897
v 1.001055 0.532608 -0.264152
v 0.884111 0.498117 -0.281600
v 1.001056 0.511093 -0.279932
v 1.001056 0.485164 -0.276331
v 1.010829 0.507223 -0.264230
v 1.010829 0.522142 -0.253288
v 1.010829 0.489242 -0.261734
v 0.328598 0.450922 -0.254249
v 0.254397 0.457468 -0.266102
v 0.328483 0.468710 -0.274514
v 0.254397 0.469026 -0.272945
v 0.254397 0.481635 -0.278058
v 0.254397 0.448759 -0.255155
v 0.254397 0.445512 -0.241933
v 0.384126 0.459327 -0.264835
v 0.328655 0.442266 -0.228711
v 0.384223 0.444375 -0.242397
v 0.439769 0.449944 -0.255155
v 0.384212 0.446105 -0.215489
v 0.439803 0.444672 -0.228711
v 0.495372 0.446698 -0.241933
v 0.439769 0.449944 -0.202267
v 0.495383 0.444968 -0.215026
v 0.550975 0.443452 -0.228711
v 0.495286 0.459920 -0.192589
v 0.550919 0.452107 -0.203174
v 0.606532 0.447291 -0.215489
v 0.550803 0.469895 -0.182909
v 0.606454 0.459246 -0.191322
v 0.662089 0.451130 -0.202268
v 0.606297 0.483413 -0.179366
v 0.661957 0.471394 -0.184479
v 0.717606 0.461105 -0.192589
v 0.661791 0.496932 -0.175825
v 0.717460 0.483543 -0.177636
v 0.773123 0.471081 -0.182909
v 0.717285 0.510450 -0.179366
v 0.772951 0.497524 -0.177636
v 0.828617 0.484599 -0.179366
v 0.772779 0.523968 -0.182909
v 0.828442 0.511506 -0.177636
v 0.884111 0.498117 -0.175825
v 0.828296 0.533943 -0.192589
v 0.883286 0.523755 -0.184755
v 1.001056 0.511964 -0.181354
v 0.883813 0.543919 -0.202268
v 1.001056 0.536421 -0.192116
v 1.001056 0.546235 -0.216353
v 1.010829 0.524786 -0.203334
v 1.010829 0.507827 -0.195872
v 1.010829 0.531592 -0.220142
vn 0.4093 -0.2239 0.8845
vn 0.6653 -0.4416 0.6020
vn 0.3658 -0.5504 0.7505
vn 0.6938 -0.1760 0.6984
vn 0.8763 -0.2849 0.3885
vn 0.3666 0.1279 0.9215
vn 0.6666 0.1025 0.7383
vn 0.6315 -0.1899 0.7518
vn 0.8768 0.0661 0.4764
vn 0.8761 0.4793 0.0519
vn 1.0000 -0.0001 -0.0000
vn 0.8769 -0.4455 -0.1804
vn 1.0000 0.0002 -0.0001
vn 0.8763 -0.1941 -0.4410
vn 0.6314 -0.5565 -0.5401
vn 0.3665 -0.8624 -0.3492
vn 0.3659 -0.3748 -0.8518
vn 0.4093 -0.6544 -0.6358
vn 0.6665 -0.6910 -0.2798
vn 0.6652 -0.3007 -0.6834
vn 0.6938 -0.5171 -0.5013
vn 0.8767 0.3797 -0.2954
vn 1.0000 0.0001 -0.0001
vn 0.6317 0.7458 -0.2117
vn 0.4091 0.8779 -0.2488
vn 0.3666 0.7344 -0.5712
vn 0.3660 0.9252 0.1002
vn 0.6666 0.5884 -0.4577
vn 0.6653 0.7422 0.0804
vn 0.6936 0.6928 -0.1971
vn -0.0057 0.9638 -0.2667
vn 0.0046 0.9606 -0.2779
vn -0.0045 0.8666 -0.4990
vn -0.0326 0.9974 0.0643
vn -0.0326 0.9974 0.0641
vn 0.0179 0.8320 -0.5545
vn 0.0106 0.8166 -0.5771
vn -0.0164 0.9049 -0.4253
vn -0.0126 0.7124 -0.7017
vn -0.0038 0.7071 -0.7071
vn 0.0075 0.7025 -0.7117
vn 0.0091 0.4254 -0.9050
vn -0.0027 0.5000 -0.8660
vn -0.0144 0.5710 -0.8208
vn -0.0127 0.2651 -0.9641
vn -0.0014 0.2588 -0.9659
vn 0.0099 0.2525 -0.9675
vn 0.0118 -0.0841 -0.9964
vn -0.0000 -0.0000 -1.0000
vn -0.0118 0.0841 -0.9964
vn -0.0099 -0.2525 -0.9675
vn 0.0014 -0.2588 -0.9659
vn 0.0127 -0.2651 -0.9641
vn 0.0144 -0.5710 -0.8208
vn 0.0027 -0.5000 -0.8660
vn -0.0091 -0.4254 -0.9050
vn -0.0075 -0.7025 -0.7117
vn 0.0038 -0.7071 -0.7071
vn 0.0151 -0.7116 -0.7024
vn 0.0162 -0.9049 -0.4253
vn 0.0046 -0.8660 -0.5000
vn -0.0070 -0.8209 -0.5711
vn -0.0059 -0.9642 -0.2651
vn 0.0060 -0.9660 -0.2584
vn 0.0191 -0.9698 -0.2430
vn 0.0189 -0.9963 0.0833
vn 0.0105 -0.9999 0.0027
vn 0.4488 -0.8877 -0.1028
vn -0.0032 -0.9747 0.2237
vn 0.4569 -0.8564 0.2404
vn 0.4919 -0.6873 0.5346
vn 0.8562 -0.4972 0.1405
vn 0.8377 -0.5430 -0.0588
vn 0.8384 -0.4302 0.3346
vn 0.0003 -0.0013 1.0000
vn 0.0036 -0.2519 0.9677
vn 0.0107 -0.2393 0.9709
vn -0.0200 -0.5544 0.8320
vn 0.0240 0.0641 0.9977
vn 0.0160 0.0913 0.9957
vn -0.0113 -0.0842 0.9964
vn -0.0106 0.2513 0.9678
vn -0.0014 0.2588 0.9659
vn 0.0099 0.2652 0.9641
vn 0.0083 0.5711 0.8208
vn -0.0027 0.5000 0.8660
vn -0.0137 0.4252 0.9050
vn -0.0149 0.7023 0.7117
vn -0.0038 0.7071 0.7071
vn 0.0075 0.7117 0.7024
vn 0.0066 0.9050 0.4253
vn -0.0046 0.8660 0.5000
vn -0.0159 0.8207 0.5711
vn -0.0164 0.9641 0.2651
vn -0.0051 0.9659 0.2588
vn 0.0061 0.9676 0.2525
vn 0.0061 0.9964 -0.0842
vn -0.0053 1.0000 -0.0000
vn -0.0167 0.9963 0.0842
vn -0.0164 0.9675 -0.2525
vn -0.0051 0.9659 -0.2588
vn 0.0061 0.9642 -0.2651
vn 0.0070 0.8209 -0.5711
vn -0.0046 0.8660 -0.5000
vn -0.0162 0.9049 -0.4253
vn -0.0148 0.7116 -0.7024
vn -0.0029 0.7068 -0.7074
vn 0.0128 0.6954 -0.7185
vn 0.0117 0.4261 -0.9046
vn 0.0054 0.4978 -0.8673
vn 0.4469 0.5343 -0.7175
vn -0.0075 0.2936 -0.9559
vn 0.4553 0.2209 -0.8625
vn 0.4900 -0.1199 -0.8634
vn 0.8558 0.1275 -0.5013
vn 0.8370 0.3236 -0.4413
vn 0.8382 -0.0750 -0.5402
vn 0.0039 -0.8654 -0.5010
vn 0.0071 -0.7132 -0.7009
vn 0.0129 -0.7211 -0.6928
vn -0.0209 -0.4434 -0.8961
vn -0.0209 -0.4433 -0.8961
vn 0.0315 -0.8959 -0.4432
vn 0.0232 -0.9078 -0.4188
vn -0.0074 -0.8209 -0.5711
vn -0.0047 -0.9639 -0.2662
vn 0.0051 -0.9659 -0.2588
vn 0.0164 -0.9675 -0.2525
vn 0.0167 -0.9963 0.0842
vn 0.0053 -1.0000 -0.0000
vn -0.0061 -0.9964 -0.0841
vn -0.0061 -0.9676 0.2525
vn 0.0051 -0.9659 0.2588
vn 0.0164 -0.9641 0.2651
vn 0.0158 -0.8207 0.5711
vn 0.0046 -0.8660 0.5000
vn -0.0066 -0.9050 0.4253
vn -0.0074 -0.7117 0.7024
vn 0.0038 -0.7071 0.7071
vn 0.0150 -0.7023 0.7117
vn 0.0137 -0.4252 0.9050
vn 0.0027 -0.5000 0.8660
vn -0.0083 -0.5711 0.8208
vn -0.0099 -0.2652 0.9641
vn 0.0014 -0.2588 0.9659
vn 0.0126 -0.2524 0.9675
vn 0.0109 0.0842 0.9964
vn -0.0000 -0.0000 1.0000
vn -0.0109 -0.0842 0.9964
vn -0.0124 0.2524 0.9675
vn -0.0005 0.2593 0.9658
vn 0.0146 0.2747 0.9614
vn 0.0110 0.5705 0.8212
vn 0.0053 0.5025 0.8646
vn 0.4464 0.3545 0.8216
vn -0.0087 0.6809 0.7323
vn 0.4551 0.6372 0.6219
vn 0.4894 0.8083 0.3273
vn 0.8557 0.3709 0.3608
vn 0.8371 0.2203 0.5007
vn 0.8378 0.5061 0.2049
vt 0.000000 0.000000
s 1
f 882/7/466 883/7/467 884/7/468
f 883/7/467 882/7/466 885/7/469
f 884/7/468 886/7/470 882/7/466
f 887/7/471 885/7/469 882/7/466
f 885/7/469 887/7/471 888/7/472
f 882/7/466 889/7/473 887/7/471
f 889/7/473 882/7/466 886/7/470
f 890/7/474 887/7/471 889/7/473
f 886/7/470 890/7/474 889/7/473
f 886/7/470 891/7/475 890/7/474
f 890/7/474 891/7/475 892/7/476
f 893/7/477 886/7/470 894/7/478
f 895/7/479 886/7/470 893/7/477
f 886/7/470 895/7/479 891/7/475
f 895/7/479 893/7/477 896/7/480
f 893/7/477 897/7/481 896/7/480
f 896/7/480 898/7/482 895/7/479
f 899/7/483 896/7/480 897/7/481
f 898/7/482 896/7/480 899/7/483
f 897/7/481 900/7/484 899/7/483
f 899/7/483 901/7/485 898/7/482
f 900/7/484 902/7/486 899/7/483
f 901/7/485 899/7/483 902/7/486
f 891/7/475 895/7/479 903/7/487
f 903/7/487 895/7/479 904/7/488
f 891/7/475 903/7/487 905/7/489
f 903/7/487 906/7/490 905/7/489
f 906/7/490 891/7/475 905/7/489
f 906/7/490 903/7/487 907/7/491
f 891/7/475 906/7/490 908/7/492
f 909/7/493 906/7/490 907/7/491
f 906/7/490 910/7/494 908/7/492
f 909/7/493 911/7/495 906/7/490
f 910/7/494 906/7/490 911/7/495
f 912/7/496 913/7/497 914/7/498
f 915/7/499 913/7/497 912/7/496
f 916/7/500 913/7/497 915/7/499
f 914/7/498 917/7/501 912/7/496
f 917/7/501 914/7/498 918/7/502
f 913/7/497 919/7/503 914/7/498
f 918/7/502 914/7/498 920/7/504
f 914/7/498 919/7/503 921/7/505
f 914/7/498 921/7/505 920/7/504
f 919/7/503 922/7/506 921/7/505
f 923/7/507 920/7/504 921/7/505
f 924/7/508 921/7/505 922/7/506
f 921/7/505 924/7/508 923/7/507
f 922/7/506 925/7/509 924/7/508
f 926/7/510 923/7/507 924/7/508
f 927/7/511 924/7/508 925/7/509
f 924/7/508 927/7/511 926/7/510
f 925/7/509 928/7/512 927/7/511
f 929/7/513 926/7/510 927/7/511
f 930/7/514 927/7/511 928/7/512
f 927/7/511 930/7/514 929/7/513
f 928/7/512 931/7/515 930/7/514
f 932/7/516 929/7/513 930/7/514
f 931/7/515 933/7/517 930/7/514
f 930/7/514 933/7/517 932/7/516
f 933/7/517 931/7/515 934/7/518
f 935/7/519 932/7/516 933/7/517
f 936/7/520 933/7/517 934/7/518
f 933/7/517 936/7/520 935/7/519
f 934/7/518 937/7/521 936/7/520
f 938/7/522 935/7/519 936/7/520
f 939/7/523 936/7/520 937/7/521
f 936/7/520 939/7/523 938/7/522
f 937/7/521 940/7/524 939/7/523
f 941/7/525 938/7/522 939/7/523
f 942/7/526 939/7/523 940/7/524
f 939/7/523 942/7/526 941/7/525
f 940/7/524 943/7/527 942/7/526
f 944/7/528 941/7/525 942/7/526
f 945/7/529 942/7/526 943/7/527
f 942/7/526 945/7/529 944/7/528
f 943/7/527 946/7/530 945/7/529
f 947/7/531 944/7/528 945/7/529
f 948/7/532 945/7/529 946/7/530
f 945/7/529 948/7/532 947/7/531
f 946/7/530 949/7/533 948/7/532
f 950/7/534 947/7/531 948/7/532
f 948/7/532 951/7/535 950/7/534
f 949/7/533 951/7/535 948/7/532
f 951/7/535 952/7/536 950/7/534
f 949/7/533 953/7/537 951/7/535
f 951/7/535 953/7/537 952/7/536
f 953/7/537 949/7/533 954/7/538
f 952/7/536 953/7/537 955/7/539
f 956/7/540 957/7/541 958/7/542
f 958/7/542 957/7/541 959/7/543
f 960/7/543 958/7/542 959/7/543
f 957/7/541 956/7/540 961/7/544
f 956/7/540 962/7/545 961/7/544
f 958/7/542 963/7/546 956/7/540
f 964/7/547 962/7/545 956/7/540
f 965/7/548 956/7/540 963/7/546
f 956/7/540 965/7/548 964/7/547
f 963/7/546 966/7/549 965/7/548
f 967/7/550 964/7/547 965/7/548
f 968/7/551 965/7/548 966/7/549
f 965/7/548 968/7/551 967/7/550
f 966/7/549 969/7/552 968/7/551
f 970/7/553 967/7/550 968/7/551
f 971/7/554 968/7/551 969/7/552
f 968/7/551 971/7/554 970/7/553
f 969/7/552 972/7/555 971/7/554
f 971/7/554 973/7/556 970/7/553
f 972/7/555 974/7/557 971/7/554
f 973/7/556 971/7/554 974/7/557
f 974/7/557 972/7/555 975/7/558
f 974/7/557 976/7/559 973/7/556
f 975/7/558 977/7/560 974/7/557
f 976/7/559 974/7/557 977/7/560
f 977/7/560 975/7/558 978/7/561
f 979/7/562 976/7/559 977/7/560
f 980/7/563 977/7/560 978/7/561
f 977/7/560 980/7/563 979/7/562
f 978/7/561 981/7/564 980/7/563
f 982/7/565 979/7/562 980/7/563
f 983/7/566 980/7/563 981/7/564
f 980/7/563 983/7/566 982/7/565
f 981/7/564 984/7/567 983/7/566
f 982/7/565 983/7/566 985/7/568
f 983/7/566 984/7/567 986/7/569
f 983/7/566 986/7/569 985/7/568
f 984/7/567 987/7/570 986/7/569
f 985/7/568 986/7/569 988/7/571
f 986/7/569 987/7/570 989/7/572
f 986/7/569 989/7/572 988/7/571
f 987/7/570 990/7/573 989/7/572
f 991/7/574 988/7/571 989/7/572
f 992/7/575 989/7/572 990/7/573
f 989/7/572 992/7/575 991/7/574
f 990/7/573 993/7/576 992/7/575
f 994/7/577 991/7/574 992/7/575
f 992/7/575 995/7/578 994/7/577
f 993/7/576 995/7/578 992/7/575
f 995/7/578 996/7/579 994/7/577
f 993/7/576 997/7/580 995/7/578
f 995/7/578 997/7/580 996/7/579
f 997/7/580 993/7/576 998/7/581
f 996/7/579 997/7/580 999/7/582
f 1000/7/583 1001/7/584 1002/7/585
f 1002/7/585 1001/7/584 1003/7/586
f 1004/7/587 1002/7/585 1003/7/586
f 1001/7/584 1000/7/583 1005/7/588
f 1000/7/583 1006/7/589 1005/7/588
f 1002/7/585 1007/7/590 1000/7/583
f 1008/7/591 1006/7/589 1000/7/583
f 1009/7/592 1000/7/583 1007/7/590
f 1000/7/583 1009/7/592 1008/7/591
f 1007/7/590 1010/7/593 1009/7/592
f 1011/7/594 1008/7/591 1009/7/592
f 1012/7/595 1009/7/592 1010/7/593
f 1009/7/592 1012/7/595 1011/7/594
f 1010/7/593 1013/7/596 1012/7/595
f 1014/7/597 1011/7/594 1012/7/595
f 1015/7/598 1012/7/595 1013/7/596
f 1012/7/595 1015/7/598 1014/7/597
f 1013/7/596 1016/7/599 1015/7/598
f 1014/7/597 1015/7/598 1017/7/600
f 1015/7/598 1016/7/599 1018/7/601
f 1018/7/601 1017/7/600 1015/7/598
f 1019/7/602 1018/7/601 1016/7/599
f 1017/7/600 1018/7/601 1020/7/603
f 1018/7/601 1019/7/602 1021/7/604
f 1021/7/604 1020/7/603 1018/7/601
f 1022/7/605 1021/7/604 1019/7/602
f 1023/7/606 1020/7/603 1021/7/604
f 1024/7/607 1021/7/604 1022/7/605
f 1021/7/604 1024/7/607 1023/7/606
f 1022/7/605 1025/7/608 1024/7/607
f 1026/7/609 1023/7/606 1024/7/607
f 1027/7/610 1024/7/607 1025/7/608
f 1024/7/607 1027/7/610 1026/7/609
f 1025/7/608 1028/7/611 1027/7/610
f 1029/7/612 1026/7/609 1027/7/610
f 1030/7/613 1027/7/610 1028/7/611
f 1027/7/610 1030/7/613 1029/7/612
f 1028/7/611 1031/7/614 1030/7/613
f 1032/7/615 1029/7/612 1030/7/613
f 1033/7/616 1030/7/613 1031/7/614
f 1030/7/613 1033/7/616 1032/7/615
f 1031/7/614 1034/7/617 1033/7/616
f 1035/7/618 1032/7/615 1033/7/616
f 1036/7/619 1033/7/616 1034/7/617
f 1033/7/616 1036/7/619 1035/7/618
f 1034/7/617 1037/7/620 1036/7/619
f 1038/7/621 1035/7/618 1036/7/619
f 1036/7/619 1039/7/622 1038/7/621
f 1037/7/620 1039/7/622 1036/7/619
f 1039/7/622 1040/7/623 1038/7/621
f 1037/7/620 1041/7/624 1039/7/622
f 1039/7/622 1041/7/624 1040/7/623
f 1041/7/624 1037/7/620 1042/7/625
f 1040/7/623 1041/7/624 1043/7/626
o RenderMesh_97603866723047
v 0.008122 0.546886 -0.282309
v 0.008122 0.502197 -0.286210
v 0.008122 0.518045 -0.270363
v 0.008122 0.518045 -0.247951
v 0.008122 0.474853 -0.354342
v 0.008122 0.546886 -0.180439
v 0.008122 0.456625 -0.321179
v 0.008122 0.437216 -0.332384
v 0.008122 0.462426 -0.299531
v 0.008122 0.479786 -0.286210
v 0.008122 0.463939 -0.270363
v 0.008122 0.451220 -0.280122
v 0.008122 0.372983 -0.354342
v 0.008122 0.463939 -0.247951
v 0.008122 0.415568 -0.326584
v 0.008122 0.429572 -0.274321
v 0.008122 0.404363 -0.307175
v 0.008122 0.384146 -0.298801
v 0.008122 0.410163 -0.285527
v 0.008122 0.362499 -0.304602
v 0.008122 0.395352 -0.279392
v 0.008122 0.343090 -0.293396
v 0.008122 0.300950 -0.282309
v 0.008122 0.337289 -0.271748
v 0.008122 0.389552 -0.257744
v 0.008122 0.329791 -0.214797
v 0.008122 0.348495 -0.252339
v 0.008122 0.300950 -0.180439
v 0.008122 0.345639 -0.230644
v 0.008122 0.329791 -0.192385
v 0.008122 0.368050 -0.230644
v 0.008122 0.370143 -0.246539
v 0.008122 0.383897 -0.214797
v 0.008122 0.345639 -0.176538
v 0.008122 0.372983 -0.108406
v 0.008122 0.391211 -0.141569
v 0.008122 0.410620 -0.130364
v 0.008122 0.385410 -0.163217
v 0.008122 0.368050 -0.176538
v 0.008122 0.383897 -0.192385
v 0.008122 0.396616 -0.182626
v 0.008122 0.474853 -0.108406
v 0.008122 0.418264 -0.188427
v 0.008122 0.432268 -0.136164
v 0.008122 0.458285 -0.205004
v 0.008122 0.452484 -0.183356
v 0.008122 0.477693 -0.216209
v 0.008122 0.437673 -0.177221
v 0.008122 0.479786 -0.232104
v 0.008122 0.463690 -0.163947
v 0.008122 0.499341 -0.210409
v 0.008122 0.502197 -0.232104
v 0.008122 0.510547 -0.191000
v 0.008122 0.504747 -0.169352
v 0.008122 0.443473 -0.155573
v 0.008122 0.485338 -0.158146
v 0.136395 0.546886 -0.248171
v 0.008122 0.546886 -0.282309
v 0.126061 0.546886 -0.237191
v 0.138343 0.546886 -0.249636
v 0.155335 0.546886 -0.256378
v 0.158497 0.546886 -0.257266
v 0.263838 0.546886 -0.282309
v 0.263838 0.546886 -0.257266
v 0.158497 0.528427 -0.300769
v 0.263838 0.528427 -0.300769
v 0.138343 0.523062 -0.306133
v 0.141690 0.523725 -0.305471
v 0.126061 0.514288 -0.314907
v 0.128069 0.515355 -0.313841
v 0.008122 0.474853 -0.354342
v 0.126061 0.506757 -0.322439
v 0.136395 0.498992 -0.330203
v 0.138343 0.497956 -0.331239
v 0.155335 0.493189 -0.336006
v 0.158497 0.492562 -0.336634
v 0.263838 0.474853 -0.354342
v 0.263838 0.492562 -0.336634
v 0.158497 0.448748 -0.354342
v 0.263838 0.448748 -0.354342
v 0.138343 0.441161 -0.354342
v 0.263838 0.546886 -0.206545
v 0.158498 0.531187 -0.212974
v 0.158497 0.546886 -0.206545
v 0.263838 0.531187 -0.212974
v 0.141690 0.546886 -0.213195
v 0.263838 0.523314 -0.231770
v 0.158498 0.523314 -0.231770
v 0.138343 0.531164 -0.218622
v 0.138343 0.546886 -0.214131
v 0.263838 0.531037 -0.250627
v 0.128069 0.546886 -0.225031
v 0.158498 0.531037 -0.250627
v 0.263838 0.546886 -0.257266
v 0.158497 0.546886 -0.257266
v 0.155335 0.546886 -0.256378
v 0.138343 0.531059 -0.244979
v 0.138343 0.546886 -0.249636
v 0.138343 0.523314 -0.231770
v 0.136395 0.546886 -0.248171
v 0.131323 0.528006 -0.231788
v 0.126061 0.531096 -0.235754
v 0.126061 0.546886 -0.237191
v 0.126061 0.546886 -0.226540
v 0.126061 0.531128 -0.227847
v 0.263838 0.448748 -0.354342
v 0.158498 0.442318 -0.338643
v 0.158497 0.448748 -0.354342
v 0.263838 0.442318 -0.338643
v 0.141690 0.442097 -0.354342
v 0.263838 0.423522 -0.330770
v 0.158498 0.423522 -0.330770
v 0.138343 0.436670 -0.338620
v 0.138343 0.441161 -0.354342
v 0.263838 0.404665 -0.338493
v 0.128069 0.430261 -0.354342
v 0.138343 0.423522 -0.330770
v 0.126061 0.427445 -0.338584
v 0.126061 0.428753 -0.354342
v 0.131323 0.423504 -0.335462
v 0.126061 0.419538 -0.338552
v 0.126061 0.418101 -0.354342
v 0.136395 0.407121 -0.354342
v 0.138343 0.410313 -0.338515
v 0.138343 0.405656 -0.354342
v 0.155335 0.398914 -0.354342
v 0.158498 0.404665 -0.338493
v 0.158497 0.398026 -0.354342
v 0.263838 0.398026 -0.354342
v 0.263838 0.528427 -0.300769
v 0.158498 0.512779 -0.294214
v 0.158497 0.528427 -0.300769
v 0.263838 0.512779 -0.294214
v 0.141690 0.523725 -0.305471
v 0.263838 0.493922 -0.301937
v 0.158498 0.493922 -0.301937
v 0.138343 0.508769 -0.298192
v 0.138343 0.523062 -0.306133
v 0.263838 0.486049 -0.320732
v 0.128069 0.515355 -0.313841
v 0.158498 0.486049 -0.320732
v 0.263838 0.492562 -0.336634
v 0.158497 0.492562 -0.336634
v 0.155335 0.493189 -0.336006
v 0.138343 0.497956 -0.331239
v 0.138343 0.490058 -0.316755
v 0.136395 0.498992 -0.330203
v 0.138343 0.493922 -0.301937
v 0.126061 0.506757 -0.322439
v 0.131323 0.497227 -0.305268
v 0.126061 0.496607 -0.310258
v 0.126061 0.514288 -0.314907
v 0.126061 0.502221 -0.304689
v 0.158498 0.486758 -0.142513
v 0.263838 0.493313 -0.126865
v 0.263838 0.486758 -0.142513
v 0.158497 0.493313 -0.126865
v 0.141690 0.498015 -0.131568
v 0.158498 0.494481 -0.161370
v 0.263838 0.494481 -0.161370
v 0.138343 0.490736 -0.146523
v 0.138343 0.498677 -0.132230
v 0.263838 0.513276 -0.169243
v 0.128070 0.506385 -0.139937
v 0.158498 0.513276 -0.169243
v 0.263838 0.529178 -0.162731
v 0.158497 0.529178 -0.162731
v 0.155335 0.528550 -0.162103
v 0.138343 0.523783 -0.157336
v 0.138343 0.509299 -0.165234
v 0.136395 0.522747 -0.156300
v 0.138343 0.494481 -0.161370
v 0.126061 0.514983 -0.148535
v 0.131323 0.497812 -0.158065
v 0.126061 0.502802 -0.158685
v 0.126061 0.507451 -0.141004
v 0.126061 0.497233 -0.153071
v 0.263838 0.300950 -0.256204
v 0.158497 0.316649 -0.249774
v 0.158497 0.300950 -0.256203
v 0.263838 0.316649 -0.249774
v 0.141690 0.300950 -0.249553
v 0.263838 0.324522 -0.230978
v 0.158497 0.324522 -0.230978
v 0.138343 0.316672 -0.244126
v 0.138343 0.300950 -0.248617
v 0.263838 0.316799 -0.212121
v 0.128069 0.300950 -0.237717
v 0.138343 0.324522 -0.230978
v 0.126061 0.316708 -0.234901
v 0.126061 0.300950 -0.236209
v 0.131323 0.319830 -0.230960
v 0.138343 0.316777 -0.217769
v 0.126061 0.316740 -0.226994
v 0.126061 0.300950 -0.225557
v 0.136395 0.300950 -0.214577
v 0.138343 0.300950 -0.213112
v 0.155335 0.300950 -0.206370
v 0.158497 0.316799 -0.212121
v 0.158497 0.300950 -0.205482
v 0.263838 0.300950 -0.205482
v 0.158497 0.399089 -0.108406
v 0.263838 0.399089 -0.108406
v 0.158498 0.405518 -0.124105
v 0.263838 0.405518 -0.124105
v 0.141690 0.405739 -0.108406
v 0.263838 0.424314 -0.131978
v 0.158498 0.424314 -0.131978
v 0.138343 0.411166 -0.124128
v 0.138343 0.406675 -0.108406
v 0.263838 0.443171 -0.124255
v 0.128070 0.417575 -0.108406
v 0.138343 0.424314 -0.131978
v 0.126061 0.420391 -0.124164
v 0.126061 0.419084 -0.108406
v 0.131323 0.424332 -0.127286
v 0.138343 0.437523 -0.124233
v 0.158498 0.443171 -0.124255
v 0.263838 0.449810 -0.108406
v 0.158497 0.449810 -0.108406
v 0.155335 0.448922 -0.108406
v 0.138343 0.442180 -0.108406
v 0.136395 0.440715 -0.108406
v 0.126061 0.428298 -0.124196
v 0.126061 0.429735 -0.108406
v 0.158497 0.319409 -0.161979
v 0.263838 0.319409 -0.161979
v 0.263838 0.335057 -0.168534
v 0.158497 0.335057 -0.168534
v 0.141690 0.324112 -0.157277
v 0.158497 0.353914 -0.160811
v 0.263838 0.353914 -0.160811
v 0.138343 0.339067 -0.164556
v 0.138343 0.324774 -0.156615
v 0.263838 0.361787 -0.142016
v 0.128069 0.332481 -0.148907
v 0.138343 0.353914 -0.160811
v 0.126061 0.345615 -0.158059
v 0.126061 0.333548 -0.147841
v 0.131323 0.350609 -0.157480
v 0.126061 0.351229 -0.152490
v 0.126061 0.341079 -0.140309
v 0.138343 0.357778 -0.145993
v 0.136395 0.348844 -0.132545
v 0.138343 0.349880 -0.131509
v 0.158497 0.361787 -0.142016
v 0.155335 0.354647 -0.126742
v 0.158497 0.355275 -0.126114
v 0.263838 0.355275 -0.126114
v 0.263838 0.354523 -0.335883
v 0.158498 0.361078 -0.320235
v 0.158497 0.354523 -0.335883
v 0.263838 0.361078 -0.320235
v 0.141690 0.349821 -0.331181
v 0.263838 0.353355 -0.301378
v 0.158498 0.353355 -0.301378
v 0.138343 0.357100 -0.316225
v 0.138343 0.349159 -0.330518
v 0.263838 0.334560 -0.293505
v 0.128069 0.341451 -0.322811
v 0.158498 0.334560 -0.293505
v 0.263838 0.318658 -0.300018
v 0.158497 0.318658 -0.300018
v 0.155335 0.319286 -0.300645
v 0.138343 0.324053 -0.305412
v 0.138343 0.338537 -0.297514
v 0.136395 0.325089 -0.306448
v 0.138343 0.353355 -0.301378
v 0.126061 0.332853 -0.314213
v 0.131323 0.350024 -0.304683
v 0.126061 0.345034 -0.304063
v 0.126061 0.340385 -0.321744
v 0.126061 0.350603 -0.309677
v 0.263838 0.513276 -0.169243
v 0.263838 0.494481 -0.161370
v 0.263838 0.504747 -0.169352
v 0.263838 0.495584 -0.164062
v 0.263838 0.485338 -0.158146
v 0.263838 0.510547 -0.191000
v 0.263838 0.486758 -0.142513
v 0.263838 0.546886 -0.180439
v 0.263838 0.529178 -0.162731
v 0.263838 0.531187 -0.212974
v 0.263838 0.546886 -0.206545
v 0.263838 0.499341 -0.210409
v 0.263838 0.523314 -0.231770
v 0.263838 0.502197 -0.232104
v 0.263838 0.479786 -0.232104
v 0.263838 0.477693 -0.216209
v 0.263838 0.463939 -0.247951
v 0.263838 0.458285 -0.205004
v 0.263838 0.429572 -0.274321
v 0.263838 0.418264 -0.188427
v 0.263838 0.452484 -0.183356
v 0.263838 0.437673 -0.177221
v 0.263838 0.463690 -0.163947
v 0.263838 0.443473 -0.155573
v 0.263838 0.389552 -0.257744
v 0.263838 0.410163 -0.285527
v 0.263838 0.395352 -0.279392
v 0.263838 0.384146 -0.298801
v 0.263838 0.404363 -0.307175
v 0.263838 0.383897 -0.214797
v 0.263838 0.396616 -0.182626
v 0.263838 0.370143 -0.246539
v 0.263838 0.383897 -0.192385
v 0.263838 0.368050 -0.230644
v 0.263838 0.385410 -0.163217
v 0.263838 0.348495 -0.252339
v 0.263838 0.368050 -0.176538
v 0.263838 0.345639 -0.230644
v 0.263838 0.353914 -0.160811
v 0.263838 0.345639 -0.176538
v 0.263838 0.361787 -0.142016
v 0.263838 0.335057 -0.168534
v 0.263838 0.391211 -0.141569
v 0.263838 0.329791 -0.192385
v 0.263838 0.372983 -0.108406
v 0.263838 0.355275 -0.126114
v 0.263838 0.399089 -0.108406
v 0.263838 0.405518 -0.124105
v 0.263838 0.410620 -0.130364
v 0.263838 0.424314 -0.131978
v 0.263838 0.425171 -0.134263
v 0.263838 0.432268 -0.136164
v 0.263838 0.443171 -0.124255
v 0.263838 0.474853 -0.108406
v 0.263838 0.449810 -0.108406
v 0.263838 0.493313 -0.126865
v 0.263838 0.319409 -0.161979
v 0.263838 0.300950 -0.180439
v 0.263838 0.300950 -0.205482
v 0.263838 0.316799 -0.212121
v 0.263838 0.329791 -0.214797
v 0.263838 0.324522 -0.230978
v 0.263838 0.334986 -0.219992
v 0.263838 0.316649 -0.249774
v 0.263838 0.337289 -0.271748
v 0.263838 0.300950 -0.282309
v 0.263838 0.300950 -0.256204
v 0.263838 0.334560 -0.293505
v 0.263838 0.318658 -0.300018
v 0.263838 0.343090 -0.293396
v 0.263838 0.353355 -0.301378
v 0.263838 0.353363 -0.299327
v 0.263838 0.362499 -0.304602
v 0.263838 0.361078 -0.320235
v 0.263838 0.404665 -0.338493
v 0.263838 0.415568 -0.326584
v 0.263838 0.423522 -0.330770
v 0.263838 0.425153 -0.329152
v 0.263838 0.372983 -0.354342
v 0.263838 0.398026 -0.354342
v 0.263838 0.354523 -0.335883
v 0.141690 0.442097 -0.354342
v 0.126061 0.428753 -0.354342
v 0.128069 0.430261 -0.354342
v 0.008122 0.372983 -0.354342
v 0.126061 0.418101 -0.354342
v 0.136395 0.407121 -0.354342
v 0.138343 0.405656 -0.354342
v 0.155335 0.398914 -0.354342
v 0.158497 0.398026 -0.354342
v 0.263838 0.398026 -0.354342
v 0.263838 0.372983 -0.354342
v 0.158497 0.354523 -0.335883
v 0.263838 0.354523 -0.335883
v 0.138343 0.349159 -0.330518
v 0.141690 0.349821 -0.331181
v 0.126061 0.340385 -0.321744
v 0.128069 0.341451 -0.322811
v 0.008122 0.300950 -0.282309
v 0.126061 0.332853 -0.314213
v 0.136395 0.325089 -0.306448
v 0.138343 0.324053 -0.305412
v 0.155335 0.319286 -0.300645
v 0.158497 0.318658 -0.300018
v 0.263838 0.318658 -0.300018
v 0.263838 0.300950 -0.282309
v 0.158497 0.300950 -0.256203
v 0.263838 0.300950 -0.256204
v 0.138343 0.300950 -0.248617
v 0.141690 0.300950 -0.249553
v 0.126061 0.300950 -0.236209
v 0.128069 0.300950 -0.237717
v 0.008122 0.300950 -0.180439
v 0.126061 0.300950 -0.225557
v 0.136395 0.300950 -0.214577
v 0.138343 0.300950 -0.213112
v 0.155335 0.300950 -0.206370
v 0.158497 0.300950 -0.205482
v 0.263838 0.300950 -0.180439
v 0.263838 0.300950 -0.205482
v 0.158497 0.319409 -0.161979
v 0.263838 0.319409 -0.161979
v 0.138343 0.324774 -0.156615
v 0.141690 0.324112 -0.157277
v 0.008122 0.372983 -0.108406
v 0.158497 0.399089 -0.108406
v 0.138343 0.406675 -0.108406
v 0.141690 0.405739 -0.108406
v 0.263838 0.372983 -0.108406
v 0.263838 0.399089 -0.108406
v 0.126061 0.419084 -0.108406
v 0.128070 0.417575 -0.108406
v 0.158497 0.355275 -0.126114
v 0.263838 0.355275 -0.126114
v 0.155335 0.354647 -0.126742
v 0.138343 0.349880 -0.131509
v 0.136395 0.348844 -0.132545
v 0.126061 0.341079 -0.140309
v 0.126061 0.333548 -0.147841
v 0.008122 0.474853 -0.108406
v 0.126061 0.429735 -0.108406
v 0.136395 0.440715 -0.108406
v 0.138343 0.442180 -0.108406
v 0.155335 0.448922 -0.108406
v 0.158497 0.449810 -0.108406
v 0.128069 0.332481 -0.148907
v 0.263838 0.449810 -0.108406
v 0.263838 0.474853 -0.108406
v 0.158497 0.493313 -0.126865
v 0.263838 0.493313 -0.126865
v 0.138343 0.498677 -0.132230
v 0.141690 0.498015 -0.131568
v 0.126061 0.507451 -0.141004
v 0.128070 0.506385 -0.139937
v 0.008122 0.546886 -0.180439
v 0.126061 0.514983 -0.148535
v 0.136395 0.522747 -0.156300
v 0.138343 0.523783 -0.157336
v 0.155335 0.528550 -0.162103
v 0.158497 0.529178 -0.162731
v 0.263838 0.529178 -0.162731
v 0.263838 0.546886 -0.180439
v 0.158497 0.546886 -0.206545
v 0.263838 0.546886 -0.206545
v 0.138343 0.546886 -0.214131
v 0.141690 0.546886 -0.213195
v 0.126061 0.546886 -0.226540
v 0.128069 0.546886 -0.225031
v 0.008122 0.443473 -0.155573
v 0.263838 0.443473 -0.155573
v 0.263838 0.432268 -0.136164
v 0.008122 0.437673 -0.177221
v 0.008122 0.432268 -0.136164
v 0.263838 0.437673 -0.177221
v 0.263838 0.425171 -0.134263
v 0.008122 0.418264 -0.188427
v 0.008122 0.410620 -0.130364
v 0.263838 0.418264 -0.188427
v 0.263838 0.410620 -0.130364
v 0.263838 0.396616 -0.182626
v 0.008122 0.391211 -0.141569
v 0.008122 0.396616 -0.182626
v 0.263838 0.391211 -0.141569
v 0.263838 0.385410 -0.163217
v 0.008122 0.385410 -0.163217
v 0.008122 0.499341 -0.210409
v 0.263838 0.499341 -0.210409
v 0.263838 0.510547 -0.191000
v 0.263838 0.477693 -0.216209
v 0.008122 0.510547 -0.191000
v 0.008122 0.477693 -0.216209
v 0.263838 0.504747 -0.169352
v 0.263838 0.458285 -0.205004
v 0.008122 0.504747 -0.169352
v 0.008122 0.458285 -0.205004
v 0.263838 0.495584 -0.164062
v 0.263838 0.452484 -0.183356
v 0.008122 0.485338 -0.158146
v 0.008122 0.452484 -0.183356
v 0.263838 0.485338 -0.158146
v 0.263838 0.463690 -0.163947
v 0.008122 0.463690 -0.163947
v 0.263838 0.528427 -0.300769
v 0.263838 0.518045 -0.270363
v 0.263838 0.512779 -0.294214
v 0.263838 0.546886 -0.282309
v 0.263838 0.546886 -0.257266
v 0.263838 0.531037 -0.250627
v 0.263838 0.502197 -0.286210
v 0.263838 0.518045 -0.247951
v 0.263838 0.493922 -0.301937
v 0.263838 0.479786 -0.286210
v 0.263838 0.512546 -0.242452
v 0.263838 0.462426 -0.299531
v 0.263838 0.463939 -0.270363
v 0.263838 0.486049 -0.320732
v 0.263838 0.451220 -0.280122
v 0.263838 0.456625 -0.321179
v 0.263838 0.474853 -0.354342
v 0.263838 0.492562 -0.336634
v 0.263838 0.448748 -0.354342
v 0.263838 0.442318 -0.338643
v 0.263838 0.437216 -0.332384
v 0.263838 0.425153 -0.329152
v 0.008122 0.437216 -0.332384
v 0.263838 0.456625 -0.321179
v 0.008122 0.415568 -0.326584
v 0.008122 0.456625 -0.321179
v 0.263838 0.415568 -0.326584
v 0.263838 0.462426 -0.299531
v 0.263838 0.404363 -0.307175
v 0.008122 0.462426 -0.299531
v 0.008122 0.404363 -0.307175
v 0.263838 0.451220 -0.280122
v 0.263838 0.410163 -0.285527
v 0.008122 0.451220 -0.280122
v 0.008122 0.410163 -0.285527
v 0.263838 0.429572 -0.274321
v 0.008122 0.429572 -0.274321
v 0.008122 0.502197 -0.232104
v 0.263838 0.502197 -0.232104
v 0.263838 0.479786 -0.232104
v 0.263838 0.512546 -0.242452
v 0.008122 0.479786 -0.232104
v 0.008122 0.518045 -0.247951
v 0.008122 0.463939 -0.247951
v 0.263838 0.518045 -0.247951
v 0.263838 0.463939 -0.247951
v 0.008122 0.518045 -0.270363
v 0.008122 0.463939 -0.270363
v 0.263838 0.518045 -0.270363
v 0.263838 0.463939 -0.270363
v 0.008122 0.502197 -0.286210
v 0.008122 0.479786 -0.286210
v 0.263838 0.502197 -0.286210
v 0.263838 0.479786 -0.286210
v 0.008122 0.368050 -0.176538
v 0.263838 0.368050 -0.176538
v 0.263838 0.345639 -0.176538
v 0.008122 0.383897 -0.192385
v 0.008122 0.345639 -0.176538
v 0.263838 0.383897 -0.192385
v 0.008122 0.329791 -0.192385
v 0.008122 0.383897 -0.214797
v 0.263838 0.329791 -0.192385
v 0.263838 0.383897 -0.214797
v 0.008122 0.329791 -0.214797
v 0.008122 0.368050 -0.230644
v 0.263838 0.329791 -0.214797
v 0.263838 0.368050 -0.230644
v 0.263838 0.334986 -0.219992
v 0.263838 0.345639 -0.230644
v 0.008122 0.345639 -0.230644
v 0.008122 0.384146 -0.298801
v 0.263838 0.384146 -0.298801
v 0.263838 0.395352 -0.279392
v 0.263838 0.362499 -0.304602
v 0.008122 0.395352 -0.279392
v 0.008122 0.362499 -0.304602
v 0.263838 0.389552 -0.257744
v 0.263838 0.353363 -0.299327
v 0.008122 0.389552 -0.257744
v 0.008122 0.343090 -0.293396
v 0.263838 0.370143 -0.246539
v 0.263838 0.343090 -0.293396
v 0.008122 0.370143 -0.246539
v 0.263838 0.337289 -0.271748
v 0.263838 0.348495 -0.252339
v 0.008122 0.337289 -0.271748
v 0.008122 0.348495 -0.252339
vn -1.0000 -0.0000 -0.0000
vn -0.0000 1.0000 -0.0000
vn -0.0000 0.9239 -0.3827
vn -0.0000 0.7071 -0.7071
vn -0.0001 0.7072 -0.7071
vn -0.0000 0.3827 -0.9239
vn -0.0000 0.7072 -0.7071
vn -0.0000 -0.0000 -1.0000
vn -0.0000 0.3790 -0.9254
vn 0.1027 0.6632 -0.7414
vn 0.1406 0.3486 -0.9267
vn -0.0000 0.7043 -0.7099
vn 0.2969 0.3052 -0.9048
vn -0.0000 1.0000 -0.0040
vn 0.0337 0.9994 -0.0040
vn 0.3785 0.5893 -0.7137
vn 0.4628 0.2325 -0.8554
vn -0.0000 0.7099 0.7043
vn 0.6556 0.1248 -0.7447
vn 0.1021 0.6726 0.7330
vn -0.0000 0.3864 0.9223
vn 0.1420 0.3631 0.9209
vn 0.2956 0.3286 0.8970
vn 0.3757 0.6038 0.7030
vn 0.4610 0.2593 0.8487
vn 0.2312 0.9729 -0.0039
vn 0.6537 0.1547 0.7408
vn 0.4475 0.8943 -0.0036
vn 0.7755 0.5077 0.3754
vn 0.8894 0.0935 0.4475
vn 0.8917 0.0749 -0.4465
vn 0.7785 0.4984 -0.3814
vn -0.0000 -0.9254 -0.3790
vn 0.1027 -0.7414 -0.6632
vn 0.1406 -0.9267 -0.3486
vn -0.0000 -0.7099 -0.7043
vn 0.2969 -0.9048 -0.3052
vn -0.0000 -0.0040 -1.0000
vn 0.0337 -0.0040 -0.9994
vn 0.3785 -0.7137 -0.5893
vn 0.4628 -0.8554 -0.2325
vn 0.6556 -0.7447 -0.1248
vn 0.2312 -0.0039 -0.9729
vn 0.7785 -0.3814 -0.4984
vn 0.8917 -0.4465 -0.0749
vn 0.4475 -0.0036 -0.8943
vn 0.7755 0.3754 -0.5077
vn 0.8894 0.4475 -0.0935
vn 0.6537 0.7408 -0.1547
vn 0.3757 0.7030 -0.6038
vn 0.4610 0.8487 -0.2593
vn 0.2956 0.8970 -0.3286
vn 0.1021 0.7330 -0.6726
vn 0.1420 0.9209 -0.3631
vn -0.0000 0.9223 -0.3864
vn -0.0000 -0.3864 -0.9223
vn 0.1027 -0.0552 -0.9932
vn 0.1406 -0.4088 -0.9017
vn 0.2969 -0.4240 -0.8556
vn 0.0336 0.7039 -0.7095
vn 0.3785 -0.0880 -0.9214
vn 0.4628 -0.4404 -0.7693
vn 0.6556 -0.4383 -0.6149
vn 0.1021 0.9939 0.0427
vn -0.0000 0.9254 0.3790
vn 0.1420 0.9079 0.3944
vn 0.2956 0.8667 0.4019
vn 0.4610 0.7834 0.4168
vn 0.3757 0.9241 0.0701
vn 0.6537 0.6332 0.4144
vn 0.2312 0.6852 -0.6907
vn 0.8894 0.3825 0.2503
vn 0.4475 0.6298 -0.6349
vn 0.7755 0.6244 -0.0935
vn 0.8917 -0.2628 -0.3686
vn 0.7785 0.0827 -0.6222
vn 0.1027 0.9932 -0.0552
vn 0.1406 0.9017 -0.4088
vn 0.2969 0.8556 -0.4240
vn 0.0336 0.7095 0.7039
vn 0.3785 0.9214 -0.0880
vn 0.4628 0.7693 -0.4404
vn -0.0000 0.0040 1.0000
vn 0.6556 0.6149 -0.4383
vn 0.1021 -0.0427 0.9939
vn -0.0000 -0.3790 0.9254
vn 0.1420 -0.3944 0.9079
vn 0.2956 -0.4019 0.8667
vn 0.4610 -0.4168 0.7834
vn 0.3757 -0.0701 0.9241
vn 0.6537 -0.4144 0.6332
vn 0.2312 0.6907 0.6852
vn 0.8894 -0.2503 0.3825
vn 0.4475 0.6349 0.6298
vn 0.7755 0.0935 0.6244
vn 0.8917 0.3686 -0.2628
vn 0.7785 0.6222 0.0827
vn 0.1027 -0.6632 0.7414
vn 0.1406 -0.3486 0.9267
vn -0.0000 -0.7043 0.7099
vn 0.2969 -0.3052 0.9048
vn -0.0000 -1.0000 0.0040
vn 0.0338 -0.9994 0.0040
vn 0.3785 -0.5893 0.7137
vn 0.4628 -0.2325 0.8554
vn 0.6556 -0.1248 0.7447
vn 0.2312 -0.9729 0.0039
vn 0.7785 -0.4984 0.3814
vn 0.8917 -0.0748 0.4465
vn 0.4475 -0.8943 0.0036
vn 0.3757 -0.6038 -0.7030
vn 0.7755 -0.5077 -0.3754
vn 0.8894 -0.0935 -0.4475
vn 0.6537 -0.1547 -0.7408
vn 0.4610 -0.2593 -0.8487
vn 0.2956 -0.3286 -0.8970
vn 0.1021 -0.6726 -0.7330
vn 0.1420 -0.3631 -0.9209
vn 0.1406 0.9267 0.3486
vn 0.1027 0.7414 0.6632
vn 0.2969 0.9048 0.3052
vn 0.0337 0.0040 0.9994
vn 0.3785 0.7137 0.5893
vn 0.4628 0.8554 0.2325
vn 0.6556 0.7447 0.1248
vn 0.2312 0.0039 0.9729
vn 0.7785 0.3814 0.4984
vn 0.8917 0.4465 0.0749
vn 0.4475 0.0036 0.8943
vn 0.3757 -0.7030 0.6038
vn 0.1021 -0.7330 0.6726
vn -0.0000 -0.9223 0.3864
vn 0.1420 -0.9209 0.3631
vn 0.2956 -0.8970 0.3286
vn 0.4610 -0.8487 0.2593
vn 0.6537 -0.7408 0.1547
vn 0.7755 -0.3754 0.5077
vn 0.8894 -0.4475 0.0935
vn 0.1406 0.4088 0.9017
vn 0.1027 0.0552 0.9932
vn 0.2969 0.4240 0.8556
vn 0.0336 -0.7039 0.7095
vn 0.3785 0.0880 0.9214
vn 0.4628 0.4404 0.7693
vn 0.6556 0.4383 0.6149
vn 0.2312 -0.6852 0.6907
vn 0.7785 -0.0827 0.6222
vn 0.8917 0.2628 0.3686
vn 0.4475 -0.6298 0.6349
vn 0.7755 -0.6244 0.0935
vn 0.8894 -0.3825 -0.2503
vn 0.3757 -0.9241 -0.0701
vn 0.6537 -0.6332 -0.4144
vn 0.4610 -0.7834 -0.4168
vn 0.1021 -0.9939 -0.0427
vn 0.2956 -0.8667 -0.4019
vn 0.1420 -0.9079 -0.3944
vn 0.1027 -0.9932 0.0552
vn 0.1406 -0.9017 0.4088
vn 0.2969 -0.8556 0.4240
vn 0.0336 -0.7095 -0.7039
vn 0.3785 -0.9214 0.0880
vn 0.4628 -0.7693 0.4404
vn 0.6556 -0.6149 0.4383
vn 0.1021 0.0427 -0.9939
vn 0.1420 0.3944 -0.9079
vn 0.2956 0.4019 -0.8667
vn 0.4610 0.4168 -0.7834
vn 0.3757 0.0701 -0.9241
vn 0.6537 0.4144 -0.6332
vn 0.2312 -0.6907 -0.6852
vn 0.8894 0.2503 -0.3825
vn 0.4475 -0.6349 -0.6298
vn 0.7755 -0.0935 -0.6244
vn 0.8917 -0.3686 0.2628
vn 0.7785 -0.6222 -0.0827
vn 1.0000 -0.0000 -0.0000
vn -0.0000 -0.3827 -0.9239
vn -0.0000 -0.7071 -0.7071
vn -0.0000 -0.7071 -0.7072
vn -0.0001 -0.7071 -0.7072
vn -0.0000 -0.9239 -0.3827
vn -0.0001 -0.7068 -0.7074
vn -0.0000 -1.0000 -0.0000
vn -0.0000 -0.9239 0.3827
vn -0.0000 -0.7071 0.7071
vn -0.0000 -0.3827 0.9239
vn -0.0000 -0.0000 1.0000
vn -0.0001 -0.7072 0.7071
vn -0.0000 0.3827 0.9239
vn -0.0000 0.7071 0.7071
vn 0.0001 0.7074 0.7068
vn -0.0001 0.7071 0.7072
vn -0.0000 0.9239 0.3827
vn -0.0000 -0.9914 -0.1305
vn -0.0000 -0.6087 -0.7934
vn -0.0000 -0.7934 0.6087
vn -0.0000 -0.6088 -0.7934
vn -0.0000 -0.7934 0.6088
vn -0.0000 -0.2588 -0.9659
vn -0.0000 -0.1305 0.9914
vn -0.0000 0.1305 -0.9914
vn -0.0000 0.6088 0.7934
vn -0.0000 0.7933 -0.6088
vn -0.0000 0.6088 0.7933
vn -0.0000 0.9914 0.1305
vn -0.0000 -0.6087 0.7934
vn -0.0000 -0.9914 0.1305
vn -0.0000 0.1305 0.9914
vn -0.0000 -0.7934 -0.6088
vn -0.0000 0.7933 0.6088
vn -0.0000 -0.5000 -0.8660
vn -0.0000 0.9914 -0.1305
vn -0.0000 -0.1305 -0.9914
vn -0.0000 0.6088 -0.7934
vn 0.7481 -0.0866 0.6579
vn 0.4864 0.2261 0.8440
vn -0.0000 -0.7933 0.6088
vn -0.0000 -0.6088 -0.7933
vn -0.0000 0.7934 -0.6087
vn -0.0000 0.7934 -0.6088
vn -0.0000 -0.6088 0.7933
vn -0.0000 0.5000 0.8660
vn -0.0000 -0.7933 -0.6088
vn -0.0000 0.6087 -0.7934
vt 0.000000 0.000000
s 1
f 1044/8/627 1045/8/627 1046/8/627
f 1047/8/627 1044/8/627 1046/8/627
f 1048/8/627 1045/8/627 1044/8/627
f 1044/8/627 1047/8/627 1049/8/627
f 1045/8/627 1048/8/627 1050/8/627
f 1048/8/627 1051/8/627 1050/8/627
f 1045/8/627 1050/8/627 1052/8/627
f 1045/8/627 1052/8/627 1053/8/627
f 1052/8/627 1054/8/627 1053/8/627
f 1054/8/627 1052/8/627 1055/8/627
f 1056/8/627 1051/8/627 1048/8/627
f 1055/8/627 1057/8/627 1054/8/627
f 1051/8/627 1056/8/627 1058/8/627
f 1057/8/627 1055/8/627 1059/8/627
f 1056/8/627 1060/8/627 1058/8/627
f 1056/8/627 1061/8/627 1060/8/627
f 1061/8/627 1062/8/627 1060/8/627
f 1061/8/627 1056/8/627 1063/8/627
f 1062/8/627 1061/8/627 1064/8/627
f 1056/8/627 1065/8/627 1063/8/627
f 1065/8/627 1056/8/627 1066/8/627
f 1066/8/627 1067/8/627 1065/8/627
f 1068/8/627 1062/8/627 1064/8/627
f 1062/8/627 1068/8/627 1059/8/627
f 1069/8/627 1067/8/627 1066/8/627
f 1067/8/627 1069/8/627 1070/8/627
f 1071/8/627 1069/8/627 1066/8/627
f 1070/8/627 1069/8/627 1072/8/627
f 1069/8/627 1071/8/627 1073/8/627
f 1074/8/627 1070/8/627 1072/8/627
f 1070/8/627 1074/8/627 1075/8/627
f 1076/8/627 1075/8/627 1074/8/627
f 1075/8/627 1076/8/627 1068/8/627
f 1077/8/627 1073/8/627 1071/8/627
f 1078/8/627 1077/8/627 1071/8/627
f 1077/8/627 1078/8/627 1079/8/627
f 1079/8/627 1078/8/627 1080/8/627
f 1081/8/627 1077/8/627 1079/8/627
f 1077/8/627 1081/8/627 1082/8/627
f 1081/8/627 1083/8/627 1082/8/627
f 1083/8/627 1081/8/627 1084/8/627
f 1084/8/627 1076/8/627 1083/8/627
f 1085/8/627 1080/8/627 1078/8/627
f 1076/8/627 1084/8/627 1086/8/627
f 1086/8/627 1068/8/627 1076/8/627
f 1086/8/627 1059/8/627 1068/8/627
f 1080/8/627 1085/8/627 1087/8/627
f 1088/8/627 1059/8/627 1086/8/627
f 1059/8/627 1088/8/627 1057/8/627
f 1086/8/627 1089/8/627 1088/8/627
f 1057/8/627 1088/8/627 1090/8/627
f 1089/8/627 1086/8/627 1091/8/627
f 1057/8/627 1090/8/627 1092/8/627
f 1091/8/627 1093/8/627 1089/8/627
f 1094/8/627 1092/8/627 1090/8/627
f 1092/8/627 1094/8/627 1095/8/627
f 1047/8/627 1095/8/627 1094/8/627
f 1096/8/627 1047/8/627 1094/8/627
f 1047/8/627 1096/8/627 1049/8/627
f 1049/8/627 1096/8/627 1097/8/627
f 1091/8/627 1098/8/627 1093/8/627
f 1085/8/627 1049/8/627 1097/8/627
f 1085/8/627 1093/8/627 1098/8/627
f 1085/8/627 1098/8/627 1087/8/627
f 1085/8/627 1099/8/627 1093/8/627
f 1085/8/627 1097/8/627 1099/8/627
f 1100/8/628 1101/8/629 1102/8/628
f 1103/8/628 1101/8/629 1100/8/628
f 1104/8/628 1101/8/629 1103/8/628
f 1105/8/628 1101/8/629 1104/8/628
f 1106/8/629 1105/8/628 1107/8/628
f 1106/8/629 1101/8/629 1105/8/628
f 1101/8/629 1106/8/629 1108/8/630
f 1109/8/630 1108/8/630 1106/8/629
f 1101/8/629 1108/8/630 1110/8/630
f 1110/8/630 1108/8/630 1111/8/630
f 1112/8/631 1101/8/629 1110/8/630
f 1112/8/631 1110/8/630 1113/8/630
f 1101/8/629 1112/8/631 1114/8/632
f 1114/8/632 1112/8/631 1115/8/630
f 1116/8/630 1114/8/632 1115/8/630
f 1117/8/630 1114/8/632 1116/8/630
f 1118/8/633 1114/8/632 1117/8/630
f 1119/8/630 1114/8/632 1118/8/633
f 1120/8/632 1119/8/630 1121/8/630
f 1120/8/632 1114/8/632 1119/8/630
f 1114/8/632 1120/8/632 1122/8/634
f 1122/8/634 1120/8/632 1123/8/634
f 1114/8/632 1122/8/634 1124/8/634
f 1125/8/635 1126/8/636 1127/8/637
f 1126/8/636 1125/8/635 1128/8/638
f 1127/8/637 1126/8/636 1129/8/639
f 1130/8/640 1126/8/636 1128/8/638
f 1126/8/636 1130/8/640 1131/8/641
f 1129/8/639 1126/8/636 1132/8/642
f 1131/8/641 1132/8/642 1126/8/636
f 1132/8/642 1133/8/643 1129/8/639
f 1134/8/644 1131/8/641 1130/8/640
f 1133/8/643 1132/8/642 1135/8/645
f 1134/8/644 1136/8/646 1131/8/641
f 1137/8/647 1136/8/646 1134/8/644
f 1136/8/646 1137/8/647 1138/8/648
f 1139/8/649 1136/8/646 1138/8/648
f 1140/8/650 1136/8/646 1139/8/649
f 1140/8/650 1131/8/641 1136/8/646
f 1140/8/650 1139/8/649 1141/8/651
f 1131/8/641 1142/8/652 1132/8/642
f 1131/8/641 1140/8/650 1142/8/652
f 1143/8/653 1140/8/650 1141/8/651
f 1144/8/654 1132/8/642 1142/8/652
f 1140/8/650 1144/8/654 1142/8/652
f 1140/8/650 1143/8/653 1145/8/655
f 1144/8/654 1140/8/650 1145/8/655
f 1146/8/656 1145/8/655 1143/8/653
f 1145/8/655 1146/8/656 1147/8/657
f 1148/8/658 1144/8/654 1145/8/655
f 1132/8/642 1144/8/654 1148/8/658
f 1145/8/655 1147/8/657 1148/8/658
f 1148/8/658 1135/8/645 1132/8/642
f 1135/8/645 1148/8/658 1147/8/657
f 1149/8/659 1150/8/660 1151/8/661
f 1150/8/660 1149/8/659 1152/8/662
f 1151/8/661 1150/8/660 1153/8/663
f 1150/8/660 1152/8/662 1154/8/664
f 1150/8/660 1154/8/664 1155/8/665
f 1153/8/663 1150/8/660 1156/8/666
f 1150/8/660 1155/8/665 1156/8/666
f 1156/8/666 1157/8/667 1153/8/663
f 1155/8/665 1154/8/664 1158/8/638
f 1157/8/667 1156/8/666 1159/8/668
f 1156/8/666 1155/8/665 1160/8/669
f 1159/8/668 1156/8/666 1161/8/670
f 1161/8/670 1162/8/671 1159/8/668
f 1163/8/672 1156/8/666 1160/8/669
f 1156/8/666 1163/8/672 1161/8/670
f 1164/8/673 1162/8/671 1161/8/670
f 1164/8/673 1161/8/670 1163/8/672
f 1162/8/671 1164/8/673 1165/8/674
f 1165/8/674 1164/8/673 1166/8/675
f 1167/8/676 1164/8/673 1163/8/672
f 1160/8/669 1167/8/676 1163/8/672
f 1167/8/676 1166/8/675 1164/8/673
f 1155/8/665 1167/8/676 1160/8/669
f 1166/8/675 1167/8/676 1168/8/677
f 1168/8/677 1167/8/676 1169/8/678
f 1167/8/676 1155/8/665 1170/8/679
f 1169/8/678 1167/8/676 1170/8/679
f 1155/8/665 1158/8/638 1170/8/679
f 1170/8/679 1171/8/680 1169/8/678
f 1172/8/681 1170/8/679 1158/8/638
f 1170/8/679 1172/8/681 1171/8/680
f 1173/8/682 1174/8/683 1175/8/684
f 1174/8/683 1173/8/682 1176/8/664
f 1175/8/684 1174/8/683 1177/8/685
f 1174/8/683 1176/8/664 1178/8/638
f 1174/8/683 1178/8/638 1179/8/686
f 1177/8/685 1174/8/683 1180/8/687
f 1174/8/683 1179/8/686 1180/8/687
f 1180/8/687 1181/8/688 1177/8/685
f 1182/8/640 1179/8/686 1178/8/638
f 1180/8/687 1183/8/689 1181/8/688
f 1179/8/686 1182/8/640 1184/8/690
f 1185/8/691 1184/8/690 1182/8/640
f 1184/8/690 1185/8/691 1186/8/692
f 1187/8/693 1184/8/690 1186/8/692
f 1184/8/690 1187/8/693 1188/8/694
f 1189/8/695 1184/8/690 1188/8/694
f 1189/8/695 1179/8/686 1184/8/690
f 1189/8/695 1188/8/694 1190/8/696
f 1180/8/687 1179/8/686 1191/8/697
f 1179/8/686 1189/8/695 1191/8/697
f 1192/8/698 1189/8/695 1190/8/696
f 1193/8/699 1180/8/687 1191/8/697
f 1191/8/697 1189/8/695 1193/8/699
f 1189/8/695 1192/8/698 1194/8/700
f 1193/8/699 1189/8/695 1194/8/700
f 1195/8/701 1194/8/700 1192/8/698
f 1180/8/687 1193/8/699 1196/8/702
f 1196/8/702 1193/8/699 1194/8/700
f 1194/8/700 1195/8/701 1196/8/702
f 1183/8/689 1180/8/687 1196/8/702
f 1183/8/689 1196/8/702 1195/8/701
f 1197/8/703 1198/8/681 1199/8/640
f 1198/8/681 1197/8/703 1200/8/704
f 1197/8/703 1201/8/705 1200/8/704
f 1197/8/703 1199/8/640 1202/8/706
f 1203/8/644 1202/8/706 1199/8/640
f 1197/8/703 1204/8/707 1201/8/705
f 1202/8/706 1204/8/707 1197/8/703
f 1201/8/705 1204/8/707 1205/8/708
f 1202/8/706 1203/8/644 1206/8/709
f 1204/8/707 1207/8/710 1205/8/708
f 1202/8/706 1206/8/709 1208/8/711
f 1209/8/712 1208/8/711 1206/8/709
f 1208/8/711 1209/8/712 1210/8/713
f 1211/8/714 1208/8/711 1210/8/713
f 1208/8/711 1211/8/714 1212/8/715
f 1208/8/711 1212/8/715 1213/8/716
f 1213/8/716 1202/8/706 1208/8/711
f 1213/8/716 1212/8/715 1214/8/717
f 1202/8/706 1215/8/718 1204/8/707
f 1202/8/706 1213/8/716 1215/8/718
f 1216/8/719 1213/8/716 1214/8/717
f 1217/8/720 1204/8/707 1215/8/718
f 1215/8/718 1213/8/716 1217/8/720
f 1216/8/719 1218/8/721 1213/8/716
f 1213/8/716 1218/8/721 1217/8/720
f 1219/8/722 1218/8/721 1216/8/719
f 1204/8/707 1217/8/720 1220/8/723
f 1220/8/723 1217/8/720 1218/8/721
f 1219/8/722 1220/8/723 1218/8/721
f 1220/8/723 1207/8/710 1204/8/707
f 1207/8/710 1220/8/723 1219/8/722
f 1221/8/712 1222/8/724 1223/8/725
f 1222/8/724 1221/8/712 1224/8/726
f 1223/8/725 1222/8/724 1225/8/727
f 1222/8/724 1224/8/726 1226/8/728
f 1222/8/724 1226/8/728 1227/8/729
f 1228/8/730 1225/8/727 1222/8/724
f 1222/8/724 1227/8/729 1228/8/730
f 1225/8/727 1228/8/730 1229/8/731
f 1227/8/729 1226/8/728 1230/8/662
f 1229/8/731 1228/8/730 1231/8/732
f 1228/8/730 1227/8/729 1232/8/733
f 1233/8/734 1231/8/732 1228/8/730
f 1231/8/732 1233/8/734 1234/8/735
f 1235/8/736 1228/8/730 1232/8/733
f 1228/8/730 1235/8/736 1233/8/734
f 1227/8/729 1236/8/737 1232/8/733
f 1232/8/733 1236/8/737 1235/8/736
f 1237/8/738 1234/8/735 1233/8/734
f 1237/8/738 1233/8/734 1235/8/736
f 1234/8/735 1237/8/738 1238/8/739
f 1236/8/737 1237/8/738 1235/8/736
f 1238/8/739 1237/8/738 1239/8/740
f 1236/8/737 1239/8/740 1237/8/738
f 1239/8/740 1236/8/737 1240/8/741
f 1236/8/737 1241/8/742 1240/8/741
f 1236/8/737 1227/8/729 1242/8/743
f 1236/8/737 1242/8/743 1241/8/742
f 1227/8/729 1230/8/662 1242/8/743
f 1241/8/742 1242/8/743 1243/8/744
f 1230/8/662 1243/8/744 1242/8/743
f 1243/8/744 1230/8/662 1244/8/682
f 1245/8/745 1246/8/691 1247/8/746
f 1248/8/644 1247/8/746 1246/8/691
f 1245/8/745 1247/8/746 1249/8/747
f 1247/8/746 1248/8/644 1250/8/709
f 1247/8/746 1250/8/709 1251/8/748
f 1252/8/749 1249/8/747 1247/8/746
f 1247/8/746 1251/8/748 1252/8/749
f 1249/8/747 1252/8/749 1253/8/750
f 1251/8/748 1250/8/709 1254/8/726
f 1252/8/749 1255/8/751 1253/8/750
f 1252/8/749 1251/8/748 1256/8/752
f 1252/8/749 1257/8/753 1255/8/751
f 1255/8/751 1257/8/753 1258/8/754
f 1259/8/755 1252/8/749 1256/8/752
f 1252/8/749 1259/8/755 1257/8/753
f 1251/8/748 1260/8/756 1256/8/752
f 1256/8/752 1260/8/756 1259/8/755
f 1251/8/748 1254/8/726 1261/8/757
f 1260/8/756 1251/8/748 1261/8/757
f 1262/8/758 1261/8/757 1254/8/726
f 1261/8/757 1262/8/758 1263/8/759
f 1264/8/760 1261/8/757 1263/8/759
f 1260/8/756 1261/8/757 1264/8/760
f 1260/8/756 1264/8/760 1265/8/761
f 1266/8/762 1260/8/756 1265/8/761
f 1260/8/756 1267/8/763 1259/8/755
f 1260/8/756 1266/8/762 1267/8/763
f 1267/8/763 1257/8/753 1259/8/755
f 1267/8/763 1258/8/754 1257/8/753
f 1268/8/764 1267/8/763 1266/8/762
f 1258/8/754 1267/8/763 1268/8/764
f 1269/8/765 1270/8/647 1271/8/709
f 1269/8/765 1271/8/709 1272/8/766
f 1269/8/765 1272/8/766 1273/8/767
f 1271/8/709 1274/8/768 1272/8/766
f 1274/8/768 1271/8/709 1275/8/726
f 1273/8/767 1272/8/766 1276/8/769
f 1272/8/766 1274/8/768 1276/8/769
f 1276/8/769 1277/8/770 1273/8/767
f 1274/8/768 1275/8/726 1278/8/728
f 1277/8/770 1276/8/769 1279/8/771
f 1276/8/769 1274/8/768 1280/8/772
f 1279/8/771 1276/8/769 1281/8/773
f 1281/8/773 1282/8/774 1279/8/771
f 1283/8/775 1276/8/769 1280/8/772
f 1276/8/769 1283/8/775 1281/8/773
f 1284/8/776 1282/8/774 1281/8/773
f 1284/8/776 1281/8/773 1283/8/775
f 1282/8/774 1284/8/776 1285/8/777
f 1280/8/772 1286/8/778 1283/8/775
f 1286/8/778 1284/8/776 1283/8/775
f 1286/8/778 1285/8/777 1284/8/776
f 1274/8/768 1286/8/778 1280/8/772
f 1285/8/777 1286/8/778 1287/8/779
f 1287/8/779 1286/8/778 1288/8/780
f 1286/8/778 1274/8/768 1289/8/781
f 1289/8/781 1288/8/780 1286/8/778
f 1274/8/768 1278/8/728 1289/8/781
f 1289/8/781 1290/8/782 1288/8/780
f 1290/8/782 1289/8/781 1291/8/783
f 1278/8/728 1291/8/783 1289/8/781
f 1291/8/783 1278/8/728 1292/8/659
f 1293/8/758 1294/8/784 1295/8/785
f 1294/8/784 1293/8/758 1296/8/728
f 1295/8/785 1294/8/784 1297/8/786
f 1294/8/784 1296/8/728 1298/8/662
f 1294/8/784 1298/8/662 1299/8/787
f 1297/8/786 1294/8/784 1300/8/788
f 1294/8/784 1299/8/787 1300/8/788
f 1300/8/788 1301/8/789 1297/8/786
f 1299/8/787 1298/8/662 1302/8/664
f 1300/8/788 1303/8/790 1301/8/789
f 1299/8/787 1302/8/664 1304/8/791
f 1305/8/635 1304/8/791 1302/8/664
f 1304/8/791 1305/8/635 1306/8/792
f 1307/8/793 1304/8/791 1306/8/792
f 1304/8/791 1307/8/793 1308/8/794
f 1304/8/791 1308/8/794 1309/8/795
f 1309/8/795 1299/8/787 1304/8/791
f 1309/8/795 1308/8/794 1310/8/796
f 1300/8/788 1299/8/787 1311/8/797
f 1299/8/787 1309/8/795 1311/8/797
f 1312/8/798 1309/8/795 1310/8/796
f 1313/8/799 1300/8/788 1311/8/797
f 1311/8/797 1309/8/795 1313/8/799
f 1309/8/795 1312/8/798 1314/8/800
f 1309/8/795 1314/8/800 1313/8/799
f 1315/8/801 1314/8/800 1312/8/798
f 1300/8/788 1313/8/799 1316/8/802
f 1314/8/800 1316/8/802 1313/8/799
f 1314/8/800 1315/8/801 1316/8/802
f 1316/8/802 1303/8/790 1300/8/788
f 1303/8/790 1316/8/802 1315/8/801
f 1317/8/803 1318/8/803 1319/8/803
f 1319/8/803 1318/8/803 1320/8/803
f 1321/8/803 1320/8/803 1318/8/803
f 1322/8/803 1317/8/803 1319/8/803
f 1323/8/803 1321/8/803 1318/8/803
f 1322/8/803 1324/8/803 1317/8/803
f 1317/8/803 1324/8/803 1325/8/803
f 1324/8/803 1322/8/803 1326/8/803
f 1324/8/803 1326/8/803 1327/8/803
f 1328/8/803 1326/8/803 1322/8/803
f 1328/8/803 1329/8/803 1326/8/803
f 1329/8/803 1328/8/803 1330/8/803
f 1328/8/803 1331/8/803 1330/8/803
f 1331/8/803 1328/8/803 1332/8/803
f 1332/8/803 1333/8/803 1331/8/803
f 1333/8/803 1332/8/803 1334/8/803
f 1334/8/803 1335/8/803 1333/8/803
f 1336/8/803 1335/8/803 1334/8/803
f 1337/8/803 1336/8/803 1334/8/803
f 1336/8/803 1337/8/803 1338/8/803
f 1339/8/803 1338/8/803 1337/8/803
f 1338/8/803 1339/8/803 1340/8/803
f 1336/8/803 1341/8/803 1335/8/803
f 1342/8/803 1335/8/803 1341/8/803
f 1342/8/803 1341/8/803 1343/8/803
f 1344/8/803 1342/8/803 1343/8/803
f 1342/8/803 1344/8/803 1345/8/803
f 1341/8/803 1336/8/803 1346/8/803
f 1347/8/803 1346/8/803 1336/8/803
f 1341/8/803 1346/8/803 1348/8/803
f 1346/8/803 1347/8/803 1349/8/803
f 1348/8/803 1346/8/803 1350/8/803
f 1351/8/803 1349/8/803 1347/8/803
f 1350/8/803 1352/8/803 1348/8/803
f 1349/8/803 1351/8/803 1353/8/803
f 1352/8/803 1350/8/803 1354/8/803
f 1351/8/803 1355/8/803 1353/8/803
f 1355/8/803 1356/8/803 1353/8/803
f 1355/8/803 1351/8/803 1357/8/803
f 1356/8/803 1355/8/803 1358/8/803
f 1359/8/803 1357/8/803 1351/8/803
f 1356/8/803 1358/8/803 1360/8/803
f 1361/8/803 1357/8/803 1359/8/803
f 1357/8/803 1361/8/803 1362/8/803
f 1361/8/803 1359/8/803 1363/8/803
f 1363/8/803 1359/8/803 1364/8/803
f 1364/8/803 1359/8/803 1365/8/803
f 1366/8/803 1364/8/803 1365/8/803
f 1365/8/803 1367/8/803 1366/8/803
f 1368/8/803 1366/8/803 1367/8/803
f 1366/8/803 1368/8/803 1369/8/803
f 1340/8/803 1369/8/803 1368/8/803
f 1339/8/803 1369/8/803 1340/8/803
f 1369/8/803 1339/8/803 1323/8/803
f 1323/8/803 1339/8/803 1321/8/803
f 1370/8/803 1369/8/803 1323/8/803
f 1369/8/803 1370/8/803 1371/8/803
f 1370/8/803 1323/8/803 1372/8/803
f 1373/8/803 1360/8/803 1358/8/803
f 1360/8/803 1373/8/803 1374/8/803
f 1375/8/803 1360/8/803 1374/8/803
f 1360/8/803 1375/8/803 1376/8/803
f 1377/8/803 1360/8/803 1376/8/803
f 1378/8/803 1377/8/803 1376/8/803
f 1377/8/803 1378/8/803 1379/8/803
f 1378/8/803 1354/8/803 1379/8/803
f 1378/8/803 1352/8/803 1354/8/803
f 1352/8/803 1378/8/803 1380/8/803
f 1352/8/803 1380/8/803 1381/8/803
f 1382/8/803 1381/8/803 1380/8/803
f 1382/8/803 1380/8/803 1383/8/803
f 1381/8/803 1382/8/803 1384/8/803
f 1384/8/803 1382/8/803 1385/8/803
f 1381/8/803 1384/8/803 1386/8/803
f 1387/8/803 1386/8/803 1384/8/803
f 1386/8/803 1387/8/803 1388/8/803
f 1389/8/803 1388/8/803 1387/8/803
f 1387/8/803 1390/8/803 1389/8/803
f 1390/8/803 1344/8/803 1389/8/803
f 1391/8/803 1344/8/803 1390/8/803
f 1344/8/803 1391/8/803 1345/8/803
f 1345/8/803 1391/8/803 1392/8/803
f 1391/8/803 1393/8/803 1392/8/803
f 1394/8/803 1392/8/803 1393/8/803
f 1395/8/803 1391/8/803 1390/8/803
f 1391/8/803 1395/8/803 1396/8/803
f 1395/8/803 1390/8/803 1397/8/803
f 1124/8/634 1122/8/634 1398/8/634
f 1399/8/634 1114/8/632 1124/8/634
f 1399/8/634 1124/8/634 1400/8/634
f 1114/8/632 1399/8/634 1401/8/804
f 1402/8/634 1401/8/804 1399/8/634
f 1403/8/634 1401/8/804 1402/8/634
f 1404/8/634 1401/8/804 1403/8/634
f 1405/8/634 1401/8/804 1404/8/634
f 1406/8/634 1401/8/804 1405/8/634
f 1406/8/634 1407/8/634 1408/8/804
f 1408/8/804 1401/8/804 1406/8/634
f 1401/8/804 1408/8/804 1409/8/805
f 1409/8/805 1408/8/804 1410/8/805
f 1401/8/804 1409/8/805 1411/8/805
f 1411/8/805 1409/8/805 1412/8/806
f 1413/8/807 1401/8/804 1411/8/805
f 1413/8/807 1411/8/805 1414/8/805
f 1401/8/804 1413/8/807 1415/8/808
f 1416/8/805 1415/8/808 1413/8/807
f 1417/8/805 1415/8/808 1416/8/805
f 1418/8/805 1415/8/808 1417/8/805
f 1419/8/809 1415/8/808 1418/8/805
f 1420/8/805 1415/8/808 1419/8/809
f 1420/8/805 1421/8/805 1422/8/808
f 1422/8/808 1415/8/808 1420/8/805
f 1415/8/808 1422/8/808 1423/8/810
f 1423/8/810 1422/8/808 1424/8/810
f 1415/8/808 1423/8/810 1425/8/810
f 1425/8/810 1423/8/810 1426/8/810
f 1427/8/810 1415/8/808 1425/8/810
f 1427/8/810 1425/8/810 1428/8/810
f 1415/8/808 1427/8/810 1429/8/811
f 1430/8/810 1429/8/811 1427/8/810
f 1431/8/810 1429/8/811 1430/8/810
f 1432/8/810 1429/8/811 1431/8/810
f 1433/8/810 1429/8/811 1432/8/810
f 1434/8/810 1429/8/811 1433/8/810
f 1435/8/811 1429/8/811 1434/8/810
f 1434/8/810 1436/8/810 1435/8/811
f 1429/8/811 1435/8/811 1437/8/812
f 1437/8/812 1435/8/811 1438/8/812
f 1429/8/811 1437/8/812 1439/8/812
f 1439/8/812 1437/8/812 1440/8/812
f 1441/8/813 1442/8/814 1443/8/814
f 1443/8/814 1442/8/814 1444/8/814
f 1442/8/814 1445/8/813 1446/8/814
f 1441/8/813 1445/8/813 1442/8/814
f 1447/8/814 1443/8/814 1448/8/814
f 1447/8/814 1441/8/813 1443/8/814
f 1449/8/812 1450/8/812 1445/8/813
f 1445/8/813 1441/8/813 1449/8/812
f 1449/8/812 1441/8/813 1451/8/812
f 1451/8/812 1441/8/813 1452/8/812
f 1452/8/812 1441/8/813 1453/8/812
f 1453/8/812 1441/8/813 1454/8/812
f 1454/8/812 1441/8/813 1455/8/815
f 1441/8/813 1447/8/814 1456/8/816
f 1457/8/814 1456/8/816 1447/8/814
f 1458/8/814 1456/8/816 1457/8/814
f 1459/8/814 1456/8/816 1458/8/814
f 1460/8/814 1456/8/816 1459/8/814
f 1429/8/811 1455/8/815 1441/8/813
f 1461/8/814 1456/8/816 1460/8/814
f 1455/8/815 1439/8/812 1462/8/812
f 1455/8/815 1429/8/811 1439/8/812
f 1461/8/814 1463/8/814 1464/8/816
f 1464/8/816 1456/8/816 1461/8/814
f 1456/8/816 1464/8/816 1465/8/817
f 1465/8/817 1464/8/816 1466/8/817
f 1456/8/816 1465/8/817 1467/8/817
f 1467/8/817 1465/8/817 1468/8/818
f 1469/8/819 1456/8/816 1467/8/817
f 1469/8/819 1467/8/817 1470/8/817
f 1456/8/816 1469/8/819 1471/8/820
f 1472/8/817 1471/8/820 1469/8/819
f 1473/8/817 1471/8/820 1472/8/817
f 1474/8/817 1471/8/820 1473/8/817
f 1475/8/817 1471/8/820 1474/8/817
f 1476/8/817 1471/8/820 1475/8/817
f 1476/8/817 1477/8/817 1478/8/820
f 1478/8/820 1471/8/820 1476/8/817
f 1471/8/820 1478/8/820 1479/8/628
f 1480/8/628 1479/8/628 1478/8/820
f 1471/8/820 1479/8/628 1481/8/628
f 1481/8/628 1479/8/628 1482/8/628
f 1483/8/628 1471/8/820 1481/8/628
f 1483/8/628 1481/8/628 1484/8/628
f 1471/8/820 1483/8/628 1101/8/629
f 1101/8/629 1483/8/628 1102/8/628
f 1485/8/821 1486/8/821 1487/8/822
f 1488/8/823 1486/8/821 1485/8/821
f 1485/8/821 1487/8/822 1489/8/824
f 1488/8/823 1490/8/825 1486/8/821
f 1491/8/826 1489/8/824 1487/8/822
f 1492/8/827 1490/8/825 1488/8/823
f 1491/8/826 1493/8/828 1489/8/824
f 1492/8/827 1494/8/827 1490/8/825
f 1493/8/828 1491/8/826 1495/8/828
f 1492/8/827 1496/8/829 1494/8/827
f 1495/8/828 1497/8/830 1493/8/828
f 1496/8/829 1492/8/827 1498/8/831
f 1497/8/830 1495/8/828 1499/8/830
f 1496/8/829 1498/8/831 1500/8/832
f 1497/8/830 1499/8/830 1501/8/832
f 1501/8/832 1500/8/832 1498/8/831
f 1500/8/832 1501/8/832 1499/8/830
f 1502/8/833 1503/8/833 1504/8/834
f 1502/8/833 1505/8/835 1503/8/833
f 1502/8/833 1504/8/834 1506/8/834
f 1505/8/835 1502/8/833 1507/8/835
f 1506/8/834 1504/8/834 1508/8/836
f 1507/8/835 1509/8/837 1505/8/835
f 1506/8/834 1508/8/836 1510/8/836
f 1509/8/837 1507/8/835 1511/8/837
f 1512/8/838 1510/8/836 1508/8/836
f 1509/8/837 1511/8/837 1513/8/839
f 1512/8/838 1514/8/840 1510/8/836
f 1515/8/839 1513/8/839 1511/8/837
f 1514/8/840 1512/8/838 1516/8/840
f 1513/8/839 1515/8/839 1517/8/841
f 1514/8/840 1516/8/840 1517/8/841
f 1518/8/841 1517/8/841 1515/8/839
f 1514/8/840 1517/8/841 1518/8/841
f 1519/8/803 1520/8/803 1521/8/803
f 1520/8/803 1519/8/803 1522/8/803
f 1523/8/803 1520/8/803 1522/8/803
f 1520/8/803 1523/8/803 1524/8/803
f 1525/8/803 1521/8/803 1520/8/803
f 1526/8/803 1520/8/803 1524/8/803
f 1525/8/803 1527/8/803 1521/8/803
f 1329/8/803 1526/8/803 1524/8/803
f 1527/8/803 1525/8/803 1528/8/803
f 1526/8/803 1329/8/803 1529/8/803
f 1329/8/803 1330/8/803 1529/8/803
f 1530/8/803 1527/8/803 1528/8/803
f 1531/8/803 1530/8/803 1528/8/803
f 1527/8/803 1530/8/803 1532/8/803
f 1530/8/803 1531/8/803 1533/8/803
f 1333/8/803 1533/8/803 1531/8/803
f 1534/8/803 1532/8/803 1530/8/803
f 1533/8/803 1333/8/803 1335/8/803
f 1535/8/803 1532/8/803 1534/8/803
f 1532/8/803 1535/8/803 1536/8/803
f 1535/8/803 1534/8/803 1537/8/803
f 1537/8/803 1534/8/803 1538/8/803
f 1538/8/803 1534/8/803 1539/8/842
f 1393/8/803 1538/8/803 1539/8/842
f 1539/8/842 1540/8/843 1393/8/803
f 1541/8/827 1540/8/843 1539/8/842
f 1541/8/827 1539/8/842 1542/8/844
f 1543/8/829 1540/8/843 1541/8/827
f 1541/8/827 1542/8/844 1544/8/844
f 1540/8/843 1543/8/829 1545/8/829
f 1544/8/844 1542/8/844 1546/8/821
f 1545/8/829 1543/8/829 1547/8/832
f 1544/8/844 1546/8/821 1548/8/821
f 1549/8/832 1547/8/832 1543/8/829
f 1548/8/821 1546/8/821 1550/8/845
f 1547/8/832 1549/8/832 1551/8/846
f 1548/8/821 1550/8/845 1552/8/824
f 1553/8/847 1551/8/846 1549/8/832
f 1552/8/824 1550/8/845 1554/8/828
f 1553/8/847 1554/8/828 1551/8/846
f 1552/8/824 1554/8/828 1555/8/828
f 1554/8/828 1553/8/847 1555/8/828
f 1556/8/804 1557/8/804 1558/8/632
f 1556/8/804 1559/8/805 1557/8/804
f 1556/8/804 1558/8/632 1560/8/632
f 1559/8/805 1556/8/804 1561/8/808
f 1560/8/632 1558/8/632 1562/8/629
f 1559/8/805 1561/8/808 1563/8/808
f 1564/8/629 1562/8/629 1558/8/632
f 1565/8/811 1563/8/808 1561/8/808
f 1562/8/629 1564/8/629 1566/8/820
f 1565/8/811 1567/8/811 1563/8/808
f 1568/8/820 1566/8/820 1564/8/629
f 1569/8/813 1567/8/811 1565/8/811
f 1566/8/820 1568/8/820 1570/8/816
f 1569/8/813 1571/8/813 1567/8/811
f 1572/8/816 1570/8/816 1568/8/820
f 1569/8/813 1572/8/816 1571/8/813
f 1572/8/816 1569/8/813 1570/8/816
f 1573/8/804 1574/8/804 1575/8/632
f 1576/8/808 1574/8/804 1573/8/804
f 1573/8/804 1575/8/632 1577/8/632
f 1576/8/808 1578/8/808 1574/8/804
f 1575/8/632 1579/8/629 1577/8/632
f 1580/8/811 1578/8/808 1576/8/808
f 1579/8/629 1575/8/632 1581/8/629
f 1580/8/811 1582/8/811 1578/8/808
f 1579/8/629 1581/8/629 1583/8/820
f 1584/8/813 1582/8/811 1580/8/811
f 1585/8/820 1583/8/820 1581/8/629
f 1584/8/813 1586/8/813 1582/8/811
f 1587/8/817 1583/8/820 1585/8/820
f 1584/8/813 1588/8/816 1586/8/813
f 1583/8/820 1587/8/817 1589/8/816
f 1588/8/816 1584/8/813 1589/8/816
f 1589/8/816 1587/8/817 1588/8/816
f 1590/8/848 1591/8/848 1592/8/834
f 1590/8/848 1593/8/835 1591/8/848
f 1590/8/848 1592/8/834 1594/8/834
f 1593/8/835 1590/8/848 1595/8/835
f 1594/8/834 1592/8/834 1596/8/836
f 1595/8/835 1597/8/849 1593/8/835
f 1594/8/834 1596/8/836 1598/8/850
f 1597/8/849 1595/8/835 1599/8/837
f 1598/8/850 1596/8/836 1600/8/840
f 1599/8/837 1601/8/837 1597/8/849
f 1598/8/850 1600/8/840 1602/8/840
f 1601/8/837 1599/8/837 1603/8/839
f 1602/8/840 1600/8/840 1604/8/851
f 1605/8/839 1603/8/839 1599/8/837
f 1603/8/839 1605/8/839 1604/8/851
f 1602/8/840 1604/8/851 1606/8/851
f 1606/8/851 1604/8/851 1605/8/839
