# Blender 5.2.0 LTS
# www.blender.org
mtllib skeleton rotated 90 degrees on the x and y z axis.mtl
o RenderMesh_130280306857718
v 0.247611 0.091497 -0.265767
v 0.240716 0.128429 -0.298288
v 0.234501 0.113598 -0.262454
v 0.240956 0.083656 -0.256552
v -0.248186 0.046289 -0.265436
v -0.239235 0.013237 -0.256552
v -0.241496 0.047003 -0.256552
v -0.245771 0.004640 -0.266830
v 0.248186 0.046289 -0.265436
v 0.239233 0.013237 -0.256552
v 0.245771 0.004640 -0.266830
v 0.241495 0.047003 -0.256552
v -0.247613 0.091497 -0.265767
v -0.248186 0.046289 -0.265436
v -0.240957 0.083656 -0.256552
v -0.241496 0.047003 -0.256552
v 0.248186 0.046289 -0.265436
v 0.247611 0.091497 -0.265767
v 0.240956 0.083656 -0.256552
v 0.241495 0.047003 -0.256552
v -0.240718 0.128429 -0.269748
v -0.247613 0.091497 -0.265767
v -0.234502 0.113598 -0.256552
v -0.240957 0.083656 -0.256552
v -0.226945 -0.013183 -0.256552
v -0.245771 0.004640 -0.266830
v -0.232644 -0.027946 -0.274409
v -0.239235 0.013237 -0.256552
v 0.245771 0.004640 -0.266830
v 0.226943 -0.013183 -0.256552
v 0.232643 -0.027946 -0.274409
v 0.239233 0.013237 -0.256552
v -0.239235 0.013237 -0.256552
v -0.208445 0.025063 -0.224446
v -0.241496 0.047003 -0.256552
v -0.209980 0.047986 -0.224446
v -0.241496 0.047003 -0.256552
v -0.209615 0.072868 -0.224446
v -0.240957 0.083656 -0.256552
v -0.209980 0.047986 -0.224446
v 0.239233 0.013237 -0.256552
v 0.241495 0.047003 -0.256552
v 0.208443 0.025063 -0.224446
v 0.209978 0.047986 -0.224446
v 0.241495 0.047003 -0.256552
v 0.209614 0.072868 -0.224446
v 0.209978 0.047986 -0.224446
v 0.240956 0.083656 -0.256552
v 0.240956 0.083656 -0.256552
v 0.205231 0.093195 -0.224446
v 0.209614 0.072868 -0.224446
v 0.234501 0.113598 -0.262454
v -0.240957 0.083656 -0.256552
v -0.205233 0.093195 -0.224446
v -0.234502 0.113598 -0.256552
v -0.209615 0.072868 -0.224446
v -0.239235 0.013237 -0.256552
v -0.226945 -0.013183 -0.256552
v -0.200101 0.007128 -0.224446
v -0.208445 0.025063 -0.224446
v 0.239233 0.013237 -0.256552
v 0.200100 0.007128 -0.224446
v 0.226943 -0.013183 -0.256552
v 0.208443 0.025063 -0.224446
v 0.025003 0.047047 -0.394290
v 0.146749 0.151729 -0.352540
v 0.037811 0.005808 -0.386895
v 0.065273 -0.028434 -0.371040
v 0.102796 -0.048840 -0.349376
v 0.147058 -0.052535 -0.323822
v 0.092755 0.152535 -0.383714
v 0.022107 0.093656 -0.424502
v 0.050165 0.141487 -0.408303
v 0.248186 0.046289 -0.265436
v 0.191319 -0.048840 -0.298268
v 0.197711 0.144497 -0.323117
v 0.245771 0.004640 -0.266830
v 0.232643 -0.027946 -0.274409
v 0.247611 0.091497 -0.265767
v 0.240716 0.128429 -0.298288
v -0.146751 0.151729 -0.352540
v -0.248186 0.046289 -0.265436
v -0.197713 0.144497 -0.323117
v -0.247613 0.091497 -0.265767
v -0.240718 0.128429 -0.269748
v -0.147059 -0.052535 -0.323822
v -0.191321 -0.048840 -0.298268
v -0.245771 0.004640 -0.266830
v -0.232644 -0.027946 -0.274409
v -0.102798 -0.048840 -0.349376
v -0.065274 -0.028434 -0.371040
v -0.037813 0.005808 -0.386895
v -0.025005 0.047047 -0.394290
v -0.092757 0.152535 -0.383714
v -0.022109 0.093656 -0.395962
v -0.050167 0.141487 -0.408303
v -0.209615 0.072868 -0.224446
v -0.209980 0.047986 -0.224446
v -0.143356 0.050064 -0.195498
v -0.209980 0.047986 -0.224446
v -0.208445 0.025063 -0.224446
v -0.143356 0.050064 -0.195498
v 0.209614 0.072868 -0.224446
v 0.143355 0.050064 -0.195498
v 0.209978 0.047986 -0.224446
v 0.209978 0.047986 -0.224446
v 0.143355 0.050064 -0.195498
v 0.208443 0.025063 -0.224446
v -0.205233 0.093195 -0.224446
v -0.209615 0.072868 -0.224446
v -0.143356 0.050064 -0.195498
v 0.205231 0.093195 -0.224446
v 0.143355 0.050064 -0.195498
v 0.209614 0.072868 -0.224446
v -0.188258 -0.030122 -0.256552
v -0.200101 0.007128 -0.224446
v -0.226945 -0.013183 -0.256552
v -0.173838 -0.004372 -0.224446
v 0.200100 0.007128 -0.224446
v 0.188257 -0.030122 -0.256552
v 0.226943 -0.013183 -0.256552
v 0.173837 -0.004372 -0.224446
v -0.208445 0.025063 -0.224446
v -0.200101 0.007128 -0.224446
v -0.143356 0.050064 -0.195498
v 0.208443 0.025063 -0.224446
v 0.143355 0.050064 -0.195498
v 0.200100 0.007128 -0.224446
v -0.232644 -0.027946 -0.274409
v -0.188258 -0.030122 -0.256552
v -0.226945 -0.013183 -0.256552
v -0.191321 -0.048840 -0.298268
v 0.232643 -0.027946 -0.274409
v 0.188257 -0.030122 -0.256552
v 0.191319 -0.048840 -0.298268
v 0.226943 -0.013183 -0.256552
v -0.234502 0.113598 -0.256552
v -0.205233 0.093195 -0.224446
v -0.194243 0.126625 -0.256552
v -0.177902 0.102039 -0.224446
v -0.200101 0.007128 -0.224446
v -0.173838 -0.004372 -0.224446
v -0.143356 0.050064 -0.195498
v 0.200100 0.007128 -0.224446
v 0.143355 0.050064 -0.195498
v 0.173837 -0.004372 -0.224446
v -0.197713 0.144497 -0.323117
v -0.146534 0.132488 -0.256552
v -0.146751 0.151729 -0.352540
v -0.194243 0.126625 -0.256552
v -0.194243 0.126625 -0.256552
v -0.197713 0.144497 -0.323117
v -0.240718 0.128429 -0.269748
v -0.234502 0.113598 -0.256552
v 0.205231 0.093195 -0.224446
v 0.234501 0.113598 -0.262454
v 0.194241 0.126625 -0.285092
v 0.177900 0.102039 -0.224446
v -0.177902 0.102039 -0.224446
v -0.205233 0.093195 -0.224446
v -0.143356 0.050064 -0.195498
v 0.177900 0.102039 -0.224446
v 0.143355 0.050064 -0.195498
v 0.205231 0.093195 -0.224446
v -0.194243 0.126625 -0.256552
v -0.177902 0.102039 -0.224446
v -0.146534 0.132488 -0.256552
v -0.145514 0.106019 -0.224446
v 0.177900 0.102039 -0.224446
v 0.194241 0.126625 -0.285092
v 0.146533 0.132488 -0.285092
v 0.145512 0.106019 -0.224446
v -0.146823 -0.033118 -0.256552
v -0.173838 -0.004372 -0.224446
v -0.188258 -0.030122 -0.256552
v -0.145710 -0.006406 -0.224446
v 0.146821 -0.033118 -0.256552
v 0.173837 -0.004372 -0.224446
v 0.145709 -0.006406 -0.224446
v 0.188257 -0.030122 -0.256552
v -0.191321 -0.048840 -0.298268
v -0.146823 -0.033118 -0.256552
v -0.188258 -0.030122 -0.256552
v -0.147059 -0.052535 -0.323822
v 0.191319 -0.048840 -0.298268
v 0.146821 -0.033118 -0.256552
v 0.147058 -0.052535 -0.323822
v 0.188257 -0.030122 -0.256552
v -0.146751 0.151729 -0.352540
v -0.095987 0.133141 -0.256552
v -0.092757 0.152535 -0.383714
v -0.146534 0.132488 -0.256552
v 0.240716 0.128429 -0.298288
v 0.194241 0.126625 -0.285092
v 0.234501 0.113598 -0.262454
v 0.197711 0.144497 -0.323117
v 0.197711 0.144497 -0.323117
v 0.146749 0.151729 -0.352540
v 0.146533 0.132488 -0.285092
v 0.194241 0.126625 -0.285092
v -0.145514 0.106019 -0.224446
v -0.177902 0.102039 -0.224446
v -0.143356 0.050064 -0.195498
v 0.145512 0.106019 -0.224446
v 0.143355 0.050064 -0.195498
v 0.177900 0.102039 -0.224446
v -0.146534 0.132488 -0.256552
v -0.111199 0.106463 -0.224446
v -0.095987 0.133141 -0.256552
v -0.145514 0.106019 -0.224446
v -0.173838 -0.004372 -0.224446
v -0.145710 -0.006406 -0.224446
v -0.143356 0.050064 -0.195498
v 0.173837 -0.004372 -0.224446
v 0.143355 0.050064 -0.195498
v 0.145709 -0.006406 -0.224446
v 0.146533 0.132488 -0.285092
v 0.111197 0.106463 -0.224446
v 0.145512 0.106019 -0.224446
v 0.095985 0.133141 -0.285092
v 0.146749 0.151729 -0.352540
v 0.092755 0.152535 -0.383714
v 0.095985 0.133141 -0.285092
v 0.146533 0.132488 -0.285092
v -0.111199 0.106463 -0.224446
v -0.145514 0.106019 -0.224446
v -0.143356 0.050064 -0.195498
v 0.111197 0.106463 -0.224446
v 0.143355 0.050064 -0.195498
v 0.145512 0.106019 -0.224446
v -0.147059 -0.052535 -0.323822
v -0.105387 -0.030122 -0.256552
v -0.146823 -0.033118 -0.256552
v -0.102798 -0.048840 -0.349376
v -0.105387 -0.030122 -0.256552
v -0.117580 -0.004372 -0.224446
v -0.146823 -0.033118 -0.256552
v -0.145710 -0.006406 -0.224446
v 0.147058 -0.052535 -0.323822
v 0.105385 -0.030122 -0.256552
v 0.102796 -0.048840 -0.349376
v 0.146821 -0.033118 -0.256552
v 0.105385 -0.030122 -0.256552
v 0.146821 -0.033118 -0.256552
v 0.117578 -0.004372 -0.224446
v 0.145709 -0.006406 -0.224446
v -0.145710 -0.006406 -0.224446
v -0.117580 -0.004372 -0.224446
v -0.143356 0.050064 -0.195498
v 0.145709 -0.006406 -0.224446
v 0.143355 0.050064 -0.195498
v 0.117578 -0.004372 -0.224446
v -0.092757 0.152535 -0.383714
v -0.056116 0.124185 -0.256552
v -0.050167 0.141487 -0.408303
v -0.095987 0.133141 -0.256552
v -0.084131 0.100382 -0.224446
v -0.111199 0.106463 -0.224446
v -0.143356 0.050064 -0.195498
v 0.084130 0.100382 -0.224446
v 0.143355 0.050064 -0.195498
v 0.111197 0.106463 -0.224446
v -0.095987 0.133141 -0.256552
v -0.084131 0.100382 -0.224446
v -0.056116 0.124185 -0.256552
v -0.111199 0.106463 -0.224446
v 0.050165 0.141487 -0.408303
v 0.056114 0.124185 -0.285092
v 0.092755 0.152535 -0.383714
v 0.095985 0.133141 -0.285092
v 0.084130 0.100382 -0.224446
v 0.095985 0.133141 -0.285092
v 0.056114 0.124185 -0.285092
v 0.111197 0.106463 -0.224446
v -0.117580 -0.004372 -0.224446
v -0.093733 0.006859 -0.224446
v -0.143356 0.050064 -0.195498
v 0.117578 -0.004372 -0.224446
v 0.143355 0.050064 -0.195498
v 0.093731 0.006859 -0.224446
v -0.070259 -0.013578 -0.256552
v -0.093733 0.006859 -0.224446
v -0.105387 -0.030122 -0.256552
v -0.117580 -0.004372 -0.224446
v 0.093731 0.006859 -0.224446
v 0.070257 -0.013578 -0.256552
v 0.105385 -0.030122 -0.256552
v 0.117578 -0.004372 -0.224446
v -0.066300 0.074057 -0.224446
v -0.084131 0.100382 -0.224446
v -0.143356 0.050064 -0.195498
v 0.066298 0.074057 -0.224446
v 0.143355 0.050064 -0.195498
v 0.084130 0.100382 -0.224446
v -0.093733 0.006859 -0.224446
v -0.076280 0.025706 -0.224446
v -0.143356 0.050064 -0.195498
v 0.093731 0.006859 -0.224446
v 0.143355 0.050064 -0.195498
v 0.076278 0.025706 -0.224446
v -0.102798 -0.048840 -0.349376
v -0.070259 -0.013578 -0.256552
v -0.105387 -0.030122 -0.256552
v -0.065274 -0.028434 -0.371040
v 0.102796 -0.048840 -0.349376
v 0.070257 -0.013578 -0.256552
v 0.065273 -0.028434 -0.371040
v 0.105385 -0.030122 -0.256552
v -0.076280 0.025706 -0.224446
v -0.068140 0.048403 -0.224446
v -0.143356 0.050064 -0.195498
v 0.076278 0.025706 -0.224446
v 0.143355 0.050064 -0.195498
v 0.068138 0.048403 -0.224446
v -0.068140 0.048403 -0.224446
v -0.066300 0.074057 -0.224446
v -0.143356 0.050064 -0.195498
v 0.068138 0.048403 -0.224446
v 0.143355 0.050064 -0.195498
v 0.066298 0.074057 -0.224446
v 0.066298 0.074057 -0.224446
v 0.056114 0.124185 -0.285092
v 0.029847 0.085406 -0.256552
v 0.084130 0.100382 -0.224446
v -0.056116 0.124185 -0.256552
v -0.066300 0.074057 -0.224446
v -0.029849 0.085406 -0.256552
v -0.084131 0.100382 -0.224446
v -0.070259 -0.013578 -0.256552
v -0.044550 0.014184 -0.256552
v -0.076280 0.025706 -0.224446
v -0.093733 0.006859 -0.224446
v 0.070257 -0.013578 -0.256552
v 0.076278 0.025706 -0.224446
v 0.044549 0.014184 -0.256552
v 0.093731 0.006859 -0.224446
v -0.022109 0.093656 -0.395962
v -0.056116 0.124185 -0.256552
v -0.029849 0.085406 -0.256552
v -0.050167 0.141487 -0.408303
v 0.022107 0.093656 -0.424502
v 0.056114 0.124185 -0.285092
v 0.050165 0.141487 -0.408303
v 0.029847 0.085406 -0.256552
v -0.065274 -0.028434 -0.371040
v -0.044550 0.014184 -0.256552
v -0.070259 -0.013578 -0.256552
v -0.037813 0.005808 -0.386895
v 0.065273 -0.028434 -0.371040
v 0.044549 0.014184 -0.256552
v 0.037811 0.005808 -0.386895
v 0.070257 -0.013578 -0.256552
v -0.076280 0.025706 -0.224446
v -0.044550 0.014184 -0.256552
v -0.068140 0.048403 -0.224446
v -0.032560 0.047618 -0.256552
v 0.068138 0.048403 -0.224446
v 0.044549 0.014184 -0.256552
v 0.076278 0.025706 -0.224446
v 0.032558 0.047618 -0.256552
v -0.068140 0.048403 -0.224446
v -0.032560 0.047618 -0.256552
v -0.066300 0.074057 -0.224446
v -0.029849 0.085406 -0.256552
v 0.066298 0.074057 -0.224446
v 0.032558 0.047618 -0.256552
v 0.068138 0.048403 -0.224446
v 0.029847 0.085406 -0.256552
v -0.037813 0.005808 -0.386895
v -0.032560 0.047618 -0.256552
v -0.044550 0.014184 -0.256552
v -0.025005 0.047047 -0.394290
v 0.037811 0.005808 -0.386895
v 0.032558 0.047618 -0.256552
v 0.025003 0.047047 -0.394290
v 0.044549 0.014184 -0.256552
v 0.025003 0.047047 -0.394290
v 0.029847 0.085406 -0.256552
v 0.022107 0.093656 -0.424502
v 0.032558 0.047618 -0.256552
v -0.025005 0.047047 -0.394290
v -0.029849 0.085406 -0.256552
v -0.032560 0.047618 -0.256552
v -0.022109 0.093656 -0.395962
vn 0.8014 0.4103 0.4353
vn 0.8013 0.4103 0.4353
vn -0.8072 -0.0610 0.5871
vn 0.8072 -0.0610 0.5872
vn 0.8071 -0.0610 0.5872
vn -0.8020 0.0130 0.5972
vn -0.8019 0.0130 0.5973
vn 0.8022 0.0130 0.5969
vn 0.8023 0.0130 0.5968
vn -0.7572 0.1884 0.6255
vn -0.7571 0.1883 0.6255
vn -0.6926 -0.3776 0.6146
vn 0.6925 -0.3776 0.6147
vn 0.6925 -0.3777 0.6147
vn -0.7121 -0.0477 0.7005
vn -0.7138 0.0105 0.7003
vn -0.7139 0.0100 0.7001
vn -0.7139 0.0101 0.7002
vn 0.7121 -0.0477 0.7005
vn 0.7138 0.0100 0.7003
vn 0.7137 0.0104 0.7003
vn 0.7138 0.0105 0.7003
vn 0.6838 0.2293 0.6927
vn 0.6838 0.2292 0.6927
vn -0.6826 0.1472 0.7158
vn -0.6332 -0.2946 0.7158
vn -0.6332 -0.2945 0.7158
vn -0.6332 -0.2946 0.7157
vn 0.6329 -0.2949 0.7159
vn 0.6332 -0.2946 0.7157
vn 0.6329 -0.2949 0.7158
vn 0.5133 -0.1351 -0.8475
vn 0.5132 -0.1351 -0.8476
vn 0.5133 -0.1349 -0.8475
vn 0.5133 -0.1353 -0.8475
vn 0.5133 -0.1350 -0.8475
vn -0.5056 -0.1137 -0.8552
vn -0.5057 -0.1137 -0.8552
vn -0.5056 -0.1136 -0.8552
vn -0.5055 -0.1137 -0.8553
vn -0.5056 -0.1136 -0.8553
vn -0.5055 -0.1136 -0.8553
vn -0.3987 0.0058 0.9171
vn -0.3977 -0.0266 0.9171
vn 0.3987 0.0058 0.9171
vn 0.3977 -0.0266 0.9171
vn -0.3751 0.0811 0.9234
vn 0.3755 0.0810 0.9233
vn -0.2959 -0.6759 0.6750
vn 0.2959 -0.6759 0.6750
vn -0.3484 -0.1621 0.9232
vn 0.3484 -0.1621 0.9232
vn -0.2427 -0.8297 0.5027
vn 0.2425 -0.8297 0.5027
vn 0.2425 -0.8298 0.5027
vn 0.2425 -0.8297 0.5028
vn -0.2308 0.7124 0.6627
vn -0.2309 0.7125 0.6626
vn -0.2310 0.7125 0.6625
vn -0.2310 0.7125 0.6626
vn -0.1696 -0.3876 0.9061
vn 0.1695 -0.3874 0.9062
vn -0.0624 0.9728 0.2231
vn -0.0625 0.9728 0.2231
vn -0.0741 0.9197 0.3857
vn -0.0741 0.9197 0.3856
vn -0.0741 0.9196 0.3857
vn 0.1295 0.8780 0.4608
vn 0.1294 0.8780 0.4608
vn 0.1295 0.8780 0.4607
vn -0.1336 0.4129 0.9009
vn 0.1336 0.4129 0.9009
vn -0.0945 0.7667 0.6349
vn -0.0942 0.7667 0.6351
vn 0.1118 0.9101 0.3991
vn -0.0558 -0.7663 0.6401
vn -0.0554 -0.7666 0.6397
vn -0.0556 -0.7664 0.6400
vn -0.0556 -0.7664 0.6399
vn 0.0554 -0.7666 0.6397
vn 0.0554 -0.7664 0.6400
vn 0.0243 -0.9439 0.3293
vn 0.0242 -0.9439 0.3294
vn -0.0245 -0.9439 0.3293
vn -0.0244 -0.9439 0.3293
vn 0.0369 0.9845 0.1715
vn 0.0370 0.9845 0.1715
vn 0.0818 0.9075 0.4121
vn 0.0817 0.9075 0.4121
vn 0.0818 0.9074 0.4121
vn 0.0262 0.9428 0.3324
vn 0.0262 0.9428 0.3323
vn -0.0562 0.4571 0.8877
vn 0.0562 0.4571 0.8877
vn -0.0100 0.7714 0.6363
vn -0.0099 0.7716 0.6360
vn -0.0331 -0.4546 0.8901
vn 0.0330 -0.4543 0.8902
vn 0.0118 0.9164 0.4001
vn 0.0119 0.9164 0.4002
vn -0.0546 0.9724 0.2269
vn -0.0547 0.9724 0.2269
vn -0.0059 0.4593 0.8883
vn 0.0057 0.4591 0.8884
vn 0.1441 -0.9623 0.2309
vn 0.0556 -0.7685 0.6375
vn 0.0556 -0.7685 0.6374
vn -0.1443 -0.9622 0.2309
vn -0.0556 -0.7685 0.6375
vn 0.0330 -0.4566 0.8891
vn -0.0330 -0.4570 0.8888
vn 0.2717 0.9530 0.1344
vn 0.2717 0.9529 0.1344
vn 0.2716 0.9530 0.1344
vn 0.0926 0.4124 0.9063
vn -0.0927 0.4127 0.9062
vn 0.1617 0.7200 0.6749
vn -0.2797 0.9453 0.1676
vn -0.2797 0.9454 0.1676
vn -0.1973 0.8782 0.4358
vn 0.1848 -0.3921 0.9012
vn -0.1843 -0.3921 0.9012
vn 0.3187 -0.6767 0.6637
vn 0.3185 -0.6770 0.6635
vn -0.3187 -0.6767 0.6637
vn -0.3187 -0.6770 0.6634
vn 0.2903 0.1971 0.9364
vn -0.2905 0.1968 0.9364
vn 0.2956 -0.2737 0.9153
vn -0.2953 -0.2734 0.9155
vn 0.4841 -0.8609 0.1568
vn -0.4842 -0.8608 0.1568
vn 0.3536 -0.1273 0.9267
vn -0.3538 -0.1272 0.9266
vn 0.3586 -0.0257 0.9331
vn -0.3585 -0.0261 0.9332
vn -0.5205 0.6131 0.5943
vn -0.5204 0.6132 0.5943
vn -0.5203 0.6132 0.5944
vn 0.5464 0.3705 0.7511
vn 0.5465 0.3701 0.7513
vn 0.5465 0.3701 0.7512
vn 0.5269 -0.4880 0.6959
vn 0.5272 -0.4879 0.6957
vn 0.5273 -0.4879 0.6956
vn -0.5273 -0.4879 0.6956
vn -0.5272 -0.4879 0.6957
vn -0.5269 -0.4880 0.6959
vn 0.8385 0.5380 0.0867
vn 0.8385 0.5379 0.0867
vn -0.8386 0.5378 0.0867
vn -0.8386 0.5379 0.0866
vn -0.8386 0.5379 0.0867
vn 0.7675 -0.6338 0.0964
vn -0.7675 -0.6337 0.0964
vn -0.7676 -0.6337 0.0964
vn -0.7675 -0.6338 0.0964
vn 0.6487 -0.2327 0.7246
vn 0.6487 -0.2326 0.7246
vn -0.6487 -0.2327 0.7246
vn 0.6683 -0.0483 0.7423
vn 0.6686 -0.0480 0.7421
vn 0.6684 -0.0482 0.7422
vn -0.6683 -0.0483 0.7423
vn -0.6683 -0.0485 0.7423
vn 0.9489 -0.3095 0.0614
vn 0.9489 -0.3096 0.0614
vn -0.9489 -0.3095 0.0613
vn -0.9489 -0.3095 0.0614
vn -0.9976 -0.0484 0.0487
vn 0.9964 -0.0650 0.0536
vn 0.9965 -0.0649 0.0536
vt 0.000000 0.000000
s 1
f 1/1/1 2/1/1 3/1/1
f 3/1/1 4/1/2 1/1/1
f 5/1/3 6/1/3 7/1/3
f 6/1/3 5/1/3 8/1/3
f 9/1/4 10/1/4 11/1/4
f 10/1/4 9/1/4 12/1/5
f 13/1/6 14/1/7 15/1/6
f 15/1/6 14/1/7 16/1/6
f 17/1/8 18/1/8 19/1/9
f 17/1/8 19/1/9 20/1/8
f 21/1/10 22/1/10 23/1/11
f 23/1/11 22/1/10 24/1/11
f 25/1/12 26/1/12 27/1/12
f 26/1/12 25/1/12 28/1/12
f 29/1/13 30/1/14 31/1/14
f 30/1/14 29/1/13 32/1/13
f 33/1/15 34/1/15 35/1/15
f 35/1/15 34/1/15 36/1/15
f 37/1/16 38/1/17 39/1/18
f 38/1/17 37/1/16 40/1/16
f 41/1/19 42/1/19 43/1/19
f 42/1/19 44/1/19 43/1/19
f 45/1/20 46/1/20 47/1/21
f 46/1/20 45/1/20 48/1/22
f 49/1/23 50/1/24 51/1/24
f 50/1/24 49/1/23 52/1/23
f 53/1/25 54/1/25 55/1/25
f 54/1/25 53/1/25 56/1/25
f 57/1/26 58/1/27 59/1/28
f 57/1/26 59/1/28 60/1/28
f 61/1/29 62/1/30 63/1/31
f 62/1/30 61/1/29 64/1/30
f 65/1/32 66/1/32 67/1/33
f 66/1/32 68/1/32 67/1/33
f 68/1/32 66/1/32 69/1/32
f 69/1/32 66/1/32 70/1/32
f 65/1/32 71/1/32 66/1/32
f 71/1/32 65/1/32 72/1/32
f 71/1/32 72/1/32 73/1/32
f 74/1/32 70/1/32 66/1/32
f 70/1/32 74/1/32 75/1/34
f 76/1/35 74/1/32 66/1/32
f 75/1/34 74/1/32 77/1/36
f 75/1/34 77/1/36 78/1/32
f 74/1/32 76/1/35 79/1/32
f 79/1/32 76/1/35 80/1/32
f 81/1/37 82/1/38 83/1/37
f 84/1/38 83/1/37 82/1/38
f 83/1/37 84/1/38 85/1/38
f 86/1/37 82/1/38 81/1/37
f 87/1/39 82/1/38 86/1/37
f 82/1/38 87/1/39 88/1/39
f 88/1/39 87/1/39 89/1/39
f 86/1/37 81/1/37 90/1/37
f 90/1/37 81/1/37 91/1/37
f 91/1/37 81/1/37 92/1/40
f 92/1/40 81/1/37 93/1/41
f 93/1/41 81/1/37 94/1/37
f 94/1/37 95/1/42 93/1/41
f 95/1/42 94/1/37 96/1/37
f 97/1/43 98/1/43 99/1/43
f 100/1/44 101/1/44 102/1/44
f 103/1/45 104/1/45 105/1/45
f 106/1/46 107/1/46 108/1/46
f 109/1/47 110/1/47 111/1/47
f 112/1/48 113/1/48 114/1/48
f 115/1/49 116/1/49 117/1/49
f 116/1/49 115/1/49 118/1/49
f 119/1/50 120/1/50 121/1/50
f 120/1/50 119/1/50 122/1/50
f 123/1/51 124/1/51 125/1/51
f 126/1/52 127/1/52 128/1/52
f 129/1/53 130/1/53 131/1/53
f 130/1/53 129/1/53 132/1/53
f 133/1/54 134/1/54 135/1/55
f 134/1/54 133/1/54 136/1/56
f 137/1/57 138/1/58 139/1/59
f 139/1/59 138/1/58 140/1/60
f 141/1/61 142/1/61 143/1/61
f 144/1/62 145/1/62 146/1/62
f 147/1/63 148/1/64 149/1/64
f 148/1/64 147/1/63 150/1/64
f 151/1/65 152/1/66 153/1/67
f 151/1/65 153/1/67 154/1/66
f 155/1/68 156/1/69 157/1/68
f 157/1/68 158/1/70 155/1/68
f 159/1/71 160/1/71 161/1/71
f 162/1/72 163/1/72 164/1/72
f 165/1/73 166/1/74 167/1/74
f 167/1/74 166/1/74 168/1/74
f 169/1/75 170/1/75 171/1/75
f 171/1/75 172/1/75 169/1/75
f 173/1/76 174/1/77 175/1/78
f 174/1/77 173/1/76 176/1/79
f 177/1/80 178/1/80 179/1/80
f 178/1/80 177/1/80 180/1/81
f 181/1/82 182/1/82 183/1/83
f 182/1/82 181/1/82 184/1/82
f 185/1/84 186/1/84 187/1/84
f 186/1/84 185/1/84 188/1/85
f 189/1/86 190/1/86 191/1/87
f 190/1/86 189/1/86 192/1/86
f 193/1/88 194/1/89 195/1/90
f 193/1/88 196/1/90 194/1/89
f 197/1/91 198/1/92 199/1/92
f 197/1/91 199/1/92 200/1/91
f 201/1/93 202/1/93 203/1/93
f 204/1/94 205/1/94 206/1/94
f 207/1/95 208/1/95 209/1/95
f 208/1/95 207/1/95 210/1/96
f 211/1/97 212/1/97 213/1/97
f 214/1/98 215/1/98 216/1/98
f 217/1/99 218/1/99 219/1/100
f 218/1/99 217/1/99 220/1/99
f 221/1/101 222/1/102 223/1/101
f 221/1/101 223/1/101 224/1/101
f 225/1/103 226/1/103 227/1/103
f 228/1/104 229/1/104 230/1/104
f 231/1/105 232/1/105 233/1/105
f 232/1/105 231/1/105 234/1/105
f 235/1/106 236/1/107 237/1/106
f 237/1/106 236/1/107 238/1/107
f 239/1/108 240/1/108 241/1/108
f 240/1/108 239/1/108 242/1/108
f 243/1/109 244/1/109 245/1/109
f 244/1/109 246/1/109 245/1/109
f 247/1/110 248/1/110 249/1/110
f 250/1/111 251/1/111 252/1/111
f 253/1/112 254/1/112 255/1/113
f 254/1/112 253/1/112 256/1/114
f 257/1/115 258/1/115 259/1/115
f 260/1/116 261/1/116 262/1/116
f 263/1/117 264/1/117 265/1/117
f 264/1/117 263/1/117 266/1/117
f 267/1/118 268/1/118 269/1/118
f 269/1/118 268/1/118 270/1/119
f 271/1/120 272/1/120 273/1/120
f 272/1/120 271/1/120 274/1/120
f 275/1/121 276/1/121 277/1/121
f 278/1/122 279/1/122 280/1/122
f 281/1/123 282/1/123 283/1/124
f 283/1/124 282/1/123 284/1/124
f 285/1/125 286/1/126 287/1/125
f 287/1/125 288/1/125 285/1/125
f 289/1/127 290/1/127 291/1/127
f 292/1/128 293/1/128 294/1/128
f 295/1/129 296/1/129 297/1/129
f 298/1/130 299/1/130 300/1/130
f 301/1/131 302/1/131 303/1/131
f 302/1/131 301/1/131 304/1/131
f 305/1/132 306/1/132 307/1/132
f 306/1/132 305/1/132 308/1/132
f 309/1/133 310/1/133 311/1/133
f 312/1/134 313/1/134 314/1/134
f 315/1/135 316/1/135 317/1/135
f 318/1/136 319/1/136 320/1/136
f 321/1/137 322/1/138 323/1/139
f 322/1/138 321/1/137 324/1/137
f 325/1/140 326/1/140 327/1/141
f 326/1/140 325/1/140 328/1/142
f 329/1/143 330/1/144 331/1/144
f 329/1/143 331/1/144 332/1/145
f 333/1/146 334/1/147 335/1/148
f 334/1/147 333/1/146 336/1/148
f 337/1/149 338/1/149 339/1/149
f 338/1/149 337/1/149 340/1/150
f 341/1/151 342/1/152 343/1/151
f 342/1/152 341/1/151 344/1/153
f 345/1/154 346/1/154 347/1/154
f 346/1/154 345/1/154 348/1/154
f 349/1/155 350/1/155 351/1/156
f 350/1/155 349/1/155 352/1/157
f 353/1/158 354/1/159 355/1/159
f 354/1/159 356/1/159 355/1/159
f 357/1/160 358/1/160 359/1/160
f 358/1/160 357/1/160 360/1/160
f 361/1/161 362/1/162 363/1/162
f 362/1/162 364/1/163 363/1/162
f 365/1/164 366/1/164 367/1/164
f 366/1/164 365/1/164 368/1/165
f 369/1/166 370/1/167 371/1/166
f 370/1/167 369/1/166 372/1/166
f 373/1/168 374/1/169 375/1/169
f 374/1/169 373/1/168 376/1/169
f 377/1/170 378/1/170 379/1/170
f 378/1/170 377/1/170 380/1/170
f 381/1/171 382/1/171 383/1/172
f 382/1/171 381/1/171 384/1/171
o RenderMesh_139619430692922
v -0.301720 0.226890 0.325914
v -0.237526 0.274948 0.326948
v -0.322057 0.247248 0.237225
v -0.376735 0.178109 0.241177
v -0.352947 0.159121 0.322780
v -0.380059 0.188450 0.160196
v -0.281027 0.203968 0.375686
v -0.414159 0.095266 0.236317
v -0.326583 0.139765 0.371841
v -0.313170 0.268918 0.131501
v -0.386335 0.081565 0.320536
v -0.422114 0.098629 0.131018
v -0.226907 0.193296 0.421917
v -0.403479 0.000293 0.310202
v -0.357606 0.070479 0.369229
v -0.302014 0.078309 0.419844
v -0.369273 -0.000228 0.368314
v -0.323803 -0.000228 0.414106
v -0.264637 -0.000228 0.452082
v -0.358213 -0.070935 0.369229
v -0.302366 -0.078893 0.419847
v -0.387219 -0.082022 0.320536
v -0.327678 -0.140221 0.371841
v -0.227737 -0.193729 0.421887
v -0.415240 -0.094371 0.238110
v -0.354568 -0.159578 0.322780
v -0.282387 -0.204425 0.375686
v -0.380506 -0.177339 0.237297
v -0.438547 0.000166 0.183607
v -0.424441 -0.097760 0.133562
v -0.303794 -0.227348 0.325914
v -0.239943 -0.274715 0.327804
v -0.326261 -0.246409 0.238573
v -0.382312 -0.189921 0.135363
v -0.321892 -0.264371 0.160604
v -0.249774 -0.309583 0.178423
v -0.304505 -0.267827 0.071102
v -0.349742 -0.183939 0.020002
v -0.199044 0.038007 0.476849
v -0.093378 -0.000228 0.495275
v -0.101780 0.103119 0.485372
v 0.025071 0.063225 0.490465
v -0.259177 0.068801 0.449223
v -0.195080 0.136064 0.459138
v 0.058750 0.142680 0.467524
v -0.106810 0.170498 0.462326
v -0.142197 0.220889 0.429539
v -0.224943 0.250459 0.379268
v 0.057280 0.218871 0.429211
v -0.153392 0.270411 0.382426
v -0.154998 0.293531 0.333706
v -0.149753 0.319490 0.212669
v 0.041827 0.294010 0.331870
v 0.096500 0.265735 0.383130
v 0.115490 0.192772 0.430874
v 0.144949 0.282951 0.332644
v 0.176050 0.230466 0.384579
v 0.187834 0.069361 0.440701
v -0.226145 -0.311446 0.067767
v -0.226290 -0.250917 0.379269
v -0.163585 -0.318697 0.217316
v -0.156880 -0.294752 0.332137
v -0.160457 -0.323694 0.161846
v 0.042854 -0.294793 0.330881
v 0.079411 -0.315371 0.220336
v -0.154403 -0.270866 0.382432
v -0.142591 -0.221322 0.429567
v 0.096435 -0.266189 0.383129
v 0.145529 -0.283782 0.331831
v 0.057235 -0.219327 0.429213
v 0.176077 -0.230940 0.384565
v 0.115483 -0.193231 0.430872
v -0.104730 -0.169643 0.463201
v 0.049474 -0.144953 0.467934
v -0.194144 -0.137111 0.459322
v -0.075387 -0.107386 0.485298
v -0.176441 -0.074793 0.478840
v -0.259282 -0.069870 0.449135
v 0.025070 -0.063680 0.490465
v 0.128798 -0.063328 0.468251
v 0.005747 -0.000227 0.496324
v 0.091490 -0.026437 0.485628
v 0.279936 -0.073947 0.385442
v 0.296528 -0.167139 0.328810
v 0.344413 -0.072636 0.331012
v 0.279530 -0.000223 0.400920
v 0.187815 -0.069805 0.440712
v 0.148237 -0.000228 0.468149
v 0.117818 0.055155 0.474071
v 0.384608 0.068315 -0.338252
v 0.376196 0.078373 -0.429809
v 0.353222 0.100250 -0.337759
v 0.396859 0.036571 -0.426355
v 0.401313 0.028448 -0.337978
v 0.273377 0.150257 -0.404679
v 0.232233 0.170207 -0.334354
v 0.307338 0.119526 -0.462567
v 0.370169 0.072824 -0.478282
v 0.225898 0.166260 -0.438153
v 0.391654 0.017276 -0.479778
v 0.186370 0.190435 -0.398307
v 0.171372 0.195117 -0.417877
v 0.171009 0.190595 -0.357976
v 0.209767 0.172855 -0.325358
v 0.153456 0.212888 -0.342273
v 0.130258 0.231978 -0.375356
v 0.083979 0.254981 -0.378744
v 0.136067 0.241800 -0.256736
v 0.077984 0.261445 -0.368283
v 0.055077 0.250392 -0.350742
v 0.111712 0.259365 -0.236719
v 0.092263 0.257805 -0.305808
v 0.135415 0.278751 -0.151219
v 0.045119 0.277003 -0.218040
v 0.014282 0.274153 -0.238817
v 0.003180 0.260568 -0.235298
v -0.015612 0.278557 -0.163842
v 0.067974 0.286552 -0.151352
v 0.128973 0.283906 -0.109169
v -0.002971 0.297817 -0.156248
v -0.014705 0.287958 -0.107767
v -0.003479 0.302527 -0.111049
v 0.013183 0.283712 -0.075721
v 0.063615 0.295032 -0.088523
v 0.106063 0.271559 -0.075721
v 0.059477 0.277636 -0.065785
v 0.408327 -0.000228 -0.345465
v 0.406905 -0.000228 -0.333950
v 0.401591 -0.000228 -0.425043
v 0.388128 -0.043127 -0.477143
v 0.401132 -0.029452 -0.338096
v 0.406905 -0.000228 -0.333950
v 0.376367 -0.078557 -0.430376
v 0.370229 -0.073226 -0.478221
v 0.384610 -0.068767 -0.338250
v 0.282308 -0.136335 -0.455582
v 0.353237 -0.100706 -0.337858
v 0.280666 -0.146106 -0.407595
v 0.229656 -0.171471 -0.334167
v 0.194897 -0.186752 -0.393755
v 0.176468 -0.191438 -0.419733
v 0.182050 -0.184313 -0.351377
v 0.191834 -0.178156 -0.332761
v 0.167953 -0.167840 -0.336001
v 0.165049 -0.205619 -0.391403
v 0.166096 -0.194648 -0.356066
v 0.154224 -0.179853 -0.343520
v 0.147968 -0.194300 -0.329959
v 0.153456 -0.213344 -0.342273
v 0.141430 -0.214296 -0.285444
v 0.130972 -0.232387 -0.374939
v 0.084329 -0.255932 -0.379181
v 0.136067 -0.242256 -0.256736
v 0.139979 -0.268075 -0.113357
v 0.079248 -0.261805 -0.370398
v 0.055818 -0.250647 -0.351696
v 0.088044 -0.259011 -0.313393
v 0.111712 -0.259821 -0.236719
v 0.135415 -0.279208 -0.151219
v 0.128543 -0.284288 -0.109434
v 0.106063 -0.272016 -0.075721
v 0.045120 -0.277460 -0.218040
v 0.067991 -0.296220 -0.090728
v 0.059477 -0.278092 -0.065785
v 0.013183 -0.284168 -0.075721
v -0.004114 -0.302416 -0.110857
v -0.014705 -0.288414 -0.107767
v -0.003174 -0.297795 -0.158500
v -0.015612 -0.279013 -0.163842
v 0.014284 -0.274604 -0.238836
v 0.004927 -0.258769 -0.242865
v 0.294550 -0.132651 -0.214190
v 0.284295 -0.125485 -0.210760
v 0.283491 -0.135045 -0.205915
v 0.267536 -0.131852 -0.208044
v 0.285363 -0.143535 -0.206785
v 0.267964 -0.145375 -0.207041
v 0.293463 -0.145617 -0.213944
v 0.281144 -0.153334 -0.212941
v 0.302307 -0.135744 -0.255241
v 0.266977 -0.153692 -0.213862
v 0.287936 -0.122618 -0.224926
v 0.272085 -0.124327 -0.213875
v 0.258228 -0.143920 -0.214474
v 0.259905 -0.131145 -0.215642
v 0.271418 -0.122298 -0.227141
v 0.291532 -0.124145 -0.255044
v 0.254360 -0.135194 -0.254943
v 0.271728 -0.126642 -0.267143
v 0.291218 -0.127269 -0.268422
v 0.252032 -0.150558 -0.256171
v 0.255973 -0.138101 -0.268592
v 0.273818 -0.135952 -0.271624
v 0.300849 -0.138019 -0.267988
v 0.300291 -0.151907 -0.265167
v 0.289402 -0.154411 -0.270261
v 0.283415 -0.162990 -0.265150
v 0.265224 -0.162182 -0.268006
v 0.262801 -0.161706 -0.252943
v 0.254361 -0.151711 -0.268113
v 0.283396 -0.138369 -0.328815
v 0.269037 -0.138084 -0.332335
v 0.276248 -0.128450 -0.336990
v 0.261965 -0.123927 -0.333508
v 0.285472 -0.122348 -0.336039
v 0.275499 -0.111974 -0.334184
v 0.291551 -0.113644 -0.328789
v 0.266054 -0.108490 -0.325231
v 0.293534 -0.127099 -0.328816
v 0.281071 -0.105377 -0.326421
v 0.298746 -0.114470 -0.280574
v 0.299608 -0.131603 -0.281149
v 0.284855 -0.105377 -0.278389
v 0.291210 -0.119891 -0.272337
v 0.284052 -0.147423 -0.280923
v 0.293768 -0.131231 -0.274144
v 0.267210 -0.146023 -0.315598
v 0.272501 -0.145437 -0.271588
v 0.275088 -0.129506 -0.269233
v 0.277260 -0.113321 -0.270407
v 0.263590 -0.110916 -0.276644
v 0.251498 -0.127074 -0.271794
v 0.258584 -0.138937 -0.269831
v 0.263604 -0.151951 -0.278075
v 0.250923 -0.142773 -0.275098
v 0.250238 -0.142051 -0.286947
v 0.249122 -0.124910 -0.287987
v 0.257212 -0.133533 -0.326346
v 0.255654 -0.119683 -0.324717
v 0.215530 -0.258760 0.328427
v 0.269246 -0.222868 0.316805
v 0.294675 -0.275806 0.219866
v 0.210737 -0.303432 0.219865
v 0.227847 -0.313126 0.161038
v 0.095915 -0.319614 0.161035
v 0.093329 -0.303475 0.078339
v -0.036732 -0.304103 0.099428
v 0.258699 -0.308817 0.028629
v -0.139405 -0.299481 0.039805
v -0.011031 -0.255290 -0.034970
v -0.183116 -0.278618 -0.074454
v 0.203719 -0.306812 0.015496
v 0.264085 -0.269949 -0.067620
v 0.186182 -0.261942 -0.109530
v 0.109489 -0.249269 -0.117476
v 0.136464 -0.225279 -0.154514
v -0.029194 -0.227215 -0.157708
v -0.090030 -0.243282 -0.141346
v -0.056183 -0.217409 -0.171951
v -0.130200 -0.188245 -0.180861
v -0.160540 -0.244253 -0.142538
v -0.211949 -0.169133 -0.155728
v -0.226616 -0.213634 -0.123763
v -0.256586 -0.246425 -0.055180
v -0.283565 -0.168196 -0.093015
v -0.266342 -0.127098 -0.131305
v -0.335197 -0.087638 -0.072729
v -0.293416 -0.052171 -0.133840
v -0.303473 0.000015 -0.132377
v -0.393620 -0.094437 0.022707
v -0.387218 -0.000398 -0.018454
v -0.429442 -0.000107 0.077572
v -0.391871 0.093462 0.022514
v -0.332316 0.087194 -0.074592
v -0.293756 0.050178 -0.132602
v -0.263043 0.143208 -0.126301
v -0.323135 0.174299 -0.028887
v -0.222346 0.213002 -0.123827
v -0.366021 0.188612 0.074910
v -0.243868 0.236792 -0.076277
v -0.181039 0.276861 -0.073840
v -0.155243 0.243821 -0.142734
v -0.280000 0.259406 0.009959
v -0.073157 0.241416 -0.144196
v -0.215244 0.307927 0.048263
v -0.103698 0.290768 0.026977
v -0.015413 0.254709 -0.034770
v -0.003315 0.235826 -0.130150
v 0.185510 0.258806 -0.112414
v 0.131871 0.310760 0.090666
v -0.013773 0.318380 0.157932
v -0.154139 0.323694 0.160971
v -0.242126 0.311842 0.167991
v 0.373377 0.014284 -0.331668
v 0.381462 0.020862 -0.324798
v 0.376856 0.007113 -0.324650
v 0.365002 0.013692 -0.333163
v 0.369979 0.030961 -0.331898
v 0.377201 0.034744 -0.324941
v 0.365002 0.040064 -0.325347
v 0.379331 0.044771 -0.292050
v 0.379471 0.006124 -0.294837
v 0.384991 0.026881 -0.281218
v 0.365002 0.002350 -0.325232
v 0.357274 0.030258 -0.330905
v 0.356627 0.014284 -0.331668
v 0.352803 0.034744 -0.324941
v 0.353148 0.007113 -0.324650
v 0.348542 0.020862 -0.324798
v 0.350533 0.006124 -0.294836
v 0.365002 -0.000448 -0.280851
v 0.350673 0.044771 -0.292050
v 0.365002 0.053627 -0.281161
v 0.345013 0.026881 -0.281218
v 0.351371 0.045519 -0.279432
v 0.378633 0.045519 -0.279432
v 0.365002 0.044795 -0.274052
v 0.352591 0.035922 -0.273983
v 0.351971 0.009340 -0.276984
v 0.365002 0.011960 -0.272391
v 0.377413 0.035922 -0.273983
v 0.378033 0.009340 -0.276984
v 0.248424 0.158043 -0.195591
v 0.249741 0.141626 -0.199262
v 0.253235 0.163524 -0.207678
v 0.239386 0.169897 -0.198859
v 0.227117 0.157716 -0.192591
v 0.238681 0.180028 -0.235338
v 0.238026 0.142729 -0.192355
v 0.222376 0.166510 -0.198824
v 0.255476 0.168530 -0.236839
v 0.215044 0.176555 -0.241326
v 0.255699 0.149275 -0.258155
v 0.237209 0.181359 -0.258064
v 0.199902 0.157475 -0.245783
v 0.252854 0.170052 -0.260849
v 0.215278 0.176523 -0.261196
v 0.234438 0.174095 -0.264494
v 0.246684 0.151456 -0.265553
v 0.227610 0.155386 -0.267614
v 0.237499 0.136324 -0.265616
v 0.208295 0.158769 -0.265804
v 0.240167 0.130143 -0.260156
v 0.199998 0.159418 -0.259914
v 0.205972 0.142389 -0.265787
v 0.220531 0.136102 -0.266852
v 0.200224 0.138295 -0.260924
v 0.217288 0.127134 -0.261347
v 0.199846 0.135134 -0.244434
v 0.217383 0.122529 -0.240079
v 0.239249 0.124621 -0.211696
v 0.210168 0.149626 -0.199429
v 0.209397 0.130949 -0.200966
v 0.216447 0.138650 -0.193965
v 0.221608 0.122223 -0.201311
v 0.232443 0.131625 -0.194074
v 0.237675 0.127125 -0.198951
v 0.290441 0.022474 -0.137111
v 0.323254 0.020100 -0.154587
v 0.323254 0.038811 -0.147873
v 0.389868 0.038811 -0.147873
v 0.381473 0.048566 -0.117515
v 0.393843 0.020100 -0.154587
v 0.323254 0.047892 -0.119186
v 0.377055 0.047268 -0.079586
v 0.323254 -0.000228 -0.142380
v 0.394430 -0.000228 -0.142380
v 0.393843 -0.020556 -0.154587
v 0.291422 -0.000228 -0.128153
v 0.323254 -0.020556 -0.154587
v 0.389868 -0.039267 -0.147873
v 0.291422 -0.015194 -0.137140
v 0.267775 -0.000228 -0.088447
v 0.323254 -0.039267 -0.147873
v 0.380824 -0.050205 -0.113402
v 0.291180 -0.032380 -0.129255
v 0.323254 -0.048348 -0.119186
v 0.377139 -0.047715 -0.079556
v 0.291056 -0.034251 -0.078496
v 0.321974 -0.047645 -0.080585
v 0.324035 -0.000228 0.011422
v 0.403516 -0.015844 -0.016048
v 0.425328 -0.000532 0.011405
v 0.403331 0.015404 -0.016158
v 0.291439 0.000022 -0.015509
v 0.290748 0.036920 -0.090172
v 0.321974 0.047189 -0.080585
v 0.314985 0.114010 -0.210773
v 0.308185 0.111618 -0.218115
v 0.318865 0.109453 -0.217329
v 0.305212 0.122677 -0.211041
v 0.318195 0.119322 -0.208728
v 0.326542 0.115415 -0.216239
v 0.321206 0.124952 -0.209737
v 0.327301 0.124728 -0.215636
v 0.310052 0.133924 -0.213470
v 0.320241 0.132769 -0.216104
v 0.331380 0.127070 -0.246682
v 0.305891 0.141871 -0.252005
v 0.331092 0.115615 -0.263367
v 0.320654 0.139193 -0.262544
v 0.329782 0.128121 -0.266623
v 0.321395 0.109164 -0.264190
v 0.325875 0.119403 -0.269845
v 0.317590 0.133079 -0.271537
v 0.306138 0.141284 -0.267861
v 0.315039 0.114634 -0.271061
v 0.301594 0.133354 -0.271323
v 0.295519 0.136368 -0.265175
v 0.296923 0.125112 -0.269385
v 0.305808 0.113147 -0.265017
v 0.295293 0.123284 -0.253768
v 0.300669 0.119579 -0.218275
v 0.301688 0.129364 -0.217473
v 0.337107 0.155130 0.121263
v 0.232262 0.181751 0.118824
v 0.316888 0.206397 0.112905
v 0.306955 0.235906 0.101035
v 0.232949 0.095758 0.122605
v 0.407962 0.060884 0.116287
v 0.232949 0.234274 0.103062
v 0.232949 0.055887 0.113649
v 0.232476 0.241478 0.065504
v 0.263403 0.241287 0.038085
v 0.200298 0.207647 0.080198
v 0.200556 0.167842 0.093306
v 0.200383 0.089669 0.093011
v 0.171896 0.143127 0.039528
v 0.200602 0.204112 0.000318
v 0.232949 0.239006 0.002701
v 0.269926 0.232013 -0.016413
v 0.232949 0.226716 -0.023719
v 0.286189 0.192564 -0.039240
v 0.232885 0.178713 -0.043552
v 0.304417 0.143779 -0.043529
v 0.200467 0.167436 -0.016026
v 0.232949 0.105157 -0.040658
v 0.342408 0.105157 -0.040658
v 0.200234 0.106912 -0.011731
v 0.232949 0.070030 -0.024114
v 0.367622 0.069880 -0.023999
v 0.200506 0.072703 0.020863
v 0.232247 0.038906 0.012046
v 0.397464 0.037118 0.017633
v 0.200843 0.066071 0.063521
v 0.232949 0.029620 0.074870
v 0.418784 0.029557 0.074815
v 0.336513 -0.156468 0.120759
v 0.318197 -0.204260 0.113580
v 0.232262 -0.182208 0.118824
v 0.306556 -0.236145 0.101482
v 0.383269 -0.106410 0.124001
v 0.232949 -0.234730 0.103062
v 0.232476 -0.241934 0.065504
v 0.263195 -0.241767 0.039523
v 0.200298 -0.208104 0.080198
v 0.232949 -0.096214 0.122606
v 0.232949 -0.239462 0.002701
v 0.270249 -0.232396 -0.016614
v 0.200602 -0.204568 0.000318
v 0.232949 -0.227172 -0.023719
v 0.232885 -0.179169 -0.043552
v 0.287064 -0.191774 -0.039620
v 0.306560 -0.145480 -0.044145
v 0.232949 -0.105614 -0.040658
v 0.342660 -0.105614 -0.040658
v 0.200467 -0.167892 -0.016026
v 0.171896 -0.143584 0.039528
v 0.200234 -0.107368 -0.011731
v 0.232949 -0.070486 -0.024114
v 0.367865 -0.070340 -0.024002
v 0.200506 -0.073159 0.020863
v 0.232246 -0.039363 0.012046
v 0.399610 -0.036803 0.019856
v 0.200556 -0.168298 0.093306
v 0.200383 -0.090126 0.093011
v 0.200843 -0.066527 0.063521
v 0.232949 -0.030076 0.074870
v 0.418922 -0.030006 0.074816
v 0.410033 -0.056257 0.113675
v 0.232949 -0.056343 0.113649
v 0.325087 0.092564 -0.215512
v 0.329994 0.102901 -0.211944
v 0.325861 0.108156 -0.224908
v 0.338777 0.112483 -0.219781
v 0.332556 0.094240 -0.209049
v 0.340126 0.106078 -0.209537
v 0.350880 0.102724 -0.211421
v 0.353004 0.107946 -0.223897
v 0.336075 0.117594 -0.244212
v 0.361435 0.094465 -0.225738
v 0.355079 0.093232 -0.210112
v 0.346853 0.087740 -0.208704
v 0.354105 0.082263 -0.214233
v 0.343604 0.079066 -0.212376
v 0.333252 0.082408 -0.214661
v 0.344649 0.075225 -0.229302
v 0.357184 0.081340 -0.225772
v 0.355179 0.087494 -0.267298
v 0.329915 0.081652 -0.228800
v 0.320377 0.099596 -0.247455
v 0.330596 0.092352 -0.271212
v 0.343367 0.085218 -0.271004
v 0.350598 0.092353 -0.272357
v 0.323867 0.114533 -0.264126
v 0.322541 0.103516 -0.268768
v 0.339683 0.101914 -0.273085
v 0.328699 0.111100 -0.270303
v 0.335014 0.117898 -0.266469
v 0.347445 0.111787 -0.268125
v 0.356702 0.099757 -0.268470
v 0.328796 0.099106 -0.334514
v 0.329057 0.110358 -0.327717
v 0.337817 0.097851 -0.328021
v 0.334418 0.084821 -0.327728
v 0.343735 0.100717 -0.297176
v 0.315008 0.108608 -0.332563
v 0.331229 0.118979 -0.282089
v 0.323930 0.091593 -0.335252
v 0.314689 0.115454 -0.326482
v 0.323120 0.077813 -0.325569
v 0.318412 0.084949 -0.332782
v 0.306424 0.098268 -0.332239
v 0.302592 0.108463 -0.325282
v 0.311372 0.124949 -0.291617
v 0.308650 0.082534 -0.324313
v 0.299565 0.094834 -0.323959
v 0.293607 0.100728 -0.288653
v 0.296283 0.118857 -0.278143
v 0.311774 0.125368 -0.278296
v 0.294874 0.102326 -0.275477
v 0.306448 0.085190 -0.277955
v 0.325796 0.076258 -0.294183
v 0.304559 0.113624 -0.271309
v 0.304358 0.097574 -0.270557
v 0.326048 0.080254 -0.275440
v 0.341934 0.084965 -0.281499
v 0.319745 0.118553 -0.273124
v 0.319921 0.102426 -0.270738
v 0.334883 0.091090 -0.273703
v 0.342205 0.102281 -0.278135
v 0.359426 0.046541 -0.206340
v 0.350815 0.049101 -0.213783
v 0.360116 0.040764 -0.215052
v 0.354919 0.060642 -0.203924
v 0.365845 0.049648 -0.203970
v 0.348070 0.061236 -0.211690
v 0.354852 0.070171 -0.209851
v 0.342334 0.073141 -0.250557
v 0.345925 0.058834 -0.266308
v 0.364651 0.065408 -0.204098
v 0.366125 0.071311 -0.209793
v 0.372042 0.053608 -0.205014
v 0.375228 0.062728 -0.211214
v 0.362545 0.088446 -0.261311
v 0.377514 0.050733 -0.212874
v 0.371268 0.042079 -0.214490
v 0.380440 0.057867 -0.266278
v 0.372337 0.046595 -0.268646
v 0.358987 0.045922 -0.268605
v 0.368972 0.054268 -0.274645
v 0.375959 0.075601 -0.263151
v 0.375677 0.061123 -0.272523
v 0.355519 0.055853 -0.274648
v 0.361082 0.068376 -0.274479
v 0.366602 0.080499 -0.270493
v 0.343852 0.076320 -0.268325
v 0.353146 0.082001 -0.270423
v 0.349366 0.087547 -0.261960
v 0.374207 -0.000228 -0.333616
v 0.341510 -0.000228 -0.333950
v 0.374207 -0.000228 -0.345465
v 0.340088 -0.000228 -0.345465
v 0.351461 -0.000228 -0.325440
v 0.374207 -0.000228 -0.322436
v 0.396954 -0.000228 -0.325440
v 0.406905 -0.000228 -0.333950
v 0.408327 -0.000228 -0.345465
v 0.330232 -0.080853 -0.226420
v 0.325112 -0.093477 -0.215168
v 0.333252 -0.083487 -0.212702
v 0.333026 -0.091958 -0.208873
v 0.328600 -0.105406 -0.214976
v 0.345603 -0.081008 -0.209736
v 0.320431 -0.096459 -0.246732
v 0.344647 -0.075078 -0.223688
v 0.339010 -0.100727 -0.207998
v 0.355302 -0.094036 -0.209827
v 0.354105 -0.083394 -0.212255
v 0.350880 -0.104002 -0.212562
v 0.356921 -0.080920 -0.223144
v 0.361453 -0.094212 -0.225792
v 0.339860 -0.110726 -0.215226
v 0.352888 -0.107798 -0.226163
v 0.355446 -0.082510 -0.265350
v 0.357923 -0.094265 -0.265873
v 0.336072 -0.114898 -0.247335
v 0.343815 -0.078731 -0.268439
v 0.349153 -0.107103 -0.266397
v 0.323113 -0.109855 -0.264976
v 0.335264 -0.112631 -0.269493
v 0.351797 -0.098255 -0.271533
v 0.330074 -0.084899 -0.266567
v 0.321325 -0.097748 -0.266821
v 0.328699 -0.105404 -0.272186
v 0.327579 -0.093746 -0.272155
v 0.339683 -0.095974 -0.273555
v 0.350598 -0.086583 -0.271388
v 0.349929 -0.019927 -0.213833
v 0.356944 -0.031550 -0.208053
v 0.361326 -0.020563 -0.203329
v 0.372238 -0.030655 -0.205193
v 0.361942 -0.009820 -0.205179
v 0.375817 -0.013342 -0.205386
v 0.366983 -0.000822 -0.213372
v 0.384177 -0.020064 -0.213834
v 0.354544 -0.005839 -0.214335
v 0.379366 -0.005790 -0.214124
v 0.367219 0.001892 -0.266322
v 0.352179 -0.005816 -0.266799
v 0.381936 -0.005506 -0.266441
v 0.367054 -0.007742 -0.274864
v 0.346402 -0.026566 -0.266076
v 0.356092 -0.011044 -0.273868
v 0.352581 -0.038061 -0.226586
v 0.354621 -0.035702 -0.274901
v 0.367054 -0.026007 -0.276900
v 0.379567 -0.016252 -0.274814
v 0.387750 -0.026120 -0.266054
v 0.378009 -0.040987 -0.273808
v 0.367054 -0.044285 -0.274803
v 0.352776 -0.046088 -0.266955
v 0.367054 -0.052442 -0.268121
v 0.381194 -0.045137 -0.268049
v 0.366908 -0.052008 -0.255031
v 0.381928 -0.044434 -0.252862
v 0.367092 -0.039823 -0.213050
v 0.379791 -0.034344 -0.213749
v 0.124587 0.176862 -0.374294
v 0.149309 0.159586 -0.354726
v 0.133608 0.178359 -0.339490
v 0.102310 0.192057 -0.333122
v 0.074457 0.208010 -0.358193
v 0.156587 0.163613 -0.408436
v 0.008981 0.239406 -0.222588
v 0.096853 0.208650 -0.241522
v 0.043046 0.231437 -0.325177
v 0.069335 0.226431 -0.371122
v 0.096087 0.224599 -0.390252
v 0.217150 0.152060 -0.448912
v 0.236853 0.123318 -0.444383
v 0.346650 0.071864 -0.493466
v 0.336797 0.053408 -0.472294
v 0.369193 0.017160 -0.496324
v 0.347355 -0.000228 -0.472416
v 0.361204 -0.049312 -0.495196
v 0.336871 -0.053841 -0.472422
v 0.337019 -0.079031 -0.490799
v 0.236853 -0.123774 -0.444383
v 0.219218 -0.150594 -0.449067
v 0.162300 -0.159956 -0.411036
v 0.097373 -0.225731 -0.391330
v 0.070745 -0.223703 -0.372202
v 0.084329 -0.255932 -0.379181
v 0.176468 -0.191438 -0.419733
v 0.219218 -0.150594 -0.449067
v 0.282308 -0.136335 -0.455582
v 0.337019 -0.079031 -0.490799
v 0.370229 -0.073226 -0.478221
v 0.361204 -0.049312 -0.495196
v 0.388128 -0.043127 -0.477143
v 0.369193 0.017160 -0.496324
v 0.391654 0.017276 -0.479778
v 0.370169 0.072824 -0.478282
v 0.346650 0.071864 -0.493466
v 0.307338 0.119526 -0.462567
v 0.217150 0.152060 -0.448912
v 0.225898 0.166260 -0.438153
v 0.171372 0.195117 -0.417877
v 0.096087 0.224599 -0.390252
v 0.083979 0.254981 -0.378744
v 0.069335 0.226431 -0.371122
v 0.055077 0.250392 -0.350742
v 0.043046 0.231437 -0.325177
v 0.003180 0.260568 -0.235298
v 0.008981 0.239406 -0.222588
v -0.015612 0.278557 -0.163842
v -0.011653 0.271913 -0.128002
v -0.014705 0.287958 -0.107767
v 0.009535 0.266266 -0.103168
v 0.013183 0.283712 -0.075721
v 0.055520 0.254005 -0.098113
v 0.059477 0.277636 -0.065785
v 0.100453 0.255103 -0.096562
v 0.106063 0.271559 -0.075721
v 0.139947 0.267816 -0.112860
v 0.128973 0.283906 -0.109169
v 0.106063 0.271559 -0.075721
v 0.135415 0.278751 -0.151219
v 0.136067 0.241800 -0.256736
v 0.128026 0.254499 -0.119610
v 0.096853 0.208650 -0.241522
v 0.141430 0.213840 -0.285444
v 0.153456 0.212888 -0.342273
v 0.127405 0.199320 -0.287407
v 0.102310 0.192057 -0.333122
v 0.133608 0.178359 -0.339490
v 0.147968 0.193844 -0.329959
v 0.171009 0.190595 -0.357976
v 0.154224 0.179397 -0.343520
v 0.149309 0.159586 -0.354726
v 0.166307 0.168702 -0.336729
v 0.175213 0.144107 -0.335393
v 0.209767 0.172855 -0.325358
v 0.192711 0.147321 -0.325460
v 0.258148 0.100085 -0.337102
v 0.198446 0.162041 -0.323204
v 0.335336 0.055974 -0.325454
v 0.318925 0.058641 -0.337463
v 0.351751 0.068177 -0.322493
v 0.330806 0.040410 -0.337052
v 0.351461 -0.000228 -0.325440
v 0.341510 -0.000228 -0.333950
v 0.374207 -0.000228 -0.322436
v 0.370159 0.076765 -0.325285
v 0.396954 -0.000228 -0.325440
v 0.353222 0.100250 -0.337759
v 0.232233 0.170207 -0.334354
v 0.384608 0.068315 -0.338252
v 0.401313 0.028448 -0.337978
v 0.406905 -0.000228 -0.333950
v 0.329168 -0.110786 -0.327626
v 0.314842 -0.112135 -0.330973
v 0.320973 -0.101740 -0.335474
v 0.306270 -0.098756 -0.332150
v 0.329439 -0.094631 -0.334570
v 0.318394 -0.085430 -0.332800
v 0.338011 -0.098459 -0.327602
v 0.308620 -0.082988 -0.324210
v 0.334544 -0.085297 -0.327607
v 0.343768 -0.101378 -0.295803
v 0.323206 -0.078230 -0.325325
v 0.341772 -0.085325 -0.281610
v 0.330808 -0.119698 -0.281921
v 0.326959 -0.077819 -0.279513
v 0.342150 -0.102924 -0.277987
v 0.334883 -0.091546 -0.273703
v 0.313914 -0.120173 -0.315017
v 0.319115 -0.118977 -0.272973
v 0.319921 -0.102883 -0.270738
v 0.320322 -0.086563 -0.271852
v 0.306439 -0.085672 -0.277844
v 0.296136 -0.103065 -0.273238
v 0.304560 -0.114080 -0.271309
v 0.310989 -0.126456 -0.279199
v 0.297368 -0.118738 -0.276341
v 0.296609 -0.118096 -0.287657
v 0.293607 -0.101184 -0.288653
v 0.302592 -0.108865 -0.325283
v 0.299511 -0.095270 -0.323708
v 0.284435 0.125006 -0.210772
v 0.271804 0.122994 -0.215434
v 0.287936 0.122162 -0.224926
v 0.294523 0.132179 -0.214122
v 0.302307 0.135288 -0.255241
v 0.286959 0.134053 -0.207456
v 0.293389 0.145217 -0.213750
v 0.274583 0.131793 -0.206365
v 0.285396 0.143082 -0.206805
v 0.262592 0.131520 -0.210881
v 0.265669 0.140443 -0.207576
v 0.281221 0.152870 -0.212922
v 0.268433 0.150004 -0.209277
v 0.258202 0.143441 -0.214456
v 0.265446 0.155875 -0.223017
v 0.282999 0.160765 -0.249843
v 0.257699 0.131225 -0.225031
v 0.252108 0.150192 -0.256386
v 0.271528 0.125391 -0.266333
v 0.254364 0.134900 -0.255401
v 0.291532 0.123689 -0.255044
v 0.256045 0.137587 -0.268544
v 0.291337 0.126933 -0.268377
v 0.274574 0.134882 -0.271585
v 0.254279 0.151500 -0.268201
v 0.264852 0.161615 -0.267881
v 0.262827 0.161221 -0.252700
v 0.282605 0.160559 -0.268345
v 0.297930 0.151707 -0.267712
v 0.299752 0.150226 -0.252680
v 0.300820 0.137544 -0.268020
v 0.379631 -0.052465 -0.224166
v 0.371194 -0.042477 -0.214577
v 0.374886 -0.051601 -0.207936
v 0.363561 -0.045855 -0.206303
v 0.359986 -0.041175 -0.215541
v 0.369653 -0.059351 -0.204154
v 0.372683 -0.047142 -0.268344
v 0.375239 -0.063237 -0.211317
v 0.379855 -0.058698 -0.267291
v 0.375940 -0.076100 -0.263276
v 0.358650 -0.053324 -0.203418
v 0.366171 -0.071862 -0.210052
v 0.362209 -0.065318 -0.203242
v 0.363777 -0.085564 -0.248307
v 0.354891 -0.070621 -0.209853
v 0.351065 -0.060041 -0.206713
v 0.350824 -0.049491 -0.213914
v 0.345151 -0.065512 -0.224721
v 0.349116 -0.087893 -0.261609
v 0.345765 -0.059691 -0.266414
v 0.342167 -0.076958 -0.264563
v 0.362784 -0.087165 -0.266463
v 0.353146 -0.082458 -0.270423
v 0.347626 -0.070722 -0.272513
v 0.358852 -0.046657 -0.268894
v 0.359460 -0.052526 -0.274215
v 0.361082 -0.068832 -0.274479
v 0.368972 -0.054724 -0.274645
v 0.374644 -0.066289 -0.272712
v 0.336797 0.053408 -0.472294
v 0.338021 -0.000228 -0.418172
v 0.327378 0.050741 -0.413781
v 0.347355 -0.000228 -0.472416
v 0.236853 0.123318 -0.444383
v 0.332000 -0.038782 -0.416487
v 0.336871 -0.053841 -0.472422
v 0.340088 -0.000228 -0.345465
v 0.330806 0.040410 -0.337052
v 0.341510 -0.000228 -0.333950
v 0.318925 0.058641 -0.337463
v 0.330873 -0.040710 -0.337037
v 0.341510 -0.000228 -0.333950
v 0.318859 -0.059139 -0.337470
v 0.254664 0.103244 -0.408807
v 0.258148 0.100085 -0.337102
v 0.175213 0.144107 -0.335393
v 0.157065 0.150648 -0.382079
v 0.381494 -0.021223 -0.324702
v 0.374828 -0.032673 -0.329306
v 0.370754 -0.021860 -0.333308
v 0.359955 -0.031558 -0.331828
v 0.369985 -0.011460 -0.331843
v 0.356637 -0.014766 -0.331686
v 0.377042 -0.007533 -0.324229
v 0.348514 -0.021346 -0.324704
v 0.365077 -0.002729 -0.325103
v 0.379518 -0.006755 -0.293531
v 0.353144 -0.007497 -0.324412
v 0.364849 -0.000070 -0.280977
v 0.384939 -0.027816 -0.281093
v 0.350658 -0.007220 -0.280840
v 0.378131 -0.009952 -0.276843
v 0.365002 -0.009310 -0.274004
v 0.378946 -0.038901 -0.314049
v 0.377022 -0.036849 -0.273908
v 0.378760 -0.046873 -0.280340
v 0.364962 -0.040489 -0.325350
v 0.352735 -0.035244 -0.324711
v 0.365266 -0.054152 -0.281481
v 0.350673 -0.045227 -0.292050
v 0.345019 -0.027364 -0.281113
v 0.352083 -0.045312 -0.277178
v 0.365002 -0.045251 -0.274052
v 0.352896 -0.017680 -0.273975
v 0.365002 -0.027276 -0.272337
v 0.358296 0.012871 -0.205397
v 0.349960 0.019574 -0.213722
v 0.354741 0.005415 -0.213835
v 0.367054 0.000444 -0.213222
v 0.361961 0.030033 -0.205096
v 0.367054 0.012438 -0.203504
v 0.375813 0.012871 -0.205397
v 0.375087 0.029244 -0.206292
v 0.367054 0.039396 -0.213050
v 0.354394 0.033845 -0.213463
v 0.352180 0.043978 -0.252862
v 0.379714 0.033845 -0.213463
v 0.384148 0.019574 -0.213722
v 0.379368 0.005415 -0.213835
v 0.367054 -0.002413 -0.266485
v 0.381936 0.005050 -0.266441
v 0.381928 0.043978 -0.252862
v 0.387756 0.025631 -0.265925
v 0.352172 0.005050 -0.266441
v 0.367054 0.007286 -0.274864
v 0.378016 0.010588 -0.273868
v 0.381194 0.044681 -0.268049
v 0.346352 0.025631 -0.265925
v 0.356092 0.010588 -0.273868
v 0.367054 0.025551 -0.276900
v 0.354240 0.034841 -0.274802
v 0.352914 0.044681 -0.268049
v 0.379868 0.034841 -0.274802
v 0.367054 0.043829 -0.274803
v 0.367054 0.053118 -0.266041
v 0.249766 -0.142102 -0.199325
v 0.248457 -0.158291 -0.195674
v 0.253235 -0.163980 -0.207678
v 0.239349 -0.170368 -0.198852
v 0.234669 -0.158591 -0.192764
v 0.238681 -0.180484 -0.235338
v 0.237999 -0.136556 -0.193690
v 0.222442 -0.167003 -0.198837
v 0.255476 -0.168987 -0.236838
v 0.225432 -0.134480 -0.193103
v 0.237209 -0.181815 -0.258064
v 0.237980 -0.126453 -0.200303
v 0.221210 -0.153771 -0.193104
v 0.221764 -0.122647 -0.201257
v 0.240138 -0.127288 -0.241848
v 0.211932 -0.133286 -0.197199
v 0.210207 -0.150137 -0.199436
v 0.205460 -0.131258 -0.213854
v 0.199826 -0.157665 -0.245148
v 0.217284 -0.123066 -0.239820
v 0.199226 -0.138621 -0.259961
v 0.215003 -0.177028 -0.241498
v 0.199998 -0.159874 -0.259914
v 0.215463 -0.177010 -0.261310
v 0.234438 -0.174551 -0.264494
v 0.208295 -0.159225 -0.265804
v 0.227610 -0.155842 -0.267614
v 0.253091 -0.170356 -0.260881
v 0.205972 -0.142845 -0.265787
v 0.242062 -0.142774 -0.266327
v 0.255702 -0.149758 -0.258236
v 0.220531 -0.136558 -0.266852
v 0.239860 -0.131143 -0.260718
v 0.217288 -0.127590 -0.261347
v 0.239780 0.152644 -0.333378
v 0.239711 0.166985 -0.326115
v 0.250030 0.152030 -0.326450
v 0.238475 0.140052 -0.332730
v 0.223480 0.167631 -0.329327
v 0.220683 0.152710 -0.333268
v 0.222385 0.175701 -0.316053
v 0.210175 0.161604 -0.323644
v 0.228880 0.133570 -0.331588
v 0.210644 0.144391 -0.327342
v 0.234144 0.125063 -0.324081
v 0.246889 0.134467 -0.325738
v 0.218026 0.129294 -0.322542
v 0.204851 0.145189 -0.313161
v 0.237359 0.123231 -0.291682
v 0.256471 0.156309 -0.294273
v 0.215530 0.130130 -0.290029
v 0.241758 0.175788 -0.294293
v 0.255203 0.136769 -0.277518
v 0.254845 0.158102 -0.274509
v 0.219288 0.183510 -0.288360
v 0.241333 0.176730 -0.276263
v 0.203070 0.172450 -0.283789
v 0.246992 0.143099 -0.269700
v 0.238095 0.170542 -0.269851
v 0.229801 0.155837 -0.266596
v 0.238238 0.127844 -0.271854
v 0.222169 0.178199 -0.269457
v 0.219728 0.184072 -0.274508
v 0.216695 0.133855 -0.272200
v 0.212855 0.147753 -0.266380
v 0.212169 0.168352 -0.267194
v 0.203940 0.173471 -0.272461
v 0.201831 0.152927 -0.271557
v 0.200479 0.150772 -0.285287
v 0.083180 0.314755 0.219862
v 0.216850 0.257636 0.327969
v 0.226060 0.309056 0.184343
v 0.294221 0.275087 0.219866
v 0.210823 0.317154 0.133039
v 0.310061 0.288606 0.161038
v 0.340987 0.233597 0.225290
v 0.279133 0.201425 0.324499
v 0.279950 0.073495 0.385426
v 0.344385 0.072168 0.331012
v 0.345636 0.171920 0.270738
v 0.360451 -0.000232 0.331012
v 0.343962 0.254649 0.153643
v 0.385052 0.074446 0.276322
v 0.399140 -0.000257 0.276322
v 0.421467 -0.000315 0.219845
v 0.385089 -0.074994 0.276322
v 0.403215 0.087092 0.220865
v 0.362291 0.195971 0.219865
v 0.356352 0.207047 0.161032
v 0.369745 0.151106 0.160995
v 0.337107 0.155130 0.121263
v 0.408356 0.079876 0.160916
v 0.316888 0.206397 0.112905
v 0.407962 0.060884 0.116287
v 0.306955 0.235906 0.101035
v 0.433222 -0.000369 0.160868
v 0.275012 0.277588 0.039332
v 0.263403 0.241287 0.038085
v 0.267089 0.309807 0.060159
v 0.276377 0.263658 -0.016924
v 0.269926 0.232013 -0.016413
v 0.259130 0.285970 -0.037441
v 0.294987 0.237754 -0.067817
v 0.286189 0.192564 -0.039240
v 0.203442 0.311063 0.039014
v 0.207955 0.289538 -0.041906
v 0.262012 0.245058 -0.112680
v 0.305487 0.192578 -0.069123
v 0.304417 0.143779 -0.043529
v 0.302511 0.212605 -0.113025
v 0.324159 0.136466 -0.071692
v 0.342408 0.105157 -0.040658
v 0.339974 0.154677 -0.127991
v 0.367229 0.070719 -0.075330
v 0.367622 0.069880 -0.023999
v 0.377055 0.047268 -0.079586
v 0.403331 0.015404 -0.016158
v 0.397464 0.037118 0.017633
v 0.381473 0.048566 -0.117515
v 0.425328 -0.000532 0.011405
v 0.418784 0.029557 0.074815
v 0.438547 -0.000380 0.099080
v 0.418922 -0.030006 0.074816
v 0.399610 -0.036803 0.019856
v 0.403516 -0.015844 -0.016048
v 0.410033 -0.056257 0.113675
v 0.367865 -0.070340 -0.024002
v 0.377139 -0.047715 -0.079556
v 0.408374 -0.080773 0.160916
v 0.383269 -0.106410 0.124001
v 0.367315 -0.071237 -0.075333
v 0.342660 -0.105614 -0.040658
v 0.380824 -0.050205 -0.113402
v 0.306560 -0.145480 -0.044145
v 0.369755 -0.152267 0.160995
v 0.336513 -0.156468 0.120759
v 0.318197 -0.204260 0.113580
v 0.351341 -0.124790 -0.117970
v 0.346709 -0.251451 0.161298
v 0.306556 -0.236145 0.101482
v 0.407019 -0.077741 0.219851
v 0.367693 -0.175028 0.227215
v 0.339533 -0.180594 0.272588
v 0.311719 -0.270868 0.099796
v 0.263195 -0.241767 0.039523
v 0.339641 -0.238271 0.219866
v 0.310441 -0.289494 0.161038
v 0.274592 -0.278615 0.039332
v 0.289607 -0.303946 0.099799
v 0.275869 -0.264266 -0.016924
v 0.270249 -0.232396 -0.016614
v 0.296493 -0.231353 -0.072036
v 0.287064 -0.191774 -0.039620
v 0.315067 -0.196694 -0.107737
v 0.260517 -0.245532 -0.112674
v 0.380449 -0.095629 -0.191563
v 0.300871 -0.214954 -0.111490
v 0.343240 -0.139837 -0.189479
v 0.330533 -0.136295 -0.208666
v 0.268467 -0.186035 -0.190996
v 0.378904 -0.082301 -0.211568
v 0.396454 -0.057655 -0.192993
v 0.389868 -0.039267 -0.147873
v 0.392280 -0.000241 -0.213916
v 0.393843 -0.020556 -0.154587
v 0.404636 0.000922 -0.193918
v 0.394430 -0.000228 -0.142380
v 0.393843 0.020100 -0.154587
v 0.396831 0.056803 -0.192701
v 0.389868 0.038811 -0.147873
v 0.377368 0.086149 -0.211417
v 0.378100 0.102146 -0.188865
v 0.320388 0.144034 -0.208553
v 0.355377 0.131489 -0.184530
v 0.315005 0.164813 -0.186767
v 0.279748 0.159659 -0.208132
v 0.262441 0.195349 -0.185731
v 0.227153 0.183283 -0.188708
v 0.178521 0.221883 -0.156320
v 0.110409 0.136968 -0.172112
v 0.074086 0.224995 -0.155263
v -0.003315 0.235826 -0.130150
v -0.052962 0.216443 -0.172905
v -0.073157 0.241416 -0.144196
v 0.200682 -0.015543 -0.190569
v 0.279748 0.159659 -0.208132
v -0.125922 0.187873 -0.181082
v -0.155243 0.243821 -0.142734
v -0.066652 0.108480 -0.184807
v 0.038631 -0.000241 -0.174502
v -0.142474 0.096022 -0.183568
v -0.208362 0.168549 -0.155766
v -0.222346 0.213002 -0.123827
v -0.263043 0.143208 -0.126301
v -0.220608 0.069819 -0.162832
v -0.293756 0.050178 -0.132602
v -0.303473 0.000015 -0.132377
v -0.293416 -0.052171 -0.133840
v -0.137397 -0.003579 -0.181756
v -0.211635 -0.093373 -0.165239
v -0.266342 -0.127098 -0.131305
v -0.211949 -0.169133 -0.155728
v -0.128131 -0.106515 -0.186025
v -0.130200 -0.188245 -0.180861
v -0.056183 -0.217409 -0.171951
v 0.016876 -0.178725 -0.174467
v -0.029194 -0.227215 -0.157708
v 0.136464 -0.225279 -0.154514
v 0.108616 -0.137558 -0.172038
v 0.220176 -0.186786 -0.185662
v 0.268467 -0.186035 -0.190996
v 0.285278 -0.155553 -0.209825
v 0.330533 -0.136295 -0.208666
v 0.342314 -0.080657 -0.218079
v 0.378904 -0.082301 -0.211568
v 0.392280 -0.000241 -0.213916
v 0.333535 0.091042 -0.217535
v 0.377368 0.086149 -0.211417
v 0.320388 0.144034 -0.208553
v 0.284277 0.126742 -0.335985
v 0.283283 0.137928 -0.328911
v 0.293359 0.126470 -0.329250
v 0.291429 0.113156 -0.328914
v 0.298945 0.129980 -0.296911
v 0.269522 0.134651 -0.333949
v 0.284499 0.146753 -0.281100
v 0.280236 0.118749 -0.336761
v 0.268451 0.141401 -0.327627
v 0.280979 0.104949 -0.326675
v 0.275517 0.111499 -0.334166
v 0.262128 0.123457 -0.333605
v 0.257204 0.133129 -0.326346
v 0.264104 0.150489 -0.291096
v 0.266086 0.108038 -0.325339
v 0.255705 0.119254 -0.324981
v 0.249122 0.124454 -0.287987
v 0.250202 0.141497 -0.286447
v 0.264456 0.150951 -0.277145
v 0.250923 0.142317 -0.275098
v 0.250205 0.126184 -0.274194
v 0.263602 0.110434 -0.276761
v 0.283817 0.103690 -0.293772
v 0.258584 0.138481 -0.269831
v 0.273103 0.145088 -0.271746
v 0.260134 0.122508 -0.269054
v 0.275088 0.129050 -0.269233
v 0.297177 0.131391 -0.276897
v 0.283579 0.107758 -0.274083
v 0.291210 0.119435 -0.272337
v 0.298898 0.114129 -0.280456
v 0.329527 -0.126319 -0.225385
v 0.326521 -0.115791 -0.216310
v 0.323195 -0.125177 -0.210418
v 0.318531 -0.115478 -0.210272
v 0.318844 -0.109789 -0.217753
v 0.311318 -0.119045 -0.209223
v 0.331252 -0.116296 -0.263087
v 0.308230 -0.112020 -0.218222
v 0.321203 -0.109749 -0.264490
v 0.323130 -0.116068 -0.270563
v 0.305528 -0.113824 -0.265178
v 0.331543 -0.128113 -0.263308
v 0.320634 -0.139664 -0.262661
v 0.324844 -0.131200 -0.269443
v 0.320233 -0.133263 -0.216201
v 0.306374 -0.141846 -0.267912
v 0.313849 -0.126894 -0.272292
v 0.302709 -0.122506 -0.271840
v 0.301594 -0.133810 -0.271323
v 0.305891 -0.142327 -0.252005
v 0.295343 -0.136654 -0.264878
v 0.295186 -0.125233 -0.266332
v 0.298184 -0.120712 -0.230276
v 0.309612 -0.135755 -0.217016
v 0.301720 -0.129832 -0.217470
v 0.303096 -0.120477 -0.213542
v 0.308779 -0.129603 -0.210529
v 0.366404 -0.073877 -0.326373
v 0.354786 -0.081064 -0.329551
v 0.355619 -0.069637 -0.333824
v 0.341853 -0.073298 -0.330668
v 0.359823 -0.060020 -0.332966
v 0.346548 -0.056849 -0.331285
v 0.368729 -0.059662 -0.326351
v 0.337203 -0.058894 -0.323129
v 0.360230 -0.049927 -0.326355
v 0.374857 -0.059717 -0.296159
v 0.347605 -0.048696 -0.324189
v 0.366390 -0.046903 -0.282683
v 0.371557 -0.080766 -0.282979
v 0.374133 -0.061715 -0.279244
v 0.350625 -0.046764 -0.280692
v 0.362248 -0.057662 -0.273490
v 0.361306 -0.085083 -0.274483
v 0.357386 -0.088293 -0.314402
v 0.357548 -0.094872 -0.280394
v 0.346859 -0.087055 -0.272903
v 0.348665 -0.057001 -0.273419
v 0.342190 -0.095182 -0.279731
v 0.335049 -0.081236 -0.274735
v 0.336480 -0.062097 -0.279108
v 0.332104 -0.080703 -0.289371
v 0.334633 -0.073182 -0.322653
v 0.342987 -0.083448 -0.324149
v 0.335342 -0.056416 -0.325452
v 0.330873 -0.040710 -0.337037
v 0.318859 -0.059139 -0.337470
v 0.258142 -0.100607 -0.336891
v 0.351461 -0.000228 -0.325440
v 0.341510 -0.000228 -0.333950
v 0.374207 -0.000228 -0.322436
v 0.193589 -0.147848 -0.325326
v 0.174890 -0.144883 -0.334981
v 0.351494 -0.068718 -0.322482
v 0.370305 -0.076970 -0.325292
v 0.167953 -0.167840 -0.336001
v 0.148436 -0.160612 -0.354692
v 0.154224 -0.179853 -0.343520
v 0.133608 -0.178816 -0.339490
v 0.147968 -0.194300 -0.329959
v 0.127645 -0.201465 -0.284399
v 0.141430 -0.214296 -0.285444
v 0.127411 -0.254581 -0.119266
v 0.139979 -0.268075 -0.113357
v 0.201365 -0.168201 -0.323523
v 0.191834 -0.178156 -0.332761
v 0.229656 -0.171471 -0.334167
v 0.228404 -0.165572 -0.325139
v 0.353237 -0.100706 -0.337858
v 0.384610 -0.068767 -0.338250
v 0.401132 -0.029452 -0.338096
v 0.396954 -0.000228 -0.325440
v 0.406905 -0.000228 -0.333950
v 0.098630 -0.253876 -0.098892
v 0.106063 -0.272016 -0.075721
v 0.059477 -0.278092 -0.065785
v 0.055002 -0.254524 -0.098288
v 0.013183 -0.284168 -0.075721
v 0.099416 -0.210755 -0.239277
v 0.127645 -0.201465 -0.284399
v 0.062828 -0.218953 -0.229834
v 0.133608 -0.178816 -0.339490
v 0.010595 -0.266106 -0.101964
v -0.014705 -0.288414 -0.107767
v -0.011931 -0.272590 -0.126146
v -0.015612 -0.279013 -0.163842
v 0.013540 -0.235924 -0.230957
v 0.004927 -0.258769 -0.242865
v 0.057736 -0.215898 -0.320935
v 0.125347 -0.176948 -0.373548
v 0.148436 -0.160612 -0.354692
v 0.045531 -0.231610 -0.328591
v 0.055818 -0.250647 -0.351696
v 0.073779 -0.210064 -0.360280
v 0.157065 -0.151104 -0.382079
v 0.174890 -0.144883 -0.334981
v 0.236853 -0.123774 -0.444383
v 0.254664 -0.103700 -0.408807
v 0.258142 -0.100607 -0.336891
v 0.319320 -0.059460 -0.418863
v 0.246995 -0.135050 -0.325696
v 0.233698 -0.126958 -0.325917
v 0.235187 -0.123278 -0.313680
v 0.217998 -0.129740 -0.322433
v 0.228855 -0.134067 -0.331615
v 0.215530 -0.130586 -0.290029
v 0.214697 -0.149421 -0.330888
v 0.227606 -0.148126 -0.333771
v 0.207281 -0.144371 -0.321909
v 0.240789 -0.146883 -0.333443
v 0.226999 -0.162125 -0.332628
v 0.210181 -0.161986 -0.323655
v 0.200479 -0.151228 -0.285287
v 0.223128 -0.170340 -0.326557
v 0.239841 -0.167409 -0.326024
v 0.250241 -0.152698 -0.326006
v 0.256496 -0.157027 -0.292860
v 0.222353 -0.177764 -0.312328
v 0.203119 -0.173021 -0.284323
v 0.241652 -0.176275 -0.294164
v 0.218855 -0.185226 -0.275572
v 0.203105 -0.153828 -0.269313
v 0.241333 -0.177186 -0.276263
v 0.203940 -0.173927 -0.272461
v 0.212169 -0.168808 -0.267194
v 0.226650 -0.177195 -0.268682
v 0.229801 -0.156293 -0.266596
v 0.254763 -0.158809 -0.274345
v 0.232565 -0.135038 -0.267790
v 0.216695 -0.134311 -0.272200
v 0.238617 -0.126213 -0.274802
v 0.246992 -0.143555 -0.269700
v 0.254982 -0.136722 -0.277642
v 0.361355 0.064030 -0.332913
v 0.366322 0.073491 -0.326460
v 0.368500 0.059158 -0.326748
v 0.360114 0.049507 -0.326470
v 0.374743 0.059100 -0.297462
v 0.350768 0.077305 -0.331730
v 0.371805 0.079909 -0.283139
v 0.354047 0.059690 -0.333613
v 0.356248 0.083885 -0.325287
v 0.357430 0.093360 -0.292185
v 0.343009 0.083038 -0.324148
v 0.339975 0.070854 -0.329542
v 0.346553 0.056365 -0.331268
v 0.334687 0.072721 -0.322891
v 0.347548 0.048309 -0.324420
v 0.337230 0.058427 -0.323227
v 0.349169 0.045858 -0.294621
v 0.366569 0.046460 -0.282578
v 0.332104 0.080246 -0.289371
v 0.342026 0.094541 -0.279392
v 0.336476 0.061615 -0.279213
v 0.333856 0.081072 -0.276861
v 0.357948 0.093548 -0.279538
v 0.346859 0.086598 -0.272903
v 0.339920 0.073030 -0.272189
v 0.351069 0.049151 -0.276825
v 0.361934 0.057386 -0.273374
v 0.361856 0.084389 -0.274626
v 0.374100 0.061077 -0.279384
v 0.055520 0.254005 -0.098113
v 0.100453 0.255103 -0.096562
v 0.009535 0.266266 -0.103168
vn -0.6502 0.6346 0.4177
vn -0.3974 0.8469 0.3533
vn -0.6632 0.7199 0.2048
vn -0.8367 0.5036 0.2154
vn -0.7817 0.4444 0.4375
vn -0.8457 0.5337 -0.0052
vn -0.5916 0.5096 0.6248
vn -0.9371 0.2742 0.2161
vn -0.6786 0.3699 0.6346
vn -0.6475 0.7589 -0.0689
vn -0.8662 0.2439 0.4362
vn -0.9491 0.3014 -0.0913
vn -0.3925 0.4590 0.7971
vn -0.9169 0.0064 0.3991
vn -0.7598 0.2049 0.6170
vn -0.5875 0.2164 0.7798
vn -0.7870 0.0035 0.6170
vn -0.6347 0.0016 0.7727
vn -0.4540 -0.0064 0.8910
vn -0.7599 -0.1990 0.6188
vn -0.5857 -0.2134 0.7820
vn -0.8667 -0.2360 0.4395
vn -0.6776 -0.3648 0.6385
vn -0.3914 -0.4567 0.7989
vn -0.9390 -0.2633 0.2214
vn -0.7832 -0.4381 0.4412
vn -0.5895 -0.5063 0.6294
vn -0.8453 -0.4907 0.2114
vn -0.9961 0.0093 0.0874
vn -0.9530 -0.2898 -0.0888
vn -0.6503 -0.6306 0.4236
vn -0.4030 -0.8406 0.3620
vn -0.6741 -0.7053 0.2195
vn -0.8514 -0.5181 -0.0816
vn -0.6602 -0.7510 0.0142
vn -0.3633 -0.9279 0.0837
vn -0.6286 -0.7445 -0.2251
vn -0.7911 -0.4818 -0.3769
vn -0.2691 0.0690 0.9606
vn -0.0778 -0.0013 0.9970
vn -0.0759 0.2117 0.9744
vn 0.0922 0.1520 0.9841
vn -0.4499 0.1754 0.8757
vn -0.2956 0.3054 0.9052
vn 0.1676 0.3308 0.9287
vn -0.0669 0.4236 0.9034
vn -0.1210 0.5798 0.8058
vn -0.3737 0.7038 0.6041
vn 0.0991 0.5714 0.8147
vn -0.1227 0.7893 0.6016
vn -0.1139 0.9355 0.3346
vn -0.0757 0.9855 0.1520
vn 0.0376 0.9457 0.3230
vn 0.1519 0.7705 0.6190
vn 0.3053 0.4237 0.8528
vn 0.2144 0.8906 0.4010
vn 0.4050 0.5487 0.7314
vn 0.4381 0.2191 0.8718
vn -0.2468 -0.9504 -0.1892
vn -0.3719 -0.7020 0.6073
vn -0.0934 -0.9832 0.1568
vn -0.1169 -0.9368 0.3299
vn -0.0376 -0.9988 -0.0308
vn 0.0385 -0.9460 0.3219
vn 0.0483 -0.9863 0.1578
vn -0.1217 -0.7889 0.6024
vn -0.1207 -0.5798 0.8058
vn 0.1509 -0.7701 0.6198
vn 0.2134 -0.8904 0.4020
vn 0.1010 -0.5718 0.8141
vn 0.4048 -0.5479 0.7321
vn 0.3051 -0.4252 0.8521
vn -0.0728 -0.4146 0.9071
vn 0.1577 -0.3384 0.9277
vn -0.2908 -0.3151 0.9034
vn -0.0386 -0.2232 0.9740
vn -0.2242 -0.1390 0.9646
vn -0.4403 -0.1636 0.8828
vn 0.0924 -0.1578 0.9831
vn 0.3286 -0.1977 0.9235
vn 0.0512 0.0074 0.9987
vn 0.2164 -0.0679 0.9739
vn 0.5653 -0.2497 0.7862
vn 0.6267 -0.3883 0.6756
vn 0.7032 -0.2487 0.6661
vn 0.5640 0.0006 0.8258
vn 0.4372 -0.2163 0.8730
vn 0.3882 0.0015 0.9216
vn 0.2994 0.1658 0.9396
vn 0.8328 0.5535 -0.0073
vn 0.7647 0.6358 -0.1050
vn 0.6129 0.7901 -0.0083
vn 0.9496 0.2958 -0.1041
vn 0.9565 0.2909 -0.0210
vn 0.4803 0.8733 -0.0814
vn 0.3856 0.9204 0.0640
vn 0.5310 0.8340 -0.1500
vn 0.7731 0.6101 -0.1734
vn 0.4190 0.8941 -0.1582
vn 0.9694 0.1578 -0.1880
vn 0.4714 0.8810 -0.0406
vn 0.4813 0.8576 -0.1813
vn 0.6297 0.7315 0.2614
vn 0.2613 0.9541 0.1461
vn 0.6570 0.7539 0.0034
vn 0.5135 0.8429 -0.1608
vn 0.2512 0.8792 -0.4049
vn 0.5698 0.8083 -0.1480
vn -0.1578 0.8816 -0.4449
vn -0.6876 0.6006 -0.4080
vn 0.3239 0.9251 -0.1979
vn 0.3630 0.9287 -0.0751
vn 0.1607 0.9697 -0.1841
vn 0.1245 0.9754 -0.1822
vn -0.4149 0.8585 -0.3014
vn -0.7214 0.5963 -0.3521
vn -0.7745 0.5849 -0.2409
vn 0.1477 0.9752 -0.1647
vn 0.1734 0.9819 0.0757
vn -0.3893 0.9003 -0.1949
vn -0.7461 0.6172 0.2497
vn -0.3934 0.9007 0.1842
vn -0.1431 0.8180 0.5571
vn 0.1333 0.9472 0.2916
vn 0.2711 0.7902 0.5497
vn 0.1030 0.8291 0.5496
vn 0.9998 -0.0160 0.0132
vn 0.9713 0.2057 0.1197
vn 0.9942 -0.0317 -0.1031
vn 0.9435 -0.3043 -0.1314
vn 0.9546 -0.2953 -0.0396
vn 0.9706 -0.2087 0.1199
vn 0.7654 -0.6373 -0.0895
vn 0.7252 -0.6685 -0.1646
vn 0.8435 -0.5367 -0.0210
vn 0.4965 -0.8539 -0.1558
vn 0.6127 -0.7903 -0.0067
vn 0.4852 -0.8712 -0.0748
vn 0.3759 -0.9247 0.0601
vn 0.4335 -0.9008 -0.0269
vn 0.4636 -0.8623 -0.2037
vn 0.1704 -0.8943 0.4137
vn -0.0339 -0.9434 0.3298
vn -0.0837 -0.7080 0.7012
vn 0.5630 -0.8227 -0.0786
vn 0.6759 -0.5791 0.4560
vn 0.5171 -0.3569 0.7780
vn 0.9174 0.0396 0.3960
vn 0.8694 -0.4627 0.1735
vn 0.9852 0.0299 0.1685
vn 0.5292 -0.8351 -0.1500
vn 0.2494 -0.8656 -0.4341
vn 0.8327 -0.5455 -0.0952
vn 0.8624 -0.4558 0.2204
vn -0.1540 -0.8771 -0.4549
vn -0.6863 -0.6022 -0.4078
vn 0.3774 -0.9238 -0.0637
vn 0.3210 -0.9278 -0.1901
vn 0.6559 -0.7419 -0.1392
vn 0.5565 -0.7812 0.2829
vn 0.3529 -0.7376 0.5756
vn 0.1226 -0.9774 -0.1724
vn 0.1519 -0.9521 0.2653
vn 0.0971 -0.8337 0.5436
vn -0.1324 -0.8276 0.5454
vn -0.4129 -0.8897 0.1949
vn -0.7509 -0.6110 0.2506
vn -0.3901 -0.8982 -0.2027
vn -0.7837 -0.5746 -0.2358
vn -0.4237 -0.8545 -0.3005
vn -0.7157 -0.5973 -0.3620
vn 0.8326 0.2956 0.4684
vn 0.2602 0.7486 0.6099
vn 0.2467 0.1735 0.9534
vn -0.3836 0.3798 0.8418
vn 0.3403 -0.3002 0.8911
vn -0.3210 -0.2750 0.9063
vn 0.7641 -0.4448 0.4673
vn 0.2368 -0.8297 0.5055
vn 0.9563 0.2918 0.0161
vn -0.3366 -0.8005 0.4958
vn 0.4059 0.9070 0.1119
vn -0.2397 0.8742 0.4223
vn -0.8593 -0.2095 0.4666
vn -0.7821 0.4920 0.3825
vn -0.2878 0.9570 0.0357
vn 0.4088 0.9073 -0.0982
vn -0.8437 0.5321 -0.0708
vn -0.2427 0.8038 -0.5432
vn 0.3329 0.6695 -0.6640
vn -0.9541 -0.2994 0.0063
vn -0.6578 0.3601 -0.6615
vn -0.0601 0.1655 -0.9844
vn 0.7380 0.2096 -0.6414
vn 0.7999 -0.4940 -0.3406
vn 0.2534 -0.3569 -0.8991
vn 0.2633 -0.9121 -0.3142
vn -0.2867 -0.7467 -0.6002
vn -0.4098 -0.9048 0.1157
vn -0.7165 -0.2963 -0.6315
vn 0.4362 -0.7430 -0.5076
vn -0.2090 -0.6543 -0.7268
vn 0.0453 -0.2065 -0.9774
vn -0.5391 0.0944 -0.8369
vn 0.3873 0.0445 -0.9209
vn -0.0973 0.5341 -0.8398
vn 0.7332 0.4910 -0.4705
vn -0.4878 0.8119 -0.3207
vn 0.8332 -0.2839 -0.4745
vn 0.1753 0.9171 -0.3581
vn 0.8337 0.4548 0.3131
vn 0.9078 -0.3217 0.2691
vn 0.2310 0.8942 0.3834
vn 0.4557 0.1637 0.8749
vn 0.5048 -0.8351 0.2185
vn 0.5358 -0.2652 0.8016
vn -0.1839 -0.9401 -0.2872
vn 0.1704 -0.5475 0.8193
vn 0.0825 -0.0346 0.9960
vn 0.0219 0.4501 0.8927
vn -0.4577 0.7860 0.4157
vn -0.7089 0.2430 0.6621
vn -0.2176 -0.2487 0.9438
vn -0.1783 -0.9388 0.2947
vn -0.7497 -0.4771 0.4586
vn -0.8674 -0.4890 -0.0924
vn -0.9451 0.3268 -0.0005
vn -0.7823 -0.4002 -0.4774
vn -0.8571 0.3609 -0.3677
vn 0.4227 -0.7419 0.5205
vn 0.5877 -0.5369 0.6053
vn 0.4732 -0.8005 0.3678
vn 0.1986 -0.9477 0.2497
vn 0.1391 -0.9860 0.0914
vn 0.0200 -0.9994 -0.0269
vn -0.0582 -0.9733 -0.2222
vn 0.0278 -0.9630 -0.2682
vn 0.4450 -0.8709 -0.2086
vn 0.1081 -0.9671 -0.2302
vn 0.0207 -0.9620 -0.2721
vn -0.1735 -0.9071 -0.3835
vn -0.0406 -0.9776 -0.2067
vn 0.4731 -0.8198 -0.3228
vn 0.0004 -0.8787 -0.4773
vn -0.0826 -0.9098 -0.4068
vn 0.0102 -0.8104 -0.5858
vn 0.0543 -0.9318 -0.3588
vn 0.0678 -0.8513 -0.5202
vn -0.0025 -0.7197 -0.6943
vn -0.2037 -0.5348 -0.8201
vn -0.2291 -0.6999 -0.6765
vn -0.5009 -0.3825 -0.7764
vn -0.5397 -0.5180 -0.6636
vn -0.5905 -0.6745 -0.4431
vn -0.7070 -0.3932 -0.5878
vn -0.6738 -0.3121 -0.6698
vn -0.7820 -0.2478 -0.5720
vn -0.7548 -0.1967 -0.6258
vn -0.7976 0.0064 -0.6031
vn -0.8760 -0.2808 -0.3922
vn -0.8651 0.0074 -0.5016
vn -0.9678 0.0083 -0.2517
vn -0.8725 0.2867 -0.3958
vn -0.7761 0.2569 -0.5760
vn -0.7528 0.1988 -0.6275
vn -0.7120 0.3856 -0.5868
vn -0.7519 0.4570 -0.4753
vn -0.5809 0.5948 -0.5556
vn -0.8123 0.5222 -0.2597
vn -0.5917 0.6318 -0.5008
vn -0.1845 0.9035 -0.3868
vn -0.1726 0.8577 -0.4843
vn -0.6080 0.7194 -0.3359
vn 0.1305 0.9563 -0.2617
vn -0.2241 0.9496 -0.2191
vn 0.1390 0.9546 -0.2636
vn 0.0465 0.9657 -0.2554
vn 0.0091 0.9811 -0.1931
vn 0.0043 0.8825 -0.4703
vn -0.0797 0.9770 -0.1979
vn 0.0171 0.9941 -0.1070
vn -0.0366 0.9991 -0.0213
vn -0.3493 0.9353 0.0562
vn 0.4448 -0.2367 -0.8638
vn 0.9046 0.0006 -0.4262
vn 0.6606 -0.6323 -0.4048
vn 0.0004 -0.2906 -0.9568
vn 0.2232 0.3493 -0.9100
vn 0.6874 0.5361 -0.4901
vn -0.0084 0.8467 -0.5320
vn 0.7432 0.6515 -0.1520
vn 0.7548 -0.6560 0.0024
vn 0.9468 -0.0004 0.3218
vn 0.0004 -0.8945 -0.4471
vn -0.3580 0.2995 -0.8844
vn -0.4274 -0.2290 -0.8746
vn -0.6648 0.5437 -0.5123
vn -0.6607 -0.6322 -0.4048
vn -0.9121 -0.0063 -0.4099
vn -0.7548 -0.6560 0.0024
vn -0.0000 -0.9200 0.3920
vn -0.7433 0.6515 -0.1519
vn 0.0004 0.9532 0.3024
vn -0.9467 -0.0004 0.3221
vn -0.6747 0.6112 0.4138
vn 0.6746 0.6113 0.4138
vn 0.0004 0.3984 0.9172
vn -0.4589 0.1794 0.8702
vn -0.6334 -0.4769 0.6094
vn -0.0000 -0.2798 0.9601
vn 0.4588 0.1794 0.8703
vn 0.6335 -0.4771 0.6091
vn 0.6061 0.2207 0.7642
vn 0.8164 -0.3278 0.4754
vn 0.8777 0.3991 0.2652
vn 0.1948 0.7793 0.5956
vn -0.1560 0.2538 0.9546
vn 0.1998 0.9692 0.1442
vn 0.2360 -0.1402 0.9616
vn -0.4463 0.6789 0.5830
vn 0.8917 0.4462 0.0757
vn -0.5230 0.8385 0.1529
vn 0.8876 -0.2622 -0.3786
vn 0.1882 0.9190 -0.3463
vn -0.9400 0.3199 0.1186
vn 0.7000 0.4500 -0.5545
vn -0.4158 0.7460 -0.5202
vn 0.0835 0.4199 -0.9037
vn 0.3953 -0.0874 -0.9144
vn 0.0200 0.0836 -0.9963
vn 0.2621 -0.3461 -0.9008
vn -0.3503 0.1862 -0.9179
vn 0.4714 -0.7490 -0.4656
vn -0.8626 0.3241 -0.3885
vn -0.3670 -0.1441 -0.9190
vn -0.0543 -0.3227 -0.9449
vn -0.7854 -0.3855 -0.4843
vn -0.1930 -0.8231 -0.5341
vn -0.8879 -0.4597 0.0181
vn -0.2174 -0.9724 -0.0845
vn 0.5316 -0.8453 0.0544
vn -0.7922 0.2566 0.5537
vn -0.7453 -0.4510 0.4911
vn -0.3805 -0.1293 0.9157
vn -0.1989 -0.8751 0.4412
vn 0.1059 -0.4145 0.9039
vn 0.4569 -0.7122 0.5329
vn 0.7272 -0.2573 0.6364
vn 0.2203 0.0827 0.9719
vn 0.2476 -0.7048 0.6648
vn -0.0000 -0.6666 0.7454
vn 0.0043 -0.9876 0.1569
vn -0.0000 0.1332 0.9911
vn 0.2282 -0.9591 0.1675
vn 0.0112 -0.9644 -0.2643
vn 0.2398 -0.0219 0.9706
vn 0.0003 -0.0003 1.0000
vn -0.0000 -0.1332 0.9911
vn 0.7168 -0.0366 0.6963
vn 0.2358 -0.0688 0.9694
vn 0.0003 0.6695 0.7428
vn 0.6745 -0.0785 0.7341
vn 0.9999 -0.0024 -0.0112
vn 0.2349 0.6893 0.6853
vn 0.0092 0.9901 0.1402
vn 0.6900 0.6052 0.3971
vn 0.2027 0.9698 0.1353
vn 0.0171 0.9621 -0.2722
vn 0.6166 0.7623 -0.1968
vn 0.2055 0.9519 -0.2271
vn 0.3015 0.0006 -0.9535
vn 0.0082 0.8809 -0.4733
vn -0.0005 0.0065 -1.0000
vn 0.0053 -0.8777 -0.4792
vn 0.7582 -0.0141 -0.6519
vn 0.6259 -0.7754 -0.0836
vn 0.1842 -0.9504 -0.2507
vn -0.0796 -0.6147 0.7847
vn -0.4843 -0.8241 0.2937
vn 0.1959 -0.9259 0.3230
vn -0.5369 -0.0571 0.8417
vn 0.1998 -0.1735 0.9644
vn 0.7687 -0.4843 0.4179
vn 0.3953 0.2596 0.8811
vn 0.8641 0.2526 0.4353
vn -0.1814 0.7560 0.6289
vn 0.4547 0.8016 0.3883
vn 0.9414 0.3269 0.0836
vn -0.2057 0.9695 0.1333
vn 0.8376 -0.4449 -0.3170
vn 0.4801 0.8506 -0.2145
vn 0.8014 0.3362 -0.4946
vn 0.2231 -0.9138 -0.3395
vn 0.4527 -0.2163 -0.8650
vn 0.2407 0.3610 -0.9010
vn -0.1079 0.8517 -0.5127
vn -0.0269 -0.5086 -0.8606
vn -0.3035 0.2439 -0.9211
vn -0.8228 0.4962 -0.2772
vn -0.7092 -0.2575 -0.6563
vn -0.4815 -0.8079 -0.3397
vn -0.9445 -0.3268 0.0327
vn -0.8719 -0.3511 0.3414
vn -0.8118 0.4316 0.3934
vn -0.0152 -0.0463 -0.9988
vn 0.3483 -0.1587 -0.9239
vn -0.0074 -0.2417 -0.9703
vn -0.0035 -0.6460 -0.7633
vn 0.3358 0.0866 -0.9379
vn -0.0084 0.5976 -0.8018
vn 0.3590 -0.6960 -0.6219
vn 0.3737 0.5321 -0.7597
vn 0.3698 -0.9276 -0.0523
vn -0.0435 -0.9982 0.0415
vn 0.8322 -0.4442 -0.3320
vn 0.7846 -0.0942 -0.6128
vn 0.8223 0.2283 -0.5213
vn 0.9999 -0.0128 0.0075
vn 0.8261 -0.4557 0.3316
vn 0.3697 -0.9079 0.1978
vn -0.0133 -0.7765 0.6300
vn 0.3599 -0.6395 0.6794
vn -0.0386 -0.2690 0.9624
vn 0.3415 -0.1822 0.9221
vn -0.0035 0.0201 0.9998
vn 0.7891 -0.1040 0.6054
vn 0.3355 0.2252 0.9147
vn 0.0024 0.3309 0.9436
vn 0.7949 0.2371 0.5585
vn 0.3552 0.5771 0.7354
vn -0.0054 0.6742 0.7385
vn 0.8317 0.4949 0.2516
vn 0.3823 0.8425 0.3795
vn -0.0006 0.9474 0.3200
vn 0.8497 0.5125 -0.1236
vn 0.3913 0.8928 -0.2233
vn -0.0025 0.9650 -0.2624
vn -0.0031 0.0875 -0.9962
vn -0.0083 0.2312 -0.9729
vn 0.3521 0.1676 -0.9208
vn -0.0035 0.6360 -0.7717
vn 0.0014 -0.1294 -0.9916
vn 0.3592 0.6956 -0.6222
vn 0.3697 0.9277 -0.0523
vn -0.0455 0.9982 0.0386
vn 0.8322 0.4442 -0.3320
vn 0.3405 -0.0825 -0.9366
vn 0.3688 0.9082 0.1979
vn -0.0142 0.7735 0.6337
vn 0.8261 0.4557 0.3316
vn 0.3590 0.6397 0.6797
vn 0.3432 0.1822 0.9214
vn -0.0357 0.2673 0.9629
vn 0.0014 -0.0229 0.9997
vn 0.3365 -0.2271 0.9139
vn 0.0043 -0.3288 0.9444
vn 0.7891 0.1042 0.6054
vn 0.9999 0.0128 0.0075
vn 0.7948 -0.2378 0.5584
vn 0.3542 -0.5789 0.7344
vn -0.0064 -0.6782 0.7349
vn 0.8318 -0.4947 0.2516
vn 0.3824 -0.8434 0.3775
vn -0.0005 -0.9498 0.3130
vn 0.7846 0.0943 -0.6128
vn 0.8221 -0.2290 -0.5213
vn 0.8498 -0.5125 -0.1236
vn 0.3921 -0.8941 -0.2163
vn 0.0024 -0.9686 -0.2486
vn -0.0005 -0.6347 -0.7727
vn 0.3738 -0.5331 -0.7590
vn -0.8586 -0.2076 0.4686
vn -0.5928 0.4306 0.6806
vn -0.7530 0.5898 0.2917
vn -0.0259 0.9272 0.3737
vn -0.3463 -0.0961 0.9332
vn -0.0025 0.5869 0.8096
vn 0.5231 0.5320 0.6658
vn 0.6413 0.7381 0.2095
vn -0.0024 0.9941 0.1080
vn 0.9838 0.1237 0.1295
vn 0.6513 0.0387 0.7578
vn 0.1069 -0.2338 0.9664
vn 0.6143 -0.6006 0.5119
vn -0.0475 -0.7908 0.6102
vn -0.5382 -0.6827 0.4942
vn 0.0102 -0.9997 -0.0220
vn 0.7518 -0.6531 0.0913
vn 0.6950 -0.5658 -0.4437
vn -0.6629 -0.7487 0.0014
vn -0.9887 -0.1480 -0.0220
vn -0.5006 -0.5043 -0.7036
vn -0.0601 -0.7350 -0.6754
vn 0.3268 -0.1401 -0.9346
vn -0.7123 0.6540 -0.2548
vn -0.7999 -0.0942 -0.5927
vn 0.0228 0.1367 -0.9903
vn -0.2868 0.3855 -0.8770
vn 0.0571 0.8881 -0.4560
vn 0.5153 0.6640 -0.5418
vn 0.8124 0.2449 -0.5291
vn 0.3386 0.1716 -0.9251
vn 0.4970 0.7113 -0.4971
vn 0.8506 0.1374 -0.5076
vn 0.6670 -0.5507 -0.5019
vn 0.9698 0.2156 -0.1138
vn -0.1266 0.4294 -0.8942
vn 0.5927 0.7727 0.2272
vn 0.1265 -0.2125 -0.9689
vn -0.1011 0.8365 -0.5386
vn 0.0728 -0.9230 -0.3778
vn -0.1675 -0.5326 -0.8296
vn -0.5115 -0.0073 -0.8592
vn -0.7322 0.4889 -0.4742
vn -0.1011 0.9781 -0.1820
vn -0.5799 -0.7428 -0.3346
vn -0.8879 -0.2526 -0.3846
vn -0.9761 -0.2145 -0.0357
vn -0.7301 0.5797 0.3619
vn -0.0465 0.9220 0.3845
vn -0.8406 -0.1606 0.5172
vn -0.5213 -0.7469 0.4128
vn 0.0815 -0.9961 0.0347
vn -0.2292 0.2820 0.9316
vn -0.3220 -0.2359 0.9169
vn 0.0757 -0.7508 0.6561
vn 0.7827 -0.5348 0.3183
vn 0.2300 0.5163 0.8249
vn 0.1446 0.0150 0.9894
vn 0.3855 -0.1724 0.9065
vn 0.8082 0.2489 0.5338
vn -0.3199 -0.6061 0.7282
vn -0.8115 -0.5114 0.2828
vn -0.2790 -0.9354 0.2174
vn -0.4364 0.1051 0.8936
vn 0.1411 -0.4224 0.8953
vn -0.9034 0.0787 0.4216
vn -0.4342 0.7213 0.5396
vn -0.9755 0.1842 0.1206
vn -0.8508 -0.3994 -0.3416
vn 0.1821 0.3913 0.9021
vn 0.3132 0.7777 0.5450
vn 0.5464 -0.1137 0.8297
vn 0.8205 0.4042 0.4042
vn 0.2846 0.9518 -0.1147
vn 0.9036 -0.2731 0.3299
vn 0.4557 -0.8475 0.2721
vn 0.9331 -0.1371 -0.3325
vn 0.4511 -0.7648 -0.4599
vn -0.3014 -0.8454 -0.4410
vn 0.2428 -0.2731 -0.9309
vn 0.8474 0.4988 -0.1822
vn 0.5815 0.0855 -0.8091
vn -0.3593 -0.3015 -0.8832
vn -0.0191 0.1560 -0.9876
vn 0.3796 0.5653 -0.7323
vn -0.8023 0.2242 -0.5532
vn -0.1948 0.5356 -0.8217
vn -0.4723 0.8689 -0.1480
vn 0.0002 -1.0000 -0.0003
vn 0.0003 -1.0000 -0.0004
vn 0.0003 -1.0000 -0.0003
vn -0.6424 0.7587 0.1079
vn -0.8760 0.0866 0.4744
vn -0.5134 0.6414 0.5701
vn -0.3980 0.1096 0.9108
vn -0.6630 -0.5642 0.4920
vn 0.0503 0.6452 0.7624
vn -0.9901 0.1324 0.0464
vn -0.1041 -0.2838 0.9532
vn 0.6501 -0.1284 0.7489
vn 0.6257 0.5164 0.5847
vn 0.5144 -0.6180 0.5946
vn 0.7370 0.6570 0.1587
vn 0.9846 -0.1313 0.1158
vn -0.0191 -0.8714 0.4902
vn 0.6348 -0.7648 0.1100
vn 0.7196 0.5840 -0.3757
vn 0.9144 -0.1344 -0.3818
vn -0.0279 -0.9990 0.0337
vn -0.0123 0.8316 -0.5552
vn 0.5982 -0.7095 -0.3726
vn -0.7297 -0.6142 -0.3005
vn 0.0591 -0.8092 -0.5846
vn 0.5141 -0.2455 -0.8218
vn -0.5879 0.7159 -0.3767
vn -0.9105 0.1491 -0.3856
vn -0.3366 -0.2886 -0.8963
vn -0.4823 0.2615 -0.8360
vn 0.0260 0.0160 -0.9995
vn 0.3530 0.2877 -0.8903
vn -0.9180 0.0318 0.3952
vn -0.5492 -0.4741 0.6882
vn -0.3101 0.0015 0.9507
vn 0.2817 -0.3901 0.8766
vn -0.2594 0.4489 0.8551
vn 0.4538 0.2565 0.8534
vn 0.0122 0.9201 0.3914
vn 0.9235 0.0084 0.3834
vn -0.7119 0.6103 0.3474
vn 0.6743 0.6442 0.3609
vn 0.0111 0.9352 -0.3540
vn -0.7096 0.6081 -0.3560
vn 0.7008 0.6296 -0.3355
vn 0.0034 0.4518 -0.8921
vn -0.9574 0.0006 -0.2888
vn -0.4461 0.2986 -0.8437
vn -0.7509 -0.6189 0.2304
vn -0.5019 -0.1978 -0.8420
vn 0.0027 -0.0007 -1.0000
vn 0.4998 0.1989 -0.8430
vn 0.9561 -0.0287 -0.2917
vn 0.4429 -0.2905 -0.8482
vn -0.0045 -0.4419 -0.8971
vn -0.6972 -0.6491 -0.3044
vn 0.0063 -0.9236 -0.3834
vn 0.6960 -0.6071 -0.3834
vn -0.0111 -0.9890 0.1472
vn 0.7507 -0.6500 0.1177
vn -0.0083 -0.8682 0.4961
vn 0.7114 -0.5464 0.4420
vn -0.5750 -0.8151 -0.0698
vn -0.6102 -0.7821 0.1265
vn -0.4940 -0.8583 0.1392
vn -0.4258 -0.9018 0.0738
vn -0.6315 -0.7300 -0.2613
vn -0.5977 -0.5716 -0.5622
vn -0.3396 -0.9287 0.1490
vn -0.3131 -0.9389 0.1431
vn -0.7177 -0.6631 -0.2123
vn -0.6921 -0.4934 -0.5267
vn -0.5635 -0.3337 -0.7557
vn -0.5487 -0.4656 -0.6944
vn -0.5381 -0.4795 -0.6932
vn -0.6422 -0.4030 -0.6521
vn -0.6578 -0.3522 -0.6658
vn -0.7225 -0.0756 -0.6872
vn -0.7186 0.0211 -0.6951
vn -0.7162 0.2196 -0.6624
vn -0.6550 0.3522 -0.6686
vn -0.5809 0.4764 -0.6600
vn -0.5370 0.4764 -0.6962
vn -0.5436 0.4577 -0.7036
vn -0.5916 0.5769 -0.5632
vn -0.4353 -0.0140 -0.9002
vn -0.7391 0.2936 -0.6062
vn -0.5686 -0.1488 -0.8091
vn -0.0695 -0.5262 -0.8475
vn 0.0487 -0.6088 -0.7918
vn 0.0690 -0.5756 -0.8148
vn 0.3415 -0.6366 -0.6915
vn 0.4536 -0.4683 -0.7582
vn 0.5281 -0.2682 -0.8057
vn 0.5821 -0.1598 -0.7973
vn 0.5692 0.0963 -0.8165
vn 0.5712 0.0729 -0.8176
vn 0.4980 0.4229 -0.7571
vn 0.4224 0.5369 -0.7303
vn 0.1216 0.6035 -0.7881
vn 0.0483 0.5849 -0.8096
vn 0.0513 0.5928 -0.8037
vn -0.1210 0.4851 -0.8660
vn -0.3388 0.2216 -0.9144
vn -0.5615 0.1570 -0.8125
vn -0.7059 0.0797 -0.7038
vn -0.8449 -0.0039 -0.5349
vn -0.9069 -0.0356 -0.4199
vn -0.8975 -0.3951 -0.1959
vn -0.8740 -0.4684 -0.1295
vn -0.9034 -0.4245 -0.0601
vn -0.7810 -0.5982 0.1792
vn -0.7314 -0.5671 0.3786
vn -0.4932 -0.7403 0.4569
vn -0.3852 -0.7473 0.5414
vn -0.1266 -0.7977 0.5896
vn -0.1177 -0.7984 0.5905
vn 0.2398 -0.8221 0.5164
vn 0.1911 -0.7932 0.5782
vn 0.9145 -0.1197 0.3866
vn 0.7951 0.4481 0.4087
vn 0.7106 0.3432 0.6142
vn 0.9574 0.2847 -0.0483
vn 0.9815 0.1892 -0.0288
vn 0.4587 -0.8191 0.3444
vn 0.1431 -0.9479 0.2847
vn 0.8857 -0.3932 0.2467
vn 0.8955 -0.0405 0.4432
vn 0.2995 -0.9074 0.2947
vn -0.2434 -0.9283 0.2811
vn 0.1548 -0.7693 0.6199
vn 0.7641 -0.3803 0.5210
vn 0.3501 0.4703 0.8101
vn 0.2339 -0.1362 0.9627
vn -0.4003 -0.3816 0.8332
vn -0.4375 0.2215 0.8715
vn -0.4733 -0.2339 0.8493
vn -0.0005 0.3847 0.9230
vn -0.3043 -0.2973 0.9050
vn -0.4899 -0.7593 0.4283
vn -0.1950 0.1462 0.9698
vn -0.3404 -0.2416 0.9087
vn -0.5396 -0.6674 0.5132
vn 0.0190 0.0252 0.9995
vn -0.6880 -0.2396 0.6850
vn -0.4118 -0.1069 0.9050
vn -0.7266 -0.1802 0.6630
vn 0.0239 0.0094 0.9997
vn 0.4752 0.4070 0.7801
vn 0.4546 0.1578 0.8766
vn 0.4232 0.6324 0.6488
vn 0.3718 0.6162 0.6943
vn 0.7306 0.3998 0.5536
vn 0.6511 0.2320 0.7227
vn 0.6412 0.2233 0.7341
vn 0.5045 -0.6891 -0.5202
vn -0.1326 -0.6650 -0.7350
vn 0.0668 -0.1958 -0.9784
vn -0.5329 0.0348 -0.8455
vn 0.3699 0.0846 -0.9252
vn -0.1529 0.5085 -0.8474
vn 0.8500 -0.1811 -0.4946
vn -0.5721 0.7509 -0.3298
vn 0.6612 0.5763 -0.4804
vn 0.9698 -0.2212 -0.1031
vn 0.0717 0.9275 -0.3668
vn 0.7812 0.5331 0.3249
vn 0.5828 -0.7773 0.2370
vn 0.1314 0.9112 0.3904
vn 0.8042 -0.2509 0.5387
vn 0.4029 0.1989 0.8934
vn -0.0781 -0.9511 -0.2988
vn 0.2193 -0.5095 0.8321
vn 0.1048 -0.0378 0.9938
vn -0.0279 0.4391 0.8980
vn -0.5400 0.7267 0.4247
vn -0.7301 0.1618 0.6639
vn -0.1824 -0.2623 0.9476
vn -0.0737 -0.9510 0.3004
vn -0.6890 -0.5541 0.4672
vn -0.8076 -0.5817 -0.0972
vn -0.9756 0.2194 -0.0005
vn -0.7279 -0.4785 -0.4912
vn -0.8875 0.2643 -0.3775
vn 0.2694 -0.7450 0.6103
vn -0.2720 -0.9057 0.3250
vn 0.3836 -0.9192 0.0885
vn 0.8376 -0.3072 0.4518
vn 0.9593 -0.2819 -0.0132
vn 0.4105 -0.1784 0.8942
vn 0.7664 0.4373 0.4705
vn -0.1139 -0.3209 0.9402
vn 0.3208 0.2701 0.9078
vn -0.6369 -0.4636 0.6160
vn -0.4001 0.0690 0.9139
vn 0.2417 0.8300 0.5027
vn -0.2848 0.5925 0.7535
vn -0.8617 0.2264 0.4541
vn -0.4009 0.8727 0.2788
vn 0.2915 0.9501 0.1109
vn -0.8288 -0.5484 0.1109
vn -0.9541 0.2995 0.0044
vn -0.2508 -0.8300 -0.4981
vn -0.8474 -0.5269 -0.0659
vn 0.4050 -0.9102 -0.0865
vn -0.6571 -0.3570 -0.6639
vn 0.3433 -0.6636 -0.6647
vn -0.0482 -0.1761 -0.9832
vn -0.7120 0.3025 -0.6337
vn -0.2644 0.7617 -0.5916
vn -0.4051 0.9093 0.0953
vn 0.2232 0.7432 -0.6307
vn 0.6425 0.4833 -0.5947
vn 0.8429 0.5323 0.0787
vn 0.7508 -0.1577 -0.6414
vn 0.9716 0.2223 0.0814
vn 0.4627 0.8509 0.2487
vn 0.7193 0.2721 0.6392
vn -0.0318 0.6473 0.7616
vn -0.3270 0.9232 0.2018
vn 0.4363 -0.1137 0.8926
vn 0.4840 0.7518 -0.4479
vn 0.8205 -0.3943 0.4139
vn 0.9199 0.1354 -0.3679
vn 0.8210 -0.5318 -0.2076
vn -0.2694 0.3163 0.9096
vn 0.3336 -0.7968 0.5038
vn 0.0249 -0.3953 0.9182
vn 0.3276 -0.9166 0.2291
vn -0.4675 -0.6979 0.5426
vn -0.7412 -0.0463 0.6697
vn -0.7978 0.5272 0.2926
vn -0.9658 -0.1537 0.2086
vn -0.4862 -0.8633 -0.1353
vn -0.8353 0.4316 -0.3406
vn -0.9253 -0.2621 -0.2739
vn 0.3080 -0.8362 -0.4537
vn -0.2195 -0.5281 -0.8203
vn -0.5536 -0.0522 -0.8311
vn -0.3201 0.8294 -0.4579
vn -0.2478 0.3740 -0.8937
vn 0.0356 -0.1831 -0.9824
vn 0.2448 0.2742 -0.9300
vn 0.5653 -0.2017 -0.7999
vn -0.8562 -0.4898 -0.1646
vn -0.9969 -0.0111 -0.0777
vn -0.8339 -0.5465 -0.0767
vn -0.9871 -0.0086 -0.1600
vn -0.5300 -0.8210 -0.2125
vn -0.9327 0.3504 -0.0856
vn -0.8580 0.4879 -0.1606
vn -0.9981 -0.0072 0.0620
vn -0.9291 -0.3699 0.0044
vn -0.9623 -0.2447 0.1188
vn -0.7071 -0.7070 -0.0132
vn -0.9286 0.3708 0.0122
vn -0.9625 0.2438 0.1189
vn -0.7206 0.6933 -0.0054
vn -0.5381 -0.8380 -0.0904
vn -0.5164 -0.8563 0.0083
vn -0.4801 -0.8766 0.0327
vn -0.5739 -0.8091 -0.1265
vn 0.9009 0.0279 -0.4331
vn 0.5277 -0.4546 -0.7176
vn 0.2926 0.0005 -0.9562
vn -0.2584 -0.3510 -0.9000
vn 0.2408 0.4059 -0.8816
vn -0.4149 0.2351 -0.8790
vn 0.6939 0.6052 -0.3902
vn -0.9072 0.0104 -0.4206
vn -0.0260 0.9036 -0.4276
vn 0.7582 0.6519 0.0142
vn -0.6658 0.6335 -0.3942
vn -0.0005 0.9223 0.3866
vn 0.9436 -0.0112 0.3309
vn -0.6923 0.6220 0.3659
vn 0.6221 0.4595 0.6339
vn -0.0103 0.3835 0.9235
vn 0.7403 -0.6187 -0.2631
vn 0.4547 -0.1909 0.8700
vn 0.6871 -0.6490 0.3267
vn 0.0102 -0.8417 -0.5398
vn -0.6915 -0.5370 -0.4832
vn 0.0180 -0.9656 0.2594
vn -0.7452 -0.6542 -0.1294
vn -0.9426 -0.0268 0.3328
vn -0.6239 -0.5153 0.5876
vn 0.0053 -0.4002 0.9164
vn -0.4568 0.1804 0.8711
vn -0.0054 -0.0021 1.0000
vn -0.4861 -0.2583 0.8348
vn -0.9231 -0.0082 0.3846
vn -0.6766 -0.6413 0.3620
vn -0.0000 -0.9106 0.4133
vn -0.2400 0.3877 0.8900
vn -0.0015 -0.3112 0.9503
vn 0.4656 -0.2506 0.8488
vn 0.3970 0.3336 0.8550
vn 0.0073 0.8760 0.4823
vn -0.7013 0.5537 0.4491
vn -0.7447 0.6539 0.1333
vn 0.6784 0.5643 0.4704
vn 0.9297 -0.0160 0.3679
vn 0.6765 -0.6413 0.3620
vn 0.0004 -0.9398 -0.3417
vn 0.7097 -0.6140 -0.3454
vn 0.7447 0.6540 0.1333
vn 0.9600 -0.0092 -0.2800
vn -0.7098 -0.6139 -0.3453
vn 0.0004 -0.4419 -0.8971
vn 0.4510 -0.2986 -0.8411
vn 0.6864 0.6191 -0.3816
vn -0.9600 -0.0092 -0.2799
vn -0.4511 -0.2985 -0.8410
vn 0.0004 -0.0190 -0.9998
vn -0.5135 0.1940 -0.8359
vn -0.6865 0.6190 -0.3815
vn 0.5134 0.1940 -0.8359
vn 0.0004 0.4627 -0.8865
vn 0.0004 0.9571 -0.2897
vn 0.8277 0.3248 0.4576
vn 0.6079 -0.2016 0.7680
vn 0.8767 -0.4000 0.2672
vn 0.1850 -0.7818 0.5954
vn 0.0298 -0.2349 0.9716
vn 0.1997 -0.9692 0.1440
vn 0.3014 0.3074 0.9026
vn -0.4295 -0.6922 0.5800
vn 0.8917 -0.4461 0.0767
vn -0.0543 0.3064 0.9503
vn 0.1896 -0.9190 -0.3456
vn 0.4575 0.7867 0.4145
vn -0.3044 -0.2027 0.9307
vn -0.1576 0.8904 0.4271
vn 0.5242 0.8478 -0.0797
vn -0.6376 0.3383 0.6921
vn -0.7985 -0.2415 0.5515
vn -0.8590 0.4745 0.1924
vn -0.9419 -0.3112 0.1266
vn -0.2242 0.9705 -0.0884
vn -0.8184 0.3895 -0.4226
vn -0.5233 -0.8387 0.1509
vn -0.8570 -0.3354 -0.3911
vn -0.4128 -0.7449 -0.5242
vn 0.0913 -0.4099 -0.9075
vn -0.3524 -0.1851 -0.9174
vn 0.0258 -0.0885 -0.9957
vn 0.7039 -0.4341 -0.5622
vn -0.3728 0.1540 -0.9150
vn 0.3523 0.2400 -0.9046
vn 0.8800 0.2449 -0.4070
vn -0.0533 0.3141 -0.9479
vn 0.4273 0.7429 -0.5153
vn -0.1755 0.8167 -0.5498
vn 0.3160 0.1471 -0.9373
vn 0.4692 0.6852 -0.5572
vn 0.8415 0.1559 -0.5173
vn 0.2772 -0.2462 -0.9287
vn -0.1797 0.6171 -0.7661
vn -0.2940 0.0820 -0.9523
vn -0.1813 0.9101 -0.3727
vn -0.7600 0.3906 -0.5195
vn -0.1051 -0.4666 -0.8782
vn -0.7258 -0.2127 -0.6542
vn 0.1490 -0.9003 -0.4089
vn 0.7185 -0.4918 -0.4919
vn -0.5400 -0.7579 -0.3660
vn -0.9471 -0.2544 -0.1959
vn 0.1753 -0.9832 0.0513
vn 0.9639 0.2429 -0.1089
vn -0.5641 -0.8209 0.0894
vn 0.5731 0.8069 -0.1432
vn 0.8281 -0.4460 0.3396
vn 0.8044 0.2703 0.5290
vn -0.1794 0.9689 -0.1705
vn 0.5493 0.7653 0.3355
vn -0.8584 0.5028 -0.1021
vn 0.3766 -0.1382 0.9160
vn 0.3200 0.3631 0.8751
vn 0.1236 0.0162 0.9922
vn 0.1472 -0.7450 0.6506
vn 0.0512 0.4744 0.8788
vn -0.1051 0.9159 0.3873
vn -0.4474 -0.6996 0.5572
vn -0.2848 -0.2192 0.9332
vn -0.2214 0.2106 0.9522
vn -0.7306 0.4872 0.4784
vn -0.8331 -0.1851 0.5213
vn -0.9694 -0.2455 0.0044
vn 0.0463 0.9897 0.1354
vn 0.4304 0.7383 0.5193
vn 0.2076 0.9566 0.2047
vn 0.4752 0.7988 0.3688
vn 0.1009 0.9944 0.0306
vn 0.5312 0.8393 0.1158
vn 0.7598 0.5440 0.3562
vn 0.6031 0.4665 0.6471
vn 0.5670 0.2527 0.7840
vn 0.6982 0.2527 0.6698
vn 0.7559 0.3866 0.5283
vn 0.7414 0.0006 0.6711
vn 0.8749 0.4510 -0.1764
vn 0.8360 0.2635 0.4813
vn 0.8804 0.0025 0.4742
vn 0.9706 0.0045 0.2408
vn 0.8322 -0.2594 0.4901
vn 0.9278 0.3113 0.2057
vn 0.9117 0.3600 0.1978
vn 0.9113 0.2625 -0.3172
vn 0.8747 0.3796 -0.3014
vn 0.7772 0.3152 -0.5447
vn 0.9013 0.4227 -0.0943
vn 0.7794 0.1188 -0.6152
vn 0.8867 0.4364 -0.1529
vn 0.8134 -0.1001 -0.5731
vn 0.9994 0.0016 0.0357
vn 0.9522 0.1599 -0.2604
vn 0.9518 -0.2378 -0.1939
vn 0.4765 0.8588 -0.1882
vn 0.9715 0.2224 0.0816
vn 0.9356 -0.0737 0.3454
vn 0.4781 0.8338 -0.2760
vn 0.8759 0.4803 0.0464
vn 0.8639 0.1207 0.4889
vn -0.0611 0.9775 -0.2017
vn -0.0455 0.9409 -0.3357
vn 0.3521 0.8086 -0.4714
vn 0.8971 0.2682 0.3512
vn 0.8375 0.3835 0.3893
vn 0.7421 0.6396 -0.2008
vn 0.8586 0.4326 0.2752
vn 0.7940 0.5996 0.1002
vn 0.8581 0.5085 0.0718
vn 0.8646 0.4898 0.1118
vn 0.8359 0.5478 -0.0337
vn 0.8975 0.4403 0.0269
vn 0.8235 0.5401 -0.1735
vn 0.8135 0.5469 -0.1979
vn 0.9054 0.3641 0.2184
vn 0.9743 0.0015 -0.2252
vn 0.8682 0.4814 -0.1207
vn 0.9959 0.0015 -0.0903
vn 0.8699 -0.4791 -0.1168
vn 0.8162 -0.5407 -0.2037
vn 0.8239 -0.5357 -0.1851
vn 0.8971 -0.4263 -0.1157
vn 0.8395 -0.5387 -0.0708
vn 0.8979 -0.4394 0.0279
vn 0.9060 -0.4116 -0.0991
vn 0.7882 -0.5184 -0.3318
vn 0.8622 -0.4967 0.0992
vn 0.7653 -0.6377 -0.0881
vn 0.9023 -0.3746 0.2135
vn 0.8650 -0.3873 0.3190
vn 0.8874 -0.3784 -0.2633
vn 0.7869 -0.3043 -0.5369
vn 0.7955 -0.0961 -0.5983
vn 0.8799 -0.4079 0.2438
vn 0.8830 -0.4480 -0.1402
vn 0.8272 0.0963 -0.5536
vn 0.9310 -0.2995 0.2087
vn 0.8883 -0.3862 0.2486
vn 0.7377 -0.4174 0.5307
vn 0.8688 -0.2485 -0.4283
vn 0.9498 0.2350 -0.2066
vn 0.7351 -0.5651 0.3746
vn 0.5495 -0.8299 0.0962
vn 0.9468 -0.1557 -0.2818
vn 0.5603 -0.8172 -0.1353
vn 0.9669 -0.2506 0.0484
vn 0.9436 0.0876 0.3192
vn 0.8816 -0.4664 0.0728
vn 0.8368 -0.1763 0.5183
vn 0.8457 -0.5330 0.0259
vn 0.3630 -0.7870 -0.4988
vn 0.8508 -0.5028 -0.1529
vn 0.6550 -0.6794 -0.3307
vn 0.6894 -0.6493 -0.3211
vn 0.6071 -0.6667 -0.4323
vn 0.3609 -0.7653 -0.5329
vn 0.8016 -0.4088 -0.4362
vn 0.9575 -0.2407 -0.1587
vn 0.9706 -0.1401 0.1959
vn 0.8282 -0.0014 -0.5605
vn 0.9812 0.0055 -0.1929
vn 0.9794 -0.0024 0.2018
vn 0.9689 0.1403 0.2038
vn 0.9566 0.2418 -0.1627
vn 0.7949 0.4227 -0.4353
vn 0.8449 0.5147 -0.1461
vn 0.5008 0.6554 -0.5654
vn 0.7106 0.6385 -0.2955
vn 0.5417 0.6972 -0.4695
vn 0.2281 0.6358 -0.7374
vn 0.1773 0.6915 -0.7002
vn -0.1910 0.3376 -0.9217
vn -0.0338 0.6210 -0.7831
vn -0.0387 0.1247 -0.9914
vn 0.0180 0.6064 -0.7950
vn 0.0092 0.8651 -0.5016
vn 0.0552 0.4786 -0.8763
vn 0.0210 0.6917 -0.7219
vn -0.1724 -0.0151 -0.9849
vn -0.2154 0.0532 -0.9751
vn -0.1460 0.2994 -0.9429
vn -0.2643 0.4997 -0.8249
vn 0.0356 0.0162 -0.9992
vn -0.0044 -0.0004 -1.0000
vn -0.1587 0.0250 -0.9870
vn -0.4207 0.2634 -0.8681
vn -0.4557 0.3932 -0.7985
vn -0.4938 0.2155 -0.8425
vn -0.3485 0.0670 -0.9349
vn -0.4217 0.1052 -0.9006
vn -0.3622 0.0084 -0.9321
vn -0.3788 -0.0512 -0.9241
vn -0.1042 -0.0004 -0.9946
vn -0.3337 -0.0668 -0.9403
vn -0.4522 -0.1505 -0.8792
vn -0.3464 -0.1098 -0.9316
vn -0.1002 -0.0317 -0.9945
vn -0.0914 -0.0913 -0.9916
vn 0.0551 -0.1801 -0.9821
vn 0.0669 -0.1783 -0.9817
vn 0.0679 -0.3827 -0.9214
vn -0.0484 -0.1928 -0.9800
vn -0.0416 -0.0942 -0.9947
vn -0.1627 -0.3081 -0.9373
vn -0.0286 -0.5154 -0.8565
vn -0.0049 -0.3317 -0.9434
vn 0.1375 -0.2429 -0.9602
vn 0.0190 -0.0718 -0.9972
vn 0.1696 -0.1062 -0.9798
vn 0.1040 0.0094 -0.9945
vn -0.0045 0.0758 -0.9971
vn 0.1108 0.0709 -0.9913
vn 0.0794 0.1854 -0.9794
vn 0.3268 0.2126 -0.9209
vn 0.4179 0.7680 -0.4854
vn 0.8355 0.2311 -0.4986
vn 0.7282 -0.4762 -0.4929
vn 0.9406 0.3211 -0.1100
vn -0.1783 0.4254 -0.8873
vn 0.5045 0.8348 0.2203
vn 0.1518 -0.2026 -0.9674
vn -0.1862 0.8280 -0.5290
vn 0.1753 -0.9125 -0.3696
vn -0.1100 -0.5613 -0.8203
vn -0.5204 -0.0640 -0.8515
vn -0.7840 0.4050 -0.4704
vn -0.2018 0.9660 -0.1617
vn -0.4958 -0.8054 -0.3248
vn -0.8553 -0.3579 -0.3746
vn -0.9449 -0.3266 -0.0210
vn -0.8674 0.4892 -0.0914
vn -0.1599 0.9164 0.3670
vn -0.7380 0.4792 0.4751
vn -0.8307 -0.2475 0.4986
vn -0.4373 -0.8035 0.4040
vn 0.1909 -0.9811 0.0318
vn -0.2419 0.2498 0.9376
vn 0.1822 0.5467 0.8173
vn -0.2948 -0.2809 0.9134
vn 0.1464 0.0328 0.9887
vn 0.7780 0.3376 0.5299
vn 0.1595 -0.7411 0.6522
vn 0.4138 -0.1314 0.9008
vn 0.8385 -0.4468 0.3120
vn 0.9326 -0.3107 0.1835
vn 0.7954 0.4537 0.4019
vn 0.5545 -0.2525 0.7930
vn 0.1792 0.5162 0.8375
vn 0.1500 0.9407 0.3044
vn -0.2252 0.3102 0.9236
vn 0.8533 0.4197 -0.3092
vn -0.4656 0.8310 0.3044
vn 0.1665 0.9207 -0.3531
vn 0.3151 0.3964 -0.8623
vn -0.4345 0.8216 -0.3690
vn 0.9006 -0.3023 -0.3124
vn 0.4693 -0.8551 -0.2203
vn 0.5045 -0.3678 -0.7811
vn 0.4401 -0.7859 0.4343
vn -0.0841 -0.8338 -0.5456
vn 0.0854 -0.0903 -0.9922
vn -0.3786 0.3190 -0.8689
vn -0.3316 -0.2641 -0.9057
vn -0.2077 -0.9697 0.1285
vn -0.8280 -0.4801 -0.2897
vn -0.8876 0.2732 -0.3708
vn -0.9321 0.3408 0.1227
vn -0.1677 -0.8850 0.4344
vn -0.8183 -0.4059 0.4070
vn -0.7521 0.2721 0.6003
vn -0.2720 -0.4262 0.8628
vn 0.7579 -0.3933 -0.5205
vn 0.1765 -0.6547 -0.7350
vn 0.1470 -0.1450 -0.9785
vn -0.4930 -0.2046 -0.8456
vn 0.2946 0.2400 -0.9250
vn -0.3630 0.3874 -0.8474
vn 0.8418 0.2155 -0.4949
vn -0.8463 0.4185 -0.3296
vn 0.3367 0.8098 -0.4804
vn 0.9670 0.2332 -0.1031
vn -0.3473 0.8631 -0.3668
vn 0.4616 0.8232 0.3307
vn 0.8675 -0.4373 0.2370
vn 0.8447 0.1364 0.5175
vn -0.2849 0.8732 0.3953
vn 0.2350 0.2889 0.9281
vn 0.4069 -0.3639 0.8379
vn 0.3433 -0.8922 -0.2936
vn 0.3512 -0.8875 0.2985
vn -0.0523 -0.3394 0.9392
vn -0.2399 0.3748 0.8955
vn -0.3912 -0.8637 0.3179
vn -0.7038 -0.1684 0.6901
vn -0.8064 0.4118 0.4244
vn -0.9700 -0.2428 -0.0132
vn -0.9108 -0.1674 -0.3775
vn -0.4354 -0.7596 -0.4832
vn -0.3396 0.2409 0.9092
vn -0.6881 0.2389 0.6851
vn -0.5368 0.6628 0.5221
vn -0.4872 0.7530 0.4422
vn -0.4130 0.1071 0.9044
vn -0.7270 0.1802 0.6626
vn 0.0229 -0.0092 0.9997
vn -0.2788 0.2640 0.9233
vn -0.4538 0.1930 0.8699
vn 0.0180 -0.0229 0.9996
vn 0.4791 -0.4097 0.7763
vn -0.5476 0.0699 0.8338
vn -0.3797 0.3768 0.8449
vn -0.1157 0.5066 0.8544
vn 0.3366 0.6496 0.6817
vn 0.4872 0.6946 0.5293
vn 0.6307 0.7109 0.3112
vn 0.6374 0.7108 0.2975
vn 0.4448 0.8239 0.3511
vn 0.5418 0.7413 0.3962
vn -0.0797 -0.3815 0.9209
vn -0.1802 -0.5853 0.7905
vn 0.2739 -0.7339 0.6216
vn 0.2076 -0.4998 0.8409
vn 0.4549 -0.6748 0.5811
vn 0.7304 -0.4001 0.5535
vn 0.6531 -0.2329 0.7206
vn 0.4565 -0.1586 0.8755
vn 0.6442 -0.2241 0.7313
vn 0.1480 0.8771 0.4569
vn 0.1900 0.7958 0.5750
vn -0.1119 0.7964 0.5943
vn -0.1569 0.8898 0.4285
vn -0.3866 0.7384 0.5526
vn -0.0552 0.9693 0.2397
vn -0.0601 0.9601 0.2731
vn -0.2487 0.9524 0.1764
vn -0.2809 0.9303 0.2359
vn -0.4404 0.8002 0.4071
vn -0.7413 0.5488 0.3865
vn -0.7848 0.5915 0.1851
vn -0.8884 0.4558 -0.0542
vn -0.6455 0.7638 -0.0044
vn -0.8755 0.4454 -0.1872
vn -0.5830 0.8078 -0.0875
vn -0.5818 0.8035 -0.1265
vn -0.6132 0.7802 0.1237
vn -0.8651 0.3522 -0.3571
vn -0.8415 0.0211 -0.5398
vn -0.6503 0.7168 -0.2516
vn -0.5776 0.8071 -0.1225
vn -0.4800 0.8766 0.0347
vn -0.5263 0.8253 -0.2047
vn -0.5329 0.8416 -0.0884
vn -0.5108 0.8597 0.0015
vn -0.7090 0.6992 -0.0923
vn 0.7124 0.4898 -0.5025
vn 0.1254 0.8101 -0.5727
vn 0.1709 0.9796 -0.1059
vn -0.5563 0.7362 -0.3854
vn -0.1168 0.4549 -0.8828
vn -0.5772 0.8118 0.0884
vn -0.5231 0.0416 -0.8512
vn -0.1019 0.0418 -0.9939
vn -0.8707 0.2750 -0.4077
vn 0.3512 0.0406 -0.9354
vn -0.0514 -0.3669 -0.9289
vn -0.7537 -0.3942 -0.5259
vn -0.9687 0.2477 0.0152
vn -0.2174 -0.7203 -0.6588
vn 0.4880 -0.6609 -0.5702
vn 0.8269 -0.1909 -0.5290
vn 0.9641 -0.2467 -0.0981
vn -0.1708 -0.9263 -0.3357
vn -0.8572 -0.5035 -0.1080
vn 0.5661 -0.8123 -0.1402
vn -0.1537 -0.9401 0.3043
vn -0.7223 0.1949 0.6636
vn 0.5621 -0.7344 0.3803
vn -0.7311 -0.4829 0.4820
vn -0.2076 -0.2123 0.9549
vn 0.1461 -0.4812 0.8644
vn 0.0961 -0.0347 0.9948
vn 0.7926 -0.2817 0.5408
vn 0.0356 0.3916 0.9194
vn -0.4783 0.6640 0.5748
vn 0.1958 0.8662 0.4597
vn 0.4060 0.1403 0.9031
vn 0.8166 0.4580 0.3514
vn 0.3991 0.0035 -0.9169
vn 0.7498 0.4197 -0.5115
vn 0.8232 -0.2545 -0.5076
vn 0.3531 -0.7897 -0.5016
vn 0.9646 -0.2378 -0.1138
vn -0.0679 0.4244 -0.9029
vn 0.8744 0.4287 0.2273
vn 0.0210 -0.2457 -0.9691
vn 0.3074 0.7973 -0.5195
vn 0.3435 0.9213 -0.1823
vn -0.4530 0.7560 -0.4725
vn -0.5554 0.1129 -0.8239
vn -0.3760 -0.3885 -0.8413
vn -0.8938 0.1863 -0.4080
vn -0.3444 -0.8591 -0.3786
vn -0.8506 -0.4186 -0.3181
vn -0.3698 -0.9285 0.0347
vn 0.4625 -0.8230 0.3297
vn -0.9699 0.2409 -0.0357
vn -0.3963 0.8438 0.3619
vn -0.7990 -0.4372 0.4129
vn -0.8247 0.2291 0.5171
vn 0.3678 0.8467 0.3845
vn -0.0738 0.3426 0.9366
vn -0.3846 -0.0610 0.9211
vn -0.2724 -0.7215 0.6366
vn 0.2387 -0.2613 0.9353
vn 0.4255 0.3582 0.8311
vn 0.8471 -0.1418 0.5122
vn -0.1559 -0.9542 0.2555
vn 0.0130 -0.9522 0.3051
vn -0.2789 -0.9361 0.2144
vt 0.000000 0.000000
s 1
f 385/2/173 386/2/174 387/2/175
f 388/2/176 385/2/173 387/2/175
f 385/2/173 388/2/176 389/2/177
f 390/2/178 388/2/176 387/2/175
f 389/2/177 391/2/179 385/2/173
f 386/2/174 385/2/173 391/2/179
f 392/2/180 389/2/177 388/2/176
f 390/2/178 392/2/180 388/2/176
f 391/2/179 389/2/177 393/2/181
f 394/2/182 390/2/178 387/2/175
f 389/2/177 392/2/180 395/2/183
f 395/2/183 393/2/181 389/2/177
f 392/2/180 390/2/178 396/2/184
f 393/2/181 397/2/185 391/2/179
f 398/2/186 395/2/183 392/2/180
f 393/2/181 395/2/183 399/2/187
f 398/2/186 399/2/187 395/2/183
f 399/2/187 400/2/188 393/2/181
f 400/2/188 397/2/185 393/2/181
f 399/2/187 398/2/186 401/2/189
f 402/2/190 400/2/188 399/2/187
f 402/2/190 399/2/187 401/2/189
f 403/2/191 400/2/188 402/2/190
f 401/2/189 404/2/192 402/2/190
f 398/2/186 404/2/192 401/2/189
f 405/2/193 402/2/190 404/2/192
f 402/2/190 405/2/193 403/2/191
f 404/2/192 398/2/186 406/2/194
f 405/2/193 404/2/192 407/2/195
f 406/2/194 407/2/195 404/2/192
f 408/2/196 405/2/193 407/2/195
f 406/2/194 398/2/186 409/2/197
f 410/2/198 407/2/195 406/2/194
f 409/2/197 410/2/198 406/2/194
f 410/2/198 411/2/199 407/2/195
f 407/2/195 411/2/199 408/2/196
f 412/2/200 410/2/198 409/2/197
f 409/2/197 398/2/186 413/2/201
f 392/2/180 413/2/201 398/2/186
f 409/2/197 413/2/201 414/2/202
f 414/2/202 412/2/200 409/2/197
f 392/2/180 396/2/184 413/2/201
f 415/2/203 411/2/199 410/2/198
f 412/2/200 415/2/203 410/2/198
f 416/2/204 411/2/199 415/2/203
f 415/2/203 412/2/200 417/2/205
f 416/2/204 415/2/203 417/2/205
f 418/2/206 417/2/205 412/2/200
f 412/2/200 414/2/202 418/2/206
f 417/2/205 418/2/206 419/2/207
f 420/2/208 417/2/205 419/2/207
f 416/2/204 417/2/205 420/2/208
f 419/2/207 418/2/206 421/2/209
f 421/2/209 420/2/208 419/2/207
f 414/2/202 422/2/210 418/2/206
f 421/2/209 418/2/206 422/2/210
f 423/2/211 424/2/212 425/2/213
f 424/2/212 426/2/214 425/2/213
f 423/2/211 427/2/215 403/2/191
f 400/2/188 403/2/191 427/2/215
f 427/2/215 397/2/185 400/2/188
f 423/2/211 428/2/216 427/2/215
f 397/2/185 427/2/215 428/2/216
f 423/2/211 425/2/213 428/2/216
f 429/2/217 425/2/213 426/2/214
f 425/2/213 430/2/218 428/2/216
f 425/2/213 429/2/217 430/2/218
f 431/2/219 397/2/185 428/2/216
f 431/2/219 428/2/216 430/2/218
f 431/2/219 432/2/220 397/2/185
f 391/2/179 397/2/185 432/2/220
f 432/2/220 386/2/174 391/2/179
f 431/2/219 430/2/218 433/2/221
f 433/2/221 430/2/218 429/2/217
f 432/2/220 431/2/219 434/2/222
f 433/2/221 434/2/222 431/2/219
f 435/2/223 386/2/174 432/2/220
f 434/2/222 435/2/223 432/2/220
f 436/2/224 386/2/174 435/2/223
f 434/2/222 437/2/225 435/2/223
f 436/2/224 435/2/223 437/2/225
f 438/2/226 434/2/222 433/2/221
f 437/2/225 434/2/222 438/2/226
f 433/2/221 439/2/227 438/2/226
f 433/2/221 429/2/217 439/2/227
f 437/2/225 438/2/226 440/2/228
f 439/2/227 441/2/229 438/2/226
f 438/2/226 441/2/229 440/2/228
f 439/2/227 429/2/217 442/2/230
f 441/2/229 439/2/227 442/2/230
f 420/2/208 421/2/209 443/2/231
f 416/2/204 444/2/232 411/2/199
f 408/2/196 411/2/199 444/2/232
f 445/2/233 416/2/204 420/2/208
f 446/2/234 444/2/232 416/2/204
f 445/2/233 446/2/234 416/2/204
f 445/2/233 420/2/208 447/2/235
f 447/2/235 420/2/208 443/2/231
f 445/2/233 448/2/236 446/2/234
f 447/2/235 449/2/237 445/2/233
f 448/2/236 445/2/233 449/2/237
f 446/2/234 450/2/238 444/2/232
f 448/2/236 450/2/238 446/2/234
f 451/2/239 444/2/232 450/2/238
f 444/2/232 451/2/239 408/2/196
f 450/2/238 448/2/236 452/2/240
f 453/2/241 448/2/236 449/2/237
f 452/2/240 448/2/236 453/2/241
f 450/2/238 452/2/240 454/2/242
f 450/2/238 454/2/242 451/2/239
f 455/2/243 452/2/240 453/2/241
f 456/2/244 454/2/242 452/2/240
f 452/2/240 455/2/243 456/2/244
f 457/2/245 451/2/239 454/2/242
f 458/2/246 454/2/242 456/2/244
f 458/2/246 457/2/245 454/2/242
f 459/2/247 451/2/239 457/2/245
f 451/2/239 459/2/247 408/2/196
f 460/2/248 457/2/245 458/2/246
f 457/2/245 461/2/249 459/2/247
f 460/2/248 461/2/249 457/2/245
f 462/2/250 408/2/196 459/2/247
f 461/2/249 462/2/250 459/2/247
f 405/2/193 408/2/196 462/2/250
f 403/2/191 405/2/193 462/2/250
f 461/2/249 403/2/191 462/2/250
f 463/2/251 460/2/248 458/2/246
f 403/2/191 461/2/249 423/2/211
f 464/2/252 463/2/251 458/2/246
f 464/2/252 458/2/246 456/2/244
f 465/2/253 460/2/248 463/2/251
f 460/2/248 424/2/212 461/2/249
f 460/2/248 465/2/253 424/2/212
f 461/2/249 424/2/212 423/2/211
f 466/2/254 465/2/253 463/2/251
f 463/2/251 464/2/252 466/2/254
f 426/2/214 424/2/212 465/2/253
f 466/2/254 426/2/214 465/2/253
f 467/2/255 468/2/256 469/2/257
f 467/2/255 455/2/243 468/2/256
f 469/2/257 470/2/258 467/2/255
f 471/2/259 455/2/243 467/2/255
f 470/2/258 471/2/259 467/2/255
f 471/2/259 456/2/244 455/2/243
f 456/2/244 471/2/259 464/2/252
f 470/2/258 472/2/260 471/2/259
f 471/2/259 472/2/260 464/2/252
f 472/2/260 470/2/258 442/2/230
f 466/2/254 464/2/252 472/2/260
f 442/2/230 473/2/261 472/2/260
f 466/2/254 472/2/260 473/2/261
f 442/2/230 429/2/217 473/2/261
f 473/2/261 426/2/214 466/2/254
f 429/2/217 426/2/214 473/2/261
f 474/2/262 475/2/263 476/2/264
f 477/2/265 475/2/263 474/2/262
f 478/2/266 477/2/265 474/2/262
f 476/2/264 475/2/263 479/2/267
f 476/2/264 479/2/267 480/2/268
f 481/2/269 479/2/267 475/2/263
f 482/2/270 481/2/269 475/2/263
f 475/2/263 477/2/265 482/2/270
f 479/2/267 481/2/269 483/2/271
f 477/2/265 484/2/272 482/2/270
f 479/2/267 483/2/271 485/2/273
f 480/2/268 479/2/267 485/2/273
f 485/2/273 483/2/271 486/2/274
f 487/2/275 480/2/268 485/2/273
f 480/2/268 487/2/275 488/2/276
f 487/2/275 485/2/273 489/2/277
f 485/2/273 486/2/274 490/2/278
f 489/2/277 485/2/273 490/2/278
f 490/2/278 486/2/274 491/2/279
f 490/2/278 492/2/280 489/2/277
f 490/2/278 491/2/279 493/2/281
f 491/2/279 494/2/282 493/2/281
f 492/2/280 490/2/278 495/2/283
f 496/2/284 490/2/278 493/2/281
f 496/2/284 495/2/283 490/2/278
f 495/2/283 497/2/285 492/2/280
f 493/2/281 498/2/286 496/2/284
f 496/2/284 498/2/286 495/2/283
f 499/2/287 493/2/281 494/2/282
f 493/2/281 499/2/287 498/2/286
f 499/2/287 494/2/282 500/2/288
f 500/2/288 501/2/289 499/2/287
f 495/2/283 502/2/290 497/2/285
f 502/2/290 495/2/283 498/2/286
f 497/2/285 502/2/290 503/2/291
f 504/2/292 499/2/287 501/2/289
f 499/2/287 504/2/292 498/2/286
f 498/2/286 504/2/292 502/2/290
f 505/2/293 504/2/292 501/2/289
f 504/2/292 505/2/293 506/2/294
f 506/2/294 502/2/290 504/2/292
f 506/2/294 505/2/293 507/2/295
f 503/2/291 502/2/290 508/2/296
f 502/2/290 506/2/294 508/2/296
f 508/2/296 506/2/294 507/2/295
f 503/2/291 508/2/296 509/2/297
f 508/2/296 507/2/295 510/2/298
f 508/2/296 510/2/298 509/2/297
f 511/2/299 478/2/266 512/2/300
f 511/2/299 477/2/265 478/2/266
f 477/2/265 511/2/299 513/2/301
f 477/2/265 513/2/301 484/2/272
f 484/2/272 513/2/301 514/2/302
f 513/2/301 511/2/299 515/2/303
f 515/2/303 514/2/302 513/2/301
f 511/2/299 516/2/304 515/2/303
f 515/2/303 517/2/305 514/2/302
f 518/2/306 514/2/302 517/2/305
f 517/2/305 515/2/303 519/2/307
f 517/2/305 520/2/308 518/2/306
f 519/2/307 521/2/309 517/2/305
f 521/2/309 522/2/310 517/2/305
f 520/2/308 517/2/305 522/2/310
f 521/2/309 523/2/311 522/2/310
f 524/2/312 520/2/308 522/2/310
f 523/2/311 524/2/312 522/2/310
f 520/2/308 524/2/312 525/2/313
f 523/2/311 526/2/314 524/2/312
f 523/2/311 527/2/315 526/2/314
f 526/2/314 527/2/315 528/2/316
f 526/2/314 529/2/317 524/2/312
f 524/2/312 529/2/317 525/2/313
f 528/2/316 530/2/318 526/2/314
f 529/2/317 526/2/314 530/2/318
f 530/2/318 528/2/316 531/2/319
f 530/2/318 531/2/319 532/2/320
f 533/2/321 530/2/318 532/2/320
f 530/2/318 533/2/321 529/2/317
f 533/2/321 532/2/320 534/2/322
f 535/2/323 525/2/313 529/2/317
f 533/2/321 535/2/323 529/2/317
f 525/2/313 535/2/323 536/2/324
f 537/2/325 533/2/321 534/2/322
f 537/2/325 535/2/323 533/2/321
f 534/2/322 538/2/326 537/2/325
f 535/2/323 539/2/327 536/2/324
f 536/2/324 539/2/327 540/2/328
f 535/2/323 541/2/329 539/2/327
f 535/2/323 537/2/325 542/2/330
f 542/2/330 541/2/329 535/2/323
f 537/2/325 538/2/326 543/2/331
f 543/2/331 542/2/330 537/2/325
f 538/2/326 544/2/332 543/2/331
f 538/2/326 545/2/333 544/2/332
f 543/2/331 546/2/334 542/2/330
f 542/2/330 546/2/334 541/2/329
f 541/2/329 546/2/334 539/2/327
f 545/2/333 547/2/335 544/2/332
f 544/2/332 547/2/335 543/2/331
f 546/2/334 543/2/331 547/2/335
f 547/2/335 545/2/333 548/2/336
f 549/2/337 547/2/335 548/2/336
f 550/2/338 547/2/335 549/2/337
f 551/2/339 550/2/338 549/2/337
f 547/2/335 550/2/338 552/2/340
f 551/2/339 552/2/340 550/2/338
f 547/2/335 552/2/340 546/2/334
f 552/2/340 551/2/339 553/2/341
f 552/2/340 554/2/342 546/2/334
f 553/2/341 554/2/342 552/2/340
f 546/2/334 554/2/342 539/2/327
f 554/2/342 553/2/341 555/2/343
f 539/2/327 554/2/342 540/2/328
f 540/2/328 554/2/342 555/2/343
f 556/2/344 557/2/345 558/2/346
f 558/2/346 557/2/345 559/2/347
f 560/2/348 556/2/344 558/2/346
f 561/2/349 560/2/348 558/2/346
f 559/2/347 561/2/349 558/2/346
f 556/2/344 560/2/348 562/2/350
f 560/2/348 561/2/349 563/2/351
f 563/2/351 562/2/350 560/2/348
f 564/2/352 556/2/344 562/2/350
f 563/2/351 561/2/349 565/2/353
f 566/2/354 557/2/345 556/2/344
f 564/2/352 566/2/354 556/2/344
f 567/2/355 559/2/347 557/2/345
f 566/2/354 567/2/355 557/2/345
f 561/2/349 559/2/347 568/2/356
f 568/2/356 565/2/353 561/2/349
f 567/2/355 569/2/357 559/2/347
f 559/2/347 569/2/357 568/2/356
f 567/2/355 566/2/354 570/2/358
f 570/2/358 569/2/357 567/2/355
f 570/2/358 566/2/354 571/2/359
f 566/2/354 564/2/352 571/2/359
f 570/2/358 572/2/360 569/2/357
f 568/2/356 569/2/357 572/2/360
f 573/2/361 570/2/358 571/2/359
f 573/2/361 572/2/360 570/2/358
f 571/2/359 564/2/352 574/2/362
f 573/2/361 571/2/359 574/2/362
f 575/2/363 568/2/356 572/2/360
f 575/2/363 565/2/353 568/2/356
f 573/2/361 576/2/364 572/2/360
f 575/2/363 572/2/360 576/2/364
f 574/2/362 577/2/365 573/2/361
f 576/2/364 573/2/361 577/2/365
f 564/2/352 578/2/366 574/2/362
f 574/2/362 578/2/366 577/2/365
f 578/2/366 564/2/352 579/2/367
f 562/2/350 579/2/367 564/2/352
f 580/2/368 577/2/365 578/2/366
f 578/2/366 579/2/367 580/2/368
f 579/2/367 562/2/350 581/2/369
f 580/2/368 579/2/367 581/2/369
f 563/2/351 581/2/369 562/2/350
f 582/2/370 577/2/365 580/2/368
f 582/2/370 580/2/368 581/2/369
f 563/2/351 583/2/371 581/2/369
f 582/2/370 581/2/369 583/2/371
f 583/2/371 563/2/351 565/2/353
f 565/2/353 575/2/363 583/2/371
f 582/2/370 583/2/371 584/2/372
f 577/2/365 582/2/370 584/2/372
f 575/2/363 584/2/372 583/2/371
f 577/2/365 584/2/372 576/2/364
f 576/2/364 584/2/372 575/2/363
f 585/2/373 586/2/374 587/2/375
f 586/2/374 588/2/376 587/2/375
f 587/2/375 589/2/377 585/2/373
f 587/2/375 590/2/378 589/2/377
f 588/2/376 590/2/378 587/2/375
f 589/2/377 590/2/378 591/2/379
f 588/2/376 592/2/380 590/2/378
f 591/2/379 593/2/381 589/2/377
f 589/2/377 593/2/381 585/2/373
f 594/2/382 591/2/379 590/2/378
f 592/2/380 594/2/382 590/2/378
f 595/2/383 593/2/381 591/2/379
f 595/2/383 591/2/379 594/2/382
f 585/2/373 593/2/381 596/2/384
f 596/2/384 593/2/381 595/2/383
f 595/2/383 594/2/382 597/2/385
f 597/2/385 594/2/382 592/2/380
f 596/2/384 595/2/383 598/2/386
f 597/2/385 598/2/386 595/2/383
f 599/2/387 585/2/373 596/2/384
f 598/2/386 600/2/388 596/2/384
f 599/2/387 596/2/384 600/2/388
f 599/2/387 601/2/389 585/2/373
f 585/2/373 601/2/389 586/2/374
f 600/2/388 602/2/390 599/2/387
f 598/2/386 603/2/391 600/2/388
f 603/2/391 602/2/390 600/2/388
f 598/2/386 597/2/385 604/2/392
f 604/2/392 603/2/391 598/2/386
f 604/2/392 597/2/385 605/2/393
f 597/2/385 592/2/380 605/2/393
f 604/2/392 606/2/394 603/2/391
f 606/2/394 604/2/392 605/2/393
f 603/2/391 607/2/395 602/2/390
f 606/2/394 607/2/395 603/2/391
f 602/2/390 608/2/396 599/2/387
f 608/2/396 602/2/390 607/2/395
f 599/2/387 608/2/396 601/2/389
f 607/2/395 606/2/394 609/2/397
f 609/2/397 608/2/396 607/2/395
f 608/2/396 609/2/397 610/2/398
f 610/2/398 609/2/397 606/2/394
f 608/2/396 610/2/398 601/2/389
f 605/2/393 611/2/399 606/2/394
f 611/2/399 610/2/398 606/2/394
f 592/2/380 611/2/399 605/2/393
f 601/2/389 610/2/398 612/2/400
f 612/2/400 610/2/398 611/2/399
f 601/2/389 612/2/400 586/2/374
f 611/2/399 592/2/380 613/2/401
f 611/2/399 613/2/401 612/2/400
f 592/2/380 588/2/376 613/2/401
f 612/2/400 588/2/376 586/2/374
f 612/2/400 613/2/401 588/2/376
f 455/2/243 614/2/402 615/2/403
f 614/2/402 616/2/404 615/2/403
f 455/2/243 615/2/403 468/2/256
f 455/2/243 453/2/241 614/2/402
f 617/2/405 616/2/404 614/2/402
f 614/2/402 453/2/241 617/2/405
f 618/2/406 616/2/404 617/2/405
f 453/2/241 449/2/237 617/2/405
f 619/2/407 617/2/405 449/2/237
f 617/2/405 619/2/407 618/2/406
f 449/2/237 447/2/235 619/2/407
f 620/2/408 618/2/406 619/2/407
f 619/2/407 447/2/235 621/2/409
f 619/2/407 621/2/409 620/2/408
f 447/2/235 443/2/231 621/2/409
f 618/2/406 620/2/408 622/2/410
f 621/2/409 443/2/231 623/2/411
f 620/2/408 621/2/409 624/2/412
f 621/2/409 623/2/411 624/2/412
f 623/2/411 443/2/231 625/2/413
f 624/2/412 623/2/411 625/2/413
f 620/2/408 626/2/414 622/2/410
f 626/2/414 627/2/415 622/2/410
f 627/2/415 626/2/414 628/2/416
f 629/2/417 626/2/414 620/2/408
f 626/2/414 629/2/417 628/2/416
f 624/2/412 629/2/417 620/2/408
f 629/2/417 630/2/418 628/2/416
f 631/2/419 630/2/418 629/2/417
f 624/2/412 631/2/419 629/2/417
f 624/2/412 632/2/420 631/2/419
f 631/2/419 632/2/420 633/2/421
f 624/2/412 625/2/413 632/2/420
f 634/2/422 633/2/421 632/2/420
f 632/2/420 635/2/423 634/2/422
f 625/2/413 635/2/423 632/2/420
f 635/2/423 636/2/424 634/2/422
f 625/2/413 637/2/425 635/2/423
f 636/2/424 635/2/423 637/2/425
f 637/2/425 625/2/413 638/2/426
f 443/2/231 638/2/426 625/2/413
f 638/2/426 443/2/231 421/2/209
f 639/2/427 636/2/424 637/2/425
f 638/2/426 639/2/427 637/2/425
f 636/2/424 639/2/427 640/2/428
f 421/2/209 422/2/210 638/2/426
f 638/2/426 422/2/210 639/2/427
f 640/2/428 639/2/427 641/2/429
f 639/2/427 422/2/210 641/2/429
f 642/2/430 640/2/428 641/2/429
f 643/2/431 642/2/430 641/2/429
f 641/2/429 422/2/210 644/2/432
f 422/2/210 414/2/202 644/2/432
f 641/2/429 645/2/433 643/2/431
f 644/2/432 645/2/433 641/2/429
f 414/2/202 646/2/434 644/2/432
f 644/2/432 646/2/434 645/2/433
f 414/2/202 413/2/201 646/2/434
f 396/2/184 646/2/434 413/2/201
f 647/2/435 645/2/433 646/2/434
f 396/2/184 647/2/435 646/2/434
f 648/2/436 643/2/431 645/2/433
f 647/2/435 648/2/436 645/2/433
f 643/2/431 648/2/436 649/2/437
f 648/2/436 650/2/438 649/2/437
f 651/2/439 650/2/438 648/2/436
f 651/2/439 648/2/436 647/2/435
f 651/2/439 652/2/440 650/2/438
f 653/2/441 647/2/435 396/2/184
f 653/2/441 651/2/439 647/2/435
f 390/2/178 653/2/441 396/2/184
f 652/2/440 651/2/439 654/2/442
f 394/2/182 653/2/441 390/2/178
f 655/2/443 652/2/440 654/2/442
f 655/2/443 656/2/444 652/2/440
f 657/2/445 654/2/442 651/2/439
f 657/2/445 651/2/439 653/2/441
f 394/2/182 657/2/445 653/2/441
f 655/2/443 654/2/442 657/2/445
f 658/2/446 656/2/444 655/2/443
f 659/2/447 657/2/445 394/2/182
f 659/2/447 655/2/443 657/2/445
f 660/2/448 658/2/446 655/2/443
f 660/2/448 655/2/443 659/2/447
f 661/2/449 658/2/446 660/2/448
f 661/2/449 662/2/450 658/2/446
f 661/2/449 663/2/451 662/2/450
f 664/2/452 663/2/451 661/2/449
f 664/2/452 661/2/449 665/2/453
f 665/2/453 661/2/449 660/2/448
f 665/2/453 660/2/448 659/2/447
f 665/2/453 659/2/447 666/2/454
f 436/2/224 665/2/453 666/2/454
f 666/2/454 659/2/447 667/2/455
f 436/2/224 666/2/454 667/2/455
f 667/2/455 659/2/447 394/2/182
f 386/2/174 436/2/224 667/2/455
f 667/2/455 394/2/182 387/2/175
f 386/2/174 667/2/455 387/2/175
f 668/2/456 669/2/457 670/2/458
f 670/2/458 671/2/459 668/2/456
f 672/2/460 669/2/457 668/2/456
f 672/2/460 668/2/456 671/2/459
f 673/2/461 669/2/457 672/2/460
f 672/2/460 674/2/462 673/2/461
f 675/2/463 669/2/457 673/2/461
f 675/2/463 673/2/461 674/2/462
f 669/2/457 676/2/464 670/2/458
f 669/2/457 675/2/463 677/2/465
f 676/2/464 669/2/457 677/2/465
f 676/2/464 678/2/466 670/2/458
f 671/2/459 670/2/458 678/2/466
f 671/2/459 679/2/467 672/2/460
f 674/2/462 672/2/460 679/2/467
f 679/2/467 671/2/459 680/2/468
f 674/2/462 679/2/467 681/2/469
f 671/2/459 682/2/470 680/2/468
f 682/2/470 671/2/459 678/2/466
f 679/2/467 680/2/468 683/2/471
f 683/2/471 680/2/468 682/2/470
f 683/2/471 681/2/469 679/2/467
f 678/2/466 684/2/472 682/2/470
f 682/2/470 684/2/472 683/2/471
f 684/2/472 678/2/466 685/2/473
f 678/2/466 676/2/464 685/2/473
f 686/2/474 674/2/462 681/2/469
f 683/2/471 686/2/474 681/2/469
f 687/2/475 674/2/462 686/2/474
f 674/2/462 687/2/475 675/2/463
f 686/2/474 683/2/471 688/2/476
f 684/2/472 688/2/476 683/2/471
f 687/2/475 686/2/474 689/2/477
f 686/2/474 688/2/476 689/2/477
f 690/2/478 675/2/463 687/2/475
f 677/2/465 675/2/463 690/2/478
f 687/2/475 689/2/477 691/2/479
f 691/2/479 690/2/478 687/2/475
f 692/2/480 689/2/477 688/2/476
f 689/2/477 692/2/480 691/2/479
f 688/2/476 684/2/472 693/2/481
f 688/2/476 693/2/481 692/2/480
f 684/2/472 685/2/473 693/2/481
f 694/2/482 692/2/480 693/2/481
f 694/2/482 691/2/479 692/2/480
f 693/2/481 685/2/473 694/2/482
f 695/2/483 690/2/478 691/2/479
f 695/2/483 691/2/479 694/2/482
f 677/2/465 690/2/478 695/2/483
f 694/2/482 685/2/473 696/2/484
f 696/2/484 695/2/483 694/2/482
f 696/2/484 677/2/465 695/2/483
f 685/2/473 676/2/464 696/2/484
f 696/2/484 676/2/464 677/2/465
f 697/2/485 698/2/486 699/2/487
f 700/2/488 697/2/485 699/2/487
f 700/2/488 701/2/489 697/2/485
f 699/2/487 702/2/490 700/2/488
f 703/2/491 697/2/485 701/2/489
f 697/2/485 703/2/491 698/2/486
f 704/2/492 701/2/489 700/2/488
f 700/2/488 702/2/490 704/2/492
f 702/2/490 699/2/487 705/2/493
f 698/2/486 705/2/493 699/2/487
f 706/2/494 704/2/492 702/2/490
f 705/2/493 698/2/486 707/2/495
f 702/2/490 708/2/496 706/2/494
f 705/2/493 708/2/496 702/2/490
f 709/2/497 704/2/492 706/2/494
f 708/2/496 705/2/493 710/2/498
f 705/2/493 707/2/495 710/2/498
f 708/2/496 711/2/499 706/2/494
f 711/2/499 709/2/497 706/2/494
f 708/2/496 710/2/498 712/2/500
f 711/2/499 708/2/496 712/2/500
f 713/2/501 712/2/500 710/2/498
f 710/2/498 707/2/495 713/2/501
f 714/2/502 711/2/499 712/2/500
f 712/2/500 713/2/501 714/2/502
f 715/2/503 713/2/501 707/2/495
f 715/2/503 714/2/502 713/2/501
f 711/2/499 714/2/502 716/2/504
f 707/2/495 717/2/505 715/2/503
f 716/2/504 718/2/506 711/2/499
f 709/2/497 711/2/499 718/2/506
f 714/2/502 719/2/507 716/2/504
f 719/2/507 718/2/506 716/2/504
f 714/2/502 715/2/503 720/2/508
f 719/2/507 714/2/502 720/2/508
f 717/2/505 720/2/508 715/2/503
f 718/2/506 719/2/507 721/2/509
f 721/2/509 709/2/497 718/2/506
f 722/2/510 719/2/507 720/2/508
f 722/2/510 721/2/509 719/2/507
f 717/2/505 722/2/510 720/2/508
f 709/2/497 721/2/509 723/2/511
f 722/2/510 723/2/511 721/2/509
f 717/2/505 724/2/512 722/2/510
f 722/2/510 724/2/512 723/2/511
f 707/2/495 725/2/513 717/2/505
f 717/2/505 725/2/513 724/2/512
f 698/2/486 725/2/513 707/2/495
f 723/2/511 726/2/514 709/2/497
f 704/2/492 709/2/497 726/2/514
f 726/2/514 701/2/489 704/2/492
f 726/2/514 723/2/511 727/2/515
f 727/2/515 723/2/511 724/2/512
f 726/2/514 728/2/516 701/2/489
f 728/2/516 726/2/514 727/2/515
f 703/2/491 701/2/489 728/2/516
f 724/2/512 729/2/517 727/2/515
f 729/2/517 728/2/516 727/2/515
f 725/2/513 729/2/517 724/2/512
f 728/2/516 730/2/518 703/2/491
f 728/2/516 729/2/517 730/2/518
f 725/2/513 731/2/519 729/2/517
f 731/2/519 730/2/518 729/2/517
f 698/2/486 731/2/519 725/2/513
f 731/2/519 703/2/491 730/2/518
f 703/2/491 731/2/519 698/2/486
f 732/2/520 733/2/521 734/2/522
f 735/2/523 734/2/522 733/2/521
f 736/2/524 734/2/522 735/2/523
f 733/2/521 737/2/525 735/2/523
f 734/2/522 736/2/524 738/2/526
f 738/2/526 732/2/520 734/2/522
f 736/2/524 739/2/527 738/2/526
f 737/2/525 733/2/521 740/2/528
f 740/2/528 741/2/529 737/2/525
f 741/2/529 740/2/528 742/2/530
f 733/2/521 743/2/531 740/2/528
f 743/2/531 733/2/521 732/2/520
f 742/2/530 740/2/528 744/2/532
f 742/2/530 744/2/532 745/2/533
f 746/2/534 740/2/528 743/2/531
f 740/2/528 746/2/534 744/2/532
f 732/2/520 747/2/535 743/2/531
f 743/2/531 747/2/535 746/2/534
f 745/2/533 744/2/532 748/2/536
f 745/2/533 748/2/536 749/2/537
f 750/2/538 744/2/532 746/2/534
f 744/2/532 750/2/538 748/2/536
f 746/2/534 747/2/535 750/2/538
f 749/2/537 748/2/536 751/2/539
f 750/2/538 751/2/539 748/2/536
f 749/2/537 751/2/539 752/2/540
f 750/2/538 747/2/535 753/2/541
f 753/2/541 751/2/539 750/2/538
f 751/2/539 753/2/541 754/2/542
f 752/2/540 751/2/539 754/2/542
f 755/2/543 752/2/540 754/2/542
f 754/2/542 753/2/541 755/2/543
f 752/2/540 755/2/543 756/2/544
f 755/2/543 757/2/545 756/2/544
f 755/2/543 758/2/546 757/2/545
f 758/2/546 755/2/543 739/2/527
f 753/2/541 747/2/535 759/2/547
f 755/2/543 753/2/541 759/2/547
f 759/2/547 747/2/535 760/2/548
f 760/2/548 747/2/535 732/2/520
f 732/2/520 738/2/526 760/2/548
f 761/2/549 759/2/547 760/2/548
f 761/2/549 755/2/543 759/2/547
f 761/2/549 760/2/548 738/2/526
f 739/2/527 755/2/543 761/2/549
f 739/2/527 761/2/549 738/2/526
f 762/2/550 763/2/551 764/2/552
f 765/2/553 763/2/551 762/2/550
f 764/2/552 766/2/554 762/2/550
f 765/2/553 762/2/550 766/2/554
f 766/2/554 764/2/552 767/2/555
f 768/2/556 765/2/553 766/2/554
f 766/2/554 767/2/555 768/2/556
f 767/2/555 769/2/557 768/2/556
f 765/2/553 768/2/556 770/2/558
f 771/2/559 768/2/556 769/2/557
f 770/2/558 768/2/556 771/2/559
f 769/2/557 772/2/560 771/2/559
f 772/2/560 769/2/557 767/2/555
f 771/2/559 773/2/561 770/2/558
f 767/2/555 774/2/562 772/2/560
f 774/2/562 767/2/555 764/2/552
f 775/2/563 771/2/559 772/2/560
f 773/2/561 771/2/559 775/2/563
f 772/2/560 774/2/562 776/2/564
f 775/2/563 772/2/560 776/2/564
f 774/2/562 764/2/552 777/2/565
f 777/2/565 764/2/552 763/2/551
f 776/2/564 774/2/562 778/2/566
f 777/2/565 778/2/566 774/2/562
f 775/2/563 776/2/564 779/2/567
f 779/2/567 776/2/564 778/2/566
f 773/2/561 775/2/563 780/2/568
f 780/2/568 775/2/563 779/2/567
f 778/2/566 777/2/565 781/2/569
f 781/2/569 779/2/567 778/2/566
f 779/2/567 782/2/570 780/2/568
f 781/2/569 782/2/570 779/2/567
f 783/2/571 773/2/561 780/2/568
f 782/2/570 783/2/571 780/2/568
f 782/2/570 781/2/569 784/2/572
f 784/2/572 783/2/571 782/2/570
f 781/2/569 777/2/565 785/2/573
f 785/2/573 784/2/572 781/2/569
f 777/2/565 763/2/551 785/2/573
f 785/2/573 786/2/574 784/2/572
f 784/2/572 786/2/574 783/2/571
f 763/2/551 786/2/574 785/2/573
f 786/2/574 763/2/551 787/2/575
f 763/2/551 765/2/553 787/2/575
f 788/2/576 783/2/571 786/2/574
f 788/2/576 786/2/574 787/2/575
f 765/2/553 788/2/576 787/2/575
f 783/2/571 788/2/576 773/2/561
f 788/2/576 765/2/553 770/2/558
f 770/2/558 773/2/561 788/2/576
f 789/2/577 790/2/578 791/2/579
f 790/2/578 792/2/580 791/2/579
f 789/2/577 793/2/581 790/2/578
f 794/2/582 793/2/581 789/2/577
f 792/2/580 790/2/578 795/2/583
f 796/2/584 793/2/581 794/2/582
f 795/2/583 797/2/585 792/2/580
f 792/2/580 797/2/585 798/2/586
f 795/2/583 790/2/578 799/2/587
f 799/2/587 797/2/585 795/2/583
f 793/2/581 800/2/588 790/2/578
f 799/2/587 790/2/578 800/2/588
f 801/2/589 793/2/581 796/2/584
f 800/2/588 793/2/581 801/2/589
f 800/2/588 802/2/590 799/2/587
f 801/2/589 802/2/590 800/2/588
f 799/2/587 803/2/591 797/2/585
f 799/2/587 802/2/590 803/2/591
f 798/2/586 797/2/585 804/2/592
f 797/2/585 803/2/591 804/2/592
f 805/2/593 798/2/586 804/2/592
f 804/2/592 806/2/594 805/2/593
f 804/2/592 803/2/591 806/2/594
f 807/2/595 805/2/593 806/2/594
f 806/2/594 808/2/596 807/2/595
f 808/2/596 806/2/594 803/2/591
f 808/2/596 809/2/597 807/2/595
f 810/2/598 808/2/596 803/2/591
f 803/2/591 802/2/590 810/2/598
f 811/2/599 809/2/597 808/2/596
f 810/2/598 811/2/599 808/2/596
f 811/2/599 812/2/600 809/2/597
f 810/2/598 802/2/590 813/2/601
f 811/2/599 810/2/598 813/2/601
f 814/2/602 812/2/600 811/2/599
f 811/2/599 813/2/601 814/2/602
f 812/2/600 814/2/602 815/2/603
f 813/2/601 802/2/590 816/2/604
f 816/2/604 814/2/602 813/2/601
f 817/2/605 815/2/603 814/2/602
f 814/2/602 816/2/604 817/2/605
f 815/2/603 817/2/605 818/2/606
f 816/2/604 802/2/590 819/2/607
f 819/2/607 817/2/605 816/2/604
f 819/2/607 802/2/590 801/2/589
f 819/2/607 801/2/589 796/2/584
f 820/2/608 817/2/605 819/2/607
f 818/2/606 817/2/605 820/2/608
f 796/2/584 820/2/608 819/2/607
f 820/2/608 821/2/609 818/2/606
f 794/2/582 820/2/608 796/2/584
f 820/2/608 794/2/582 821/2/609
f 822/2/610 823/2/611 824/2/612
f 825/2/613 824/2/612 823/2/611
f 824/2/612 826/2/614 822/2/610
f 824/2/612 825/2/613 827/2/615
f 828/2/616 827/2/615 825/2/613
f 828/2/616 825/2/613 829/2/617
f 824/2/612 827/2/615 830/2/618
f 828/2/616 830/2/618 827/2/615
f 831/2/619 826/2/614 824/2/612
f 832/2/620 828/2/616 829/2/617
f 829/2/617 833/2/621 832/2/620
f 828/2/616 834/2/622 830/2/618
f 834/2/622 828/2/616 832/2/620
f 835/2/623 832/2/620 833/2/621
f 832/2/620 835/2/623 834/2/622
f 833/2/621 836/2/624 835/2/623
f 834/2/622 835/2/623 836/2/624
f 836/2/624 833/2/621 837/2/625
f 837/2/625 838/2/626 836/2/624
f 838/2/626 839/2/627 836/2/624
f 840/2/628 839/2/627 838/2/626
f 836/2/624 841/2/629 834/2/622
f 839/2/627 841/2/629 836/2/624
f 834/2/622 841/2/629 842/2/630
f 830/2/618 834/2/622 842/2/630
f 841/2/629 839/2/627 843/2/631
f 841/2/629 843/2/631 842/2/630
f 840/2/628 844/2/632 839/2/627
f 839/2/627 844/2/632 843/2/631
f 845/2/633 844/2/632 840/2/628
f 846/2/634 843/2/631 844/2/632
f 843/2/631 846/2/634 842/2/630
f 845/2/633 847/2/635 844/2/632
f 844/2/632 847/2/635 846/2/634
f 848/2/636 847/2/635 845/2/633
f 849/2/637 830/2/618 842/2/630
f 830/2/618 849/2/637 824/2/612
f 849/2/637 831/2/619 824/2/612
f 850/2/638 849/2/637 842/2/630
f 831/2/619 849/2/637 850/2/638
f 846/2/634 851/2/639 842/2/630
f 851/2/639 846/2/634 847/2/635
f 851/2/639 850/2/638 842/2/630
f 848/2/636 852/2/640 847/2/635
f 847/2/635 852/2/640 851/2/639
f 853/2/641 852/2/640 848/2/636
f 854/2/642 852/2/640 853/2/641
f 831/2/619 850/2/638 855/2/643
f 850/2/638 851/2/639 855/2/643
f 851/2/639 852/2/640 855/2/643
f 852/2/640 854/2/642 855/2/643
f 855/2/643 826/2/614 831/2/619
f 826/2/614 855/2/643 854/2/642
f 856/2/644 857/2/645 858/2/646
f 859/2/647 858/2/646 857/2/645
f 860/2/648 857/2/645 856/2/644
f 861/2/649 859/2/647 857/2/645
f 857/2/645 860/2/648 861/2/649
f 862/2/650 859/2/647 861/2/649
f 859/2/647 862/2/650 863/2/651
f 858/2/646 859/2/647 864/2/652
f 859/2/647 863/2/651 864/2/652
f 862/2/650 865/2/653 863/2/651
f 861/2/649 866/2/654 862/2/650
f 865/2/653 862/2/650 866/2/654
f 861/2/649 867/2/655 866/2/654
f 867/2/655 861/2/649 860/2/648
f 866/2/654 867/2/655 868/2/656
f 866/2/654 868/2/656 865/2/653
f 860/2/648 869/2/657 867/2/655
f 868/2/656 867/2/655 869/2/657
f 869/2/657 860/2/648 870/2/658
f 856/2/644 870/2/658 860/2/648
f 871/2/659 868/2/656 869/2/657
f 871/2/659 869/2/657 870/2/658
f 868/2/656 872/2/660 865/2/653
f 868/2/656 871/2/659 872/2/660
f 865/2/653 872/2/660 873/2/661
f 873/2/661 872/2/660 871/2/659
f 874/2/662 870/2/658 856/2/644
f 871/2/659 870/2/658 874/2/662
f 874/2/662 856/2/644 875/2/663
f 875/2/663 856/2/644 858/2/646
f 876/2/664 871/2/659 874/2/662
f 876/2/664 874/2/662 875/2/663
f 873/2/661 871/2/659 877/2/665
f 871/2/659 876/2/664 877/2/665
f 878/2/666 873/2/661 877/2/665
f 875/2/663 858/2/646 879/2/667
f 858/2/646 864/2/652 879/2/667
f 876/2/664 875/2/663 880/2/668
f 880/2/668 875/2/663 879/2/667
f 877/2/665 876/2/664 881/2/669
f 880/2/668 881/2/669 876/2/664
f 881/2/669 878/2/666 877/2/665
f 880/2/668 879/2/667 882/2/670
f 881/2/669 880/2/668 882/2/670
f 882/2/670 879/2/667 883/2/671
f 881/2/669 882/2/670 883/2/671
f 879/2/667 864/2/652 883/2/671
f 883/2/671 864/2/652 884/2/672
f 883/2/671 884/2/672 881/2/669
f 863/2/651 884/2/672 864/2/652
f 881/2/669 885/2/673 878/2/666
f 885/2/673 881/2/669 884/2/672
f 885/2/673 884/2/672 863/2/651
f 885/2/673 873/2/661 878/2/666
f 865/2/653 885/2/673 863/2/651
f 885/2/673 865/2/653 873/2/661
f 886/2/674 887/2/675 888/2/676
f 889/2/677 886/2/674 888/2/676
f 887/2/675 890/2/678 888/2/676
f 890/2/678 889/2/677 888/2/676
f 886/2/674 891/2/679 887/2/675
f 887/2/675 892/2/680 890/2/678
f 889/2/677 893/2/681 886/2/674
f 893/2/681 891/2/679 886/2/674
f 891/2/679 894/2/682 887/2/675
f 895/2/683 893/2/681 889/2/677
f 893/2/681 895/2/683 896/2/684
f 897/2/685 891/2/679 893/2/681
f 893/2/681 896/2/684 897/2/685
f 898/2/686 894/2/682 891/2/679
f 898/2/686 891/2/679 897/2/685
f 899/2/687 887/2/675 894/2/682
f 899/2/687 894/2/682 898/2/686
f 887/2/675 899/2/687 892/2/680
f 900/2/688 896/2/684 895/2/683
f 900/2/688 897/2/685 896/2/684
f 898/2/686 897/2/685 901/2/689
f 897/2/685 900/2/688 901/2/689
f 901/2/689 902/2/690 898/2/686
f 900/2/688 902/2/690 901/2/689
f 898/2/686 903/2/691 899/2/687
f 902/2/690 903/2/691 898/2/686
f 904/2/692 899/2/687 903/2/691
f 892/2/680 899/2/687 904/2/692
f 903/2/691 902/2/690 905/2/693
f 902/2/690 900/2/688 906/2/694
f 902/2/690 906/2/694 905/2/693
f 895/2/683 907/2/695 900/2/688
f 906/2/694 900/2/688 907/2/695
f 889/2/677 907/2/695 895/2/683
f 905/2/693 908/2/696 903/2/691
f 904/2/692 903/2/691 908/2/696
f 909/2/697 905/2/693 906/2/694
f 909/2/697 908/2/696 905/2/693
f 906/2/694 907/2/695 910/2/698
f 906/2/694 910/2/698 909/2/697
f 907/2/695 889/2/677 911/2/699
f 907/2/695 911/2/699 910/2/698
f 889/2/677 890/2/678 911/2/699
f 908/2/696 912/2/700 904/2/692
f 892/2/680 904/2/692 912/2/700
f 913/2/701 908/2/696 909/2/697
f 909/2/697 910/2/698 913/2/701
f 912/2/700 908/2/696 913/2/701
f 910/2/698 911/2/699 914/2/702
f 910/2/698 914/2/702 913/2/701
f 914/2/702 911/2/699 915/2/703
f 913/2/701 914/2/702 915/2/703
f 911/2/699 890/2/678 915/2/703
f 913/2/701 915/2/703 912/2/700
f 915/2/703 890/2/678 892/2/680
f 915/2/703 892/2/680 912/2/700
f 916/2/704 917/2/705 918/2/706
f 919/2/707 917/2/705 916/2/704
f 918/2/706 920/2/708 916/2/704
f 919/2/707 916/2/704 920/2/708
f 917/2/705 919/2/707 921/2/709
f 919/2/707 922/2/710 921/2/709
f 923/2/711 917/2/705 921/2/709
f 922/2/710 923/2/711 921/2/709
f 917/2/705 923/2/711 924/2/712
f 924/2/712 918/2/706 917/2/705
f 919/2/707 920/2/708 925/2/713
f 925/2/713 922/2/710 919/2/707
f 926/2/714 922/2/710 925/2/713
f 925/2/713 920/2/708 927/2/715
f 928/2/716 926/2/714 925/2/713
f 925/2/713 927/2/715 928/2/716
f 926/2/714 929/2/717 922/2/710
f 928/2/716 929/2/717 926/2/714
f 928/2/716 927/2/715 930/2/718
f 927/2/715 920/2/708 931/2/719
f 931/2/719 930/2/718 927/2/715
f 920/2/708 918/2/706 931/2/719
f 930/2/718 932/2/720 928/2/716
f 932/2/720 930/2/718 931/2/719
f 933/2/721 931/2/719 918/2/706
f 931/2/719 933/2/721 932/2/720
f 933/2/721 918/2/706 934/2/722
f 918/2/706 924/2/712 934/2/722
f 935/2/723 932/2/720 933/2/721
f 935/2/723 933/2/721 934/2/722
f 932/2/720 936/2/724 928/2/716
f 929/2/717 928/2/716 936/2/724
f 935/2/723 937/2/725 932/2/720
f 936/2/724 932/2/720 937/2/725
f 934/2/722 938/2/726 935/2/723
f 938/2/726 934/2/722 924/2/712
f 939/2/727 937/2/725 935/2/723
f 938/2/726 939/2/727 935/2/723
f 937/2/725 940/2/728 936/2/724
f 940/2/728 929/2/717 936/2/724
f 939/2/727 940/2/728 937/2/725
f 924/2/712 941/2/729 938/2/726
f 941/2/729 939/2/727 938/2/726
f 924/2/712 923/2/711 941/2/729
f 939/2/727 942/2/730 940/2/728
f 940/2/728 942/2/730 929/2/717
f 941/2/729 942/2/730 939/2/727
f 943/2/731 929/2/717 942/2/730
f 941/2/729 943/2/731 942/2/730
f 941/2/729 923/2/711 943/2/731
f 943/2/731 922/2/710 929/2/717
f 922/2/710 943/2/731 923/2/711
f 944/2/732 945/2/733 946/2/734
f 946/2/734 945/2/733 947/2/734
f 944/2/732 948/2/734 945/2/733
f 949/2/734 948/2/734 944/2/732
f 950/2/734 949/2/734 944/2/732
f 944/2/732 951/2/733 950/2/734
f 951/2/733 944/2/732 946/2/734
f 946/2/734 952/2/734 951/2/733
f 953/2/735 954/2/736 955/2/737
f 955/2/737 954/2/736 956/2/738
f 954/2/736 957/2/739 956/2/738
f 955/2/737 956/2/738 958/2/740
f 953/2/735 959/2/741 954/2/736
f 957/2/739 954/2/736 959/2/741
f 955/2/737 960/2/537 953/2/735
f 960/2/537 955/2/737 958/2/740
f 961/2/742 958/2/740 956/2/738
f 956/2/738 957/2/739 961/2/742
f 961/2/742 962/2/743 958/2/740
f 963/2/744 958/2/740 962/2/743
f 963/2/744 960/2/537 958/2/740
f 962/2/743 961/2/742 964/2/745
f 960/2/537 963/2/744 965/2/746
f 966/2/747 963/2/744 962/2/743
f 963/2/744 966/2/747 965/2/746
f 962/2/743 964/2/745 966/2/747
f 961/2/742 967/2/748 964/2/745
f 957/2/739 967/2/748 961/2/742
f 964/2/745 968/2/749 966/2/747
f 968/2/749 964/2/745 967/2/748
f 969/2/750 965/2/746 966/2/747
f 969/2/750 960/2/537 965/2/746
f 970/2/751 966/2/747 968/2/749
f 969/2/750 966/2/747 970/2/751
f 968/2/749 967/2/748 971/2/752
f 971/2/752 967/2/748 957/2/739
f 960/2/537 969/2/750 972/2/753
f 973/2/754 968/2/749 971/2/752
f 968/2/749 973/2/754 970/2/751
f 972/2/753 953/2/735 960/2/537
f 957/2/739 974/2/755 971/2/752
f 974/2/755 957/2/739 959/2/741
f 971/2/752 975/2/756 973/2/754
f 975/2/756 971/2/752 974/2/755
f 975/2/756 976/2/757 973/2/754
f 976/2/757 970/2/751 973/2/754
f 959/2/741 953/2/735 977/2/758
f 972/2/753 977/2/758 953/2/735
f 978/2/759 974/2/755 959/2/741
f 977/2/758 978/2/759 959/2/741
f 979/2/760 975/2/756 974/2/755
f 978/2/759 979/2/760 974/2/755
f 980/2/761 978/2/759 977/2/758
f 980/2/761 979/2/760 978/2/759
f 972/2/753 980/2/761 977/2/758
f 981/2/762 975/2/756 979/2/760
f 981/2/762 979/2/760 980/2/761
f 980/2/761 972/2/753 981/2/762
f 975/2/756 981/2/762 976/2/757
f 981/2/762 972/2/753 982/2/763
f 976/2/757 981/2/762 982/2/763
f 970/2/751 976/2/757 982/2/763
f 982/2/763 972/2/753 969/2/750
f 969/2/750 970/2/751 982/2/763
f 983/2/764 984/2/765 985/2/766
f 984/2/765 986/2/767 985/2/766
f 985/2/766 987/2/768 983/2/764
f 985/2/766 988/2/769 987/2/768
f 986/2/767 988/2/769 985/2/766
f 987/2/768 988/2/769 989/2/770
f 986/2/767 990/2/771 988/2/769
f 989/2/770 991/2/772 987/2/768
f 987/2/768 991/2/772 983/2/764
f 992/2/773 989/2/770 988/2/769
f 990/2/771 992/2/773 988/2/769
f 993/2/774 991/2/772 989/2/770
f 992/2/773 993/2/774 989/2/770
f 994/2/775 983/2/764 991/2/772
f 991/2/772 993/2/774 994/2/775
f 992/2/773 995/2/776 993/2/774
f 995/2/776 992/2/773 990/2/771
f 996/2/777 994/2/775 993/2/774
f 995/2/776 996/2/777 993/2/774
f 997/2/778 983/2/764 994/2/775
f 994/2/775 996/2/777 998/2/779
f 997/2/778 994/2/775 998/2/779
f 997/2/778 999/2/780 983/2/764
f 983/2/764 999/2/780 984/2/765
f 998/2/779 1000/2/781 997/2/778
f 996/2/777 1001/2/782 998/2/779
f 1001/2/782 1000/2/781 998/2/779
f 996/2/777 995/2/776 1002/2/783
f 1002/2/783 1001/2/782 996/2/777
f 1002/2/783 995/2/776 1003/2/784
f 990/2/771 1003/2/784 995/2/776
f 1002/2/783 1004/2/785 1001/2/782
f 1003/2/784 1004/2/785 1002/2/783
f 1001/2/782 1005/2/786 1000/2/781
f 1004/2/785 1005/2/786 1001/2/782
f 1000/2/781 1006/2/787 997/2/778
f 1006/2/787 1000/2/781 1005/2/786
f 997/2/778 1006/2/787 999/2/780
f 1007/2/788 1006/2/787 1005/2/786
f 1005/2/786 1004/2/785 1008/2/789
f 1008/2/789 1007/2/788 1005/2/786
f 1004/2/785 1003/2/784 1008/2/789
f 1006/2/787 1007/2/788 1009/2/790
f 1006/2/787 1009/2/790 999/2/780
f 1008/2/789 1009/2/790 1007/2/788
f 1003/2/784 1010/2/791 1008/2/789
f 1008/2/789 1010/2/791 1009/2/790
f 990/2/771 1010/2/791 1003/2/784
f 999/2/780 1009/2/790 1011/2/792
f 1010/2/791 1011/2/792 1009/2/790
f 999/2/780 1011/2/792 984/2/765
f 1010/2/791 990/2/771 1012/2/793
f 1010/2/791 1012/2/793 1011/2/792
f 990/2/771 986/2/767 1012/2/793
f 1011/2/792 986/2/767 984/2/765
f 1011/2/792 1012/2/793 986/2/767
f 1013/2/794 1014/2/795 1015/2/796
f 1015/2/796 1016/2/797 1013/2/794
f 1016/2/797 1017/2/798 1013/2/794
f 1013/2/794 1017/2/798 1018/2/799
f 1016/2/797 1019/2/800 1017/2/798
f 1019/2/800 1016/2/797 1020/2/801
f 1021/2/802 1017/2/798 1019/2/800
f 1017/2/798 1021/2/802 1022/2/803
f 1017/2/798 1022/2/803 1018/2/799
f 1023/2/804 1018/2/799 1022/2/803
f 1018/2/799 1023/2/804 1024/2/805
f 1025/2/806 1018/2/799 1024/2/805
f 1025/2/806 1024/2/805 1026/2/807
f 1027/2/808 1025/2/806 1026/2/807
f 1027/2/808 1026/2/807 1028/2/809
f 1029/2/810 1027/2/808 1028/2/809
f 1028/2/809 1030/2/811 1029/2/810
f 1031/2/812 1029/2/810 1030/2/811
f 1032/2/813 1031/2/812 1030/2/811
f 1032/2/813 1033/2/814 1031/2/812
f 1034/2/815 1033/2/814 1032/2/813
f 1034/2/815 1035/2/816 1033/2/814
f 1036/2/817 1035/2/816 1034/2/815
f 1036/2/817 1037/2/818 1035/2/816
f 1036/2/817 1038/2/819 1037/2/818
f 1039/2/820 1038/2/819 1036/2/817
f 1039/2/820 1036/2/817 1040/2/821
f 1041/2/822 1039/2/820 1040/2/821
f 1041/2/822 1040/2/821 1042/2/823
f 1043/2/824 1041/2/822 1042/2/823
f 1043/2/824 1042/2/823 1044/2/825
f 1044/2/825 1045/2/826 1043/2/824
f 1044/2/825 1046/2/827 1045/2/826
f 1047/2/828 1045/2/826 1046/2/827
f 1048/2/829 1047/2/828 1046/2/827
f 1048/2/829 1046/2/827 1049/2/830
f 1048/2/829 1049/2/830 1050/2/831
f 1049/2/830 1051/2/832 1050/2/831
f 1052/2/833 1050/2/831 1051/2/832
f 1052/2/833 1051/2/832 1053/2/834
f 1053/2/834 1051/2/832 1054/2/835
f 1053/2/834 1054/2/835 1055/2/836
f 1054/2/835 1056/2/837 1055/2/836
f 1056/2/837 1057/2/838 1055/2/836
f 1058/2/839 1057/2/838 1056/2/837
f 1057/2/838 1058/2/839 1059/2/840
f 1059/2/840 1058/2/839 1060/2/841
f 1060/2/841 1061/2/842 1059/2/840
f 1061/2/842 1060/2/841 1062/2/843
f 1061/2/842 1062/2/843 1063/2/844
f 1060/2/841 1064/2/845 1062/2/843
f 1063/2/844 1062/2/843 1064/2/845
f 1065/2/846 1063/2/844 1064/2/845
f 1066/2/847 1065/2/846 1064/2/845
f 1067/2/848 1065/2/846 1066/2/847
f 1068/2/849 1067/2/848 1066/2/847
f 1067/2/848 1068/2/849 1069/2/850
f 1068/2/849 1070/2/851 1069/2/850
f 1070/2/851 1071/2/852 1072/2/853
f 1073/2/854 1071/2/852 1070/2/851
f 1070/2/851 1074/2/855 1073/2/854
f 1068/2/849 1075/2/856 1070/2/851
f 1076/2/857 1075/2/856 1068/2/849
f 1070/2/851 1077/2/858 1074/2/855
f 1077/2/858 1070/2/851 1075/2/856
f 1078/2/859 1074/2/855 1077/2/858
f 1076/2/857 1079/2/860 1075/2/856
f 1077/2/858 1075/2/856 1079/2/860
f 1080/2/861 1079/2/860 1076/2/857
f 1080/2/861 1081/2/862 1079/2/860
f 1082/2/863 1077/2/858 1079/2/860
f 1078/2/859 1077/2/858 1082/2/863
f 1079/2/860 1081/2/862 1082/2/863
f 1083/2/864 1078/2/859 1082/2/863
f 1082/2/863 1081/2/862 1084/2/865
f 1083/2/864 1082/2/863 1084/2/865
f 1085/2/866 1084/2/865 1081/2/862
f 1083/2/864 1084/2/865 1086/2/867
f 1086/2/867 1084/2/865 1085/2/866
f 1086/2/867 1085/2/866 1087/2/868
f 1083/2/864 1086/2/867 1088/2/869
f 1089/2/870 1086/2/867 1087/2/868
f 1090/2/871 1089/2/870 1087/2/868
f 1091/2/872 1086/2/867 1089/2/870
f 1088/2/869 1086/2/867 1091/2/872
f 1092/2/873 1089/2/870 1090/2/871
f 1092/2/873 1090/2/871 1093/2/874
f 1094/2/875 1091/2/872 1089/2/870
f 1094/2/875 1088/2/869 1091/2/872
f 1094/2/875 1089/2/870 1092/2/873
f 1095/2/876 1092/2/873 1093/2/874
f 1095/2/876 1096/2/877 1092/2/873
f 1096/2/877 1095/2/876 1097/2/878
f 1098/2/879 1092/2/873 1096/2/877
f 1092/2/873 1098/2/879 1094/2/875
f 1094/2/875 1098/2/879 1099/2/880
f 1088/2/869 1094/2/875 1099/2/880
f 1100/2/881 1099/2/880 1098/2/879
f 1101/2/882 1088/2/869 1099/2/880
f 1088/2/869 1101/2/882 1102/2/883
f 1101/2/882 1099/2/880 1103/2/884
f 1103/2/884 1099/2/880 1104/2/885
f 1099/2/880 1100/2/881 1104/2/885
f 1104/2/885 1100/2/881 1105/2/886
f 1106/2/887 1107/2/888 1108/2/889
f 1107/2/888 1109/2/890 1108/2/889
f 1108/2/889 1110/2/891 1106/2/887
f 1108/2/889 1111/2/892 1110/2/891
f 1109/2/890 1111/2/892 1108/2/889
f 1110/2/891 1112/2/893 1106/2/887
f 1109/2/890 1113/2/894 1111/2/892
f 1114/2/895 1112/2/893 1110/2/891
f 1110/2/891 1111/2/892 1114/2/895
f 1106/2/887 1112/2/893 1115/2/896
f 1114/2/895 1115/2/896 1112/2/893
f 1111/2/892 1116/2/897 1114/2/895
f 1113/2/894 1116/2/897 1111/2/892
f 1115/2/896 1114/2/895 1117/2/898
f 1117/2/898 1114/2/895 1116/2/897
f 1118/2/899 1106/2/887 1115/2/896
f 1117/2/898 1116/2/897 1119/2/900
f 1119/2/900 1116/2/897 1113/2/894
f 1117/2/898 1120/2/901 1115/2/896
f 1120/2/901 1118/2/899 1115/2/896
f 1119/2/900 1121/2/902 1117/2/898
f 1121/2/902 1120/2/901 1117/2/898
f 1118/2/899 1122/2/903 1106/2/887
f 1106/2/887 1122/2/903 1107/2/888
f 1120/2/901 1123/2/904 1118/2/899
f 1121/2/902 1124/2/905 1120/2/901
f 1123/2/904 1120/2/901 1124/2/905
f 1121/2/902 1119/2/900 1125/2/906
f 1125/2/906 1124/2/905 1121/2/902
f 1125/2/906 1119/2/900 1126/2/907
f 1119/2/900 1113/2/894 1126/2/907
f 1125/2/906 1127/2/908 1124/2/905
f 1127/2/908 1125/2/906 1126/2/907
f 1124/2/905 1128/2/909 1123/2/904
f 1127/2/908 1128/2/909 1124/2/905
f 1123/2/904 1129/2/910 1118/2/899
f 1129/2/910 1123/2/904 1128/2/909
f 1118/2/899 1129/2/910 1122/2/903
f 1128/2/909 1127/2/908 1130/2/911
f 1130/2/911 1129/2/910 1128/2/909
f 1129/2/910 1130/2/911 1131/2/912
f 1131/2/912 1130/2/911 1127/2/908
f 1129/2/910 1131/2/912 1122/2/903
f 1126/2/907 1132/2/913 1127/2/908
f 1132/2/913 1131/2/912 1127/2/908
f 1113/2/894 1132/2/913 1126/2/907
f 1122/2/903 1131/2/912 1133/2/914
f 1133/2/914 1131/2/912 1132/2/913
f 1122/2/903 1133/2/914 1107/2/888
f 1132/2/913 1113/2/894 1134/2/915
f 1132/2/913 1134/2/915 1133/2/914
f 1134/2/915 1113/2/894 1109/2/890
f 1133/2/914 1109/2/890 1107/2/888
f 1133/2/914 1134/2/915 1109/2/890
f 1135/2/916 1136/2/917 1137/2/918
f 1138/2/919 1135/2/916 1137/2/918
f 1137/2/918 1139/2/920 1138/2/919
f 1138/2/919 1140/2/921 1135/2/916
f 1141/2/922 1140/2/921 1138/2/919
f 1138/2/919 1139/2/920 1141/2/922
f 1135/2/916 1140/2/921 1142/2/923
f 1135/2/916 1142/2/923 1136/2/917
f 1142/2/923 1140/2/921 1143/2/924
f 1140/2/921 1141/2/922 1143/2/924
f 1136/2/917 1142/2/923 1144/2/925
f 1143/2/924 1145/2/926 1142/2/923
f 1144/2/925 1142/2/923 1145/2/926
f 1146/2/927 1143/2/924 1141/2/922
f 1145/2/926 1143/2/924 1147/2/928
f 1147/2/928 1143/2/924 1146/2/927
f 1148/2/929 1145/2/926 1147/2/928
f 1144/2/925 1145/2/926 1148/2/929
f 1147/2/928 1146/2/927 1149/2/930
f 1148/2/929 1147/2/928 1149/2/930
f 1141/2/922 1150/2/931 1146/2/927
f 1146/2/927 1150/2/931 1149/2/930
f 1151/2/932 1144/2/925 1148/2/929
f 1136/2/917 1144/2/925 1151/2/932
f 1149/2/930 1152/2/933 1148/2/929
f 1152/2/933 1151/2/932 1148/2/929
f 1153/2/934 1136/2/917 1151/2/932
f 1153/2/934 1137/2/918 1136/2/917
f 1151/2/932 1152/2/933 1154/2/935
f 1153/2/934 1151/2/932 1154/2/935
f 1137/2/918 1153/2/934 1155/2/936
f 1139/2/920 1137/2/918 1155/2/936
f 1153/2/934 1154/2/935 1156/2/937
f 1152/2/933 1156/2/937 1154/2/935
f 1155/2/936 1153/2/934 1157/2/938
f 1139/2/920 1155/2/936 1157/2/938
f 1153/2/934 1156/2/937 1158/2/939
f 1157/2/938 1153/2/934 1158/2/939
f 1156/2/937 1152/2/933 1159/2/940
f 1156/2/937 1159/2/940 1158/2/939
f 1152/2/933 1160/2/941 1159/2/940
f 1158/2/939 1159/2/940 1160/2/941
f 1160/2/941 1152/2/933 1161/2/942
f 1152/2/933 1149/2/930 1161/2/942
f 1158/2/939 1160/2/941 1162/2/943
f 1161/2/942 1162/2/943 1160/2/941
f 1150/2/931 1161/2/942 1149/2/930
f 1162/2/943 1161/2/942 1150/2/931
f 1163/2/944 1162/2/943 1150/2/931
f 1163/2/944 1158/2/939 1162/2/943
f 1163/2/944 1150/2/931 1164/2/945
f 1141/2/922 1164/2/945 1150/2/931
f 1139/2/920 1164/2/945 1141/2/922
f 1164/2/945 1165/2/946 1163/2/944
f 1164/2/945 1139/2/920 1165/2/946
f 1165/2/946 1158/2/939 1163/2/944
f 1157/2/938 1165/2/946 1139/2/920
f 1157/2/938 1158/2/939 1165/2/946
f 1166/2/947 1167/2/948 1168/2/949
f 1167/2/948 1169/2/950 1168/2/949
f 1167/2/948 1170/2/951 1169/2/950
f 1169/2/950 1171/2/952 1168/2/949
f 1166/2/947 1172/2/953 1167/2/948
f 1172/2/953 1170/2/951 1167/2/948
f 1173/2/954 1166/2/947 1168/2/949
f 1173/2/954 1168/2/949 1171/2/952
f 1174/2/955 1172/2/953 1166/2/947
f 1166/2/947 1173/2/954 1175/2/956
f 1174/2/955 1166/2/947 1175/2/956
f 1171/2/952 1169/2/950 1176/2/957
f 1170/2/951 1176/2/957 1169/2/950
f 1171/2/952 1177/2/958 1173/2/954
f 1178/2/959 1171/2/952 1176/2/957
f 1177/2/958 1171/2/952 1178/2/959
f 1179/2/960 1173/2/954 1177/2/958
f 1173/2/954 1179/2/960 1175/2/956
f 1180/2/961 1177/2/958 1178/2/959
f 1179/2/960 1177/2/958 1180/2/961
f 1181/2/962 1178/2/959 1176/2/957
f 1180/2/961 1178/2/959 1181/2/962
f 1182/2/963 1181/2/962 1176/2/957
f 1176/2/957 1170/2/951 1182/2/963
f 1183/2/964 1180/2/961 1181/2/962
f 1182/2/963 1183/2/964 1181/2/962
f 1180/2/961 1184/2/965 1179/2/960
f 1183/2/964 1184/2/965 1180/2/961
f 1185/2/966 1183/2/964 1182/2/963
f 1170/2/951 1185/2/966 1182/2/963
f 1186/2/967 1184/2/965 1183/2/964
f 1185/2/966 1186/2/967 1183/2/964
f 1187/2/968 1179/2/960 1184/2/965
f 1175/2/956 1179/2/960 1187/2/968
f 1184/2/965 1186/2/967 1188/2/969
f 1188/2/969 1187/2/968 1184/2/965
f 1189/2/970 1186/2/967 1185/2/966
f 1189/2/970 1188/2/969 1186/2/967
f 1185/2/966 1170/2/951 1190/2/971
f 1170/2/951 1172/2/953 1190/2/971
f 1185/2/966 1191/2/972 1189/2/970
f 1185/2/966 1190/2/971 1191/2/972
f 1192/2/973 1188/2/969 1189/2/970
f 1188/2/969 1192/2/973 1187/2/968
f 1189/2/970 1191/2/972 1192/2/973
f 1193/2/974 1190/2/971 1172/2/953
f 1190/2/971 1193/2/974 1191/2/972
f 1192/2/973 1191/2/972 1193/2/974
f 1193/2/974 1172/2/953 1174/2/955
f 1194/2/975 1187/2/968 1192/2/973
f 1194/2/975 1192/2/973 1193/2/974
f 1193/2/974 1174/2/955 1194/2/975
f 1187/2/968 1194/2/975 1175/2/956
f 1194/2/975 1174/2/955 1175/2/956
f 1195/2/976 1196/2/977 1197/2/978
f 1196/2/977 1195/2/976 1198/2/979
f 1197/2/978 1199/2/980 1195/2/976
f 1198/2/979 1200/2/981 1196/2/977
f 1198/2/979 1201/2/982 1200/2/981
f 1202/2/983 1197/2/978 1196/2/977
f 1200/2/981 1202/2/983 1196/2/977
f 1197/2/978 1202/2/983 1203/2/984
f 1202/2/983 1204/2/985 1203/2/984
f 1203/2/984 1205/2/986 1197/2/978
f 1202/2/983 1200/2/981 1206/2/987
f 1206/2/987 1207/2/988 1202/2/983
f 1200/2/981 1208/2/989 1206/2/987
f 1205/2/986 1209/2/990 1197/2/978
f 1199/2/980 1197/2/978 1209/2/990
f 1209/2/990 1205/2/986 1210/2/991
f 1211/2/992 1209/2/990 1210/2/991
f 1209/2/990 1212/2/993 1199/2/980
f 1209/2/990 1211/2/992 1212/2/993
f 1211/2/992 1014/2/795 1212/2/993
f 1212/2/993 1018/2/799 1199/2/980
f 1014/2/795 1013/2/794 1212/2/993
f 1212/2/993 1013/2/794 1018/2/799
f 1213/2/994 1214/2/995 1215/2/996
f 1214/2/995 1216/2/997 1215/2/996
f 1217/2/998 1213/2/994 1215/2/996
f 1215/2/996 1218/2/999 1217/2/998
f 1216/2/997 1218/2/999 1215/2/996
f 1219/2/1000 1213/2/994 1217/2/998
f 1218/2/999 1216/2/997 1220/2/1001
f 1221/2/1002 1219/2/1000 1217/2/998
f 1218/2/999 1221/2/1002 1217/2/998
f 1222/2/1003 1213/2/994 1219/2/1000
f 1221/2/1002 1222/2/1003 1219/2/1000
f 1221/2/1002 1218/2/999 1223/2/1004
f 1220/2/1001 1223/2/1004 1218/2/999
f 1222/2/1003 1221/2/1002 1224/2/1005
f 1224/2/1005 1221/2/1002 1223/2/1004
f 1225/2/1006 1213/2/994 1222/2/1003
f 1224/2/1005 1223/2/1004 1226/2/1007
f 1226/2/1007 1223/2/1004 1220/2/1001
f 1224/2/1005 1227/2/1008 1222/2/1003
f 1227/2/1008 1225/2/1006 1222/2/1003
f 1224/2/1005 1226/2/1007 1228/2/1009
f 1228/2/1009 1227/2/1008 1224/2/1005
f 1225/2/1006 1229/2/1010 1213/2/994
f 1213/2/994 1229/2/1010 1214/2/995
f 1227/2/1008 1230/2/1011 1225/2/1006
f 1225/2/1006 1231/2/1012 1229/2/1010
f 1230/2/1011 1231/2/1012 1225/2/1006
f 1229/2/1010 1232/2/1013 1214/2/995
f 1232/2/1013 1216/2/997 1214/2/995
f 1232/2/1013 1233/2/1014 1216/2/997
f 1216/2/997 1233/2/1014 1220/2/1001
f 1229/2/1010 1234/2/1015 1232/2/1013
f 1231/2/1012 1234/2/1015 1229/2/1010
f 1232/2/1013 1235/2/1016 1233/2/1014
f 1235/2/1016 1220/2/1001 1233/2/1014
f 1232/2/1013 1234/2/1015 1235/2/1016
f 1220/2/1001 1235/2/1016 1236/2/1017
f 1220/2/1001 1236/2/1017 1226/2/1007
f 1237/2/1018 1235/2/1016 1234/2/1015
f 1236/2/1017 1235/2/1016 1237/2/1018
f 1231/2/1012 1238/2/1019 1234/2/1015
f 1238/2/1019 1237/2/1018 1234/2/1015
f 1238/2/1019 1231/2/1012 1230/2/1011
f 1239/2/1020 1226/2/1007 1236/2/1017
f 1237/2/1018 1239/2/1020 1236/2/1017
f 1226/2/1007 1239/2/1020 1228/2/1009
f 1240/2/1021 1237/2/1018 1238/2/1019
f 1240/2/1021 1238/2/1019 1230/2/1011
f 1237/2/1018 1240/2/1021 1239/2/1020
f 1239/2/1020 1240/2/1021 1228/2/1009
f 1230/2/1011 1227/2/1008 1240/2/1021
f 1240/2/1021 1227/2/1008 1228/2/1009
f 1241/2/1022 1242/2/1023 1243/2/1024
f 1244/2/1025 1241/2/1022 1243/2/1024
f 1241/2/1022 1245/2/1026 1242/2/1023
f 1244/2/1025 1246/2/1027 1241/2/1022
f 1245/2/1026 1241/2/1022 1246/2/1027
f 1244/2/1025 1247/2/1028 1246/2/1027
f 1245/2/1026 1246/2/1027 1248/2/1029
f 1247/2/1028 1248/2/1029 1246/2/1027
f 1245/2/1026 1248/2/1029 1249/2/1030
f 1245/2/1026 1250/2/1031 1242/2/1023
f 1245/2/1026 1249/2/1030 1250/2/1031
f 1251/2/1032 1242/2/1023 1250/2/1031
f 1249/2/1030 1251/2/1032 1250/2/1031
f 1252/2/1033 1249/2/1030 1248/2/1029
f 1248/2/1029 1247/2/1028 1253/2/1034
f 1253/2/1034 1252/2/1033 1248/2/1029
f 1247/2/1028 1244/2/1025 1254/2/1035
f 1253/2/1034 1247/2/1028 1254/2/1035
f 1255/2/1036 1254/2/1035 1244/2/1025
f 1255/2/1036 1244/2/1025 1243/2/1024
f 1254/2/1035 1256/2/1037 1253/2/1034
f 1254/2/1035 1255/2/1036 1256/2/1037
f 1253/2/1034 1257/2/1038 1252/2/1033
f 1252/2/1033 1257/2/1038 1249/2/1030
f 1256/2/1037 1258/2/1039 1253/2/1034
f 1257/2/1038 1253/2/1034 1258/2/1039
f 1255/2/1036 1243/2/1024 1259/2/1040
f 1242/2/1023 1259/2/1040 1243/2/1024
f 1260/2/1041 1256/2/1037 1255/2/1036
f 1255/2/1036 1259/2/1040 1260/2/1041
f 1258/2/1039 1256/2/1037 1261/2/1042
f 1256/2/1037 1260/2/1041 1261/2/1042
f 1257/2/1038 1258/2/1039 1262/2/1043
f 1259/2/1040 1242/2/1023 1263/2/1044
f 1242/2/1023 1251/2/1032 1263/2/1044
f 1259/2/1040 1264/2/1045 1260/2/1041
f 1263/2/1044 1264/2/1045 1259/2/1040
f 1260/2/1041 1264/2/1045 1265/2/1046
f 1261/2/1042 1260/2/1041 1265/2/1046
f 1266/2/1047 1264/2/1045 1263/2/1044
f 1265/2/1046 1264/2/1045 1266/2/1047
f 1263/2/1044 1251/2/1032 1267/2/1048
f 1263/2/1044 1267/2/1048 1266/2/1047
f 1261/2/1042 1268/2/1049 1258/2/1039
f 1268/2/1049 1261/2/1042 1265/2/1046
f 1268/2/1049 1262/2/1043 1258/2/1039
f 1266/2/1047 1269/2/1050 1265/2/1046
f 1265/2/1046 1269/2/1050 1268/2/1049
f 1269/2/1050 1266/2/1047 1267/2/1048
f 1269/2/1050 1262/2/1043 1268/2/1049
f 1267/2/1048 1251/2/1032 1270/2/1051
f 1267/2/1048 1270/2/1051 1269/2/1050
f 1262/2/1043 1269/2/1050 1270/2/1051
f 1270/2/1051 1257/2/1038 1262/2/1043
f 1249/2/1030 1270/2/1051 1251/2/1032
f 1270/2/1051 1249/2/1030 1257/2/1038
f 1271/2/1052 1272/2/1053 1273/2/1054
f 1273/2/1054 1272/2/1053 1274/2/1055
f 1274/2/1055 1272/2/1053 1275/2/1056
f 1276/2/1057 1273/2/1054 1274/2/1055
f 1272/2/1053 1277/2/1058 1275/2/1056
f 1271/2/1052 1277/2/1058 1272/2/1053
f 1274/2/1055 1275/2/1056 1278/2/1059
f 1276/2/1057 1274/2/1055 1278/2/1059
f 1273/2/1054 1276/2/1057 1279/2/1060
f 1279/2/1060 1271/2/1052 1273/2/1054
f 1280/2/1061 1275/2/1056 1277/2/1058
f 1281/2/1062 1279/2/1060 1276/2/1057
f 1271/2/1052 1282/2/1063 1277/2/1058
f 1282/2/1063 1280/2/1061 1277/2/1058
f 1283/2/1064 1275/2/1056 1280/2/1061
f 1275/2/1056 1283/2/1064 1278/2/1059
f 1280/2/1061 1282/2/1063 1284/2/1065
f 1285/2/1066 1282/2/1063 1271/2/1052
f 1285/2/1066 1284/2/1065 1282/2/1063
f 1284/2/1065 1286/2/1067 1280/2/1061
f 1286/2/1067 1283/2/1064 1280/2/1061
f 1287/2/1068 1278/2/1059 1283/2/1064
f 1287/2/1068 1283/2/1064 1286/2/1067
f 1287/2/1068 1286/2/1067 1288/2/1069
f 1284/2/1065 1288/2/1069 1286/2/1067
f 1289/2/1070 1278/2/1059 1287/2/1068
f 1288/2/1069 1289/2/1070 1287/2/1068
f 1290/2/1071 1288/2/1069 1284/2/1065
f 1284/2/1065 1285/2/1066 1290/2/1071
f 1291/2/1072 1289/2/1070 1288/2/1069
f 1290/2/1071 1291/2/1072 1288/2/1069
f 1278/2/1059 1289/2/1070 1292/2/1073
f 1278/2/1059 1292/2/1073 1276/2/1057
f 1281/2/1062 1276/2/1057 1292/2/1073
f 1293/2/1074 1292/2/1073 1289/2/1070
f 1291/2/1072 1293/2/1074 1289/2/1070
f 1281/2/1062 1292/2/1073 1294/2/1075
f 1293/2/1074 1294/2/1075 1292/2/1073
f 1295/2/1076 1281/2/1062 1294/2/1075
f 1296/2/1077 1294/2/1075 1293/2/1074
f 1297/2/1078 1295/2/1076 1294/2/1075
f 1297/2/1078 1294/2/1075 1296/2/1077
f 1298/2/1079 1281/2/1062 1295/2/1076
f 1297/2/1078 1298/2/1079 1295/2/1076
f 1279/2/1060 1281/2/1062 1298/2/1079
f 1299/2/1080 1296/2/1077 1293/2/1074
f 1299/2/1080 1297/2/1078 1296/2/1077
f 1293/2/1074 1291/2/1072 1299/2/1080
f 1300/2/1081 1298/2/1079 1297/2/1078
f 1301/2/1082 1279/2/1060 1298/2/1079
f 1298/2/1079 1300/2/1081 1301/2/1082
f 1271/2/1052 1279/2/1060 1301/2/1082
f 1271/2/1052 1301/2/1082 1285/2/1066
f 1297/2/1078 1299/2/1080 1302/2/1083
f 1300/2/1081 1297/2/1078 1302/2/1083
f 1300/2/1081 1303/2/1084 1301/2/1082
f 1303/2/1084 1285/2/1066 1301/2/1082
f 1300/2/1081 1302/2/1083 1303/2/1084
f 1304/2/1085 1285/2/1066 1303/2/1084
f 1303/2/1084 1302/2/1083 1304/2/1085
f 1302/2/1083 1299/2/1080 1304/2/1085
f 1291/2/1072 1304/2/1085 1299/2/1080
f 1285/2/1066 1304/2/1085 1290/2/1071
f 1304/2/1085 1291/2/1072 1290/2/1071
f 1305/2/1086 1306/2/1087 1307/2/1088
f 1307/2/1088 1308/2/1089 1305/2/1086
f 1306/2/1087 1305/2/1086 1309/2/1090
f 1309/2/1090 1305/2/1086 1310/2/1091
f 1305/2/1086 1308/2/1089 1310/2/1091
f 1306/2/1087 1309/2/1090 1311/2/1092
f 1309/2/1090 1310/2/1091 1312/2/1093
f 1309/2/1090 1312/2/1093 1311/2/1092
f 1310/2/1091 1308/2/1089 1313/2/1094
f 1310/2/1091 1313/2/1094 1314/2/1095
f 1312/2/1093 1310/2/1091 1314/2/1095
f 1308/2/1089 1315/2/1096 1313/2/1094
f 1308/2/1089 1307/2/1088 1316/2/1097
f 1315/2/1096 1308/2/1089 1316/2/1097
f 1314/2/1095 1313/2/1094 1317/2/1098
f 1317/2/1098 1313/2/1094 1315/2/1096
f 1312/2/1093 1314/2/1095 1318/2/1099
f 1314/2/1095 1317/2/1098 1318/2/1099
f 1316/2/1097 1319/2/1100 1315/2/1096
f 1315/2/1096 1319/2/1100 1317/2/1098
f 1320/2/1101 1316/2/1097 1307/2/1088
f 1306/2/1087 1320/2/1101 1307/2/1088
f 1318/2/1099 1317/2/1098 1321/2/1102
f 1319/2/1100 1321/2/1102 1317/2/1098
f 1320/2/1101 1306/2/1087 1322/2/1103
f 1322/2/1103 1306/2/1087 1311/2/1092
f 1316/2/1097 1320/2/1101 1323/2/1104
f 1316/2/1097 1323/2/1104 1319/2/1100
f 1322/2/1103 1324/2/1105 1320/2/1101
f 1323/2/1104 1320/2/1101 1324/2/1105
f 1311/2/1092 1325/2/1106 1322/2/1103
f 1312/2/1093 1325/2/1106 1311/2/1092
f 1322/2/1103 1325/2/1106 1326/2/1107
f 1324/2/1105 1322/2/1103 1326/2/1107
f 1312/2/1093 1327/2/1108 1325/2/1106
f 1318/2/1099 1327/2/1108 1312/2/1093
f 1328/2/1109 1323/2/1104 1324/2/1105
f 1324/2/1105 1326/2/1107 1329/2/1110
f 1328/2/1109 1324/2/1105 1330/2/1111
f 1330/2/1111 1324/2/1105 1329/2/1110
f 1331/2/1112 1323/2/1104 1328/2/1109
f 1331/2/1112 1328/2/1109 1330/2/1111
f 1331/2/1112 1319/2/1100 1323/2/1104
f 1326/2/1107 1332/2/1113 1329/2/1110
f 1330/2/1111 1329/2/1110 1332/2/1113
f 1326/2/1107 1325/2/1106 1333/2/1114
f 1326/2/1107 1333/2/1114 1332/2/1113
f 1325/2/1106 1327/2/1108 1333/2/1114
f 1334/2/1115 1319/2/1100 1331/2/1112
f 1319/2/1100 1334/2/1115 1321/2/1102
f 1335/2/1116 1331/2/1112 1330/2/1111
f 1334/2/1115 1331/2/1112 1335/2/1116
f 1336/2/1117 1330/2/1111 1332/2/1113
f 1333/2/1114 1336/2/1117 1332/2/1113
f 1330/2/1111 1336/2/1117 1335/2/1116
f 1336/2/1117 1333/2/1114 1337/2/1118
f 1333/2/1114 1327/2/1108 1337/2/1118
f 1335/2/1116 1336/2/1117 1338/2/1119
f 1338/2/1119 1336/2/1117 1337/2/1118
f 1335/2/1116 1338/2/1119 1334/2/1115
f 1327/2/1108 1338/2/1119 1337/2/1118
f 1339/2/1120 1334/2/1115 1338/2/1119
f 1327/2/1108 1339/2/1120 1338/2/1119
f 1339/2/1120 1321/2/1102 1334/2/1115
f 1327/2/1108 1318/2/1099 1339/2/1120
f 1321/2/1102 1339/2/1120 1318/2/1099
f 440/2/228 1340/2/1121 437/2/225
f 437/2/225 1340/2/1121 436/2/224
f 1341/2/1122 440/2/228 441/2/229
f 440/2/228 1342/2/1123 1340/2/1121
f 1341/2/1122 1342/2/1123 440/2/228
f 1342/2/1123 1341/2/1122 1343/2/1124
f 1342/2/1123 1344/2/1125 1340/2/1121
f 436/2/224 1340/2/1121 665/2/453
f 1340/2/1121 1344/2/1125 665/2/453
f 1343/2/1124 1345/2/1126 1342/2/1123
f 1345/2/1126 1344/2/1125 1342/2/1123
f 1346/2/1127 1343/2/1124 1341/2/1122
f 1346/2/1127 1345/2/1126 1343/2/1124
f 1341/2/1122 441/2/229 1347/2/1128
f 1341/2/1122 1347/2/1128 1346/2/1127
f 1347/2/1128 441/2/229 1348/2/1129
f 441/2/229 442/2/230 1348/2/1129
f 1347/2/1128 1348/2/1129 1349/2/1130
f 1348/2/1129 442/2/230 470/2/258
f 470/2/258 1349/2/1130 1348/2/1129
f 1347/2/1128 1349/2/1130 1350/2/1131
f 1346/2/1127 1347/2/1128 1350/2/1131
f 1349/2/1130 470/2/258 1351/2/1132
f 1345/2/1126 1346/2/1127 1352/2/1133
f 1349/2/1130 1353/2/1134 1350/2/1131
f 1354/2/1135 1349/2/1130 1351/2/1132
f 1349/2/1130 1354/2/1135 1353/2/1134
f 469/2/257 1354/2/1135 1351/2/1132
f 1351/2/1132 470/2/258 469/2/257
f 1355/2/1136 1353/2/1134 1354/2/1135
f 1354/2/1135 469/2/257 1356/2/1137
f 1356/2/1137 1355/2/1136 1354/2/1135
f 1353/2/1134 1357/2/1138 1350/2/1131
f 1353/2/1134 1355/2/1136 1357/2/1138
f 1350/2/1131 1357/2/1138 1358/2/1139
f 1350/2/1131 1358/2/1139 1346/2/1127
f 1358/2/1139 1359/2/1140 1346/2/1127
f 1359/2/1140 1352/2/1133 1346/2/1127
f 1358/2/1139 1357/2/1138 1360/2/1141
f 1358/2/1139 1360/2/1141 1359/2/1140
f 1361/2/1142 1359/2/1140 1360/2/1141
f 1357/2/1138 1362/2/1143 1360/2/1141
f 1362/2/1143 1361/2/1142 1360/2/1141
f 1355/2/1136 1362/2/1143 1357/2/1138
f 1359/2/1140 1361/2/1142 1363/2/1144
f 1363/2/1144 1352/2/1133 1359/2/1140
f 1361/2/1142 1362/2/1143 1364/2/1145
f 1352/2/1133 1363/2/1144 1365/2/1146
f 1362/2/1143 1355/2/1136 1366/2/1147
f 1362/2/1143 1366/2/1147 1364/2/1145
f 1367/2/1148 1352/2/1133 1365/2/1146
f 1365/2/1146 1368/2/1149 1367/2/1148
f 1369/2/1150 1352/2/1133 1367/2/1148
f 1345/2/1126 1352/2/1133 1369/2/1150
f 1344/2/1125 1345/2/1126 1369/2/1150
f 1368/2/1149 1370/2/1151 1367/2/1148
f 1370/2/1151 1368/2/1149 1371/2/1152
f 1367/2/1148 1372/2/1153 1369/2/1150
f 1372/2/1153 1367/2/1148 1370/2/1151
f 1373/2/1154 1370/2/1151 1371/2/1152
f 1370/2/1151 1373/2/1154 1372/2/1153
f 1374/2/1155 1373/2/1154 1371/2/1152
f 1344/2/1125 1369/2/1150 1375/2/1156
f 1369/2/1150 1372/2/1153 1375/2/1156
f 664/2/452 1344/2/1125 1375/2/1156
f 1372/2/1153 1376/2/1157 1375/2/1156
f 1376/2/1157 664/2/452 1375/2/1156
f 1377/2/1158 1372/2/1153 1373/2/1154
f 1372/2/1153 1377/2/1158 1376/2/1157
f 1344/2/1125 664/2/452 665/2/453
f 663/2/451 664/2/452 1376/2/1157
f 1377/2/1158 663/2/451 1376/2/1157
f 1373/2/1154 1374/2/1155 1378/2/1159
f 1374/2/1155 1379/2/1160 1378/2/1159
f 1373/2/1154 1380/2/1161 1377/2/1158
f 1373/2/1154 1378/2/1159 1380/2/1161
f 1381/2/1162 1378/2/1159 1379/2/1160
f 1382/2/1163 1381/2/1162 1379/2/1160
f 1380/2/1161 1378/2/1159 1383/2/1164
f 1381/2/1162 1383/2/1164 1378/2/1159
f 1381/2/1162 1382/2/1163 1384/2/1165
f 1384/2/1165 1383/2/1164 1381/2/1162
f 1382/2/1163 1385/2/1166 1384/2/1165
f 1385/2/1166 1386/2/1167 1384/2/1165
f 1387/2/1168 1386/2/1167 1385/2/1166
f 1388/2/1169 1387/2/1168 1385/2/1166
f 1389/2/1170 1384/2/1165 1386/2/1167
f 1383/2/1164 1384/2/1165 1389/2/1170
f 1387/2/1168 1388/2/1169 1390/2/1171
f 1391/2/1172 1390/2/1171 1388/2/1169
f 1392/2/1173 1390/2/1171 1391/2/1172
f 1364/2/1145 1392/2/1173 1391/2/1172
f 1390/2/1171 1392/2/1173 1393/2/1174
f 1393/2/1174 1394/2/1175 1390/2/1171
f 1394/2/1175 1395/2/1176 1390/2/1171
f 1393/2/1174 1392/2/1173 1396/2/1177
f 1395/2/1176 1394/2/1175 1397/2/1178
f 1392/2/1173 1364/2/1145 1366/2/1147
f 1366/2/1147 1396/2/1177 1392/2/1173
f 1397/2/1178 1398/2/1179 1395/2/1176
f 1366/2/1147 1399/2/1180 1396/2/1177
f 1399/2/1180 1400/2/1181 1396/2/1177
f 1398/2/1179 1397/2/1178 1401/2/1182
f 1401/2/1182 1397/2/1178 1402/2/1183
f 1398/2/1179 1401/2/1182 1403/2/1184
f 1402/2/1183 1404/2/1185 1401/2/1182
f 1405/2/1186 1400/2/1181 1399/2/1180
f 1400/2/1181 1405/2/1186 1406/2/1187
f 1405/2/1186 1407/2/1188 1406/2/1187
f 1408/2/1189 1403/2/1184 1401/2/1182
f 1401/2/1182 1404/2/1185 1408/2/1189
f 1407/2/1188 1405/2/1186 1409/2/1190
f 1407/2/1188 1409/2/1190 1410/2/1191
f 1411/2/1192 1405/2/1186 1399/2/1180
f 1366/2/1147 1411/2/1192 1399/2/1180
f 1411/2/1192 1366/2/1147 1355/2/1136
f 1355/2/1136 1356/2/1137 1411/2/1192
f 1405/2/1186 1411/2/1192 1412/2/1193
f 1356/2/1137 1412/2/1193 1411/2/1192
f 1412/2/1193 1409/2/1190 1405/2/1186
f 1356/2/1137 1413/2/1194 1412/2/1193
f 1410/2/1191 1409/2/1190 1414/2/1195
f 1414/2/1195 1415/2/1196 1410/2/1191
f 1416/2/1197 1409/2/1190 1412/2/1193
f 1416/2/1197 1412/2/1193 1413/2/1194
f 1417/2/1198 1414/2/1195 1409/2/1190
f 1416/2/1197 1417/2/1198 1409/2/1190
f 1415/2/1196 1414/2/1195 1418/2/1199
f 1356/2/1137 468/2/256 1413/2/1194
f 468/2/256 1356/2/1137 469/2/257
f 1416/2/1197 1413/2/1194 615/2/403
f 468/2/256 615/2/403 1413/2/1194
f 1419/2/1200 1418/2/1199 1414/2/1195
f 1414/2/1195 1417/2/1198 1419/2/1200
f 1420/2/1201 1415/2/1196 1418/2/1199
f 1415/2/1196 1420/2/1201 1421/2/1202
f 1418/2/1199 1419/2/1200 622/2/410
f 1418/2/1199 622/2/410 1420/2/1201
f 1417/2/1198 618/2/406 1419/2/1200
f 618/2/406 622/2/410 1419/2/1200
f 1417/2/1198 1416/2/1197 616/2/404
f 616/2/404 1416/2/1197 615/2/403
f 616/2/404 618/2/406 1417/2/1198
f 1422/2/1203 1421/2/1202 1420/2/1201
f 1421/2/1202 1422/2/1203 1423/2/1204
f 1404/2/1185 1423/2/1204 1422/2/1203
f 622/2/410 627/2/415 1420/2/1201
f 627/2/415 1422/2/1203 1420/2/1201
f 1404/2/1185 1422/2/1203 1424/2/1205
f 1424/2/1205 1408/2/1189 1404/2/1185
f 1425/2/1206 1422/2/1203 627/2/415
f 1408/2/1189 1424/2/1205 1426/2/1207
f 1403/2/1184 1408/2/1189 1426/2/1207
f 1422/2/1203 1427/2/1208 1424/2/1205
f 1422/2/1203 1425/2/1206 1427/2/1208
f 1427/2/1208 1428/2/1209 1424/2/1205
f 1426/2/1207 1424/2/1205 1428/2/1209
f 1428/2/1209 1427/2/1208 1429/2/1210
f 1426/2/1207 1428/2/1209 1429/2/1210
f 1427/2/1208 1430/2/1211 1429/2/1210
f 1427/2/1208 1425/2/1206 1430/2/1211
f 1429/2/1210 1431/2/1212 1426/2/1207
f 1403/2/1184 1426/2/1207 1432/2/1213
f 1432/2/1213 1426/2/1207 1431/2/1212
f 1403/2/1184 1432/2/1213 1433/2/1214
f 1434/2/1215 1432/2/1213 1431/2/1212
f 1432/2/1213 1435/2/1214 1433/2/1214
f 628/2/416 1430/2/1211 1425/2/1206
f 628/2/416 1425/2/1206 627/2/415
f 630/2/418 1430/2/1211 628/2/416
f 1436/2/1216 1435/2/1214 1432/2/1213
f 1432/2/1213 1434/2/1215 1436/2/1216
f 1435/2/1214 1436/2/1216 1437/2/1217
f 1437/2/1217 1436/2/1216 1438/2/1218
f 1439/2/1219 1436/2/1216 1434/2/1215
f 1439/2/1219 1438/2/1218 1436/2/1216
f 1438/2/1218 1439/2/1219 1440/2/1218
f 1434/2/1215 1441/2/1220 1439/2/1219
f 1439/2/1219 1389/2/1170 1440/2/1218
f 1439/2/1219 1441/2/1220 1442/2/1221
f 1442/2/1221 1389/2/1170 1439/2/1219
f 1443/2/1222 1442/2/1221 1441/2/1220
f 1383/2/1164 1389/2/1170 1442/2/1221
f 1442/2/1221 1443/2/1222 1444/2/1223
f 1383/2/1164 1442/2/1221 1444/2/1223
f 1444/2/1223 1443/2/1222 1445/2/1224
f 1445/2/1224 1383/2/1164 1444/2/1223
f 1443/2/1222 1446/2/1225 1445/2/1224
f 1380/2/1161 1383/2/1164 1445/2/1224
f 1446/2/1225 1447/2/1226 1445/2/1224
f 1380/2/1161 1445/2/1224 1447/2/1226
f 1380/2/1161 1447/2/1226 1377/2/1158
f 1447/2/1226 1446/2/1225 1448/2/1227
f 1449/2/1228 1377/2/1158 1447/2/1226
f 1447/2/1226 1448/2/1227 1449/2/1228
f 1377/2/1158 1449/2/1228 663/2/451
f 1449/2/1228 1448/2/1227 1450/2/1229
f 663/2/451 1449/2/1228 1451/2/1230
f 1451/2/1230 1449/2/1228 1450/2/1229
f 1452/2/1231 663/2/451 1451/2/1230
f 1451/2/1230 1453/2/1232 1452/2/1231
f 1450/2/1229 1453/2/1232 1451/2/1230
f 1452/2/1231 1453/2/1232 1454/2/1233
f 1448/2/1227 1455/2/1234 1450/2/1229
f 1455/2/1234 1448/2/1227 1456/2/1235
f 1457/2/1236 1454/2/1233 1453/2/1232
f 1454/2/1233 1457/2/1236 1458/2/1237
f 1450/2/1229 1459/2/1238 1453/2/1232
f 1459/2/1238 1457/2/1236 1453/2/1232
f 1459/2/1238 1450/2/1229 1460/2/1239
f 1460/2/1239 1450/2/1229 1455/2/1234
f 1459/2/1238 1461/2/1240 1457/2/1236
f 1462/2/1241 1458/2/1237 1457/2/1236
f 1457/2/1236 1461/2/1240 1462/2/1241
f 1458/2/1237 1462/2/1241 1463/2/1242
f 1464/2/1243 1463/2/1242 1462/2/1241
f 1462/2/1241 1465/2/1244 1464/2/1243
f 1461/2/1240 1465/2/1244 1462/2/1241
f 1466/2/1245 1464/2/1243 1465/2/1244
f 1466/2/1245 1465/2/1244 1467/2/1246
f 1465/2/1244 1468/2/1247 1467/2/1246
f 1469/2/1248 1461/2/1240 1459/2/1238
f 1465/2/1244 1461/2/1240 1469/2/1248
f 1460/2/1239 1469/2/1248 1459/2/1238
f 1470/2/1249 1468/2/1247 1465/2/1244
f 1469/2/1248 1470/2/1249 1465/2/1244
f 1470/2/1249 1471/2/1250 1468/2/1247
f 1472/2/1251 1471/2/1250 1470/2/1249
f 1473/2/1252 1470/2/1249 1469/2/1248
f 1473/2/1252 1472/2/1251 1470/2/1249
f 1460/2/1239 1473/2/1252 1469/2/1248
f 1474/2/1253 1472/2/1251 1473/2/1252
f 1475/2/1254 1474/2/1253 1473/2/1252
f 1475/2/1254 1473/2/1252 1476/2/1255
f 1460/2/1239 1476/2/1255 1473/2/1252
f 1475/2/1254 1476/2/1255 1477/2/1256
f 1476/2/1255 1478/2/1257 1477/2/1256
f 1476/2/1255 1460/2/1239 1479/2/1258
f 1479/2/1258 1478/2/1257 1476/2/1255
f 1479/2/1258 1460/2/1239 1455/2/1234
f 1480/2/1259 1478/2/1257 1479/2/1258
f 1479/2/1258 1455/2/1234 1480/2/1259
f 1481/2/1260 1478/2/1257 1480/2/1259
f 1481/2/1260 1480/2/1259 1482/2/1261
f 1455/2/1234 1482/2/1261 1480/2/1259
f 1483/2/1262 1481/2/1260 1482/2/1261
f 1483/2/1262 1482/2/1261 1484/2/1263
f 1455/2/1234 1484/2/1263 1482/2/1261
f 1485/2/1264 1483/2/1262 1484/2/1263
f 1485/2/1264 1484/2/1263 1486/2/1265
f 1484/2/1263 1455/2/1234 1487/2/1266
f 1487/2/1266 1486/2/1265 1484/2/1263
f 1455/2/1234 1456/2/1235 1487/2/1266
f 1486/2/1265 1487/2/1266 1488/2/1267
f 1489/2/1268 1487/2/1266 1456/2/1235
f 1488/2/1267 1487/2/1266 1489/2/1268
f 1490/2/1269 1491/2/1270 1492/2/1271
f 1493/2/1272 1490/2/1269 1492/2/1271
f 1494/2/1273 1492/2/1271 1491/2/1270
f 1494/2/1273 1493/2/1272 1492/2/1271
f 1490/2/1269 1495/2/1274 1491/2/1270
f 1491/2/1270 1496/2/1275 1494/2/1273
f 1493/2/1272 1497/2/1276 1490/2/1269
f 1497/2/1276 1495/2/1274 1490/2/1269
f 1495/2/1274 1498/2/1277 1491/2/1270
f 1499/2/1278 1497/2/1276 1493/2/1272
f 1497/2/1276 1499/2/1278 1500/2/1279
f 1497/2/1276 1501/2/1280 1495/2/1274
f 1497/2/1276 1500/2/1279 1501/2/1280
f 1502/2/1281 1498/2/1277 1495/2/1274
f 1501/2/1280 1502/2/1281 1495/2/1274
f 1503/2/1282 1491/2/1270 1498/2/1277
f 1503/2/1282 1498/2/1277 1502/2/1281
f 1491/2/1270 1503/2/1282 1496/2/1275
f 1504/2/1283 1500/2/1279 1499/2/1278
f 1504/2/1283 1501/2/1280 1500/2/1279
f 1502/2/1281 1501/2/1280 1505/2/1284
f 1501/2/1280 1504/2/1283 1505/2/1284
f 1505/2/1284 1506/2/1285 1502/2/1281
f 1504/2/1283 1506/2/1285 1505/2/1284
f 1502/2/1281 1507/2/1286 1503/2/1282
f 1506/2/1285 1507/2/1286 1502/2/1281
f 1508/2/1287 1503/2/1282 1507/2/1286
f 1496/2/1275 1503/2/1282 1508/2/1287
f 1508/2/1287 1507/2/1286 1509/2/1288
f 1507/2/1286 1506/2/1285 1510/2/1289
f 1507/2/1286 1510/2/1289 1509/2/1288
f 1506/2/1285 1504/2/1283 1511/2/1290
f 1506/2/1285 1511/2/1290 1510/2/1289
f 1499/2/1278 1512/2/1291 1504/2/1283
f 1511/2/1290 1504/2/1283 1512/2/1291
f 1493/2/1272 1512/2/1291 1499/2/1278
f 1508/2/1287 1509/2/1288 1513/2/1292
f 1510/2/1289 1513/2/1292 1509/2/1288
f 1513/2/1292 1514/2/1293 1508/2/1287
f 1496/2/1275 1508/2/1287 1514/2/1293
f 1513/2/1292 1510/2/1289 1515/2/1294
f 1515/2/1294 1510/2/1289 1511/2/1290
f 1514/2/1293 1513/2/1292 1516/2/1295
f 1516/2/1295 1513/2/1292 1515/2/1294
f 1517/2/1296 1496/2/1275 1514/2/1293
f 1516/2/1295 1517/2/1296 1514/2/1293
f 1517/2/1296 1494/2/1273 1496/2/1275
f 1511/2/1290 1518/2/1297 1515/2/1294
f 1515/2/1294 1518/2/1297 1516/2/1295
f 1511/2/1290 1512/2/1291 1518/2/1297
f 1519/2/1298 1517/2/1296 1516/2/1295
f 1518/2/1297 1519/2/1298 1516/2/1295
f 1520/2/1299 1494/2/1273 1517/2/1296
f 1519/2/1298 1520/2/1299 1517/2/1296
f 1518/2/1297 1520/2/1299 1519/2/1298
f 1512/2/1291 1520/2/1299 1518/2/1297
f 1493/2/1272 1494/2/1273 1520/2/1299
f 1512/2/1291 1493/2/1272 1520/2/1299
f 1521/2/1300 1522/2/1301 1523/2/1302
f 1522/2/1301 1524/2/1303 1523/2/1302
f 1522/2/1301 1525/2/1304 1524/2/1303
f 1526/2/1305 1523/2/1302 1524/2/1303
f 1525/2/1304 1526/2/1305 1524/2/1303
f 1527/2/1306 1525/2/1304 1522/2/1301
f 1521/2/1300 1527/2/1306 1522/2/1301
f 1526/2/1305 1525/2/1304 1528/2/1307
f 1525/2/1304 1527/2/1306 1529/2/1308
f 1529/2/1308 1528/2/1307 1525/2/1304
f 1530/2/1309 1529/2/1308 1527/2/1306
f 1528/2/1307 1529/2/1308 1531/2/1310
f 1530/2/1309 1531/2/1310 1529/2/1308
f 1532/2/1311 1527/2/1306 1521/2/1300
f 1527/2/1306 1532/2/1311 1530/2/1309
f 1532/2/1311 1521/2/1300 1533/2/1312
f 1532/2/1311 1534/2/1313 1530/2/1309
f 1534/2/1313 1532/2/1311 1533/2/1312
f 1521/2/1300 1535/2/1314 1533/2/1312
f 1521/2/1300 1523/2/1302 1535/2/1314
f 1536/2/1315 1534/2/1313 1533/2/1312
f 1534/2/1313 1537/2/1316 1530/2/1309
f 1536/2/1315 1537/2/1316 1534/2/1313
f 1530/2/1309 1537/2/1316 1538/2/1317
f 1531/2/1310 1530/2/1309 1538/2/1317
f 1537/2/1316 1536/2/1315 1539/2/1318
f 1537/2/1316 1539/2/1318 1538/2/1317
f 1533/2/1312 1540/2/1319 1536/2/1315
f 1535/2/1314 1540/2/1319 1533/2/1312
f 1539/2/1318 1536/2/1315 1541/2/1320
f 1536/2/1315 1540/2/1319 1541/2/1320
f 1539/2/1318 1542/2/1321 1538/2/1317
f 1538/2/1317 1542/2/1321 1531/2/1310
f 1542/2/1321 1539/2/1318 1541/2/1320
f 1531/2/1310 1542/2/1321 1543/2/1322
f 1542/2/1321 1541/2/1320 1543/2/1322
f 1531/2/1310 1543/2/1322 1528/2/1307
f 1540/2/1319 1535/2/1314 1544/2/1323
f 1545/2/1324 1541/2/1320 1540/2/1319
f 1543/2/1322 1541/2/1320 1545/2/1324
f 1540/2/1319 1544/2/1323 1545/2/1324
f 1528/2/1307 1543/2/1322 1546/2/1325
f 1543/2/1322 1545/2/1324 1546/2/1325
f 1528/2/1307 1546/2/1325 1526/2/1305
f 1547/2/1326 1544/2/1323 1535/2/1314
f 1545/2/1324 1544/2/1323 1547/2/1326
f 1545/2/1324 1547/2/1326 1546/2/1325
f 1546/2/1325 1547/2/1326 1526/2/1305
f 1523/2/1302 1547/2/1326 1535/2/1314
f 1547/2/1326 1523/2/1302 1526/2/1305
f 1548/2/1327 1549/2/1328 1550/2/1329
f 1549/2/1328 1551/2/1330 1550/2/1329
f 1548/2/1327 1550/2/1329 1552/2/1331
f 1550/2/1329 1553/2/1332 1552/2/1331
f 1551/2/1330 1553/2/1332 1550/2/1329
f 1548/2/1327 1552/2/1331 1554/2/1333
f 1553/2/1332 1551/2/1330 1555/2/1334
f 1556/2/1335 1554/2/1333 1552/2/1331
f 1552/2/1331 1553/2/1332 1556/2/1335
f 1557/2/1336 1548/2/1327 1554/2/1333
f 1556/2/1335 1557/2/1336 1554/2/1333
f 1556/2/1335 1553/2/1332 1558/2/1337
f 1555/2/1334 1558/2/1337 1553/2/1332
f 1557/2/1336 1556/2/1335 1559/2/1338
f 1559/2/1338 1556/2/1335 1558/2/1337
f 1560/2/1339 1548/2/1327 1557/2/1336
f 1559/2/1338 1561/2/1340 1557/2/1336
f 1561/2/1340 1560/2/1339 1557/2/1336
f 1559/2/1338 1558/2/1337 1562/2/1341
f 1562/2/1341 1558/2/1337 1555/2/1334
f 1563/2/1342 1561/2/1340 1559/2/1338
f 1563/2/1342 1559/2/1338 1562/2/1341
f 1561/2/1340 1564/2/1343 1560/2/1339
f 1561/2/1340 1563/2/1342 1564/2/1343
f 1560/2/1339 1565/2/1344 1548/2/1327
f 1548/2/1327 1565/2/1344 1549/2/1328
f 1564/2/1343 1566/2/1345 1560/2/1339
f 1560/2/1339 1566/2/1345 1565/2/1344
f 1563/2/1342 1567/2/1346 1564/2/1343
f 1564/2/1343 1567/2/1346 1566/2/1345
f 1568/2/1347 1567/2/1346 1563/2/1342
f 1563/2/1342 1562/2/1341 1568/2/1347
f 1569/2/1348 1566/2/1345 1567/2/1346
f 1566/2/1345 1569/2/1348 1565/2/1344
f 1567/2/1346 1568/2/1347 1570/2/1349
f 1567/2/1346 1570/2/1349 1569/2/1348
f 1568/2/1347 1562/2/1341 1571/2/1350
f 1570/2/1349 1568/2/1347 1571/2/1350
f 1555/2/1334 1571/2/1350 1562/2/1341
f 1571/2/1350 1572/2/1351 1570/2/1349
f 1555/2/1334 1572/2/1351 1571/2/1350
f 1570/2/1349 1572/2/1351 1569/2/1348
f 1572/2/1351 1555/2/1334 1573/2/1352
f 1573/2/1352 1555/2/1334 1551/2/1330
f 1574/2/1353 1569/2/1348 1572/2/1351
f 1572/2/1351 1573/2/1352 1574/2/1353
f 1565/2/1344 1569/2/1348 1574/2/1353
f 1574/2/1353 1573/2/1352 1551/2/1330
f 1565/2/1344 1574/2/1353 1549/2/1328
f 1574/2/1353 1551/2/1330 1549/2/1328
f 1575/2/1354 1576/2/1355 1577/2/1356
f 1578/2/1357 1575/2/1354 1577/2/1356
f 1576/2/1355 1579/2/1358 1580/2/1359
f 1579/2/1358 1576/2/1355 1575/2/1354
f 1575/2/1354 1581/2/1360 1579/2/1358
f 1582/2/1361 1575/2/1354 1578/2/1357
f 1582/2/1361 1578/2/1357 1583/2/1362
f 1581/2/1360 1575/2/1354 1584/2/1363
f 1582/2/1361 1584/2/1363 1575/2/1354
f 1585/2/1364 1581/2/1360 1584/2/1363
f 1582/2/1361 1583/2/1362 1586/2/1365
f 1586/2/1365 1583/2/1362 1587/2/1366
f 1587/2/1366 1588/2/1367 1586/2/1365
f 1589/2/1368 1588/2/1367 1587/2/1366
f 1589/2/1368 1590/2/1369 1588/2/1367
f 1589/2/1368 1591/2/1370 1590/2/1369
f 1592/2/1371 1590/2/1369 1591/2/1370
f 1591/2/1370 1593/2/1372 1592/2/1371
f 1594/2/1373 1592/2/1371 1593/2/1372
f 1595/2/1374 1582/2/1361 1586/2/1365
f 1582/2/1361 1595/2/1374 1584/2/1363
f 1596/2/1375 1595/2/1374 1586/2/1365
f 1597/2/1376 1595/2/1374 1596/2/1375
f 1598/2/1377 1584/2/1363 1595/2/1374
f 1598/2/1377 1595/2/1374 1597/2/1376
f 1599/2/1378 1598/2/1377 1597/2/1376
f 1584/2/1363 1598/2/1377 1585/2/1364
f 1585/2/1364 1598/2/1377 1599/2/1378
f 1585/2/1364 1599/2/1378 1600/2/1379
f 1585/2/1364 1600/2/1379 1601/2/1380
f 1602/2/1381 1585/2/1364 1601/2/1380
f 1585/2/1364 1602/2/1381 1581/2/1360
f 1601/2/1380 1603/2/1382 1602/2/1381
f 1594/2/1373 1604/2/1383 1605/2/1384
f 1604/2/1383 1606/2/1385 1605/2/1384
f 1604/2/1383 1594/2/1373 1593/2/1372
f 1606/2/1385 1604/2/1383 1607/2/1386
f 1607/2/1386 1608/2/1387 1606/2/1385
f 1593/2/1372 1609/2/1388 1604/2/1383
f 1593/2/1372 1610/2/1389 1609/2/1388
f 1604/2/1383 1611/2/1390 1607/2/1386
f 1604/2/1383 1609/2/1388 1611/2/1390
f 1612/2/1391 1609/2/1388 1610/2/1389
f 1608/2/1387 1607/2/1386 1613/2/1392
f 1611/2/1390 1613/2/1392 1607/2/1386
f 1608/2/1387 1613/2/1392 1614/2/1393
f 1614/2/1393 1613/2/1392 1615/2/1394
f 1616/2/1395 1614/2/1393 1615/2/1394
f 1617/2/1396 1615/2/1394 1613/2/1392
f 1617/2/1396 1616/2/1395 1615/2/1394
f 1613/2/1392 1611/2/1390 1617/2/1396
f 1616/2/1395 1617/2/1396 1618/2/1397
f 1609/2/1388 1619/2/1398 1611/2/1390
f 1619/2/1398 1617/2/1396 1611/2/1390
f 1609/2/1388 1612/2/1391 1620/2/1399
f 1620/2/1399 1619/2/1398 1609/2/1388
f 1621/2/1400 1620/2/1399 1612/2/1391
f 1618/2/1397 1617/2/1396 1622/2/1401
f 1622/2/1401 1617/2/1396 1619/2/1398
f 1623/2/1402 1618/2/1397 1622/2/1401
f 1624/2/1403 1622/2/1401 1619/2/1398
f 1624/2/1403 1619/2/1398 1620/2/1399
f 1623/2/1402 1622/2/1401 1037/2/818
f 1622/2/1401 1624/2/1403 1037/2/818
f 1037/2/818 1038/2/819 1623/2/1402
f 1620/2/1399 1037/2/818 1624/2/1403
f 1035/2/816 1037/2/818 1620/2/1399
f 1625/2/1404 1620/2/1399 1621/2/1400
f 1035/2/816 1620/2/1399 1625/2/1404
f 1625/2/1404 1621/2/1400 1626/2/1405
f 1035/2/816 1625/2/1404 1627/2/1406
f 1626/2/1405 1628/2/1407 1625/2/1404
f 1627/2/1406 1625/2/1404 1628/2/1407
f 1628/2/1407 1626/2/1405 1629/2/1408
f 1208/2/989 1628/2/1407 1629/2/1408
f 1630/2/1409 1627/2/1406 1628/2/1407
f 1630/2/1409 1628/2/1407 1208/2/989
f 1201/2/982 1627/2/1406 1630/2/1409
f 1208/2/989 1200/2/981 1630/2/1409
f 1201/2/982 1630/2/1409 1200/2/981
f 1631/2/1410 1632/2/1411 1633/2/1412
f 1633/2/1412 1632/2/1411 1634/2/1413
f 1632/2/1411 1631/2/1410 1635/2/1414
f 1634/2/1413 1632/2/1411 1635/2/1414
f 1633/2/1412 1634/2/1413 1636/2/1415
f 1637/2/1416 1634/2/1413 1635/2/1414
f 1637/2/1416 1635/2/1414 1638/2/1417
f 1634/2/1413 1637/2/1416 1639/2/1418
f 1636/2/1415 1634/2/1413 1639/2/1418
f 1638/2/1417 1635/2/1414 1640/2/1419
f 1640/2/1419 1635/2/1414 1631/2/1410
f 1641/2/1420 1637/2/1416 1638/2/1417
f 1638/2/1417 1640/2/1419 1641/2/1420
f 1642/2/1421 1639/2/1418 1637/2/1416
f 1641/2/1420 1642/2/1421 1637/2/1416
f 1639/2/1418 1643/2/1422 1636/2/1415
f 1643/2/1422 1639/2/1418 1642/2/1421
f 1642/2/1421 1641/2/1420 1644/2/1423
f 1641/2/1420 1640/2/1419 1645/2/1424
f 1645/2/1424 1644/2/1423 1641/2/1420
f 1631/2/1410 1646/2/1425 1640/2/1419
f 1645/2/1424 1640/2/1419 1646/2/1425
f 1631/2/1410 1647/2/1426 1646/2/1425
f 1645/2/1424 1646/2/1425 1647/2/1426
f 1642/2/1421 1644/2/1423 1648/2/1427
f 1645/2/1424 1648/2/1427 1644/2/1423
f 1642/2/1421 1649/2/1428 1643/2/1422
f 1648/2/1427 1649/2/1428 1642/2/1421
f 1650/2/1429 1648/2/1427 1645/2/1424
f 1650/2/1429 1645/2/1424 1647/2/1426
f 1651/2/1430 1649/2/1428 1648/2/1427
f 1650/2/1429 1651/2/1430 1648/2/1427
f 1643/2/1422 1649/2/1428 1652/2/1431
f 1647/2/1426 1653/2/1432 1650/2/1429
f 1653/2/1432 1651/2/1430 1650/2/1429
f 1651/2/1430 1654/2/1433 1649/2/1428
f 1649/2/1428 1654/2/1433 1652/2/1431
f 1651/2/1430 1655/2/1434 1654/2/1433
f 1655/2/1434 1652/2/1431 1654/2/1433
f 1655/2/1434 1651/2/1430 1656/2/1435
f 1656/2/1435 1651/2/1430 1653/2/1432
f 1652/2/1431 1655/2/1434 1657/2/1436
f 1657/2/1436 1655/2/1434 1656/2/1435
f 1658/2/1437 1656/2/1435 1653/2/1432
f 1657/2/1436 1656/2/1435 1658/2/1437
f 1653/2/1432 1647/2/1426 1658/2/1437
f 1659/2/1438 1652/2/1431 1657/2/1436
f 1643/2/1422 1652/2/1431 1660/2/1439
f 1652/2/1431 1659/2/1438 1660/2/1439
f 1636/2/1415 1643/2/1422 1660/2/1439
f 1661/2/1440 1636/2/1415 1660/2/1439
f 1659/2/1438 1661/2/1440 1660/2/1439
f 1661/2/1440 1633/2/1412 1636/2/1415
f 1659/2/1438 1657/2/1436 1662/2/1441
f 1662/2/1441 1661/2/1440 1659/2/1438
f 1662/2/1441 1657/2/1436 1658/2/1437
f 1661/2/1440 1663/2/1442 1633/2/1412
f 1661/2/1440 1662/2/1441 1663/2/1442
f 1662/2/1441 1658/2/1437 1663/2/1442
f 1663/2/1442 1658/2/1437 1647/2/1426
f 1633/2/1412 1663/2/1442 1631/2/1410
f 1647/2/1426 1631/2/1410 1663/2/1442
f 1664/2/1443 1665/2/1444 1666/2/1445
f 1664/2/1443 1666/2/1445 1667/2/1446
f 1665/2/1444 1668/2/1447 1666/2/1445
f 1668/2/1447 1667/2/1446 1666/2/1445
f 1664/2/1443 1669/2/1448 1665/2/1444
f 1668/2/1447 1665/2/1444 1670/2/1449
f 1671/2/1450 1664/2/1443 1667/2/1446
f 1669/2/1448 1664/2/1443 1671/2/1450
f 1672/2/1451 1665/2/1444 1669/2/1448
f 1673/2/1452 1665/2/1444 1672/2/1451
f 1665/2/1444 1673/2/1452 1670/2/1449
f 1669/2/1448 1674/2/1453 1672/2/1451
f 1673/2/1452 1672/2/1451 1674/2/1453
f 1669/2/1448 1671/2/1450 1675/2/1454
f 1675/2/1454 1674/2/1453 1669/2/1448
f 1675/2/1454 1671/2/1450 1676/2/1455
f 1677/2/1456 1674/2/1453 1675/2/1454
f 1671/2/1450 1678/2/1457 1676/2/1455
f 1678/2/1457 1671/2/1450 1667/2/1446
f 1675/2/1454 1676/2/1455 1679/2/1458
f 1679/2/1458 1676/2/1455 1678/2/1457
f 1679/2/1458 1677/2/1456 1675/2/1454
f 1667/2/1446 1680/2/1459 1678/2/1457
f 1678/2/1457 1680/2/1459 1679/2/1458
f 1680/2/1459 1667/2/1446 1681/2/1460
f 1667/2/1446 1668/2/1447 1681/2/1460
f 1677/2/1456 1682/2/1461 1674/2/1453
f 1679/2/1458 1682/2/1461 1677/2/1456
f 1682/2/1461 1683/2/1462 1674/2/1453
f 1674/2/1453 1683/2/1462 1673/2/1452
f 1682/2/1461 1679/2/1458 1684/2/1463
f 1680/2/1459 1684/2/1463 1679/2/1458
f 1683/2/1462 1682/2/1461 1685/2/1464
f 1682/2/1461 1684/2/1463 1685/2/1464
f 1686/2/1465 1673/2/1452 1683/2/1462
f 1670/2/1449 1673/2/1452 1686/2/1465
f 1683/2/1462 1685/2/1464 1687/2/1466
f 1686/2/1465 1683/2/1462 1687/2/1466
f 1688/2/1467 1685/2/1464 1684/2/1463
f 1688/2/1467 1687/2/1466 1685/2/1464
f 1684/2/1463 1680/2/1459 1689/2/1468
f 1684/2/1463 1689/2/1468 1688/2/1467
f 1680/2/1459 1681/2/1460 1689/2/1468
f 1690/2/1469 1688/2/1467 1689/2/1468
f 1690/2/1469 1687/2/1466 1688/2/1467
f 1689/2/1468 1681/2/1460 1690/2/1469
f 1686/2/1465 1687/2/1466 1691/2/1470
f 1691/2/1470 1687/2/1466 1690/2/1469
f 1670/2/1449 1686/2/1465 1691/2/1470
f 1690/2/1469 1681/2/1460 1692/2/1471
f 1692/2/1471 1691/2/1470 1690/2/1469
f 1692/2/1471 1670/2/1449 1691/2/1470
f 1681/2/1460 1668/2/1447 1692/2/1471
f 1692/2/1471 1668/2/1447 1670/2/1449
f 1693/2/1472 1020/2/801 1694/2/1473
f 1020/2/801 1693/2/1472 1019/2/800
f 1695/2/1474 1019/2/800 1693/2/1472
