# Blender 5.2.0 LTS
# www.blender.org
mtllib skeleton.mtl
o RenderMesh_130280306857718
v 0.247611 0.091497 -0.265767
v 0.240716 0.128429 -0.298288
v 0.234501 0.113598 -0.262454
v 0.240956 0.083656 -0.256552
v -0.248186 0.046289 -0.265436
v -0.239235 0.013237 -0.256552
v -0.241496 0.047003 -0.256552
v -0.245771 0.004640 -0.266830
v 0.248186 0.046289 -0.265436
v 0.239233 0.013237 -0.256552
v 0.245771 0.004640 -0.266830
v 0.241495 0.047003 -0.256552
v -0.247613 0.091497 -0.265767
v -0.248186 0.046289 -0.265436
v -0.240957 0.083656 -0.256552
v -0.241496 0.047003 -0.256552
v 0.248186 0.046289 -0.265436
v 0.247611 0.091497 -0.265767
v 0.240956 0.083656 -0.256552
v 0.241495 0.047003 -0.256552
v -0.240718 0.128429 -0.269748
v -0.247613 0.091497 -0.265767
v -0.234502 0.113598 -0.256552
v -0.240957 0.083656 -0.256552
v -0.226945 -0.013183 -0.256552
v -0.245771 0.004640 -0.266830
v -0.232644 -0.027946 -0.274409
v -0.239235 0.013237 -0.256552
v 0.245771 0.004640 -0.266830
v 0.226943 -0.013183 -0.256552
v 0.232643 -0.027946 -0.274409
v 0.239233 0.013237 -0.256552
v -0.239235 0.013237 -0.256552
v -0.208445 0.025063 -0.224446
v -0.241496 0.047003 -0.256552
v -0.209980 0.047986 -0.224446
v -0.241496 0.047003 -0.256552
v -0.209615 0.072868 -0.224446
v -0.240957 0.083656 -0.256552
v -0.209980 0.047986 -0.224446
v 0.239233 0.013237 -0.256552
v 0.241495 0.047003 -0.256552
v 0.208443 0.025063 -0.224446
v 0.209978 0.047986 -0.224446
v 0.241495 0.047003 -0.256552
v 0.209614 0.072868 -0.224446
v 0.209978 0.047986 -0.224446
v 0.240956 0.083656 -0.256552
v 0.240956 0.083656 -0.256552
v 0.205231 0.093195 -0.224446
v 0.209614 0.072868 -0.224446
v 0.234501 0.113598 -0.262454
v -0.240957 0.083656 -0.256552
v -0.205233 0.093195 -0.224446
v -0.234502 0.113598 -0.256552
v -0.209615 0.072868 -0.224446
v -0.239235 0.013237 -0.256552
v -0.226945 -0.013183 -0.256552
v -0.200101 0.007128 -0.224446
v -0.208445 0.025063 -0.224446
v 0.239233 0.013237 -0.256552
v 0.200100 0.007128 -0.224446
v 0.226943 -0.013183 -0.256552
v 0.208443 0.025063 -0.224446
v 0.025003 0.047047 -0.394290
v 0.146749 0.151729 -0.352540
v 0.037811 0.005808 -0.386895
v 0.065273 -0.028434 -0.371040
v 0.102796 -0.048840 -0.349376
v 0.147058 -0.052535 -0.323822
v 0.092755 0.152535 -0.383714
v 0.022107 0.093656 -0.424502
v 0.050165 0.141487 -0.408303
v 0.248186 0.046289 -0.265436
v 0.191319 -0.048840 -0.298268
v 0.197711 0.144497 -0.323117
v 0.245771 0.004640 -0.266830
v 0.232643 -0.027946 -0.274409
v 0.247611 0.091497 -0.265767
v 0.240716 0.128429 -0.298288
v -0.146751 0.151729 -0.352540
v -0.248186 0.046289 -0.265436
v -0.197713 0.144497 -0.323117
v -0.247613 0.091497 -0.265767
v -0.240718 0.128429 -0.269748
v -0.147059 -0.052535 -0.323822
v -0.191321 -0.048840 -0.298268
v -0.245771 0.004640 -0.266830
v -0.232644 -0.027946 -0.274409
v -0.102798 -0.048840 -0.349376
v -0.065274 -0.028434 -0.371040
v -0.037813 0.005808 -0.386895
v -0.025005 0.047047 -0.394290
v -0.092757 0.152535 -0.383714
v -0.022109 0.093656 -0.395962
v -0.050167 0.141487 -0.408303
v -0.209615 0.072868 -0.224446
v -0.209980 0.047986 -0.224446
v -0.143356 0.050064 -0.195498
v -0.209980 0.047986 -0.224446
v -0.208445 0.025063 -0.224446
v -0.143356 0.050064 -0.195498
v 0.209614 0.072868 -0.224446
v 0.143355 0.050064 -0.195498
v 0.209978 0.047986 -0.224446
v 0.209978 0.047986 -0.224446
v 0.143355 0.050064 -0.195498
v 0.208443 0.025063 -0.224446
v -0.205233 0.093195 -0.224446
v -0.209615 0.072868 -0.224446
v -0.143356 0.050064 -0.195498
v 0.205231 0.093195 -0.224446
v 0.143355 0.050064 -0.195498
v 0.209614 0.072868 -0.224446
v -0.188258 -0.030122 -0.256552
v -0.200101 0.007128 -0.224446
v -0.226945 -0.013183 -0.256552
v -0.173838 -0.004372 -0.224446
v 0.200100 0.007128 -0.224446
v 0.188257 -0.030122 -0.256552
v 0.226943 -0.013183 -0.256552
v 0.173837 -0.004372 -0.224446
v -0.208445 0.025063 -0.224446
v -0.200101 0.007128 -0.224446
v -0.143356 0.050064 -0.195498
v 0.208443 0.025063 -0.224446
v 0.143355 0.050064 -0.195498
v 0.200100 0.007128 -0.224446
v -0.232644 -0.027946 -0.274409
v -0.188258 -0.030122 -0.256552
v -0.226945 -0.013183 -0.256552
v -0.191321 -0.048840 -0.298268
v 0.232643 -0.027946 -0.274409
v 0.188257 -0.030122 -0.256552
v 0.191319 -0.048840 -0.298268
v 0.226943 -0.013183 -0.256552
v -0.234502 0.113598 -0.256552
v -0.205233 0.093195 -0.224446
v -0.194243 0.126625 -0.256552
v -0.177902 0.102039 -0.224446
v -0.200101 0.007128 -0.224446
v -0.173838 -0.004372 -0.224446
v -0.143356 0.050064 -0.195498
v 0.200100 0.007128 -0.224446
v 0.143355 0.050064 -0.195498
v 0.173837 -0.004372 -0.224446
v -0.197713 0.144497 -0.323117
v -0.146534 0.132488 -0.256552
v -0.146751 0.151729 -0.352540
v -0.194243 0.126625 -0.256552
v -0.194243 0.126625 -0.256552
v -0.197713 0.144497 -0.323117
v -0.240718 0.128429 -0.269748
v -0.234502 0.113598 -0.256552
v 0.205231 0.093195 -0.224446
v 0.234501 0.113598 -0.262454
v 0.194241 0.126625 -0.285092
v 0.177900 0.102039 -0.224446
v -0.177902 0.102039 -0.224446
v -0.205233 0.093195 -0.224446
v -0.143356 0.050064 -0.195498
v 0.177900 0.102039 -0.224446
v 0.143355 0.050064 -0.195498
v 0.205231 0.093195 -0.224446
v -0.194243 0.126625 -0.256552
v -0.177902 0.102039 -0.224446
v -0.146534 0.132488 -0.256552
v -0.145514 0.106019 -0.224446
v 0.177900 0.102039 -0.224446
v 0.194241 0.126625 -0.285092
v 0.146533 0.132488 -0.285092
v 0.145512 0.106019 -0.224446
v -0.146823 -0.033118 -0.256552
v -0.173838 -0.004372 -0.224446
v -0.188258 -0.030122 -0.256552
v -0.145710 -0.006406 -0.224446
v 0.146821 -0.033118 -0.256552
v 0.173837 -0.004372 -0.224446
v 0.145709 -0.006406 -0.224446
v 0.188257 -0.030122 -0.256552
v -0.191321 -0.048840 -0.298268
v -0.146823 -0.033118 -0.256552
v -0.188258 -0.030122 -0.256552
v -0.147059 -0.052535 -0.323822
v 0.191319 -0.048840 -0.298268
v 0.146821 -0.033118 -0.256552
v 0.147058 -0.052535 -0.323822
v 0.188257 -0.030122 -0.256552
v -0.146751 0.151729 -0.352540
v -0.095987 0.133141 -0.256552
v -0.092757 0.152535 -0.383714
v -0.146534 0.132488 -0.256552
v 0.240716 0.128429 -0.298288
v 0.194241 0.126625 -0.285092
v 0.234501 0.113598 -0.262454
v 0.197711 0.144497 -0.323117
v 0.197711 0.144497 -0.323117
v 0.146749 0.151729 -0.352540
v 0.146533 0.132488 -0.285092
v 0.194241 0.126625 -0.285092
v -0.145514 0.106019 -0.224446
v -0.177902 0.102039 -0.224446
v -0.143356 0.050064 -0.195498
v 0.145512 0.106019 -0.224446
v 0.143355 0.050064 -0.195498
v 0.177900 0.102039 -0.224446
v -0.146534 0.132488 -0.256552
v -0.111199 0.106463 -0.224446
v -0.095987 0.133141 -0.256552
v -0.145514 0.106019 -0.224446
v -0.173838 -0.004372 -0.224446
v -0.145710 -0.006406 -0.224446
v -0.143356 0.050064 -0.195498
v 0.173837 -0.004372 -0.224446
v 0.143355 0.050064 -0.195498
v 0.145709 -0.006406 -0.224446
v 0.146533 0.132488 -0.285092
v 0.111197 0.106463 -0.224446
v 0.145512 0.106019 -0.224446
v 0.095985 0.133141 -0.285092
v 0.146749 0.151729 -0.352540
v 0.092755 0.152535 -0.383714
v 0.095985 0.133141 -0.285092
v 0.146533 0.132488 -0.285092
v -0.111199 0.106463 -0.224446
v -0.145514 0.106019 -0.224446
v -0.143356 0.050064 -0.195498
v 0.111197 0.106463 -0.224446
v 0.143355 0.050064 -0.195498
v 0.145512 0.106019 -0.224446
v -0.147059 -0.052535 -0.323822
v -0.105387 -0.030122 -0.256552
v -0.146823 -0.033118 -0.256552
v -0.102798 -0.048840 -0.349376
v -0.105387 -0.030122 -0.256552
v -0.117580 -0.004372 -0.224446
v -0.146823 -0.033118 -0.256552
v -0.145710 -0.006406 -0.224446
v 0.147058 -0.052535 -0.323822
v 0.105385 -0.030122 -0.256552
v 0.102796 -0.048840 -0.349376
v 0.146821 -0.033118 -0.256552
v 0.105385 -0.030122 -0.256552
v 0.146821 -0.033118 -0.256552
v 0.117578 -0.004372 -0.224446
v 0.145709 -0.006406 -0.224446
v -0.145710 -0.006406 -0.224446
v -0.117580 -0.004372 -0.224446
v -0.143356 0.050064 -0.195498
v 0.145709 -0.006406 -0.224446
v 0.143355 0.050064 -0.195498
v 0.117578 -0.004372 -0.224446
v -0.092757 0.152535 -0.383714
v -0.056116 0.124185 -0.256552
v -0.050167 0.141487 -0.408303
v -0.095987 0.133141 -0.256552
v -0.084131 0.100382 -0.224446
v -0.111199 0.106463 -0.224446
v -0.143356 0.050064 -0.195498
v 0.084130 0.100382 -0.224446
v 0.143355 0.050064 -0.195498
v 0.111197 0.106463 -0.224446
v -0.095987 0.133141 -0.256552
v -0.084131 0.100382 -0.224446
v -0.056116 0.124185 -0.256552
v -0.111199 0.106463 -0.224446
v 0.050165 0.141487 -0.408303
v 0.056114 0.124185 -0.285092
v 0.092755 0.152535 -0.383714
v 0.095985 0.133141 -0.285092
v 0.084130 0.100382 -0.224446
v 0.095985 0.133141 -0.285092
v 0.056114 0.124185 -0.285092
v 0.111197 0.106463 -0.224446
v -0.117580 -0.004372 -0.224446
v -0.093733 0.006859 -0.224446
v -0.143356 0.050064 -0.195498
v 0.117578 -0.004372 -0.224446
v 0.143355 0.050064 -0.195498
v 0.093731 0.006859 -0.224446
v -0.070259 -0.013578 -0.256552
v -0.093733 0.006859 -0.224446
v -0.105387 -0.030122 -0.256552
v -0.117580 -0.004372 -0.224446
v 0.093731 0.006859 -0.224446
v 0.070257 -0.013578 -0.256552
v 0.105385 -0.030122 -0.256552
v 0.117578 -0.004372 -0.224446
v -0.066300 0.074057 -0.224446
v -0.084131 0.100382 -0.224446
v -0.143356 0.050064 -0.195498
v 0.066298 0.074057 -0.224446
v 0.143355 0.050064 -0.195498
v 0.084130 0.100382 -0.224446
v -0.093733 0.006859 -0.224446
v -0.076280 0.025706 -0.224446
v -0.143356 0.050064 -0.195498
v 0.093731 0.006859 -0.224446
v 0.143355 0.050064 -0.195498
v 0.076278 0.025706 -0.224446
v -0.102798 -0.048840 -0.349376
v -0.070259 -0.013578 -0.256552
v -0.105387 -0.030122 -0.256552
v -0.065274 -0.028434 -0.371040
v 0.102796 -0.048840 -0.349376
v 0.070257 -0.013578 -0.256552
v 0.065273 -0.028434 -0.371040
v 0.105385 -0.030122 -0.256552
v -0.076280 0.025706 -0.224446
v -0.068140 0.048403 -0.224446
v -0.143356 0.050064 -0.195498
v 0.076278 0.025706 -0.224446
v 0.143355 0.050064 -0.195498
v 0.068138 0.048403 -0.224446
v -0.068140 0.048403 -0.224446
v -0.066300 0.074057 -0.224446
v -0.143356 0.050064 -0.195498
v 0.068138 0.048403 -0.224446
v 0.143355 0.050064 -0.195498
v 0.066298 0.074057 -0.224446
v 0.066298 0.074057 -0.224446
v 0.056114 0.124185 -0.285092
v 0.029847 0.085406 -0.256552
v 0.084130 0.100382 -0.224446
v -0.056116 0.124185 -0.256552
v -0.066300 0.074057 -0.224446
v -0.029849 0.085406 -0.256552
v -0.084131 0.100382 -0.224446
v -0.070259 -0.013578 -0.256552
v -0.044550 0.014184 -0.256552
v -0.076280 0.025706 -0.224446
v -0.093733 0.006859 -0.224446
v 0.070257 -0.013578 -0.256552
v 0.076278 0.025706 -0.224446
v 0.044549 0.014184 -0.256552
v 0.093731 0.006859 -0.224446
v -0.022109 0.093656 -0.395962
v -0.056116 0.124185 -0.256552
v -0.029849 0.085406 -0.256552
v -0.050167 0.141487 -0.408303
v 0.022107 0.093656 -0.424502
v 0.056114 0.124185 -0.285092
v 0.050165 0.141487 -0.408303
v 0.029847 0.085406 -0.256552
v -0.065274 -0.028434 -0.371040
v -0.044550 0.014184 -0.256552
v -0.070259 -0.013578 -0.256552
v -0.037813 0.005808 -0.386895
v 0.065273 -0.028434 -0.371040
v 0.044549 0.014184 -0.256552
v 0.037811 0.005808 -0.386895
v 0.070257 -0.013578 -0.256552
v -0.076280 0.025706 -0.224446
v -0.044550 0.014184 -0.256552
v -0.068140 0.048403 -0.224446
v -0.032560 0.047618 -0.256552
v 0.068138 0.048403 -0.224446
v 0.044549 0.014184 -0.256552
v 0.076278 0.025706 -0.224446
v 0.032558 0.047618 -0.256552
v -0.068140 0.048403 -0.224446
v -0.032560 0.047618 -0.256552
v -0.066300 0.074057 -0.224446
v -0.029849 0.085406 -0.256552
v 0.066298 0.074057 -0.224446
v 0.032558 0.047618 -0.256552
v 0.068138 0.048403 -0.224446
v 0.029847 0.085406 -0.256552
v -0.037813 0.005808 -0.386895
v -0.032560 0.047618 -0.256552
v -0.044550 0.014184 -0.256552
v -0.025005 0.047047 -0.394290
v 0.037811 0.005808 -0.386895
v 0.032558 0.047618 -0.256552
v 0.025003 0.047047 -0.394290
v 0.044549 0.014184 -0.256552
v 0.025003 0.047047 -0.394290
v 0.029847 0.085406 -0.256552
v 0.022107 0.093656 -0.424502
v 0.032558 0.047618 -0.256552
v -0.025005 0.047047 -0.394290
v -0.029849 0.085406 -0.256552
v -0.032560 0.047618 -0.256552
v -0.022109 0.093656 -0.395962
vn 0.8014 0.4103 0.4353
vn 0.8013 0.4103 0.4353
vn -0.8072 -0.0610 0.5871
vn 0.8072 -0.0610 0.5872
vn 0.8071 -0.0610 0.5872
vn -0.8020 0.0130 0.5972
vn -0.8019 0.0130 0.5973
vn 0.8022 0.0130 0.5969
vn 0.8022 0.0130 0.5968
vn 0.8023 0.0130 0.5968
vn -0.7572 0.1884 0.6255
vn -0.7571 0.1883 0.6255
vn -0.6926 -0.3776 0.6146
vn 0.6925 -0.3776 0.6147
vn 0.6925 -0.3777 0.6147
vn -0.7121 -0.0477 0.7005
vn -0.7122 -0.0474 0.7004
vn -0.7139 0.0100 0.7001
vn -0.7139 0.0100 0.7002
vn 0.7121 -0.0477 0.7005
vn 0.7138 0.0100 0.7003
vn 0.7137 0.0104 0.7003
vn 0.7138 0.0105 0.7003
vn 0.6838 0.2293 0.6927
vn 0.6838 0.2292 0.6927
vn -0.6826 0.1472 0.7158
vn -0.6827 0.1474 0.7156
vn -0.6332 -0.2946 0.7158
vn -0.6332 -0.2945 0.7158
vn -0.6332 -0.2946 0.7157
vn -0.6330 -0.2950 0.7158
vn 0.6329 -0.2949 0.7159
vn 0.6332 -0.2946 0.7157
vn 0.6330 -0.2948 0.7158
vn 0.5133 -0.1351 -0.8475
vn 0.5132 -0.1351 -0.8475
vn 0.5133 -0.1350 -0.8475
vn 0.5133 -0.1352 -0.8475
vn -0.5056 -0.1137 -0.8552
vn -0.5057 -0.1137 -0.8552
vn -0.5056 -0.1136 -0.8552
vn -0.5056 -0.1137 -0.8553
vn -0.5056 -0.1136 -0.8553
vn -0.3987 0.0062 0.9171
vn -0.3977 -0.0266 0.9171
vn 0.3987 0.0058 0.9171
vn 0.3977 -0.0266 0.9171
vn -0.3752 0.0811 0.9234
vn 0.3755 0.0810 0.9233
vn -0.2962 -0.6757 0.6750
vn -0.2959 -0.6759 0.6750
vn 0.2959 -0.6759 0.6750
vn -0.3486 -0.1623 0.9231
vn 0.3484 -0.1621 0.9232
vn -0.2427 -0.8297 0.5027
vn 0.2425 -0.8297 0.5027
vn 0.2425 -0.8298 0.5027
vn -0.2311 0.7125 0.6625
vn -0.2309 0.7125 0.6626
vn -0.2310 0.7125 0.6625
vn -0.1696 -0.3875 0.9061
vn 0.1695 -0.3874 0.9062
vn -0.0624 0.9728 0.2231
vn -0.0625 0.9728 0.2231
vn -0.0741 0.9197 0.3857
vn -0.0741 0.9197 0.3856
vn 0.1295 0.8780 0.4608
vn 0.1294 0.8780 0.4608
vn 0.1295 0.8780 0.4607
vn -0.1334 0.4134 0.9007
vn 0.1336 0.4129 0.9009
vn -0.0947 0.7668 0.6349
vn -0.0942 0.7667 0.6351
vn -0.0945 0.7667 0.6350
vn 0.1118 0.9101 0.3991
vn 0.1119 0.9099 0.3994
vn -0.0557 -0.7663 0.6400
vn -0.0554 -0.7666 0.6397
vn -0.0556 -0.7664 0.6400
vn -0.0557 -0.7663 0.6401
vn 0.0554 -0.7666 0.6397
vn 0.0554 -0.7664 0.6400
vn 0.0243 -0.9439 0.3293
vn 0.0242 -0.9439 0.3294
vn -0.0245 -0.9439 0.3293
vn -0.0244 -0.9439 0.3293
vn 0.0369 0.9845 0.1715
vn 0.0370 0.9845 0.1715
vn 0.0818 0.9075 0.4121
vn 0.0817 0.9075 0.4121
vn 0.0818 0.9074 0.4121
vn 0.0262 0.9428 0.3324
vn 0.0262 0.9428 0.3323
vn -0.0562 0.4571 0.8877
vn 0.0562 0.4571 0.8877
vn -0.0099 0.7716 0.6360
vn -0.0098 0.7717 0.6359
vn -0.0100 0.7714 0.6363
vn -0.0331 -0.4546 0.8901
vn 0.0330 -0.4544 0.8902
vn 0.0118 0.9164 0.4001
vn 0.0119 0.9164 0.4002
vn -0.0546 0.9724 0.2269
vn -0.0547 0.9724 0.2269
vn -0.0059 0.4593 0.8883
vn 0.0056 0.4590 0.8884
vn 0.1441 -0.9623 0.2309
vn 0.0556 -0.7685 0.6375
vn 0.0556 -0.7685 0.6374
vn 0.0554 -0.7687 0.6372
vn -0.1443 -0.9622 0.2309
vn -0.0556 -0.7685 0.6375
vn 0.0330 -0.4567 0.8890
vn -0.0330 -0.4570 0.8888
vn 0.2717 0.9530 0.1344
vn 0.2716 0.9530 0.1344
vn 0.0926 0.4124 0.9063
vn -0.0927 0.4127 0.9062
vn 0.1617 0.7200 0.6749
vn -0.2797 0.9454 0.1676
vn -0.1970 0.8783 0.4356
vn -0.1973 0.8782 0.4358
vn 0.1849 -0.3922 0.9011
vn -0.1842 -0.3923 0.9012
vn 0.3187 -0.6767 0.6637
vn 0.3185 -0.6770 0.6635
vn -0.3187 -0.6767 0.6637
vn -0.3187 -0.6770 0.6634
vn 0.2903 0.1971 0.9364
vn -0.2905 0.1968 0.9364
vn 0.2959 -0.2734 0.9153
vn -0.2953 -0.2734 0.9155
vn 0.4841 -0.8609 0.1568
vn -0.4842 -0.8608 0.1568
vn 0.3537 -0.1272 0.9267
vn -0.3538 -0.1272 0.9266
vn 0.3586 -0.0257 0.9331
vn -0.3585 -0.0262 0.9331
vn -0.5204 0.6131 0.5943
vn -0.5204 0.6132 0.5943
vn -0.5204 0.6132 0.5944
vn 0.5464 0.3704 0.7511
vn 0.5465 0.3701 0.7513
vn 0.5465 0.3701 0.7512
vn 0.5269 -0.4880 0.6959
vn 0.5272 -0.4879 0.6957
vn 0.5273 -0.4879 0.6956
vn -0.5272 -0.4879 0.6957
vn -0.5273 -0.4878 0.6956
vn -0.5269 -0.4880 0.6959
vn 0.8385 0.5380 0.0867
vn 0.8385 0.5379 0.0867
vn -0.8386 0.5378 0.0867
vn -0.8386 0.5379 0.0866
vn -0.8386 0.5379 0.0867
vn 0.7675 -0.6338 0.0964
vn -0.7675 -0.6337 0.0964
vn -0.7676 -0.6337 0.0964
vn 0.6487 -0.2327 0.7246
vn 0.6486 -0.2324 0.7248
vn 0.6487 -0.2326 0.7246
vn -0.6487 -0.2327 0.7246
vn 0.6683 -0.0484 0.7423
vn 0.6683 -0.0483 0.7423
vn 0.6684 -0.0482 0.7422
vn -0.6683 -0.0484 0.7423
vn -0.6683 -0.0485 0.7423
vn 0.9489 -0.3095 0.0614
vn 0.9489 -0.3096 0.0614
vn -0.9489 -0.3095 0.0613
vn -0.9489 -0.3095 0.0614
vn -0.9976 -0.0484 0.0487
vn 0.9964 -0.0650 0.0536
vn 0.9965 -0.0650 0.0536
vn 0.9965 -0.0649 0.0536
vt 0.000000 0.000000
s 1
f 1/1/1 2/1/1 3/1/1
f 3/1/1 4/1/2 1/1/1
f 5/1/3 6/1/3 7/1/3
f 6/1/3 5/1/3 8/1/3
f 9/1/4 10/1/4 11/1/4
f 10/1/4 9/1/4 12/1/5
f 13/1/6 14/1/7 15/1/6
f 15/1/6 14/1/7 16/1/6
f 17/1/8 18/1/9 19/1/10
f 17/1/8 19/1/10 20/1/8
f 21/1/11 22/1/11 23/1/12
f 23/1/12 22/1/11 24/1/12
f 25/1/13 26/1/13 27/1/13
f 26/1/13 25/1/13 28/1/13
f 29/1/14 30/1/15 31/1/15
f 30/1/15 29/1/14 32/1/14
f 33/1/16 34/1/17 35/1/16
f 35/1/16 34/1/17 36/1/16
f 37/1/18 38/1/18 39/1/18
f 38/1/18 37/1/18 40/1/19
f 41/1/20 42/1/20 43/1/20
f 42/1/20 44/1/20 43/1/20
f 45/1/21 46/1/21 47/1/22
f 46/1/21 45/1/21 48/1/23
f 49/1/24 50/1/25 51/1/25
f 50/1/25 49/1/24 52/1/24
f 53/1/26 54/1/26 55/1/26
f 54/1/26 53/1/26 56/1/27
f 57/1/28 58/1/29 59/1/30
f 57/1/28 59/1/30 60/1/31
f 61/1/32 62/1/33 63/1/34
f 62/1/33 61/1/32 64/1/33
f 65/1/35 66/1/35 67/1/36
f 66/1/35 68/1/35 67/1/36
f 68/1/35 66/1/35 69/1/35
f 69/1/35 66/1/35 70/1/35
f 65/1/35 71/1/35 66/1/35
f 71/1/35 65/1/35 72/1/35
f 71/1/35 72/1/35 73/1/35
f 74/1/35 70/1/35 66/1/35
f 70/1/35 74/1/35 75/1/37
f 76/1/38 74/1/35 66/1/35
f 75/1/37 74/1/35 77/1/35
f 75/1/37 77/1/35 78/1/35
f 74/1/35 76/1/38 79/1/35
f 79/1/35 76/1/38 80/1/35
f 81/1/39 82/1/39 83/1/39
f 84/1/39 83/1/39 82/1/39
f 83/1/39 84/1/39 85/1/40
f 86/1/39 82/1/39 81/1/39
f 87/1/41 82/1/39 86/1/39
f 82/1/39 87/1/41 88/1/41
f 88/1/41 87/1/41 89/1/41
f 86/1/39 81/1/39 90/1/39
f 90/1/39 81/1/39 91/1/39
f 91/1/39 81/1/39 92/1/42
f 92/1/42 81/1/39 93/1/41
f 93/1/41 81/1/39 94/1/39
f 94/1/39 95/1/43 93/1/41
f 95/1/43 94/1/39 96/1/39
f 97/1/44 98/1/44 99/1/44
f 100/1/45 101/1/45 102/1/45
f 103/1/46 104/1/46 105/1/46
f 106/1/47 107/1/47 108/1/47
f 109/1/48 110/1/48 111/1/48
f 112/1/49 113/1/49 114/1/49
f 115/1/50 116/1/50 117/1/51
f 116/1/50 115/1/50 118/1/51
f 119/1/52 120/1/52 121/1/52
f 120/1/52 119/1/52 122/1/52
f 123/1/53 124/1/53 125/1/53
f 126/1/54 127/1/54 128/1/54
f 129/1/55 130/1/55 131/1/55
f 130/1/55 129/1/55 132/1/55
f 133/1/56 134/1/56 135/1/57
f 134/1/56 133/1/56 136/1/56
f 137/1/58 138/1/59 139/1/60
f 139/1/60 138/1/59 140/1/58
f 141/1/61 142/1/61 143/1/61
f 144/1/62 145/1/62 146/1/62
f 147/1/63 148/1/64 149/1/64
f 148/1/64 147/1/63 150/1/64
f 151/1/65 152/1/66 153/1/65
f 151/1/65 153/1/65 154/1/66
f 155/1/67 156/1/68 157/1/67
f 157/1/67 158/1/69 155/1/67
f 159/1/70 160/1/70 161/1/70
f 162/1/71 163/1/71 164/1/71
f 165/1/72 166/1/73 167/1/73
f 167/1/73 166/1/73 168/1/74
f 169/1/75 170/1/76 171/1/75
f 171/1/75 172/1/75 169/1/75
f 173/1/77 174/1/78 175/1/79
f 174/1/78 173/1/77 176/1/80
f 177/1/81 178/1/81 179/1/81
f 178/1/81 177/1/81 180/1/82
f 181/1/83 182/1/83 183/1/84
f 182/1/83 181/1/83 184/1/83
f 185/1/85 186/1/85 187/1/85
f 186/1/85 185/1/85 188/1/86
f 189/1/87 190/1/87 191/1/88
f 190/1/87 189/1/87 192/1/87
f 193/1/89 194/1/90 195/1/91
f 193/1/89 196/1/91 194/1/90
f 197/1/92 198/1/93 199/1/93
f 197/1/92 199/1/93 200/1/92
f 201/1/94 202/1/94 203/1/94
f 204/1/95 205/1/95 206/1/95
f 207/1/96 208/1/97 209/1/98
f 208/1/97 207/1/96 210/1/97
f 211/1/99 212/1/99 213/1/99
f 214/1/100 215/1/100 216/1/100
f 217/1/101 218/1/101 219/1/102
f 218/1/101 217/1/101 220/1/101
f 221/1/103 222/1/104 223/1/103
f 221/1/103 223/1/103 224/1/103
f 225/1/105 226/1/105 227/1/105
f 228/1/106 229/1/106 230/1/106
f 231/1/107 232/1/107 233/1/107
f 232/1/107 231/1/107 234/1/107
f 235/1/108 236/1/109 237/1/108
f 237/1/108 236/1/109 238/1/110
f 239/1/111 240/1/111 241/1/111
f 240/1/111 239/1/111 242/1/111
f 243/1/112 244/1/112 245/1/112
f 244/1/112 246/1/112 245/1/112
f 247/1/113 248/1/113 249/1/113
f 250/1/114 251/1/114 252/1/114
f 253/1/115 254/1/115 255/1/115
f 254/1/115 253/1/115 256/1/116
f 257/1/117 258/1/117 259/1/117
f 260/1/118 261/1/118 262/1/118
f 263/1/119 264/1/119 265/1/119
f 264/1/119 263/1/119 266/1/119
f 267/1/120 268/1/120 269/1/120
f 269/1/120 268/1/120 270/1/120
f 271/1/121 272/1/122 273/1/121
f 272/1/122 271/1/121 274/1/121
f 275/1/123 276/1/123 277/1/123
f 278/1/124 279/1/124 280/1/124
f 281/1/125 282/1/125 283/1/126
f 283/1/126 282/1/125 284/1/126
f 285/1/127 286/1/128 287/1/127
f 287/1/127 288/1/127 285/1/127
f 289/1/129 290/1/129 291/1/129
f 292/1/130 293/1/130 294/1/130
f 295/1/131 296/1/131 297/1/131
f 298/1/132 299/1/132 300/1/132
f 301/1/133 302/1/133 303/1/133
f 302/1/133 301/1/133 304/1/133
f 305/1/134 306/1/134 307/1/134
f 306/1/134 305/1/134 308/1/134
f 309/1/135 310/1/135 311/1/135
f 312/1/136 313/1/136 314/1/136
f 315/1/137 316/1/137 317/1/137
f 318/1/138 319/1/138 320/1/138
f 321/1/139 322/1/140 323/1/141
f 322/1/140 321/1/139 324/1/139
f 325/1/142 326/1/142 327/1/143
f 326/1/142 325/1/142 328/1/144
f 329/1/145 330/1/146 331/1/146
f 329/1/145 331/1/146 332/1/147
f 333/1/148 334/1/148 335/1/149
f 334/1/148 333/1/148 336/1/150
f 337/1/151 338/1/151 339/1/151
f 338/1/151 337/1/151 340/1/152
f 341/1/153 342/1/154 343/1/153
f 342/1/154 341/1/153 344/1/155
f 345/1/156 346/1/156 347/1/156
f 346/1/156 345/1/156 348/1/156
f 349/1/157 350/1/157 351/1/158
f 350/1/157 349/1/157 352/1/157
f 353/1/159 354/1/160 355/1/161
f 354/1/160 356/1/161 355/1/161
f 357/1/162 358/1/162 359/1/162
f 358/1/162 357/1/162 360/1/162
f 361/1/163 362/1/163 363/1/164
f 362/1/163 364/1/165 363/1/164
f 365/1/166 366/1/166 367/1/166
f 366/1/166 365/1/166 368/1/167
f 369/1/168 370/1/169 371/1/168
f 370/1/169 369/1/168 372/1/168
f 373/1/170 374/1/171 375/1/171
f 374/1/171 373/1/170 376/1/171
f 377/1/172 378/1/172 379/1/172
f 378/1/172 377/1/172 380/1/172
f 381/1/173 382/1/174 383/1/175
f 382/1/174 381/1/173 384/1/173
o RenderMesh_139619430692922
v -0.226890 0.325914 0.301720
v -0.274948 0.326948 0.237526
v -0.247248 0.237225 0.322057
v -0.178109 0.241177 0.376735
v -0.159121 0.322780 0.352947
v -0.188450 0.160196 0.380059
v -0.203968 0.375686 0.281027
v -0.095266 0.236317 0.414159
v -0.139765 0.371841 0.326583
v -0.268918 0.131501 0.313170
v -0.081565 0.320536 0.386335
v -0.098629 0.131018 0.422114
v -0.193296 0.421917 0.226907
v -0.000293 0.310202 0.403479
v -0.070479 0.369229 0.357606
v -0.078309 0.419844 0.302014
v 0.000228 0.368314 0.369273
v 0.000228 0.414106 0.323803
v 0.000228 0.452082 0.264637
v 0.070935 0.369229 0.358213
v 0.078893 0.419847 0.302366
v 0.082022 0.320536 0.387219
v 0.140221 0.371841 0.327678
v 0.193729 0.421887 0.227737
v 0.094371 0.238110 0.415240
v 0.159578 0.322780 0.354568
v 0.204425 0.375686 0.282387
v 0.177339 0.237297 0.380506
v -0.000166 0.183607 0.438547
v 0.097760 0.133562 0.424441
v 0.227348 0.325914 0.303794
v 0.274715 0.327804 0.239943
v 0.246409 0.238573 0.326261
v 0.189921 0.135363 0.382312
v 0.264371 0.160604 0.321892
v 0.309583 0.178423 0.249774
v 0.267827 0.071102 0.304505
v 0.183939 0.020002 0.349742
v -0.038007 0.476849 0.199044
v 0.000228 0.495275 0.093378
v -0.103119 0.485372 0.101780
v -0.063225 0.490465 -0.025071
v -0.068801 0.449223 0.259177
v -0.136064 0.459138 0.195080
v -0.142680 0.467524 -0.058750
v -0.170498 0.462326 0.106810
v -0.220889 0.429539 0.142197
v -0.250459 0.379268 0.224943
v -0.218871 0.429211 -0.057280
v -0.270411 0.382426 0.153392
v -0.293531 0.333706 0.154998
v -0.319490 0.212669 0.149753
v -0.294010 0.331870 -0.041827
v -0.265735 0.383130 -0.096500
v -0.192772 0.430874 -0.115490
v -0.282951 0.332644 -0.144949
v -0.230466 0.384579 -0.176050
v -0.069361 0.440701 -0.187834
v 0.311446 0.067767 0.226145
v 0.250917 0.379269 0.226290
v 0.318697 0.217316 0.163585
v 0.294752 0.332137 0.156880
v 0.323694 0.161846 0.160457
v 0.294793 0.330881 -0.042854
v 0.315371 0.220336 -0.079411
v 0.270866 0.382432 0.154403
v 0.221322 0.429567 0.142591
v 0.266189 0.383129 -0.096435
v 0.283782 0.331831 -0.145529
v 0.219327 0.429213 -0.057235
v 0.230940 0.384565 -0.176077
v 0.193231 0.430872 -0.115483
v 0.169643 0.463201 0.104730
v 0.144953 0.467934 -0.049474
v 0.137111 0.459322 0.194144
v 0.107386 0.485298 0.075387
v 0.074793 0.478840 0.176441
v 0.069870 0.449135 0.259282
v 0.063680 0.490465 -0.025070
v 0.063328 0.468251 -0.128798
v 0.000227 0.496324 -0.005747
v 0.026437 0.485628 -0.091490
v 0.073947 0.385442 -0.279936
v 0.167139 0.328810 -0.296528
v 0.072636 0.331012 -0.344413
v 0.000223 0.400920 -0.279530
v 0.069805 0.440712 -0.187815
v 0.000228 0.468149 -0.148237
v -0.055155 0.474071 -0.117818
v -0.068315 -0.338252 -0.384608
v -0.078373 -0.429809 -0.376196
v -0.100250 -0.337759 -0.353222
v -0.036571 -0.426355 -0.396859
v -0.028448 -0.337978 -0.401313
v -0.150257 -0.404679 -0.273377
v -0.170207 -0.334354 -0.232233
v -0.119526 -0.462567 -0.307338
v -0.072824 -0.478282 -0.370169
v -0.166260 -0.438153 -0.225898
v -0.017276 -0.479778 -0.391654
v -0.190435 -0.398307 -0.186370
v -0.195117 -0.417877 -0.171372
v -0.190595 -0.357976 -0.171009
v -0.172855 -0.325358 -0.209767
v -0.212888 -0.342273 -0.153456
v -0.231978 -0.375356 -0.130258
v -0.254981 -0.378744 -0.083979
v -0.241800 -0.256736 -0.136067
v -0.261445 -0.368283 -0.077984
v -0.250392 -0.350742 -0.055077
v -0.259365 -0.236719 -0.111712
v -0.257805 -0.305808 -0.092263
v -0.278751 -0.151219 -0.135415
v -0.277003 -0.218040 -0.045119
v -0.274153 -0.238817 -0.014282
v -0.260568 -0.235298 -0.003180
v -0.278557 -0.163842 0.015612
v -0.286552 -0.151352 -0.067974
v -0.283906 -0.109169 -0.128973
v -0.297817 -0.156248 0.002971
v -0.287958 -0.107767 0.014705
v -0.302527 -0.111049 0.003479
v -0.283712 -0.075721 -0.013183
v -0.295032 -0.088523 -0.063615
v -0.271559 -0.075721 -0.106063
v -0.277636 -0.065785 -0.059477
v 0.000228 -0.345465 -0.408327
v 0.000228 -0.333950 -0.406905
v 0.000228 -0.425043 -0.401591
v 0.043127 -0.477143 -0.388128
v 0.029452 -0.338096 -0.401132
v 0.000228 -0.333950 -0.406905
v 0.078557 -0.430376 -0.376367
v 0.073226 -0.478221 -0.370229
v 0.068767 -0.338250 -0.384610
v 0.136335 -0.455582 -0.282308
v 0.100706 -0.337858 -0.353237
v 0.146106 -0.407595 -0.280666
v 0.171471 -0.334167 -0.229656
v 0.186752 -0.393755 -0.194897
v 0.191438 -0.419733 -0.176468
v 0.184313 -0.351377 -0.182050
v 0.178156 -0.332761 -0.191834
v 0.167840 -0.336001 -0.167953
v 0.205619 -0.391403 -0.165049
v 0.194648 -0.356066 -0.166096
v 0.179853 -0.343520 -0.154224
v 0.194300 -0.329959 -0.147968
v 0.213344 -0.342273 -0.153456
v 0.214296 -0.285444 -0.141430
v 0.232387 -0.374939 -0.130972
v 0.255932 -0.379181 -0.084329
v 0.242256 -0.256736 -0.136067
v 0.268075 -0.113357 -0.139979
v 0.261805 -0.370398 -0.079248
v 0.250647 -0.351696 -0.055818
v 0.259011 -0.313393 -0.088044
v 0.259821 -0.236719 -0.111712
v 0.279208 -0.151219 -0.135415
v 0.284288 -0.109434 -0.128543
v 0.272016 -0.075721 -0.106063
v 0.277460 -0.218040 -0.045120
v 0.296220 -0.090728 -0.067991
v 0.278092 -0.065785 -0.059477
v 0.284168 -0.075721 -0.013183
v 0.302416 -0.110857 0.004114
v 0.288414 -0.107767 0.014705
v 0.297795 -0.158500 0.003174
v 0.279013 -0.163842 0.015612
v 0.274604 -0.238836 -0.014284
v 0.258769 -0.242865 -0.004927
v 0.132651 -0.214190 -0.294550
v 0.125485 -0.210760 -0.284295
v 0.135045 -0.205915 -0.283491
v 0.131852 -0.208044 -0.267536
v 0.143535 -0.206785 -0.285363
v 0.145375 -0.207041 -0.267964
v 0.145617 -0.213944 -0.293463
v 0.153334 -0.212941 -0.281144
v 0.135744 -0.255241 -0.302307
v 0.153692 -0.213862 -0.266977
v 0.122618 -0.224926 -0.287936
v 0.124327 -0.213875 -0.272085
v 0.143920 -0.214474 -0.258228
v 0.131145 -0.215642 -0.259905
v 0.122298 -0.227141 -0.271418
v 0.124145 -0.255044 -0.291532
v 0.135194 -0.254943 -0.254360
v 0.126642 -0.267143 -0.271728
v 0.127269 -0.268422 -0.291218
v 0.150558 -0.256171 -0.252032
v 0.138101 -0.268592 -0.255973
v 0.135952 -0.271624 -0.273818
v 0.138019 -0.267988 -0.300849
v 0.151907 -0.265167 -0.300291
v 0.154411 -0.270261 -0.289402
v 0.162990 -0.265150 -0.283415
v 0.162182 -0.268006 -0.265224
v 0.161706 -0.252943 -0.262801
v 0.151711 -0.268113 -0.254361
v 0.138369 -0.328815 -0.283396
v 0.138084 -0.332335 -0.269037
v 0.128450 -0.336990 -0.276248
v 0.123927 -0.333508 -0.261965
v 0.122348 -0.336039 -0.285472
v 0.111974 -0.334184 -0.275499
v 0.113644 -0.328789 -0.291551
v 0.108490 -0.325231 -0.266054
v 0.127099 -0.328816 -0.293534
v 0.105377 -0.326421 -0.281071
v 0.114470 -0.280574 -0.298746
v 0.131603 -0.281149 -0.299608
v 0.105377 -0.278389 -0.284855
v 0.119891 -0.272337 -0.291210
v 0.147423 -0.280923 -0.284052
v 0.131231 -0.274144 -0.293768
v 0.146023 -0.315598 -0.267210
v 0.145437 -0.271588 -0.272501
v 0.129506 -0.269233 -0.275088
v 0.113321 -0.270407 -0.277260
v 0.110916 -0.276644 -0.263590
v 0.127074 -0.271794 -0.251498
v 0.138937 -0.269831 -0.258584
v 0.151951 -0.278075 -0.263604
v 0.142773 -0.275098 -0.250923
v 0.142051 -0.286947 -0.250238
v 0.124910 -0.287987 -0.249122
v 0.133533 -0.326346 -0.257212
v 0.119683 -0.324717 -0.255654
v 0.258760 0.328427 -0.215530
v 0.222868 0.316805 -0.269246
v 0.275806 0.219866 -0.294675
v 0.303432 0.219865 -0.210737
v 0.313126 0.161038 -0.227847
v 0.319614 0.161035 -0.095915
v 0.303475 0.078339 -0.093329
v 0.304103 0.099428 0.036732
v 0.308817 0.028629 -0.258699
v 0.299481 0.039805 0.139405
v 0.255290 -0.034970 0.011031
v 0.278618 -0.074454 0.183116
v 0.306812 0.015496 -0.203719
v 0.269949 -0.067620 -0.264085
v 0.261942 -0.109530 -0.186182
v 0.249269 -0.117476 -0.109489
v 0.225279 -0.154514 -0.136464
v 0.227215 -0.157708 0.029194
v 0.243282 -0.141346 0.090030
v 0.217409 -0.171951 0.056183
v 0.188245 -0.180861 0.130200
v 0.244253 -0.142538 0.160540
v 0.169133 -0.155728 0.211949
v 0.213634 -0.123763 0.226616
v 0.246425 -0.055180 0.256586
v 0.168196 -0.093015 0.283565
v 0.127098 -0.131305 0.266342
v 0.087638 -0.072729 0.335197
v 0.052171 -0.133840 0.293416
v -0.000015 -0.132377 0.303473
v 0.094437 0.022707 0.393620
v 0.000398 -0.018454 0.387218
v 0.000107 0.077572 0.429442
v -0.093462 0.022514 0.391871
v -0.087194 -0.074592 0.332316
v -0.050178 -0.132602 0.293756
v -0.143208 -0.126301 0.263043
v -0.174299 -0.028887 0.323135
v -0.213002 -0.123827 0.222346
v -0.188612 0.074910 0.366021
v -0.236792 -0.076277 0.243868
v -0.276861 -0.073840 0.181039
v -0.243821 -0.142734 0.155243
v -0.259406 0.009959 0.280000
v -0.241416 -0.144196 0.073157
v -0.307927 0.048263 0.215244
v -0.290768 0.026977 0.103698
v -0.254709 -0.034770 0.015413
v -0.235826 -0.130150 0.003315
v -0.258806 -0.112414 -0.185510
v -0.310760 0.090666 -0.131871
v -0.318380 0.157932 0.013773
v -0.323694 0.160971 0.154139
v -0.311842 0.167991 0.242126
v -0.014284 -0.331668 -0.373377
v -0.020862 -0.324798 -0.381462
v -0.007113 -0.324650 -0.376856
v -0.013692 -0.333163 -0.365002
v -0.030961 -0.331898 -0.369979
v -0.034744 -0.324941 -0.377201
v -0.040064 -0.325347 -0.365002
v -0.044771 -0.292050 -0.379331
v -0.006124 -0.294837 -0.379471
v -0.026881 -0.281218 -0.384991
v -0.002350 -0.325232 -0.365002
v -0.030258 -0.330905 -0.357274
v -0.014284 -0.331668 -0.356627
v -0.034744 -0.324941 -0.352803
v -0.007113 -0.324650 -0.353148
v -0.020862 -0.324798 -0.348542
v -0.006124 -0.294836 -0.350533
v 0.000448 -0.280851 -0.365002
v -0.044771 -0.292050 -0.350673
v -0.053627 -0.281161 -0.365002
v -0.026881 -0.281218 -0.345013
v -0.045519 -0.279432 -0.351371
v -0.045519 -0.279432 -0.378633
v -0.044795 -0.274052 -0.365002
v -0.035922 -0.273983 -0.352591
v -0.009340 -0.276984 -0.351971
v -0.011960 -0.272391 -0.365002
v -0.035922 -0.273983 -0.377413
v -0.009340 -0.276984 -0.378033
v -0.158043 -0.195591 -0.248424
v -0.141626 -0.199262 -0.249741
v -0.163524 -0.207678 -0.253235
v -0.169897 -0.198859 -0.239386
v -0.157716 -0.192591 -0.227117
v -0.180028 -0.235338 -0.238681
v -0.142729 -0.192355 -0.238026
v -0.166510 -0.198824 -0.222376
v -0.168530 -0.236839 -0.255476
v -0.176555 -0.241326 -0.215044
v -0.149275 -0.258155 -0.255699
v -0.181359 -0.258064 -0.237209
v -0.157475 -0.245783 -0.199902
v -0.170052 -0.260849 -0.252854
v -0.176523 -0.261196 -0.215278
v -0.174095 -0.264494 -0.234438
v -0.151456 -0.265553 -0.246684
v -0.155386 -0.267614 -0.227610
v -0.136324 -0.265616 -0.237499
v -0.158769 -0.265804 -0.208295
v -0.130143 -0.260156 -0.240167
v -0.159418 -0.259914 -0.199998
v -0.142389 -0.265787 -0.205972
v -0.136102 -0.266852 -0.220531
v -0.138295 -0.260924 -0.200224
v -0.127134 -0.261347 -0.217288
v -0.135134 -0.244434 -0.199846
v -0.122529 -0.240079 -0.217383
v -0.124621 -0.211696 -0.239249
v -0.149626 -0.199429 -0.210168
v -0.130949 -0.200966 -0.209397
v -0.138650 -0.193965 -0.216447
v -0.122223 -0.201311 -0.221608
v -0.131625 -0.194074 -0.232443
v -0.127125 -0.198951 -0.237675
v -0.022474 -0.137111 -0.290441
v -0.020100 -0.154587 -0.323254
v -0.038811 -0.147873 -0.323254
v -0.038811 -0.147873 -0.389868
v -0.048566 -0.117515 -0.381473
v -0.020100 -0.154587 -0.393843
v -0.047892 -0.119186 -0.323254
v -0.047268 -0.079586 -0.377055
v 0.000228 -0.142380 -0.323254
v 0.000228 -0.142380 -0.394430
v 0.020556 -0.154587 -0.393843
v 0.000228 -0.128153 -0.291422
v 0.020556 -0.154587 -0.323254
v 0.039267 -0.147873 -0.389868
v 0.015194 -0.137140 -0.291422
v 0.000228 -0.088447 -0.267775
v 0.039267 -0.147873 -0.323254
v 0.050205 -0.113402 -0.380824
v 0.032380 -0.129255 -0.291180
v 0.048348 -0.119186 -0.323254
v 0.047715 -0.079556 -0.377139
v 0.034251 -0.078496 -0.291056
v 0.047645 -0.080585 -0.321974
v 0.000228 0.011422 -0.324035
v 0.015844 -0.016048 -0.403516
v 0.000532 0.011405 -0.425328
v -0.015404 -0.016158 -0.403331
v -0.000022 -0.015509 -0.291439
v -0.036920 -0.090172 -0.290748
v -0.047189 -0.080585 -0.321974
v -0.114010 -0.210773 -0.314985
v -0.111618 -0.218115 -0.308185
v -0.109453 -0.217329 -0.318865
v -0.122677 -0.211041 -0.305212
v -0.119322 -0.208728 -0.318195
v -0.115415 -0.216239 -0.326542
v -0.124952 -0.209737 -0.321206
v -0.124728 -0.215636 -0.327301
v -0.133924 -0.213470 -0.310052
v -0.132769 -0.216104 -0.320241
v -0.127070 -0.246682 -0.331380
v -0.141871 -0.252005 -0.305891
v -0.115615 -0.263367 -0.331092
v -0.139193 -0.262544 -0.320654
v -0.128121 -0.266623 -0.329782
v -0.109164 -0.264190 -0.321395
v -0.119403 -0.269845 -0.325875
v -0.133079 -0.271537 -0.317590
v -0.141284 -0.267861 -0.306138
v -0.114634 -0.271061 -0.315039
v -0.133354 -0.271323 -0.301594
v -0.136368 -0.265175 -0.295519
v -0.125112 -0.269385 -0.296923
v -0.113147 -0.265017 -0.305808
v -0.123284 -0.253768 -0.295293
v -0.119579 -0.218275 -0.300669
v -0.129364 -0.217473 -0.301688
v -0.155130 0.121263 -0.337107
v -0.181751 0.118824 -0.232262
v -0.206397 0.112905 -0.316888
v -0.235906 0.101035 -0.306955
v -0.095758 0.122605 -0.232949
v -0.060884 0.116287 -0.407962
v -0.234274 0.103062 -0.232949
v -0.055887 0.113649 -0.232949
v -0.241478 0.065504 -0.232476
v -0.241287 0.038085 -0.263403
v -0.207647 0.080198 -0.200298
v -0.167842 0.093306 -0.200556
v -0.089669 0.093011 -0.200383
v -0.143127 0.039528 -0.171896
v -0.204112 0.000318 -0.200602
v -0.239006 0.002701 -0.232949
v -0.232013 -0.016413 -0.269926
v -0.226716 -0.023719 -0.232949
v -0.192564 -0.039240 -0.286189
v -0.178713 -0.043552 -0.232885
v -0.143779 -0.043529 -0.304417
v -0.167436 -0.016026 -0.200467
v -0.105157 -0.040658 -0.232949
v -0.105157 -0.040658 -0.342408
v -0.106912 -0.011731 -0.200234
v -0.070030 -0.024114 -0.232949
v -0.069880 -0.023999 -0.367622
v -0.072703 0.020863 -0.200506
v -0.038906 0.012046 -0.232247
v -0.037118 0.017633 -0.397464
v -0.066071 0.063521 -0.200843
v -0.029620 0.074870 -0.232949
v -0.029557 0.074815 -0.418784
v 0.156468 0.120759 -0.336513
v 0.204260 0.113580 -0.318197
v 0.182208 0.118824 -0.232262
v 0.236145 0.101482 -0.306556
v 0.106410 0.124001 -0.383269
v 0.234730 0.103062 -0.232949
v 0.241934 0.065504 -0.232476
v 0.241767 0.039523 -0.263195
v 0.208104 0.080198 -0.200298
v 0.096214 0.122606 -0.232949
v 0.239462 0.002701 -0.232949
v 0.232396 -0.016614 -0.270249
v 0.204568 0.000318 -0.200602
v 0.227172 -0.023719 -0.232949
v 0.179169 -0.043552 -0.232885
v 0.191774 -0.039620 -0.287064
v 0.145480 -0.044145 -0.306560
v 0.105614 -0.040658 -0.232949
v 0.105614 -0.040658 -0.342660
v 0.167892 -0.016026 -0.200467
v 0.143584 0.039528 -0.171896
v 0.107368 -0.011731 -0.200234
v 0.070486 -0.024114 -0.232949
v 0.070340 -0.024002 -0.367865
v 0.073159 0.020863 -0.200506
v 0.039363 0.012046 -0.232246
v 0.036803 0.019856 -0.399610
v 0.168298 0.093306 -0.200556
v 0.090126 0.093011 -0.200383
v 0.066527 0.063521 -0.200843
v 0.030076 0.074870 -0.232949
v 0.030006 0.074816 -0.418922
v 0.056257 0.113675 -0.410033
v 0.056343 0.113649 -0.232949
v -0.092564 -0.215512 -0.325087
v -0.102901 -0.211944 -0.329994
v -0.108156 -0.224908 -0.325861
v -0.112483 -0.219781 -0.338777
v -0.094240 -0.209049 -0.332556
v -0.106078 -0.209537 -0.340126
v -0.102724 -0.211421 -0.350880
v -0.107946 -0.223897 -0.353004
v -0.117594 -0.244212 -0.336075
v -0.094465 -0.225738 -0.361435
v -0.093232 -0.210112 -0.355079
v -0.087740 -0.208704 -0.346853
v -0.082263 -0.214233 -0.354105
v -0.079066 -0.212376 -0.343604
v -0.082408 -0.214661 -0.333252
v -0.075225 -0.229302 -0.344649
v -0.081340 -0.225772 -0.357184
v -0.087494 -0.267298 -0.355179
v -0.081652 -0.228800 -0.329915
v -0.099596 -0.247455 -0.320377
v -0.092352 -0.271212 -0.330596
v -0.085218 -0.271004 -0.343367
v -0.092353 -0.272357 -0.350598
v -0.114533 -0.264126 -0.323867
v -0.103516 -0.268768 -0.322541
v -0.101914 -0.273085 -0.339683
v -0.111100 -0.270303 -0.328699
v -0.117898 -0.266469 -0.335014
v -0.111787 -0.268125 -0.347445
v -0.099757 -0.268470 -0.356702
v -0.099106 -0.334514 -0.328796
v -0.110358 -0.327717 -0.329057
v -0.097851 -0.328021 -0.337817
v -0.084821 -0.327728 -0.334418
v -0.100717 -0.297176 -0.343735
v -0.108608 -0.332563 -0.315008
v -0.118979 -0.282089 -0.331229
v -0.091593 -0.335252 -0.323930
v -0.115454 -0.326482 -0.314689
v -0.077813 -0.325569 -0.323120
v -0.084949 -0.332782 -0.318412
v -0.098268 -0.332239 -0.306424
v -0.108463 -0.325282 -0.302592
v -0.124949 -0.291617 -0.311372
v -0.082534 -0.324313 -0.308650
v -0.094834 -0.323959 -0.299565
v -0.100728 -0.288653 -0.293607
v -0.118857 -0.278143 -0.296283
v -0.125368 -0.278296 -0.311774
v -0.102326 -0.275477 -0.294874
v -0.085190 -0.277955 -0.306448
v -0.076258 -0.294183 -0.325796
v -0.113624 -0.271309 -0.304559
v -0.097574 -0.270557 -0.304358
v -0.080254 -0.275440 -0.326048
v -0.084965 -0.281499 -0.341934
v -0.118553 -0.273124 -0.319745
v -0.102426 -0.270738 -0.319921
v -0.091090 -0.273703 -0.334883
v -0.102281 -0.278135 -0.342205
v -0.046541 -0.206340 -0.359426
v -0.049101 -0.213783 -0.350815
v -0.040764 -0.215052 -0.360116
v -0.060642 -0.203924 -0.354919
v -0.049648 -0.203970 -0.365845
v -0.061236 -0.211690 -0.348070
v -0.070171 -0.209851 -0.354852
v -0.073141 -0.250557 -0.342334
v -0.058834 -0.266308 -0.345925
v -0.065408 -0.204098 -0.364651
v -0.071311 -0.209793 -0.366125
v -0.053608 -0.205014 -0.372042
v -0.062728 -0.211214 -0.375228
v -0.088446 -0.261311 -0.362545
v -0.050733 -0.212874 -0.377514
v -0.042079 -0.214490 -0.371268
v -0.057867 -0.266278 -0.380440
v -0.046595 -0.268646 -0.372337
v -0.045922 -0.268605 -0.358987
v -0.054268 -0.274645 -0.368972
v -0.075601 -0.263151 -0.375959
v -0.061123 -0.272523 -0.375677
v -0.055853 -0.274648 -0.355519
v -0.068376 -0.274479 -0.361082
v -0.080499 -0.270493 -0.366602
v -0.076320 -0.268325 -0.343852
v -0.082001 -0.270423 -0.353146
v -0.087547 -0.261960 -0.349366
v 0.000228 -0.333616 -0.374207
v 0.000228 -0.333950 -0.341510
v 0.000228 -0.345465 -0.374207
v 0.000228 -0.345465 -0.340088
v 0.000228 -0.325440 -0.351461
v 0.000228 -0.322436 -0.374207
v 0.000228 -0.325440 -0.396954
v 0.000228 -0.333950 -0.406905
v 0.000228 -0.345465 -0.408327
v 0.080853 -0.226420 -0.330232
v 0.093477 -0.215168 -0.325112
v 0.083487 -0.212702 -0.333252
v 0.091958 -0.208873 -0.333026
v 0.105406 -0.214976 -0.328600
v 0.081008 -0.209736 -0.345603
v 0.096459 -0.246732 -0.320431
v 0.075078 -0.223688 -0.344647
v 0.100727 -0.207998 -0.339010
v 0.094036 -0.209827 -0.355302
v 0.083394 -0.212255 -0.354105
v 0.104002 -0.212562 -0.350880
v 0.080920 -0.223144 -0.356921
v 0.094212 -0.225792 -0.361453
v 0.110726 -0.215226 -0.339860
v 0.107798 -0.226163 -0.352888
v 0.082510 -0.265350 -0.355446
v 0.094265 -0.265873 -0.357923
v 0.114898 -0.247335 -0.336072
v 0.078731 -0.268439 -0.343815
v 0.107103 -0.266397 -0.349153
v 0.109855 -0.264976 -0.323113
v 0.112631 -0.269493 -0.335264
v 0.098255 -0.271533 -0.351797
v 0.084899 -0.266567 -0.330074
v 0.097748 -0.266821 -0.321325
v 0.105404 -0.272186 -0.328699
v 0.093746 -0.272155 -0.327579
v 0.095974 -0.273555 -0.339683
v 0.086583 -0.271388 -0.350598
v 0.019927 -0.213833 -0.349929
v 0.031550 -0.208053 -0.356944
v 0.020563 -0.203329 -0.361326
v 0.030655 -0.205193 -0.372238
v 0.009820 -0.205179 -0.361942
v 0.013342 -0.205386 -0.375817
v 0.000822 -0.213372 -0.366983
v 0.020064 -0.213834 -0.384177
v 0.005839 -0.214335 -0.354544
v 0.005790 -0.214124 -0.379366
v -0.001892 -0.266322 -0.367219
v 0.005816 -0.266799 -0.352179
v 0.005506 -0.266441 -0.381936
v 0.007742 -0.274864 -0.367054
v 0.026566 -0.266076 -0.346402
v 0.011044 -0.273868 -0.356092
v 0.038061 -0.226586 -0.352581
v 0.035702 -0.274901 -0.354621
v 0.026007 -0.276900 -0.367054
v 0.016252 -0.274814 -0.379567
v 0.026120 -0.266054 -0.387750
v 0.040987 -0.273808 -0.378009
v 0.044285 -0.274803 -0.367054
v 0.046088 -0.266955 -0.352776
v 0.052442 -0.268121 -0.367054
v 0.045137 -0.268049 -0.381194
v 0.052008 -0.255031 -0.366908
v 0.044434 -0.252862 -0.381928
v 0.039823 -0.213050 -0.367092
v 0.034344 -0.213749 -0.379791
v -0.176862 -0.374294 -0.124587
v -0.159586 -0.354726 -0.149309
v -0.178359 -0.339490 -0.133608
v -0.192057 -0.333122 -0.102310
v -0.208010 -0.358193 -0.074457
v -0.163613 -0.408436 -0.156587
v -0.239406 -0.222588 -0.008981
v -0.208650 -0.241522 -0.096853
v -0.231437 -0.325177 -0.043046
v -0.226431 -0.371122 -0.069335
v -0.224599 -0.390252 -0.096087
v -0.152060 -0.448912 -0.217150
v -0.123318 -0.444383 -0.236853
v -0.071864 -0.493466 -0.346650
v -0.053408 -0.472294 -0.336797
v -0.017160 -0.496324 -0.369193
v 0.000228 -0.472416 -0.347355
v 0.049312 -0.495196 -0.361204
v 0.053841 -0.472422 -0.336871
v 0.079031 -0.490799 -0.337019
v 0.123774 -0.444383 -0.236853
v 0.150594 -0.449067 -0.219218
v 0.159956 -0.411036 -0.162300
v 0.225731 -0.391330 -0.097373
v 0.223703 -0.372202 -0.070745
v 0.255932 -0.379181 -0.084329
v 0.191438 -0.419733 -0.176468
v 0.150594 -0.449067 -0.219218
v 0.136335 -0.455582 -0.282308
v 0.079031 -0.490799 -0.337019
v 0.073226 -0.478221 -0.370229
v 0.049312 -0.495196 -0.361204
v 0.043127 -0.477143 -0.388128
v -0.017160 -0.496324 -0.369193
v -0.017276 -0.479778 -0.391654
v -0.072824 -0.478282 -0.370169
v -0.071864 -0.493466 -0.346650
v -0.119526 -0.462567 -0.307338
v -0.152060 -0.448912 -0.217150
v -0.166260 -0.438153 -0.225898
v -0.195117 -0.417877 -0.171372
v -0.224599 -0.390252 -0.096087
v -0.254981 -0.378744 -0.083979
v -0.226431 -0.371122 -0.069335
v -0.250392 -0.350742 -0.055077
v -0.231437 -0.325177 -0.043046
v -0.260568 -0.235298 -0.003180
v -0.239406 -0.222588 -0.008981
v -0.278557 -0.163842 0.015612
v -0.271913 -0.128002 0.011653
v -0.287958 -0.107767 0.014705
v -0.266266 -0.103168 -0.009535
v -0.283712 -0.075721 -0.013183
v -0.254005 -0.098113 -0.055520
v -0.277636 -0.065785 -0.059477
v -0.255103 -0.096562 -0.100453
v -0.271559 -0.075721 -0.106063
v -0.267816 -0.112860 -0.139947
v -0.283906 -0.109169 -0.128973
v -0.271559 -0.075721 -0.106063
v -0.278751 -0.151219 -0.135415
v -0.241800 -0.256736 -0.136067
v -0.254499 -0.119610 -0.128026
v -0.208650 -0.241522 -0.096853
v -0.213840 -0.285444 -0.141430
v -0.212888 -0.342273 -0.153456
v -0.199320 -0.287407 -0.127405
v -0.192057 -0.333122 -0.102310
v -0.178359 -0.339490 -0.133608
v -0.193844 -0.329959 -0.147968
v -0.190595 -0.357976 -0.171009
v -0.179397 -0.343520 -0.154224
v -0.159586 -0.354726 -0.149309
v -0.168702 -0.336729 -0.166307
v -0.144107 -0.335393 -0.175213
v -0.172855 -0.325358 -0.209767
v -0.147321 -0.325460 -0.192711
v -0.100085 -0.337102 -0.258148
v -0.162041 -0.323204 -0.198446
v -0.055974 -0.325454 -0.335336
v -0.058641 -0.337463 -0.318925
v -0.068177 -0.322493 -0.351751
v -0.040410 -0.337052 -0.330806
v 0.000228 -0.325440 -0.351461
v 0.000228 -0.333950 -0.341510
v 0.000228 -0.322436 -0.374207
v -0.076765 -0.325285 -0.370159
v 0.000228 -0.325440 -0.396954
v -0.100250 -0.337759 -0.353222
v -0.170207 -0.334354 -0.232233
v -0.068315 -0.338252 -0.384608
v -0.028448 -0.337978 -0.401313
v 0.000228 -0.333950 -0.406905
v 0.110786 -0.327626 -0.329168
v 0.112135 -0.330973 -0.314842
v 0.101740 -0.335474 -0.320973
v 0.098756 -0.332150 -0.306270
v 0.094631 -0.334570 -0.329439
v 0.085430 -0.332800 -0.318394
v 0.098459 -0.327602 -0.338011
v 0.082988 -0.324210 -0.308620
v 0.085297 -0.327607 -0.334544
v 0.101378 -0.295803 -0.343768
v 0.078230 -0.325325 -0.323206
v 0.085325 -0.281610 -0.341772
v 0.119698 -0.281921 -0.330808
v 0.077819 -0.279513 -0.326959
v 0.102924 -0.277987 -0.342150
v 0.091546 -0.273703 -0.334883
v 0.120173 -0.315017 -0.313914
v 0.118977 -0.272973 -0.319115
v 0.102883 -0.270738 -0.319921
v 0.086563 -0.271852 -0.320322
v 0.085672 -0.277844 -0.306439
v 0.103065 -0.273238 -0.296136
v 0.114080 -0.271309 -0.304560
v 0.126456 -0.279199 -0.310989
v 0.118738 -0.276341 -0.297368
v 0.118096 -0.287657 -0.296609
v 0.101184 -0.288653 -0.293607
v 0.108865 -0.325283 -0.302592
v 0.095270 -0.323708 -0.299511
v -0.125006 -0.210772 -0.284435
v -0.122994 -0.215434 -0.271804
v -0.122162 -0.224926 -0.287936
v -0.132179 -0.214122 -0.294523
v -0.135288 -0.255241 -0.302307
v -0.134053 -0.207456 -0.286959
v -0.145217 -0.213750 -0.293389
v -0.131793 -0.206365 -0.274583
v -0.143082 -0.206805 -0.285396
v -0.131520 -0.210881 -0.262592
v -0.140443 -0.207576 -0.265669
v -0.152870 -0.212922 -0.281221
v -0.150004 -0.209277 -0.268433
v -0.143441 -0.214456 -0.258202
v -0.155875 -0.223017 -0.265446
v -0.160765 -0.249843 -0.282999
v -0.131225 -0.225031 -0.257699
v -0.150192 -0.256386 -0.252108
v -0.125391 -0.266333 -0.271528
v -0.134900 -0.255401 -0.254364
v -0.123689 -0.255044 -0.291532
v -0.137587 -0.268544 -0.256045
v -0.126933 -0.268377 -0.291337
v -0.134882 -0.271585 -0.274574
v -0.151500 -0.268201 -0.254279
v -0.161615 -0.267881 -0.264852
v -0.161221 -0.252700 -0.262827
v -0.160559 -0.268345 -0.282605
v -0.151707 -0.267712 -0.297930
v -0.150226 -0.252680 -0.299752
v -0.137544 -0.268020 -0.300820
v 0.052465 -0.224166 -0.379631
v 0.042477 -0.214577 -0.371194
v 0.051601 -0.207936 -0.374886
v 0.045855 -0.206303 -0.363561
v 0.041175 -0.215541 -0.359986
v 0.059351 -0.204154 -0.369653
v 0.047142 -0.268344 -0.372683
v 0.063237 -0.211317 -0.375239
v 0.058698 -0.267291 -0.379855
v 0.076100 -0.263276 -0.375940
v 0.053324 -0.203418 -0.358650
v 0.071862 -0.210052 -0.366171
v 0.065318 -0.203242 -0.362209
v 0.085564 -0.248307 -0.363777
v 0.070621 -0.209853 -0.354891
v 0.060041 -0.206713 -0.351065
v 0.049491 -0.213914 -0.350824
v 0.065512 -0.224721 -0.345151
v 0.087893 -0.261609 -0.349116
v 0.059691 -0.266414 -0.345765
v 0.076958 -0.264563 -0.342167
v 0.087165 -0.266463 -0.362784
v 0.082458 -0.270423 -0.353146
v 0.070722 -0.272513 -0.347626
v 0.046657 -0.268894 -0.358852
v 0.052526 -0.274215 -0.359460
v 0.068832 -0.274479 -0.361082
v 0.054724 -0.274645 -0.368972
v 0.066289 -0.272712 -0.374644
v -0.053408 -0.472294 -0.336797
v 0.000228 -0.418172 -0.338021
v -0.050741 -0.413781 -0.327378
v 0.000228 -0.472416 -0.347355
v -0.123318 -0.444383 -0.236853
v 0.038782 -0.416487 -0.332000
v 0.053841 -0.472422 -0.336871
v 0.000228 -0.345465 -0.340088
v -0.040410 -0.337052 -0.330806
v 0.000228 -0.333950 -0.341510
v -0.058641 -0.337463 -0.318925
v 0.040710 -0.337037 -0.330873
v 0.000228 -0.333950 -0.341510
v 0.059139 -0.337470 -0.318859
v -0.103244 -0.408807 -0.254664
v -0.100085 -0.337102 -0.258148
v -0.144107 -0.335393 -0.175213
v -0.150648 -0.382079 -0.157065
v 0.021223 -0.324702 -0.381494
v 0.032673 -0.329306 -0.374828
v 0.021860 -0.333308 -0.370754
v 0.031558 -0.331828 -0.359955
v 0.011460 -0.331843 -0.369985
v 0.014766 -0.331686 -0.356637
v 0.007533 -0.324229 -0.377042
v 0.021346 -0.324704 -0.348514
v 0.002729 -0.325103 -0.365077
v 0.006755 -0.293531 -0.379518
v 0.007497 -0.324412 -0.353144
v 0.000070 -0.280977 -0.364849
v 0.027816 -0.281093 -0.384939
v 0.007220 -0.280840 -0.350658
v 0.009952 -0.276843 -0.378131
v 0.009310 -0.274004 -0.365002
v 0.038901 -0.314049 -0.378946
v 0.036849 -0.273908 -0.377022
v 0.046873 -0.280340 -0.378760
v 0.040489 -0.325350 -0.364962
v 0.035244 -0.324711 -0.352735
v 0.054152 -0.281481 -0.365266
v 0.045227 -0.292050 -0.350673
v 0.027364 -0.281113 -0.345019
v 0.045312 -0.277178 -0.352083
v 0.045251 -0.274052 -0.365002
v 0.017680 -0.273975 -0.352896
v 0.027276 -0.272337 -0.365002
v -0.012871 -0.205397 -0.358296
v -0.019574 -0.213722 -0.349960
v -0.005415 -0.213835 -0.354741
v -0.000444 -0.213222 -0.367054
v -0.030033 -0.205096 -0.361961
v -0.012438 -0.203504 -0.367054
v -0.012871 -0.205397 -0.375813
v -0.029244 -0.206292 -0.375087
v -0.039396 -0.213050 -0.367054
v -0.033845 -0.213463 -0.354394
v -0.043978 -0.252862 -0.352180
v -0.033845 -0.213463 -0.379714
v -0.019574 -0.213722 -0.384148
v -0.005415 -0.213835 -0.379368
v 0.002413 -0.266485 -0.367054
v -0.005050 -0.266441 -0.381936
v -0.043978 -0.252862 -0.381928
v -0.025631 -0.265925 -0.387756
v -0.005050 -0.266441 -0.352172
v -0.007286 -0.274864 -0.367054
v -0.010588 -0.273868 -0.378016
v -0.044681 -0.268049 -0.381194
v -0.025631 -0.265925 -0.346352
v -0.010588 -0.273868 -0.356092
v -0.025551 -0.276900 -0.367054
v -0.034841 -0.274802 -0.354240
v -0.044681 -0.268049 -0.352914
v -0.034841 -0.274802 -0.379868
v -0.043829 -0.274803 -0.367054
v -0.053118 -0.266041 -0.367054
v 0.142102 -0.199325 -0.249766
v 0.158291 -0.195674 -0.248457
v 0.163980 -0.207678 -0.253235
v 0.170368 -0.198852 -0.239349
v 0.158591 -0.192764 -0.234669
v 0.180484 -0.235338 -0.238681
v 0.136556 -0.193690 -0.237999
v 0.167003 -0.198837 -0.222442
v 0.168987 -0.236838 -0.255476
v 0.134480 -0.193103 -0.225432
v 0.181815 -0.258064 -0.237209
v 0.126453 -0.200303 -0.237980
v 0.153771 -0.193104 -0.221210
v 0.122647 -0.201257 -0.221764
v 0.127288 -0.241848 -0.240138
v 0.133286 -0.197199 -0.211932
v 0.150137 -0.199436 -0.210207
v 0.131258 -0.213854 -0.205460
v 0.157665 -0.245148 -0.199826
v 0.123066 -0.239820 -0.217284
v 0.138621 -0.259961 -0.199226
v 0.177028 -0.241498 -0.215003
v 0.159874 -0.259914 -0.199998
v 0.177010 -0.261310 -0.215463
v 0.174551 -0.264494 -0.234438
v 0.159225 -0.265804 -0.208295
v 0.155842 -0.267614 -0.227610
v 0.170356 -0.260881 -0.253091
v 0.142845 -0.265787 -0.205972
v 0.142774 -0.266327 -0.242062
v 0.149758 -0.258236 -0.255702
v 0.136558 -0.266852 -0.220531
v 0.131143 -0.260718 -0.239860
v 0.127590 -0.261347 -0.217288
v -0.152644 -0.333378 -0.239780
v -0.166985 -0.326115 -0.239711
v -0.152030 -0.326450 -0.250030
v -0.140052 -0.332730 -0.238475
v -0.167631 -0.329327 -0.223480
v -0.152710 -0.333268 -0.220683
v -0.175701 -0.316053 -0.222385
v -0.161604 -0.323644 -0.210175
v -0.133570 -0.331588 -0.228880
v -0.144391 -0.327342 -0.210644
v -0.125063 -0.324081 -0.234144
v -0.134467 -0.325738 -0.246889
v -0.129294 -0.322542 -0.218026
v -0.145189 -0.313161 -0.204851
v -0.123231 -0.291682 -0.237359
v -0.156309 -0.294273 -0.256471
v -0.130130 -0.290029 -0.215530
v -0.175788 -0.294293 -0.241758
v -0.136769 -0.277518 -0.255203
v -0.158102 -0.274509 -0.254845
v -0.183510 -0.288360 -0.219288
v -0.176730 -0.276263 -0.241333
v -0.172450 -0.283789 -0.203070
v -0.143099 -0.269700 -0.246992
v -0.170542 -0.269851 -0.238095
v -0.155837 -0.266596 -0.229801
v -0.127844 -0.271854 -0.238238
v -0.178199 -0.269457 -0.222169
v -0.184072 -0.274508 -0.219728
v -0.133855 -0.272200 -0.216695
v -0.147753 -0.266380 -0.212855
v -0.168352 -0.267194 -0.212169
v -0.173471 -0.272461 -0.203940
v -0.152927 -0.271557 -0.201831
v -0.150772 -0.285287 -0.200479
v -0.314755 0.219862 -0.083180
v -0.257636 0.327969 -0.216850
v -0.309056 0.184343 -0.226060
v -0.275087 0.219866 -0.294221
v -0.317154 0.133039 -0.210823
v -0.288606 0.161038 -0.310061
v -0.233597 0.225290 -0.340987
v -0.201425 0.324499 -0.279133
v -0.073495 0.385426 -0.279950
v -0.072168 0.331012 -0.344385
v -0.171920 0.270738 -0.345636
v 0.000232 0.331012 -0.360451
v -0.254649 0.153643 -0.343962
v -0.074446 0.276322 -0.385052
v 0.000257 0.276322 -0.399140
v 0.000315 0.219845 -0.421467
v 0.074994 0.276322 -0.385089
v -0.087092 0.220865 -0.403215
v -0.195971 0.219865 -0.362291
v -0.207047 0.161032 -0.356352
v -0.151106 0.160995 -0.369745
v -0.155130 0.121263 -0.337107
v -0.079876 0.160916 -0.408356
v -0.206397 0.112905 -0.316888
v -0.060884 0.116287 -0.407962
v -0.235906 0.101035 -0.306955
v 0.000369 0.160868 -0.433222
v -0.277588 0.039332 -0.275012
v -0.241287 0.038085 -0.263403
v -0.309807 0.060159 -0.267089
v -0.263658 -0.016924 -0.276377
v -0.232013 -0.016413 -0.269926
v -0.285970 -0.037441 -0.259130
v -0.237754 -0.067817 -0.294987
v -0.192564 -0.039240 -0.286189
v -0.311063 0.039014 -0.203442
v -0.289538 -0.041906 -0.207955
v -0.245058 -0.112680 -0.262012
v -0.192578 -0.069123 -0.305487
v -0.143779 -0.043529 -0.304417
v -0.212605 -0.113025 -0.302511
v -0.136466 -0.071692 -0.324159
v -0.105157 -0.040658 -0.342408
v -0.154677 -0.127991 -0.339974
v -0.070719 -0.075330 -0.367229
v -0.069880 -0.023999 -0.367622
v -0.047268 -0.079586 -0.377055
v -0.015404 -0.016158 -0.403331
v -0.037118 0.017633 -0.397464
v -0.048566 -0.117515 -0.381473
v 0.000532 0.011405 -0.425328
v -0.029557 0.074815 -0.418784
v 0.000380 0.099080 -0.438547
v 0.030006 0.074816 -0.418922
v 0.036803 0.019856 -0.399610
v 0.015844 -0.016048 -0.403516
v 0.056257 0.113675 -0.410033
v 0.070340 -0.024002 -0.367865
v 0.047715 -0.079556 -0.377139
v 0.080773 0.160916 -0.408374
v 0.106410 0.124001 -0.383269
v 0.071237 -0.075333 -0.367315
v 0.105614 -0.040658 -0.342660
v 0.050205 -0.113402 -0.380824
v 0.145480 -0.044145 -0.306560
v 0.152267 0.160995 -0.369755
v 0.156468 0.120759 -0.336513
v 0.204260 0.113580 -0.318197
v 0.124790 -0.117970 -0.351341
v 0.251451 0.161298 -0.346709
v 0.236145 0.101482 -0.306556
v 0.077741 0.219851 -0.407019
v 0.175028 0.227215 -0.367693
v 0.180594 0.272588 -0.339533
v 0.270868 0.099796 -0.311719
v 0.241767 0.039523 -0.263195
v 0.238271 0.219866 -0.339641
v 0.289494 0.161038 -0.310441
v 0.278615 0.039332 -0.274592
v 0.303946 0.099799 -0.289607
v 0.264266 -0.016924 -0.275869
v 0.232396 -0.016614 -0.270249
v 0.231353 -0.072036 -0.296493
v 0.191774 -0.039620 -0.287064
v 0.196694 -0.107737 -0.315067
v 0.245532 -0.112674 -0.260517
v 0.095629 -0.191563 -0.380449
v 0.214954 -0.111490 -0.300871
v 0.139837 -0.189479 -0.343240
v 0.136295 -0.208666 -0.330533
v 0.186035 -0.190996 -0.268467
v 0.082301 -0.211568 -0.378904
v 0.057655 -0.192993 -0.396454
v 0.039267 -0.147873 -0.389868
v 0.000241 -0.213916 -0.392280
v 0.020556 -0.154587 -0.393843
v -0.000922 -0.193918 -0.404636
v 0.000228 -0.142380 -0.394430
v -0.020100 -0.154587 -0.393843
v -0.056803 -0.192701 -0.396831
v -0.038811 -0.147873 -0.389868
v -0.086149 -0.211417 -0.377368
v -0.102146 -0.188865 -0.378100
v -0.144034 -0.208553 -0.320388
v -0.131489 -0.184530 -0.355377
v -0.164813 -0.186767 -0.315005
v -0.159659 -0.208132 -0.279748
v -0.195349 -0.185731 -0.262441
v -0.183283 -0.188708 -0.227153
v -0.221883 -0.156320 -0.178521
v -0.136968 -0.172112 -0.110409
v -0.224995 -0.155263 -0.074086
v -0.235826 -0.130150 0.003315
v -0.216443 -0.172905 0.052962
v -0.241416 -0.144196 0.073157
v 0.015543 -0.190569 -0.200682
v -0.159659 -0.208132 -0.279748
v -0.187873 -0.181082 0.125922
v -0.243821 -0.142734 0.155243
v -0.108480 -0.184807 0.066652
v 0.000241 -0.174502 -0.038631
v -0.096022 -0.183568 0.142474
v -0.168549 -0.155766 0.208362
v -0.213002 -0.123827 0.222346
v -0.143208 -0.126301 0.263043
v -0.069819 -0.162832 0.220608
v -0.050178 -0.132602 0.293756
v -0.000015 -0.132377 0.303473
v 0.052171 -0.133840 0.293416
v 0.003579 -0.181756 0.137397
v 0.093373 -0.165239 0.211635
v 0.127098 -0.131305 0.266342
v 0.169133 -0.155728 0.211949
v 0.106515 -0.186025 0.128131
v 0.188245 -0.180861 0.130200
v 0.217409 -0.171951 0.056183
v 0.178725 -0.174467 -0.016876
v 0.227215 -0.157708 0.029194
v 0.225279 -0.154514 -0.136464
v 0.137558 -0.172038 -0.108616
v 0.186786 -0.185662 -0.220176
v 0.186035 -0.190996 -0.268467
v 0.155553 -0.209825 -0.285278
v 0.136295 -0.208666 -0.330533
v 0.080657 -0.218079 -0.342314
v 0.082301 -0.211568 -0.378904
v 0.000241 -0.213916 -0.392280
v -0.091042 -0.217535 -0.333535
v -0.086149 -0.211417 -0.377368
v -0.144034 -0.208553 -0.320388
v -0.126742 -0.335985 -0.284277
v -0.137928 -0.328911 -0.283283
v -0.126470 -0.329250 -0.293359
v -0.113156 -0.328914 -0.291429
v -0.129980 -0.296911 -0.298945
v -0.134651 -0.333949 -0.269522
v -0.146753 -0.281100 -0.284499
v -0.118749 -0.336761 -0.280236
v -0.141401 -0.327627 -0.268451
v -0.104949 -0.326675 -0.280979
v -0.111499 -0.334166 -0.275517
v -0.123457 -0.333605 -0.262128
v -0.133129 -0.326346 -0.257204
v -0.150489 -0.291096 -0.264104
v -0.108038 -0.325339 -0.266086
v -0.119254 -0.324981 -0.255705
v -0.124454 -0.287987 -0.249122
v -0.141497 -0.286447 -0.250202
v -0.150951 -0.277145 -0.264456
v -0.142317 -0.275098 -0.250923
v -0.126184 -0.274194 -0.250205
v -0.110434 -0.276761 -0.263602
v -0.103690 -0.293772 -0.283817
v -0.138481 -0.269831 -0.258584
v -0.145088 -0.271746 -0.273103
v -0.122508 -0.269054 -0.260134
v -0.129050 -0.269233 -0.275088
v -0.131391 -0.276897 -0.297177
v -0.107758 -0.274083 -0.283579
v -0.119435 -0.272337 -0.291210
v -0.114129 -0.280456 -0.298898
v 0.126319 -0.225385 -0.329527
v 0.115791 -0.216310 -0.326521
v 0.125177 -0.210418 -0.323195
v 0.115478 -0.210272 -0.318531
v 0.109789 -0.217753 -0.318844
v 0.119045 -0.209223 -0.311318
v 0.116296 -0.263087 -0.331252
v 0.112020 -0.218222 -0.308230
v 0.109749 -0.264490 -0.321203
v 0.116068 -0.270563 -0.323130
v 0.113824 -0.265178 -0.305528
v 0.128113 -0.263308 -0.331543
v 0.139664 -0.262661 -0.320634
v 0.131200 -0.269443 -0.324844
v 0.133263 -0.216201 -0.320233
v 0.141846 -0.267912 -0.306374
v 0.126894 -0.272292 -0.313849
v 0.122506 -0.271840 -0.302709
v 0.133810 -0.271323 -0.301594
v 0.142327 -0.252005 -0.305891
v 0.136654 -0.264878 -0.295343
v 0.125233 -0.266332 -0.295186
v 0.120712 -0.230276 -0.298184
v 0.135755 -0.217016 -0.309612
v 0.129832 -0.217470 -0.301720
v 0.120477 -0.213542 -0.303096
v 0.129603 -0.210529 -0.308779
v 0.073877 -0.326373 -0.366404
v 0.081064 -0.329551 -0.354786
v 0.069637 -0.333824 -0.355619
v 0.073298 -0.330668 -0.341853
v 0.060020 -0.332966 -0.359823
v 0.056849 -0.331285 -0.346548
v 0.059662 -0.326351 -0.368729
v 0.058894 -0.323129 -0.337203
v 0.049927 -0.326355 -0.360230
v 0.059717 -0.296159 -0.374857
v 0.048696 -0.324189 -0.347605
v 0.046903 -0.282683 -0.366390
v 0.080766 -0.282979 -0.371557
v 0.061715 -0.279244 -0.374133
v 0.046764 -0.280692 -0.350625
v 0.057662 -0.273490 -0.362248
v 0.085083 -0.274483 -0.361306
v 0.088293 -0.314402 -0.357386
v 0.094872 -0.280394 -0.357548
v 0.087055 -0.272903 -0.346859
v 0.057001 -0.273419 -0.348665
v 0.095182 -0.279731 -0.342190
v 0.081236 -0.274735 -0.335049
v 0.062097 -0.279108 -0.336480
v 0.080703 -0.289371 -0.332104
v 0.073182 -0.322653 -0.334633
v 0.083448 -0.324149 -0.342987
v 0.056416 -0.325452 -0.335342
v 0.040710 -0.337037 -0.330873
v 0.059139 -0.337470 -0.318859
v 0.100607 -0.336891 -0.258142
v 0.000228 -0.325440 -0.351461
v 0.000228 -0.333950 -0.341510
v 0.000228 -0.322436 -0.374207
v 0.147848 -0.325326 -0.193589
v 0.144883 -0.334981 -0.174890
v 0.068718 -0.322482 -0.351494
v 0.076970 -0.325292 -0.370305
v 0.167840 -0.336001 -0.167953
v 0.160612 -0.354692 -0.148436
v 0.179853 -0.343520 -0.154224
v 0.178816 -0.339490 -0.133608
v 0.194300 -0.329959 -0.147968
v 0.201465 -0.284399 -0.127645
v 0.214296 -0.285444 -0.141430
v 0.254581 -0.119266 -0.127411
v 0.268075 -0.113357 -0.139979
v 0.168201 -0.323523 -0.201365
v 0.178156 -0.332761 -0.191834
v 0.171471 -0.334167 -0.229656
v 0.165572 -0.325139 -0.228404
v 0.100706 -0.337858 -0.353237
v 0.068767 -0.338250 -0.384610
v 0.029452 -0.338096 -0.401132
v 0.000228 -0.325440 -0.396954
v 0.000228 -0.333950 -0.406905
v 0.253876 -0.098892 -0.098630
v 0.272016 -0.075721 -0.106063
v 0.278092 -0.065785 -0.059477
v 0.254524 -0.098288 -0.055002
v 0.284168 -0.075721 -0.013183
v 0.210755 -0.239277 -0.099416
v 0.201465 -0.284399 -0.127645
v 0.218953 -0.229834 -0.062828
v 0.178816 -0.339490 -0.133608
v 0.266106 -0.101964 -0.010595
v 0.288414 -0.107767 0.014705
v 0.272590 -0.126146 0.011931
v 0.279013 -0.163842 0.015612
v 0.235924 -0.230957 -0.013540
v 0.258769 -0.242865 -0.004927
v 0.215898 -0.320935 -0.057736
v 0.176948 -0.373548 -0.125347
v 0.160612 -0.354692 -0.148436
v 0.231610 -0.328591 -0.045531
v 0.250647 -0.351696 -0.055818
v 0.210064 -0.360280 -0.073779
v 0.151104 -0.382079 -0.157065
v 0.144883 -0.334981 -0.174890
v 0.123774 -0.444383 -0.236853
v 0.103700 -0.408807 -0.254664
v 0.100607 -0.336891 -0.258142
v 0.059460 -0.418863 -0.319320
v 0.135050 -0.325696 -0.246995
v 0.126958 -0.325917 -0.233698
v 0.123278 -0.313680 -0.235187
v 0.129740 -0.322433 -0.217998
v 0.134067 -0.331615 -0.228855
v 0.130586 -0.290029 -0.215530
v 0.149421 -0.330888 -0.214697
v 0.148126 -0.333771 -0.227606
v 0.144371 -0.321909 -0.207281
v 0.146883 -0.333443 -0.240789
v 0.162125 -0.332628 -0.226999
v 0.161986 -0.323655 -0.210181
v 0.151228 -0.285287 -0.200479
v 0.170340 -0.326557 -0.223128
v 0.167409 -0.326024 -0.239841
v 0.152698 -0.326006 -0.250241
v 0.157027 -0.292860 -0.256496
v 0.177764 -0.312328 -0.222353
v 0.173021 -0.284323 -0.203119
v 0.176275 -0.294164 -0.241652
v 0.185226 -0.275572 -0.218855
v 0.153828 -0.269313 -0.203105
v 0.177186 -0.276263 -0.241333
v 0.173927 -0.272461 -0.203940
v 0.168808 -0.267194 -0.212169
v 0.177195 -0.268682 -0.226650
v 0.156293 -0.266596 -0.229801
v 0.158809 -0.274345 -0.254763
v 0.135038 -0.267790 -0.232565
v 0.134311 -0.272200 -0.216695
v 0.126213 -0.274802 -0.238617
v 0.143555 -0.269700 -0.246992
v 0.136722 -0.277642 -0.254982
v -0.064030 -0.332913 -0.361355
v -0.073491 -0.326460 -0.366322
v -0.059158 -0.326748 -0.368500
v -0.049507 -0.326470 -0.360114
v -0.059100 -0.297462 -0.374743
v -0.077305 -0.331730 -0.350768
v -0.079909 -0.283139 -0.371805
v -0.059690 -0.333613 -0.354047
v -0.083885 -0.325287 -0.356248
v -0.093360 -0.292185 -0.357430
v -0.083038 -0.324148 -0.343009
v -0.070854 -0.329542 -0.339975
v -0.056365 -0.331268 -0.346553
v -0.072721 -0.322891 -0.334687
v -0.048309 -0.324420 -0.347548
v -0.058427 -0.323227 -0.337230
v -0.045858 -0.294621 -0.349169
v -0.046460 -0.282578 -0.366569
v -0.080246 -0.289371 -0.332104
v -0.094541 -0.279392 -0.342026
v -0.061615 -0.279213 -0.336476
v -0.081072 -0.276861 -0.333856
v -0.093548 -0.279538 -0.357948
v -0.086598 -0.272903 -0.346859
v -0.073030 -0.272189 -0.339920
v -0.049151 -0.276825 -0.351069
v -0.057386 -0.273374 -0.361934
v -0.084389 -0.274626 -0.361856
v -0.061077 -0.279384 -0.374100
v -0.254005 -0.098113 -0.055520
v -0.255103 -0.096562 -0.100453
v -0.266266 -0.103168 -0.009535
vn -0.6346 0.4177 0.6502
vn -0.8469 0.3533 0.3974
vn -0.7199 0.2048 0.6632
vn -0.5036 0.2154 0.8367
vn -0.4444 0.4375 0.7817
vn -0.5338 -0.0053 0.8456
vn -0.5096 0.6248 0.5916
vn -0.2742 0.2161 0.9371
vn -0.3699 0.6346 0.6786
vn -0.7589 -0.0689 0.6475
vn -0.2439 0.4362 0.8662
vn -0.3014 -0.0913 0.9491
vn -0.4590 0.7971 0.3925
vn -0.0064 0.3991 0.9169
vn -0.2049 0.6170 0.7598
vn -0.2164 0.7798 0.5875
vn -0.0035 0.6170 0.7870
vn -0.0016 0.7727 0.6348
vn 0.0064 0.8910 0.4540
vn 0.1989 0.6189 0.7598
vn 0.2134 0.7820 0.5857
vn 0.2360 0.4395 0.8667
vn 0.3648 0.6385 0.6776
vn 0.4567 0.7989 0.3914
vn 0.2633 0.2214 0.9390
vn 0.4381 0.4412 0.7832
vn 0.5063 0.6294 0.5895
vn 0.4907 0.2114 0.8453
vn -0.0093 0.0874 0.9961
vn 0.2897 -0.0886 0.9530
vn 0.6306 0.4236 0.6503
vn 0.8406 0.3620 0.4030
vn 0.7053 0.2195 0.6741
vn 0.5181 -0.0816 0.8514
vn 0.7510 0.0142 0.6602
vn 0.9279 0.0836 0.3632
vn 0.7445 -0.2251 0.6285
vn 0.4818 -0.3769 0.7911
vn -0.0690 0.9606 0.2691
vn 0.0013 0.9970 0.0778
vn -0.2117 0.9744 0.0759
vn -0.1520 0.9841 -0.0922
vn -0.1754 0.8757 0.4499
vn -0.3054 0.9052 0.2956
vn -0.3309 0.9287 -0.1674
vn -0.4236 0.9034 0.0669
vn -0.5798 0.8056 0.1213
vn -0.7038 0.6041 0.3737
vn -0.5714 0.8147 -0.0991
vn -0.7893 0.6016 0.1227
vn -0.9355 0.3346 0.1139
vn -0.9855 0.1520 0.0757
vn -0.9456 0.3230 -0.0376
vn -0.7705 0.6190 -0.1519
vn -0.4237 0.8528 -0.3053
vn -0.8906 0.4010 -0.2144
vn -0.5487 0.7314 -0.4050
vn -0.2185 0.8719 -0.4381
vn 0.9504 -0.1892 0.2468
vn 0.7020 0.6073 0.3719
vn 0.9832 0.1568 0.0934
vn 0.9368 0.3299 0.1169
vn 0.9988 -0.0308 0.0376
vn 0.9460 0.3219 -0.0385
vn 0.9863 0.1578 -0.0483
vn 0.7889 0.6024 0.1217
vn 0.5798 0.8057 0.1207
vn 0.7701 0.6198 -0.1509
vn 0.8904 0.4020 -0.2134
vn 0.5718 0.8142 -0.1011
vn 0.5479 0.7321 -0.4048
vn 0.4252 0.8521 -0.3051
vn 0.4146 0.9071 0.0728
vn 0.3384 0.9277 -0.1577
vn 0.3151 0.9034 0.2908
vn 0.2232 0.9740 0.0386
vn 0.1391 0.9646 0.2242
vn 0.1636 0.8828 0.4403
vn 0.1578 0.9831 -0.0924
vn 0.1977 0.9235 -0.3286
vn -0.0074 0.9987 -0.0512
vn 0.0679 0.9739 -0.2164
vn 0.2496 0.7862 -0.5653
vn 0.3883 0.6756 -0.6267
vn 0.2487 0.6661 -0.7032
vn -0.0006 0.8258 -0.5640
vn 0.2163 0.8730 -0.4372
vn -0.0015 0.9216 -0.3882
vn -0.1658 0.9396 -0.2994
vn -0.5535 -0.0073 -0.8328
vn -0.6358 -0.1050 -0.7646
vn -0.7901 -0.0083 -0.6129
vn -0.2958 -0.1041 -0.9496
vn -0.2909 -0.0210 -0.9565
vn -0.8733 -0.0815 -0.4803
vn -0.9204 0.0640 -0.3856
vn -0.8340 -0.1500 -0.5310
vn -0.6101 -0.1734 -0.7731
vn -0.8943 -0.1580 -0.4188
vn -0.1578 -0.1880 -0.9694
vn -0.8810 -0.0406 -0.4714
vn -0.8576 -0.1813 -0.4813
vn -0.7315 0.2614 -0.6297
vn -0.9541 0.1461 -0.2613
vn -0.7539 0.0034 -0.6570
vn -0.8429 -0.1608 -0.5135
vn -0.8792 -0.4049 -0.2512
vn -0.8083 -0.1480 -0.5698
vn -0.8816 -0.4449 0.1578
vn -0.6006 -0.4080 0.6876
vn -0.9251 -0.1979 -0.3239
vn -0.9288 -0.0748 -0.3629
vn -0.9697 -0.1841 -0.1607
vn -0.9754 -0.1822 -0.1245
vn -0.8585 -0.3014 0.4149
vn -0.5963 -0.3521 0.7214
vn -0.5849 -0.2409 0.7745
vn -0.9752 -0.1646 -0.1478
vn -0.9819 0.0757 -0.1734
vn -0.9003 -0.1949 0.3893
vn -0.6172 0.2497 0.7461
vn -0.9007 0.1842 0.3934
vn -0.8180 0.5571 0.1431
vn -0.9472 0.2916 -0.1333
vn -0.7902 0.5497 -0.2711
vn -0.8291 0.5496 -0.1030
vn 0.0160 0.0132 -0.9998
vn -0.2057 0.1197 -0.9713
vn 0.0317 -0.1031 -0.9942
vn 0.3043 -0.1314 -0.9435
vn 0.2953 -0.0396 -0.9546
vn 0.2087 0.1199 -0.9706
vn 0.6373 -0.0894 -0.7654
vn 0.6685 -0.1646 -0.7252
vn 0.5367 -0.0210 -0.8435
vn 0.8539 -0.1558 -0.4965
vn 0.7900 -0.0064 -0.6131
vn 0.8712 -0.0748 -0.4852
vn 0.9247 0.0601 -0.3759
vn 0.9008 -0.0269 -0.4335
vn 0.8623 -0.2037 -0.4636
vn 0.8943 0.4137 -0.1704
vn 0.9434 0.3298 0.0339
vn 0.7080 0.7012 0.0837
vn 0.8227 -0.0786 -0.5630
vn 0.5791 0.4560 -0.6759
vn 0.3569 0.7780 -0.5171
vn -0.0396 0.3960 -0.9174
vn 0.4627 0.1735 -0.8694
vn -0.0299 0.1685 -0.9852
vn 0.8351 -0.1500 -0.5292
vn 0.8656 -0.4341 -0.2494
vn 0.5455 -0.0952 -0.8327
vn 0.4558 0.2204 -0.8624
vn 0.8771 -0.4549 0.1540
vn 0.6022 -0.4078 0.6863
vn 0.9238 -0.0637 -0.3774
vn 0.9278 -0.1901 -0.3210
vn 0.7419 -0.1392 -0.6559
vn 0.7812 0.2829 -0.5565
vn 0.7376 0.5756 -0.3529
vn 0.9774 -0.1724 -0.1226
vn 0.9521 0.2653 -0.1519
vn 0.8337 0.5436 -0.0971
vn 0.8276 0.5454 0.1324
vn 0.8897 0.1949 0.4129
vn 0.6110 0.2506 0.7509
vn 0.8981 -0.2027 0.3902
vn 0.5746 -0.2358 0.7837
vn 0.8545 -0.3005 0.4237
vn 0.5973 -0.3620 0.7157
vn -0.2956 0.4684 -0.8326
vn -0.7486 0.6099 -0.2602
vn -0.1735 0.9534 -0.2467
vn -0.3798 0.8418 0.3836
vn 0.3002 0.8911 -0.3403
vn 0.2750 0.9063 0.3210
vn 0.4448 0.4673 -0.7641
vn 0.8297 0.5055 -0.2368
vn -0.2918 0.0161 -0.9563
vn 0.8005 0.4958 0.3366
vn -0.9071 0.1119 -0.4059
vn -0.8742 0.4223 0.2397
vn 0.2095 0.4665 0.8593
vn -0.4920 0.3825 0.7821
vn -0.9570 0.0357 0.2878
vn -0.9073 -0.0982 -0.4088
vn -0.5321 -0.0708 0.8437
vn -0.8038 -0.5432 0.2427
vn -0.6695 -0.6640 -0.3329
vn 0.2994 0.0063 0.9541
vn -0.3599 -0.6616 0.6578
vn -0.1656 -0.9844 0.0601
vn -0.2096 -0.6414 -0.7380
vn 0.4940 -0.3406 -0.7999
vn 0.3569 -0.8991 -0.2534
vn 0.9121 -0.3142 -0.2633
vn 0.7467 -0.6002 0.2867
vn 0.9048 0.1157 0.4098
vn 0.2963 -0.6315 0.7165
vn 0.7430 -0.5076 -0.4362
vn 0.6543 -0.7268 0.2090
vn 0.2065 -0.9774 -0.0453
vn -0.0944 -0.8370 0.5391
vn -0.0445 -0.9209 -0.3873
vn -0.5341 -0.8398 0.0973
vn -0.4910 -0.4705 -0.7332
vn -0.8119 -0.3207 0.4878
vn 0.2839 -0.4745 -0.8332
vn -0.9171 -0.3581 -0.1753
vn -0.4548 0.3131 -0.8337
vn 0.3217 0.2691 -0.9078
vn -0.8943 0.3834 -0.2310
vn -0.1637 0.8749 -0.4557
vn 0.8351 0.2185 -0.5048
vn 0.2652 0.8016 -0.5358
vn 0.9401 -0.2869 0.1841
vn 0.5475 0.8193 -0.1704
vn 0.0346 0.9960 -0.0825
vn -0.4501 0.8927 -0.0219
vn -0.7860 0.4157 0.4577
vn -0.2429 0.6621 0.7090
vn 0.2487 0.9438 0.2176
vn 0.9388 0.2947 0.1783
vn 0.4771 0.4586 0.7497
vn 0.4890 -0.0924 0.8674
vn -0.3268 -0.0005 0.9451
vn 0.4001 -0.4774 0.7823
vn -0.3609 -0.3677 0.8571
vn 0.7420 0.5204 -0.4226
vn 0.5369 0.6053 -0.5877
vn 0.8005 0.3678 -0.4732
vn 0.9478 0.2496 -0.1987
vn 0.9860 0.0914 -0.1391
vn 0.9994 -0.0269 -0.0200
vn 0.9733 -0.2222 0.0582
vn 0.9630 -0.2682 -0.0278
vn 0.8709 -0.2086 -0.4450
vn 0.9671 -0.2302 -0.1080
vn 0.9620 -0.2721 -0.0207
vn 0.9071 -0.3835 0.1735
vn 0.9776 -0.2067 0.0406
vn 0.8198 -0.3228 -0.4731
vn 0.8788 -0.4773 -0.0004
vn 0.9098 -0.4068 0.0826
vn 0.8104 -0.5858 -0.0102
vn 0.9318 -0.3588 -0.0543
vn 0.8513 -0.5202 -0.0678
vn 0.7197 -0.6943 0.0025
vn 0.5348 -0.8201 0.2037
vn 0.6999 -0.6765 0.2291
vn 0.3825 -0.7764 0.5009
vn 0.5180 -0.6636 0.5397
vn 0.6745 -0.4431 0.5906
vn 0.3932 -0.5878 0.7070
vn 0.3121 -0.6698 0.6738
vn 0.2478 -0.5720 0.7820
vn 0.1967 -0.6258 0.7548
vn -0.0064 -0.6031 0.7976
vn 0.2808 -0.3922 0.8759
vn -0.0074 -0.5016 0.8651
vn -0.0083 -0.2517 0.9678
vn -0.2868 -0.3961 0.8722
vn -0.2565 -0.5759 0.7762
vn -0.1989 -0.6276 0.7527
vn -0.3856 -0.5868 0.7120
vn -0.4570 -0.4753 0.7519
vn -0.5948 -0.5556 0.5810
vn -0.5222 -0.2597 0.8123
vn -0.6318 -0.5008 0.5917
vn -0.9035 -0.3868 0.1845
vn -0.8577 -0.4843 0.1726
vn -0.7194 -0.3359 0.6080
vn -0.9563 -0.2617 -0.1305
vn -0.9496 -0.2191 0.2241
vn -0.9546 -0.2636 -0.1390
vn -0.9657 -0.2554 -0.0465
vn -0.9811 -0.1931 -0.0091
vn -0.8825 -0.4703 -0.0043
vn -0.9770 -0.1979 0.0797
vn -0.9941 -0.1070 -0.0171
vn -0.9991 -0.0213 0.0366
vn -0.9353 0.0562 0.3493
vn 0.2367 -0.8638 -0.4448
vn -0.0006 -0.4262 -0.9046
vn 0.6323 -0.4048 -0.6606
vn 0.2906 -0.9569 -0.0004
vn -0.3493 -0.9100 -0.2232
vn -0.5361 -0.4901 -0.6874
vn -0.8467 -0.5320 0.0084
vn -0.6515 -0.1520 -0.7432
vn 0.6560 0.0024 -0.7547
vn 0.0004 0.3218 -0.9468
vn 0.8945 -0.4471 -0.0004
vn -0.2995 -0.8844 0.3580
vn 0.2290 -0.8746 0.4274
vn -0.5437 -0.5123 0.6648
vn 0.6322 -0.4048 0.6607
vn 0.0063 -0.4099 0.9121
vn 0.6560 0.0024 0.7548
vn 0.9201 0.3916 -0.0003
vn -0.6515 -0.1519 0.7433
vn -0.9532 0.3024 -0.0004
vn 0.0004 0.3221 0.9467
vn -0.6112 0.4138 0.6747
vn -0.6113 0.4138 -0.6746
vn -0.3984 0.9172 -0.0004
vn -0.1794 0.8702 0.4589
vn 0.4769 0.6094 0.6334
vn 0.2798 0.9601 -0.0000
vn -0.1794 0.8703 -0.4588
vn 0.4771 0.6091 -0.6335
vn -0.2207 0.7642 -0.6061
vn 0.3278 0.4754 -0.8164
vn -0.3991 0.2652 -0.8777
vn -0.7793 0.5956 -0.1948
vn -0.2538 0.9546 0.1560
vn -0.9692 0.1442 -0.1998
vn 0.1402 0.9616 -0.2360
vn -0.6789 0.5830 0.4463
vn -0.4462 0.0757 -0.8917
vn -0.8385 0.1529 0.5230
vn 0.2622 -0.3786 -0.8876
vn -0.9191 -0.3464 -0.1881
vn -0.3199 0.1186 0.9400
vn -0.4500 -0.5545 -0.7000
vn -0.7460 -0.5202 0.4158
vn -0.4199 -0.9037 -0.0835
vn 0.0874 -0.9144 -0.3953
vn -0.0836 -0.9963 -0.0200
vn 0.3461 -0.9008 -0.2621
vn -0.1862 -0.9179 0.3503
vn 0.7490 -0.4656 -0.4714
vn -0.3241 -0.3885 0.8626
vn 0.1441 -0.9190 0.3670
vn 0.3227 -0.9449 0.0543
vn 0.3855 -0.4843 0.7854
vn 0.8231 -0.5340 0.1930
vn 0.4597 0.0181 0.8879
vn 0.9724 -0.0845 0.2174
vn 0.8453 0.0544 -0.5316
vn -0.2566 0.5537 0.7922
vn 0.4510 0.4911 0.7453
vn 0.1293 0.9157 0.3805
vn 0.8751 0.4412 0.1989
vn 0.4145 0.9039 -0.1059
vn 0.7124 0.5328 -0.4566
vn 0.2573 0.6364 -0.7272
vn -0.0827 0.9719 -0.2203
vn 0.7048 0.6648 -0.2476
vn 0.6668 0.7453 -0.0003
vn 0.9876 0.1569 -0.0043
vn -0.1334 0.9911 -0.0003
vn 0.9591 0.1675 -0.2282
vn 0.9644 -0.2643 -0.0112
vn 0.0219 0.9706 -0.2398
vn 0.0003 1.0000 -0.0003
vn 0.1332 0.9911 -0.0000
vn 0.0366 0.6963 -0.7168
vn 0.0688 0.9694 -0.2358
vn -0.6695 0.7428 -0.0003
vn 0.0785 0.7341 -0.6745
vn 0.0025 -0.0111 -0.9999
vn -0.6893 0.6853 -0.2349
vn -0.9901 0.1402 -0.0092
vn -0.6052 0.3971 -0.6900
vn -0.9698 0.1353 -0.2027
vn -0.9621 -0.2722 -0.0171
vn -0.7623 -0.1968 -0.6166
vn -0.9519 -0.2271 -0.2055
vn -0.0006 -0.9535 -0.3015
vn -0.8808 -0.4733 -0.0082
vn -0.0065 -1.0000 0.0005
vn 0.8777 -0.4792 -0.0053
vn 0.0141 -0.6519 -0.7582
vn 0.7754 -0.0836 -0.6259
vn 0.9504 -0.2507 -0.1842
vn 0.6147 0.7847 0.0796
vn 0.8242 0.2937 0.4843
vn 0.9259 0.3230 -0.1959
vn 0.0571 0.8417 0.5369
vn 0.1735 0.9644 -0.1998
vn 0.4843 0.4179 -0.7687
vn -0.2596 0.8811 -0.3953
vn -0.2526 0.4353 -0.8641
vn -0.7560 0.6289 0.1814
vn -0.8016 0.3883 -0.4547
vn -0.3269 0.0836 -0.9414
vn -0.9695 0.1333 0.2057
vn 0.4449 -0.3170 -0.8376
vn -0.8506 -0.2145 -0.4801
vn -0.3362 -0.4946 -0.8014
vn 0.9138 -0.3395 -0.2231
vn 0.2163 -0.8650 -0.4527
vn -0.3610 -0.9010 -0.2407
vn -0.8519 -0.5125 0.1082
vn 0.5086 -0.8606 0.0269
vn -0.2439 -0.9211 0.3035
vn -0.4962 -0.2772 0.8228
vn 0.2575 -0.6563 0.7092
vn 0.8079 -0.3397 0.4815
vn 0.3268 0.0327 0.9445
vn 0.3511 0.3414 0.8719
vn -0.4316 0.3934 0.8118
vn 0.0463 -0.9988 0.0152
vn 0.1587 -0.9239 -0.3483
vn 0.2417 -0.9703 0.0074
vn 0.6460 -0.7633 0.0035
vn -0.0866 -0.9380 -0.3358
vn -0.5976 -0.8018 0.0084
vn 0.6960 -0.6219 -0.3590
vn -0.5321 -0.7597 -0.3737
vn 0.9277 -0.0523 -0.3698
vn 0.9982 0.0415 0.0435
vn 0.4442 -0.3320 -0.8322
vn 0.0942 -0.6128 -0.7846
vn -0.2283 -0.5213 -0.8223
vn 0.0128 0.0075 -0.9999
vn 0.4557 0.3316 -0.8261
vn 0.9079 0.1978 -0.3697
vn 0.7765 0.6300 0.0133
vn 0.6394 0.6794 -0.3599
vn 0.2690 0.9624 0.0386
vn 0.1822 0.9221 -0.3415
vn -0.0201 0.9998 0.0035
vn 0.1040 0.6054 -0.7891
vn -0.2252 0.9147 -0.3355
vn -0.3309 0.9436 -0.0024
vn -0.2371 0.5585 -0.7949
vn -0.5771 0.7354 -0.3552
vn -0.6742 0.7386 0.0054
vn -0.4949 0.2516 -0.8318
vn -0.8425 0.3795 -0.3823
vn -0.9474 0.3200 0.0006
vn -0.5126 -0.1236 -0.8497
vn -0.8928 -0.2233 -0.3913
vn -0.9650 -0.2624 0.0025
vn -0.0875 -0.9962 0.0031
vn -0.2312 -0.9729 0.0083
vn -0.1676 -0.9208 -0.3521
vn -0.6360 -0.7717 0.0035
vn 0.1294 -0.9916 -0.0014
vn -0.6956 -0.6222 -0.3592
vn -0.9277 -0.0523 -0.3697
vn -0.9982 0.0386 0.0455
vn -0.4442 -0.3320 -0.8322
vn 0.0825 -0.9366 -0.3405
vn -0.9082 0.1979 -0.3688
vn -0.7735 0.6337 0.0142
vn -0.4557 0.3316 -0.8261
vn -0.6397 0.6797 -0.3590
vn -0.1822 0.9214 -0.3432
vn -0.2673 0.9629 0.0357
vn 0.0229 0.9997 -0.0014
vn 0.2271 0.9139 -0.3365
vn 0.3288 0.9444 -0.0043
vn -0.1042 0.6054 -0.7891
vn -0.0132 0.0074 -0.9999
vn 0.2378 0.5584 -0.7948
vn 0.5789 0.7344 -0.3542
vn 0.6782 0.7349 0.0064
vn 0.4947 0.2516 -0.8318
vn 0.8434 0.3775 -0.3824
vn 0.9498 0.3130 0.0005
vn -0.0943 -0.6128 -0.7846
vn 0.2290 -0.5213 -0.8221
vn 0.5125 -0.1236 -0.8497
vn 0.8941 -0.2163 -0.3921
vn 0.9686 -0.2486 -0.0024
vn 0.6347 -0.7727 0.0005
vn 0.5331 -0.7590 -0.3738
vn 0.2076 0.4686 0.8586
vn -0.4306 0.6806 0.5928
vn -0.5898 0.2917 0.7530
vn -0.9272 0.3736 0.0259
vn 0.0961 0.9332 0.3463
vn -0.5869 0.8096 0.0025
vn -0.5320 0.6658 -0.5231
vn -0.7381 0.2095 -0.6413
vn -0.9941 0.1080 0.0024
vn -0.1237 0.1295 -0.9838
vn -0.0387 0.7578 -0.6513
vn 0.2338 0.9664 -0.1069
vn 0.6006 0.5118 -0.6143
vn 0.7909 0.6102 0.0475
vn 0.6827 0.4942 0.5382
vn 0.9997 -0.0220 -0.0102
vn 0.6531 0.0913 -0.7518
vn 0.5658 -0.4437 -0.6950
vn 0.7487 0.0014 0.6629
vn 0.1480 -0.0220 0.9887
vn 0.5043 -0.7036 0.5006
vn 0.7350 -0.6754 0.0601
vn 0.1401 -0.9346 -0.3268
vn -0.6543 -0.2546 0.7121
vn 0.0942 -0.5927 0.7999
vn -0.1367 -0.9903 -0.0228
vn -0.3855 -0.8770 0.2868
vn -0.8881 -0.4560 -0.0571
vn -0.6640 -0.5418 -0.5153
vn -0.2449 -0.5291 -0.8124
vn -0.1716 -0.9251 -0.3386
vn -0.7113 -0.4971 -0.4970
vn -0.1374 -0.5076 -0.8506
vn 0.5507 -0.5019 -0.6670
vn -0.2156 -0.1138 -0.9698
vn -0.4294 -0.8942 0.1266
vn -0.7727 0.2272 -0.5927
vn 0.2125 -0.9689 -0.1265
vn -0.8365 -0.5386 0.1011
vn 0.9230 -0.3778 -0.0728
vn 0.5326 -0.8296 0.1675
vn 0.0073 -0.8592 0.5115
vn -0.4889 -0.4742 0.7321
vn -0.9781 -0.1821 0.1011
vn 0.7428 -0.3346 0.5799
vn 0.2526 -0.3846 0.8879
vn 0.2145 -0.0357 0.9761
vn -0.5797 0.3619 0.7301
vn -0.9220 0.3845 0.0465
vn 0.1606 0.5172 0.8406
vn 0.7469 0.4128 0.5213
vn 0.9961 0.0347 -0.0815
vn -0.2820 0.9317 0.2292
vn 0.2359 0.9169 0.3220
vn 0.7508 0.6561 -0.0757
vn 0.5348 0.3181 -0.7828
vn -0.5163 0.8249 -0.2300
vn -0.0152 0.9894 -0.1442
vn 0.1724 0.9065 -0.3855
vn -0.2488 0.5338 -0.8082
vn 0.6061 0.7282 0.3199
vn 0.5114 0.2828 0.8115
vn 0.9354 0.2174 0.2790
vn -0.1051 0.8936 0.4364
vn 0.4224 0.8953 -0.1411
vn -0.0787 0.4216 0.9034
vn -0.7213 0.5396 0.4342
vn -0.1842 0.1206 0.9755
vn 0.3993 -0.3416 0.8508
vn -0.3913 0.9021 -0.1821
vn -0.7777 0.5450 -0.3132
vn 0.1137 0.8297 -0.5464
vn -0.4042 0.4042 -0.8205
vn -0.9517 -0.1147 -0.2846
vn 0.2731 0.3299 -0.9036
vn 0.8475 0.2721 -0.4557
vn 0.1371 -0.3325 -0.9331
vn 0.7648 -0.4599 -0.4511
vn 0.8454 -0.4410 0.3014
vn 0.2731 -0.9309 -0.2428
vn -0.4988 -0.1822 -0.8474
vn -0.0855 -0.8091 -0.5815
vn 0.3015 -0.8832 0.3593
vn -0.1560 -0.9876 0.0191
vn -0.5653 -0.7323 -0.3796
vn -0.2242 -0.5532 0.8023
vn -0.5356 -0.8217 0.1948
vn -0.8689 -0.1480 0.4723
vn 1.0000 -0.0004 -0.0003
vn 1.0000 -0.0004 -0.0004
vn -0.7587 0.1079 0.6424
vn -0.0866 0.4744 0.8761
vn -0.6414 0.5701 0.5134
vn -0.1099 0.9108 0.3980
vn 0.5642 0.4920 0.6630
vn -0.6452 0.7624 -0.0503
vn -0.1324 0.0464 0.9901
vn 0.2838 0.9532 0.1041
vn 0.1284 0.7489 -0.6501
vn -0.5164 0.5847 -0.6257
vn 0.6180 0.5946 -0.5144
vn -0.6570 0.1587 -0.7370
vn 0.1313 0.1158 -0.9845
vn 0.8714 0.4902 0.0191
vn 0.7648 0.1100 -0.6348
vn -0.5840 -0.3757 -0.7196
vn 0.1344 -0.3818 -0.9144
vn 0.9990 0.0337 0.0279
vn -0.8316 -0.5552 0.0123
vn 0.7095 -0.3726 -0.5982
vn 0.6142 -0.3005 0.7297
vn 0.8092 -0.5846 -0.0591
vn 0.2455 -0.8218 -0.5141
vn -0.7159 -0.3767 0.5879
vn -0.1491 -0.3856 0.9105
vn 0.2886 -0.8963 0.3366
vn -0.2615 -0.8360 0.4823
vn -0.0160 -0.9995 -0.0260
vn -0.2877 -0.8903 -0.3530
vn -0.0318 0.3952 0.9180
vn 0.4741 0.6882 0.5492
vn -0.0015 0.9507 0.3101
vn 0.3901 0.8766 -0.2817
vn -0.4489 0.8551 0.2594
vn -0.2565 0.8534 -0.4538
vn -0.9201 0.3914 -0.0122
vn -0.0084 0.3834 -0.9235
vn -0.6103 0.3474 0.7119
vn -0.6442 0.3609 -0.6743
vn -0.9352 -0.3540 -0.0111
vn -0.6081 -0.3560 0.7096
vn -0.6296 -0.3355 -0.7008
vn -0.4518 -0.8921 -0.0034
vn -0.0006 -0.2888 0.9574
vn -0.2986 -0.8437 0.4461
vn 0.6189 0.2304 0.7509
vn 0.1978 -0.8420 0.5019
vn 0.0005 -1.0000 -0.0024
vn -0.1989 -0.8430 -0.4998
vn 0.0287 -0.2917 -0.9561
vn 0.2905 -0.8482 -0.4429
vn 0.4419 -0.8971 0.0045
vn 0.6491 -0.3044 0.6972
vn 0.9236 -0.3834 -0.0063
vn 0.6071 -0.3834 -0.6960
vn 0.9891 0.1471 0.0112
vn 0.6500 0.1177 -0.7507
vn 0.8683 0.4960 0.0084
vn 0.5464 0.4420 -0.7115
vn 0.8151 -0.0698 0.5750
vn 0.7821 0.1265 0.6102
vn 0.8583 0.1392 0.4940
vn 0.9018 0.0738 0.4258
vn 0.7300 -0.2613 0.6315
vn 0.5716 -0.5622 0.5977
vn 0.9287 0.1490 0.3396
vn 0.9389 0.1431 0.3131
vn 0.6631 -0.2123 0.7177
vn 0.4934 -0.5267 0.6921
vn 0.3337 -0.7557 0.5635
vn 0.4656 -0.6944 0.5487
vn 0.4795 -0.6932 0.5381
vn 0.4030 -0.6521 0.6422
vn 0.3522 -0.6658 0.6578
vn 0.0756 -0.6872 0.7225
vn -0.0211 -0.6951 0.7186
vn -0.2196 -0.6624 0.7162
vn -0.3522 -0.6686 0.6550
vn -0.4764 -0.6600 0.5809
vn -0.4764 -0.6962 0.5370
vn -0.4577 -0.7036 0.5436
vn -0.5769 -0.5632 0.5916
vn 0.0140 -0.9002 0.4353
vn -0.2936 -0.6062 0.7391
vn 0.1489 -0.8093 0.5683
vn 0.5262 -0.8475 0.0695
vn 0.6088 -0.7918 -0.0487
vn 0.5760 -0.8146 -0.0689
vn 0.6366 -0.6914 -0.3415
vn 0.4683 -0.7582 -0.4536
vn 0.2682 -0.8057 -0.5281
vn 0.1598 -0.7973 -0.5821
vn -0.0963 -0.8165 -0.5692
vn -0.0729 -0.8176 -0.5712
vn -0.4229 -0.7571 -0.4980
vn -0.5369 -0.7303 -0.4224
vn -0.6035 -0.7881 -0.1216
vn -0.5849 -0.8096 -0.0483
vn -0.5928 -0.8037 -0.0513
vn -0.4851 -0.8660 0.1210
vn -0.2216 -0.9144 0.3388
vn -0.1570 -0.8125 0.5615
vn -0.0797 -0.7038 0.7059
vn 0.0043 -0.5350 0.8448
vn 0.0356 -0.4199 0.9069
vn 0.3951 -0.1959 0.8975
vn 0.4684 -0.1295 0.8740
vn 0.4245 -0.0601 0.9034
vn 0.5982 0.1792 0.7810
vn 0.5671 0.3786 0.7314
vn 0.7403 0.4569 0.4932
vn 0.7473 0.5414 0.3852
vn 0.7977 0.5896 0.1266
vn 0.7984 0.5905 0.1177
vn 0.8221 0.5164 -0.2398
vn 0.7932 0.5782 -0.1911
vn 0.1197 0.3866 -0.9144
vn -0.4481 0.4088 -0.7950
vn -0.3433 0.6141 -0.7106
vn -0.2847 -0.0483 -0.9574
vn -0.1892 -0.0288 -0.9815
vn 0.8192 0.3444 -0.4587
vn 0.9479 0.2847 -0.1430
vn 0.3932 0.2467 -0.8857
vn 0.0405 0.4432 -0.8955
vn 0.9074 0.2947 -0.2995
vn 0.9283 0.2811 0.2434
vn 0.7693 0.6199 -0.1548
vn 0.3803 0.5210 -0.7641
vn -0.4703 0.8101 -0.3501
vn 0.1362 0.9627 -0.2339
vn 0.3816 0.8332 0.4003
vn -0.2215 0.8715 0.4375
vn 0.2339 0.8493 0.4733
vn -0.3847 0.9231 0.0005
vn 0.2973 0.9050 0.3043
vn 0.7593 0.4283 0.4899
vn -0.1462 0.9698 0.1950
vn 0.2416 0.9087 0.3404
vn 0.6674 0.5132 0.5396
vn -0.0251 0.9995 -0.0190
vn 0.2396 0.6850 0.6880
vn 0.1069 0.9050 0.4118
vn 0.1802 0.6630 0.7266
vn -0.0094 0.9997 -0.0239
vn -0.4070 0.7801 -0.4752
vn -0.1578 0.8766 -0.4546
vn -0.6324 0.6488 -0.4232
vn -0.6162 0.6943 -0.3718
vn -0.3998 0.5536 -0.7306
vn -0.2320 0.7227 -0.6511
vn -0.2233 0.7341 -0.6412
vn 0.6891 -0.5202 -0.5045
vn 0.6650 -0.7350 0.1326
vn 0.1958 -0.9784 -0.0668
vn -0.0348 -0.8455 0.5329
vn -0.0846 -0.9252 -0.3699
vn -0.5085 -0.8474 0.1529
vn 0.1811 -0.4946 -0.8500
vn -0.7509 -0.3298 0.5721
vn -0.5763 -0.4804 -0.6612
vn 0.2212 -0.1031 -0.9698
vn -0.9275 -0.3668 -0.0717
vn -0.5331 0.3249 -0.7812
vn 0.7773 0.2370 -0.5828
vn -0.9112 0.3904 -0.1314
vn 0.2507 0.5387 -0.8043
vn -0.1989 0.8934 -0.4029
vn 0.9511 -0.2988 0.0781
vn 0.5095 0.8321 -0.2193
vn 0.0378 0.9938 -0.1048
vn -0.4391 0.8980 0.0279
vn -0.7267 0.4247 0.5400
vn -0.1618 0.6639 0.7301
vn 0.2623 0.9476 0.1824
vn 0.9509 0.3004 0.0737
vn 0.5541 0.4672 0.6890
vn 0.5817 -0.0972 0.8076
vn -0.2194 -0.0005 0.9756
vn 0.4784 -0.4912 0.7279
vn -0.2643 -0.3775 0.8875
vn 0.7451 0.6103 -0.2692
vn 0.9057 0.3250 0.2720
vn 0.9192 0.0885 -0.3836
vn 0.3072 0.4518 -0.8376
vn 0.2819 -0.0132 -0.9593
vn 0.1784 0.8942 -0.4105
vn -0.4373 0.4705 -0.7664
vn 0.3209 0.9403 0.1139
vn -0.2701 0.9078 -0.3208
vn 0.4636 0.6160 0.6369
vn -0.0690 0.9139 0.4001
vn -0.8300 0.5027 -0.2417
vn -0.5925 0.7536 0.2848
vn -0.2264 0.4541 0.8617
vn -0.8726 0.2788 0.4009
vn -0.9501 0.1109 -0.2915
vn 0.5484 0.1109 0.8289
vn -0.2995 0.0044 0.9541
vn 0.8301 -0.4980 0.2508
vn 0.5269 -0.0659 0.8474
vn 0.9102 -0.0865 -0.4050
vn 0.3570 -0.6639 0.6571
vn 0.6636 -0.6647 -0.3433
vn 0.1762 -0.9832 0.0483
vn -0.3025 -0.6337 0.7120
vn -0.7617 -0.5916 0.2644
vn -0.9093 0.0953 0.4051
vn -0.7432 -0.6307 -0.2232
vn -0.4833 -0.5947 -0.6425
vn -0.5323 0.0787 -0.8429
vn 0.1577 -0.6414 -0.7508
vn -0.2223 0.0814 -0.9716
vn -0.8509 0.2487 -0.4627
vn -0.2721 0.6392 -0.7193
vn -0.6473 0.7616 0.0318
vn -0.9232 0.2018 0.3270
vn 0.1137 0.8926 -0.4363
vn -0.7518 -0.4479 -0.4840
vn 0.3943 0.4139 -0.8205
vn -0.1354 -0.3679 -0.9199
vn 0.5318 -0.2076 -0.8210
vn -0.3163 0.9096 0.2694
vn 0.7968 0.5038 -0.3336
vn 0.3953 0.9182 -0.0249
vn 0.9166 0.2291 -0.3276
vn 0.6979 0.5426 0.4675
vn 0.0463 0.6697 0.7412
vn -0.5272 0.2926 0.7978
vn 0.1537 0.2086 0.9658
vn 0.8633 -0.1353 0.4862
vn -0.4316 -0.3406 0.8353
vn 0.2621 -0.2739 0.9253
vn 0.8362 -0.4537 -0.3080
vn 0.5281 -0.8203 0.2195
vn 0.0522 -0.8311 0.5536
vn -0.8294 -0.4579 0.3201
vn -0.3739 -0.8937 0.2478
vn 0.1831 -0.9824 -0.0356
vn -0.2742 -0.9300 -0.2448
vn 0.2017 -0.7999 -0.5653
vn 0.4898 -0.1646 0.8562
vn 0.0111 -0.0777 0.9969
vn 0.5465 -0.0767 0.8339
vn 0.0083 -0.1597 0.9871
vn 0.8210 -0.2125 0.5300
vn -0.3504 -0.0856 0.9327
vn -0.4879 -0.1606 0.8580
vn 0.0072 0.0620 0.9981
vn 0.3699 0.0044 0.9291
vn 0.2447 0.1188 0.9623
vn 0.7070 -0.0132 0.7071
vn -0.3708 0.0122 0.9286
vn -0.2438 0.1189 0.9625
vn -0.6933 -0.0054 0.7206
vn 0.8380 -0.0904 0.5381
vn 0.8563 0.0083 0.5164
vn 0.8766 0.0327 0.4801
vn 0.8091 -0.1265 0.5739
vn -0.0279 -0.4331 -0.9009
vn 0.4546 -0.7176 -0.5277
vn -0.0005 -0.9562 -0.2926
vn 0.3510 -0.9000 0.2584
vn -0.4059 -0.8816 -0.2408
vn -0.2351 -0.8790 0.4149
vn -0.6052 -0.3902 -0.6939
vn -0.0104 -0.4206 0.9072
vn -0.9036 -0.4276 0.0260
vn -0.6519 0.0142 -0.7582
vn -0.6335 -0.3942 0.6658
vn -0.9223 0.3866 0.0005
vn 0.0112 0.3309 -0.9436
vn -0.6220 0.3659 0.6923
vn -0.4595 0.6339 -0.6221
vn -0.3835 0.9235 0.0103
vn 0.6187 -0.2631 -0.7403
vn 0.1909 0.8700 -0.4547
vn 0.6490 0.3267 -0.6871
vn 0.8417 -0.5398 -0.0102
vn 0.5370 -0.4832 0.6915
vn 0.9656 0.2594 -0.0180
vn 0.6542 -0.1294 0.7452
vn 0.0268 0.3328 0.9426
vn 0.5153 0.5876 0.6238
vn 0.4002 0.9164 -0.0053
vn -0.1804 0.8711 0.4568
vn 0.0022 1.0000 0.0054
vn 0.2583 0.8348 0.4861
vn 0.0082 0.3846 0.9231
vn 0.6413 0.3620 0.6766
vn 0.9108 0.4128 -0.0004
vn -0.3877 0.8900 0.2400
vn 0.3112 0.9504 0.0015
vn 0.2506 0.8488 -0.4656
vn -0.3336 0.8550 -0.3970
vn -0.8760 0.4822 -0.0073
vn -0.5537 0.4491 0.7013
vn -0.6539 0.1333 0.7447
vn -0.5643 0.4704 -0.6784
vn 0.0160 0.3679 -0.9297
vn 0.6413 0.3620 -0.6765
vn 0.9398 -0.3417 -0.0004
vn 0.6140 -0.3454 -0.7097
vn -0.6540 0.1333 -0.7447
vn 0.0092 -0.2800 -0.9600
vn 0.6139 -0.3453 0.7098
vn 0.4419 -0.8971 -0.0004
vn 0.2986 -0.8411 -0.4510
vn -0.6191 -0.3816 -0.6864
vn 0.0092 -0.2799 0.9600
vn 0.2985 -0.8410 0.4511
vn 0.0190 -0.9998 -0.0004
vn -0.1940 -0.8359 0.5135
vn -0.6190 -0.3815 0.6864
vn -0.1940 -0.8359 -0.5134
vn -0.4627 -0.8865 -0.0004
vn -0.9571 -0.2897 -0.0004
vn -0.3248 0.4576 -0.8277
vn 0.2016 0.7680 -0.6079
vn 0.4000 0.2672 -0.8767
vn 0.7818 0.5954 -0.1850
vn 0.2349 0.9716 -0.0298
vn 0.9692 0.1440 -0.1997
vn -0.3074 0.9026 -0.3014
vn 0.6922 0.5800 0.4295
vn 0.4461 0.0767 -0.8917
vn -0.3064 0.9503 0.0543
vn 0.9191 -0.3455 -0.1893
vn -0.7867 0.4145 -0.4575
vn 0.2027 0.9307 0.3044
vn -0.8903 0.4272 0.1577
vn -0.8478 -0.0797 -0.5242
vn -0.3383 0.6921 0.6376
vn 0.2415 0.5515 0.7985
vn -0.4744 0.1921 0.8591
vn 0.3112 0.1266 0.9419
vn -0.9705 -0.0884 0.2242
vn -0.3895 -0.4226 0.8184
vn 0.8387 0.1509 0.5233
vn 0.3354 -0.3911 0.8570
vn 0.7449 -0.5242 0.4128
vn 0.4099 -0.9075 -0.0913
vn 0.1851 -0.9173 0.3524
vn 0.0884 -0.9958 -0.0258
vn 0.4341 -0.5622 -0.7038
vn -0.1540 -0.9150 0.3728
vn -0.2400 -0.9046 -0.3523
vn -0.2449 -0.4070 -0.8800
vn -0.3141 -0.9479 0.0533
vn -0.7429 -0.5153 -0.4273
vn -0.8167 -0.5498 0.1755
vn -0.1471 -0.9373 -0.3160
vn -0.6852 -0.5572 -0.4692
vn -0.1559 -0.5173 -0.8415
vn 0.2458 -0.9289 -0.2770
vn -0.6170 -0.7663 0.1794
vn -0.0817 -0.9524 0.2938
vn -0.9101 -0.3727 0.1813
vn -0.3906 -0.5195 0.7600
vn 0.4666 -0.8782 0.1051
vn 0.2127 -0.6542 0.7258
vn 0.9003 -0.4089 -0.1490
vn 0.4918 -0.4919 -0.7185
vn 0.7579 -0.3660 0.5400
vn 0.2544 -0.1959 0.9471
vn 0.9832 0.0513 -0.1753
vn -0.2429 -0.1089 -0.9639
vn 0.8209 0.0894 0.5641
vn -0.8069 -0.1432 -0.5731
vn 0.4460 0.3396 -0.8281
vn -0.2703 0.5290 -0.8044
vn -0.9689 -0.1705 0.1794
vn -0.7653 0.3355 -0.5493
vn -0.5028 -0.1021 0.8584
vn 0.1382 0.9160 -0.3766
vn -0.3631 0.8751 -0.3200
vn -0.0162 0.9922 -0.1236
vn 0.7451 0.6505 -0.1471
vn -0.4744 0.8788 -0.0512
vn -0.9159 0.3873 0.1051
vn 0.6997 0.5572 0.4471
vn 0.2192 0.9332 0.2848
vn -0.2106 0.9522 0.2214
vn -0.4872 0.4784 0.7306
vn 0.1851 0.5213 0.8331
vn 0.2455 0.0044 0.9694
vn -0.9897 0.1354 -0.0463
vn -0.7383 0.5193 -0.4304
vn -0.9565 0.2047 -0.2076
vn -0.7988 0.3688 -0.4752
vn -0.9944 0.0307 -0.1010
vn -0.8393 0.1158 -0.5312
vn -0.5440 0.3562 -0.7598
vn -0.4665 0.6471 -0.6031
vn -0.2527 0.7840 -0.5670
vn -0.2527 0.6699 -0.6982
vn -0.3866 0.5283 -0.7559
vn -0.0006 0.6711 -0.7414
vn -0.4510 -0.1764 -0.8749
vn -0.2635 0.4813 -0.8360
vn -0.0025 0.4742 -0.8804
vn -0.0045 0.2408 -0.9706
vn 0.2594 0.4901 -0.8322
vn -0.3113 0.2057 -0.9278
vn -0.3600 0.1978 -0.9117
vn -0.2625 -0.3172 -0.9113
vn -0.3796 -0.3014 -0.8747
vn -0.3152 -0.5447 -0.7772
vn -0.4227 -0.0943 -0.9013
vn -0.1188 -0.6152 -0.7794
vn -0.4364 -0.1529 -0.8867
vn 0.1001 -0.5731 -0.8134
vn -0.0016 0.0357 -0.9994
vn -0.1599 -0.2604 -0.9522
vn 0.2378 -0.1939 -0.9518
vn -0.8588 -0.1882 -0.4765
vn -0.2224 0.0816 -0.9715
vn 0.0737 0.3454 -0.9356
vn -0.8338 -0.2760 -0.4781
vn -0.4803 0.0464 -0.8759
vn -0.1207 0.4889 -0.8639
vn -0.9775 -0.2017 0.0611
vn -0.9409 -0.3357 0.0455
vn -0.8086 -0.4714 -0.3521
vn -0.2682 0.3512 -0.8971
vn -0.3835 0.3893 -0.8375
vn -0.6396 -0.2008 -0.7421
vn -0.4326 0.2752 -0.8586
vn -0.5996 0.1002 -0.7940
vn -0.5085 0.0718 -0.8581
vn -0.4898 0.1118 -0.8646
vn -0.5478 -0.0337 -0.8359
vn -0.4403 0.0269 -0.8975
vn -0.5401 -0.1735 -0.8235
vn -0.5469 -0.1979 -0.8135
vn -0.3641 0.2184 -0.9054
vn -0.0015 -0.2252 -0.9743
vn -0.4814 -0.1207 -0.8682
vn -0.0015 -0.0903 -0.9959
vn 0.4791 -0.1168 -0.8699
vn 0.5407 -0.2037 -0.8162
vn 0.5357 -0.1851 -0.8239
vn 0.4263 -0.1157 -0.8971
vn 0.5387 -0.0708 -0.8395
vn 0.4394 0.0279 -0.8979
vn 0.4116 -0.0991 -0.9059
vn 0.5184 -0.3318 -0.7882
vn 0.4967 0.0992 -0.8622
vn 0.6375 -0.0883 -0.7654
vn 0.3746 0.2135 -0.9023
vn 0.3873 0.3190 -0.8650
vn 0.3784 -0.2633 -0.8874
vn 0.3043 -0.5369 -0.7869
vn 0.0961 -0.5983 -0.7955
vn 0.4079 0.2438 -0.8799
vn 0.4480 -0.1402 -0.8830
vn -0.0963 -0.5536 -0.8272
vn 0.2995 0.2087 -0.9310
vn 0.3862 0.2486 -0.8883
vn 0.4174 0.5307 -0.7377
vn 0.2485 -0.4283 -0.8688
vn -0.2350 -0.2066 -0.9498
vn 0.5651 0.3746 -0.7351
vn 0.8299 0.0962 -0.5495
vn 0.1557 -0.2818 -0.9468
vn 0.8172 -0.1353 -0.5603
vn 0.2506 0.0484 -0.9669
vn -0.0876 0.3192 -0.9436
vn 0.4664 0.0728 -0.8816
vn 0.1763 0.5183 -0.8368
vn 0.5330 0.0259 -0.8457
vn 0.7870 -0.4988 -0.3630
vn 0.5028 -0.1529 -0.8508
vn 0.6794 -0.3307 -0.6550
vn 0.6493 -0.3211 -0.6894
vn 0.6667 -0.4323 -0.6071
vn 0.7653 -0.5329 -0.3609
vn 0.4088 -0.4362 -0.8016
vn 0.2407 -0.1587 -0.9575
vn 0.1401 0.1959 -0.9706
vn 0.0014 -0.5605 -0.8282
vn -0.0055 -0.1929 -0.9812
vn 0.0024 0.2018 -0.9794
vn -0.1403 0.2038 -0.9689
vn -0.2418 -0.1627 -0.9566
vn -0.4227 -0.4353 -0.7949
vn -0.5147 -0.1461 -0.8449
vn -0.6554 -0.5654 -0.5008
vn -0.6385 -0.2955 -0.7106
vn -0.6972 -0.4695 -0.5417
vn -0.6358 -0.7374 -0.2281
vn -0.6915 -0.7002 -0.1773
vn -0.3376 -0.9217 0.1910
vn -0.6210 -0.7831 0.0338
vn -0.1247 -0.9914 0.0387
vn -0.6064 -0.7950 -0.0180
vn -0.8651 -0.5016 -0.0092
vn -0.4786 -0.8763 -0.0552
vn -0.6917 -0.7219 -0.0210
vn 0.0151 -0.9849 0.1724
vn -0.0533 -0.9750 0.2155
vn -0.2994 -0.9429 0.1460
vn -0.4997 -0.8249 0.2643
vn -0.0162 -0.9992 -0.0356
vn 0.0004 -1.0000 0.0044
vn -0.0250 -0.9870 0.1587
vn -0.2634 -0.8681 0.4207
vn -0.3932 -0.7985 0.4557
vn -0.2155 -0.8425 0.4938
vn -0.0670 -0.9349 0.3485
vn -0.1052 -0.9006 0.4217
vn -0.0084 -0.9320 0.3622
vn 0.0512 -0.9241 0.3788
vn 0.0004 -0.9946 0.1041
vn 0.0668 -0.9403 0.3337
vn 0.1507 -0.8791 0.4521
vn 0.1098 -0.9316 0.3464
vn 0.0317 -0.9945 0.1002
vn 0.0913 -0.9916 0.0914
vn 0.1801 -0.9821 -0.0551
vn 0.1783 -0.9817 -0.0669
vn 0.3827 -0.9214 -0.0679
vn 0.1928 -0.9800 0.0484
vn 0.0942 -0.9947 0.0416
vn 0.3081 -0.9373 0.1627
vn 0.5154 -0.8565 0.0288
vn 0.3317 -0.9434 0.0049
vn 0.2429 -0.9602 -0.1375
vn 0.0718 -0.9972 -0.0190
vn 0.1062 -0.9798 -0.1696
vn -0.0094 -0.9945 -0.1040
vn -0.0758 -0.9971 0.0045
vn -0.0709 -0.9913 -0.1108
vn -0.1853 -0.9795 -0.0795
vn -0.2126 -0.9209 -0.3268
vn -0.7680 -0.4854 -0.4179
vn -0.2311 -0.4986 -0.8355
vn 0.4762 -0.4929 -0.7282
vn -0.3211 -0.1100 -0.9406
vn -0.4254 -0.8873 0.1783
vn -0.8348 0.2203 -0.5045
vn 0.2026 -0.9674 -0.1518
vn -0.8280 -0.5290 0.1862
vn 0.9125 -0.3696 -0.1753
vn 0.5613 -0.8203 0.1100
vn 0.0640 -0.8515 0.5204
vn -0.4050 -0.4704 0.7840
vn -0.9660 -0.1617 0.2018
vn 0.8054 -0.3248 0.4958
vn 0.3579 -0.3746 0.8553
vn 0.3266 -0.0210 0.9449
vn -0.4892 -0.0914 0.8674
vn -0.9164 0.3670 0.1599
vn -0.4792 0.4751 0.7380
vn 0.2475 0.4986 0.8307
vn 0.8035 0.4040 0.4373
vn 0.9811 0.0318 -0.1909
vn -0.2498 0.9376 0.2419
vn -0.5467 0.8173 -0.1822
vn 0.2809 0.9134 0.2948
vn -0.0328 0.9887 -0.1462
vn -0.3376 0.5299 -0.7780
vn 0.7411 0.6522 -0.1596
vn 0.1314 0.9008 -0.4139
vn 0.4468 0.3120 -0.8385
vn 0.3107 0.1835 -0.9326
vn -0.4537 0.4019 -0.7954
vn 0.2525 0.7930 -0.5545
vn -0.5162 0.8375 -0.1792
vn -0.9407 0.3044 -0.1500
vn -0.3102 0.9236 0.2252
vn -0.4197 -0.3092 -0.8533
vn -0.8310 0.3044 0.4656
vn -0.9207 -0.3531 -0.1665
vn -0.3964 -0.8623 -0.3151
vn -0.8216 -0.3690 0.4345
vn 0.3023 -0.3124 -0.9006
vn 0.8551 -0.2203 -0.4693
vn 0.3678 -0.7811 -0.5045
vn 0.7859 0.4343 -0.4401
vn 0.8338 -0.5456 0.0838
vn 0.0903 -0.9922 -0.0854
vn -0.3190 -0.8689 0.3786
vn 0.2641 -0.9057 0.3316
vn 0.9697 0.1285 0.2077
vn 0.4801 -0.2897 0.8280
vn -0.2732 -0.3708 0.8876
vn -0.3408 0.1227 0.9321
vn 0.8850 0.4344 0.1677
vn 0.4059 0.4070 0.8183
vn -0.2721 0.6003 0.7521
vn 0.4262 0.8628 0.2720
vn 0.3933 -0.5205 -0.7579
vn 0.6547 -0.7350 -0.1765
vn 0.1450 -0.9785 -0.1470
vn 0.2046 -0.8456 0.4930
vn -0.2400 -0.9250 -0.2946
vn -0.3874 -0.8474 0.3630
vn -0.2155 -0.4949 -0.8418
vn -0.4185 -0.3296 0.8463
vn -0.8098 -0.4804 -0.3367
vn -0.2332 -0.1031 -0.9670
vn -0.8631 -0.3668 0.3473
vn -0.8232 0.3307 -0.4616
vn 0.4373 0.2370 -0.8675
vn -0.1365 0.5174 -0.8448
vn -0.8732 0.3953 0.2849
vn -0.2889 0.9281 -0.2350
vn 0.3639 0.8379 -0.4069
vn 0.8922 -0.2935 -0.3433
vn 0.8875 0.2985 -0.3512
vn 0.3394 0.9392 0.0523
vn -0.3748 0.8955 0.2399
vn 0.8637 0.3179 0.3912
vn 0.1684 0.6901 0.7038
vn -0.4118 0.4244 0.8064
vn 0.2428 -0.0132 0.9700
vn 0.1674 -0.3775 0.9108
vn 0.7596 -0.4832 0.4354
vn -0.2409 0.9092 0.3396
vn -0.2389 0.6851 0.6881
vn -0.6628 0.5221 0.5368
vn -0.7530 0.4422 0.4872
vn -0.1071 0.9044 0.4130
vn -0.1802 0.6625 0.7270
vn 0.0092 0.9997 -0.0229
vn -0.2641 0.9233 0.2788
vn -0.1930 0.8699 0.4538
vn 0.0229 0.9996 -0.0180
vn 0.4097 0.7762 -0.4791
vn -0.0699 0.8338 0.5476
vn -0.3768 0.8449 0.3797
vn -0.5066 0.8543 0.1159
vn -0.6496 0.6817 -0.3366
vn -0.6946 0.5293 -0.4872
vn -0.7109 0.3112 -0.6307
vn -0.7108 0.2975 -0.6374
vn -0.8239 0.3511 -0.4448
vn -0.7413 0.3962 -0.5418
vn 0.3815 0.9209 0.0797
vn 0.5853 0.7905 0.1802
vn 0.7339 0.6216 -0.2739
vn 0.4998 0.8409 -0.2076
vn 0.6748 0.5811 -0.4549
vn 0.4001 0.5535 -0.7304
vn 0.2329 0.7206 -0.6531
vn 0.1586 0.8755 -0.4565
vn 0.2241 0.7313 -0.6442
vn -0.8771 0.4569 -0.1480
vn -0.7958 0.5750 -0.1900
vn -0.7965 0.5943 0.1119
vn -0.8898 0.4285 0.1569
vn -0.7384 0.5526 0.3866
vn -0.9693 0.2397 0.0552
vn -0.9601 0.2731 0.0601
vn -0.9524 0.1764 0.2487
vn -0.9303 0.2359 0.2809
vn -0.8002 0.4071 0.4404
vn -0.5488 0.3865 0.7413
vn -0.5915 0.1851 0.7848
vn -0.4558 -0.0542 0.8884
vn -0.7638 -0.0044 0.6455
vn -0.4454 -0.1872 0.8755
vn -0.8078 -0.0875 0.5830
vn -0.8035 -0.1265 0.5818
vn -0.7802 0.1237 0.6132
vn -0.3522 -0.3571 0.8651
vn -0.0211 -0.5398 0.8415
vn -0.7168 -0.2516 0.6503
vn -0.8071 -0.1225 0.5776
vn -0.8766 0.0347 0.4800
vn -0.8253 -0.2047 0.5263
vn -0.8416 -0.0884 0.5329
vn -0.8597 0.0015 0.5108
vn -0.6992 -0.0923 0.7090
vn -0.4898 -0.5025 -0.7124
vn -0.8101 -0.5727 -0.1254
vn -0.9796 -0.1059 -0.1709
vn -0.7362 -0.3854 0.5564
vn -0.4549 -0.8828 0.1168
vn -0.8118 0.0884 0.5772
vn -0.0416 -0.8512 0.5231
vn -0.0418 -0.9939 0.1019
vn -0.2750 -0.4077 0.8707
vn -0.0406 -0.9354 -0.3512
vn 0.3669 -0.9289 0.0514
vn 0.3941 -0.5260 0.7537
vn -0.2477 0.0152 0.9687
vn 0.7203 -0.6588 0.2174
vn 0.6609 -0.5702 -0.4880
vn 0.1909 -0.5290 -0.8269
vn 0.2467 -0.0982 -0.9641
vn 0.9263 -0.3357 0.1708
vn 0.5035 -0.1080 0.8572
vn 0.8123 -0.1402 -0.5661
vn 0.9401 0.3043 0.1537
vn -0.1949 0.6636 0.7223
vn 0.7343 0.3805 -0.5622
vn 0.4829 0.4820 0.7311
vn 0.2123 0.9549 0.2076
vn 0.4812 0.8644 -0.1461
vn 0.0347 0.9948 -0.0961
vn 0.2817 0.5407 -0.7926
vn -0.3916 0.9194 -0.0356
vn -0.6639 0.5748 0.4783
vn -0.8662 0.4597 -0.1958
vn -0.1403 0.9031 -0.4059
vn -0.4580 0.3514 -0.8166
vn -0.0035 -0.9169 -0.3991
vn -0.4197 -0.5115 -0.7498
vn 0.2545 -0.5076 -0.8232
vn 0.7897 -0.5016 -0.3531
vn 0.2378 -0.1138 -0.9646
vn -0.4244 -0.9029 0.0679
vn -0.4287 0.2273 -0.8744
vn 0.2457 -0.9691 -0.0210
vn -0.7973 -0.5195 -0.3074
vn -0.9213 -0.1823 -0.3435
vn -0.7560 -0.4725 0.4530
vn -0.1129 -0.8239 0.5554
vn 0.3885 -0.8413 0.3760
vn -0.1863 -0.4080 0.8938
vn 0.8591 -0.3786 0.3444
vn 0.4186 -0.3181 0.8506
vn 0.9284 0.0347 0.3698
vn 0.8231 0.3297 -0.4623
vn -0.2409 -0.0357 0.9699
vn -0.8438 0.3620 0.3963
vn 0.4372 0.4129 0.7990
vn -0.2291 0.5171 0.8247
vn -0.8467 0.3845 -0.3678
vn -0.3426 0.9366 0.0738
vn 0.0610 0.9211 0.3846
vn 0.7215 0.6366 0.2724
vn 0.2613 0.9353 -0.2387
vn -0.3582 0.8311 -0.4255
vn 0.1418 0.5122 -0.8471
vn 0.9542 0.2555 0.1559
vn 0.9522 0.3053 -0.0131
vn 0.9361 0.2144 0.2789
vt 0.000000 0.000000
s 1
f 385/2/176 386/2/177 387/2/178
f 388/2/179 385/2/176 387/2/178
f 385/2/176 388/2/179 389/2/180
f 390/2/181 388/2/179 387/2/178
f 389/2/180 391/2/182 385/2/176
f 386/2/177 385/2/176 391/2/182
f 392/2/183 389/2/180 388/2/179
f 390/2/181 392/2/183 388/2/179
f 391/2/182 389/2/180 393/2/184
f 394/2/185 390/2/181 387/2/178
f 389/2/180 392/2/183 395/2/186
f 395/2/186 393/2/184 389/2/180
f 392/2/183 390/2/181 396/2/187
f 393/2/184 397/2/188 391/2/182
f 398/2/189 395/2/186 392/2/183
f 393/2/184 395/2/186 399/2/190
f 398/2/189 399/2/190 395/2/186
f 399/2/190 400/2/191 393/2/184
f 400/2/191 397/2/188 393/2/184
f 399/2/190 398/2/189 401/2/192
f 402/2/193 400/2/191 399/2/190
f 402/2/193 399/2/190 401/2/192
f 403/2/194 400/2/191 402/2/193
f 401/2/192 404/2/195 402/2/193
f 398/2/189 404/2/195 401/2/192
f 405/2/196 402/2/193 404/2/195
f 402/2/193 405/2/196 403/2/194
f 404/2/195 398/2/189 406/2/197
f 405/2/196 404/2/195 407/2/198
f 406/2/197 407/2/198 404/2/195
f 408/2/199 405/2/196 407/2/198
f 406/2/197 398/2/189 409/2/200
f 410/2/201 407/2/198 406/2/197
f 409/2/200 410/2/201 406/2/197
f 410/2/201 411/2/202 407/2/198
f 407/2/198 411/2/202 408/2/199
f 412/2/203 410/2/201 409/2/200
f 409/2/200 398/2/189 413/2/204
f 392/2/183 413/2/204 398/2/189
f 409/2/200 413/2/204 414/2/205
f 414/2/205 412/2/203 409/2/200
f 392/2/183 396/2/187 413/2/204
f 415/2/206 411/2/202 410/2/201
f 412/2/203 415/2/206 410/2/201
f 416/2/207 411/2/202 415/2/206
f 415/2/206 412/2/203 417/2/208
f 416/2/207 415/2/206 417/2/208
f 418/2/209 417/2/208 412/2/203
f 412/2/203 414/2/205 418/2/209
f 417/2/208 418/2/209 419/2/210
f 420/2/211 417/2/208 419/2/210
f 416/2/207 417/2/208 420/2/211
f 419/2/210 418/2/209 421/2/212
f 421/2/212 420/2/211 419/2/210
f 414/2/205 422/2/213 418/2/209
f 421/2/212 418/2/209 422/2/213
f 423/2/214 424/2/215 425/2/216
f 424/2/215 426/2/217 425/2/216
f 423/2/214 427/2/218 403/2/194
f 400/2/191 403/2/194 427/2/218
f 427/2/218 397/2/188 400/2/191
f 423/2/214 428/2/219 427/2/218
f 397/2/188 427/2/218 428/2/219
f 423/2/214 425/2/216 428/2/219
f 429/2/220 425/2/216 426/2/217
f 425/2/216 430/2/221 428/2/219
f 425/2/216 429/2/220 430/2/221
f 431/2/222 397/2/188 428/2/219
f 431/2/222 428/2/219 430/2/221
f 431/2/222 432/2/223 397/2/188
f 391/2/182 397/2/188 432/2/223
f 432/2/223 386/2/177 391/2/182
f 431/2/222 430/2/221 433/2/224
f 433/2/224 430/2/221 429/2/220
f 432/2/223 431/2/222 434/2/225
f 433/2/224 434/2/225 431/2/222
f 435/2/226 386/2/177 432/2/223
f 434/2/225 435/2/226 432/2/223
f 436/2/227 386/2/177 435/2/226
f 434/2/225 437/2/228 435/2/226
f 436/2/227 435/2/226 437/2/228
f 438/2/229 434/2/225 433/2/224
f 437/2/228 434/2/225 438/2/229
f 433/2/224 439/2/230 438/2/229
f 433/2/224 429/2/220 439/2/230
f 437/2/228 438/2/229 440/2/231
f 439/2/230 441/2/232 438/2/229
f 438/2/229 441/2/232 440/2/231
f 439/2/230 429/2/220 442/2/233
f 441/2/232 439/2/230 442/2/233
f 420/2/211 421/2/212 443/2/234
f 416/2/207 444/2/235 411/2/202
f 408/2/199 411/2/202 444/2/235
f 445/2/236 416/2/207 420/2/211
f 446/2/237 444/2/235 416/2/207
f 445/2/236 446/2/237 416/2/207
f 445/2/236 420/2/211 447/2/238
f 447/2/238 420/2/211 443/2/234
f 445/2/236 448/2/239 446/2/237
f 447/2/238 449/2/240 445/2/236
f 448/2/239 445/2/236 449/2/240
f 446/2/237 450/2/241 444/2/235
f 448/2/239 450/2/241 446/2/237
f 451/2/242 444/2/235 450/2/241
f 444/2/235 451/2/242 408/2/199
f 450/2/241 448/2/239 452/2/243
f 453/2/244 448/2/239 449/2/240
f 452/2/243 448/2/239 453/2/244
f 450/2/241 452/2/243 454/2/245
f 450/2/241 454/2/245 451/2/242
f 455/2/246 452/2/243 453/2/244
f 456/2/247 454/2/245 452/2/243
f 452/2/243 455/2/246 456/2/247
f 457/2/248 451/2/242 454/2/245
f 458/2/249 454/2/245 456/2/247
f 458/2/249 457/2/248 454/2/245
f 459/2/250 451/2/242 457/2/248
f 451/2/242 459/2/250 408/2/199
f 460/2/251 457/2/248 458/2/249
f 457/2/248 461/2/252 459/2/250
f 460/2/251 461/2/252 457/2/248
f 462/2/253 408/2/199 459/2/250
f 461/2/252 462/2/253 459/2/250
f 405/2/196 408/2/199 462/2/253
f 403/2/194 405/2/196 462/2/253
f 461/2/252 403/2/194 462/2/253
f 463/2/254 460/2/251 458/2/249
f 403/2/194 461/2/252 423/2/214
f 464/2/255 463/2/254 458/2/249
f 464/2/255 458/2/249 456/2/247
f 465/2/256 460/2/251 463/2/254
f 460/2/251 424/2/215 461/2/252
f 460/2/251 465/2/256 424/2/215
f 461/2/252 424/2/215 423/2/214
f 466/2/257 465/2/256 463/2/254
f 463/2/254 464/2/255 466/2/257
f 426/2/217 424/2/215 465/2/256
f 466/2/257 426/2/217 465/2/256
f 467/2/258 468/2/259 469/2/260
f 467/2/258 455/2/246 468/2/259
f 469/2/260 470/2/261 467/2/258
f 471/2/262 455/2/246 467/2/258
f 470/2/261 471/2/262 467/2/258
f 471/2/262 456/2/247 455/2/246
f 456/2/247 471/2/262 464/2/255
f 470/2/261 472/2/263 471/2/262
f 471/2/262 472/2/263 464/2/255
f 472/2/263 470/2/261 442/2/233
f 466/2/257 464/2/255 472/2/263
f 442/2/233 473/2/264 472/2/263
f 466/2/257 472/2/263 473/2/264
f 442/2/233 429/2/220 473/2/264
f 473/2/264 426/2/217 466/2/257
f 429/2/220 426/2/217 473/2/264
f 474/2/265 475/2/266 476/2/267
f 477/2/268 475/2/266 474/2/265
f 478/2/269 477/2/268 474/2/265
f 476/2/267 475/2/266 479/2/270
f 476/2/267 479/2/270 480/2/271
f 481/2/272 479/2/270 475/2/266
f 482/2/273 481/2/272 475/2/266
f 475/2/266 477/2/268 482/2/273
f 479/2/270 481/2/272 483/2/274
f 477/2/268 484/2/275 482/2/273
f 479/2/270 483/2/274 485/2/276
f 480/2/271 479/2/270 485/2/276
f 485/2/276 483/2/274 486/2/277
f 487/2/278 480/2/271 485/2/276
f 480/2/271 487/2/278 488/2/279
f 487/2/278 485/2/276 489/2/280
f 485/2/276 486/2/277 490/2/281
f 489/2/280 485/2/276 490/2/281
f 490/2/281 486/2/277 491/2/282
f 490/2/281 492/2/283 489/2/280
f 490/2/281 491/2/282 493/2/284
f 491/2/282 494/2/285 493/2/284
f 492/2/283 490/2/281 495/2/286
f 496/2/287 490/2/281 493/2/284
f 496/2/287 495/2/286 490/2/281
f 495/2/286 497/2/288 492/2/283
f 493/2/284 498/2/289 496/2/287
f 496/2/287 498/2/289 495/2/286
f 499/2/290 493/2/284 494/2/285
f 493/2/284 499/2/290 498/2/289
f 499/2/290 494/2/285 500/2/291
f 500/2/291 501/2/292 499/2/290
f 495/2/286 502/2/293 497/2/288
f 502/2/293 495/2/286 498/2/289
f 497/2/288 502/2/293 503/2/294
f 504/2/295 499/2/290 501/2/292
f 499/2/290 504/2/295 498/2/289
f 498/2/289 504/2/295 502/2/293
f 505/2/296 504/2/295 501/2/292
f 504/2/295 505/2/296 506/2/297
f 506/2/297 502/2/293 504/2/295
f 506/2/297 505/2/296 507/2/298
f 503/2/294 502/2/293 508/2/299
f 502/2/293 506/2/297 508/2/299
f 508/2/299 506/2/297 507/2/298
f 503/2/294 508/2/299 509/2/300
f 508/2/299 507/2/298 510/2/301
f 508/2/299 510/2/301 509/2/300
f 511/2/302 478/2/269 512/2/303
f 511/2/302 477/2/268 478/2/269
f 477/2/268 511/2/302 513/2/304
f 477/2/268 513/2/304 484/2/275
f 484/2/275 513/2/304 514/2/305
f 513/2/304 511/2/302 515/2/306
f 515/2/306 514/2/305 513/2/304
f 511/2/302 516/2/307 515/2/306
f 515/2/306 517/2/308 514/2/305
f 518/2/309 514/2/305 517/2/308
f 517/2/308 515/2/306 519/2/310
f 517/2/308 520/2/311 518/2/309
f 519/2/310 521/2/312 517/2/308
f 521/2/312 522/2/313 517/2/308
f 520/2/311 517/2/308 522/2/313
f 521/2/312 523/2/314 522/2/313
f 524/2/315 520/2/311 522/2/313
f 523/2/314 524/2/315 522/2/313
f 520/2/311 524/2/315 525/2/316
f 523/2/314 526/2/317 524/2/315
f 523/2/314 527/2/318 526/2/317
f 526/2/317 527/2/318 528/2/319
f 526/2/317 529/2/320 524/2/315
f 524/2/315 529/2/320 525/2/316
f 528/2/319 530/2/321 526/2/317
f 529/2/320 526/2/317 530/2/321
f 530/2/321 528/2/319 531/2/322
f 530/2/321 531/2/322 532/2/323
f 533/2/324 530/2/321 532/2/323
f 530/2/321 533/2/324 529/2/320
f 533/2/324 532/2/323 534/2/325
f 535/2/326 525/2/316 529/2/320
f 533/2/324 535/2/326 529/2/320
f 525/2/316 535/2/326 536/2/327
f 537/2/328 533/2/324 534/2/325
f 537/2/328 535/2/326 533/2/324
f 534/2/325 538/2/329 537/2/328
f 535/2/326 539/2/330 536/2/327
f 536/2/327 539/2/330 540/2/331
f 535/2/326 541/2/332 539/2/330
f 535/2/326 537/2/328 542/2/333
f 542/2/333 541/2/332 535/2/326
f 537/2/328 538/2/329 543/2/334
f 543/2/334 542/2/333 537/2/328
f 538/2/329 544/2/335 543/2/334
f 538/2/329 545/2/336 544/2/335
f 543/2/334 546/2/337 542/2/333
f 542/2/333 546/2/337 541/2/332
f 541/2/332 546/2/337 539/2/330
f 545/2/336 547/2/338 544/2/335
f 544/2/335 547/2/338 543/2/334
f 546/2/337 543/2/334 547/2/338
f 547/2/338 545/2/336 548/2/339
f 549/2/340 547/2/338 548/2/339
f 550/2/341 547/2/338 549/2/340
f 551/2/342 550/2/341 549/2/340
f 547/2/338 550/2/341 552/2/343
f 551/2/342 552/2/343 550/2/341
f 547/2/338 552/2/343 546/2/337
f 552/2/343 551/2/342 553/2/344
f 552/2/343 554/2/345 546/2/337
f 553/2/344 554/2/345 552/2/343
f 546/2/337 554/2/345 539/2/330
f 554/2/345 553/2/344 555/2/346
f 539/2/330 554/2/345 540/2/331
f 540/2/331 554/2/345 555/2/346
f 556/2/347 557/2/348 558/2/349
f 558/2/349 557/2/348 559/2/350
f 560/2/351 556/2/347 558/2/349
f 561/2/352 560/2/351 558/2/349
f 559/2/350 561/2/352 558/2/349
f 556/2/347 560/2/351 562/2/353
f 560/2/351 561/2/352 563/2/354
f 563/2/354 562/2/353 560/2/351
f 564/2/355 556/2/347 562/2/353
f 563/2/354 561/2/352 565/2/356
f 566/2/357 557/2/348 556/2/347
f 564/2/355 566/2/357 556/2/347
f 567/2/358 559/2/350 557/2/348
f 566/2/357 567/2/358 557/2/348
f 561/2/352 559/2/350 568/2/359
f 568/2/359 565/2/356 561/2/352
f 567/2/358 569/2/360 559/2/350
f 559/2/350 569/2/360 568/2/359
f 567/2/358 566/2/357 570/2/361
f 570/2/361 569/2/360 567/2/358
f 570/2/361 566/2/357 571/2/362
f 566/2/357 564/2/355 571/2/362
f 570/2/361 572/2/363 569/2/360
f 568/2/359 569/2/360 572/2/363
f 573/2/364 570/2/361 571/2/362
f 573/2/364 572/2/363 570/2/361
f 571/2/362 564/2/355 574/2/365
f 573/2/364 571/2/362 574/2/365
f 575/2/366 568/2/359 572/2/363
f 575/2/366 565/2/356 568/2/359
f 573/2/364 576/2/367 572/2/363
f 575/2/366 572/2/363 576/2/367
f 574/2/365 577/2/368 573/2/364
f 576/2/367 573/2/364 577/2/368
f 564/2/355 578/2/369 574/2/365
f 574/2/365 578/2/369 577/2/368
f 578/2/369 564/2/355 579/2/370
f 562/2/353 579/2/370 564/2/355
f 580/2/371 577/2/368 578/2/369
f 578/2/369 579/2/370 580/2/371
f 579/2/370 562/2/353 581/2/372
f 580/2/371 579/2/370 581/2/372
f 563/2/354 581/2/372 562/2/353
f 582/2/373 577/2/368 580/2/371
f 582/2/373 580/2/371 581/2/372
f 563/2/354 583/2/374 581/2/372
f 582/2/373 581/2/372 583/2/374
f 583/2/374 563/2/354 565/2/356
f 565/2/356 575/2/366 583/2/374
f 582/2/373 583/2/374 584/2/375
f 577/2/368 582/2/373 584/2/375
f 575/2/366 584/2/375 583/2/374
f 577/2/368 584/2/375 576/2/367
f 576/2/367 584/2/375 575/2/366
f 585/2/376 586/2/377 587/2/378
f 586/2/377 588/2/379 587/2/378
f 587/2/378 589/2/380 585/2/376
f 587/2/378 590/2/381 589/2/380
f 588/2/379 590/2/381 587/2/378
f 589/2/380 590/2/381 591/2/382
f 588/2/379 592/2/383 590/2/381
f 591/2/382 593/2/384 589/2/380
f 589/2/380 593/2/384 585/2/376
f 594/2/385 591/2/382 590/2/381
f 592/2/383 594/2/385 590/2/381
f 595/2/386 593/2/384 591/2/382
f 595/2/386 591/2/382 594/2/385
f 585/2/376 593/2/384 596/2/387
f 596/2/387 593/2/384 595/2/386
f 595/2/386 594/2/385 597/2/388
f 597/2/388 594/2/385 592/2/383
f 596/2/387 595/2/386 598/2/389
f 597/2/388 598/2/389 595/2/386
f 599/2/390 585/2/376 596/2/387
f 598/2/389 600/2/391 596/2/387
f 599/2/390 596/2/387 600/2/391
f 599/2/390 601/2/392 585/2/376
f 585/2/376 601/2/392 586/2/377
f 600/2/391 602/2/393 599/2/390
f 598/2/389 603/2/394 600/2/391
f 603/2/394 602/2/393 600/2/391
f 598/2/389 597/2/388 604/2/395
f 604/2/395 603/2/394 598/2/389
f 604/2/395 597/2/388 605/2/396
f 597/2/388 592/2/383 605/2/396
f 604/2/395 606/2/397 603/2/394
f 606/2/397 604/2/395 605/2/396
f 603/2/394 607/2/398 602/2/393
f 606/2/397 607/2/398 603/2/394
f 602/2/393 608/2/399 599/2/390
f 608/2/399 602/2/393 607/2/398
f 599/2/390 608/2/399 601/2/392
f 607/2/398 606/2/397 609/2/400
f 609/2/400 608/2/399 607/2/398
f 608/2/399 609/2/400 610/2/401
f 610/2/401 609/2/400 606/2/397
f 608/2/399 610/2/401 601/2/392
f 605/2/396 611/2/402 606/2/397
f 611/2/402 610/2/401 606/2/397
f 592/2/383 611/2/402 605/2/396
f 601/2/392 610/2/401 612/2/403
f 612/2/403 610/2/401 611/2/402
f 601/2/392 612/2/403 586/2/377
f 611/2/402 592/2/383 613/2/404
f 611/2/402 613/2/404 612/2/403
f 592/2/383 588/2/379 613/2/404
f 612/2/403 588/2/379 586/2/377
f 612/2/403 613/2/404 588/2/379
f 455/2/246 614/2/405 615/2/406
f 614/2/405 616/2/407 615/2/406
f 455/2/246 615/2/406 468/2/259
f 455/2/246 453/2/244 614/2/405
f 617/2/408 616/2/407 614/2/405
f 614/2/405 453/2/244 617/2/408
f 618/2/409 616/2/407 617/2/408
f 453/2/244 449/2/240 617/2/408
f 619/2/410 617/2/408 449/2/240
f 617/2/408 619/2/410 618/2/409
f 449/2/240 447/2/238 619/2/410
f 620/2/411 618/2/409 619/2/410
f 619/2/410 447/2/238 621/2/412
f 619/2/410 621/2/412 620/2/411
f 447/2/238 443/2/234 621/2/412
f 618/2/409 620/2/411 622/2/413
f 621/2/412 443/2/234 623/2/414
f 620/2/411 621/2/412 624/2/415
f 621/2/412 623/2/414 624/2/415
f 623/2/414 443/2/234 625/2/416
f 624/2/415 623/2/414 625/2/416
f 620/2/411 626/2/417 622/2/413
f 626/2/417 627/2/418 622/2/413
f 627/2/418 626/2/417 628/2/419
f 629/2/420 626/2/417 620/2/411
f 626/2/417 629/2/420 628/2/419
f 624/2/415 629/2/420 620/2/411
f 629/2/420 630/2/421 628/2/419
f 631/2/422 630/2/421 629/2/420
f 624/2/415 631/2/422 629/2/420
f 624/2/415 632/2/423 631/2/422
f 631/2/422 632/2/423 633/2/424
f 624/2/415 625/2/416 632/2/423
f 634/2/425 633/2/424 632/2/423
f 632/2/423 635/2/426 634/2/425
f 625/2/416 635/2/426 632/2/423
f 635/2/426 636/2/427 634/2/425
f 625/2/416 637/2/428 635/2/426
f 636/2/427 635/2/426 637/2/428
f 637/2/428 625/2/416 638/2/429
f 443/2/234 638/2/429 625/2/416
f 638/2/429 443/2/234 421/2/212
f 639/2/430 636/2/427 637/2/428
f 638/2/429 639/2/430 637/2/428
f 636/2/427 639/2/430 640/2/431
f 421/2/212 422/2/213 638/2/429
f 638/2/429 422/2/213 639/2/430
f 640/2/431 639/2/430 641/2/432
f 639/2/430 422/2/213 641/2/432
f 642/2/433 640/2/431 641/2/432
f 643/2/434 642/2/433 641/2/432
f 641/2/432 422/2/213 644/2/435
f 422/2/213 414/2/205 644/2/435
f 641/2/432 645/2/436 643/2/434
f 644/2/435 645/2/436 641/2/432
f 414/2/205 646/2/437 644/2/435
f 644/2/435 646/2/437 645/2/436
f 414/2/205 413/2/204 646/2/437
f 396/2/187 646/2/437 413/2/204
f 647/2/438 645/2/436 646/2/437
f 396/2/187 647/2/438 646/2/437
f 648/2/439 643/2/434 645/2/436
f 647/2/438 648/2/439 645/2/436
f 643/2/434 648/2/439 649/2/440
f 648/2/439 650/2/441 649/2/440
f 651/2/442 650/2/441 648/2/439
f 651/2/442 648/2/439 647/2/438
f 651/2/442 652/2/443 650/2/441
f 653/2/444 647/2/438 396/2/187
f 653/2/444 651/2/442 647/2/438
f 390/2/181 653/2/444 396/2/187
f 652/2/443 651/2/442 654/2/445
f 394/2/185 653/2/444 390/2/181
f 655/2/446 652/2/443 654/2/445
f 655/2/446 656/2/447 652/2/443
f 657/2/448 654/2/445 651/2/442
f 657/2/448 651/2/442 653/2/444
f 394/2/185 657/2/448 653/2/444
f 655/2/446 654/2/445 657/2/448
f 658/2/449 656/2/447 655/2/446
f 659/2/450 657/2/448 394/2/185
f 659/2/450 655/2/446 657/2/448
f 660/2/451 658/2/449 655/2/446
f 660/2/451 655/2/446 659/2/450
f 661/2/452 658/2/449 660/2/451
f 661/2/452 662/2/453 658/2/449
f 661/2/452 663/2/454 662/2/453
f 664/2/455 663/2/454 661/2/452
f 664/2/455 661/2/452 665/2/456
f 665/2/456 661/2/452 660/2/451
f 665/2/456 660/2/451 659/2/450
f 665/2/456 659/2/450 666/2/457
f 436/2/227 665/2/456 666/2/457
f 666/2/457 659/2/450 667/2/458
f 436/2/227 666/2/457 667/2/458
f 667/2/458 659/2/450 394/2/185
f 386/2/177 436/2/227 667/2/458
f 667/2/458 394/2/185 387/2/178
f 386/2/177 667/2/458 387/2/178
f 668/2/459 669/2/460 670/2/461
f 670/2/461 671/2/462 668/2/459
f 672/2/463 669/2/460 668/2/459
f 672/2/463 668/2/459 671/2/462
f 673/2/464 669/2/460 672/2/463
f 672/2/463 674/2/465 673/2/464
f 675/2/466 669/2/460 673/2/464
f 675/2/466 673/2/464 674/2/465
f 669/2/460 676/2/467 670/2/461
f 669/2/460 675/2/466 677/2/468
f 676/2/467 669/2/460 677/2/468
f 676/2/467 678/2/469 670/2/461
f 671/2/462 670/2/461 678/2/469
f 671/2/462 679/2/470 672/2/463
f 674/2/465 672/2/463 679/2/470
f 679/2/470 671/2/462 680/2/471
f 674/2/465 679/2/470 681/2/472
f 671/2/462 682/2/473 680/2/471
f 682/2/473 671/2/462 678/2/469
f 679/2/470 680/2/471 683/2/474
f 683/2/474 680/2/471 682/2/473
f 683/2/474 681/2/472 679/2/470
f 678/2/469 684/2/475 682/2/473
f 682/2/473 684/2/475 683/2/474
f 684/2/475 678/2/469 685/2/476
f 678/2/469 676/2/467 685/2/476
f 686/2/477 674/2/465 681/2/472
f 683/2/474 686/2/477 681/2/472
f 687/2/478 674/2/465 686/2/477
f 674/2/465 687/2/478 675/2/466
f 686/2/477 683/2/474 688/2/479
f 684/2/475 688/2/479 683/2/474
f 687/2/478 686/2/477 689/2/480
f 686/2/477 688/2/479 689/2/480
f 690/2/481 675/2/466 687/2/478
f 677/2/468 675/2/466 690/2/481
f 687/2/478 689/2/480 691/2/482
f 691/2/482 690/2/481 687/2/478
f 692/2/483 689/2/480 688/2/479
f 689/2/480 692/2/483 691/2/482
f 688/2/479 684/2/475 693/2/484
f 688/2/479 693/2/484 692/2/483
f 684/2/475 685/2/476 693/2/484
f 694/2/485 692/2/483 693/2/484
f 694/2/485 691/2/482 692/2/483
f 693/2/484 685/2/476 694/2/485
f 695/2/486 690/2/481 691/2/482
f 695/2/486 691/2/482 694/2/485
f 677/2/468 690/2/481 695/2/486
f 694/2/485 685/2/476 696/2/487
f 696/2/487 695/2/486 694/2/485
f 696/2/487 677/2/468 695/2/486
f 685/2/476 676/2/467 696/2/487
f 696/2/487 676/2/467 677/2/468
f 697/2/488 698/2/489 699/2/490
f 700/2/491 697/2/488 699/2/490
f 700/2/491 701/2/492 697/2/488
f 699/2/490 702/2/493 700/2/491
f 703/2/494 697/2/488 701/2/492
f 697/2/488 703/2/494 698/2/489
f 704/2/495 701/2/492 700/2/491
f 700/2/491 702/2/493 704/2/495
f 702/2/493 699/2/490 705/2/496
f 698/2/489 705/2/496 699/2/490
f 706/2/497 704/2/495 702/2/493
f 705/2/496 698/2/489 707/2/498
f 702/2/493 708/2/499 706/2/497
f 705/2/496 708/2/499 702/2/493
f 709/2/500 704/2/495 706/2/497
f 708/2/499 705/2/496 710/2/501
f 705/2/496 707/2/498 710/2/501
f 708/2/499 711/2/502 706/2/497
f 711/2/502 709/2/500 706/2/497
f 708/2/499 710/2/501 712/2/503
f 711/2/502 708/2/499 712/2/503
f 713/2/504 712/2/503 710/2/501
f 710/2/501 707/2/498 713/2/504
f 714/2/505 711/2/502 712/2/503
f 712/2/503 713/2/504 714/2/505
f 715/2/506 713/2/504 707/2/498
f 715/2/506 714/2/505 713/2/504
f 711/2/502 714/2/505 716/2/507
f 707/2/498 717/2/508 715/2/506
f 716/2/507 718/2/509 711/2/502
f 709/2/500 711/2/502 718/2/509
f 714/2/505 719/2/510 716/2/507
f 719/2/510 718/2/509 716/2/507
f 714/2/505 715/2/506 720/2/511
f 719/2/510 714/2/505 720/2/511
f 717/2/508 720/2/511 715/2/506
f 718/2/509 719/2/510 721/2/512
f 721/2/512 709/2/500 718/2/509
f 722/2/513 719/2/510 720/2/511
f 722/2/513 721/2/512 719/2/510
f 717/2/508 722/2/513 720/2/511
f 709/2/500 721/2/512 723/2/514
f 722/2/513 723/2/514 721/2/512
f 717/2/508 724/2/515 722/2/513
f 722/2/513 724/2/515 723/2/514
f 707/2/498 725/2/516 717/2/508
f 717/2/508 725/2/516 724/2/515
f 698/2/489 725/2/516 707/2/498
f 723/2/514 726/2/517 709/2/500
f 704/2/495 709/2/500 726/2/517
f 726/2/517 701/2/492 704/2/495
f 726/2/517 723/2/514 727/2/518
f 727/2/518 723/2/514 724/2/515
f 726/2/517 728/2/519 701/2/492
f 728/2/519 726/2/517 727/2/518
f 703/2/494 701/2/492 728/2/519
f 724/2/515 729/2/520 727/2/518
f 729/2/520 728/2/519 727/2/518
f 725/2/516 729/2/520 724/2/515
f 728/2/519 730/2/521 703/2/494
f 728/2/519 729/2/520 730/2/521
f 725/2/516 731/2/522 729/2/520
f 731/2/522 730/2/521 729/2/520
f 698/2/489 731/2/522 725/2/516
f 731/2/522 703/2/494 730/2/521
f 703/2/494 731/2/522 698/2/489
f 732/2/523 733/2/524 734/2/525
f 735/2/526 734/2/525 733/2/524
f 736/2/527 734/2/525 735/2/526
f 733/2/524 737/2/528 735/2/526
f 734/2/525 736/2/527 738/2/529
f 738/2/529 732/2/523 734/2/525
f 736/2/527 739/2/530 738/2/529
f 737/2/528 733/2/524 740/2/531
f 740/2/531 741/2/532 737/2/528
f 741/2/532 740/2/531 742/2/533
f 733/2/524 743/2/534 740/2/531
f 743/2/534 733/2/524 732/2/523
f 742/2/533 740/2/531 744/2/535
f 742/2/533 744/2/535 745/2/536
f 746/2/537 740/2/531 743/2/534
f 740/2/531 746/2/537 744/2/535
f 732/2/523 747/2/538 743/2/534
f 743/2/534 747/2/538 746/2/537
f 745/2/536 744/2/535 748/2/539
f 745/2/536 748/2/539 749/2/540
f 750/2/541 744/2/535 746/2/537
f 744/2/535 750/2/541 748/2/539
f 746/2/537 747/2/538 750/2/541
f 749/2/540 748/2/539 751/2/542
f 750/2/541 751/2/542 748/2/539
f 749/2/540 751/2/542 752/2/543
f 750/2/541 747/2/538 753/2/544
f 753/2/544 751/2/542 750/2/541
f 751/2/542 753/2/544 754/2/545
f 752/2/543 751/2/542 754/2/545
f 755/2/546 752/2/543 754/2/545
f 754/2/545 753/2/544 755/2/546
f 752/2/543 755/2/546 756/2/547
f 755/2/546 757/2/548 756/2/547
f 755/2/546 758/2/549 757/2/548
f 758/2/549 755/2/546 739/2/530
f 753/2/544 747/2/538 759/2/550
f 755/2/546 753/2/544 759/2/550
f 759/2/550 747/2/538 760/2/551
f 760/2/551 747/2/538 732/2/523
f 732/2/523 738/2/529 760/2/551
f 761/2/552 759/2/550 760/2/551
f 761/2/552 755/2/546 759/2/550
f 761/2/552 760/2/551 738/2/529
f 739/2/530 755/2/546 761/2/552
f 739/2/530 761/2/552 738/2/529
f 762/2/553 763/2/554 764/2/555
f 765/2/556 763/2/554 762/2/553
f 764/2/555 766/2/557 762/2/553
f 765/2/556 762/2/553 766/2/557
f 766/2/557 764/2/555 767/2/558
f 768/2/559 765/2/556 766/2/557
f 766/2/557 767/2/558 768/2/559
f 767/2/558 769/2/560 768/2/559
f 765/2/556 768/2/559 770/2/561
f 771/2/562 768/2/559 769/2/560
f 770/2/561 768/2/559 771/2/562
f 769/2/560 772/2/563 771/2/562
f 772/2/563 769/2/560 767/2/558
f 771/2/562 773/2/564 770/2/561
f 767/2/558 774/2/565 772/2/563
f 774/2/565 767/2/558 764/2/555
f 775/2/566 771/2/562 772/2/563
f 773/2/564 771/2/562 775/2/566
f 772/2/563 774/2/565 776/2/567
f 775/2/566 772/2/563 776/2/567
f 774/2/565 764/2/555 777/2/568
f 777/2/568 764/2/555 763/2/554
f 776/2/567 774/2/565 778/2/569
f 777/2/568 778/2/569 774/2/565
f 775/2/566 776/2/567 779/2/570
f 779/2/570 776/2/567 778/2/569
f 773/2/564 775/2/566 780/2/571
f 780/2/571 775/2/566 779/2/570
f 778/2/569 777/2/568 781/2/572
f 781/2/572 779/2/570 778/2/569
f 779/2/570 782/2/573 780/2/571
f 781/2/572 782/2/573 779/2/570
f 783/2/574 773/2/564 780/2/571
f 782/2/573 783/2/574 780/2/571
f 782/2/573 781/2/572 784/2/575
f 784/2/575 783/2/574 782/2/573
f 781/2/572 777/2/568 785/2/576
f 785/2/576 784/2/575 781/2/572
f 777/2/568 763/2/554 785/2/576
f 785/2/576 786/2/577 784/2/575
f 784/2/575 786/2/577 783/2/574
f 763/2/554 786/2/577 785/2/576
f 786/2/577 763/2/554 787/2/578
f 763/2/554 765/2/556 787/2/578
f 788/2/579 783/2/574 786/2/577
f 788/2/579 786/2/577 787/2/578
f 765/2/556 788/2/579 787/2/578
f 783/2/574 788/2/579 773/2/564
f 788/2/579 765/2/556 770/2/561
f 770/2/561 773/2/564 788/2/579
f 789/2/580 790/2/581 791/2/582
f 790/2/581 792/2/583 791/2/582
f 789/2/580 793/2/584 790/2/581
f 794/2/585 793/2/584 789/2/580
f 792/2/583 790/2/581 795/2/586
f 796/2/587 793/2/584 794/2/585
f 795/2/586 797/2/588 792/2/583
f 792/2/583 797/2/588 798/2/589
f 795/2/586 790/2/581 799/2/590
f 799/2/590 797/2/588 795/2/586
f 793/2/584 800/2/591 790/2/581
f 799/2/590 790/2/581 800/2/591
f 801/2/592 793/2/584 796/2/587
f 800/2/591 793/2/584 801/2/592
f 800/2/591 802/2/593 799/2/590
f 801/2/592 802/2/593 800/2/591
f 799/2/590 803/2/594 797/2/588
f 799/2/590 802/2/593 803/2/594
f 798/2/589 797/2/588 804/2/595
f 797/2/588 803/2/594 804/2/595
f 805/2/596 798/2/589 804/2/595
f 804/2/595 806/2/597 805/2/596
f 804/2/595 803/2/594 806/2/597
f 807/2/598 805/2/596 806/2/597
f 806/2/597 808/2/599 807/2/598
f 808/2/599 806/2/597 803/2/594
f 808/2/599 809/2/600 807/2/598
f 810/2/601 808/2/599 803/2/594
f 803/2/594 802/2/593 810/2/601
f 811/2/602 809/2/600 808/2/599
f 810/2/601 811/2/602 808/2/599
f 811/2/602 812/2/603 809/2/600
f 810/2/601 802/2/593 813/2/604
f 811/2/602 810/2/601 813/2/604
f 814/2/605 812/2/603 811/2/602
f 811/2/602 813/2/604 814/2/605
f 812/2/603 814/2/605 815/2/606
f 813/2/604 802/2/593 816/2/607
f 816/2/607 814/2/605 813/2/604
f 817/2/608 815/2/606 814/2/605
f 814/2/605 816/2/607 817/2/608
f 815/2/606 817/2/608 818/2/609
f 816/2/607 802/2/593 819/2/610
f 819/2/610 817/2/608 816/2/607
f 819/2/610 802/2/593 801/2/592
f 819/2/610 801/2/592 796/2/587
f 820/2/611 817/2/608 819/2/610
f 818/2/609 817/2/608 820/2/611
f 796/2/587 820/2/611 819/2/610
f 820/2/611 821/2/612 818/2/609
f 794/2/585 820/2/611 796/2/587
f 820/2/611 794/2/585 821/2/612
f 822/2/613 823/2/614 824/2/615
f 825/2/616 824/2/615 823/2/614
f 824/2/615 826/2/617 822/2/613
f 824/2/615 825/2/616 827/2/618
f 828/2/619 827/2/618 825/2/616
f 828/2/619 825/2/616 829/2/620
f 824/2/615 827/2/618 830/2/621
f 828/2/619 830/2/621 827/2/618
f 831/2/622 826/2/617 824/2/615
f 832/2/623 828/2/619 829/2/620
f 829/2/620 833/2/624 832/2/623
f 828/2/619 834/2/625 830/2/621
f 834/2/625 828/2/619 832/2/623
f 835/2/626 832/2/623 833/2/624
f 832/2/623 835/2/626 834/2/625
f 833/2/624 836/2/627 835/2/626
f 834/2/625 835/2/626 836/2/627
f 836/2/627 833/2/624 837/2/628
f 837/2/628 838/2/629 836/2/627
f 838/2/629 839/2/630 836/2/627
f 840/2/631 839/2/630 838/2/629
f 836/2/627 841/2/632 834/2/625
f 839/2/630 841/2/632 836/2/627
f 834/2/625 841/2/632 842/2/633
f 830/2/621 834/2/625 842/2/633
f 841/2/632 839/2/630 843/2/634
f 841/2/632 843/2/634 842/2/633
f 840/2/631 844/2/635 839/2/630
f 839/2/630 844/2/635 843/2/634
f 845/2/636 844/2/635 840/2/631
f 846/2/637 843/2/634 844/2/635
f 843/2/634 846/2/637 842/2/633
f 845/2/636 847/2/638 844/2/635
f 844/2/635 847/2/638 846/2/637
f 848/2/639 847/2/638 845/2/636
f 849/2/640 830/2/621 842/2/633
f 830/2/621 849/2/640 824/2/615
f 849/2/640 831/2/622 824/2/615
f 850/2/641 849/2/640 842/2/633
f 831/2/622 849/2/640 850/2/641
f 846/2/637 851/2/642 842/2/633
f 851/2/642 846/2/637 847/2/638
f 851/2/642 850/2/641 842/2/633
f 848/2/639 852/2/643 847/2/638
f 847/2/638 852/2/643 851/2/642
f 853/2/644 852/2/643 848/2/639
f 854/2/645 852/2/643 853/2/644
f 831/2/622 850/2/641 855/2/646
f 850/2/641 851/2/642 855/2/646
f 851/2/642 852/2/643 855/2/646
f 852/2/643 854/2/645 855/2/646
f 855/2/646 826/2/617 831/2/622
f 826/2/617 855/2/646 854/2/645
f 856/2/647 857/2/648 858/2/649
f 859/2/650 858/2/649 857/2/648
f 860/2/651 857/2/648 856/2/647
f 861/2/652 859/2/650 857/2/648
f 857/2/648 860/2/651 861/2/652
f 862/2/653 859/2/650 861/2/652
f 859/2/650 862/2/653 863/2/654
f 858/2/649 859/2/650 864/2/655
f 859/2/650 863/2/654 864/2/655
f 862/2/653 865/2/656 863/2/654
f 861/2/652 866/2/657 862/2/653
f 865/2/656 862/2/653 866/2/657
f 861/2/652 867/2/658 866/2/657
f 867/2/658 861/2/652 860/2/651
f 866/2/657 867/2/658 868/2/659
f 866/2/657 868/2/659 865/2/656
f 860/2/651 869/2/660 867/2/658
f 868/2/659 867/2/658 869/2/660
f 869/2/660 860/2/651 870/2/661
f 856/2/647 870/2/661 860/2/651
f 871/2/662 868/2/659 869/2/660
f 871/2/662 869/2/660 870/2/661
f 868/2/659 872/2/663 865/2/656
f 868/2/659 871/2/662 872/2/663
f 865/2/656 872/2/663 873/2/664
f 873/2/664 872/2/663 871/2/662
f 874/2/665 870/2/661 856/2/647
f 871/2/662 870/2/661 874/2/665
f 874/2/665 856/2/647 875/2/666
f 875/2/666 856/2/647 858/2/649
f 876/2/667 871/2/662 874/2/665
f 876/2/667 874/2/665 875/2/666
f 873/2/664 871/2/662 877/2/668
f 871/2/662 876/2/667 877/2/668
f 878/2/669 873/2/664 877/2/668
f 875/2/666 858/2/649 879/2/670
f 858/2/649 864/2/655 879/2/670
f 876/2/667 875/2/666 880/2/671
f 880/2/671 875/2/666 879/2/670
f 877/2/668 876/2/667 881/2/672
f 880/2/671 881/2/672 876/2/667
f 881/2/672 878/2/669 877/2/668
f 880/2/671 879/2/670 882/2/673
f 881/2/672 880/2/671 882/2/673
f 882/2/673 879/2/670 883/2/674
f 881/2/672 882/2/673 883/2/674
f 879/2/670 864/2/655 883/2/674
f 883/2/674 864/2/655 884/2/675
f 883/2/674 884/2/675 881/2/672
f 863/2/654 884/2/675 864/2/655
f 881/2/672 885/2/676 878/2/669
f 885/2/676 881/2/672 884/2/675
f 885/2/676 884/2/675 863/2/654
f 885/2/676 873/2/664 878/2/669
f 865/2/656 885/2/676 863/2/654
f 885/2/676 865/2/656 873/2/664
f 886/2/677 887/2/678 888/2/679
f 889/2/680 886/2/677 888/2/679
f 887/2/678 890/2/681 888/2/679
f 890/2/681 889/2/680 888/2/679
f 886/2/677 891/2/682 887/2/678
f 887/2/678 892/2/683 890/2/681
f 889/2/680 893/2/684 886/2/677
f 893/2/684 891/2/682 886/2/677
f 891/2/682 894/2/685 887/2/678
f 895/2/686 893/2/684 889/2/680
f 893/2/684 895/2/686 896/2/687
f 897/2/688 891/2/682 893/2/684
f 893/2/684 896/2/687 897/2/688
f 898/2/689 894/2/685 891/2/682
f 898/2/689 891/2/682 897/2/688
f 899/2/690 887/2/678 894/2/685
f 899/2/690 894/2/685 898/2/689
f 887/2/678 899/2/690 892/2/683
f 900/2/691 896/2/687 895/2/686
f 900/2/691 897/2/688 896/2/687
f 898/2/689 897/2/688 901/2/692
f 897/2/688 900/2/691 901/2/692
f 901/2/692 902/2/693 898/2/689
f 900/2/691 902/2/693 901/2/692
f 898/2/689 903/2/694 899/2/690
f 902/2/693 903/2/694 898/2/689
f 904/2/695 899/2/690 903/2/694
f 892/2/683 899/2/690 904/2/695
f 903/2/694 902/2/693 905/2/696
f 902/2/693 900/2/691 906/2/697
f 902/2/693 906/2/697 905/2/696
f 895/2/686 907/2/698 900/2/691
f 906/2/697 900/2/691 907/2/698
f 889/2/680 907/2/698 895/2/686
f 905/2/696 908/2/699 903/2/694
f 904/2/695 903/2/694 908/2/699
f 909/2/700 905/2/696 906/2/697
f 909/2/700 908/2/699 905/2/696
f 906/2/697 907/2/698 910/2/701
f 906/2/697 910/2/701 909/2/700
f 907/2/698 889/2/680 911/2/702
f 907/2/698 911/2/702 910/2/701
f 889/2/680 890/2/681 911/2/702
f 908/2/699 912/2/703 904/2/695
f 892/2/683 904/2/695 912/2/703
f 913/2/704 908/2/699 909/2/700
f 909/2/700 910/2/701 913/2/704
f 912/2/703 908/2/699 913/2/704
f 910/2/701 911/2/702 914/2/705
f 910/2/701 914/2/705 913/2/704
f 914/2/705 911/2/702 915/2/706
f 913/2/704 914/2/705 915/2/706
f 911/2/702 890/2/681 915/2/706
f 913/2/704 915/2/706 912/2/703
f 915/2/706 890/2/681 892/2/683
f 915/2/706 892/2/683 912/2/703
f 916/2/707 917/2/708 918/2/709
f 919/2/710 917/2/708 916/2/707
f 918/2/709 920/2/711 916/2/707
f 919/2/710 916/2/707 920/2/711
f 917/2/708 919/2/710 921/2/712
f 919/2/710 922/2/713 921/2/712
f 923/2/714 917/2/708 921/2/712
f 922/2/713 923/2/714 921/2/712
f 917/2/708 923/2/714 924/2/715
f 924/2/715 918/2/709 917/2/708
f 919/2/710 920/2/711 925/2/716
f 925/2/716 922/2/713 919/2/710
f 926/2/717 922/2/713 925/2/716
f 925/2/716 920/2/711 927/2/718
f 928/2/719 926/2/717 925/2/716
f 925/2/716 927/2/718 928/2/719
f 926/2/717 929/2/720 922/2/713
f 928/2/719 929/2/720 926/2/717
f 928/2/719 927/2/718 930/2/721
f 927/2/718 920/2/711 931/2/722
f 931/2/722 930/2/721 927/2/718
f 920/2/711 918/2/709 931/2/722
f 930/2/721 932/2/723 928/2/719
f 932/2/723 930/2/721 931/2/722
f 933/2/724 931/2/722 918/2/709
f 931/2/722 933/2/724 932/2/723
f 933/2/724 918/2/709 934/2/725
f 918/2/709 924/2/715 934/2/725
f 935/2/726 932/2/723 933/2/724
f 935/2/726 933/2/724 934/2/725
f 932/2/723 936/2/727 928/2/719
f 929/2/720 928/2/719 936/2/727
f 935/2/726 937/2/728 932/2/723
f 936/2/727 932/2/723 937/2/728
f 934/2/725 938/2/729 935/2/726
f 938/2/729 934/2/725 924/2/715
f 939/2/730 937/2/728 935/2/726
f 938/2/729 939/2/730 935/2/726
f 937/2/728 940/2/731 936/2/727
f 940/2/731 929/2/720 936/2/727
f 939/2/730 940/2/731 937/2/728
f 924/2/715 941/2/732 938/2/729
f 941/2/732 939/2/730 938/2/729
f 924/2/715 923/2/714 941/2/732
f 939/2/730 942/2/733 940/2/731
f 940/2/731 942/2/733 929/2/720
f 941/2/732 942/2/733 939/2/730
f 943/2/734 929/2/720 942/2/733
f 941/2/732 943/2/734 942/2/733
f 941/2/732 923/2/714 943/2/734
f 943/2/734 922/2/713 929/2/720
f 922/2/713 943/2/734 923/2/714
f 944/2/735 945/2/735 946/2/736
f 946/2/736 945/2/735 947/2/736
f 944/2/735 948/2/736 945/2/735
f 949/2/736 948/2/736 944/2/735
f 950/2/736 949/2/736 944/2/735
f 944/2/735 951/2/735 950/2/736
f 951/2/735 944/2/735 946/2/736
f 946/2/736 952/2/736 951/2/735
f 953/2/737 954/2/738 955/2/739
f 955/2/739 954/2/738 956/2/740
f 954/2/738 957/2/741 956/2/740
f 955/2/739 956/2/740 958/2/742
f 953/2/737 959/2/743 954/2/738
f 957/2/741 954/2/738 959/2/743
f 955/2/739 960/2/540 953/2/737
f 960/2/540 955/2/739 958/2/742
f 961/2/744 958/2/742 956/2/740
f 956/2/740 957/2/741 961/2/744
f 961/2/744 962/2/745 958/2/742
f 963/2/746 958/2/742 962/2/745
f 963/2/746 960/2/540 958/2/742
f 962/2/745 961/2/744 964/2/747
f 960/2/540 963/2/746 965/2/748
f 966/2/749 963/2/746 962/2/745
f 963/2/746 966/2/749 965/2/748
f 962/2/745 964/2/747 966/2/749
f 961/2/744 967/2/750 964/2/747
f 957/2/741 967/2/750 961/2/744
f 964/2/747 968/2/751 966/2/749
f 968/2/751 964/2/747 967/2/750
f 969/2/752 965/2/748 966/2/749
f 969/2/752 960/2/540 965/2/748
f 970/2/753 966/2/749 968/2/751
f 969/2/752 966/2/749 970/2/753
f 968/2/751 967/2/750 971/2/754
f 971/2/754 967/2/750 957/2/741
f 960/2/540 969/2/752 972/2/755
f 973/2/756 968/2/751 971/2/754
f 968/2/751 973/2/756 970/2/753
f 972/2/755 953/2/737 960/2/540
f 957/2/741 974/2/757 971/2/754
f 974/2/757 957/2/741 959/2/743
f 971/2/754 975/2/758 973/2/756
f 975/2/758 971/2/754 974/2/757
f 975/2/758 976/2/759 973/2/756
f 976/2/759 970/2/753 973/2/756
f 959/2/743 953/2/737 977/2/760
f 972/2/755 977/2/760 953/2/737
f 978/2/761 974/2/757 959/2/743
f 977/2/760 978/2/761 959/2/743
f 979/2/762 975/2/758 974/2/757
f 978/2/761 979/2/762 974/2/757
f 980/2/763 978/2/761 977/2/760
f 980/2/763 979/2/762 978/2/761
f 972/2/755 980/2/763 977/2/760
f 981/2/764 975/2/758 979/2/762
f 981/2/764 979/2/762 980/2/763
f 980/2/763 972/2/755 981/2/764
f 975/2/758 981/2/764 976/2/759
f 981/2/764 972/2/755 982/2/765
f 976/2/759 981/2/764 982/2/765
f 970/2/753 976/2/759 982/2/765
f 982/2/765 972/2/755 969/2/752
f 969/2/752 970/2/753 982/2/765
f 983/2/766 984/2/767 985/2/768
f 984/2/767 986/2/769 985/2/768
f 985/2/768 987/2/770 983/2/766
f 985/2/768 988/2/771 987/2/770
f 986/2/769 988/2/771 985/2/768
f 987/2/770 988/2/771 989/2/772
f 986/2/769 990/2/773 988/2/771
f 989/2/772 991/2/774 987/2/770
f 987/2/770 991/2/774 983/2/766
f 992/2/775 989/2/772 988/2/771
f 990/2/773 992/2/775 988/2/771
f 993/2/776 991/2/774 989/2/772
f 992/2/775 993/2/776 989/2/772
f 994/2/777 983/2/766 991/2/774
f 991/2/774 993/2/776 994/2/777
f 992/2/775 995/2/778 993/2/776
f 995/2/778 992/2/775 990/2/773
f 996/2/779 994/2/777 993/2/776
f 995/2/778 996/2/779 993/2/776
f 997/2/780 983/2/766 994/2/777
f 994/2/777 996/2/779 998/2/781
f 997/2/780 994/2/777 998/2/781
f 997/2/780 999/2/782 983/2/766
f 983/2/766 999/2/782 984/2/767
f 998/2/781 1000/2/783 997/2/780
f 996/2/779 1001/2/784 998/2/781
f 1001/2/784 1000/2/783 998/2/781
f 996/2/779 995/2/778 1002/2/785
f 1002/2/785 1001/2/784 996/2/779
f 1002/2/785 995/2/778 1003/2/786
f 990/2/773 1003/2/786 995/2/778
f 1002/2/785 1004/2/787 1001/2/784
f 1003/2/786 1004/2/787 1002/2/785
f 1001/2/784 1005/2/788 1000/2/783
f 1004/2/787 1005/2/788 1001/2/784
f 1000/2/783 1006/2/789 997/2/780
f 1006/2/789 1000/2/783 1005/2/788
f 997/2/780 1006/2/789 999/2/782
f 1007/2/790 1006/2/789 1005/2/788
f 1005/2/788 1004/2/787 1008/2/791
f 1008/2/791 1007/2/790 1005/2/788
f 1004/2/787 1003/2/786 1008/2/791
f 1006/2/789 1007/2/790 1009/2/792
f 1006/2/789 1009/2/792 999/2/782
f 1008/2/791 1009/2/792 1007/2/790
f 1003/2/786 1010/2/793 1008/2/791
f 1008/2/791 1010/2/793 1009/2/792
f 990/2/773 1010/2/793 1003/2/786
f 999/2/782 1009/2/792 1011/2/794
f 1010/2/793 1011/2/794 1009/2/792
f 999/2/782 1011/2/794 984/2/767
f 1010/2/793 990/2/773 1012/2/795
f 1010/2/793 1012/2/795 1011/2/794
f 990/2/773 986/2/769 1012/2/795
f 1011/2/794 986/2/769 984/2/767
f 1011/2/794 1012/2/795 986/2/769
f 1013/2/796 1014/2/797 1015/2/798
f 1015/2/798 1016/2/799 1013/2/796
f 1016/2/799 1017/2/800 1013/2/796
f 1013/2/796 1017/2/800 1018/2/801
f 1016/2/799 1019/2/802 1017/2/800
f 1019/2/802 1016/2/799 1020/2/803
f 1021/2/804 1017/2/800 1019/2/802
f 1017/2/800 1021/2/804 1022/2/805
f 1017/2/800 1022/2/805 1018/2/801
f 1023/2/806 1018/2/801 1022/2/805
f 1018/2/801 1023/2/806 1024/2/807
f 1025/2/808 1018/2/801 1024/2/807
f 1025/2/808 1024/2/807 1026/2/809
f 1027/2/810 1025/2/808 1026/2/809
f 1027/2/810 1026/2/809 1028/2/811
f 1029/2/812 1027/2/810 1028/2/811
f 1028/2/811 1030/2/813 1029/2/812
f 1031/2/814 1029/2/812 1030/2/813
f 1032/2/815 1031/2/814 1030/2/813
f 1032/2/815 1033/2/816 1031/2/814
f 1034/2/817 1033/2/816 1032/2/815
f 1034/2/817 1035/2/818 1033/2/816
f 1036/2/819 1035/2/818 1034/2/817
f 1036/2/819 1037/2/820 1035/2/818
f 1036/2/819 1038/2/821 1037/2/820
f 1039/2/822 1038/2/821 1036/2/819
f 1039/2/822 1036/2/819 1040/2/823
f 1041/2/824 1039/2/822 1040/2/823
f 1041/2/824 1040/2/823 1042/2/825
f 1043/2/826 1041/2/824 1042/2/825
f 1043/2/826 1042/2/825 1044/2/827
f 1044/2/827 1045/2/828 1043/2/826
f 1044/2/827 1046/2/829 1045/2/828
f 1047/2/830 1045/2/828 1046/2/829
f 1048/2/831 1047/2/830 1046/2/829
f 1048/2/831 1046/2/829 1049/2/832
f 1048/2/831 1049/2/832 1050/2/833
f 1049/2/832 1051/2/834 1050/2/833
f 1052/2/835 1050/2/833 1051/2/834
f 1052/2/835 1051/2/834 1053/2/836
f 1053/2/836 1051/2/834 1054/2/837
f 1053/2/836 1054/2/837 1055/2/838
f 1054/2/837 1056/2/839 1055/2/838
f 1056/2/839 1057/2/840 1055/2/838
f 1058/2/841 1057/2/840 1056/2/839
f 1057/2/840 1058/2/841 1059/2/842
f 1059/2/842 1058/2/841 1060/2/843
f 1060/2/843 1061/2/844 1059/2/842
f 1061/2/844 1060/2/843 1062/2/845
f 1061/2/844 1062/2/845 1063/2/846
f 1060/2/843 1064/2/847 1062/2/845
f 1063/2/846 1062/2/845 1064/2/847
f 1065/2/848 1063/2/846 1064/2/847
f 1066/2/849 1065/2/848 1064/2/847
f 1067/2/850 1065/2/848 1066/2/849
f 1068/2/851 1067/2/850 1066/2/849
f 1067/2/850 1068/2/851 1069/2/852
f 1068/2/851 1070/2/853 1069/2/852
f 1070/2/853 1071/2/854 1072/2/855
f 1073/2/856 1071/2/854 1070/2/853
f 1070/2/853 1074/2/857 1073/2/856
f 1068/2/851 1075/2/858 1070/2/853
f 1076/2/859 1075/2/858 1068/2/851
f 1070/2/853 1077/2/860 1074/2/857
f 1077/2/860 1070/2/853 1075/2/858
f 1078/2/861 1074/2/857 1077/2/860
f 1076/2/859 1079/2/862 1075/2/858
f 1077/2/860 1075/2/858 1079/2/862
f 1080/2/863 1079/2/862 1076/2/859
f 1080/2/863 1081/2/864 1079/2/862
f 1082/2/865 1077/2/860 1079/2/862
f 1078/2/861 1077/2/860 1082/2/865
f 1079/2/862 1081/2/864 1082/2/865
f 1083/2/866 1078/2/861 1082/2/865
f 1082/2/865 1081/2/864 1084/2/867
f 1083/2/866 1082/2/865 1084/2/867
f 1085/2/868 1084/2/867 1081/2/864
f 1083/2/866 1084/2/867 1086/2/869
f 1086/2/869 1084/2/867 1085/2/868
f 1086/2/869 1085/2/868 1087/2/870
f 1083/2/866 1086/2/869 1088/2/871
f 1089/2/872 1086/2/869 1087/2/870
f 1090/2/873 1089/2/872 1087/2/870
f 1091/2/874 1086/2/869 1089/2/872
f 1088/2/871 1086/2/869 1091/2/874
f 1092/2/875 1089/2/872 1090/2/873
f 1092/2/875 1090/2/873 1093/2/876
f 1094/2/877 1091/2/874 1089/2/872
f 1094/2/877 1088/2/871 1091/2/874
f 1094/2/877 1089/2/872 1092/2/875
f 1095/2/878 1092/2/875 1093/2/876
f 1095/2/878 1096/2/879 1092/2/875
f 1096/2/879 1095/2/878 1097/2/880
f 1098/2/881 1092/2/875 1096/2/879
f 1092/2/875 1098/2/881 1094/2/877
f 1094/2/877 1098/2/881 1099/2/882
f 1088/2/871 1094/2/877 1099/2/882
f 1100/2/883 1099/2/882 1098/2/881
f 1101/2/884 1088/2/871 1099/2/882
f 1088/2/871 1101/2/884 1102/2/885
f 1101/2/884 1099/2/882 1103/2/886
f 1103/2/886 1099/2/882 1104/2/887
f 1099/2/882 1100/2/883 1104/2/887
f 1104/2/887 1100/2/883 1105/2/888
f 1106/2/889 1107/2/890 1108/2/891
f 1107/2/890 1109/2/892 1108/2/891
f 1108/2/891 1110/2/893 1106/2/889
f 1108/2/891 1111/2/894 1110/2/893
f 1109/2/892 1111/2/894 1108/2/891
f 1110/2/893 1112/2/895 1106/2/889
f 1109/2/892 1113/2/896 1111/2/894
f 1114/2/897 1112/2/895 1110/2/893
f 1110/2/893 1111/2/894 1114/2/897
f 1106/2/889 1112/2/895 1115/2/898
f 1114/2/897 1115/2/898 1112/2/895
f 1111/2/894 1116/2/899 1114/2/897
f 1113/2/896 1116/2/899 1111/2/894
f 1115/2/898 1114/2/897 1117/2/900
f 1117/2/900 1114/2/897 1116/2/899
f 1118/2/901 1106/2/889 1115/2/898
f 1117/2/900 1116/2/899 1119/2/902
f 1119/2/902 1116/2/899 1113/2/896
f 1117/2/900 1120/2/903 1115/2/898
f 1120/2/903 1118/2/901 1115/2/898
f 1119/2/902 1121/2/904 1117/2/900
f 1121/2/904 1120/2/903 1117/2/900
f 1118/2/901 1122/2/905 1106/2/889
f 1106/2/889 1122/2/905 1107/2/890
f 1120/2/903 1123/2/906 1118/2/901
f 1121/2/904 1124/2/907 1120/2/903
f 1123/2/906 1120/2/903 1124/2/907
f 1121/2/904 1119/2/902 1125/2/908
f 1125/2/908 1124/2/907 1121/2/904
f 1125/2/908 1119/2/902 1126/2/909
f 1119/2/902 1113/2/896 1126/2/909
f 1125/2/908 1127/2/910 1124/2/907
f 1127/2/910 1125/2/908 1126/2/909
f 1124/2/907 1128/2/911 1123/2/906
f 1127/2/910 1128/2/911 1124/2/907
f 1123/2/906 1129/2/912 1118/2/901
f 1129/2/912 1123/2/906 1128/2/911
f 1118/2/901 1129/2/912 1122/2/905
f 1128/2/911 1127/2/910 1130/2/913
f 1130/2/913 1129/2/912 1128/2/911
f 1129/2/912 1130/2/913 1131/2/914
f 1131/2/914 1130/2/913 1127/2/910
f 1129/2/912 1131/2/914 1122/2/905
f 1126/2/909 1132/2/915 1127/2/910
f 1132/2/915 1131/2/914 1127/2/910
f 1113/2/896 1132/2/915 1126/2/909
f 1122/2/905 1131/2/914 1133/2/916
f 1133/2/916 1131/2/914 1132/2/915
f 1122/2/905 1133/2/916 1107/2/890
f 1132/2/915 1113/2/896 1134/2/917
f 1132/2/915 1134/2/917 1133/2/916
f 1134/2/917 1113/2/896 1109/2/892
f 1133/2/916 1109/2/892 1107/2/890
f 1133/2/916 1134/2/917 1109/2/892
f 1135/2/918 1136/2/919 1137/2/920
f 1138/2/921 1135/2/918 1137/2/920
f 1137/2/920 1139/2/922 1138/2/921
f 1138/2/921 1140/2/923 1135/2/918
f 1141/2/924 1140/2/923 1138/2/921
f 1138/2/921 1139/2/922 1141/2/924
f 1135/2/918 1140/2/923 1142/2/925
f 1135/2/918 1142/2/925 1136/2/919
f 1142/2/925 1140/2/923 1143/2/926
f 1140/2/923 1141/2/924 1143/2/926
f 1136/2/919 1142/2/925 1144/2/927
f 1143/2/926 1145/2/928 1142/2/925
f 1144/2/927 1142/2/925 1145/2/928
f 1146/2/929 1143/2/926 1141/2/924
f 1145/2/928 1143/2/926 1147/2/930
f 1147/2/930 1143/2/926 1146/2/929
f 1148/2/931 1145/2/928 1147/2/930
f 1144/2/927 1145/2/928 1148/2/931
f 1147/2/930 1146/2/929 1149/2/932
f 1148/2/931 1147/2/930 1149/2/932
f 1141/2/924 1150/2/933 1146/2/929
f 1146/2/929 1150/2/933 1149/2/932
f 1151/2/934 1144/2/927 1148/2/931
f 1136/2/919 1144/2/927 1151/2/934
f 1149/2/932 1152/2/935 1148/2/931
f 1152/2/935 1151/2/934 1148/2/931
f 1153/2/936 1136/2/919 1151/2/934
f 1153/2/936 1137/2/920 1136/2/919
f 1151/2/934 1152/2/935 1154/2/937
f 1153/2/936 1151/2/934 1154/2/937
f 1137/2/920 1153/2/936 1155/2/938
f 1139/2/922 1137/2/920 1155/2/938
f 1153/2/936 1154/2/937 1156/2/939
f 1152/2/935 1156/2/939 1154/2/937
f 1155/2/938 1153/2/936 1157/2/940
f 1139/2/922 1155/2/938 1157/2/940
f 1153/2/936 1156/2/939 1158/2/941
f 1157/2/940 1153/2/936 1158/2/941
f 1156/2/939 1152/2/935 1159/2/942
f 1156/2/939 1159/2/942 1158/2/941
f 1152/2/935 1160/2/943 1159/2/942
f 1158/2/941 1159/2/942 1160/2/943
f 1160/2/943 1152/2/935 1161/2/944
f 1152/2/935 1149/2/932 1161/2/944
f 1158/2/941 1160/2/943 1162/2/945
f 1161/2/944 1162/2/945 1160/2/943
f 1150/2/933 1161/2/944 1149/2/932
f 1162/2/945 1161/2/944 1150/2/933
f 1163/2/946 1162/2/945 1150/2/933
f 1163/2/946 1158/2/941 1162/2/945
f 1163/2/946 1150/2/933 1164/2/947
f 1141/2/924 1164/2/947 1150/2/933
f 1139/2/922 1164/2/947 1141/2/924
f 1164/2/947 1165/2/948 1163/2/946
f 1164/2/947 1139/2/922 1165/2/948
f 1165/2/948 1158/2/941 1163/2/946
f 1157/2/940 1165/2/948 1139/2/922
f 1157/2/940 1158/2/941 1165/2/948
f 1166/2/949 1167/2/950 1168/2/951
f 1167/2/950 1169/2/952 1168/2/951
f 1167/2/950 1170/2/953 1169/2/952
f 1169/2/952 1171/2/954 1168/2/951
f 1166/2/949 1172/2/955 1167/2/950
f 1172/2/955 1170/2/953 1167/2/950
f 1173/2/956 1166/2/949 1168/2/951
f 1173/2/956 1168/2/951 1171/2/954
f 1174/2/957 1172/2/955 1166/2/949
f 1166/2/949 1173/2/956 1175/2/958
f 1174/2/957 1166/2/949 1175/2/958
f 1171/2/954 1169/2/952 1176/2/959
f 1170/2/953 1176/2/959 1169/2/952
f 1171/2/954 1177/2/960 1173/2/956
f 1178/2/961 1171/2/954 1176/2/959
f 1177/2/960 1171/2/954 1178/2/961
f 1179/2/962 1173/2/956 1177/2/960
f 1173/2/956 1179/2/962 1175/2/958
f 1180/2/963 1177/2/960 1178/2/961
f 1179/2/962 1177/2/960 1180/2/963
f 1181/2/964 1178/2/961 1176/2/959
f 1180/2/963 1178/2/961 1181/2/964
f 1182/2/965 1181/2/964 1176/2/959
f 1176/2/959 1170/2/953 1182/2/965
f 1183/2/966 1180/2/963 1181/2/964
f 1182/2/965 1183/2/966 1181/2/964
f 1180/2/963 1184/2/967 1179/2/962
f 1183/2/966 1184/2/967 1180/2/963
f 1185/2/968 1183/2/966 1182/2/965
f 1170/2/953 1185/2/968 1182/2/965
f 1186/2/969 1184/2/967 1183/2/966
f 1185/2/968 1186/2/969 1183/2/966
f 1187/2/970 1179/2/962 1184/2/967
f 1175/2/958 1179/2/962 1187/2/970
f 1184/2/967 1186/2/969 1188/2/971
f 1188/2/971 1187/2/970 1184/2/967
f 1189/2/972 1186/2/969 1185/2/968
f 1189/2/972 1188/2/971 1186/2/969
f 1185/2/968 1170/2/953 1190/2/973
f 1170/2/953 1172/2/955 1190/2/973
f 1185/2/968 1191/2/974 1189/2/972
f 1185/2/968 1190/2/973 1191/2/974
f 1192/2/975 1188/2/971 1189/2/972
f 1188/2/971 1192/2/975 1187/2/970
f 1189/2/972 1191/2/974 1192/2/975
f 1193/2/976 1190/2/973 1172/2/955
f 1190/2/973 1193/2/976 1191/2/974
f 1192/2/975 1191/2/974 1193/2/976
f 1193/2/976 1172/2/955 1174/2/957
f 1194/2/977 1187/2/970 1192/2/975
f 1194/2/977 1192/2/975 1193/2/976
f 1193/2/976 1174/2/957 1194/2/977
f 1187/2/970 1194/2/977 1175/2/958
f 1194/2/977 1174/2/957 1175/2/958
f 1195/2/978 1196/2/979 1197/2/980
f 1196/2/979 1195/2/978 1198/2/981
f 1197/2/980 1199/2/982 1195/2/978
f 1198/2/981 1200/2/983 1196/2/979
f 1198/2/981 1201/2/984 1200/2/983
f 1202/2/985 1197/2/980 1196/2/979
f 1200/2/983 1202/2/985 1196/2/979
f 1197/2/980 1202/2/985 1203/2/986
f 1202/2/985 1204/2/987 1203/2/986
f 1203/2/986 1205/2/988 1197/2/980
f 1202/2/985 1200/2/983 1206/2/989
f 1206/2/989 1207/2/990 1202/2/985
f 1200/2/983 1208/2/991 1206/2/989
f 1205/2/988 1209/2/992 1197/2/980
f 1199/2/982 1197/2/980 1209/2/992
f 1209/2/992 1205/2/988 1210/2/993
f 1211/2/994 1209/2/992 1210/2/993
f 1209/2/992 1212/2/995 1199/2/982
f 1209/2/992 1211/2/994 1212/2/995
f 1211/2/994 1014/2/797 1212/2/995
f 1212/2/995 1018/2/801 1199/2/982
f 1014/2/797 1013/2/796 1212/2/995
f 1212/2/995 1013/2/796 1018/2/801
f 1213/2/996 1214/2/997 1215/2/998
f 1214/2/997 1216/2/999 1215/2/998
f 1217/2/1000 1213/2/996 1215/2/998
f 1215/2/998 1218/2/1001 1217/2/1000
f 1216/2/999 1218/2/1001 1215/2/998
f 1219/2/1002 1213/2/996 1217/2/1000
f 1218/2/1001 1216/2/999 1220/2/1003
f 1221/2/1004 1219/2/1002 1217/2/1000
f 1218/2/1001 1221/2/1004 1217/2/1000
f 1222/2/1005 1213/2/996 1219/2/1002
f 1221/2/1004 1222/2/1005 1219/2/1002
f 1221/2/1004 1218/2/1001 1223/2/1006
f 1220/2/1003 1223/2/1006 1218/2/1001
f 1222/2/1005 1221/2/1004 1224/2/1007
f 1224/2/1007 1221/2/1004 1223/2/1006
f 1225/2/1008 1213/2/996 1222/2/1005
f 1224/2/1007 1223/2/1006 1226/2/1009
f 1226/2/1009 1223/2/1006 1220/2/1003
f 1224/2/1007 1227/2/1010 1222/2/1005
f 1227/2/1010 1225/2/1008 1222/2/1005
f 1224/2/1007 1226/2/1009 1228/2/1011
f 1228/2/1011 1227/2/1010 1224/2/1007
f 1225/2/1008 1229/2/1012 1213/2/996
f 1213/2/996 1229/2/1012 1214/2/997
f 1227/2/1010 1230/2/1013 1225/2/1008
f 1225/2/1008 1231/2/1014 1229/2/1012
f 1230/2/1013 1231/2/1014 1225/2/1008
f 1229/2/1012 1232/2/1015 1214/2/997
f 1232/2/1015 1216/2/999 1214/2/997
f 1232/2/1015 1233/2/1016 1216/2/999
f 1216/2/999 1233/2/1016 1220/2/1003
f 1229/2/1012 1234/2/1017 1232/2/1015
f 1231/2/1014 1234/2/1017 1229/2/1012
f 1232/2/1015 1235/2/1018 1233/2/1016
f 1235/2/1018 1220/2/1003 1233/2/1016
f 1232/2/1015 1234/2/1017 1235/2/1018
f 1220/2/1003 1235/2/1018 1236/2/1019
f 1220/2/1003 1236/2/1019 1226/2/1009
f 1237/2/1020 1235/2/1018 1234/2/1017
f 1236/2/1019 1235/2/1018 1237/2/1020
f 1231/2/1014 1238/2/1021 1234/2/1017
f 1238/2/1021 1237/2/1020 1234/2/1017
f 1238/2/1021 1231/2/1014 1230/2/1013
f 1239/2/1022 1226/2/1009 1236/2/1019
f 1237/2/1020 1239/2/1022 1236/2/1019
f 1226/2/1009 1239/2/1022 1228/2/1011
f 1240/2/1023 1237/2/1020 1238/2/1021
f 1240/2/1023 1238/2/1021 1230/2/1013
f 1237/2/1020 1240/2/1023 1239/2/1022
f 1239/2/1022 1240/2/1023 1228/2/1011
f 1230/2/1013 1227/2/1010 1240/2/1023
f 1240/2/1023 1227/2/1010 1228/2/1011
f 1241/2/1024 1242/2/1025 1243/2/1026
f 1244/2/1027 1241/2/1024 1243/2/1026
f 1241/2/1024 1245/2/1028 1242/2/1025
f 1244/2/1027 1246/2/1029 1241/2/1024
f 1245/2/1028 1241/2/1024 1246/2/1029
f 1244/2/1027 1247/2/1030 1246/2/1029
f 1245/2/1028 1246/2/1029 1248/2/1031
f 1247/2/1030 1248/2/1031 1246/2/1029
f 1245/2/1028 1248/2/1031 1249/2/1032
f 1245/2/1028 1250/2/1033 1242/2/1025
f 1245/2/1028 1249/2/1032 1250/2/1033
f 1251/2/1034 1242/2/1025 1250/2/1033
f 1249/2/1032 1251/2/1034 1250/2/1033
f 1252/2/1035 1249/2/1032 1248/2/1031
f 1248/2/1031 1247/2/1030 1253/2/1036
f 1253/2/1036 1252/2/1035 1248/2/1031
f 1247/2/1030 1244/2/1027 1254/2/1037
f 1253/2/1036 1247/2/1030 1254/2/1037
f 1255/2/1038 1254/2/1037 1244/2/1027
f 1255/2/1038 1244/2/1027 1243/2/1026
f 1254/2/1037 1256/2/1039 1253/2/1036
f 1254/2/1037 1255/2/1038 1256/2/1039
f 1253/2/1036 1257/2/1040 1252/2/1035
f 1252/2/1035 1257/2/1040 1249/2/1032
f 1256/2/1039 1258/2/1041 1253/2/1036
f 1257/2/1040 1253/2/1036 1258/2/1041
f 1255/2/1038 1243/2/1026 1259/2/1042
f 1242/2/1025 1259/2/1042 1243/2/1026
f 1260/2/1043 1256/2/1039 1255/2/1038
f 1255/2/1038 1259/2/1042 1260/2/1043
f 1258/2/1041 1256/2/1039 1261/2/1044
f 1256/2/1039 1260/2/1043 1261/2/1044
f 1257/2/1040 1258/2/1041 1262/2/1045
f 1259/2/1042 1242/2/1025 1263/2/1046
f 1242/2/1025 1251/2/1034 1263/2/1046
f 1259/2/1042 1264/2/1047 1260/2/1043
f 1263/2/1046 1264/2/1047 1259/2/1042
f 1260/2/1043 1264/2/1047 1265/2/1048
f 1261/2/1044 1260/2/1043 1265/2/1048
f 1266/2/1049 1264/2/1047 1263/2/1046
f 1265/2/1048 1264/2/1047 1266/2/1049
f 1263/2/1046 1251/2/1034 1267/2/1050
f 1263/2/1046 1267/2/1050 1266/2/1049
f 1261/2/1044 1268/2/1051 1258/2/1041
f 1268/2/1051 1261/2/1044 1265/2/1048
f 1268/2/1051 1262/2/1045 1258/2/1041
f 1266/2/1049 1269/2/1052 1265/2/1048
f 1265/2/1048 1269/2/1052 1268/2/1051
f 1269/2/1052 1266/2/1049 1267/2/1050
f 1269/2/1052 1262/2/1045 1268/2/1051
f 1267/2/1050 1251/2/1034 1270/2/1053
f 1267/2/1050 1270/2/1053 1269/2/1052
f 1262/2/1045 1269/2/1052 1270/2/1053
f 1270/2/1053 1257/2/1040 1262/2/1045
f 1249/2/1032 1270/2/1053 1251/2/1034
f 1270/2/1053 1249/2/1032 1257/2/1040
f 1271/2/1054 1272/2/1055 1273/2/1056
f 1273/2/1056 1272/2/1055 1274/2/1057
f 1274/2/1057 1272/2/1055 1275/2/1058
f 1276/2/1059 1273/2/1056 1274/2/1057
f 1272/2/1055 1277/2/1060 1275/2/1058
f 1271/2/1054 1277/2/1060 1272/2/1055
f 1274/2/1057 1275/2/1058 1278/2/1061
f 1276/2/1059 1274/2/1057 1278/2/1061
f 1273/2/1056 1276/2/1059 1279/2/1062
f 1279/2/1062 1271/2/1054 1273/2/1056
f 1280/2/1063 1275/2/1058 1277/2/1060
f 1281/2/1064 1279/2/1062 1276/2/1059
f 1271/2/1054 1282/2/1065 1277/2/1060
f 1282/2/1065 1280/2/1063 1277/2/1060
f 1283/2/1066 1275/2/1058 1280/2/1063
f 1275/2/1058 1283/2/1066 1278/2/1061
f 1280/2/1063 1282/2/1065 1284/2/1067
f 1285/2/1068 1282/2/1065 1271/2/1054
f 1285/2/1068 1284/2/1067 1282/2/1065
f 1284/2/1067 1286/2/1069 1280/2/1063
f 1286/2/1069 1283/2/1066 1280/2/1063
f 1287/2/1070 1278/2/1061 1283/2/1066
f 1287/2/1070 1283/2/1066 1286/2/1069
f 1287/2/1070 1286/2/1069 1288/2/1071
f 1284/2/1067 1288/2/1071 1286/2/1069
f 1289/2/1072 1278/2/1061 1287/2/1070
f 1288/2/1071 1289/2/1072 1287/2/1070
f 1290/2/1073 1288/2/1071 1284/2/1067
f 1284/2/1067 1285/2/1068 1290/2/1073
f 1291/2/1074 1289/2/1072 1288/2/1071
f 1290/2/1073 1291/2/1074 1288/2/1071
f 1278/2/1061 1289/2/1072 1292/2/1075
f 1278/2/1061 1292/2/1075 1276/2/1059
f 1281/2/1064 1276/2/1059 1292/2/1075
f 1293/2/1076 1292/2/1075 1289/2/1072
f 1291/2/1074 1293/2/1076 1289/2/1072
f 1281/2/1064 1292/2/1075 1294/2/1077
f 1293/2/1076 1294/2/1077 1292/2/1075
f 1295/2/1078 1281/2/1064 1294/2/1077
f 1296/2/1079 1294/2/1077 1293/2/1076
f 1297/2/1080 1295/2/1078 1294/2/1077
f 1297/2/1080 1294/2/1077 1296/2/1079
f 1298/2/1081 1281/2/1064 1295/2/1078
f 1297/2/1080 1298/2/1081 1295/2/1078
f 1279/2/1062 1281/2/1064 1298/2/1081
f 1299/2/1082 1296/2/1079 1293/2/1076
f 1299/2/1082 1297/2/1080 1296/2/1079
f 1293/2/1076 1291/2/1074 1299/2/1082
f 1300/2/1083 1298/2/1081 1297/2/1080
f 1301/2/1084 1279/2/1062 1298/2/1081
f 1298/2/1081 1300/2/1083 1301/2/1084
f 1271/2/1054 1279/2/1062 1301/2/1084
f 1271/2/1054 1301/2/1084 1285/2/1068
f 1297/2/1080 1299/2/1082 1302/2/1085
f 1300/2/1083 1297/2/1080 1302/2/1085
f 1300/2/1083 1303/2/1086 1301/2/1084
f 1303/2/1086 1285/2/1068 1301/2/1084
f 1300/2/1083 1302/2/1085 1303/2/1086
f 1304/2/1087 1285/2/1068 1303/2/1086
f 1303/2/1086 1302/2/1085 1304/2/1087
f 1302/2/1085 1299/2/1082 1304/2/1087
f 1291/2/1074 1304/2/1087 1299/2/1082
f 1285/2/1068 1304/2/1087 1290/2/1073
f 1304/2/1087 1291/2/1074 1290/2/1073
f 1305/2/1088 1306/2/1089 1307/2/1090
f 1307/2/1090 1308/2/1091 1305/2/1088
f 1306/2/1089 1305/2/1088 1309/2/1092
f 1309/2/1092 1305/2/1088 1310/2/1093
f 1305/2/1088 1308/2/1091 1310/2/1093
f 1306/2/1089 1309/2/1092 1311/2/1094
f 1309/2/1092 1310/2/1093 1312/2/1095
f 1309/2/1092 1312/2/1095 1311/2/1094
f 1310/2/1093 1308/2/1091 1313/2/1096
f 1310/2/1093 1313/2/1096 1314/2/1097
f 1312/2/1095 1310/2/1093 1314/2/1097
f 1308/2/1091 1315/2/1098 1313/2/1096
f 1308/2/1091 1307/2/1090 1316/2/1099
f 1315/2/1098 1308/2/1091 1316/2/1099
f 1314/2/1097 1313/2/1096 1317/2/1100
f 1317/2/1100 1313/2/1096 1315/2/1098
f 1312/2/1095 1314/2/1097 1318/2/1101
f 1314/2/1097 1317/2/1100 1318/2/1101
f 1316/2/1099 1319/2/1102 1315/2/1098
f 1315/2/1098 1319/2/1102 1317/2/1100
f 1320/2/1103 1316/2/1099 1307/2/1090
f 1306/2/1089 1320/2/1103 1307/2/1090
f 1318/2/1101 1317/2/1100 1321/2/1104
f 1319/2/1102 1321/2/1104 1317/2/1100
f 1320/2/1103 1306/2/1089 1322/2/1105
f 1322/2/1105 1306/2/1089 1311/2/1094
f 1316/2/1099 1320/2/1103 1323/2/1106
f 1316/2/1099 1323/2/1106 1319/2/1102
f 1322/2/1105 1324/2/1107 1320/2/1103
f 1323/2/1106 1320/2/1103 1324/2/1107
f 1311/2/1094 1325/2/1108 1322/2/1105
f 1312/2/1095 1325/2/1108 1311/2/1094
f 1322/2/1105 1325/2/1108 1326/2/1109
f 1324/2/1107 1322/2/1105 1326/2/1109
f 1312/2/1095 1327/2/1110 1325/2/1108
f 1318/2/1101 1327/2/1110 1312/2/1095
f 1328/2/1111 1323/2/1106 1324/2/1107
f 1324/2/1107 1326/2/1109 1329/2/1112
f 1328/2/1111 1324/2/1107 1330/2/1113
f 1330/2/1113 1324/2/1107 1329/2/1112
f 1331/2/1114 1323/2/1106 1328/2/1111
f 1331/2/1114 1328/2/1111 1330/2/1113
f 1331/2/1114 1319/2/1102 1323/2/1106
f 1326/2/1109 1332/2/1115 1329/2/1112
f 1330/2/1113 1329/2/1112 1332/2/1115
f 1326/2/1109 1325/2/1108 1333/2/1116
f 1326/2/1109 1333/2/1116 1332/2/1115
f 1325/2/1108 1327/2/1110 1333/2/1116
f 1334/2/1117 1319/2/1102 1331/2/1114
f 1319/2/1102 1334/2/1117 1321/2/1104
f 1335/2/1118 1331/2/1114 1330/2/1113
f 1334/2/1117 1331/2/1114 1335/2/1118
f 1336/2/1119 1330/2/1113 1332/2/1115
f 1333/2/1116 1336/2/1119 1332/2/1115
f 1330/2/1113 1336/2/1119 1335/2/1118
f 1336/2/1119 1333/2/1116 1337/2/1120
f 1333/2/1116 1327/2/1110 1337/2/1120
f 1335/2/1118 1336/2/1119 1338/2/1121
f 1338/2/1121 1336/2/1119 1337/2/1120
f 1335/2/1118 1338/2/1121 1334/2/1117
f 1327/2/1110 1338/2/1121 1337/2/1120
f 1339/2/1122 1334/2/1117 1338/2/1121
f 1327/2/1110 1339/2/1122 1338/2/1121
f 1339/2/1122 1321/2/1104 1334/2/1117
f 1327/2/1110 1318/2/1101 1339/2/1122
f 1321/2/1104 1339/2/1122 1318/2/1101
f 440/2/231 1340/2/1123 437/2/228
f 437/2/228 1340/2/1123 436/2/227
f 1341/2/1124 440/2/231 441/2/232
f 440/2/231 1342/2/1125 1340/2/1123
f 1341/2/1124 1342/2/1125 440/2/231
f 1342/2/1125 1341/2/1124 1343/2/1126
f 1342/2/1125 1344/2/1127 1340/2/1123
f 436/2/227 1340/2/1123 665/2/456
f 1340/2/1123 1344/2/1127 665/2/456
f 1343/2/1126 1345/2/1128 1342/2/1125
f 1345/2/1128 1344/2/1127 1342/2/1125
f 1346/2/1129 1343/2/1126 1341/2/1124
f 1346/2/1129 1345/2/1128 1343/2/1126
f 1341/2/1124 441/2/232 1347/2/1130
f 1341/2/1124 1347/2/1130 1346/2/1129
f 1347/2/1130 441/2/232 1348/2/1131
f 441/2/232 442/2/233 1348/2/1131
f 1347/2/1130 1348/2/1131 1349/2/1132
f 1348/2/1131 442/2/233 470/2/261
f 470/2/261 1349/2/1132 1348/2/1131
f 1347/2/1130 1349/2/1132 1350/2/1133
f 1346/2/1129 1347/2/1130 1350/2/1133
f 1349/2/1132 470/2/261 1351/2/1134
f 1345/2/1128 1346/2/1129 1352/2/1135
f 1349/2/1132 1353/2/1136 1350/2/1133
f 1354/2/1137 1349/2/1132 1351/2/1134
f 1349/2/1132 1354/2/1137 1353/2/1136
f 469/2/260 1354/2/1137 1351/2/1134
f 1351/2/1134 470/2/261 469/2/260
f 1355/2/1138 1353/2/1136 1354/2/1137
f 1354/2/1137 469/2/260 1356/2/1139
f 1356/2/1139 1355/2/1138 1354/2/1137
f 1353/2/1136 1357/2/1140 1350/2/1133
f 1353/2/1136 1355/2/1138 1357/2/1140
f 1350/2/1133 1357/2/1140 1358/2/1141
f 1350/2/1133 1358/2/1141 1346/2/1129
f 1358/2/1141 1359/2/1142 1346/2/1129
f 1359/2/1142 1352/2/1135 1346/2/1129
f 1358/2/1141 1357/2/1140 1360/2/1143
f 1358/2/1141 1360/2/1143 1359/2/1142
f 1361/2/1144 1359/2/1142 1360/2/1143
f 1357/2/1140 1362/2/1145 1360/2/1143
f 1362/2/1145 1361/2/1144 1360/2/1143
f 1355/2/1138 1362/2/1145 1357/2/1140
f 1359/2/1142 1361/2/1144 1363/2/1146
f 1363/2/1146 1352/2/1135 1359/2/1142
f 1361/2/1144 1362/2/1145 1364/2/1147
f 1352/2/1135 1363/2/1146 1365/2/1148
f 1362/2/1145 1355/2/1138 1366/2/1149
f 1362/2/1145 1366/2/1149 1364/2/1147
f 1367/2/1150 1352/2/1135 1365/2/1148
f 1365/2/1148 1368/2/1151 1367/2/1150
f 1369/2/1152 1352/2/1135 1367/2/1150
f 1345/2/1128 1352/2/1135 1369/2/1152
f 1344/2/1127 1345/2/1128 1369/2/1152
f 1368/2/1151 1370/2/1153 1367/2/1150
f 1370/2/1153 1368/2/1151 1371/2/1154
f 1367/2/1150 1372/2/1155 1369/2/1152
f 1372/2/1155 1367/2/1150 1370/2/1153
f 1373/2/1156 1370/2/1153 1371/2/1154
f 1370/2/1153 1373/2/1156 1372/2/1155
f 1374/2/1157 1373/2/1156 1371/2/1154
f 1344/2/1127 1369/2/1152 1375/2/1158
f 1369/2/1152 1372/2/1155 1375/2/1158
f 664/2/455 1344/2/1127 1375/2/1158
f 1372/2/1155 1376/2/1159 1375/2/1158
f 1376/2/1159 664/2/455 1375/2/1158
f 1377/2/1160 1372/2/1155 1373/2/1156
f 1372/2/1155 1377/2/1160 1376/2/1159
f 1344/2/1127 664/2/455 665/2/456
f 663/2/454 664/2/455 1376/2/1159
f 1377/2/1160 663/2/454 1376/2/1159
f 1373/2/1156 1374/2/1157 1378/2/1161
f 1374/2/1157 1379/2/1162 1378/2/1161
f 1373/2/1156 1380/2/1163 1377/2/1160
f 1373/2/1156 1378/2/1161 1380/2/1163
f 1381/2/1164 1378/2/1161 1379/2/1162
f 1382/2/1165 1381/2/1164 1379/2/1162
f 1380/2/1163 1378/2/1161 1383/2/1166
f 1381/2/1164 1383/2/1166 1378/2/1161
f 1381/2/1164 1382/2/1165 1384/2/1167
f 1384/2/1167 1383/2/1166 1381/2/1164
f 1382/2/1165 1385/2/1168 1384/2/1167
f 1385/2/1168 1386/2/1169 1384/2/1167
f 1387/2/1170 1386/2/1169 1385/2/1168
f 1388/2/1171 1387/2/1170 1385/2/1168
f 1389/2/1172 1384/2/1167 1386/2/1169
f 1383/2/1166 1384/2/1167 1389/2/1172
f 1387/2/1170 1388/2/1171 1390/2/1173
f 1391/2/1174 1390/2/1173 1388/2/1171
f 1392/2/1175 1390/2/1173 1391/2/1174
f 1364/2/1147 1392/2/1175 1391/2/1174
f 1390/2/1173 1392/2/1175 1393/2/1176
f 1393/2/1176 1394/2/1177 1390/2/1173
f 1394/2/1177 1395/2/1178 1390/2/1173
f 1393/2/1176 1392/2/1175 1396/2/1179
f 1395/2/1178 1394/2/1177 1397/2/1180
f 1392/2/1175 1364/2/1147 1366/2/1149
f 1366/2/1149 1396/2/1179 1392/2/1175
f 1397/2/1180 1398/2/1181 1395/2/1178
f 1366/2/1149 1399/2/1182 1396/2/1179
f 1399/2/1182 1400/2/1183 1396/2/1179
f 1398/2/1181 1397/2/1180 1401/2/1184
f 1401/2/1184 1397/2/1180 1402/2/1185
f 1398/2/1181 1401/2/1184 1403/2/1186
f 1402/2/1185 1404/2/1187 1401/2/1184
f 1405/2/1188 1400/2/1183 1399/2/1182
f 1400/2/1183 1405/2/1188 1406/2/1189
f 1405/2/1188 1407/2/1190 1406/2/1189
f 1408/2/1191 1403/2/1186 1401/2/1184
f 1401/2/1184 1404/2/1187 1408/2/1191
f 1407/2/1190 1405/2/1188 1409/2/1192
f 1407/2/1190 1409/2/1192 1410/2/1193
f 1411/2/1194 1405/2/1188 1399/2/1182
f 1366/2/1149 1411/2/1194 1399/2/1182
f 1411/2/1194 1366/2/1149 1355/2/1138
f 1355/2/1138 1356/2/1139 1411/2/1194
f 1405/2/1188 1411/2/1194 1412/2/1195
f 1356/2/1139 1412/2/1195 1411/2/1194
f 1412/2/1195 1409/2/1192 1405/2/1188
f 1356/2/1139 1413/2/1196 1412/2/1195
f 1410/2/1193 1409/2/1192 1414/2/1197
f 1414/2/1197 1415/2/1198 1410/2/1193
f 1416/2/1199 1409/2/1192 1412/2/1195
f 1416/2/1199 1412/2/1195 1413/2/1196
f 1417/2/1200 1414/2/1197 1409/2/1192
f 1416/2/1199 1417/2/1200 1409/2/1192
f 1415/2/1198 1414/2/1197 1418/2/1201
f 1356/2/1139 468/2/259 1413/2/1196
f 468/2/259 1356/2/1139 469/2/260
f 1416/2/1199 1413/2/1196 615/2/406
f 468/2/259 615/2/406 1413/2/1196
f 1419/2/1202 1418/2/1201 1414/2/1197
f 1414/2/1197 1417/2/1200 1419/2/1202
f 1420/2/1203 1415/2/1198 1418/2/1201
f 1415/2/1198 1420/2/1203 1421/2/1204
f 1418/2/1201 1419/2/1202 622/2/413
f 1418/2/1201 622/2/413 1420/2/1203
f 1417/2/1200 618/2/409 1419/2/1202
f 618/2/409 622/2/413 1419/2/1202
f 1417/2/1200 1416/2/1199 616/2/407
f 616/2/407 1416/2/1199 615/2/406
f 616/2/407 618/2/409 1417/2/1200
f 1422/2/1205 1421/2/1204 1420/2/1203
f 1421/2/1204 1422/2/1205 1423/2/1206
f 1404/2/1187 1423/2/1206 1422/2/1205
f 622/2/413 627/2/418 1420/2/1203
f 627/2/418 1422/2/1205 1420/2/1203
f 1404/2/1187 1422/2/1205 1424/2/1207
f 1424/2/1207 1408/2/1191 1404/2/1187
f 1425/2/1208 1422/2/1205 627/2/418
f 1408/2/1191 1424/2/1207 1426/2/1209
f 1403/2/1186 1408/2/1191 1426/2/1209
f 1422/2/1205 1427/2/1210 1424/2/1207
f 1422/2/1205 1425/2/1208 1427/2/1210
f 1427/2/1210 1428/2/1211 1424/2/1207
f 1426/2/1209 1424/2/1207 1428/2/1211
f 1428/2/1211 1427/2/1210 1429/2/1212
f 1426/2/1209 1428/2/1211 1429/2/1212
f 1427/2/1210 1430/2/1213 1429/2/1212
f 1427/2/1210 1425/2/1208 1430/2/1213
f 1429/2/1212 1431/2/1214 1426/2/1209
f 1403/2/1186 1426/2/1209 1432/2/1215
f 1432/2/1215 1426/2/1209 1431/2/1214
f 1403/2/1186 1432/2/1215 1433/2/1216
f 1434/2/1217 1432/2/1215 1431/2/1214
f 1432/2/1215 1435/2/1216 1433/2/1216
f 628/2/419 1430/2/1213 1425/2/1208
f 628/2/419 1425/2/1208 627/2/418
f 630/2/421 1430/2/1213 628/2/419
f 1436/2/1218 1435/2/1216 1432/2/1215
f 1432/2/1215 1434/2/1217 1436/2/1218
f 1435/2/1216 1436/2/1218 1437/2/1219
f 1437/2/1219 1436/2/1218 1438/2/1220
f 1439/2/1221 1436/2/1218 1434/2/1217
f 1439/2/1221 1438/2/1220 1436/2/1218
f 1438/2/1220 1439/2/1221 1440/2/1220
f 1434/2/1217 1441/2/1222 1439/2/1221
f 1439/2/1221 1389/2/1172 1440/2/1220
f 1439/2/1221 1441/2/1222 1442/2/1223
f 1442/2/1223 1389/2/1172 1439/2/1221
f 1443/2/1224 1442/2/1223 1441/2/1222
f 1383/2/1166 1389/2/1172 1442/2/1223
f 1442/2/1223 1443/2/1224 1444/2/1225
f 1383/2/1166 1442/2/1223 1444/2/1225
f 1444/2/1225 1443/2/1224 1445/2/1226
f 1445/2/1226 1383/2/1166 1444/2/1225
f 1443/2/1224 1446/2/1227 1445/2/1226
f 1380/2/1163 1383/2/1166 1445/2/1226
f 1446/2/1227 1447/2/1228 1445/2/1226
f 1380/2/1163 1445/2/1226 1447/2/1228
f 1380/2/1163 1447/2/1228 1377/2/1160
f 1447/2/1228 1446/2/1227 1448/2/1229
f 1449/2/1230 1377/2/1160 1447/2/1228
f 1447/2/1228 1448/2/1229 1449/2/1230
f 1377/2/1160 1449/2/1230 663/2/454
f 1449/2/1230 1448/2/1229 1450/2/1231
f 663/2/454 1449/2/1230 1451/2/1232
f 1451/2/1232 1449/2/1230 1450/2/1231
f 1452/2/1233 663/2/454 1451/2/1232
f 1451/2/1232 1453/2/1234 1452/2/1233
f 1450/2/1231 1453/2/1234 1451/2/1232
f 1452/2/1233 1453/2/1234 1454/2/1235
f 1448/2/1229 1455/2/1236 1450/2/1231
f 1455/2/1236 1448/2/1229 1456/2/1237
f 1457/2/1238 1454/2/1235 1453/2/1234
f 1454/2/1235 1457/2/1238 1458/2/1239
f 1450/2/1231 1459/2/1240 1453/2/1234
f 1459/2/1240 1457/2/1238 1453/2/1234
f 1459/2/1240 1450/2/1231 1460/2/1241
f 1460/2/1241 1450/2/1231 1455/2/1236
f 1459/2/1240 1461/2/1242 1457/2/1238
f 1462/2/1243 1458/2/1239 1457/2/1238
f 1457/2/1238 1461/2/1242 1462/2/1243
f 1458/2/1239 1462/2/1243 1463/2/1244
f 1464/2/1245 1463/2/1244 1462/2/1243
f 1462/2/1243 1465/2/1246 1464/2/1245
f 1461/2/1242 1465/2/1246 1462/2/1243
f 1466/2/1247 1464/2/1245 1465/2/1246
f 1466/2/1247 1465/2/1246 1467/2/1248
f 1465/2/1246 1468/2/1249 1467/2/1248
f 1469/2/1250 1461/2/1242 1459/2/1240
f 1465/2/1246 1461/2/1242 1469/2/1250
f 1460/2/1241 1469/2/1250 1459/2/1240
f 1470/2/1251 1468/2/1249 1465/2/1246
f 1469/2/1250 1470/2/1251 1465/2/1246
f 1470/2/1251 1471/2/1252 1468/2/1249
f 1472/2/1253 1471/2/1252 1470/2/1251
f 1473/2/1254 1470/2/1251 1469/2/1250
f 1473/2/1254 1472/2/1253 1470/2/1251
f 1460/2/1241 1473/2/1254 1469/2/1250
f 1474/2/1255 1472/2/1253 1473/2/1254
f 1475/2/1256 1474/2/1255 1473/2/1254
f 1475/2/1256 1473/2/1254 1476/2/1257
f 1460/2/1241 1476/2/1257 1473/2/1254
f 1475/2/1256 1476/2/1257 1477/2/1258
f 1476/2/1257 1478/2/1259 1477/2/1258
f 1476/2/1257 1460/2/1241 1479/2/1260
f 1479/2/1260 1478/2/1259 1476/2/1257
f 1479/2/1260 1460/2/1241 1455/2/1236
f 1480/2/1261 1478/2/1259 1479/2/1260
f 1479/2/1260 1455/2/1236 1480/2/1261
f 1481/2/1262 1478/2/1259 1480/2/1261
f 1481/2/1262 1480/2/1261 1482/2/1263
f 1455/2/1236 1482/2/1263 1480/2/1261
f 1483/2/1264 1481/2/1262 1482/2/1263
f 1483/2/1264 1482/2/1263 1484/2/1265
f 1455/2/1236 1484/2/1265 1482/2/1263
f 1485/2/1266 1483/2/1264 1484/2/1265
f 1485/2/1266 1484/2/1265 1486/2/1267
f 1484/2/1265 1455/2/1236 1487/2/1268
f 1487/2/1268 1486/2/1267 1484/2/1265
f 1455/2/1236 1456/2/1237 1487/2/1268
f 1486/2/1267 1487/2/1268 1488/2/1269
f 1489/2/1270 1487/2/1268 1456/2/1237
f 1488/2/1269 1487/2/1268 1489/2/1270
f 1490/2/1271 1491/2/1272 1492/2/1273
f 1493/2/1274 1490/2/1271 1492/2/1273
f 1494/2/1275 1492/2/1273 1491/2/1272
f 1494/2/1275 1493/2/1274 1492/2/1273
f 1490/2/1271 1495/2/1276 1491/2/1272
f 1491/2/1272 1496/2/1277 1494/2/1275
f 1493/2/1274 1497/2/1278 1490/2/1271
f 1497/2/1278 1495/2/1276 1490/2/1271
f 1495/2/1276 1498/2/1279 1491/2/1272
f 1499/2/1280 1497/2/1278 1493/2/1274
f 1497/2/1278 1499/2/1280 1500/2/1281
f 1497/2/1278 1501/2/1282 1495/2/1276
f 1497/2/1278 1500/2/1281 1501/2/1282
f 1502/2/1283 1498/2/1279 1495/2/1276
f 1501/2/1282 1502/2/1283 1495/2/1276
f 1503/2/1284 1491/2/1272 1498/2/1279
f 1503/2/1284 1498/2/1279 1502/2/1283
f 1491/2/1272 1503/2/1284 1496/2/1277
f 1504/2/1285 1500/2/1281 1499/2/1280
f 1504/2/1285 1501/2/1282 1500/2/1281
f 1502/2/1283 1501/2/1282 1505/2/1286
f 1501/2/1282 1504/2/1285 1505/2/1286
f 1505/2/1286 1506/2/1287 1502/2/1283
f 1504/2/1285 1506/2/1287 1505/2/1286
f 1502/2/1283 1507/2/1288 1503/2/1284
f 1506/2/1287 1507/2/1288 1502/2/1283
f 1508/2/1289 1503/2/1284 1507/2/1288
f 1496/2/1277 1503/2/1284 1508/2/1289
f 1508/2/1289 1507/2/1288 1509/2/1290
f 1507/2/1288 1506/2/1287 1510/2/1291
f 1507/2/1288 1510/2/1291 1509/2/1290
f 1506/2/1287 1504/2/1285 1511/2/1292
f 1506/2/1287 1511/2/1292 1510/2/1291
f 1499/2/1280 1512/2/1293 1504/2/1285
f 1511/2/1292 1504/2/1285 1512/2/1293
f 1493/2/1274 1512/2/1293 1499/2/1280
f 1508/2/1289 1509/2/1290 1513/2/1294
f 1510/2/1291 1513/2/1294 1509/2/1290
f 1513/2/1294 1514/2/1295 1508/2/1289
f 1496/2/1277 1508/2/1289 1514/2/1295
f 1513/2/1294 1510/2/1291 1515/2/1296
f 1515/2/1296 1510/2/1291 1511/2/1292
f 1514/2/1295 1513/2/1294 1516/2/1297
f 1516/2/1297 1513/2/1294 1515/2/1296
f 1517/2/1298 1496/2/1277 1514/2/1295
f 1516/2/1297 1517/2/1298 1514/2/1295
f 1517/2/1298 1494/2/1275 1496/2/1277
f 1511/2/1292 1518/2/1299 1515/2/1296
f 1515/2/1296 1518/2/1299 1516/2/1297
f 1511/2/1292 1512/2/1293 1518/2/1299
f 1519/2/1300 1517/2/1298 1516/2/1297
f 1518/2/1299 1519/2/1300 1516/2/1297
f 1520/2/1301 1494/2/1275 1517/2/1298
f 1519/2/1300 1520/2/1301 1517/2/1298
f 1518/2/1299 1520/2/1301 1519/2/1300
f 1512/2/1293 1520/2/1301 1518/2/1299
f 1493/2/1274 1494/2/1275 1520/2/1301
f 1512/2/1293 1493/2/1274 1520/2/1301
f 1521/2/1302 1522/2/1303 1523/2/1304
f 1522/2/1303 1524/2/1305 1523/2/1304
f 1522/2/1303 1525/2/1306 1524/2/1305
f 1526/2/1307 1523/2/1304 1524/2/1305
f 1525/2/1306 1526/2/1307 1524/2/1305
f 1527/2/1308 1525/2/1306 1522/2/1303
f 1521/2/1302 1527/2/1308 1522/2/1303
f 1526/2/1307 1525/2/1306 1528/2/1309
f 1525/2/1306 1527/2/1308 1529/2/1310
f 1529/2/1310 1528/2/1309 1525/2/1306
f 1530/2/1311 1529/2/1310 1527/2/1308
f 1528/2/1309 1529/2/1310 1531/2/1312
f 1530/2/1311 1531/2/1312 1529/2/1310
f 1532/2/1313 1527/2/1308 1521/2/1302
f 1527/2/1308 1532/2/1313 1530/2/1311
f 1532/2/1313 1521/2/1302 1533/2/1314
f 1532/2/1313 1534/2/1315 1530/2/1311
f 1534/2/1315 1532/2/1313 1533/2/1314
f 1521/2/1302 1535/2/1316 1533/2/1314
f 1521/2/1302 1523/2/1304 1535/2/1316
f 1536/2/1317 1534/2/1315 1533/2/1314
f 1534/2/1315 1537/2/1318 1530/2/1311
f 1536/2/1317 1537/2/1318 1534/2/1315
f 1530/2/1311 1537/2/1318 1538/2/1319
f 1531/2/1312 1530/2/1311 1538/2/1319
f 1537/2/1318 1536/2/1317 1539/2/1320
f 1537/2/1318 1539/2/1320 1538/2/1319
f 1533/2/1314 1540/2/1321 1536/2/1317
f 1535/2/1316 1540/2/1321 1533/2/1314
f 1539/2/1320 1536/2/1317 1541/2/1322
f 1536/2/1317 1540/2/1321 1541/2/1322
f 1539/2/1320 1542/2/1323 1538/2/1319
f 1538/2/1319 1542/2/1323 1531/2/1312
f 1542/2/1323 1539/2/1320 1541/2/1322
f 1531/2/1312 1542/2/1323 1543/2/1324
f 1542/2/1323 1541/2/1322 1543/2/1324
f 1531/2/1312 1543/2/1324 1528/2/1309
f 1540/2/1321 1535/2/1316 1544/2/1325
f 1545/2/1326 1541/2/1322 1540/2/1321
f 1543/2/1324 1541/2/1322 1545/2/1326
f 1540/2/1321 1544/2/1325 1545/2/1326
f 1528/2/1309 1543/2/1324 1546/2/1327
f 1543/2/1324 1545/2/1326 1546/2/1327
f 1528/2/1309 1546/2/1327 1526/2/1307
f 1547/2/1328 1544/2/1325 1535/2/1316
f 1545/2/1326 1544/2/1325 1547/2/1328
f 1545/2/1326 1547/2/1328 1546/2/1327
f 1546/2/1327 1547/2/1328 1526/2/1307
f 1523/2/1304 1547/2/1328 1535/2/1316
f 1547/2/1328 1523/2/1304 1526/2/1307
f 1548/2/1329 1549/2/1330 1550/2/1331
f 1549/2/1330 1551/2/1332 1550/2/1331
f 1548/2/1329 1550/2/1331 1552/2/1333
f 1550/2/1331 1553/2/1334 1552/2/1333
f 1551/2/1332 1553/2/1334 1550/2/1331
f 1548/2/1329 1552/2/1333 1554/2/1335
f 1553/2/1334 1551/2/1332 1555/2/1336
f 1556/2/1337 1554/2/1335 1552/2/1333
f 1552/2/1333 1553/2/1334 1556/2/1337
f 1557/2/1338 1548/2/1329 1554/2/1335
f 1556/2/1337 1557/2/1338 1554/2/1335
f 1556/2/1337 1553/2/1334 1558/2/1339
f 1555/2/1336 1558/2/1339 1553/2/1334
f 1557/2/1338 1556/2/1337 1559/2/1340
f 1559/2/1340 1556/2/1337 1558/2/1339
f 1560/2/1341 1548/2/1329 1557/2/1338
f 1559/2/1340 1561/2/1342 1557/2/1338
f 1561/2/1342 1560/2/1341 1557/2/1338
f 1559/2/1340 1558/2/1339 1562/2/1343
f 1562/2/1343 1558/2/1339 1555/2/1336
f 1563/2/1344 1561/2/1342 1559/2/1340
f 1563/2/1344 1559/2/1340 1562/2/1343
f 1561/2/1342 1564/2/1345 1560/2/1341
f 1561/2/1342 1563/2/1344 1564/2/1345
f 1560/2/1341 1565/2/1346 1548/2/1329
f 1548/2/1329 1565/2/1346 1549/2/1330
f 1564/2/1345 1566/2/1347 1560/2/1341
f 1560/2/1341 1566/2/1347 1565/2/1346
f 1563/2/1344 1567/2/1348 1564/2/1345
f 1564/2/1345 1567/2/1348 1566/2/1347
f 1568/2/1349 1567/2/1348 1563/2/1344
f 1563/2/1344 1562/2/1343 1568/2/1349
f 1569/2/1350 1566/2/1347 1567/2/1348
f 1566/2/1347 1569/2/1350 1565/2/1346
f 1567/2/1348 1568/2/1349 1570/2/1351
f 1567/2/1348 1570/2/1351 1569/2/1350
f 1568/2/1349 1562/2/1343 1571/2/1352
f 1570/2/1351 1568/2/1349 1571/2/1352
f 1555/2/1336 1571/2/1352 1562/2/1343
f 1571/2/1352 1572/2/1353 1570/2/1351
f 1555/2/1336 1572/2/1353 1571/2/1352
f 1570/2/1351 1572/2/1353 1569/2/1350
f 1572/2/1353 1555/2/1336 1573/2/1354
f 1573/2/1354 1555/2/1336 1551/2/1332
f 1574/2/1355 1569/2/1350 1572/2/1353
f 1572/2/1353 1573/2/1354 1574/2/1355
f 1565/2/1346 1569/2/1350 1574/2/1355
f 1574/2/1355 1573/2/1354 1551/2/1332
f 1565/2/1346 1574/2/1355 1549/2/1330
f 1574/2/1355 1551/2/1332 1549/2/1330
f 1575/2/1356 1576/2/1357 1577/2/1358
f 1578/2/1359 1575/2/1356 1577/2/1358
f 1576/2/1357 1579/2/1360 1580/2/1361
f 1579/2/1360 1576/2/1357 1575/2/1356
f 1575/2/1356 1581/2/1362 1579/2/1360
f 1582/2/1363 1575/2/1356 1578/2/1359
f 1582/2/1363 1578/2/1359 1583/2/1364
f 1581/2/1362 1575/2/1356 1584/2/1365
f 1582/2/1363 1584/2/1365 1575/2/1356
f 1585/2/1366 1581/2/1362 1584/2/1365
f 1582/2/1363 1583/2/1364 1586/2/1367
f 1586/2/1367 1583/2/1364 1587/2/1368
f 1587/2/1368 1588/2/1369 1586/2/1367
f 1589/2/1370 1588/2/1369 1587/2/1368
f 1589/2/1370 1590/2/1371 1588/2/1369
f 1589/2/1370 1591/2/1372 1590/2/1371
f 1592/2/1373 1590/2/1371 1591/2/1372
f 1591/2/1372 1593/2/1374 1592/2/1373
f 1594/2/1375 1592/2/1373 1593/2/1374
f 1595/2/1376 1582/2/1363 1586/2/1367
f 1582/2/1363 1595/2/1376 1584/2/1365
f 1596/2/1377 1595/2/1376 1586/2/1367
f 1597/2/1378 1595/2/1376 1596/2/1377
f 1598/2/1379 1584/2/1365 1595/2/1376
f 1598/2/1379 1595/2/1376 1597/2/1378
f 1599/2/1380 1598/2/1379 1597/2/1378
f 1584/2/1365 1598/2/1379 1585/2/1366
f 1585/2/1366 1598/2/1379 1599/2/1380
f 1585/2/1366 1599/2/1380 1600/2/1381
f 1585/2/1366 1600/2/1381 1601/2/1382
f 1602/2/1383 1585/2/1366 1601/2/1382
f 1585/2/1366 1602/2/1383 1581/2/1362
f 1601/2/1382 1603/2/1384 1602/2/1383
f 1594/2/1375 1604/2/1385 1605/2/1386
f 1604/2/1385 1606/2/1387 1605/2/1386
f 1604/2/1385 1594/2/1375 1593/2/1374
f 1606/2/1387 1604/2/1385 1607/2/1388
f 1607/2/1388 1608/2/1389 1606/2/1387
f 1593/2/1374 1609/2/1390 1604/2/1385
f 1593/2/1374 1610/2/1391 1609/2/1390
f 1604/2/1385 1611/2/1392 1607/2/1388
f 1604/2/1385 1609/2/1390 1611/2/1392
f 1612/2/1393 1609/2/1390 1610/2/1391
f 1608/2/1389 1607/2/1388 1613/2/1394
f 1611/2/1392 1613/2/1394 1607/2/1388
f 1608/2/1389 1613/2/1394 1614/2/1395
f 1614/2/1395 1613/2/1394 1615/2/1396
f 1616/2/1397 1614/2/1395 1615/2/1396
f 1617/2/1398 1615/2/1396 1613/2/1394
f 1617/2/1398 1616/2/1397 1615/2/1396
f 1613/2/1394 1611/2/1392 1617/2/1398
f 1616/2/1397 1617/2/1398 1618/2/1399
f 1609/2/1390 1619/2/1400 1611/2/1392
f 1619/2/1400 1617/2/1398 1611/2/1392
f 1609/2/1390 1612/2/1393 1620/2/1401
f 1620/2/1401 1619/2/1400 1609/2/1390
f 1621/2/1402 1620/2/1401 1612/2/1393
f 1618/2/1399 1617/2/1398 1622/2/1403
f 1622/2/1403 1617/2/1398 1619/2/1400
f 1623/2/1404 1618/2/1399 1622/2/1403
f 1624/2/1405 1622/2/1403 1619/2/1400
f 1624/2/1405 1619/2/1400 1620/2/1401
f 1623/2/1404 1622/2/1403 1037/2/820
f 1622/2/1403 1624/2/1405 1037/2/820
f 1037/2/820 1038/2/821 1623/2/1404
f 1620/2/1401 1037/2/820 1624/2/1405
f 1035/2/818 1037/2/820 1620/2/1401
f 1625/2/1406 1620/2/1401 1621/2/1402
f 1035/2/818 1620/2/1401 1625/2/1406
f 1625/2/1406 1621/2/1402 1626/2/1407
f 1035/2/818 1625/2/1406 1627/2/1408
f 1626/2/1407 1628/2/1409 1625/2/1406
f 1627/2/1408 1625/2/1406 1628/2/1409
f 1628/2/1409 1626/2/1407 1629/2/1410
f 1208/2/991 1628/2/1409 1629/2/1410
f 1630/2/1411 1627/2/1408 1628/2/1409
f 1630/2/1411 1628/2/1409 1208/2/991
f 1201/2/984 1627/2/1408 1630/2/1411
f 1208/2/991 1200/2/983 1630/2/1411
f 1201/2/984 1630/2/1411 1200/2/983
f 1631/2/1412 1632/2/1413 1633/2/1414
f 1633/2/1414 1632/2/1413 1634/2/1415
f 1632/2/1413 1631/2/1412 1635/2/1416
f 1634/2/1415 1632/2/1413 1635/2/1416
f 1633/2/1414 1634/2/1415 1636/2/1417
f 1637/2/1418 1634/2/1415 1635/2/1416
f 1637/2/1418 1635/2/1416 1638/2/1419
f 1634/2/1415 1637/2/1418 1639/2/1420
f 1636/2/1417 1634/2/1415 1639/2/1420
f 1638/2/1419 1635/2/1416 1640/2/1421
f 1640/2/1421 1635/2/1416 1631/2/1412
f 1641/2/1422 1637/2/1418 1638/2/1419
f 1638/2/1419 1640/2/1421 1641/2/1422
f 1642/2/1423 1639/2/1420 1637/2/1418
f 1641/2/1422 1642/2/1423 1637/2/1418
f 1639/2/1420 1643/2/1424 1636/2/1417
f 1643/2/1424 1639/2/1420 1642/2/1423
f 1642/2/1423 1641/2/1422 1644/2/1425
f 1641/2/1422 1640/2/1421 1645/2/1426
f 1645/2/1426 1644/2/1425 1641/2/1422
f 1631/2/1412 1646/2/1427 1640/2/1421
f 1645/2/1426 1640/2/1421 1646/2/1427
f 1631/2/1412 1647/2/1428 1646/2/1427
f 1645/2/1426 1646/2/1427 1647/2/1428
f 1642/2/1423 1644/2/1425 1648/2/1429
f 1645/2/1426 1648/2/1429 1644/2/1425
f 1642/2/1423 1649/2/1430 1643/2/1424
f 1648/2/1429 1649/2/1430 1642/2/1423
f 1650/2/1431 1648/2/1429 1645/2/1426
f 1650/2/1431 1645/2/1426 1647/2/1428
f 1651/2/1432 1649/2/1430 1648/2/1429
f 1650/2/1431 1651/2/1432 1648/2/1429
f 1643/2/1424 1649/2/1430 1652/2/1433
f 1647/2/1428 1653/2/1434 1650/2/1431
f 1653/2/1434 1651/2/1432 1650/2/1431
f 1651/2/1432 1654/2/1435 1649/2/1430
f 1649/2/1430 1654/2/1435 1652/2/1433
f 1651/2/1432 1655/2/1436 1654/2/1435
f 1655/2/1436 1652/2/1433 1654/2/1435
f 1655/2/1436 1651/2/1432 1656/2/1437
f 1656/2/1437 1651/2/1432 1653/2/1434
f 1652/2/1433 1655/2/1436 1657/2/1438
f 1657/2/1438 1655/2/1436 1656/2/1437
f 1658/2/1439 1656/2/1437 1653/2/1434
f 1657/2/1438 1656/2/1437 1658/2/1439
f 1653/2/1434 1647/2/1428 1658/2/1439
f 1659/2/1440 1652/2/1433 1657/2/1438
f 1643/2/1424 1652/2/1433 1660/2/1441
f 1652/2/1433 1659/2/1440 1660/2/1441
f 1636/2/1417 1643/2/1424 1660/2/1441
f 1661/2/1442 1636/2/1417 1660/2/1441
f 1659/2/1440 1661/2/1442 1660/2/1441
f 1661/2/1442 1633/2/1414 1636/2/1417
f 1659/2/1440 1657/2/1438 1662/2/1443
f 1662/2/1443 1661/2/1442 1659/2/1440
f 1662/2/1443 1657/2/1438 1658/2/1439
f 1661/2/1442 1663/2/1444 1633/2/1414
f 1661/2/1442 1662/2/1443 1663/2/1444
f 1662/2/1443 1658/2/1439 1663/2/1444
f 1663/2/1444 1658/2/1439 1647/2/1428
f 1633/2/1414 1663/2/1444 1631/2/1412
f 1647/2/1428 1631/2/1412 1663/2/1444
f 1664/2/1445 1665/2/1446 1666/2/1447
f 1664/2/1445 1666/2/1447 1667/2/1448
f 1665/2/1446 1668/2/1449 1666/2/1447
f 1668/2/1449 1667/2/1448 1666/2/1447
f 1664/2/1445 1669/2/1450 1665/2/1446
f 1668/2/1449 1665/2/1446 1670/2/1451
f 1671/2/1452 1664/2/1445 1667/2/1448
f 1669/2/1450 1664/2/1445 1671/2/1452
f 1672/2/1453 1665/2/1446 1669/2/1450
f 1673/2/1454 1665/2/1446 1672/2/1453
f 1665/2/1446 1673/2/1454 1670/2/1451
f 1669/2/1450 1674/2/1455 1672/2/1453
f 1673/2/1454 1672/2/1453 1674/2/1455
f 1669/2/1450 1671/2/1452 1675/2/1456
f 1675/2/1456 1674/2/1455 1669/2/1450
f 1675/2/1456 1671/2/1452 1676/2/1457
f 1677/2/1458 1674/2/1455 1675/2/1456
f 1671/2/1452 1678/2/1459 1676/2/1457
f 1678/2/1459 1671/2/1452 1667/2/1448
f 1675/2/1456 1676/2/1457 1679/2/1460
f 1679/2/1460 1676/2/1457 1678/2/1459
f 1679/2/1460 1677/2/1458 1675/2/1456
f 1667/2/1448 1680/2/1461 1678/2/1459
f 1678/2/1459 1680/2/1461 1679/2/1460
f 1680/2/1461 1667/2/1448 1681/2/1462
f 1667/2/1448 1668/2/1449 1681/2/1462
f 1677/2/1458 1682/2/1463 1674/2/1455
f 1679/2/1460 1682/2/1463 1677/2/1458
f 1682/2/1463 1683/2/1464 1674/2/1455
f 1674/2/1455 1683/2/1464 1673/2/1454
f 1682/2/1463 1679/2/1460 1684/2/1465
f 1680/2/1461 1684/2/1465 1679/2/1460
f 1683/2/1464 1682/2/1463 1685/2/1466
f 1682/2/1463 1684/2/1465 1685/2/1466
f 1686/2/1467 1673/2/1454 1683/2/1464
f 1670/2/1451 1673/2/1454 1686/2/1467
f 1683/2/1464 1685/2/1466 1687/2/1468
f 1686/2/1467 1683/2/1464 1687/2/1468
f 1688/2/1469 1685/2/1466 1684/2/1465
f 1688/2/1469 1687/2/1468 1685/2/1466
f 1684/2/1465 1680/2/1461 1689/2/1470
f 1684/2/1465 1689/2/1470 1688/2/1469
f 1680/2/1461 1681/2/1462 1689/2/1470
f 1690/2/1471 1688/2/1469 1689/2/1470
f 1690/2/1471 1687/2/1468 1688/2/1469
f 1689/2/1470 1681/2/1462 1690/2/1471
f 1686/2/1467 1687/2/1468 1691/2/1472
f 1691/2/1472 1687/2/1468 1690/2/1471
f 1670/2/1451 1686/2/1467 1691/2/1472
f 1690/2/1471 1681/2/1462 1692/2/1473
f 1692/2/1473 1691/2/1472 1690/2/1471
f 1692/2/1473 1670/2/1451 1691/2/1472
f 1681/2/1462 1668/2/1449 1692/2/1473
f 1692/2/1473 1668/2/1449 1670/2/1451
f 1693/2/1474 1020/2/803 1694/2/1475
f 1020/2/803 1693/2/1474 1019/2/802
f 1695/2/1476 1019/2/802 1693/2/1474
